,perc_1,perc_2,perc_3,perc_4,perc_5,perc_6,perc_7,perc_8,perc_9,perc_10,perc_11,perc_12,perc_13,perc_14,perc_15,perc_16,perc_17,perc_18,perc_19,perc_20,perc_21,perc_22,perc_23,perc_24,perc_25,perc_26,perc_27,perc_28,perc_29,perc_30,perc_31,perc_32,perc_33,perc_34,perc_35,perc_36,perc_37,perc_38,perc_39,perc_40,perc_41,perc_42,perc_43,perc_44,perc_45,perc_46,perc_47,perc_48,perc_49,perc_50,perc_51,perc_52,perc_53,perc_54,perc_55,perc_56,perc_57,perc_58,perc_59,perc_60,perc_61,perc_62,perc_63,perc_64,perc_65,perc_66,perc_67,perc_68,perc_69,perc_70,perc_71,perc_72,perc_73,perc_74,perc_75,perc_76,perc_77,perc_78,perc_79,perc_80,perc_81,perc_82,perc_83,perc_84,perc_85,perc_86,perc_87,perc_88,perc_89,perc_90,perc_91,perc_92,perc_93,perc_94,perc_95,perc_96,perc_97,perc_98,perc_99,perc_100,mode,color_percentile_10,color_percentile_20,color_percentile_30,color_percentile_40,color_percentile_50,color_percentile_60,color_percentile_70,color_percentile_80,color_percentile_90,color_percentile_100,fourier_distribution_10,fourier_distribution_20,fourier_distribution_30,fourier_distribution_40,fourier_distribution_50,fourier_distribution_60,fourier_distribution_70,fourier_distribution_80,fourier_distribution_90,fourier_distribution_100,fourier_median,class,image_name,no_of_connected_components,kept_components,distance
0,16.0,25.48,33.16,35.0,37.0,39.0,41.0,42.0,44.0,45.0,47.0,48.879999999999995,49.120000000000005,51.0,51.599999999999994,52.0,53.0,54.0,55.0,55.80000000000001,56.03999999999999,57.0,58.0,59.0,60.0,61.0,62.0,62.0,63.0,64.0,65.0,66.0,67.0,67.16000000000003,68.0,68.0,69.0,70.0,70.0,70.0,71.0,71.0,72.0,72.0,72.0,73.0,73.0,74.0,74.75999999999999,76.0,76.0,77.0,78.0,78.0,79.0,79.0,80.0,80.91999999999996,81.0,81.0,82.0,82.0,83.0,83.0,83.60000000000002,84.0,84.0,84.0,85.0,86.0,87.0,87.0,88.0,88.0,89.0,90.0,91.0,92.0,93.0,94.0,94.0,95.0,96.0,97.0,98.0,99.0,100.0,101.12,102.0,103.60000000000002,105.84000000000003,107.08000000000004,109.0,110.0,111.79999999999995,113.0,114.27999999999997,117.51999999999998,124.75999999999999,138.0,84.0,1000.5058823823929,1000.6431372761726,1000.7411764860153,1000.8470588326454,1000.9921568632126,2000.8470588326454,3000.458823531866,3000.65098041296,3000.78823530674,3001.0,176.85211029052735,184.51333618164062,189.3207748413086,193.02911376953125,196.23367309570312,199.3044219970703,202.43656616210936,206.0872039794922,211.6863250732422,348.0871276855469,241.84964,0.0,test_data/Useful/Validation/rice-at-1-ft/20241108_084833.jpg,2575.0,953.0,31.754627519611553
1,20.240000000000002,26.0,29.0,33.0,34.0,37.0,39.0,41.0,41.0,42.400000000000006,44.0,45.0,45.120000000000005,47.0,47.599999999999994,49.0,50.0,50.0,51.0,51.0,52.0,53.0,53.52000000000001,54.0,55.0,55.0,56.0,57.72000000000003,58.0,60.0,60.44,61.0,61.920000000000016,62.0,63.0,63.639999999999986,64.0,65.0,66.0,66.0,66.83999999999997,67.0,68.0,68.0,69.0,70.0,70.0,71.0,71.0,71.0,72.0,73.0,73.72000000000003,74.0,74.0,75.0,75.67999999999995,76.0,76.0,77.0,78.0,79.0,79.0,80.0,80.0,81.0,82.0,82.0,83.0,84.0,84.0,85.0,86.0,86.0,87.0,88.0,88.0,89.0,89.0,90.0,91.0,92.0,93.0,94.0,95.0,96.0,97.0,98.0,100.0,101.0,103.0,105.0,106.0,108.0,109.0,112.0,113.0,115.51999999999998,122.51999999999998,134.0,71.0,1000.5490196347237,1000.6666666865349,1000.7490196228027,1000.8352941274643,1000.9803921580315,2000.9921568632126,3000.533333361149,3000.6745098233223,3000.772549033165,3001.0,175.9268341064453,183.5438232421875,188.3300018310547,192.08648681640625,195.33990478515625,198.43991088867188,201.63348388671875,205.5064239501953,211.9208526611328,347.73114013671875,242.54652,0.0,test_data/Useful/Validation/rice-at-1-ft/20241108_084837_001.jpg,2505.0,957.0,33.6935872213217
2,21.240000000000002,27.48,31.72,34.0,37.0,38.44,39.0,40.0,41.16,42.0,43.0,45.0,46.0,47.0,48.0,49.0,51.0,52.0,52.56,53.80000000000001,54.03999999999999,56.0,56.0,57.0,58.0,58.0,58.48000000000002,59.0,59.0,60.0,60.0,61.68000000000001,62.0,62.0,63.39999999999998,64.0,64.0,65.0,66.0,66.0,67.0,67.07999999999998,68.0,69.0,69.0,70.0,71.0,71.0,72.0,72.0,73.0,73.0,74.0,74.0,75.0,76.0,76.0,77.0,77.0,77.39999999999998,79.0,79.0,80.0,80.0,81.0,81.0,82.0,83.0,84.0,85.0,85.03999999999996,86.0,87.0,87.0,88.0,88.0,89.0,89.0,90.0,90.0,92.0,93.0,93.91999999999996,95.0,96.0,96.63999999999999,97.0,98.0,99.0,101.0,102.0,103.0,103.0,105.55999999999995,107.79999999999995,110.03999999999996,115.27999999999997,118.0,121.51999999999998,140.0,73.0,1000.54509806633,1000.6627451181412,1000.7490196228027,1000.839215695858,1000.9882352948189,2000.9372549057007,3000.5254902243614,3000.6705882549286,3000.772549033165,3001.0,176.11785583496095,183.69794921875,188.51585540771484,192.3180938720703,195.6170196533203,198.70169067382812,201.87734985351562,205.69654846191406,211.928955078125,347.83990478515625,241.24753,0.0,test_data/Useful/Validation/rice-at-1-ft/20241108_084837_002.jpg,2569.0,988.0,32.46570079200356
3,19.44,27.48,30.0,32.96,35.0,37.44,39.0,40.0,42.0,43.0,44.64,45.0,46.120000000000005,48.0,49.0,49.84,51.0,52.0,53.0,53.0,55.0,56.0,57.0,57.0,58.0,58.24000000000001,59.0,60.0,61.0,62.0,62.0,63.0,63.0,64.0,65.0,65.0,66.0,66.12,67.0,68.0,68.0,69.0,70.0,70.0,70.80000000000001,72.0,73.0,73.0,74.0,75.0,75.0,76.0,76.0,77.0,78.0,79.0,79.0,80.0,81.0,81.0,82.0,82.0,82.0,83.0,84.0,84.0,85.0,86.0,86.0,87.79999999999995,88.0,89.0,89.0,90.0,91.0,91.0,92.0,93.0,94.0,94.0,95.0,97.0,98.0,98.0,99.0,100.0,101.0,102.0,102.0,103.0,105.0,105.0,107.32000000000005,109.55999999999995,111.0,113.0,116.27999999999997,121.0,128.76,137.0,82.0,1000.5372549295425,1000.6627451181412,1000.7529411911964,1000.8509804010391,2000.149019613862,2000.960784316063,3000.5137255191803,3000.666666686535,3000.7764706015587,3001.0,176.4121551513672,184.21351928710936,188.97972717285157,192.67872314453126,195.88868713378906,198.9556884765625,202.12655639648438,205.7987060546875,211.5202178955078,348.15228271484375,240.92065,0.0,test_data/Useful/Validation/rice-at-1-ft/20241108_084837_003.jpg,2615.0,972.0,27.602314928410642
4,15.0,23.48,29.0,32.0,36.0,37.0,38.68000000000001,41.0,42.0,43.0,44.64,46.879999999999995,48.0,49.0,50.0,50.0,51.0,52.0,52.0,53.0,54.0,54.0,55.0,56.0,56.0,57.0,58.0,59.0,59.0,60.19999999999999,61.0,61.0,62.0,63.0,64.0,65.0,66.0,66.0,67.0,67.0,68.0,69.0,69.0,70.0,71.0,72.0,72.0,73.0,73.0,74.0,75.0,75.0,76.0,77.0,78.0,78.44000000000005,79.0,79.0,80.0,80.0,81.0,81.88,82.0,83.0,83.0,84.0,85.0,85.32000000000005,86.0,87.0,88.0,89.0,89.51999999999998,90.0,91.0,91.0,92.0,94.0,94.0,95.0,95.0,96.0,96.0,98.0,99.0,99.0,100.0,101.0,102.0,103.60000000000002,105.0,106.0,107.32000000000005,109.55999999999995,111.79999999999995,116.0,116.27999999999997,122.0,128.03999999999996,159.0,79.0,1000.5294117927551,1000.6588235497475,1000.7529411911964,1000.8509804010391,2000.1568627506495,2000.9568627476692,3000.5098039507866,3000.666666686535,3000.7764706015587,3001.0,176.65508728027345,184.25518188476562,189.0160675048828,192.7869903564453,195.99500274658203,199.06053161621094,202.21327209472656,205.80044555664062,211.59634399414062,348.1678466796875,241.36871,0.0,test_data/Useful/Validation/rice-at-1-ft/20241108_084837_004.jpg,2656.0,993.0,31.2361596911072
5,22.240000000000002,26.48,31.72,33.0,34.2,36.44,39.0,41.0,42.16,43.400000000000006,44.0,45.0,46.120000000000005,47.360000000000014,49.0,50.0,52.0,53.0,53.0,54.0,55.0,56.0,57.0,57.0,58.0,58.0,59.0,59.72000000000003,60.95999999999998,61.0,61.44,63.0,63.0,64.0,65.0,65.0,66.0,66.12,67.0,67.0,68.0,68.0,69.0,70.0,70.0,71.0,72.0,72.0,73.0,73.0,74.0,75.0,75.0,76.0,77.0,78.0,78.0,79.0,79.15999999999997,80.0,81.0,81.0,82.0,82.36000000000001,83.0,84.0,85.0,85.32000000000005,86.0,87.0,87.0,88.0,89.0,89.0,90.0,91.0,91.0,92.0,92.0,93.0,94.0,95.0,96.0,98.0,99.0,99.0,100.0,101.0,102.0,103.0,104.0,106.08000000000004,108.0,109.0,111.79999999999995,114.0,115.0,118.0,123.27999999999997,142.0,72.0,1000.5333333611488,1000.6627451181412,1000.7529411911964,1000.8509804010391,2000.1686274558306,2000.9529411792755,3000.5098039507866,3000.666666686535,3000.7764706015587,3001.0,176.58424377441406,184.1378936767578,188.93377685546875,192.6665496826172,195.91233825683594,198.95169067382812,202.1145782470703,205.77017211914062,211.61431884765625,348.1248474121094,241.48318,0.0,test_data/Useful/Validation/rice-at-1-ft/20241108_084837_005.jpg,2676.0,1026.0,29.471530157355126
6,19.0,25.48,28.0,31.0,35.0,36.44,38.0,40.0,41.16,44.0,45.64,46.879999999999995,47.120000000000005,48.0,49.0,50.0,50.08000000000001,51.0,52.0,53.0,54.0,55.0,55.52000000000001,56.0,57.0,57.0,58.0,59.0,59.0,60.0,61.0,62.0,62.0,62.0,63.39999999999998,64.63999999999999,65.0,67.0,67.0,68.0,68.0,68.07999999999998,69.0,70.0,70.80000000000001,71.0,72.0,73.0,73.0,73.0,74.0,75.0,75.72000000000003,76.0,77.0,77.44000000000005,78.0,78.0,80.0,80.0,81.0,81.0,82.0,83.0,83.60000000000002,84.0,85.0,85.0,86.0,86.0,87.0,88.0,88.0,89.0,89.0,90.0,91.0,92.0,93.0,94.0,94.44000000000005,95.0,95.91999999999996,97.0,98.0,99.0,100.0,101.0,102.0,103.0,104.84000000000003,107.0,108.0,110.0,112.0,114.03999999999996,116.0,121.03999999999996,126.51999999999998,135.0,62.0,1000.5333333611488,1000.6588235497475,1000.7529411911964,1000.8509804010391,2000.1411764770746,3000.043137256056,3000.5137255191803,3000.666666686535,3000.7764706015587,3001.0,176.31622314453125,184.00123901367186,188.81060791015625,192.5849151611328,195.8125,198.89755249023438,202.112060546875,205.75799560546875,211.6449737548828,348.1063232421875,242.24321,0.0,test_data/Useful/Validation/rice-at-1-ft/20241108_084837_006.jpg,2587.0,999.0,29.78048409109095
7,17.240000000000002,22.48,27.0,30.96,34.0,37.0,38.0,39.0,41.0,42.0,42.64,43.0,44.120000000000005,46.360000000000014,48.0,49.0,51.0,52.0,53.0,54.0,54.0,55.0,56.0,57.0,58.0,59.0,59.48000000000002,60.0,61.0,62.0,63.0,63.0,64.0,65.0,65.0,66.0,67.0,67.0,68.0,68.0,69.0,70.0,71.0,71.0,72.0,73.0,73.0,73.51999999999998,74.0,75.0,76.0,76.0,77.0,77.0,77.0,78.0,78.0,79.0,80.0,80.0,81.0,81.0,82.0,83.0,83.0,84.0,85.0,85.0,86.0,87.0,87.0,88.0,88.0,90.0,91.0,91.0,92.0,92.0,93.0,94.0,95.44000000000005,96.0,97.0,98.0,99.0,100.0,101.0,102.0,103.0,105.0,106.0,107.0,108.32000000000005,111.0,112.79999999999995,115.0,117.0,120.51999999999998,125.51999999999998,138.0,77.0,1000.5333333611488,1000.6588235497475,1000.7490196228027,1000.8431372642517,2000.0823529437184,3000.023529412225,3000.517647087574,3000.666666686535,3000.772549033165,3001.0,176.26771545410156,183.95993347167968,188.72625427246095,192.47667846679687,195.74081420898438,198.91436767578125,202.10208129882812,205.7713165283203,211.6607666015625,347.98675537109375,241.13817,0.0,test_data/Useful/Validation/rice-at-1-ft/20241108_084837_007.jpg,2497.0,968.0,28.303000831703248
8,15.24,23.0,30.72,32.0,34.2,36.44,39.0,39.92,41.0,43.400000000000006,44.0,46.0,47.0,48.0,49.0,50.0,52.0,53.0,54.0,55.0,56.0,56.0,57.0,58.0,58.0,59.0,59.0,60.0,61.0,62.0,62.0,63.0,63.0,64.0,65.0,65.63999999999999,66.0,67.0,68.0,69.0,69.0,69.0,70.0,71.0,71.80000000000001,72.0,73.0,73.0,74.0,75.0,75.0,76.0,76.0,76.0,77.0,77.0,77.67999999999995,78.0,79.0,79.39999999999998,80.63999999999999,81.0,82.0,83.0,83.0,83.84000000000003,84.0,84.32000000000005,85.0,85.0,86.0,86.27999999999997,87.0,87.0,88.0,89.0,90.0,90.0,91.0,91.0,92.0,93.0,93.91999999999996,95.0,96.0,96.0,97.0,99.0,100.36000000000001,102.0,103.0,104.0,104.32000000000005,106.0,108.79999999999995,111.0,114.27999999999997,121.51999999999998,125.75999999999999,151.0,76.0,1000.5294117927551,1000.6549019813538,1000.745098054409,1000.839215695858,1000.9843137264252,2000.8980392217636,3000.501960813999,3000.6588235497475,3000.772549033165,3001.0,176.34193420410156,184.07151794433594,188.89730834960938,192.63742065429688,195.91714477539062,198.96383666992188,202.1062469482422,205.837646484375,211.8045654296875,347.9677734375,240.72998,0.0,test_data/Useful/Validation/rice-at-1-ft/20241108_084837_008.jpg,2637.0,981.0,29.719604271629986
9,16.240000000000002,27.0,32.72,35.0,37.0,38.0,40.0,42.0,42.0,44.400000000000006,45.0,47.0,48.0,48.360000000000014,50.0,51.0,52.0,53.0,53.0,54.0,55.0,56.0,57.52000000000001,58.0,59.0,59.0,60.0,60.0,61.0,62.0,62.0,63.0,64.0,65.0,65.0,66.0,66.88,68.0,68.0,69.0,69.0,70.0,70.0,71.0,72.0,73.0,73.0,74.0,74.0,75.0,75.0,76.0,77.0,77.0,78.0,79.0,79.0,80.0,80.0,81.0,82.0,82.0,84.0,84.0,84.0,85.0,85.0,86.0,86.0,87.0,88.0,88.0,89.0,89.0,90.0,91.0,91.48000000000002,92.0,92.96000000000004,93.20000000000005,94.0,95.0,95.0,96.0,97.0,98.0,99.0,101.0,101.0,103.0,104.0,106.08000000000004,107.32000000000005,109.0,111.0,113.0,114.0,117.51999999999998,120.51999999999998,135.0,84.0,1000.5294117927551,1000.6549019813538,1000.745098054409,1000.8431372642517,1001.0,2000.89411765337,3000.4941176474094,3000.6588235497475,3000.772549033165,3001.0,176.43983459472656,184.04727783203126,188.85110931396486,192.635888671875,195.88534545898438,198.9581298828125,202.07473754882812,205.77285766601562,211.69033813476562,347.9787902832031,240.49574,0.0,test_data/Useful/Validation/rice-at-1-ft/20241108_084837_009.jpg,2549.0,981.0,32.57190324892077
10,13.72,21.48,26.439999999999998,28.96,33.0,34.44,38.0,40.0,42.0,43.0,44.0,45.879999999999995,48.0,49.0,50.0,51.0,52.0,53.0,54.0,54.80000000000001,56.0,56.28,57.0,58.0,58.0,59.0,60.48000000000002,61.0,62.0,62.19999999999999,63.0,63.0,64.0,65.0,66.0,66.0,67.0,68.0,68.0,69.0,69.0,69.0,70.0,70.0,71.80000000000001,72.0,73.0,73.0,74.0,75.0,75.0,76.0,77.0,77.0,78.0,78.0,79.0,79.0,80.0,80.39999999999998,81.0,81.88,82.0,83.0,83.0,84.0,84.0,85.0,85.0,86.0,86.0,87.0,87.0,88.0,88.0,89.0,90.0,91.0,92.0,93.0,94.0,95.0,96.0,96.0,97.0,98.0,98.0,99.0,100.0,101.0,102.0,104.0,106.0,107.0,110.0,114.03999999999996,120.27999999999997,123.0,129.76,140.0,69.0,1000.5333333611488,1000.6588235497475,1000.745098054409,1000.8431372642517,2000.0470588244498,2000.8980392217636,3000.498039215803,3000.6588235497475,3000.772549033165,3001.0,176.36768646240233,183.94876098632812,188.77784271240233,192.54763793945312,195.80047607421875,198.86878967285156,202.03131103515625,205.7331085205078,211.69903564453125,347.9731750488281,240.64598,0.0,test_data/Useful/Validation/rice-at-1-ft/20241108_084837_010.jpg,2601.0,999.0,27.41333014136825
11,15.0,24.96,30.0,33.96,35.2,37.44,40.0,42.0,44.0,45.0,46.0,47.0,47.120000000000005,48.0,49.0,49.0,51.0,52.0,53.0,54.0,55.0,56.0,57.0,57.0,58.0,59.0,60.0,60.0,61.0,62.0,63.0,64.0,64.0,65.0,65.0,65.0,66.0,66.12,67.0,68.0,68.83999999999997,69.0,69.0,70.0,71.0,71.0,72.0,73.0,73.0,74.0,74.0,75.0,76.0,76.0,76.0,77.0,78.0,78.0,79.0,79.0,80.0,80.0,80.0,81.0,81.60000000000002,83.0,84.0,84.32000000000005,86.0,86.0,87.0,88.0,88.0,89.0,90.0,90.0,91.0,92.0,93.0,93.0,95.0,95.67999999999995,96.91999999999996,97.0,98.0,99.0,100.0,101.0,103.0,103.60000000000002,105.0,106.0,107.0,108.0,109.0,112.0,116.0,120.0,124.75999999999999,148.0,76.0,1000.5372549295425,1000.6588235497475,1000.7490196228027,1000.8431372642517,2000.1411764770746,2000.9568627476692,3000.517647087574,3000.666666686535,3000.7686274647713,3001.0,176.19219970703125,183.74960327148438,188.5787368774414,192.36099243164062,195.59832000732422,198.68755187988282,201.8730911254883,205.64022827148438,211.7926788330078,347.81878662109375,241.27531,0.0,test_data/Useful/Validation/rice-at-1-ft/20241108_084837_011.jpg,2566.0,990.0,30.049443298621785
12,17.240000000000002,23.48,26.72,32.96,37.0,39.44,40.0,43.0,45.16,47.0,48.0,48.879999999999995,50.0,50.0,51.0,52.0,53.0,54.0,54.0,55.0,56.0,56.0,57.0,58.0,59.0,59.24000000000001,60.0,61.0,61.0,62.0,62.0,63.0,64.0,64.0,65.0,65.0,66.0,66.0,67.0,68.0,68.0,69.0,70.0,70.0,71.0,72.0,72.0,73.0,73.0,74.0,74.0,74.0,75.0,75.0,76.0,76.0,77.0,78.0,78.0,79.0,79.63999999999999,81.0,81.0,82.0,82.0,83.0,83.08000000000004,84.0,85.0,85.0,86.0,87.0,87.0,88.0,88.0,89.0,89.48000000000002,90.0,91.96000000000004,92.20000000000005,93.0,94.0,95.0,95.15999999999997,96.0,98.0,99.0,99.0,100.0,101.0,101.0,104.0,105.0,107.0,109.0,111.03999999999996,116.0,121.03999999999996,128.0,134.0,75.0,1000.5372549295425,1000.6588235497475,1000.7490196228027,1000.8431372642517,2000.149019613862,2000.945098042488,3000.5215686559677,3000.666666686535,3000.7686274647713,3001.0,175.72000579833986,183.44360961914063,188.31134948730468,192.0823516845703,195.34276580810547,198.41934204101562,201.6429229736328,205.47463989257812,211.88096618652344,347.7273864746094,240.7743,0.0,test_data/Useful/Validation/rice-at-1-ft/20241108_084837_012.jpg,2498.0,972.0,34.69533326798078
13,19.240000000000002,24.48,30.0,32.0,35.0,36.0,38.0,40.0,41.16,42.400000000000006,44.0,45.0,47.0,48.0,49.599999999999994,51.0,51.08000000000001,52.31999999999999,53.0,54.0,55.0,56.0,56.0,57.0,57.0,58.0,59.0,59.0,60.0,61.0,61.0,62.0,62.0,63.0,63.39999999999998,64.0,65.0,65.0,66.0,66.0,67.0,67.07999999999998,68.0,68.0,69.0,69.0,70.0,70.0,71.0,71.0,71.0,72.0,73.0,74.0,74.0,75.0,75.67999999999995,76.0,76.0,77.0,78.0,78.0,79.0,79.0,80.0,80.0,80.0,81.0,82.0,83.0,84.0,84.0,85.0,85.0,86.0,87.0,87.0,88.0,88.0,89.0,89.0,90.0,91.0,92.15999999999997,93.39999999999998,95.0,96.0,97.0,98.36000000000001,100.0,100.84000000000003,102.0,103.0,104.0,105.79999999999995,110.0,112.27999999999997,115.0,119.75999999999999,131.0,80.0,1000.54509806633,1000.6627451181412,1000.745098054409,1000.8352941274643,1001.0,2000.9137254953384,3000.529411792755,3000.6705882549286,3000.7686274647713,3001.0,175.15374755859375,182.68601684570314,187.57431335449218,191.4412414550781,194.79185485839844,197.91525268554688,201.2682342529297,205.3780975341797,212.25502014160156,347.4859313964844,241.63141,0.0,test_data/Useful/Validation/rice-at-1-ft/20241108_084837_013.jpg,2537.0,978.0,28.59263977287303
14,17.48,24.0,27.72,30.92,34.0,36.0,37.0,39.0,40.0,41.400000000000006,42.0,43.0,43.120000000000005,45.0,47.0,47.84,49.0,50.0,50.0,51.80000000000001,52.0,53.0,54.0,54.75999999999999,56.0,56.0,57.0,57.0,58.0,59.0,60.0,60.0,61.0,61.0,62.0,62.0,63.0,64.0,64.36000000000001,65.0,65.0,66.0,67.0,68.0,68.0,68.0,69.0,69.0,69.0,70.0,70.24000000000001,71.0,72.0,72.96000000000004,73.0,74.0,74.0,74.0,75.15999999999997,76.0,77.0,77.0,77.0,77.0,79.0,79.0,79.08000000000004,80.0,80.0,81.0,82.0,82.0,83.0,83.0,84.0,85.0,86.0,86.0,87.0,88.0,89.0,89.0,90.0,91.0,91.0,93.0,94.0,95.0,95.0,96.60000000000002,97.84000000000003,99.0,100.0,101.55999999999995,103.0,104.0,106.0,108.51999999999998,113.75999999999999,126.0,77.0,1000.54509806633,1000.6588235497475,1000.7411764860153,1000.8313725590706,1000.9529411792755,2000.89411765337,3000.529411792755,3000.6705882549286,3000.7647058963776,3001.0,174.8332061767578,182.41087341308594,187.223388671875,191.04814453125,194.37084197998047,197.6236114501953,201.03671264648438,205.18121337890625,212.32156372070312,347.37286376953125,241.14703,0.0,test_data/Useful/Validation/rice-at-1-ft/20241108_084837_014.jpg,2596.0,1001.0,28.823097805708834
15,17.72,23.48,27.0,31.96,34.0,36.0,37.68000000000001,38.92,40.0,41.400000000000006,42.0,43.0,44.120000000000005,45.360000000000014,46.599999999999994,48.0,49.08000000000001,50.0,51.56,52.0,54.0,54.0,55.0,56.0,57.0,57.0,58.0,58.0,58.0,59.0,59.0,60.0,60.920000000000016,61.0,62.0,62.639999999999986,63.0,64.0,64.0,65.0,66.0,67.0,67.0,67.0,68.0,68.0,69.0,69.0,70.0,71.0,71.0,72.0,73.0,73.96000000000004,74.0,75.0,75.0,75.0,76.0,76.0,77.0,77.0,77.0,78.0,78.0,78.0,79.0,80.0,80.55999999999995,81.0,82.0,82.27999999999997,83.0,84.0,85.0,86.0,86.0,87.0,88.0,88.0,89.0,90.0,91.91999999999996,92.0,93.0,94.0,95.0,96.0,97.0,98.0,98.0,99.08000000000004,101.32000000000005,103.0,104.0,106.0,107.0,111.0,114.75999999999999,124.0,75.0,1000.5411764979362,1000.6549019813538,1000.7333333492279,1000.8235294222832,1000.9294117689133,2000.866666674614,3000.5137255191803,3000.666666686535,3000.7647058963776,3001.0,174.90562438964844,182.55224609375,187.41278076171875,191.239990234375,194.56436157226562,197.79586791992188,201.23216552734374,205.3303436279297,212.3690643310547,347.37060546875,241.0273,0.0,test_data/Useful/Validation/rice-at-1-ft/20241108_084837_015.jpg,2660.0,1036.0,32.45000099744958
16,15.24,23.48,27.0,30.0,32.0,35.0,37.0,38.0,40.0,41.0,42.0,44.0,44.0,45.0,46.0,47.0,48.0,49.0,49.56,51.0,52.0,54.0,55.0,55.0,56.0,57.0,58.48000000000002,59.0,60.0,61.0,62.0,62.0,63.0,64.0,64.0,64.63999999999999,65.0,65.12,66.0,66.0,67.0,67.0,68.0,69.0,69.0,70.0,70.0,71.0,71.0,72.0,72.0,72.0,73.0,73.96000000000004,74.0,75.0,75.0,76.0,77.0,77.0,78.0,78.88,79.0,80.0,80.0,80.0,81.0,81.0,82.0,82.0,83.0,83.27999999999997,84.0,84.75999999999999,85.0,85.24000000000001,87.0,87.0,87.96000000000004,88.0,89.0,89.0,90.0,91.0,92.0,93.0,94.0,94.0,95.0,96.0,97.0,98.0,98.0,100.0,103.0,105.03999999999996,108.0,113.51999999999998,117.75999999999999,134.0,70.0,1000.5411764979362,1000.6549019813538,1000.7333333492279,1000.8274509906769,1000.9411764740944,2000.8627451062202,3000.5137255191803,3000.666666686535,3000.7647058963776,3001.0,174.73379516601562,182.4402618408203,187.31683349609375,191.15896301269532,194.51715850830078,197.72059936523436,201.1604461669922,205.27651977539062,212.2872314453125,347.3771667480469,242.06354,0.0,test_data/Useful/Validation/rice-at-1-ft/20241108_084837_016.jpg,2578.0,1019.0,30.229125876607693
17,20.240000000000002,26.0,30.72,34.0,35.0,36.44,38.0,40.0,40.16,42.0,42.64,44.0,45.0,46.0,46.0,47.84,49.0,49.0,50.56,52.0,53.0,54.0,55.0,56.0,57.0,57.24000000000001,59.0,60.0,60.0,61.0,62.0,62.0,63.0,64.0,64.0,65.0,65.0,66.0,66.0,66.0,67.0,67.07999999999998,68.0,68.0,69.0,70.0,70.0,70.0,71.0,71.0,72.0,72.0,72.72000000000003,73.0,74.0,74.0,75.0,75.0,76.0,76.0,77.0,77.0,78.0,78.36000000000001,79.0,79.84000000000003,80.0,80.0,81.0,82.0,82.0,82.27999999999997,83.0,84.0,84.0,85.0,85.48000000000002,86.0,87.0,88.0,88.0,89.0,89.91999999999996,90.0,91.0,91.0,92.0,93.0,95.0,96.0,96.0,98.0,98.0,99.55999999999995,102.0,104.03999999999996,107.27999999999997,110.51999999999998,114.51999999999998,127.0,66.0,1000.5411764979362,1000.6549019813538,1000.7333333492279,1000.8235294222832,1000.9294117689133,2000.8588235378265,3000.5137255191803,3000.662745118141,3000.7647058963776,3001.0,174.6512237548828,182.2297821044922,187.0767822265625,190.96473693847656,194.32827758789062,197.5460205078125,201.02317810058594,205.1827392578125,212.5413360595703,347.3408203125,241.09602,0.0,test_data/Useful/Validation/rice-at-1-ft/20241108_084837_017.jpg,2616.0,1040.0,29.69972067367332
18,18.240000000000002,26.0,27.72,29.0,31.200000000000003,34.0,35.0,37.0,39.0,40.400000000000006,41.64,43.0,44.120000000000005,45.0,45.599999999999994,47.0,48.08000000000001,49.31999999999999,50.56,52.0,53.0,54.0,54.52000000000001,55.0,56.0,57.0,58.0,59.0,59.0,60.0,60.0,61.0,61.0,62.0,63.0,63.0,64.0,64.0,65.0,66.0,66.83999999999997,67.0,67.0,68.0,68.0,69.0,69.0,69.51999999999998,71.0,71.0,71.24000000000001,72.0,73.0,73.0,74.0,74.0,75.0,75.0,75.15999999999997,76.0,76.0,77.0,78.0,78.0,79.0,79.84000000000003,80.0,80.0,81.0,81.0,82.0,83.0,84.0,84.0,85.0,86.0,86.48000000000002,87.0,87.0,88.0,88.44000000000005,90.0,90.0,91.0,92.0,92.0,93.0,94.0,95.0,96.0,97.84000000000003,98.08000000000004,99.0,100.0,103.0,104.0,106.27999999999997,109.51999999999998,112.0,129.0,69.0,1000.5411764979362,1000.6549019813538,1000.7333333492279,1000.8235294222832,1000.9215686321259,2000.8627451062202,3000.5137255191803,3000.666666686535,3000.7647058963776,3001.0,174.7982635498047,182.50352478027344,187.38265991210938,191.19650268554688,194.5846405029297,197.8282928466797,201.2291717529297,205.38052368164062,212.44058227539062,347.36456298828125,241.48506,0.0,test_data/Useful/Validation/rice-at-1-ft/20241108_084837_018.jpg,2690.0,1079.0,34.87127135758165
19,18.240000000000002,23.48,28.72,31.0,34.2,36.44,38.0,40.0,41.16,43.400000000000006,45.0,46.0,47.0,48.0,49.0,49.0,50.0,51.0,51.0,52.0,53.0,53.0,54.0,55.0,56.0,57.0,57.0,58.0,59.0,60.0,61.0,61.0,61.0,62.0,62.0,62.0,63.0,64.0,64.0,64.0,65.0,66.0,66.0,67.0,67.0,68.0,68.0,69.0,69.0,70.0,70.0,71.0,71.0,71.96000000000004,72.0,73.0,73.0,73.91999999999996,74.0,75.0,75.0,76.0,76.0,77.0,77.0,77.84000000000003,78.08000000000004,79.0,79.0,80.0,81.0,82.0,82.0,83.0,83.0,84.0,84.0,85.0,85.0,86.0,87.0,88.0,89.0,90.0,91.0,91.0,92.0,94.0,94.0,96.0,97.0,99.0,100.0,102.55999999999995,105.0,107.03999999999996,111.0,113.0,115.75999999999999,128.0,62.0,1000.5411764979362,1000.65098041296,1000.7294117808342,1000.8196078538895,1000.9098039269447,2000.8509804010391,3000.505882382393,3000.662745118141,3000.7647058963776,3001.0,174.73147583007812,182.3891357421875,187.2030227661133,191.06033020019532,194.4635009765625,197.71224975585938,201.12615966796875,205.2774200439453,212.42474365234375,347.3209228515625,241.92421,0.0,test_data/Useful/Validation/rice-at-1-ft/20241108_084837_019.jpg,2632.0,1037.0,25.99037505552583
20,22.240000000000002,27.48,32.72,34.96,36.0,37.0,38.0,39.0,41.0,42.400000000000006,44.0,45.0,46.0,47.0,48.0,49.0,50.0,51.0,52.0,53.0,54.0,55.0,55.0,56.0,56.0,57.0,58.0,59.0,59.95999999999998,61.0,62.0,62.0,63.0,63.0,64.0,64.0,64.0,64.12,65.0,66.0,66.83999999999997,67.0,67.0,68.0,69.0,69.0,70.0,70.0,70.75999999999999,71.0,71.24000000000001,72.0,73.0,73.96000000000004,75.0,75.0,76.0,77.0,77.0,78.0,79.0,79.0,80.0,80.0,81.0,81.84000000000003,82.0,83.0,83.0,83.0,84.0,85.0,85.0,86.0,86.0,87.0,87.0,88.0,88.0,89.0,90.44000000000005,91.67999999999995,92.0,93.0,94.0,96.0,97.0,97.0,98.0,98.60000000000002,99.0,101.08000000000004,103.0,104.0,105.0,106.0,108.0,110.0,113.75999999999999,130.0,64.0,1000.5803921818733,1000.6823529601097,1000.7686274647713,1000.8627451062202,2000.1960784345865,3000.1411764770746,3000.584313750267,3000.6980392336845,3000.7921568751335,3001.0,174.38099060058593,182.03591613769532,186.81650085449218,190.66639404296876,194.0663299560547,197.32962646484376,200.7575225830078,205.00735473632812,212.14642333984375,347.4725646972656,242.41788,0.0,test_data/Useful/Validation/rice-at-1-ft/20241108_084837_050.jpg,2405.0,906.0,29.594603239706593
21,19.72,28.48,33.72,36.0,39.0,40.0,41.0,42.0,43.16,44.0,46.0,46.879999999999995,47.0,48.0,49.0,50.0,51.0,51.0,52.0,53.0,54.0,55.0,55.0,56.0,57.0,58.0,59.0,59.0,60.0,61.0,61.44,62.0,62.0,63.0,64.0,64.0,64.0,65.0,65.36000000000001,66.0,66.0,67.0,67.0,67.56,68.0,69.0,69.0,70.0,71.0,71.0,71.0,72.0,72.0,72.0,73.0,74.0,74.0,75.0,76.0,76.39999999999998,77.0,78.0,79.0,79.36000000000001,80.0,81.0,81.0,82.0,82.0,83.0,84.0,84.27999999999997,85.0,86.0,87.0,87.0,88.0,89.0,89.0,90.0,91.0,92.0,92.0,93.0,93.0,94.63999999999999,96.0,96.0,97.36000000000001,98.0,100.0,101.0,102.0,103.55999999999995,105.79999999999995,107.03999999999996,109.0,111.0,113.75999999999999,122.0,71.0,1000.584313750267,1000.6862745285034,1000.7686274647713,1000.8627451062202,2000.23137255013,3000.1568627506495,3000.5882353186607,3000.6980392336845,3000.7921568751335,3001.0,174.17005920410156,181.7682861328125,186.60924682617187,190.47149047851562,193.91962432861328,197.20361328125,200.65899658203125,204.8428192138672,212.0921630859375,347.4722900390625,242.88583,0.0,test_data/Useful/Validation/rice-at-1-ft/20241108_084837_051.jpg,2419.0,948.0,28.564977964025214
22,18.72,25.0,27.72,31.96,34.0,37.0,39.0,40.0,42.0,43.0,43.64,45.0,45.120000000000005,47.360000000000014,48.0,49.84,51.0,52.0,53.0,54.0,54.0,55.0,55.0,56.0,57.0,57.24000000000001,58.0,59.0,59.0,59.19999999999999,60.0,60.0,61.0,62.0,63.0,63.0,64.0,64.0,65.0,65.0,66.0,66.0,66.0,67.0,67.0,68.0,69.0,69.0,70.0,70.0,71.0,72.0,72.0,73.0,74.0,74.0,75.0,75.0,76.0,76.0,77.0,77.0,78.0,78.36000000000001,79.0,79.0,80.0,80.0,81.0,81.79999999999995,82.0,83.0,84.0,84.0,85.0,85.0,86.0,87.0,87.0,88.0,89.0,90.0,91.0,92.0,93.0,94.0,95.0,96.0,96.36000000000001,97.0,98.84000000000003,100.0,102.0,103.0,104.0,106.0,109.0,111.51999999999998,116.0,123.0,66.0,1000.584313750267,1000.6862745285034,1000.7686274647713,1000.8627451062202,2000.258823543787,3000.1725490242243,3000.5882353186607,3000.6980392336845,3000.7921568751335,3001.0,174.22512817382812,181.96221313476562,186.792236328125,190.64004821777343,193.97725677490234,197.22573852539062,200.68197631835938,204.8557891845703,212.02694702148438,347.47900390625,242.0581,0.0,test_data/Useful/Validation/rice-at-1-ft/20241108_084837_052.jpg,2421.0,920.0,25.215074916983273
23,23.0,28.96,32.0,33.96,36.0,38.44,39.0,40.0,42.16,44.0,46.0,47.0,48.0,49.0,50.0,50.0,51.0,51.31999999999999,52.0,53.0,54.03999999999999,56.0,56.0,57.0,57.0,58.0,59.0,59.0,59.0,60.0,61.0,61.0,62.0,62.0,63.0,63.0,64.0,65.0,66.0,66.0,67.0,67.0,68.0,68.0,69.0,69.04000000000002,70.0,71.0,71.0,72.0,72.0,72.0,72.72000000000003,73.0,74.0,74.0,75.0,76.0,76.0,77.0,77.0,78.0,79.0,79.0,80.0,80.84000000000003,81.0,81.0,82.0,83.0,83.0,83.0,83.51999999999998,84.0,85.0,85.0,86.0,87.0,88.0,89.0,90.0,91.0,91.0,92.0,93.0,94.0,94.0,95.0,96.0,97.0,98.84000000000003,100.0,101.0,102.55999999999995,104.79999999999995,106.03999999999996,108.27999999999997,110.0,116.51999999999998,123.0,72.0,1000.584313750267,1000.6862745285034,1000.7686274647713,1000.8627451062202,2000.1921568661928,3000.1294117718935,3000.5803921818733,3000.694117665291,3000.7921568751335,3001.0,174.32760620117188,181.9228515625,186.7852020263672,190.62893676757812,194.0674591064453,197.2977294921875,200.66693115234375,204.7812042236328,211.89065551757812,347.5364990234375,242.2067,0.0,test_data/Useful/Validation/rice-at-1-ft/20241108_084837_053.jpg,2435.0,920.0,27.393122042926247
24,21.0,28.48,32.44,34.0,38.0,40.0,40.68000000000001,42.0,44.0,44.0,45.0,46.879999999999995,49.0,50.0,50.599999999999994,52.0,52.0,53.0,54.0,54.0,54.03999999999999,55.0,56.0,57.0,57.0,58.0,58.0,58.0,59.0,60.0,60.44,62.0,62.0,63.0,63.0,64.0,65.0,66.0,66.0,67.0,68.0,69.0,69.0,70.0,70.0,71.0,71.0,72.0,72.0,73.0,73.0,74.0,74.0,75.0,75.0,76.0,76.0,77.0,77.0,77.39999999999998,78.0,79.0,79.0,79.36000000000001,80.0,81.0,82.0,83.0,83.0,83.0,84.0,84.27999999999997,85.0,86.0,86.0,87.0,87.0,88.0,88.0,89.0,90.0,90.0,91.0,92.0,93.39999999999998,94.0,96.0,96.0,97.0,98.0,100.0,101.0,102.32000000000005,103.0,106.0,107.0,109.0,112.51999999999998,117.75999999999999,132.0,83.0,1000.584313750267,1000.6862745285034,1000.7686274647713,1000.8627451062202,2000.2000000029802,3000.1215686276555,3000.5764706134796,3000.694117665291,3000.7921568751335,3001.0,174.3244171142578,181.9644775390625,186.91725158691406,190.7246856689453,194.0570068359375,197.29669799804688,200.71824645996094,204.89381408691406,211.96878051757812,347.5423889160156,242.36656,0.0,test_data/Useful/Validation/rice-at-1-ft/20241108_084837_054.jpg,2416.0,946.0,29.901831456320167
25,19.0,26.0,29.0,32.0,34.0,36.0,37.68000000000001,40.0,42.0,43.0,44.0,46.0,47.120000000000005,48.0,49.0,50.0,51.0,51.0,52.0,53.0,54.0,55.0,55.0,56.0,57.0,58.0,59.0,59.0,60.0,60.0,61.0,62.0,63.0,63.0,64.0,65.0,66.0,67.0,67.0,68.0,68.0,69.0,70.0,70.0,70.0,71.0,72.0,72.0,73.0,73.0,74.0,74.0,75.0,75.0,75.0,76.0,76.0,77.0,78.0,78.0,79.0,79.0,80.0,80.0,80.0,81.0,82.0,82.0,83.0,83.79999999999995,84.0,85.0,86.0,86.0,87.0,88.0,89.0,89.72000000000003,90.0,91.0,92.0,92.0,93.0,94.0,94.0,95.0,97.0,97.12,98.0,99.0,99.0,101.0,102.0,103.0,104.0,106.03999999999996,110.0,112.0,117.0,131.0,70.0,1000.5803921818733,1000.6862745285034,1000.7647058963776,1000.8588235378265,1001.0,2000.9803921580315,3000.568627476692,3000.694117665291,3000.7921568751335,3001.0,174.5291717529297,182.22372741699218,187.11619415283204,190.95169067382812,194.31027221679688,197.51790771484374,200.90740966796875,205.0113525390625,211.96963500976562,347.5659484863281,240.27823,0.0,test_data/Useful/Validation/rice-at-1-ft/20241108_084837_055.jpg,2422.0,930.0,25.417705477206354
26,19.72,28.0,30.0,33.0,34.2,37.0,38.68000000000001,39.92,42.0,44.0,45.0,46.879999999999995,48.0,49.0,50.0,51.0,51.08000000000001,53.0,53.0,53.80000000000001,54.0,56.0,56.0,57.0,58.0,59.0,59.0,60.0,60.0,61.0,62.0,62.0,62.0,63.0,64.0,65.0,65.0,66.0,66.0,67.0,67.0,68.0,68.0,69.0,69.0,70.0,71.0,72.0,72.0,73.0,73.0,74.0,74.0,75.0,75.0,76.0,76.0,76.0,77.0,78.0,78.0,79.0,79.0,80.0,81.0,82.0,82.08000000000004,83.0,84.0,84.0,85.0,85.0,86.0,86.0,87.0,87.24000000000001,88.0,89.0,90.0,90.0,91.0,92.0,92.91999999999996,93.0,94.0,95.0,96.0,97.0,98.0,99.60000000000002,100.0,101.08000000000004,103.0,104.0,106.0,106.03999999999996,110.0,111.51999999999998,114.0,138.0,62.0,1000.5803921818733,1000.6823529601097,1000.7647058963776,1000.8549019694328,1001.0,2000.9254902005196,3000.5647059082985,3000.690196096897,3000.78823530674,3001.0,174.72572174072266,182.33856811523438,187.2197296142578,191.05623474121094,194.4256591796875,197.62915649414063,200.9768524169922,205.09066772460938,211.98080444335938,347.6246643066406,240.75269,0.0,test_data/Useful/Validation/rice-at-1-ft/20241108_084837_056.jpg,2444.0,930.0,29.626205791850396
27,27.240000000000002,30.0,32.72,34.96,37.0,40.44,41.0,42.92,44.0,45.0,47.0,48.0,50.0,50.0,50.599999999999994,52.0,53.0,54.0,55.0,55.80000000000001,56.0,57.0,57.52000000000001,58.0,59.0,60.0,61.0,61.0,62.0,62.0,63.0,63.0,64.0,65.0,66.0,66.0,66.0,67.0,67.0,68.0,68.0,69.0,70.0,70.0,71.0,71.0,72.0,73.0,74.0,74.0,75.0,75.0,76.0,76.0,77.0,77.0,78.0,79.0,79.0,80.0,80.0,80.0,81.0,82.0,82.0,83.0,84.0,84.0,85.0,85.79999999999995,86.0,87.0,87.0,87.0,88.0,88.0,89.0,89.0,90.0,91.0,91.0,92.0,92.0,93.0,94.0,95.0,96.0,97.0,98.0,98.60000000000002,99.0,101.0,102.0,103.55999999999995,105.0,107.0,109.0,112.0,115.51999999999998,131.0,66.0,1000.5647059082985,1000.6705882549286,1000.7529411911964,1000.8431372642517,1000.972549021244,2000.8823529481888,3000.5411764979362,3000.678431391716,3000.7764706015587,3001.0,174.82089233398438,182.37427673339843,187.2407684326172,191.06626892089844,194.42625427246094,197.65394592285156,201.06005859375,205.1443328857422,212.01406860351562,347.6515197753906,239.27136,0.0,test_data/Useful/Validation/rice-at-1-ft/20241108_084837_057.jpg,2409.0,935.0,29.21415251828783
28,17.240000000000002,24.0,28.0,31.0,35.0,36.44,40.0,41.0,43.0,44.0,45.0,46.0,48.0,49.0,49.599999999999994,51.0,51.08000000000001,52.31999999999999,53.0,54.0,55.0,55.0,56.0,56.0,57.0,58.0,59.0,60.0,61.0,61.0,62.0,62.0,63.0,63.0,64.0,64.0,65.0,66.0,66.0,66.0,67.0,67.0,68.0,68.0,70.0,70.0,71.0,71.0,72.0,73.0,73.24000000000001,74.48000000000002,75.0,76.0,76.0,77.0,77.0,78.0,78.0,79.0,79.63999999999999,80.88,81.0,82.0,82.60000000000002,83.0,83.0,84.0,84.0,85.0,86.0,86.0,87.0,87.0,88.0,89.0,90.0,90.0,91.0,91.0,92.0,92.0,93.0,94.0,94.39999999999998,95.0,96.0,97.0,98.0,99.0,100.0,101.0,103.0,105.55999999999995,108.79999999999995,109.0,110.0,113.0,119.0,135.0,66.0,1000.5568627715111,1000.6627451181412,1000.7411764860153,1000.8313725590706,1000.9529411792755,2000.8627451062202,3000.5254902243614,3000.666666686535,3000.7647058963776,3001.0,174.6474609375,182.32664489746094,187.19134521484375,191.05753173828126,194.38623809814453,197.57826232910156,200.9176055908203,205.04657592773438,211.85429687500002,347.6507263183594,239.45383,0.0,test_data/Useful/Validation/rice-at-1-ft/20241108_084837_058.jpg,2435.0,916.0,32.986053620280885
29,25.0,29.0,33.0,36.0,38.2,39.0,41.0,41.0,43.0,45.0,46.64,47.0,48.0,49.360000000000014,50.0,51.0,52.0,53.0,54.0,55.80000000000001,56.0,57.0,58.0,58.0,59.0,59.24000000000001,60.0,61.0,61.95999999999998,62.0,62.0,63.0,64.0,64.16000000000003,65.0,66.0,67.0,67.0,67.0,68.0,68.0,69.0,70.0,71.0,71.0,72.0,72.27999999999997,74.0,74.0,75.0,76.0,76.0,77.0,77.0,77.0,78.0,78.0,79.0,79.15999999999997,80.0,80.63999999999999,81.0,82.0,83.0,83.0,84.0,85.0,86.0,86.0,87.0,87.0,88.0,88.0,89.0,90.0,91.0,91.0,92.0,92.0,93.0,93.0,94.0,95.0,95.0,96.0,96.0,97.0,98.0,99.0,100.0,101.0,103.0,104.32000000000005,105.0,107.0,109.0,112.0,114.0,119.51999999999998,130.0,77.0,1000.5490196347237,1000.6588235497475,1000.7333333492279,1000.8235294222832,1000.9450980424881,2000.8549019694328,3000.517647087574,3000.6588235497475,3000.75686275959,3001.0,174.42066802978516,182.1154022216797,187.02035064697264,190.85299682617188,194.18922424316406,197.40746154785157,200.76644897460938,204.8522155761719,211.74951171875,347.65277099609375,239.69803,0.0,test_data/Useful/Validation/rice-at-1-ft/20241108_084837_059.jpg,2364.0,941.0,30.952630057362644
30,20.44,27.96,32.72,36.96,38.0,40.0,41.0,42.0,44.0,45.0,46.0,47.879999999999995,49.0,50.0,51.0,52.0,53.0,54.0,55.56,56.0,57.0,58.0,59.0,60.0,61.0,62.0,62.0,63.0,63.0,63.0,64.0,65.0,65.0,66.0,66.0,67.0,68.0,68.0,69.0,70.0,70.0,71.0,71.0,71.56,72.0,73.0,73.0,73.0,74.0,74.0,75.0,75.0,76.0,76.0,77.0,77.0,78.0,78.0,79.0,80.0,80.0,81.0,82.0,82.0,83.0,84.0,84.08000000000004,85.0,86.0,86.0,86.03999999999996,87.0,87.0,88.0,89.0,89.0,90.0,90.0,91.0,91.0,92.0,93.0,93.91999999999996,95.0,95.0,96.0,97.0,98.0,99.0,100.0,101.0,102.0,103.0,105.0,108.0,110.03999999999996,113.0,116.51999999999998,122.75999999999999,131.0,63.0,1000.5411764979362,1000.65098041296,1000.7254902124405,1000.8156862854958,1000.9294117689133,2000.8274509906769,3000.501960813999,3000.65098041296,3000.7490196228027,3001.0,174.55819091796874,182.25180053710938,187.06443786621094,190.9049835205078,194.2784423828125,197.45498657226562,200.8546600341797,204.87460327148438,211.6932830810547,347.67291259765625,239.7919,0.0,test_data/Useful/Validation/rice-at-1-ft/20241108_084837_060.jpg,2500.0,982.0,29.88521866763225
31,25.0,30.0,33.0,37.0,38.0,40.0,43.0,44.92,46.16,47.0,48.0,48.0,49.0,50.0,51.0,51.0,52.0,53.0,54.0,54.0,55.0,56.0,57.0,58.0,58.0,59.0,60.0,60.0,61.0,62.0,63.0,63.0,64.0,65.0,65.0,66.0,66.0,67.0,67.36000000000001,68.0,69.0,69.07999999999998,70.0,71.0,72.0,72.0,73.0,73.0,73.0,74.0,74.24000000000001,75.0,75.0,76.0,76.20000000000005,77.0,78.0,78.0,79.0,79.0,79.0,80.0,80.0,81.0,81.0,82.0,82.0,83.0,84.0,84.0,85.03999999999996,86.0,87.0,87.0,88.0,88.0,89.0,90.0,90.0,91.0,92.0,92.67999999999995,93.0,94.0,94.39999999999998,95.0,96.0,97.12,99.0,99.0,100.84000000000003,101.08000000000004,103.0,105.0,106.0,107.03999999999996,111.0,113.03999999999996,119.51999999999998,128.0,72.0,1000.54509806633,1000.6549019813538,1000.7294117808342,1000.8196078538895,1000.9450980424881,2000.8509804010391,3000.5098039507866,3000.6549019813538,3000.7529411911964,3001.0,174.54714965820312,182.1522216796875,186.99722290039062,190.8121337890625,194.19248962402344,197.33033752441406,200.7032470703125,204.76961669921874,211.80572509765625,347.6769714355469,239.45715,0.0,test_data/Useful/Validation/rice-at-1-ft/20241108_084837_061.jpg,2487.0,961.0,29.795406057836082
32,27.0,32.480000000000004,35.72,37.96,39.0,41.0,42.68000000000001,44.0,46.0,47.0,49.0,50.0,51.120000000000005,52.360000000000014,54.0,55.0,56.0,57.0,57.0,58.0,58.0,59.0,60.0,60.0,61.0,62.0,63.0,64.0,64.95999999999998,65.0,65.0,66.0,66.0,67.0,67.0,68.0,69.0,69.12,70.0,70.0,71.0,72.0,72.0,72.0,73.0,73.0,74.0,74.0,75.0,75.0,76.0,77.0,77.0,77.0,78.0,78.0,79.0,79.0,80.0,80.0,81.0,81.0,81.0,82.0,82.0,83.0,83.0,84.0,84.55999999999995,85.0,85.0,85.0,86.0,87.0,87.0,88.0,89.48000000000002,90.0,91.0,91.0,91.0,92.0,93.0,94.0,95.0,96.0,96.0,97.12,98.0,99.0,100.84000000000003,103.0,104.0,107.0,107.79999999999995,108.03999999999996,111.0,113.51999999999998,117.75999999999999,131.0,85.0,1000.54509806633,1000.65098041296,1000.7294117808342,1000.8196078538895,1000.9411764740944,2000.8431372642517,3000.505882382393,3000.65098041296,3000.7529411911964,3001.0,174.7070327758789,182.334033203125,187.23907928466798,191.08274536132814,194.4791717529297,197.6872314453125,201.0382843017578,205.07766723632812,211.93565368652344,347.73089599609375,238.05574,0.0,test_data/Useful/Validation/rice-at-1-ft/20241108_084837_062.jpg,2536.0,992.0,28.673172495396525
33,21.48,29.96,35.72,36.96,38.2,39.44,41.0,42.0,44.0,46.0,47.64,49.0,50.0,52.0,52.0,53.0,54.0,54.0,55.0,56.0,57.0,58.0,58.0,59.0,59.0,60.24000000000001,61.0,62.0,62.0,63.0,64.0,65.0,65.0,65.16000000000003,66.0,67.0,67.0,68.0,69.0,69.0,70.0,71.0,71.0,71.0,72.0,72.0,73.0,73.0,74.0,74.0,75.0,76.0,76.0,76.0,77.0,77.0,78.0,79.0,80.0,80.0,81.0,82.0,82.0,83.0,83.0,84.0,85.0,85.0,86.0,86.0,87.0,87.0,87.0,88.0,89.0,89.0,90.0,90.0,91.0,92.0,93.0,93.67999999999995,94.0,95.0,95.39999999999998,97.0,98.0,99.0,99.0,100.0,101.0,102.0,103.0,104.0,105.79999999999995,107.0,110.0,113.0,118.0,131.0,87.0,1000.5490196347237,1000.65098041296,1000.7294117808342,1000.8196078538895,1000.933333337307,2000.8313725590706,3000.501960813999,3000.65098041296,3000.7490196228027,3001.0,174.7557815551758,182.3490234375,187.16278076171875,190.96823120117188,194.2643585205078,197.46209716796875,200.85671997070312,204.94566345214844,211.98081970214844,347.7255859375,239.94057,0.0,test_data/Useful/Validation/rice-at-1-ft/20241108_084837_063.jpg,2500.0,973.0,28.562109691248544
34,25.0,28.96,35.72,38.0,40.0,41.0,43.68000000000001,46.0,48.0,49.0,50.0,51.0,52.0,53.0,54.0,54.84,55.08000000000001,56.0,57.0,57.80000000000001,58.0,59.0,60.0,60.0,61.0,62.0,62.0,63.0,63.0,64.0,64.0,64.68,65.0,65.0,66.0,66.0,67.0,68.0,68.0,69.0,70.0,71.0,71.32,72.0,73.0,73.0,74.0,74.0,75.0,75.0,76.0,76.0,77.0,77.0,78.0,78.0,79.0,80.0,80.0,81.0,81.0,81.0,83.0,83.0,84.0,84.0,85.0,85.0,86.0,87.0,87.0,88.0,89.0,89.0,90.0,90.0,90.0,91.0,92.0,93.0,94.0,95.0,95.91999999999996,97.0,97.0,98.0,98.0,99.0,100.0,101.0,102.0,103.0,105.0,107.0,110.0,113.0,114.27999999999997,116.51999999999998,121.51999999999998,136.0,81.0,1000.5490196347237,1000.6549019813538,1000.7333333492279,1000.8196078538895,1000.9372549057007,2000.839215695858,3000.501960813999,3000.65098041296,3000.7529411911964,3001.0,174.84806213378906,182.5109130859375,187.36892700195312,191.18612670898438,194.54519653320312,197.75474548339844,201.08065795898438,205.12408447265625,212.0839813232422,347.716064453125,239.91165,0.0,test_data/Useful/Validation/rice-at-1-ft/20241108_084837_064.jpg,2543.0,998.0,30.15454373399343
35,22.240000000000002,26.48,29.72,32.0,35.0,37.0,38.0,41.92,43.0,44.0,46.0,48.0,49.0,50.0,51.0,52.0,53.0,54.0,55.0,56.0,57.0,58.0,58.0,59.0,59.0,60.24000000000001,61.0,62.0,63.0,63.0,64.0,64.0,65.0,65.0,66.0,66.0,67.0,68.0,68.0,69.0,69.0,70.0,70.0,71.0,71.0,71.0,72.0,72.51999999999998,73.0,74.0,74.0,75.0,76.0,76.0,77.0,77.44000000000005,78.0,79.0,79.15999999999997,80.0,80.63999999999999,81.0,82.0,82.0,82.0,83.0,83.08000000000004,84.0,85.0,85.79999999999995,86.0,87.0,87.0,88.0,88.0,89.0,89.48000000000002,90.0,91.0,91.0,92.0,92.0,93.0,94.15999999999997,95.0,96.0,97.0,98.0,99.0,99.0,100.0,102.0,103.0,105.0,106.0,107.0,111.0,115.0,119.0,130.0,71.0,1000.5490196347237,1000.6549019813538,1000.7294117808342,1000.8196078538895,1000.9372549057007,2000.8431372642517,3000.505882382393,3000.6549019813538,3000.7490196228027,3001.0,174.48348846435547,182.16226196289062,187.0516815185547,190.91871032714843,194.25643920898438,197.461572265625,200.80138549804687,204.9558074951172,212.12933349609375,347.69451904296875,240.07175,0.0,test_data/Useful/Validation/rice-at-1-ft/20241108_084837_065.jpg,2564.0,997.0,27.075260119996415
36,20.48,28.48,31.0,33.0,36.2,38.0,40.68000000000001,43.0,44.0,46.400000000000006,48.0,48.0,49.0,50.0,50.0,51.0,52.0,52.31999999999999,53.0,53.80000000000001,54.0,55.0,57.0,58.0,58.0,58.0,59.0,60.0,60.0,61.0,61.0,62.0,63.0,64.0,64.39999999999998,65.0,66.0,67.0,67.0,67.0,68.0,68.0,69.0,70.0,70.0,71.0,71.0,72.0,72.75999999999999,73.0,74.0,75.0,75.0,76.0,76.0,77.0,77.0,78.0,78.0,79.0,79.0,80.0,80.0,81.0,82.0,82.0,83.0,83.0,84.0,84.79999999999995,86.0,86.0,87.0,87.0,88.0,89.0,89.0,89.72000000000003,90.0,91.0,92.0,93.0,93.91999999999996,94.0,95.0,96.0,97.0,99.0,99.36000000000001,101.0,101.0,103.0,104.0,105.0,107.0,108.03999999999996,110.27999999999997,113.0,118.75999999999999,136.0,67.0,1000.5529412031174,1000.6588235497475,1000.7333333492279,1000.8235294222832,1000.9529411792755,2000.8549019694328,3000.517647087574,3000.6549019813538,3000.7529411911964,3001.0,174.54464721679688,182.1304504394531,187.03468322753906,190.88799438476562,194.24024200439453,197.4526397705078,200.80381622314454,204.95001220703125,212.05320739746094,347.6349182128906,239.85995,0.0,test_data/Useful/Validation/rice-at-1-ft/20241108_084837_066.jpg,2548.0,967.0,25.70045769012367
37,23.0,26.0,29.72,32.96,34.0,36.44,40.68000000000001,42.0,44.0,44.0,46.0,47.0,48.0,49.0,50.0,51.84,53.0,53.0,54.0,55.0,56.0,56.0,57.0,58.0,59.0,60.0,60.0,62.0,62.0,63.0,63.0,64.0,64.0,65.0,66.0,68.0,68.88,69.0,69.0,70.0,70.0,71.0,71.0,71.56,72.0,73.0,73.0,73.0,73.75999999999999,74.0,74.0,75.0,75.0,76.0,77.0,77.0,77.67999999999995,78.0,79.0,79.0,80.0,80.0,81.0,81.0,82.0,82.0,83.0,84.0,84.0,85.0,85.0,86.0,87.0,87.0,88.0,88.24000000000001,89.48000000000002,90.0,90.0,91.0,92.0,93.0,94.0,95.0,97.0,97.63999999999999,98.88,99.0,100.0,100.0,101.84000000000003,103.0,103.32000000000005,105.0,107.0,107.0,110.27999999999997,113.0,118.27999999999997,133.0,73.0,1000.5568627715111,1000.6588235497475,1000.7372549176216,1000.8274509906769,1000.9647058844566,2000.9019607901573,3000.533333361149,3000.662745118141,3000.7529411911964,3001.0,174.64020690917968,182.18875122070312,187.09146118164062,190.90147399902344,194.27188110351562,197.47570190429687,200.85494995117188,204.94064331054688,212.18695068359375,347.62738037109375,240.95901,0.0,test_data/Useful/Validation/rice-at-1-ft/20241108_084837_067.jpg,2584.0,1011.0,28.92294105696951
38,21.240000000000002,25.48,27.0,30.0,31.200000000000003,37.0,40.0,41.0,43.0,44.0,46.0,48.0,49.0,50.0,52.0,52.0,53.0,53.0,54.0,56.0,57.0,58.0,59.0,59.75999999999999,60.0,61.0,62.0,62.0,63.0,64.0,64.0,65.0,65.92000000000002,66.0,67.0,67.0,68.0,68.0,68.0,69.0,69.0,70.0,71.0,71.0,72.0,73.0,73.27999999999997,74.0,74.0,74.0,75.0,75.0,76.0,76.0,76.0,77.0,77.0,78.0,78.0,79.0,79.63999999999999,80.0,81.0,81.0,82.0,82.0,83.0,83.0,84.0,84.0,85.0,86.0,86.0,87.0,87.0,88.24000000000001,89.0,90.0,90.0,91.0,92.0,93.0,93.0,94.0,95.0,95.63999999999999,96.88,97.0,99.0,100.0,101.0,103.0,105.0,107.0,110.79999999999995,115.0,116.0,120.0,121.75999999999999,131.0,74.0,1000.5529412031174,1000.6588235497475,1000.7333333492279,1000.8235294222832,1000.9607843160629,2000.89411765337,3000.533333361149,3000.662745118141,3000.7529411911964,3001.0,174.4609405517578,182.08543090820314,187.05152740478516,190.87808227539062,194.2280731201172,197.474365234375,200.87655639648438,205.016845703125,212.12725830078125,347.655029296875,240.28903,0.0,test_data/Useful/Validation/rice-at-1-ft/20241108_084837_068.jpg,2516.0,1005.0,31.36288856013627
39,23.240000000000002,28.48,34.16,36.0,37.2,39.0,41.0,42.92,44.0,45.400000000000006,46.0,47.0,48.0,49.0,50.0,51.0,53.0,54.0,55.0,56.0,56.0,58.0,58.0,59.0,59.0,60.0,61.0,61.0,62.0,63.0,63.0,64.0,65.0,65.0,66.0,66.0,67.0,67.0,67.36000000000001,68.0,68.0,69.0,69.0,70.0,70.0,71.0,72.0,72.0,73.0,73.0,74.0,75.0,75.0,76.0,76.0,77.0,77.67999999999995,78.0,79.0,79.0,79.0,80.0,80.0,80.0,81.0,82.0,82.0,83.0,83.0,83.79999999999995,85.0,85.0,86.0,86.0,87.0,88.0,88.0,89.0,90.0,91.0,91.0,93.0,93.0,94.0,95.0,96.0,97.0,98.0,98.0,99.60000000000002,101.0,102.0,102.32000000000005,103.0,106.0,108.03999999999996,112.0,113.51999999999998,115.0,132.0,80.0,1000.5647059082985,1000.6666666865349,1000.745098054409,1000.839215695858,2000.2745098173618,3000.1254902035,3000.5529412031174,3000.6705882549286,3000.760784327984,3001.0,174.4653106689453,182.19752197265626,186.99894256591796,190.84234619140625,194.21937561035156,197.41908569335936,200.83050537109375,204.97230529785156,212.23236083984375,347.69586181640625,240.32407,0.0,test_data/Useful/Validation/rice-at-1-ft/20241108_084837_069.jpg,2623.0,1038.0,27.583506011916583
40,20.96,28.48,31.72,34.96,37.0,40.44,42.0,43.92,45.0,46.0,47.0,47.879999999999995,48.0,49.0,50.0,51.0,53.0,54.0,54.0,55.0,56.0,57.0,57.0,58.0,59.0,59.0,60.0,61.0,61.0,62.0,63.44,64.0,65.0,65.0,66.0,66.0,67.0,67.0,68.0,69.0,69.0,70.0,70.0,70.56,71.0,72.0,72.0,72.0,72.0,73.0,73.0,73.0,74.0,75.0,76.0,76.0,76.0,77.0,77.0,77.0,78.0,78.0,79.0,80.0,80.0,80.0,81.0,82.0,83.0,83.0,84.0,85.0,85.0,86.0,87.0,88.0,89.0,90.0,91.0,91.20000000000005,93.0,93.67999999999995,94.91999999999996,97.0,97.0,98.0,98.0,99.0,101.0,102.0,103.0,104.08000000000004,105.32000000000005,107.0,109.0,112.0,113.0,116.0,119.75999999999999,141.0,72.0,1000.5686274766922,1000.6705882549286,1000.7529411911964,1000.8470588326454,2000.3490196168423,3000.1725490242243,3000.556862771511,3000.6705882549286,3000.760784327984,3001.0,174.6829376220703,182.2181854248047,187.11260986328125,190.9818878173828,194.31890869140625,197.49069213867188,200.87545776367188,204.98898315429688,212.27052307128906,347.7496643066406,239.41103,0.0,test_data/Useful/Validation/rice-at-1-ft/20241108_084837_070.jpg,2578.0,1016.0,21.91738627110566
41,26.48,32.0,35.72,37.0,40.0,43.0,45.0,46.0,47.0,48.0,49.0,50.879999999999995,51.120000000000005,52.0,53.0,54.0,55.0,55.0,56.0,56.0,57.0,58.0,58.0,59.0,60.0,61.0,62.0,62.0,63.0,63.0,64.0,64.68,65.0,65.16000000000003,66.39999999999998,67.0,68.0,68.0,68.36000000000001,69.60000000000002,70.0,71.0,71.0,72.0,72.0,73.0,73.27999999999997,74.0,75.0,75.0,76.0,76.0,77.0,78.0,78.0,79.0,79.0,79.91999999999996,80.0,80.0,81.0,81.0,82.0,83.0,83.0,83.0,84.08000000000004,85.0,85.0,86.0,86.0,87.0,87.0,88.0,88.0,89.0,89.0,90.0,91.0,92.0,93.0,94.0,95.0,95.15999999999997,96.39999999999998,98.0,98.0,100.0,101.0,101.0,102.0,103.0,105.0,106.0,108.0,112.0,113.0,120.51999999999998,125.51999999999998,137.0,83.0,1000.5725490450859,1000.6745098233223,1000.7568627595901,1000.8509804010391,2000.3725490272045,3000.203921571374,3000.5647059082985,3000.6745098233223,3000.760784327984,3001.0,174.4642303466797,182.0877258300781,186.9712921142578,190.8517303466797,194.22039794921875,197.40843811035157,200.78504943847656,204.98704528808594,212.25048828125,347.71807861328125,240.93219,0.0,test_data/Useful/Validation/rice-at-1-ft/20241108_084837_071.jpg,2479.0,1020.0,31.50326560782739
42,23.240000000000002,31.96,35.0,36.96,39.0,39.44,42.0,43.92,46.16,48.0,49.0,50.0,51.0,52.0,53.599999999999994,55.0,55.0,56.0,56.56,57.0,58.0,59.0,59.0,59.0,60.0,61.0,62.0,62.72000000000003,63.0,63.19999999999999,64.0,65.0,66.0,66.0,67.0,67.0,68.0,69.0,69.36000000000001,70.0,70.0,71.0,71.0,72.0,72.0,72.0,73.0,73.0,74.0,74.0,74.0,75.0,75.0,76.0,76.20000000000005,77.0,77.0,78.0,79.15999999999997,80.0,81.0,82.0,82.0,82.36000000000001,83.0,84.0,84.0,85.0,85.0,86.0,87.0,88.0,89.0,89.0,90.0,90.24000000000001,91.0,92.0,92.0,93.0,94.0,95.0,95.0,96.0,97.0,97.63999999999999,98.0,99.0,100.0,101.0,102.0,103.0,104.32000000000005,106.0,107.0,109.0,111.0,113.51999999999998,118.75999999999999,131.0,72.0,1000.5725490450859,1000.678431391716,1000.7607843279839,1000.8549019694328,2000.3843137323856,3000.2235294133425,3000.5647059082985,3000.6745098233223,3000.760784327984,3001.0,174.39286346435546,182.07444763183594,186.94799041748047,190.77898864746095,194.08204650878906,197.3422821044922,200.79385375976562,204.97686767578125,212.3065948486328,347.7296142578125,240.89339,0.0,test_data/Useful/Validation/rice-at-1-ft/20241108_084837_072.jpg,2536.0,1063.0,29.986095123715693
43,22.0,28.0,29.72,35.0,38.0,39.0,41.68000000000001,42.92,45.0,45.0,46.0,47.0,48.0,49.0,51.0,51.84,53.0,54.0,55.0,56.0,56.03999999999999,57.0,58.0,58.0,59.0,60.0,61.0,62.0,63.0,63.0,64.0,64.68,65.0,66.0,66.0,66.0,67.0,68.0,68.0,68.0,69.0,69.0,70.0,71.0,71.0,72.0,73.0,73.0,74.0,74.0,75.0,75.0,76.0,76.0,77.0,77.0,78.0,78.0,79.0,79.0,80.0,80.0,81.0,82.0,82.0,83.0,83.0,84.0,84.0,84.0,85.0,86.0,86.0,86.75999999999999,88.0,88.0,89.0,89.0,90.0,91.0,91.44000000000005,93.0,94.0,95.15999999999997,96.0,97.0,98.0,98.0,100.0,101.0,103.0,104.0,106.0,106.0,108.0,110.0,111.0,115.0,118.0,125.0,84.0,1000.5803921818733,1000.6823529601097,1000.7647058963776,1000.8588235378265,2000.4509803950787,3000.23137255013,3000.568627476692,3000.6745098233223,3000.760784327984,3001.0,174.66763763427736,182.23726501464844,187.1006607055664,190.91253662109375,194.25738525390625,197.4671173095703,200.8909454345703,205.11680603027344,212.38412475585938,347.7258605957031,240.64465,0.0,test_data/Useful/Validation/rice-at-1-ft/20241108_084837_073.jpg,2609.0,1029.0,28.82118467921936
44,21.0,27.48,32.0,35.0,37.2,40.0,42.0,43.0,45.16,47.0,48.0,48.879999999999995,50.0,50.360000000000014,51.0,52.0,53.0,54.0,54.0,54.0,55.0,57.0,57.0,57.0,58.0,59.0,61.0,62.0,63.0,63.0,64.0,64.0,65.0,65.0,66.0,66.0,67.0,67.0,68.0,68.0,69.0,69.0,70.0,70.0,70.80000000000001,71.0,71.0,72.0,72.0,73.0,73.0,74.0,74.0,75.0,76.0,76.0,76.0,76.91999999999996,77.0,77.39999999999998,78.0,78.0,79.0,80.0,80.0,81.0,81.0,82.0,83.0,83.0,85.0,85.0,85.51999999999998,86.0,87.0,87.0,88.0,89.0,89.0,90.20000000000005,92.0,93.0,93.91999999999996,94.0,95.39999999999998,96.63999999999999,97.0,98.0,99.36000000000001,100.60000000000002,101.0,103.0,104.0,106.0,108.0,109.03999999999996,112.27999999999997,116.0,119.75999999999999,143.0,76.0,1000.5803921818733,1000.6823529601097,1000.7686274647713,1000.8627451062202,2000.4627451002598,3000.2509804069996,3000.568627476692,3000.678431391716,3000.760784327984,3001.0,174.5241714477539,182.0911895751953,186.93755035400392,190.72377319335936,194.11056518554688,197.3992126464844,200.7835922241211,204.94638061523438,212.2322235107422,347.74285888671875,240.85616,0.0,test_data/Useful/Validation/rice-at-1-ft/20241108_084837_074.jpg,2611.0,1043.0,29.534219489288418
45,22.72,29.0,31.0,34.0,36.0,38.44,40.68000000000001,42.0,43.0,44.0,45.0,46.0,47.0,48.0,49.0,50.84,52.0,53.31999999999999,54.0,55.0,56.0,57.0,57.52000000000001,58.0,59.0,59.0,60.0,61.0,61.95999999999998,62.0,63.0,64.0,65.0,65.0,66.0,66.0,67.0,68.0,68.36000000000001,69.0,70.0,70.07999999999998,71.0,72.0,72.0,72.0,73.0,73.0,74.0,74.0,75.0,75.0,75.0,76.0,76.0,77.0,77.0,77.0,78.0,78.0,79.0,79.88,80.0,80.0,81.0,81.0,81.08000000000004,82.0,82.0,83.0,84.0,85.0,85.0,86.0,87.0,87.0,88.0,88.0,89.0,89.20000000000005,90.0,91.0,93.0,94.0,95.0,95.0,96.0,96.12,98.0,99.0,101.0,101.08000000000004,102.32000000000005,104.0,105.0,106.0,109.0,112.0,117.75999999999999,125.0,72.0,1000.5803921818733,1000.6823529601097,1000.7686274647713,1000.8627451062202,2000.4392156898975,3000.2078431397676,3000.5647059082985,3000.6745098233223,3000.760784327984,3001.0,174.29747009277344,181.86904602050782,186.76435241699218,190.63138732910156,193.9644012451172,197.24668884277344,200.693115234375,204.96437072753906,212.30043029785156,347.72821044921875,241.18216,0.0,test_data/Useful/Validation/rice-at-1-ft/20241108_084837_075.jpg,2675.0,1032.0,31.349114391473446
46,25.0,29.48,32.72,36.0,39.0,41.0,42.0,43.0,45.0,46.400000000000006,48.0,49.0,51.0,52.0,53.0,54.0,55.0,56.0,57.0,57.0,57.03999999999999,58.0,59.0,59.75999999999999,60.0,61.0,61.0,62.0,62.0,63.0,64.0,64.0,64.92000000000002,65.0,66.0,66.0,67.0,67.12,68.0,68.0,69.0,69.0,70.0,70.0,71.0,71.04000000000002,72.0,72.0,73.0,73.0,74.0,74.0,75.0,75.0,76.0,76.0,76.0,77.0,77.0,78.0,78.0,79.0,80.0,80.0,81.60000000000002,82.0,82.0,82.0,83.0,83.0,83.03999999999996,84.0,85.0,85.0,86.0,86.0,87.0,87.0,88.0,89.0,89.0,90.0,91.0,92.0,93.0,93.63999999999999,95.0,95.0,97.0,98.0,99.0,100.08000000000004,102.0,103.55999999999995,105.0,107.0,110.55999999999995,114.0,120.51999999999998,137.0,82.0,1000.5882353186607,1000.6862745285034,1000.772549033165,1000.8627451062202,2000.4274509847164,3000.215686276555,3000.568627476692,3000.678431391716,3000.760784327984,3001.0,174.18301391601562,181.94974365234376,186.8494659423828,190.62985229492188,194.0189971923828,197.32388305664062,200.7520294189453,205.0033416748047,212.34317016601562,347.72833251953125,239.47035,0.0,test_data/Useful/Validation/rice-at-1-ft/20241108_084837_076.jpg,2704.0,1053.0,33.5627805979638
47,18.240000000000002,29.44,33.0,37.0,39.0,40.44,41.68000000000001,43.0,45.0,46.0,47.0,48.0,50.0,51.0,52.599999999999994,53.0,54.0,55.0,55.0,56.0,57.0,57.0,58.0,58.0,59.0,59.0,60.0,60.0,61.0,62.0,63.0,63.0,64.0,65.0,65.0,65.63999999999999,66.0,67.0,67.0,68.0,69.0,69.0,70.0,70.0,70.0,71.0,72.0,72.0,72.0,73.0,74.0,74.0,75.0,75.0,76.0,76.0,76.0,76.91999999999996,77.0,78.0,78.0,79.0,80.0,81.0,81.0,82.0,82.08000000000004,83.0,83.0,84.0,84.0,85.0,85.0,86.0,87.0,87.24000000000001,88.0,89.0,89.0,90.0,91.0,92.0,92.0,94.0,95.0,96.0,97.0,98.0,99.0,99.60000000000002,101.0,102.0,104.0,104.0,106.0,108.0,109.0,112.51999999999998,118.0,135.0,76.0,1000.5960784554482,1000.6941176652908,1000.7803921699524,1000.8705882430077,2000.4823529422283,3000.2470588237047,3000.5764706134796,3000.6823529601097,3000.7647058963776,3001.0,174.38640289306642,182.03489685058594,186.87557983398438,190.74754333496094,194.11480712890625,197.34042358398438,200.73585510253906,204.91209411621094,212.186767578125,347.73626708984375,240.41492,0.0,test_data/Useful/Validation/rice-at-1-ft/20241108_084837_077.jpg,2698.0,1028.0,28.996228970141413
48,21.48,28.0,31.0,34.0,35.0,39.0,39.68000000000001,42.0,43.0,45.0,46.64,47.0,48.120000000000005,50.0,51.0,52.0,53.0,54.0,55.0,56.0,56.03999999999999,57.0,58.0,59.0,60.0,60.0,61.0,62.0,62.0,63.0,63.0,64.0,64.0,65.0,66.0,66.0,67.0,67.0,68.0,68.60000000000002,69.0,70.0,70.0,71.0,71.0,72.0,72.27999999999997,73.0,73.75999999999999,74.0,75.0,75.0,76.0,76.0,76.0,77.0,78.0,78.0,78.15999999999997,79.0,80.0,80.0,81.0,81.0,82.0,82.0,83.0,83.0,84.0,84.79999999999995,85.0,85.0,86.0,86.0,87.0,88.0,89.0,89.0,89.96000000000004,90.0,91.0,91.0,92.0,93.0,94.0,95.0,95.0,96.0,97.0,98.0,99.0,100.0,101.0,102.0,104.0,106.0,108.0,113.51999999999998,119.75999999999999,132.0,85.0,1000.6000000238419,1000.6980392336845,1000.7882353067398,1000.8784313797951,2000.5137255191803,3000.2784313857555,3000.5803921818733,3000.6862745285034,3000.7686274647713,3001.0,174.25643920898438,181.96127319335938,186.91400146484375,190.7881317138672,194.14932250976562,197.39627685546876,200.7890426635742,205.0147705078125,212.27830505371094,347.7896423339844,241.17685,0.0,test_data/Useful/Validation/rice-at-1-ft/20241108_084837_078.jpg,2638.0,1053.0,29.654291732365298
49,22.240000000000002,26.92,31.72,34.0,37.2,40.0,42.0,44.0,45.0,46.0,48.0,49.0,50.0,51.0,52.599999999999994,54.0,54.0,55.0,56.0,56.0,57.0,58.0,58.0,59.0,60.0,60.0,61.0,61.0,62.0,63.0,63.0,64.0,64.0,65.0,65.0,66.0,66.0,66.0,67.0,68.0,69.0,69.0,69.32,70.0,70.80000000000001,71.0,71.0,72.0,72.0,72.0,73.0,73.48000000000002,74.0,74.0,75.0,75.0,76.0,76.0,77.0,77.39999999999998,78.0,78.0,79.0,79.0,80.0,80.0,80.0,81.0,81.0,82.0,82.0,83.0,84.0,84.0,86.0,86.0,87.0,88.0,89.0,90.0,90.0,90.0,91.0,92.0,92.0,93.0,94.0,95.0,96.0,97.0,99.0,100.0,102.0,103.0,104.0,106.03999999999996,109.0,112.0,116.0,128.0,72.0,1000.6039215922356,1000.7019608020782,1000.7921568751335,1000.8823529481888,2000.5372549295425,3000.2666666805744,3000.5803921818733,3000.6823529601097,3000.7686274647713,3001.0,174.37330627441406,181.92691040039062,186.8518295288086,190.65601196289063,194.0564422607422,197.30029296875,200.72425842285156,204.9302978515625,212.26358032226562,347.7676086425781,241.49228,0.0,test_data/Useful/Validation/rice-at-1-ft/20241108_084837_079.jpg,2708.0,1050.0,35.50980279635315
50,19.48,24.0,28.0,30.0,31.0,32.0,33.0,35.0,37.0,38.0,39.0,40.879999999999995,42.0,43.0,43.0,44.0,45.08000000000001,47.0,48.0,48.0,49.0,50.0,50.0,51.0,51.0,52.0,53.0,54.0,55.0,55.0,55.44,56.0,57.0,58.0,59.0,59.0,60.0,61.0,61.0,62.0,62.839999999999975,63.0,63.0,64.0,64.0,65.0,65.27999999999997,66.0,67.0,68.0,68.0,68.0,69.0,70.0,71.0,72.0,72.0,73.0,74.0,74.0,74.0,75.0,75.0,76.0,76.60000000000002,78.0,78.0,79.0,79.0,79.0,80.03999999999996,81.0,81.51999999999998,82.0,83.0,83.0,84.48000000000002,85.0,86.0,87.0,87.0,88.0,89.91999999999996,90.0,91.0,91.63999999999999,92.88,94.0,95.0,96.0,97.0,98.0,99.0,101.0,102.0,105.0,109.0,112.0,118.75999999999999,126.0,74.0,1000.486274510622,1000.6156862974167,1000.705882370472,1000.8274509906769,1000.9882352948189,2000.9137254953384,3000.43137255311,3000.584313750267,3000.6823529601097,3001.0,174.72476196289062,182.40623474121094,187.2430419921875,191.01600646972656,194.33554077148438,197.48440551757812,200.76255798339844,204.68411254882812,211.5369415283203,346.95306396484375,243.97462,0.0,test_data/Useful/Validation/rice-at-1-ft/20241108_084919_017.jpg,2227.0,900.0,32.1857630007713
51,19.0,21.0,24.439999999999998,28.96,31.0,33.44,34.68000000000001,36.0,37.0,38.0,40.0,40.0,41.0,42.0,43.0,44.84,45.08000000000001,47.0,48.0,48.80000000000001,49.0,50.0,50.52000000000001,51.0,52.0,52.0,54.0,54.0,54.0,55.0,56.0,56.0,56.920000000000016,57.0,58.0,58.0,59.879999999999995,60.0,61.0,61.0,62.0,62.0,63.0,64.0,64.0,64.04000000000002,65.0,66.0,66.0,67.0,68.0,68.0,69.0,69.0,70.0,70.44000000000005,71.0,72.0,72.15999999999997,73.0,74.0,74.88,76.0,77.0,77.0,78.0,78.0,79.0,79.0,79.0,80.03999999999996,81.0,82.0,82.75999999999999,83.0,84.0,84.0,84.0,85.0,86.0,86.44000000000005,87.0,88.0,89.0,90.0,90.0,91.0,92.0,93.36000000000001,95.0,96.0,97.08000000000004,99.32000000000005,101.55999999999995,102.0,106.0,108.27999999999997,111.0,119.0,135.0,79.0,1000.486274510622,1000.6156862974167,1000.7098039388657,1000.8274509906769,2000.06274510175,3000.019607843831,3000.4392156898975,3000.584313750267,3000.6823529601097,3001.0,174.6721649169922,182.31969299316407,187.22064208984375,190.98090209960938,194.3127899169922,197.49252624511718,200.76309814453126,204.80111999511718,211.6522216796875,346.981201171875,243.97902,0.0,test_data/Useful/Validation/rice-at-1-ft/20241108_084919_018.jpg,2286.0,918.0,26.603666720538794
52,18.240000000000002,25.0,26.0,31.96,34.0,35.0,36.0,39.0,40.0,41.0,41.64,42.0,43.120000000000005,44.0,45.0,45.0,46.0,46.31999999999999,47.0,48.0,48.0,49.28,51.0,51.0,52.0,52.0,53.0,53.72000000000003,54.0,55.0,55.0,55.0,56.0,57.0,57.0,58.0,59.0,61.0,61.0,61.60000000000002,62.0,62.079999999999984,63.0,63.0,64.0,65.0,65.0,65.51999999999998,66.0,67.0,67.0,68.0,68.0,68.0,69.0,70.0,70.0,71.0,71.0,72.0,72.0,73.0,74.0,75.0,75.0,76.0,77.0,77.0,78.0,79.0,79.0,80.0,81.0,82.0,83.0,84.0,84.0,85.0,86.0,86.0,87.0,87.0,88.0,88.15999999999997,89.0,90.0,91.0,92.0,93.0,94.0,96.0,97.08000000000004,99.0,101.0,101.0,106.0,108.0,110.51999999999998,118.51999999999998,140.0,55.0,1000.4901960790157,1000.6156862974167,1000.7098039388657,1000.8313725590706,2000.1176470592618,3000.086274512112,3000.4549019634724,3000.5882353186607,3000.6823529601097,3001.0,174.42872619628906,181.98233032226562,186.82095336914062,190.68951416015625,194.01414489746094,197.217041015625,200.53509521484375,204.56703186035156,211.49981689453125,346.92620849609375,243.67754,0.0,test_data/Useful/Validation/rice-at-1-ft/20241108_084919_019.jpg,2239.0,896.0,25.74541911590412
53,21.0,24.0,29.0,30.0,31.0,33.44,36.0,37.0,39.31999999999999,42.0,42.64,43.0,45.0,45.360000000000014,46.0,47.0,48.0,48.0,49.0,49.0,50.0,50.0,51.0,52.0,53.0,54.0,54.0,55.0,56.0,56.0,57.0,57.0,58.0,58.0,59.0,59.0,60.0,60.0,60.0,61.0,62.0,63.0,63.31999999999999,64.0,64.80000000000001,65.0,65.0,66.0,66.0,67.0,68.0,68.0,69.0,69.0,69.0,70.0,70.67999999999995,71.0,72.0,72.0,73.0,74.0,74.0,74.36000000000001,75.60000000000002,76.0,76.08000000000004,77.0,78.55999999999995,79.0,80.0,81.0,81.0,82.0,83.0,83.0,84.0,84.0,85.0,86.0,86.0,87.0,87.0,88.15999999999997,89.0,90.0,91.0,92.0,93.0,94.0,95.0,96.0,97.0,99.0,100.0,102.0,105.0,106.0,109.75999999999999,136.0,59.0,1000.4980392158031,1000.6235294342041,1000.7215686440468,1000.8470588326454,2000.364705890417,3000.149019613862,3000.46274510026,3000.5921568870544,3000.6862745285034,3001.0,174.59634857177736,182.20941772460938,186.99525451660156,190.7966766357422,194.1066131591797,197.26385498046875,200.53466796875,204.6103057861328,211.59730529785156,347.0059509277344,242.80824,0.0,test_data/Useful/Validation/rice-at-1-ft/20241108_084919_020.jpg,2207.0,904.0,36.48352621852995
54,17.0,21.48,25.0,28.0,31.0,33.44,35.68000000000001,38.0,39.0,42.0,43.0,44.0,45.120000000000005,46.0,47.0,47.0,49.0,49.0,50.0,50.0,51.0,52.0,53.0,53.0,54.0,55.0,55.0,56.0,56.95999999999998,57.19999999999999,58.44,59.0,59.0,60.160000000000025,61.0,62.0,62.0,63.0,63.0,64.0,64.0,65.0,65.0,66.0,66.0,67.0,67.0,68.0,68.0,68.0,69.0,69.0,70.0,70.0,70.20000000000005,71.0,72.0,72.0,73.0,74.0,74.63999999999999,75.0,75.0,76.0,76.0,76.0,77.0,77.32000000000005,78.0,78.0,79.0,79.0,80.0,81.0,81.0,82.0,82.0,83.0,84.0,85.0,86.0,87.0,88.0,89.0,91.0,92.0,93.0,94.0,94.36000000000001,96.60000000000002,98.0,101.0,102.32000000000005,104.0,105.0,107.0,111.0,113.51999999999998,119.51999999999998,137.0,76.0,1000.4980392158031,1000.6235294342041,1000.7254902124405,1000.8509804010391,2000.4274509847164,3000.1529411822557,3000.4666666686535,3000.5921568870544,3000.6862745285034,3001.0,174.60247344970702,182.24332275390626,187.10428161621093,190.9225280761719,194.19210052490234,197.41109924316407,200.73557128906248,204.7822723388672,211.60108947753906,346.9816589355469,242.87447,0.0,test_data/Useful/Validation/rice-at-1-ft/20241108_084919_021.jpg,2145.0,861.0,24.73180130041628
55,16.0,24.48,28.72,30.0,32.0,33.0,34.0,36.92,38.16,40.0,42.0,43.0,44.0,45.0,46.0,47.0,47.0,48.0,49.0,50.0,50.0,51.0,52.0,53.0,54.0,54.0,55.0,56.0,56.0,57.0,58.0,58.0,60.0,60.0,60.0,60.0,61.0,61.0,62.0,62.0,63.0,63.0,63.31999999999999,64.0,65.0,65.0,66.0,67.0,67.75999999999999,68.0,68.0,69.48000000000002,70.0,71.0,71.0,72.0,72.0,73.0,73.0,74.0,75.0,75.0,76.0,76.0,77.0,77.0,78.0,78.0,79.0,79.0,80.0,80.0,81.0,82.0,83.0,83.0,84.0,84.0,84.0,85.0,85.0,86.0,87.91999999999996,89.0,89.0,91.0,91.88,93.0,94.0,94.0,95.0,97.08000000000004,98.32000000000005,100.55999999999995,102.0,105.03999999999996,107.0,110.51999999999998,116.75999999999999,131.0,60.0,1000.4980392158031,1000.6274510025978,1000.7294117808342,1000.8549019694328,2000.4980392158031,3000.1843137294054,3000.474509805441,3000.596078455448,3000.690196096897,3001.0,174.517822265625,182.1467742919922,186.98785400390625,190.8624755859375,194.16707611083984,197.36083984375,200.69134521484375,204.70175170898438,211.5440216064453,346.964111328125,242.10803,0.0,test_data/Useful/Validation/rice-at-1-ft/20241108_084919_022.jpg,2188.0,878.0,32.13382476529361
56,17.0,23.0,26.0,29.0,30.0,31.0,33.0,34.92,37.0,38.0,39.64,41.0,42.0,42.360000000000014,43.599999999999994,45.0,46.0,46.31999999999999,47.0,48.0,49.0,49.0,50.0,51.0,51.0,52.0,53.0,54.0,54.0,56.0,57.0,58.0,58.0,59.0,60.0,60.0,61.0,61.120000000000005,62.0,63.0,63.0,64.0,65.0,65.0,66.0,67.0,67.0,67.0,68.0,68.0,69.0,69.0,70.0,71.0,71.20000000000005,72.44000000000005,73.0,74.0,74.0,75.0,76.0,76.0,76.0,77.0,77.0,78.0,79.0,79.0,80.0,81.0,82.0,82.0,82.0,82.0,84.0,85.0,85.0,86.0,86.96000000000004,88.0,88.0,89.0,90.0,91.0,92.0,93.0,94.88,96.0,97.36000000000001,98.0,99.0,100.0,101.0,103.0,103.0,105.0,106.0,108.51999999999998,116.0,127.0,82.0,1000.4980392158031,1000.6235294342041,1000.7294117808342,1000.8509804010391,2000.5058823823929,3000.188235297799,3000.474509805441,3000.600000023842,3000.690196096897,3001.0,174.67279205322265,182.3127899169922,187.17877197265625,190.98233032226562,194.30055236816406,197.48130493164064,200.78399658203125,204.66490173339844,211.54161071777344,346.9978332519531,242.50671,0.0,test_data/Useful/Validation/rice-at-1-ft/20241108_084919_023.jpg,2223.0,909.0,27.925668141219816
57,14.200000000000001,20.48,24.72,27.0,30.200000000000003,31.439999999999998,33.68000000000001,35.0,36.0,37.0,38.0,40.0,40.120000000000005,43.0,44.0,45.0,46.0,46.31999999999999,47.56,48.0,49.0,50.0,51.0,51.75999999999999,52.0,53.0,54.0,54.0,55.95999999999998,56.0,57.0,57.68000000000001,58.0,59.0,59.39999999999998,60.0,61.0,61.0,62.0,63.0,64.0,64.0,65.0,65.0,65.0,66.0,66.0,67.0,67.0,68.0,68.0,68.0,69.0,70.0,70.20000000000005,71.0,71.0,72.0,72.0,73.0,73.0,75.0,75.0,76.0,76.60000000000002,77.0,78.0,79.0,79.0,80.0,81.0,82.0,83.0,83.0,84.0,84.0,85.0,85.0,86.0,86.0,87.0,88.0,88.0,89.0,91.0,92.0,92.0,93.0,95.0,96.0,98.0,99.0,100.32000000000005,103.0,104.79999999999995,106.03999999999996,109.0,112.51999999999998,119.51999999999998,132.0,84.0,1000.4980392158031,1000.6235294342041,1000.7294117808342,1000.8509804010391,2000.5058823823929,3000.1803921610117,3000.470588237047,3000.596078455448,3000.690196096897,3001.0,174.70901489257812,182.26893005371093,187.12088012695312,190.8905792236328,194.20071411132812,197.4002685546875,200.6755828857422,204.64036560058594,211.41030883789062,346.9445495605469,243.75043,0.0,test_data/Useful/Validation/rice-at-1-ft/20241108_084919_024.jpg,2238.0,930.0,30.77116962181918
58,19.240000000000002,23.0,27.0,29.0,31.200000000000003,33.0,35.0,37.0,38.0,39.0,40.0,41.0,42.120000000000005,44.0,44.0,45.0,46.0,48.0,49.0,49.80000000000001,50.0,50.28,51.52000000000001,53.0,54.0,54.24000000000001,55.48000000000002,56.0,57.0,58.0,59.0,59.0,60.0,60.0,61.0,61.0,61.0,62.0,63.0,64.0,64.0,65.0,65.0,66.0,66.0,67.0,67.0,68.0,69.0,69.0,69.24000000000001,70.0,70.0,71.0,71.0,71.0,72.0,72.0,73.0,74.0,74.0,75.0,75.12,76.0,77.0,77.0,78.0,78.0,79.0,80.0,81.0,81.27999999999997,82.0,83.0,84.0,85.0,86.0,86.0,87.96000000000004,89.0,89.0,91.0,92.0,93.0,93.0,95.0,96.0,97.0,97.36000000000001,98.0,99.0,100.0,101.0,101.55999999999995,104.0,106.0,107.27999999999997,109.0,113.75999999999999,133.0,71.0,1000.4980392158031,1000.6274510025978,1000.7294117808342,1000.8549019694328,2000.5411764979362,3000.188235297799,3000.470588237047,3000.596078455448,3000.694117665291,3001.0,174.87266540527344,182.607666015625,187.3944091796875,191.15127563476562,194.51620483398438,197.6486053466797,200.86685180664062,204.86626892089845,211.48194885253906,347.0238952636719,244.7439,0.0,test_data/Useful/Validation/rice-at-1-ft/20241108_084919_025.jpg,2289.0,920.0,33.135034713649674
59,20.48,25.48,29.72,31.96,34.0,35.0,35.0,37.0,39.0,40.0,41.0,42.0,43.120000000000005,44.0,45.0,46.0,47.0,48.0,49.0,49.0,50.0,51.0,51.0,52.0,52.0,53.0,53.0,54.0,55.0,56.0,57.0,57.0,58.0,59.0,60.0,60.0,60.879999999999995,61.0,62.0,63.0,63.0,64.0,65.0,66.0,67.0,68.0,68.0,69.0,69.75999999999999,70.0,71.0,71.0,72.0,73.0,73.0,73.0,74.0,75.0,75.0,75.0,76.0,76.0,77.0,77.0,77.0,78.0,79.0,79.32000000000005,80.55999999999995,81.0,81.03999999999996,82.0,83.0,84.0,84.0,85.0,87.0,87.0,88.0,88.0,89.0,89.0,90.0,91.0,92.0,93.0,94.0,95.12,97.0,98.0,99.0,100.0,101.0,102.55999999999995,104.79999999999995,107.03999999999996,111.0,113.0,118.0,127.0,77.0,1000.4980392158031,1000.6274510025978,1000.7372549176216,1000.8588235378265,2000.6039215922356,3000.2078431397676,3000.4784313738346,3000.600000023842,3000.6980392336845,3001.0,174.87964324951173,182.4867919921875,187.27102813720703,191.0721893310547,194.4177703857422,197.55599975585938,200.802734375,204.69398498535156,211.44216918945312,347.0798034667969,244.75664,0.0,test_data/Useful/Validation/rice-at-1-ft/20241108_084919_026.jpg,2232.0,937.0,24.23355864741118
60,18.48,25.48,28.72,32.0,34.0,36.0,37.0,38.92,40.0,40.400000000000006,42.0,43.0,45.0,45.0,47.0,48.84,50.0,50.0,51.0,51.80000000000001,52.0,53.0,53.0,54.0,54.0,55.0,55.0,56.0,56.0,57.0,58.0,59.0,60.0,60.0,61.0,62.0,63.0,63.0,64.0,64.0,65.0,65.07999999999998,66.0,67.0,67.0,68.0,68.0,69.0,69.75999999999999,70.0,71.0,71.0,72.0,72.0,73.0,73.0,74.0,75.0,75.0,76.0,76.0,77.0,77.0,78.0,78.60000000000002,79.0,80.0,80.0,81.0,81.79999999999995,82.0,83.0,83.0,83.75999999999999,85.0,85.24000000000001,86.0,86.72000000000003,87.0,88.0,89.0,90.0,91.0,91.0,92.0,93.0,94.0,95.0,96.0,98.0,99.0,100.0,101.32000000000005,103.55999999999995,104.79999999999995,108.0,110.27999999999997,113.51999999999998,117.75999999999999,129.0,73.0,1000.5058823823929,1000.6352941393852,1000.7490196228027,1000.8705882430077,2000.6862745285034,3000.2509804069996,3000.4941176474094,3000.6078431606293,3000.7019608020782,3001.0,174.6719512939453,182.4000701904297,187.2799530029297,191.11349487304688,194.41376495361328,197.56796264648438,200.8250274658203,204.76309204101562,211.41647338867188,347.10540771484375,244.27611,0.0,test_data/Useful/Validation/rice-at-1-ft/20241108_084919_027.jpg,2233.0,885.0,29.56015503522065
61,21.0,23.92,29.72,32.0,34.0,35.0,35.68000000000001,38.92,40.16,42.0,43.0,44.0,45.0,46.0,47.0,48.0,49.0,50.0,50.0,51.0,52.0,52.0,53.0,55.0,55.0,55.24000000000001,56.48000000000002,57.0,58.0,58.0,59.0,60.0,60.0,61.0,61.0,62.0,63.0,63.0,64.0,64.0,65.0,66.0,66.0,67.0,67.80000000000001,68.0,69.0,70.51999999999998,71.0,71.0,72.0,73.0,73.0,73.0,74.0,74.0,74.67999999999995,75.0,75.15999999999997,76.39999999999998,77.0,78.0,78.0,79.0,79.0,80.0,80.0,80.32000000000005,81.0,82.0,83.0,83.0,84.0,84.75999999999999,85.0,85.0,86.0,86.72000000000003,87.0,88.0,88.0,89.0,90.0,91.0,92.0,93.0,94.0,95.0,96.36000000000001,98.0,98.0,100.0,100.32000000000005,102.55999999999995,105.0,106.03999999999996,112.0,114.51999999999998,119.75999999999999,135.0,73.0,1000.5058823823929,1000.6392157077789,1000.7490196228027,1000.8745098114014,2000.7215686440468,3000.2666666805744,3000.498039215803,3000.611764729023,3000.7019608020782,3001.0,174.99189453125,182.45626831054688,187.32876586914062,191.09178161621094,194.41957092285156,197.51971435546875,200.84232177734376,204.81219482421875,211.43649291992188,347.1440124511719,243.8711,0.0,test_data/Useful/Validation/rice-at-1-ft/20241108_084919_028.jpg,2338.0,938.0,34.08975252543623
62,17.96,26.0,27.72,30.96,32.0,35.0,37.0,39.0,41.0,42.0,42.0,43.879999999999995,45.0,45.0,46.0,47.0,49.0,49.0,50.0,51.0,52.0,53.0,53.0,54.0,55.0,57.0,57.0,58.0,58.95999999999998,59.0,60.0,60.0,61.0,61.160000000000025,62.0,62.639999999999986,64.0,64.0,65.0,65.0,66.0,67.0,68.0,68.0,68.0,69.0,70.0,70.0,71.0,71.0,72.0,72.48000000000002,73.0,73.96000000000004,74.0,74.0,75.0,75.0,76.0,76.0,77.0,77.88,78.0,79.0,79.0,80.0,81.0,81.0,82.0,83.0,83.0,84.0,85.0,86.0,86.0,87.0,87.0,88.0,89.0,89.20000000000005,91.0,91.0,91.91999999999996,93.0,94.0,95.0,96.0,97.0,97.36000000000001,98.0,100.0,100.08000000000004,102.32000000000005,104.55999999999995,107.0,110.0,111.27999999999997,114.55999999999995,124.51999999999998,132.0,68.0,1000.517647087574,1000.65098041296,1000.7686274647713,1000.905882358551,2000.8039215803146,3000.313725501299,3000.517647087574,3000.6196078658104,3000.7098039388657,3001.0,174.89340209960938,182.53880310058594,187.3577911376953,191.1424560546875,194.41847229003906,197.5634582519531,200.7908477783203,204.65274047851562,211.20892333984375,347.17816162109375,243.71707,0.0,test_data/Useful/Validation/rice-at-1-ft/20241108_084919_029.jpg,2317.0,955.0,32.87313283170322
63,13.24,22.48,26.439999999999998,29.96,33.0,35.0,37.0,38.92,41.0,42.0,43.0,44.879999999999995,46.0,46.0,47.0,48.0,49.0,50.0,51.0,52.0,52.0,53.0,54.0,54.0,54.0,55.0,56.48000000000002,57.0,58.0,59.0,59.0,60.0,60.0,61.0,61.39999999999998,62.0,63.0,63.120000000000005,64.0,65.0,65.0,66.0,66.0,67.0,68.0,68.0,69.0,69.0,70.0,70.0,71.0,72.0,72.0,73.0,74.0,74.0,75.0,75.0,76.0,76.0,77.0,77.0,78.0,78.0,79.0,80.0,80.0,81.0,81.0,82.0,83.0,84.0,84.0,85.0,86.0,86.0,87.0,87.0,87.96000000000004,88.0,89.0,90.0,90.0,91.0,93.0,94.0,95.88,96.12,98.0,99.0,101.0,102.0,103.0,104.0,108.59999999999991,111.03999999999996,114.0,115.51999999999998,122.27999999999997,139.0,54.0,1000.5215686559677,1000.6549019813538,1000.7764706015587,1000.9176470637321,2000.8235294222832,3000.3294117748737,3000.5215686559677,3000.6196078658104,3000.7098039388657,3001.0,174.9471435546875,182.54263305664062,187.37432861328125,191.18704223632812,194.52387237548828,197.685986328125,200.95665283203124,204.8307647705078,211.44676208496094,347.2079162597656,243.21214,0.0,test_data/Useful/Validation/rice-at-1-ft/20241108_084919_030.jpg,2320.0,924.0,36.192490363892475
64,13.200000000000001,22.48,28.0,31.92,34.0,35.44,38.0,39.0,40.0,41.400000000000006,43.0,43.879999999999995,44.120000000000005,45.0,46.0,48.0,49.0,49.31999999999999,50.0,51.0,52.0,53.0,54.0,55.0,56.0,57.0,57.48000000000002,58.72000000000003,59.0,60.0,61.0,61.68000000000001,62.0,63.0,63.0,64.0,64.0,64.12,65.0,66.0,67.0,67.0,68.0,69.0,69.0,70.0,70.0,71.0,71.0,72.0,72.24000000000001,73.0,74.0,75.0,76.0,76.0,76.0,77.0,78.0,79.0,79.0,79.0,80.0,80.0,80.0,81.0,81.0,81.32000000000005,82.55999999999995,83.0,84.0,84.27999999999997,85.0,86.0,87.0,88.0,88.48000000000002,89.0,89.96000000000004,90.0,91.0,91.0,92.0,93.0,94.0,94.63999999999999,95.0,96.0,97.0,98.0,99.0,100.0,101.0,102.0,104.79999999999995,108.0,109.0,111.51999999999998,116.51999999999998,123.0,81.0,1000.5294117927551,1000.6627451181412,1000.7882353067398,1000.972549021244,2000.866666674614,3000.352941185236,3000.529411792755,3000.627451002598,3000.7137255072594,3001.0,174.87669830322267,182.47439575195312,187.38389587402344,191.1717987060547,194.49352264404297,197.67650146484374,200.93276977539062,204.872900390625,211.43716278076175,347.2421569824219,243.39369,0.0,test_data/Useful/Validation/rice-at-1-ft/20241108_084919_031.jpg,2378.0,971.0,27.422926691167394
65,23.0,28.0,31.0,33.0,34.2,36.44,39.68000000000001,41.0,43.0,44.0,45.64,46.0,48.0,49.0,50.0,50.0,51.0,52.0,53.0,53.0,54.0,55.0,55.0,56.0,57.0,57.0,58.0,58.0,59.0,59.19999999999999,60.44,61.0,62.0,63.0,64.0,64.0,65.0,65.0,66.0,67.0,67.0,68.0,68.0,69.0,69.0,70.0,70.0,71.0,71.0,72.0,72.0,73.0,74.0,74.0,75.0,75.0,76.0,76.0,77.0,77.0,78.0,78.0,79.0,79.36000000000001,80.0,80.84000000000003,81.0,82.0,82.0,83.0,83.0,84.0,84.51999999999998,85.0,86.0,87.0,87.0,88.0,89.0,90.0,90.0,91.0,92.0,92.0,93.0,93.63999999999999,95.0,96.0,97.0,98.0,100.0,101.0,103.0,104.55999999999995,106.79999999999995,109.03999999999996,112.27999999999997,115.0,120.51999999999998,139.0,77.0,1000.5333333611488,1000.6705882549286,1000.8000000119209,2000.313725501299,3000.058823529631,3000.376470595598,3000.5372549295425,3000.6313725709915,3000.717647075653,3001.0,174.9761993408203,182.6656982421875,187.4820526123047,191.28851928710938,194.57008361816406,197.73321533203125,201.0193618774414,204.90555419921876,211.35588226318362,347.34381103515625,243.73276,0.0,test_data/Useful/Validation/rice-at-1-ft/20241108_084919_032.jpg,2338.0,957.0,28.8084129474271
66,21.240000000000002,28.0,34.0,35.96,36.0,37.44,38.0,39.92,41.16,43.400000000000006,44.0,46.0,47.0,48.0,49.0,50.0,50.08000000000001,52.0,53.0,53.0,54.0,54.28,55.0,56.0,56.0,57.0,58.0,58.0,59.0,60.0,60.0,61.0,62.0,62.0,63.0,64.0,64.0,65.0,66.0,66.0,67.0,67.07999999999998,68.0,68.0,69.0,70.0,71.0,71.0,72.0,72.0,73.0,74.0,74.0,75.0,76.0,76.0,77.0,77.0,78.0,78.0,79.0,80.0,81.0,81.0,82.0,82.0,83.0,83.0,84.0,85.0,85.0,86.0,87.0,87.0,88.0,89.0,89.48000000000002,90.0,91.0,92.0,93.0,93.67999999999995,94.0,95.0,96.0,97.0,98.0,100.0,101.0,102.0,102.0,103.0,104.0,106.0,107.0,109.0,113.0,117.0,122.51999999999998,131.0,72.0,1000.5333333611488,1000.6705882549286,1000.8039215803146,2000.3882353007793,3000.074509806931,3000.380392163992,3000.5411764979362,3000.6313725709915,3000.717647075653,3001.0,174.96205291748046,182.56448364257812,187.44725189208984,191.20128479003907,194.48309326171875,197.62169189453124,200.89266510009764,204.7620391845703,211.3345489501953,347.3405456542969,243.17157,0.0,test_data/Useful/Validation/rice-at-1-ft/20241108_084919_033.jpg,2347.0,965.0,29.451426905214078
67,23.72,29.48,31.72,34.0,36.0,38.0,40.0,41.0,42.0,43.0,46.0,48.0,51.0,52.0,53.0,53.0,54.0,55.0,55.56,56.0,57.0,57.0,58.0,58.0,59.0,59.0,60.0,61.0,61.0,62.0,63.0,63.0,63.0,64.0,65.0,65.0,66.0,66.0,67.0,67.0,67.0,68.0,68.32,69.0,70.0,71.0,71.0,72.0,72.0,73.0,74.0,74.48000000000002,75.0,76.0,76.0,77.0,77.0,78.0,78.0,79.0,79.0,79.88,81.0,81.0,82.0,82.0,83.0,83.0,83.0,84.0,84.0,85.0,85.51999999999998,86.0,87.0,88.0,88.0,89.72000000000003,90.0,91.0,91.0,91.67999999999995,92.0,93.0,93.0,94.0,95.0,95.12,97.0,98.0,99.84000000000003,101.08000000000004,103.32000000000005,104.0,106.0,108.03999999999996,111.27999999999997,114.0,119.0,123.0,83.0,1000.5333333611488,1000.678431391716,1000.8078431487083,2000.4705882370472,3000.0941176488996,3000.3843137323856,3000.5411764979362,3000.6313725709915,3000.717647075653,3001.0,174.98685455322266,182.5952941894531,187.4197204589844,191.2268859863281,194.49251556396484,197.61191101074218,200.86416625976562,204.7191162109375,211.2642822265625,347.3793029785156,241.33253,0.0,test_data/Useful/Validation/rice-at-1-ft/20241108_084919_034.jpg,2366.0,952.0,30.817391640381263
68,20.96,26.0,30.439999999999998,34.96,37.0,40.44,41.0,43.0,44.0,46.0,48.0,48.0,49.0,51.0,52.0,53.0,53.08000000000001,54.0,55.0,55.0,57.0,57.0,58.0,58.0,59.0,59.0,60.0,61.0,61.0,62.0,62.0,63.0,63.0,63.0,64.0,65.0,65.0,66.0,66.0,67.0,67.0,68.0,68.0,69.0,70.0,70.04000000000002,71.0,71.0,72.0,73.0,73.0,74.0,74.0,74.96000000000004,75.0,76.0,76.67999999999995,77.0,78.0,78.0,79.0,79.0,80.0,80.0,81.0,81.0,81.0,82.0,83.0,83.0,84.0,85.0,85.0,86.0,86.0,87.0,88.0,88.0,88.96000000000004,89.0,90.44000000000005,91.0,92.91999999999996,93.0,94.0,95.63999999999999,96.0,97.0,98.0,99.0,100.0,101.0,102.0,103.0,106.0,107.0,109.0,112.0,117.0,136.0,88.0,1000.5372549295425,1000.678431391716,1000.811764717102,2000.5019608139992,3000.1098039224744,3000.392156869173,3000.5411764979362,3000.6313725709915,3000.721568644047,3001.0,174.91949157714845,182.5306854248047,187.37281799316406,191.1875762939453,194.48281860351562,197.59002685546875,200.87730407714844,204.8116455078125,211.39340209960938,347.39398193359375,241.40384,0.0,test_data/Useful/Validation/rice-at-1-ft/20241108_084919_035.jpg,2448.0,966.0,28.28723906110257
69,24.0,30.44,33.0,34.96,38.0,41.0,42.0,44.0,45.0,47.0,48.64,50.0,51.0,52.0,53.0,54.0,55.0,56.0,56.0,57.0,58.0,58.0,59.0,60.0,61.0,61.24000000000001,62.0,62.0,63.0,63.0,64.0,64.0,65.0,65.0,66.0,66.0,67.0,68.0,68.0,69.0,70.0,70.0,71.0,71.0,72.0,72.0,73.0,73.0,74.0,74.0,75.0,75.0,76.0,76.0,77.0,77.0,77.0,78.0,79.0,79.0,80.0,80.0,81.0,81.0,82.0,82.0,83.0,84.0,84.55999999999995,85.0,86.0,86.27999999999997,87.0,88.0,89.0,89.0,90.0,90.0,91.0,92.0,92.0,93.0,94.0,95.0,95.0,96.0,97.0,98.0,99.0,100.0,101.0,101.0,104.0,106.0,108.0,110.0,113.27999999999997,117.51999999999998,120.75999999999999,129.0,62.0,1000.54509806633,1000.6862745285034,1000.8196078538895,2000.6078431606293,3000.160784319043,3000.4117647111416,3000.54509806633,3000.635294139385,3000.721568644047,3001.0,174.8348358154297,182.41699829101563,187.23634185791016,191.0001983642578,194.3091812133789,197.44448852539062,200.7235549926758,204.60130310058594,211.0828857421875,347.45330810546875,241.82117,0.0,test_data/Useful/Validation/rice-at-1-ft/20241108_084919_036.jpg,2355.0,975.0,28.471220621025942
70,20.0,22.48,27.0,29.0,31.0,32.44,35.0,36.0,37.0,38.0,39.0,40.0,41.120000000000005,42.360000000000014,44.0,44.0,45.08000000000001,46.0,47.0,48.0,49.0,50.0,50.0,50.75999999999999,51.0,52.0,53.0,53.72000000000003,54.0,55.0,56.0,56.0,57.0,58.160000000000025,59.0,60.0,60.0,61.0,61.0,62.0,62.0,63.0,63.0,64.0,65.0,66.0,67.0,68.0,68.75999999999999,69.0,69.0,70.0,70.0,70.0,71.0,71.0,72.0,72.0,73.0,73.0,73.0,74.0,74.0,75.0,75.0,76.0,76.0,76.32000000000005,77.0,78.0,78.0,79.0,80.0,80.75999999999999,81.0,82.0,83.0,84.0,85.0,86.0,87.0,87.67999999999995,88.91999999999996,90.0,90.0,91.0,92.0,92.0,93.0,95.0,96.84000000000003,97.0,99.0,100.0,102.0,104.0,106.0,111.0,114.75999999999999,126.0,73.0,1000.486274510622,1000.611764729023,1000.6941176652908,1000.772549033165,1000.8862745165825,2000.811764717102,3000.4117647111416,3000.600000023842,3000.7137255072594,3001.0,174.2816925048828,181.99020385742188,186.86474609375,190.71265869140626,194.03086853027344,197.1937713623047,200.55402526855468,204.60296630859375,211.49380493164062,347.1033935546875,242.08168,0.0,test_data/Useful/Validation/rice-at-1-ft/20241108_084919_077.jpg,2331.0,929.0,28.717038049163445
71,18.0,24.48,27.0,28.96,31.0,32.0,34.0,37.92,40.0,41.0,42.0,44.0,45.0,46.0,47.0,47.0,48.0,49.0,49.0,50.80000000000001,51.0,52.0,52.0,53.0,54.0,54.0,55.0,55.0,55.0,55.19999999999999,56.0,57.0,57.0,57.160000000000025,58.0,59.0,60.0,60.0,61.0,61.60000000000002,62.0,62.0,63.0,64.0,64.0,65.0,66.0,66.0,67.0,67.0,68.0,68.0,69.0,69.96000000000004,70.0,70.0,71.0,71.91999999999996,72.0,72.39999999999998,73.0,74.0,75.0,75.36000000000001,76.60000000000002,77.0,78.0,79.0,79.0,80.0,81.0,81.0,82.0,82.0,83.0,83.24000000000001,84.0,84.0,85.0,86.20000000000005,87.0,88.0,88.0,89.0,90.0,91.0,92.0,94.0,95.36000000000001,97.0,98.0,99.0,99.32000000000005,100.0,101.79999999999995,103.0,104.0,108.51999999999998,113.51999999999998,124.0,55.0,1000.486274510622,1000.611764729023,1000.6941176652908,1000.772549033165,1000.8823529481888,2000.800000011921,3000.4000000059605,3000.600000023842,3000.7137255072594,3001.0,174.38491821289062,182.06704711914062,186.93711853027344,190.738525390625,194.0625457763672,197.234765625,200.6062469482422,204.58734130859375,211.51734924316406,347.13031005859375,244.45734,0.0,test_data/Useful/Validation/rice-at-1-ft/20241108_084919_078.jpg,2258.0,921.0,30.44367758818796
72,20.0,21.48,24.72,27.0,28.200000000000003,31.439999999999998,33.0,34.92,36.0,38.400000000000006,40.0,41.0,42.0,44.0,45.0,45.0,45.0,46.0,47.0,48.0,49.0,50.0,51.0,52.0,52.0,52.24000000000001,53.0,54.0,55.0,55.19999999999999,56.0,57.0,57.0,58.0,59.0,59.0,59.0,60.0,60.0,61.0,61.0,62.0,63.0,63.0,63.0,64.0,65.0,66.0,66.0,67.0,67.0,68.0,69.0,69.0,70.0,70.0,71.0,71.0,72.15999999999997,73.0,74.0,74.88,75.0,75.0,76.0,77.0,78.0,78.0,79.0,80.0,81.0,81.0,82.0,82.0,82.0,83.0,84.0,84.0,85.0,86.0,86.0,87.0,88.0,88.0,89.0,89.63999999999999,90.0,91.0,92.0,93.0,94.0,95.0,96.32000000000005,98.0,99.79999999999995,103.0,105.0,106.51999999999998,115.27999999999997,123.0,59.0,1000.4823529422283,1000.611764729023,1000.6901960968971,1000.7686274647713,1000.8705882430077,2000.772549033165,3000.3843137323856,3000.596078455448,3000.7098039388657,3001.0,174.20361328125,181.8655212402344,186.76248779296876,190.58806762695312,193.95342254638672,197.13510437011718,200.4604721069336,204.50798950195315,211.50250244140625,347.1333312988281,245.101,0.0,test_data/Useful/Validation/rice-at-1-ft/20241108_084919_079.jpg,2292.0,929.0,30.80986140442318
73,16.0,22.0,24.0,26.0,29.0,30.439999999999998,33.0,34.0,35.0,36.400000000000006,38.64,39.879999999999995,40.0,42.0,43.0,43.84,44.0,45.0,45.0,46.80000000000001,48.0,48.28,49.0,49.75999999999999,50.0,51.0,52.0,52.0,53.95999999999998,55.0,55.0,55.68000000000001,56.0,57.0,58.0,59.0,59.0,60.0,60.0,61.0,61.0,62.0,63.0,63.56,64.0,65.0,65.27999999999997,66.0,66.0,67.0,68.0,69.0,69.0,70.0,71.0,71.0,72.0,73.0,73.0,74.0,74.0,74.88,75.0,75.0,76.0,76.0,77.0,78.0,78.0,78.0,79.0,79.27999999999997,80.0,81.0,81.0,82.0,83.0,83.0,84.0,85.0,86.0,87.0,87.91999999999996,88.0,89.0,90.0,91.0,93.0,95.0,97.0,98.0,100.0,101.0,102.0,104.0,105.03999999999996,107.0,110.03999999999996,114.51999999999998,123.0,74.0,1000.4823529422283,1000.611764729023,1000.6901960968971,1000.7686274647713,1000.8705882430077,2000.7568627595901,3000.380392163992,3000.596078455448,3000.7098039388657,3001.0,174.23496704101564,181.88238525390625,186.68231811523438,190.51919860839843,193.8534164428711,197.11033630371094,200.4284210205078,204.4843322753906,211.44776916503906,347.18328857421875,245.08322,0.0,test_data/Useful/Validation/rice-at-1-ft/20241108_084919_080.jpg,2203.0,900.0,28.36098225657736
74,15.48,21.48,26.0,29.0,31.0,33.44,35.0,36.0,36.0,37.0,38.0,40.0,41.120000000000005,43.360000000000014,45.0,45.0,45.0,46.0,47.0,48.0,48.03999999999999,49.0,50.0,50.0,51.0,52.0,52.0,53.0,54.0,55.0,55.0,56.0,56.0,57.0,58.0,58.0,58.0,59.0,59.0,60.0,61.0,62.0,63.0,63.0,63.0,64.0,64.27999999999997,65.51999999999998,67.0,67.0,67.0,68.0,69.0,69.0,70.0,70.0,71.0,71.0,72.0,73.0,74.0,74.88,75.0,76.0,76.0,77.0,78.0,78.0,78.0,78.0,79.0,80.0,80.0,81.0,82.0,83.0,83.48000000000002,84.0,84.0,84.20000000000005,85.44000000000005,87.0,88.0,89.0,89.0,90.0,91.0,91.12,92.0,93.0,94.0,96.0,97.0,98.55999999999995,101.0,105.0,107.27999999999997,111.51999999999998,118.75999999999999,132.0,78.0,1000.486274510622,1000.611764729023,1000.6901960968971,1000.7686274647713,1000.8784313797951,2000.7529411911964,3000.376470595598,3000.5921568870544,3000.7098039388657,3001.0,174.1951416015625,181.84842529296876,186.69873046875,190.52498779296874,193.82611083984375,197.00294494628906,200.33570861816406,204.39398193359375,211.36691284179688,347.13836669921875,245.10423,0.0,test_data/Useful/Validation/rice-at-1-ft/20241108_084919_081.jpg,2261.0,962.0,30.372220037455502
75,13.96,22.0,24.72,27.0,29.0,31.439999999999998,33.0,34.0,35.0,36.0,38.64,40.0,41.0,42.0,43.0,45.0,45.0,47.0,48.0,49.0,49.0,49.0,50.0,51.0,52.0,53.0,53.0,54.0,55.0,56.0,56.0,57.0,57.0,58.0,58.0,58.639999999999986,59.0,59.0,60.0,60.0,61.839999999999975,62.0,63.0,64.0,64.0,65.0,65.0,66.0,66.0,66.0,66.24000000000001,67.0,68.0,69.0,70.0,70.44000000000005,71.0,72.0,73.0,73.0,73.63999999999999,74.0,75.0,75.0,75.0,76.0,77.0,78.0,78.0,79.0,80.0,80.0,81.0,81.0,82.0,82.0,83.0,83.0,84.0,85.0,85.0,86.0,87.0,87.15999999999997,89.0,89.63999999999999,90.0,91.0,92.0,93.0,96.0,97.0,99.0,100.0,101.0,103.0,105.0,106.51999999999998,110.75999999999999,126.0,66.0,1000.486274510622,1000.611764729023,1000.6901960968971,1000.772549033165,1000.8862745165825,2000.772549033165,3000.3882353007793,3000.596078455448,3000.7098039388657,3001.0,174.3955078125,181.9794464111328,186.82158508300782,190.6038787841797,193.92156982421875,197.10794067382812,200.4322509765625,204.44129943847656,211.31759643554688,347.1820373535156,244.58336,0.0,test_data/Useful/Validation/rice-at-1-ft/20241108_084919_082.jpg,2220.0,916.0,35.33993332387809
76,14.72,19.96,22.0,25.0,26.0,28.0,29.0,32.0,34.0,36.0,38.0,39.0,40.120000000000005,41.0,42.599999999999994,43.84,45.0,46.31999999999999,47.56,48.0,50.0,50.0,51.0,53.0,53.0,54.0,54.48000000000002,55.0,55.0,56.0,56.0,57.0,58.0,58.0,58.39999999999998,59.0,59.0,60.0,60.0,61.0,61.839999999999975,62.0,62.0,63.0,64.0,64.0,65.0,65.0,65.75999999999999,66.0,66.0,67.0,67.0,68.0,68.0,69.0,69.0,70.0,71.0,71.0,72.0,72.0,73.0,74.0,74.0,75.0,75.0,76.0,77.0,78.0,78.0,79.0,80.0,80.0,81.0,82.0,83.0,84.0,85.0,86.0,86.0,86.0,87.0,88.0,88.0,89.0,89.0,91.0,91.0,93.0,95.0,96.0,98.0,99.0,100.0,105.0,107.0,108.51999999999998,113.0,125.0,66.0,1000.4901960790157,1000.6156862974167,1000.6941176652908,1000.7803921699524,1000.8941176533699,2000.784313738346,3000.407843142748,3000.6039215922356,3000.7137255072594,3001.0,173.97854614257812,181.71958923339844,186.57413940429686,190.4162109375,193.77175903320312,196.9986114501953,200.37469482421875,204.4370880126953,211.34237670898438,347.156494140625,246.11606,0.0,test_data/Useful/Validation/rice-at-1-ft/20241108_084919_083.jpg,2250.0,896.0,26.145340947737594
77,19.0,23.48,25.72,27.0,29.200000000000003,30.439999999999998,33.0,34.0,35.0,37.0,39.0,40.0,41.0,42.0,43.0,44.0,45.0,46.0,47.0,48.0,49.0,50.0,51.0,51.75999999999999,52.0,53.0,54.0,54.0,55.0,55.0,56.0,57.0,57.920000000000016,58.0,58.0,59.0,59.0,61.0,61.0,62.0,62.0,63.0,63.0,63.56,64.0,64.04000000000002,65.0,66.0,67.0,67.0,68.0,69.0,69.0,70.0,70.0,71.0,71.0,72.0,72.0,73.0,74.0,74.0,75.0,76.0,76.0,77.0,77.0,78.0,79.0,79.0,80.0,80.27999999999997,81.0,82.0,82.0,83.0,84.0,85.0,85.0,87.0,88.0,89.0,89.91999999999996,90.0,91.0,92.0,92.0,93.0,94.0,95.0,97.0,98.08000000000004,99.0,101.0,102.0,104.03999999999996,107.0,110.51999999999998,115.27999999999997,120.0,58.0,1000.4941176474094,1000.6196078658104,1000.6980392336845,1000.7843137383461,1000.8980392217636,2000.7921568751335,3000.4117647111416,3000.6039215922356,3000.7137255072594,3001.0,174.17648315429688,181.79400634765625,186.66273498535156,190.47006225585938,193.829345703125,197.03204345703125,200.33978271484375,204.38339233398438,211.34136962890625,347.15155029296875,244.8259,0.0,test_data/Useful/Validation/rice-at-1-ft/20241108_084919_084.jpg,2240.0,921.0,33.23573976347997
78,13.0,16.48,23.72,26.96,31.0,33.0,34.68000000000001,35.92,37.0,38.0,38.0,39.0,40.0,41.0,42.0,43.84,45.0,46.0,47.56,48.0,49.0,50.0,52.0,53.0,53.0,54.0,54.0,54.72000000000003,56.0,56.19999999999999,57.0,57.0,58.0,59.0,59.0,60.0,61.0,61.0,62.0,63.0,63.839999999999975,64.0,64.32,65.0,65.80000000000001,66.0,67.0,67.0,68.0,69.0,69.0,70.0,70.0,71.0,71.0,72.0,72.0,72.91999999999996,73.0,74.0,74.0,75.0,75.0,76.0,76.0,76.84000000000003,77.0,78.0,78.0,79.0,79.0,80.0,80.51999999999998,81.0,81.0,83.0,83.0,84.0,85.0,86.0,86.0,87.67999999999995,88.0,89.0,89.0,90.63999999999999,91.0,92.0,93.0,94.0,95.0,96.0,97.0,98.0,99.0,101.03999999999996,103.27999999999997,108.0,113.51999999999998,129.0,57.0,1000.4980392158031,1000.6196078658104,1000.6980392336845,1000.7882353067398,1000.9137254953384,2000.7960784435272,3000.4156862795353,3000.6078431606293,3000.7137255072594,3001.0,174.15139770507812,181.85048217773436,186.69171752929688,190.47488403320312,193.83201599121094,196.9837188720703,200.3421630859375,204.41961669921875,211.39923095703125,347.1445007324219,243.9755,0.0,test_data/Useful/Validation/rice-at-1-ft/20241108_084919_085.jpg,2230.0,916.0,30.644205330366614
79,14.0,20.48,24.0,28.0,30.200000000000003,32.0,33.0,34.0,37.0,38.0,40.0,41.0,42.0,43.0,43.599999999999994,44.0,45.0,46.0,47.0,47.0,48.03999999999999,49.0,50.0,51.0,51.0,52.0,52.0,53.0,53.95999999999998,55.0,55.0,56.0,57.0,58.0,59.0,59.639999999999986,60.0,61.0,61.360000000000014,62.0,63.0,64.0,64.0,65.0,66.0,66.0,66.0,66.51999999999998,67.0,67.0,68.0,68.0,69.0,69.0,70.0,70.0,70.67999999999995,71.0,72.0,72.0,73.0,74.0,75.0,75.36000000000001,76.0,77.0,77.0,78.0,78.55999999999995,79.0,79.0,80.0,81.0,81.0,82.0,82.0,83.0,84.0,84.0,85.0,85.0,86.0,87.0,87.15999999999997,88.0,89.0,91.0,92.0,93.0,93.0,94.0,96.08000000000004,98.0,99.55999999999995,100.79999999999995,102.0,103.0,107.0,109.0,127.0,66.0,1000.5019608139992,1000.6235294342041,1000.7019608020782,1000.7921568751335,1000.9176470637321,2000.7960784435272,3000.4235294163227,3000.611764729023,3000.7137255072594,3001.0,173.9350128173828,181.58200073242188,186.43907470703124,190.25419006347656,193.60169982910156,196.78611755371094,200.12411499023438,204.18319702148438,211.31654357910156,347.1258239746094,244.88603,0.0,test_data/Useful/Validation/rice-at-1-ft/20241108_084919_086.jpg,2236.0,928.0,28.736932425217127
80,18.0,20.48,23.72,26.96,30.0,32.0,33.68000000000001,35.0,36.16,37.0,38.0,40.0,41.0,43.0,43.0,44.0,45.0,45.0,46.0,46.0,47.0,48.28,50.0,51.0,52.0,52.0,53.48000000000002,54.0,54.0,55.0,56.0,56.0,57.0,57.0,58.0,58.0,59.0,60.0,60.0,61.0,61.0,62.0,63.0,63.0,64.0,65.0,65.0,65.0,66.0,67.0,67.0,68.0,69.0,69.0,70.0,70.0,70.67999999999995,71.0,72.0,72.0,73.0,73.88,74.0,75.0,76.0,77.0,78.0,78.0,79.0,79.0,80.0,81.0,82.0,82.0,82.0,83.0,84.0,84.0,85.0,86.0,87.0,87.0,88.0,89.0,90.0,91.0,92.0,93.12,95.36000000000001,96.0,97.0,98.0,100.0,101.0,102.79999999999995,104.03999999999996,107.0,109.0,112.0,129.0,82.0,1000.5019608139992,1000.6235294342041,1000.7019608020782,1000.7882353067398,1000.9176470637321,2000.772549033165,3000.403921574354,3000.6078431606293,3000.7137255072594,3001.0,174.34425354003906,181.86170043945313,186.792822265625,190.53412780761718,193.8372344970703,197.0391418457031,200.36233520507812,204.38417053222656,211.24945068359375,347.15350341796875,244.51204,0.0,test_data/Useful/Validation/rice-at-1-ft/20241108_084919_087.jpg,2190.0,901.0,29.578422948458403
81,15.0,23.0,27.0,28.0,30.0,34.44,36.0,37.0,39.0,39.0,40.0,42.0,42.0,44.0,44.599999999999994,45.0,46.0,48.0,48.56,49.0,50.0,51.0,52.0,53.0,54.0,54.0,55.0,55.0,55.0,56.0,56.0,57.0,57.0,58.0,58.39999999999998,59.0,60.0,61.0,61.360000000000014,62.0,63.0,64.0,64.0,64.0,65.0,65.0,66.0,66.0,67.0,68.0,68.0,69.0,69.0,70.0,70.0,71.0,71.0,72.0,72.0,73.0,73.0,73.0,74.12,75.0,75.0,76.0,77.0,77.0,78.0,78.0,79.0,80.0,80.0,81.0,81.0,82.0,83.0,83.0,84.0,85.0,85.0,86.0,86.0,87.0,88.0,88.0,89.88,90.12,91.36000000000001,92.0,93.0,94.0,95.32000000000005,98.55999999999995,102.0,103.0,104.0,107.0,110.75999999999999,117.0,55.0,1000.5019608139992,1000.6235294342041,1000.6980392336845,1000.7843137383461,1000.9019607901573,2000.7411764860153,3000.3882353007793,3000.600000023842,3000.7098039388657,3001.0,174.15267639160157,181.72911071777344,186.53766479492188,190.4023864746094,193.74659729003906,196.95204162597656,200.29330444335938,204.3914794921875,211.29931640625,347.1087341308594,243.58405,0.0,test_data/Useful/Validation/rice-at-1-ft/20241108_084919_088.jpg,2264.0,926.0,26.893035533845048
82,15.0,22.0,24.72,27.92,30.0,32.0,33.68000000000001,36.0,38.0,40.0,40.0,41.0,43.0,44.0,45.599999999999994,46.0,46.0,47.0,48.0,48.0,49.0,50.0,51.0,51.0,52.0,53.0,54.0,54.0,55.0,56.0,56.44,57.0,58.0,58.160000000000025,59.0,60.0,60.0,61.0,62.0,62.0,63.0,63.0,64.0,65.0,65.0,66.0,66.0,67.0,67.0,67.0,68.0,68.0,69.0,69.0,70.0,70.44000000000005,71.67999999999995,72.0,73.0,73.0,74.0,75.0,76.0,76.36000000000001,77.0,78.0,79.0,80.0,80.0,81.0,81.03999999999996,82.0,83.0,83.0,84.0,84.0,85.0,86.0,87.0,88.0,88.0,89.0,90.0,91.0,92.0,93.0,94.0,94.0,95.0,96.0,97.0,98.0,99.0,100.0,102.0,103.03999999999996,104.27999999999997,110.0,114.0,118.0,67.0,1000.5019608139992,1000.6235294342041,1000.7019608020782,1000.7882353067398,1000.9098039269447,2000.7529411911964,3000.4000000059605,3000.6039215922356,3000.7098039388657,3001.0,174.2311538696289,181.86737060546875,186.71316528320312,190.5098114013672,193.84564208984375,196.9708251953125,200.33534240722656,204.35777282714844,211.22723388671875,347.1406555175781,245.33797,0.0,test_data/Useful/Validation/rice-at-1-ft/20241108_084919_089.jpg,2132.0,875.0,29.54872458054671
83,18.72,24.0,25.72,29.0,32.0,34.0,35.68000000000001,37.0,39.0,40.0,42.0,43.0,43.0,44.0,45.0,46.0,46.0,47.0,48.0,48.80000000000001,49.03999999999999,50.0,51.0,52.0,52.0,53.0,54.0,55.0,55.0,56.0,56.0,56.68000000000001,57.0,58.0,58.39999999999998,59.0,60.0,60.0,62.0,62.0,62.0,63.0,63.0,64.0,64.0,65.04000000000002,66.0,67.0,67.0,68.0,68.0,69.0,69.0,69.0,70.0,70.0,71.0,71.0,72.0,73.0,74.0,74.0,75.0,75.0,76.0,77.0,77.08000000000004,79.0,79.55999999999995,80.0,80.0,80.27999999999997,81.0,82.0,83.0,83.0,84.0,84.72000000000003,85.0,86.0,87.0,88.0,89.0,90.0,90.39999999999998,91.0,92.0,93.0,94.0,95.0,95.0,96.0,98.0,100.0,102.0,105.0,106.27999999999997,109.0,113.51999999999998,126.0,80.0,1000.5098039507866,1000.6274510025978,1000.7098039388657,1000.8039215803146,1000.9490196108818,2000.8078431487083,3000.43137255311,3000.611764729023,3000.7137255072594,3001.0,174.05021057128906,181.8289581298828,186.7366943359375,190.52012939453124,193.85701751708984,197.04267578125,200.31768798828125,204.320556640625,211.14984130859375,347.1750183105469,245.94168,0.0,test_data/Useful/Validation/rice-at-1-ft/20241108_084919_090.jpg,2282.0,924.0,23.978859033124067
84,12.24,20.48,23.0,25.0,28.0,30.439999999999998,31.0,33.0,35.0,35.0,37.0,39.0,41.0,43.0,44.0,45.0,46.0,47.0,48.0,49.0,50.0,51.0,51.0,52.0,52.0,53.0,54.0,55.0,56.0,56.0,56.44,57.0,58.0,59.0,59.0,60.0,61.0,62.0,62.0,63.0,63.0,64.0,64.0,65.0,65.80000000000001,66.0,66.0,67.0,67.0,68.0,68.0,69.0,69.0,70.0,70.0,71.0,71.67999999999995,72.0,73.0,73.0,74.0,74.0,75.0,76.0,76.0,77.0,77.0,77.0,78.0,78.0,78.0,79.27999999999997,81.0,81.0,82.0,82.0,83.0,84.0,85.0,86.0,87.0,88.0,88.91999999999996,90.0,91.0,92.0,93.0,94.0,95.0,95.0,97.0,98.0,99.32000000000005,102.0,103.0,105.03999999999996,108.0,111.51999999999998,115.75999999999999,131.0,78.0,1000.5098039507866,1000.6313725709915,1000.7098039388657,1000.8078431487083,1000.9607843160629,2000.8235294222832,3000.447058826685,3000.6156862974167,3000.7137255072594,3001.0,174.21728515625,181.7958221435547,186.72979736328125,190.49774169921875,193.78561401367188,196.9355010986328,200.3092041015625,204.2672882080078,211.0865478515625,347.2297668457031,245.19594,0.0,test_data/Useful/Validation/rice-at-1-ft/20241108_084919_091.jpg,2209.0,886.0,29.95620123008381
85,15.48,21.48,24.439999999999998,27.0,28.0,29.0,31.0,33.0,34.0,36.0,37.0,39.0,41.0,42.0,44.0,45.84,47.0,48.0,49.0,50.0,50.0,51.0,51.0,51.75999999999999,52.0,53.0,53.0,54.0,55.0,56.0,56.0,57.0,57.0,58.0,59.0,59.0,60.0,60.0,61.360000000000014,62.0,62.0,63.0,63.0,64.0,64.0,65.0,66.27999999999997,67.0,68.0,69.0,70.0,70.0,71.0,71.0,72.0,72.0,73.0,73.0,74.0,75.0,75.0,76.0,76.0,76.0,77.0,78.0,78.0,78.0,79.0,79.0,80.0,80.0,81.0,82.0,82.0,83.0,84.0,85.0,85.0,86.0,87.0,88.0,89.0,89.0,90.39999999999998,92.0,93.0,93.12,94.0,95.0,96.0,97.0,98.0,98.0,101.0,104.0,106.0,108.51999999999998,113.75999999999999,130.0,76.0,1000.517647087574,1000.6352941393852,1000.7176470756531,1000.8196078538895,1000.9960784316063,2000.8745098114014,3000.46274510026,3000.6196078658104,3000.717647075653,3001.0,174.15371704101562,181.88096618652344,186.77972412109375,190.50753784179688,193.7999267578125,196.9645538330078,200.2491912841797,204.25039672851562,211.0531768798828,347.22723388671875,244.71625,0.0,test_data/Useful/Validation/rice-at-1-ft/20241108_084919_092.jpg,2208.0,924.0,29.733350618769343
86,18.0,21.48,23.72,24.96,29.0,31.439999999999998,34.0,35.92,37.0,38.0,39.0,40.0,40.0,41.0,42.0,43.0,43.0,44.0,44.56,45.0,46.0,48.0,48.0,48.0,49.0,50.0,51.0,51.0,52.0,53.0,54.0,55.0,55.0,56.0,57.0,57.0,58.0,59.0,60.0,60.0,61.0,61.0,62.0,63.0,64.0,64.0,64.27999999999997,65.0,66.0,66.0,67.0,67.0,68.0,69.0,69.0,70.0,71.0,71.0,72.0,72.39999999999998,73.0,74.0,74.12,75.0,76.0,76.0,77.0,78.0,78.0,79.0,79.0,80.0,81.0,81.0,82.0,83.0,83.0,84.0,84.0,85.20000000000005,86.0,87.0,88.91999999999996,90.0,90.39999999999998,92.0,92.88,94.0,96.0,96.60000000000002,97.0,98.0,100.0,100.55999999999995,101.79999999999995,103.0,105.0,110.03999999999996,114.75999999999999,132.0,64.0,1000.5137255191803,1000.6352941393852,1000.7176470756531,1000.8274509906769,1001.0,2000.8980392217636,3000.4666666686535,3000.6196078658104,3000.721568644047,3001.0,174.50860595703125,182.13244018554687,186.98382263183595,190.73604125976564,194.01110076904297,197.16304626464844,200.41210632324217,204.3635711669922,211.09390258789062,347.3089599609375,244.57451,0.0,test_data/Useful/Validation/rice-at-1-ft/20241108_084919_093.jpg,2264.0,861.0,34.221803004180074
87,12.24,19.0,23.72,26.0,28.0,30.439999999999998,33.0,34.0,35.0,37.0,39.0,41.0,42.0,43.0,44.0,45.0,46.0,46.0,47.0,47.0,48.0,49.0,50.0,50.75999999999999,51.0,52.24000000000001,53.0,54.0,55.0,55.19999999999999,56.0,57.0,58.0,58.0,59.0,59.639999999999986,60.0,60.0,61.0,62.0,62.0,63.0,63.0,64.0,65.0,65.0,66.0,66.0,67.0,68.0,68.0,68.48000000000002,69.0,69.0,70.0,70.0,71.0,71.0,72.0,72.0,73.0,73.0,74.0,74.0,75.0,75.0,76.0,76.0,77.0,78.0,79.0,79.0,80.0,80.0,81.0,83.0,83.0,85.0,85.0,87.0,87.44000000000005,88.67999999999995,89.0,91.0,92.0,93.0,94.0,95.12,96.36000000000001,98.0,99.0,101.0,102.32000000000005,104.0,106.79999999999995,108.03999999999996,110.0,113.0,116.75999999999999,145.0,68.0,1000.517647087574,1000.6392157077789,1000.7254902124405,1000.8352941274643,1001.0,2001.0,3000.474509805441,3000.623529434204,3000.7254902124405,3001.0,174.42659912109374,182.17339172363282,187.00613403320312,190.80093383789062,194.09024047851562,197.21713256835938,200.46365356445312,204.37112426757812,211.00133056640624,347.3213195800781,243.43585,0.0,test_data/Useful/Validation/rice-at-1-ft/20241108_084919_094.jpg,2233.0,892.0,28.973538670254193
88,14.48,18.0,23.0,27.0,29.200000000000003,31.439999999999998,33.0,34.0,35.16,37.0,39.0,39.879999999999995,40.120000000000005,41.0,42.0,43.0,44.0,45.0,45.0,46.0,47.0,48.0,49.0,49.75999999999999,50.0,51.24000000000001,53.0,54.0,55.0,55.0,56.0,56.0,57.0,58.0,58.0,59.0,59.879999999999995,60.0,61.0,62.0,63.0,64.0,64.0,65.0,66.0,66.0,67.0,67.0,68.0,68.0,70.0,70.0,71.0,71.0,72.0,72.44000000000005,73.0,74.0,74.15999999999997,75.0,76.0,76.0,77.0,78.0,78.0,79.0,79.0,80.0,80.0,80.0,81.0,81.0,82.0,82.0,83.0,84.0,85.0,85.0,86.0,86.0,87.0,88.0,88.0,89.0,90.0,90.63999999999999,92.0,93.0,95.0,95.0,96.84000000000003,98.0,99.32000000000005,101.0,102.79999999999995,104.0,107.0,108.0,111.75999999999999,125.0,80.0,1000.5254902243614,1000.6470588445663,1000.7372549176216,1000.8509804010391,2000.176470592618,3000.1450980454683,3000.505882382393,3000.635294139385,3000.729411780834,3001.0,174.39837799072265,181.9779815673828,186.79893493652344,190.6224822998047,193.9629364013672,197.0954132080078,200.40264892578125,204.2971954345703,210.94711303710938,347.2767639160156,244.19537,0.0,test_data/Useful/Validation/rice-at-1-ft/20241108_084919_095.jpg,2161.0,873.0,27.784938078607073
89,9.96,19.0,22.0,24.96,27.200000000000003,29.439999999999998,31.0,34.0,36.0,37.0,38.64,40.0,41.0,42.360000000000014,44.0,45.0,45.08000000000001,46.31999999999999,47.0,48.0,48.0,49.0,50.0,50.0,51.0,52.24000000000001,53.0,54.0,55.0,56.0,56.0,56.68000000000001,57.0,58.0,58.0,59.0,60.0,61.0,61.360000000000014,62.0,62.0,63.0,64.0,64.0,65.0,65.0,66.0,67.0,67.75999999999999,68.0,69.0,69.0,70.0,70.0,70.20000000000005,71.0,71.0,72.0,73.0,73.0,74.0,74.0,75.0,75.0,75.0,76.0,76.0,77.0,77.0,77.79999999999995,78.0,79.0,79.51999999999998,80.0,81.0,82.0,82.0,83.0,84.0,85.0,86.44000000000005,88.0,89.0,89.15999999999997,91.0,92.0,93.0,94.0,95.0,97.0,97.0,98.08000000000004,100.32000000000005,102.0,104.79999999999995,107.0,108.0,111.0,112.0,125.0,77.0,1000.5294117927551,1000.65098041296,1000.745098054409,1000.866666674614,2000.4392156898975,3000.1960784345865,3000.517647087574,3000.639215707779,3000.733333349228,3001.0,174.50096740722657,182.0688262939453,186.9975799560547,190.76015014648436,194.0421142578125,197.15469970703126,200.43794097900388,204.32086181640625,210.877685546875,347.3465270996094,244.29724,0.0,test_data/Useful/Validation/rice-at-1-ft/20241108_084919_096.jpg,2236.0,876.0,28.033646836672613
90,25.0,29.48,32.72,36.96,38.2,40.0,41.0,41.0,42.16,43.0,44.0,45.879999999999995,47.0,48.0,49.0,50.0,51.0,51.0,52.0,53.0,53.0,53.0,54.0,55.0,56.0,56.24000000000001,57.0,57.72000000000003,58.0,59.0,60.0,61.0,61.0,62.0,62.0,63.0,64.0,64.0,65.0,66.0,66.0,67.0,67.0,68.0,69.0,69.0,70.0,70.0,71.0,71.0,72.0,72.0,72.0,73.0,74.0,74.0,75.0,75.0,76.0,76.0,77.0,77.0,78.0,78.0,79.0,80.0,81.0,81.0,82.0,82.0,83.0,84.0,85.0,85.0,86.0,87.0,87.0,87.72000000000003,88.0,89.0,89.0,90.0,90.0,92.0,92.0,93.0,94.0,95.0,96.0,96.60000000000002,97.84000000000003,98.0,100.32000000000005,102.55999999999995,104.0,105.0,107.0,110.51999999999998,118.03999999999996,128.0,75.0,1000.5764706134796,1000.6980392336845,1000.8549019694328,2000.1529411822557,3000.0784313753247,3000.4117647111416,3000.5647059082985,3000.6470588445663,3000.721568644047,3001.0,173.6146240234375,181.35342102050782,186.2258056640625,190.0185760498047,193.36395263671875,196.61502075195312,199.95106048583983,204.05728454589843,211.3524627685547,347.08209228515625,239.55598,0.0,test_data/Useful/Validation/rice-at-1-ft/20241108_085007_047.jpg,2395.0,937.0,26.294669390609904
91,22.240000000000002,27.0,28.0,29.0,30.200000000000003,31.439999999999998,33.68000000000001,35.0,39.0,41.0,43.0,44.0,45.0,47.0,48.0,48.0,49.0,49.31999999999999,51.0,51.0,52.0,53.0,53.52000000000001,54.0,55.0,56.0,57.0,57.0,58.0,59.0,59.0,60.0,61.0,61.0,62.0,62.639999999999986,63.0,63.0,64.0,64.0,65.0,66.0,66.0,67.0,67.0,68.0,68.0,69.0,69.0,70.0,70.0,71.0,71.0,72.0,73.0,74.0,74.0,74.0,75.0,75.39999999999998,76.0,77.0,78.0,79.0,79.0,79.0,80.0,81.0,81.55999999999995,82.0,83.0,83.0,84.0,84.75999999999999,85.0,86.0,87.0,88.0,88.0,89.0,90.0,90.0,91.0,92.0,93.0,94.0,95.0,95.0,96.0,96.60000000000002,98.0,98.08000000000004,101.0,102.0,102.0,103.03999999999996,105.27999999999997,108.51999999999998,111.75999999999999,124.0,74.0,1000.5764706134796,1000.6941176652908,1000.8431372642517,1001.0,2000.9529411792755,3000.4000000059605,3000.560784339905,3000.6431372761726,3000.7137255072594,3001.0,173.43283081054688,181.1567840576172,186.08184814453125,189.91299438476562,193.25277709960938,196.43807983398438,199.75904846191406,203.98240661621094,211.33160400390625,347.04815673828125,241.87712,0.0,test_data/Useful/Validation/rice-at-1-ft/20241108_085007_048.jpg,2375.0,936.0,33.726962583707966
92,12.0,24.96,29.0,32.0,34.0,36.0,38.0,38.92,40.0,41.0,42.0,44.0,45.0,46.360000000000014,48.599999999999994,49.0,50.0,51.0,52.0,52.80000000000001,53.0,54.0,54.52000000000001,55.0,56.0,56.0,57.0,57.0,58.0,59.0,59.0,60.0,60.0,61.0,62.0,62.639999999999986,63.0,63.0,64.0,64.0,65.0,66.0,67.0,68.0,69.0,69.0,69.27999999999997,70.0,70.0,71.0,72.0,72.0,73.0,73.0,73.0,74.0,74.0,74.91999999999996,75.15999999999997,76.0,77.0,78.0,78.0,79.0,79.0,80.0,80.0,80.32000000000005,81.0,81.79999999999995,82.0,83.0,84.0,84.0,85.0,85.0,86.0,86.0,87.0,87.0,88.0,89.0,90.0,91.0,92.0,93.0,93.0,94.0,94.36000000000001,97.0,98.84000000000003,100.0,101.0,101.55999999999995,103.0,106.0,108.0,111.51999999999998,115.75999999999999,125.0,73.0,1000.5725490450859,1000.6901960968971,1000.8313725590706,1001.0,2000.8862745165825,3000.3882353007793,3000.556862771511,3000.639215707779,3000.7137255072594,3001.0,173.72026519775392,181.33639526367188,186.20086975097655,190.03533325195312,193.38218688964844,196.57681884765626,200.01224670410156,204.05370178222657,211.30978393554688,347.10675048828125,241.96829,0.0,test_data/Useful/Validation/rice-at-1-ft/20241108_085007_049.jpg,2389.0,938.0,30.396777541393124
93,24.0,26.48,33.44,35.0,36.2,38.0,39.68000000000001,41.0,42.16,44.0,45.64,47.0,48.0,49.0,50.0,51.0,52.0,53.0,53.0,54.0,55.0,55.28,56.0,57.0,58.0,58.0,59.0,60.0,60.0,61.0,61.44,62.0,62.920000000000016,63.0,63.0,64.0,65.0,65.0,66.0,67.0,67.0,67.0,68.0,68.0,68.80000000000001,69.0,70.0,70.0,71.0,71.0,72.0,72.0,73.0,73.0,73.0,73.44000000000005,74.0,74.0,75.0,75.0,76.0,76.88,77.0,78.0,78.0,79.0,79.0,80.0,80.0,81.0,82.0,83.0,83.0,83.0,84.0,85.0,86.0,86.0,87.0,88.0,89.0,90.0,90.91999999999996,91.0,92.0,93.0,94.0,95.0,96.0,96.60000000000002,98.0,99.08000000000004,100.32000000000005,102.0,104.79999999999995,107.03999999999996,110.0,114.51999999999998,118.75999999999999,133.0,73.0,1000.5686274766922,1000.6901960968971,1000.8313725590706,1001.0,2000.839215695858,3000.376470595598,3000.5529412031174,3000.639215707779,3000.7137255072594,3001.0,173.9266357421875,181.56885375976563,186.42919921875,190.22174072265625,193.58206176757812,196.78463745117188,200.10833740234375,204.1712188720703,211.21762084960938,347.1844177246094,242.5809,0.0,test_data/Useful/Validation/rice-at-1-ft/20241108_085007_050.jpg,2392.0,957.0,31.84717285947702
94,18.240000000000002,27.48,31.72,34.0,37.2,39.0,39.68000000000001,41.0,42.16,43.0,44.0,45.879999999999995,47.0,48.0,49.0,50.0,50.0,51.0,51.56,52.0,53.0,54.0,56.0,56.0,57.0,58.0,59.0,59.0,60.0,61.0,61.0,62.0,62.0,63.0,64.0,64.63999999999999,65.0,66.0,66.0,67.0,67.83999999999997,68.0,68.0,69.0,70.0,70.0,70.0,71.0,71.0,72.0,72.0,73.0,74.0,74.0,74.0,75.0,76.0,76.0,77.0,77.0,78.0,78.88,79.0,80.0,81.0,81.0,82.0,82.0,83.0,83.0,84.0,84.0,85.0,85.75999999999999,86.0,87.0,87.0,88.0,88.0,89.0,90.0,90.0,91.0,92.0,92.39999999999998,94.0,94.0,95.0,96.0,97.0,98.0,99.0,101.0,102.55999999999995,104.79999999999995,106.0,109.0,110.51999999999998,115.0,125.0,70.0,1000.5686274766922,1000.6862745285034,1000.8274509906769,1001.0,2000.7960784435272,3000.3607843220234,3000.5490196347237,3000.639215707779,3000.7137255072594,3001.0,173.92064208984374,181.44007873535156,186.34349365234374,190.1362060546875,193.44332885742188,196.66641540527343,200.0638900756836,204.18795776367188,211.42422485351562,347.1661071777344,241.92955,0.0,test_data/Useful/Validation/rice-at-1-ft/20241108_085007_051.jpg,2382.0,940.0,33.55195548220348
95,22.0,26.0,29.439999999999998,32.0,34.2,36.0,38.0,40.84,43.0,44.0,45.0,46.0,47.0,48.360000000000014,49.599999999999994,51.0,52.0,52.0,53.0,53.0,54.0,55.0,55.0,56.0,56.0,57.0,57.48000000000002,58.0,59.0,60.0,60.0,61.0,61.0,62.0,62.39999999999998,63.0,63.879999999999995,64.12,65.0,66.0,66.0,66.0,67.0,67.0,68.0,68.0,69.0,69.0,70.0,71.0,71.0,72.0,73.0,73.0,74.0,74.44000000000005,75.0,75.91999999999996,76.0,76.0,77.0,78.0,78.0,79.0,79.0,80.0,80.08000000000004,81.0,81.0,82.0,83.0,83.0,84.0,84.0,85.0,85.0,86.0,87.0,88.0,88.0,89.0,90.0,90.91999999999996,91.0,92.0,93.0,94.0,95.0,96.0,97.0,99.0,101.0,103.0,103.0,106.0,111.0,112.0,114.0,120.27999999999997,131.0,81.0,1000.5647059082985,1000.6823529601097,1000.8156862854958,1000.9882352948189,2000.7529411911964,3000.3450980484486,3000.5411764979362,3000.635294139385,3000.7137255072594,3001.0,173.96268463134766,181.45086669921875,186.32261657714844,190.16746215820314,193.5874252319336,196.78781127929688,200.16090393066406,204.3234405517578,211.3519287109375,347.1499938964844,242.49342,0.0,test_data/Useful/Validation/rice-at-1-ft/20241108_085007_052.jpg,2464.0,983.0,28.145052930500956
96,21.240000000000002,27.48,29.72,34.0,37.400000000000006,40.44,41.68000000000001,43.0,44.0,45.0,46.0,47.0,49.0,50.0,50.599999999999994,51.84,53.0,53.0,54.0,55.0,56.0,56.0,56.52000000000001,57.0,58.0,58.0,59.0,59.72000000000003,60.0,61.0,61.0,62.0,63.0,63.0,64.0,65.0,65.0,66.0,67.0,68.0,68.83999999999997,69.0,69.32,70.0,70.0,71.0,71.0,71.51999999999998,72.0,72.0,73.0,73.0,74.0,74.0,75.0,75.0,75.0,76.0,76.0,77.0,77.0,77.88,78.12,79.0,79.0,80.0,80.0,80.32000000000005,81.0,82.0,82.0,83.0,83.0,85.0,85.0,86.0,87.0,87.0,88.0,88.0,89.0,89.67999999999995,90.0,91.0,92.0,93.0,94.88,96.0,97.0,97.0,98.0,99.0,100.0,101.55999999999995,103.79999999999995,106.0,109.0,112.0,117.0,127.0,75.0,1000.5647059082985,1000.6823529601097,1000.8156862854958,1000.9764705896378,2000.7019608020782,3000.3215686380863,3000.533333361149,3000.6313725709915,3000.7098039388657,3001.0,173.91580657958986,181.54837036132812,186.44711303710938,190.26434326171875,193.6086883544922,196.85855102539062,200.23995971679688,204.41854858398438,211.68081665039062,347.1591796875,241.26007,0.0,test_data/Useful/Validation/rice-at-1-ft/20241108_085007_053.jpg,2455.0,977.0,29.0840538351339
97,25.240000000000002,28.0,30.72,33.96,36.0,37.0,38.0,41.92,43.16,44.0,45.0,47.0,48.0,49.0,50.0,50.0,51.0,52.0,53.0,54.0,55.0,55.0,56.0,58.0,58.0,59.0,60.0,61.0,61.0,62.0,63.0,63.68000000000001,64.0,64.16000000000003,65.0,65.0,65.0,66.0,66.0,67.0,67.83999999999997,68.0,68.0,68.0,69.0,70.0,71.0,71.0,71.0,72.0,72.0,73.0,73.0,74.0,75.0,75.44000000000005,76.0,77.0,77.0,78.0,78.0,79.0,79.12,80.0,80.0,81.0,82.0,82.32000000000005,83.0,84.0,84.0,85.0,85.51999999999998,86.0,87.0,87.0,88.0,88.0,89.0,90.0,90.44000000000005,91.67999999999995,93.0,93.0,94.0,94.0,95.0,96.0,97.0,97.0,98.0,99.0,100.0,101.55999999999995,103.0,105.0,107.0,108.51999999999998,111.0,119.0,68.0,1000.5647059082985,1000.6823529601097,1000.8156862854958,1000.9764705896378,2000.7019608020782,3000.3215686380863,3000.533333361149,3000.6313725709915,3000.7098039388657,3001.0,173.92187957763673,181.51882934570312,186.38647918701173,190.19800415039063,193.56934356689453,196.81031799316406,200.2147216796875,204.38955688476562,211.6920166015625,347.1669921875,240.1381,0.0,test_data/Useful/Validation/rice-at-1-ft/20241108_085007_054.jpg,2497.0,1016.0,30.98048684574374
98,27.0,29.0,31.72,34.92,38.0,39.44,41.0,42.0,43.0,43.0,44.0,45.0,47.0,48.0,48.0,49.0,50.0,51.0,52.0,53.0,54.0,55.0,56.0,57.0,58.0,58.0,59.0,59.0,60.0,60.0,61.0,62.0,62.0,63.0,64.0,64.0,65.0,66.0,66.0,67.0,68.0,68.0,69.0,70.0,70.0,70.0,71.0,71.0,72.0,72.0,73.0,74.0,74.0,74.0,75.0,75.0,76.0,76.0,77.0,77.0,78.0,78.0,79.0,79.0,80.0,80.0,81.0,82.0,82.0,83.0,84.0,85.0,85.0,86.0,87.0,88.0,88.48000000000002,89.0,90.0,91.0,91.0,92.0,92.0,93.0,94.0,95.0,95.0,96.0,98.0,99.0,100.0,101.0,102.0,103.0,104.79999999999995,107.03999999999996,109.0,111.0,116.75999999999999,124.0,74.0,1000.5686274766922,1000.6862745285034,1000.8156862854958,1000.9764705896378,2000.7019608020782,3000.32549020648,3000.533333361149,3000.6313725709915,3000.7098039388657,3001.0,173.9913528442383,181.61048889160156,186.40525817871094,190.2596893310547,193.62873077392578,196.87156677246094,200.29031372070312,204.44161987304688,211.80345153808594,347.17529296875,240.93982,0.0,test_data/Useful/Validation/rice-at-1-ft/20241108_085007_055.jpg,2495.0,977.0,30.543586316481946
99,19.0,27.96,31.72,33.0,37.2,39.0,40.0,42.0,42.16,44.0,45.0,46.0,48.0,49.0,49.0,50.0,52.0,52.31999999999999,54.0,55.0,56.0,57.0,57.52000000000001,58.0,59.0,60.0,61.0,62.0,62.95999999999998,63.0,64.0,64.0,65.0,66.0,66.0,67.0,67.0,68.0,68.0,68.0,69.0,70.0,70.0,71.0,71.0,71.0,72.0,72.0,73.0,74.0,74.0,75.0,75.0,75.0,76.0,76.0,77.0,77.0,78.0,78.0,79.0,79.0,80.0,81.0,81.0,82.0,82.0,82.0,83.0,83.0,83.03999999999996,84.27999999999997,86.0,86.0,87.0,87.0,88.0,89.0,89.96000000000004,91.0,91.0,92.0,93.0,94.0,94.0,95.0,96.0,97.0,98.0,99.0,100.0,101.0,101.0,102.0,104.0,105.03999999999996,109.27999999999997,111.51999999999998,115.75999999999999,127.0,68.0,1000.5686274766922,1000.6862745285034,1000.8196078538895,1000.9803921580315,2000.7019608020782,3000.3176470696926,3000.533333361149,3000.6313725709915,3000.7098039388657,3001.0,174.03925476074218,181.72889404296876,186.50555419921875,190.32736206054688,193.68893432617188,196.94540405273438,200.4025421142578,204.5803985595703,211.7764129638672,347.1557922363281,240.10233,0.0,test_data/Useful/Validation/rice-at-1-ft/20241108_085007_056.jpg,2460.0,996.0,27.13317083485172
100,19.200000000000003,26.0,28.72,33.0,35.2,38.0,40.0,41.0,43.0,45.0,46.0,47.0,48.0,48.360000000000014,49.0,50.0,50.0,51.0,52.56,54.0,54.0,55.0,55.0,56.0,57.0,58.0,58.0,59.0,59.95999999999998,60.0,60.44,61.0,62.0,63.0,64.0,64.0,65.0,66.0,66.0,67.0,67.0,68.0,69.0,69.0,70.0,71.0,71.0,72.0,72.75999999999999,73.0,74.0,74.48000000000002,75.0,76.0,76.20000000000005,77.0,78.0,78.0,79.0,79.0,79.0,80.0,80.0,81.0,81.0,81.84000000000003,83.0,83.0,84.0,85.0,86.0,86.0,86.51999999999998,87.0,88.0,88.0,88.48000000000002,89.0,89.96000000000004,90.0,90.0,91.0,91.0,92.0,93.0,93.63999999999999,94.0,95.0,96.0,97.60000000000002,98.84000000000003,99.0,101.0,102.0,103.0,107.03999999999996,112.0,115.0,119.0,126.0,79.0,1000.5529412031174,1000.6745098233223,1000.811764717102,1000.9686274528503,2000.6745098233223,3000.2941176593304,3000.5137255191803,3000.6156862974167,3000.6980392336845,3001.0,173.78416442871094,181.5804901123047,186.44768829345702,190.28233032226564,193.61537170410156,196.85967407226562,200.285791015625,204.4614501953125,211.6848602294922,347.1358947753906,238.69867,0.0,test_data/Useful/Validation/rice-at-1-ft/20241108_085007_057.jpg,2461.0,979.0,29.37685852428564
101,15.0,26.0,29.0,32.0,36.2,38.0,39.68000000000001,41.0,42.0,43.400000000000006,45.0,46.0,47.0,48.360000000000014,49.0,51.0,52.0,53.0,53.56,54.0,55.0,55.28,56.0,57.0,58.0,58.0,59.0,60.0,60.0,61.0,61.0,62.0,62.920000000000016,63.0,64.0,64.63999999999999,65.0,66.0,66.0,67.0,67.83999999999997,68.0,69.0,69.0,70.0,71.0,71.27999999999997,72.0,73.0,73.0,73.24000000000001,74.0,75.0,75.0,76.0,76.0,77.0,77.0,78.0,79.0,79.0,80.0,80.0,81.0,81.0,82.0,82.0,82.32000000000005,83.0,84.0,84.03999999999996,85.0,86.0,86.0,87.0,88.0,88.0,88.72000000000003,89.0,89.20000000000005,90.44000000000005,92.0,93.0,94.0,94.0,94.0,95.0,96.0,97.0,98.0,98.84000000000003,100.0,101.0,102.0,103.0,105.0,106.27999999999997,110.0,113.75999999999999,121.0,82.0,1000.5294117927551,1000.6549019813538,1000.7803921699524,1000.933333337307,2000.5764706134796,3000.2549019753933,3000.486274510622,3000.600000023842,3000.6823529601097,3001.0,174.02159576416017,181.6033203125,186.45863189697266,190.2900848388672,193.63731384277344,196.85320129394532,200.23658447265626,204.43793334960938,211.65811157226562,347.0837707519531,237.14685,0.0,test_data/Useful/Validation/rice-at-1-ft/20241108_085007_058.jpg,2485.0,995.0,28.34178861315675
102,23.48,29.0,33.0,35.0,36.0,39.0,40.0,42.0,43.0,45.0,47.0,48.879999999999995,49.0,50.0,51.0,52.84,54.0,54.31999999999999,55.0,56.0,56.0,57.0,57.0,58.0,58.0,59.0,59.0,59.72000000000003,60.95999999999998,61.19999999999999,63.0,63.0,64.0,64.0,65.0,66.0,67.0,67.0,67.0,68.0,68.83999999999997,69.0,70.0,70.0,71.0,71.0,71.0,72.0,72.0,73.0,73.0,74.0,74.0,75.0,76.0,76.0,77.0,77.0,77.0,78.0,78.0,79.0,79.12,80.0,80.0,81.0,82.0,82.0,83.0,83.79999999999995,84.0,84.0,85.0,85.0,86.0,87.0,88.0,88.0,89.0,89.0,90.0,91.0,92.0,93.0,94.0,94.0,95.88,97.0,98.0,99.0,101.0,103.0,104.0,106.0,108.0,108.03999999999996,109.0,112.0,116.0,121.0,71.0,1000.5254902243614,1000.65098041296,1000.7764706015587,1000.9294117689133,2000.5372549295425,3000.2352941185236,3000.4784313738346,3000.5921568870544,3000.678431391716,3001.0,174.02523803710938,181.69353637695312,186.52398681640625,190.32192993164062,193.7087173461914,196.9779479980469,200.38902130126954,204.63088989257812,211.82565307617188,347.08416748046875,238.97382,0.0,test_data/Useful/Validation/rice-at-1-ft/20241108_085007_059.jpg,2513.0,1024.0,30.881771004310885
103,20.240000000000002,30.48,33.0,35.0,36.0,37.0,39.0,40.92,42.0,43.0,45.0,46.0,47.0,48.0,49.599999999999994,51.0,51.08000000000001,53.0,54.0,55.0,55.03999999999999,56.0,57.0,57.0,58.0,58.24000000000001,59.0,60.0,60.0,61.0,62.44,63.0,64.0,64.0,65.0,65.0,66.0,66.0,66.0,67.0,67.83999999999997,68.0,68.0,69.0,69.0,70.0,70.0,71.0,71.0,72.0,72.24000000000001,73.0,74.0,75.0,75.0,76.0,76.0,77.0,77.0,77.0,78.0,78.0,79.0,79.36000000000001,80.0,80.0,81.0,82.0,82.0,82.0,83.0,84.0,84.0,85.0,85.0,86.0,86.0,87.0,87.0,88.0,89.0,90.0,90.0,91.0,91.0,92.63999999999999,93.0,94.0,95.0,95.60000000000002,97.0,99.08000000000004,101.0,103.0,105.0,106.0,107.27999999999997,110.0,114.75999999999999,123.0,66.0,1000.5215686559677,1000.6431372761726,1000.7686274647713,1000.9176470637321,2000.5019608139992,3000.215686276555,3000.4666666686535,3000.584313750267,3000.6705882549286,3001.0,174.0809783935547,181.68197631835938,186.59124755859375,190.3600036621094,193.73544311523438,196.9945526123047,200.4459228515625,204.5797576904297,212.00982666015625,347.0438232421875,240.16722,0.0,test_data/Useful/Validation/rice-at-1-ft/20241108_085007_060.jpg,2567.0,1002.0,24.08304869063895
104,17.96,24.48,30.72,34.0,37.0,38.44,39.68000000000001,41.92,43.0,44.0,45.0,47.0,49.0,49.360000000000014,50.0,51.0,52.0,54.0,54.0,55.0,56.0,57.0,58.0,58.75999999999999,59.0,60.0,60.48000000000002,61.0,62.0,63.0,63.0,64.0,64.0,65.0,65.0,66.0,66.0,67.0,67.36000000000001,68.0,69.0,69.0,70.0,70.0,70.0,71.0,71.0,72.0,72.0,73.0,73.24000000000001,74.0,75.0,75.0,76.0,76.0,77.0,77.0,77.0,78.0,78.0,78.0,79.0,79.0,79.0,80.0,80.08000000000004,81.0,81.0,82.0,83.0,84.0,84.0,85.0,86.0,86.24000000000001,87.48000000000002,88.0,89.0,90.0,90.0,91.0,92.0,93.0,93.0,94.0,95.0,96.0,97.0,97.60000000000002,99.0,100.0,101.0,103.55999999999995,105.0,109.03999999999996,110.0,113.03999999999996,118.0,128.0,78.0,1000.5215686559677,1000.6431372761726,1000.772549033165,1000.9176470637321,2000.4823529422283,3000.1960784345865,3000.4549019634724,3000.5764706134796,3000.662745118141,3001.0,174.1171875,181.6768035888672,186.606689453125,190.41685485839844,193.77822875976562,197.0255126953125,200.4808349609375,204.70156860351562,212.03927612304688,347.0434265136719,238.5079,0.0,test_data/Useful/Validation/rice-at-1-ft/20241108_085007_061.jpg,2560.0,970.0,33.2308802992089
0,29.240000000000002,35.0,38.0,42.92,47.2,49.0,52.0,54.0,56.0,57.0,58.0,60.0,60.0,61.0,62.0,63.84,64.0,66.0,66.56,67.0,68.0,69.0,69.0,70.0,71.0,72.0,73.0,73.72000000000003,74.95999999999998,76.0,76.44,77.0,78.0,78.0,79.39999999999998,80.0,81.0,82.0,82.0,83.0,83.83999999999997,84.0,85.0,85.56,86.0,86.04000000000002,87.0,88.0,89.0,89.0,90.0,90.48000000000002,91.0,92.0,92.0,93.0,93.0,94.0,94.0,95.0,95.0,96.0,96.0,97.0,97.0,97.0,98.0,99.0,99.0,100.0,100.0,101.0,102.0,103.0,103.0,104.0,105.0,105.0,106.0,107.0,107.0,108.0,109.0,109.0,110.0,110.0,111.0,112.0,113.0,113.0,114.0,115.0,115.0,117.0,118.0,120.0,122.0,125.51999999999998,131.0,141.0,97.0,1000.3686274588108,1000.5254902243614,1000.6156862974167,1000.7019608020782,1000.8862745165825,2000.3725490272045,2000.6705882549286,3000.376470595598,3000.611764729023,3001.0,173.37020874023438,180.99032592773438,185.7949676513672,189.5880126953125,192.85787963867188,196.02090454101562,199.29551696777344,203.2233428955078,209.89013671875,348.49169921875,232.88455,0.0,test_data/Useful/Validation/rice-at-2-ft/20241108_085554_008.jpg,2979.0,1079.0,61.75462751961155
1,22.72,34.480000000000004,39.0,41.96,47.0,52.0,54.0,55.0,57.16,58.0,59.0,60.0,62.0,63.0,65.0,66.0,68.0,68.0,69.0,69.80000000000001,70.0,71.0,72.0,73.0,74.0,75.0,75.48000000000002,76.0,76.95999999999998,78.0,78.0,79.0,79.0,80.0,81.0,81.0,81.88,82.0,83.0,83.0,84.0,84.0,85.0,85.0,86.0,87.0,87.0,88.0,88.0,88.0,89.0,89.0,90.0,90.0,91.0,91.0,92.0,92.0,93.0,93.0,93.63999999999999,94.0,95.0,96.0,96.0,97.0,97.0,97.32000000000005,98.0,98.79999999999995,99.0,100.0,101.0,101.0,102.0,102.0,103.0,104.0,104.96000000000004,105.0,106.0,106.0,107.0,108.0,109.0,109.0,110.0,111.0,111.36000000000001,113.0,113.84000000000003,115.0,115.0,116.55999999999995,118.0,119.03999999999996,122.0,125.0,128.76,138.0,90.0,1000.3725490272045,1000.5294117927551,1000.6196078658104,1000.705882370472,1000.8901960849762,2000.380392163992,2000.6705882549286,3000.376470595598,3000.6078431606293,3001.0,173.30072479248048,180.95803833007812,185.83367767333985,189.62527465820312,192.9766082763672,196.09683227539062,199.3896484375,203.29437255859375,209.95169067382812,348.457275390625,233.47324,0.0,test_data/Useful/Validation/rice-at-2-ft/20241108_085554_009.jpg,3056.0,1127.0,63.6935872213217
2,27.240000000000002,36.0,40.72,44.96,51.0,52.0,53.0,55.0,57.0,59.0,59.64,62.0,63.0,63.360000000000014,64.0,65.0,66.0,66.0,67.0,68.0,69.0,70.0,70.52000000000001,71.0,72.0,72.24000000000001,73.0,74.0,75.0,76.0,76.0,77.0,78.0,78.0,79.0,79.0,80.0,81.0,81.0,82.0,83.0,84.0,85.0,85.0,85.80000000000001,86.0,87.0,87.0,87.75999999999999,88.0,88.0,89.0,90.0,90.0,91.0,91.0,92.0,93.0,94.0,94.0,95.0,95.0,96.0,97.0,98.0,98.0,99.0,99.32000000000005,100.0,101.0,101.0,102.0,103.0,103.0,104.0,104.24000000000001,105.0,106.0,106.0,107.0,107.0,108.0,108.91999999999996,109.0,110.0,110.0,111.0,112.0,113.0,114.0,114.0,115.0,115.32000000000005,117.0,119.0,121.0,124.0,126.51999999999998,130.76,145.0,88.0,1000.3686274588108,1000.5254902243614,1000.6196078658104,1000.705882370472,1000.8901960849762,2000.3882353007793,2000.678431391716,3000.3843137323856,3000.611764729023,3001.0,173.44581604003906,181.00579833984375,185.78955078125,189.59881591796875,192.89169311523438,196.03394165039063,199.3041778564453,203.3305877685547,209.97970581054688,348.4848327636719,232.99437,0.0,test_data/Useful/Validation/rice-at-2-ft/20241108_085554_010.jpg,3068.0,1130.0,62.46570079200356
3,31.48,37.0,42.0,46.96,49.0,52.0,53.0,54.0,56.0,57.400000000000006,59.0,60.0,61.0,62.0,63.0,64.0,66.0,67.32,68.0,69.0,70.03999999999999,71.0,71.52000000000001,72.0,73.0,73.24000000000001,74.0,75.0,75.0,76.0,76.0,77.0,77.0,78.0,78.0,78.63999999999999,79.0,80.0,80.0,81.0,82.0,82.0,83.0,84.0,84.0,85.0,85.0,85.0,86.0,87.0,87.24000000000001,88.0,88.72000000000003,89.0,89.0,90.0,91.0,91.0,92.0,92.39999999999998,93.0,94.0,95.0,95.0,95.60000000000002,96.0,97.0,97.0,98.0,98.0,99.0,99.0,100.0,100.0,101.0,101.0,102.0,102.72000000000003,103.0,104.0,105.0,105.0,106.0,107.0,107.39999999999998,109.0,109.0,111.0,112.0,112.0,114.0,115.0,115.32000000000005,116.0,117.0,118.03999999999996,119.27999999999997,122.0,123.75999999999999,137.0,89.0,1000.3686274588108,1000.5254902243614,1000.6156862974167,1000.7019608020782,1000.8784313797951,2000.364705890417,2000.6705882549286,3000.376470595598,3000.6078431606293,3001.0,173.41966247558594,181.0098083496094,185.8187255859375,189.59527587890625,192.91342163085938,196.0513153076172,199.33636474609375,203.34259033203125,210.02145385742188,348.45849609375,232.07274,0.0,test_data/Useful/Validation/rice-at-2-ft/20241108_085554_011.jpg,3126.0,1102.0,57.60231492841064
4,28.96,36.0,39.72,41.96,44.2,48.0,50.0,54.0,55.0,56.0,59.64,61.0,62.0,63.0,65.0,67.0,68.0,68.32,70.0,71.0,72.0,73.0,73.0,73.0,74.0,75.0,75.0,76.0,76.95999999999998,77.0,77.44,78.0,79.0,80.0,80.0,81.0,82.0,83.0,84.0,84.0,85.0,85.0,86.0,86.0,87.0,88.0,88.0,88.0,89.0,89.0,90.0,90.0,91.0,91.0,92.0,92.0,93.0,94.0,94.15999999999997,95.0,96.0,96.0,96.0,97.0,97.0,97.0,98.0,98.32000000000005,99.0,100.0,100.0,101.0,101.0,102.0,102.0,103.0,104.0,105.0,105.0,106.0,106.0,107.0,107.0,109.0,109.0,109.63999999999999,110.0,111.0,112.0,113.0,114.84000000000003,115.0,116.0,117.0,118.0,120.03999999999996,123.0,125.0,129.76,138.0,96.0,1000.3686274588108,1000.5254902243614,1000.6156862974167,1000.7019608020782,1000.8784313797951,2000.3686274588108,2000.6705882549286,3000.3725490272045,3000.6078431606293,3001.0,173.22637329101562,180.905908203125,185.82993774414064,189.54977416992188,192.87208557128906,196.062255859375,199.357177734375,203.32992553710938,210.03189086914062,348.479248046875,232.47775,0.0,test_data/Useful/Validation/rice-at-2-ft/20241108_085554_012.jpg,3053.0,1141.0,61.236159691107204
5,28.0,34.0,40.72,45.0,48.2,51.0,52.0,55.92,57.16,58.400000000000006,59.0,60.0,61.120000000000005,63.0,64.0,66.0,67.0,68.0,69.56,70.0,71.0,72.0,73.0,73.75999999999999,74.0,75.0,76.48000000000002,77.0,78.0,79.0,79.0,80.0,80.0,80.0,80.39999999999998,81.0,81.0,82.0,82.0,83.0,83.0,84.0,84.32,85.0,86.0,87.0,88.0,88.0,89.0,89.0,90.0,91.0,91.0,91.0,92.0,92.44000000000005,93.0,93.0,94.0,94.39999999999998,95.0,95.0,96.0,96.0,97.0,97.0,98.0,98.0,98.0,99.0,100.0,101.0,101.0,101.0,102.0,102.0,103.0,103.0,104.0,104.0,104.0,105.0,107.0,108.0,109.0,109.0,110.0,110.12,111.36000000000001,112.0,113.0,114.0,115.0,116.55999999999995,118.0,120.03999999999996,123.0,125.0,129.0,136.0,80.0,1000.3647058904171,1000.5215686559677,1000.6078431606293,1000.6823529601097,1000.8235294222832,2000.2509804069996,2000.6196078658104,3000.2823529541492,3000.5921568870544,3001.0,173.3545715332031,180.96157836914062,185.92639923095703,189.64459228515625,192.93946075439453,196.11709594726562,199.47335815429688,203.47708129882812,210.409423828125,348.39788818359375,231.69,0.0,test_data/Useful/Validation/rice-at-2-ft/20241108_085554_019.jpg,3037.0,1068.0,59.471530157355126
6,33.480000000000004,39.0,43.0,47.96,51.0,51.0,52.68000000000001,54.92,57.0,58.0,59.0,60.0,62.0,63.360000000000014,65.0,66.0,67.0,67.32,68.0,70.0,71.0,72.0,73.0,74.0,74.0,75.0,76.0,76.0,77.0,77.0,78.0,78.0,79.0,80.0,80.0,81.0,82.0,82.0,83.0,83.0,83.0,84.0,85.0,85.0,85.0,86.0,86.27999999999997,87.0,88.0,88.0,89.0,89.0,89.0,90.0,90.0,91.0,91.0,92.0,93.0,93.0,94.0,94.0,94.12,95.0,96.0,96.0,97.0,98.0,98.0,99.0,99.0,99.27999999999997,100.0,101.0,101.0,102.0,102.0,103.0,104.0,104.0,105.0,105.0,106.0,107.0,107.0,108.0,109.0,110.0,111.0,112.0,112.84000000000003,114.0,114.32000000000005,116.0,118.0,119.0,121.0,124.0,126.0,133.0,83.0,1000.3607843220234,1000.517647087574,1000.6078431606293,1000.6862745285034,1000.8352941274643,2000.2745098173618,2000.623529434204,3000.2549019753933,3000.5882353186607,3001.0,173.53826904296875,181.13019104003905,185.93751525878906,189.74745483398436,193.06434631347656,196.2515411376953,199.56617736816406,203.55911254882812,210.24110412597656,348.44525146484375,231.11215,0.0,test_data/Useful/Validation/rice-at-2-ft/20241108_085554_020.jpg,3142.0,1118.0,59.780484091090955
7,29.96,39.0,44.72,49.0,53.0,55.0,56.0,57.0,59.0,60.0,60.0,61.0,63.0,64.0,65.0,66.0,67.0,68.0,69.0,70.0,71.0,71.28,72.0,73.0,73.0,74.0,75.0,76.0,76.0,77.0,78.0,79.0,80.0,80.0,81.0,81.0,82.0,83.0,84.0,84.0,85.0,85.0,86.0,86.0,87.0,87.0,87.0,87.51999999999998,88.0,89.0,89.0,90.0,91.0,91.0,91.0,92.0,92.0,93.0,93.0,94.0,94.0,95.0,95.0,95.36000000000001,96.0,97.0,97.0,98.0,99.0,100.0,100.0,100.0,101.0,101.75999999999999,102.0,103.0,103.0,104.0,104.0,105.0,105.0,106.0,107.0,107.15999999999997,108.0,109.0,109.0,110.0,111.0,112.0,113.0,114.0,115.0,116.0,117.0,118.03999999999996,120.55999999999995,125.51999999999998,130.0,138.0,87.0,1000.3647058904171,1000.5215686559677,1000.6078431606293,1000.6862745285034,1000.8352941274643,2000.2745098173618,2000.6196078658104,3000.2509804069996,3000.5882353186607,3001.0,173.44359741210937,181.0803649902344,185.91357421875,189.68666076660156,193.0120849609375,196.1880645751953,199.53305053710938,203.48939514160156,210.2873077392578,348.4471130371094,231.21579,0.0,test_data/Useful/Validation/rice-at-2-ft/20241108_085554_021.jpg,3038.0,1066.0,58.303000831703244
8,25.68,40.96,48.0,50.0,53.0,54.0,55.0,56.92,58.0,59.0,59.64,60.0,62.0,63.0,64.0,65.0,67.0,68.0,70.0,70.0,71.0,72.0,73.0,73.0,74.0,75.0,76.0,76.0,77.0,78.0,78.0,79.0,79.0,80.0,80.0,81.0,81.0,82.0,82.0,82.60000000000002,83.0,84.0,84.32,85.0,86.0,87.0,87.0,88.0,88.0,89.0,89.24000000000001,90.0,90.72000000000003,91.0,92.0,93.0,93.0,94.0,94.15999999999997,95.0,95.0,95.0,96.0,96.0,97.0,97.0,98.0,98.0,99.0,99.79999999999995,100.0,100.0,101.0,101.0,102.0,102.0,103.0,104.0,104.0,105.0,105.0,106.0,107.0,107.15999999999997,108.0,109.0,110.0,111.0,111.0,113.0,114.0,115.08000000000004,117.0,118.0,120.0,122.03999999999996,124.0,127.51999999999998,130.0,139.0,95.0,1000.3725490272045,1000.5254902243614,1000.6156862974167,1000.6941176652908,1000.8588235378265,2000.3215686380863,2000.6313725709915,3000.258823543787,3000.5921568870544,3001.0,173.31312255859376,180.9119842529297,185.78948516845702,189.58969116210938,192.90960693359375,196.11465454101562,199.47503814697265,203.5043487548828,210.3390350341797,348.43798828125,231.4385,0.0,test_data/Useful/Validation/rice-at-2-ft/20241108_085554_022.jpg,3054.0,1113.0,59.71960427162998
9,37.24,41.480000000000004,44.0,46.96,49.2,52.879999999999995,54.68000000000001,57.0,59.0,60.0,62.0,63.0,64.0,65.0,66.0,67.0,68.08000000000001,69.0,70.0,70.80000000000001,71.03999999999999,72.0,73.0,73.0,74.0,75.0,75.0,76.0,76.0,77.0,78.0,78.0,79.0,80.0,81.0,81.63999999999999,82.0,83.0,83.0,83.0,84.0,85.0,85.0,85.56,86.0,86.04000000000002,87.0,87.0,88.0,88.0,89.0,90.0,90.0,90.0,91.0,91.44000000000005,92.0,93.0,94.0,94.0,94.0,95.0,95.0,96.0,96.0,97.0,97.0,98.0,98.0,99.0,99.0,100.0,101.0,101.0,101.0,102.0,103.0,104.0,104.0,105.0,106.0,107.0,107.0,108.0,108.39999999999998,109.63999999999999,110.0,111.0,112.0,113.0,114.0,115.0,116.0,117.55999999999995,119.0,121.0,123.0,127.0,131.0,142.0,83.0,1000.3725490272045,1000.5254902243614,1000.6156862974167,1000.6941176652908,1000.8627451062202,2000.3372549116611,2000.6431372761726,3000.2823529541492,3000.596078455448,3001.0,173.4501953125,181.13872375488282,186.00792236328124,189.7848358154297,193.14186096191406,196.32308959960938,199.6129608154297,203.59326171875,210.31463623046875,348.44384765625,231.03636,0.0,test_data/Useful/Validation/rice-at-2-ft/20241108_085554_023.jpg,3139.0,1112.0,62.57190324892077
10,29.240000000000002,36.0,41.0,43.0,47.0,50.0,51.68000000000001,52.92,54.0,56.0,57.0,59.0,61.0,61.0,62.0,63.0,63.0,64.32,65.0,66.0,68.0,69.0,70.0,70.0,71.0,72.0,72.48000000000002,75.0,75.95999999999998,76.0,77.0,78.0,78.0,79.0,80.0,81.0,82.0,82.0,82.0,83.0,83.0,84.0,84.0,85.0,85.80000000000001,86.0,87.0,87.0,88.0,89.0,89.0,90.0,90.72000000000003,91.0,92.0,92.0,93.0,93.0,94.0,94.39999999999998,95.0,96.0,97.0,97.0,98.0,98.0,98.0,99.0,99.0,99.0,100.0,101.0,101.0,102.0,102.0,103.0,103.0,103.0,104.0,104.0,104.44000000000005,105.0,106.0,106.15999999999997,107.0,108.0,109.0,110.0,111.0,111.0,112.84000000000003,114.0,115.32000000000005,117.55999999999995,118.79999999999995,120.0,122.0,125.0,127.0,136.0,98.0,1000.3882353007793,1000.5372549295425,1000.6196078658104,1000.6980392336845,1000.8745098114014,2000.3686274588108,2000.6666666865349,3000.341176480055,3000.6039215922356,3001.0,173.5541534423828,181.1324462890625,186.00961303710938,189.77234497070313,193.08108520507812,196.25234680175782,199.54229736328125,203.61605834960938,210.51882934570312,348.42547607421875,232.7573,0.0,test_data/Useful/Validation/rice-at-2-ft/20241108_085554_030.jpg,3172.0,1124.0,57.41333014136825
11,33.24,40.480000000000004,42.0,45.0,47.2,49.0,51.0,53.0,56.0,57.0,58.0,59.0,60.0,61.360000000000014,62.0,63.84,64.0,65.0,67.0,67.80000000000001,69.0,69.0,70.52000000000001,71.0,72.0,72.0,73.0,74.0,75.0,75.0,76.0,77.0,77.0,78.0,79.0,79.0,80.0,80.12,81.0,82.0,82.0,83.0,83.0,84.0,84.0,85.0,86.0,86.0,87.0,87.0,87.24000000000001,88.0,88.0,89.0,90.0,91.0,91.0,91.0,92.0,92.0,92.63999999999999,93.0,94.0,95.0,95.0,96.0,96.0,96.0,97.0,98.0,99.0,99.0,100.0,101.0,101.0,102.0,102.0,103.0,104.0,105.0,106.0,106.0,107.0,107.0,108.0,108.0,109.0,110.0,111.0,112.0,113.0,114.0,115.0,116.0,117.0,118.0,120.27999999999997,123.51999999999998,127.0,132.0,91.0,1000.3843137323856,1000.5372549295425,1000.6196078658104,1000.6980392336845,1000.8745098114014,2000.3764705955982,2000.6666666865349,3000.3294117748737,3000.6039215922356,3001.0,173.3944854736328,181.07179260253906,185.95115661621094,189.7610321044922,193.13148498535156,196.33021240234373,199.68377075195312,203.72813720703124,210.60549774169925,348.47552490234375,232.01357,0.0,test_data/Useful/Validation/rice-at-2-ft/20241108_085554_031.jpg,3253.0,1208.0,60.04944329862178
12,29.240000000000002,36.480000000000004,42.0,44.0,46.0,48.0,49.0,51.0,54.16,56.400000000000006,59.0,60.0,61.0,63.0,64.0,64.84,65.0,66.0,67.0,68.0,69.0,70.0,71.0,71.0,72.0,72.0,73.0,73.0,75.0,75.0,75.44,76.0,77.0,77.0,77.39999999999998,78.0,78.0,79.0,79.0,80.0,80.0,81.0,81.32,82.56,83.0,84.0,85.0,85.0,86.0,86.0,87.0,87.0,88.0,88.0,89.0,90.0,90.0,91.0,92.0,92.0,93.0,94.0,94.0,95.0,95.0,96.0,96.0,97.0,98.0,99.0,99.0,100.0,100.0,101.0,101.0,102.0,103.0,103.0,104.0,105.20000000000005,106.0,106.0,107.0,108.0,109.0,109.0,109.88,111.0,111.36000000000001,112.60000000000002,114.0,115.0,116.0,117.55999999999995,118.0,121.0,123.0,125.0,128.0,146.0,78.0,1000.4000000059605,1000.54509806633,1000.6313725709915,1000.7137255072594,1000.9098039269447,2000.4117647111416,2000.6823529601097,3000.3568627536297,3000.6078431606293,3001.0,173.67999267578125,181.21090698242188,186.0398422241211,189.87640380859375,193.2149658203125,196.38851928710938,199.68499755859375,203.73318481445312,210.557373046875,348.45562744140625,230.94061,0.0,test_data/Useful/Validation/rice-at-2-ft/20241108_085554_032.jpg,3243.0,1122.0,64.69533326798077
13,29.48,35.96,42.72,46.96,50.2,53.44,56.0,57.0,58.0,59.0,59.0,60.0,61.0,62.0,62.599999999999994,64.0,65.0,66.0,67.0,68.0,68.0,69.28,70.0,70.0,72.0,72.24000000000001,73.0,74.0,75.0,75.0,76.0,76.68,77.0,78.0,78.0,78.0,79.0,80.0,81.0,81.0,82.0,83.0,83.0,83.0,84.0,85.0,86.0,86.0,87.0,87.0,88.0,88.0,89.0,89.96000000000004,91.0,91.0,91.67999999999995,92.0,92.0,93.0,94.0,94.0,95.0,95.0,95.0,96.0,96.0,97.0,97.0,98.0,99.0,100.0,100.0,101.0,101.0,102.0,102.48000000000002,103.0,104.0,104.0,105.0,106.0,106.0,107.0,108.0,108.0,109.88,110.0,111.0,112.0,113.0,115.0,116.0,117.0,118.0,120.0,123.0,125.0,128.51999999999998,136.0,83.0,1000.4000000059605,1000.54509806633,1000.6313725709915,1000.7176470756531,1000.9176470637321,2000.419607847929,2000.6823529601097,3000.3607843220234,3000.6078431606293,3001.0,173.43502502441407,181.16832885742187,186.03116455078126,189.84703063964844,193.17491149902344,196.36268615722656,199.71932983398438,203.70689392089844,210.5325469970703,348.46417236328125,231.30121,0.0,test_data/Useful/Validation/rice-at-2-ft/20241108_085554_033.jpg,3256.0,1177.0,58.592639772873035
14,31.240000000000002,35.480000000000004,38.72,44.0,47.0,50.0,51.0,53.0,54.0,56.0,57.0,59.0,60.0,61.0,63.0,64.0,65.0,65.0,66.56,67.0,68.0,68.0,68.0,69.0,70.0,71.0,71.0,72.0,72.0,73.19999999999999,74.0,75.0,75.0,76.0,76.0,77.0,77.0,78.0,78.0,79.0,79.0,80.0,80.0,81.0,82.0,83.0,83.0,84.0,85.0,85.0,86.0,87.0,87.0,87.0,88.0,89.0,90.0,91.0,92.0,92.0,92.0,93.0,94.0,94.36000000000001,95.0,95.0,96.0,96.0,97.0,97.0,98.0,99.0,99.0,99.75999999999999,100.0,101.0,101.48000000000002,102.0,103.0,104.0,104.0,105.0,106.0,107.0,108.0,108.0,109.0,110.0,110.36000000000001,112.0,112.0,114.0,115.0,116.0,117.0,117.0,119.0,124.03999999999996,127.0,139.0,92.0,1000.4078431427479,1000.5529412031174,1000.6392157077789,1000.7294117808342,1000.9450980424881,2000.447058826685,2000.6941176652908,3000.3843137323856,3000.611764729023,3001.0,173.5753936767578,181.34126586914064,186.16319274902344,190.0028076171875,193.31398010253906,196.48390197753906,199.79388427734375,203.85816955566406,210.67872619628906,348.4525146484375,231.57437,0.0,test_data/Useful/Validation/rice-at-2-ft/20241108_085554_034.jpg,3348.0,1173.0,58.823097805708834
15,28.48,37.480000000000004,40.0,43.96,45.0,46.0,47.0,49.0,51.16,53.0,54.0,55.0,56.0,56.360000000000014,58.0,58.0,59.0,60.0,61.0,62.0,62.03999999999999,64.0,65.0,65.75999999999999,66.0,67.0,67.0,68.0,69.0,70.0,71.0,71.0,72.0,73.0,73.39999999999998,74.0,74.88,75.0,76.0,76.60000000000002,77.0,78.0,78.0,79.0,79.0,80.0,80.0,81.0,82.0,82.0,83.0,83.0,83.0,84.0,84.20000000000005,85.0,85.0,86.0,86.15999999999997,87.0,88.0,88.0,89.0,89.0,90.0,90.0,91.0,92.0,92.0,92.0,93.0,93.27999999999997,94.0,95.0,95.0,96.24000000000001,97.0,98.0,98.96000000000004,100.0,100.0,101.0,102.0,102.0,103.0,104.0,105.0,105.0,106.0,108.60000000000002,110.0,112.0,113.32000000000005,115.0,116.0,118.03999999999996,120.27999999999997,123.0,127.75999999999999,132.0,82.0,1000.3764705955982,1000.5294117927551,1000.611764729023,1000.6823529601097,1000.811764717102,1000.9686274528503,2000.458823531866,2000.8235294222832,3000.556862771511,3001.0,175.0265090942383,182.6390838623047,187.49591674804688,191.3005828857422,194.64906311035156,197.84701538085938,201.1388397216797,205.06741333007812,211.6846923828125,348.25946044921875,233.12514,0.0,test_data/Useful/Validation/rice-at-2-ft/20241108_085554_057.jpg,3458.0,1181.0,62.45000099744958
16,23.48,29.96,37.0,40.0,42.0,44.0,45.0,47.0,48.0,49.0,50.0,51.0,54.0,55.0,57.599999999999994,58.84,60.0,60.0,60.56,61.0,63.0,64.0,65.0,65.0,66.0,67.0,68.0,68.72000000000003,70.0,71.0,71.0,72.0,72.0,73.0,73.39999999999998,74.0,75.0,75.0,76.0,76.0,76.0,77.0,78.0,78.0,79.0,80.0,80.0,81.0,82.0,83.0,84.0,85.0,85.0,85.0,86.0,86.0,87.0,87.0,88.0,88.0,89.0,89.0,90.0,91.0,91.0,91.0,92.0,92.0,93.0,93.79999999999995,94.0,95.0,95.0,96.0,96.0,97.0,98.0,98.0,99.0,100.0,100.0,101.0,102.0,103.0,103.0,103.63999999999999,105.0,106.0,107.36000000000001,109.0,110.0,111.0,111.32000000000005,113.0,114.0,117.0,118.0,120.51999999999998,123.75999999999999,149.0,91.0,1000.3764705955982,1000.5294117927551,1000.611764729023,1000.6823529601097,1000.8078431487083,1000.9607843160629,2000.4431372582912,2000.8078431487083,3000.5529412031174,3001.0,174.98770141601562,182.70220947265625,187.5817626953125,191.38977661132813,194.68826293945312,197.88011474609374,201.19019775390626,205.18494873046876,211.75847930908205,348.234375,233.27562,0.0,test_data/Useful/Validation/rice-at-2-ft/20241108_085554_058.jpg,3497.0,1177.0,60.2291258766077
17,27.0,33.480000000000004,36.0,38.0,39.0,41.0,43.68000000000001,45.0,49.0,51.0,52.0,54.0,55.0,56.0,57.0,58.84,59.08000000000001,60.0,61.0,62.0,63.0,64.0,65.0,66.0,66.0,67.0,67.0,68.0,69.0,69.0,69.44,70.0,71.0,72.0,72.0,72.0,73.88,74.0,74.0,75.0,75.0,76.0,77.0,77.0,78.0,78.04000000000002,79.0,80.0,80.0,81.0,81.0,82.0,82.72000000000003,83.0,84.0,85.0,86.0,86.0,87.0,88.0,88.0,89.0,90.0,90.0,91.0,92.0,92.0,93.0,93.0,94.0,95.0,95.0,96.0,96.0,97.0,98.0,98.0,99.0,99.0,99.0,100.0,100.0,101.0,102.0,102.0,103.0,104.0,105.12,107.0,109.0,110.0,112.0,113.0,114.0,116.0,117.03999999999996,120.0,124.03999999999996,128.51999999999998,146.0,99.0,1000.3725490272045,1000.5294117927551,1000.611764729023,1000.6823529601097,1000.8039215803146,1000.9607843160629,2000.4392156898975,2000.7921568751335,3000.5490196347237,3001.0,175.0997741699219,182.72598266601562,187.59201354980468,191.3591064453125,194.6594467163086,197.806396484375,201.16729736328125,205.18653869628906,211.69577026367188,348.22906494140625,233.01971,0.0,test_data/Useful/Validation/rice-at-2-ft/20241108_085554_059.jpg,3497.0,1180.0,59.69972067367332
18,26.240000000000002,34.0,36.0,39.96,43.2,46.0,47.0,49.0,50.0,51.0,53.0,54.879999999999995,56.0,57.0,58.0,60.0,61.0,62.0,63.0,63.80000000000001,64.0,65.28,66.0,67.0,67.0,67.24000000000001,69.0,69.0,70.0,70.19999999999999,71.0,72.0,73.0,74.0,74.0,75.0,75.88,76.0,77.0,77.0,77.0,78.0,79.0,79.0,80.0,80.0,81.0,81.0,81.75999999999999,82.0,82.0,83.0,83.0,84.0,85.0,85.0,85.0,86.0,87.0,87.0,87.0,88.0,89.0,90.0,91.0,92.0,92.0,93.0,93.0,94.0,94.0,95.0,95.0,96.0,97.0,97.0,97.48000000000002,98.0,99.0,100.0,100.44000000000005,101.0,102.0,102.0,103.39999999999998,104.0,105.0,105.12,106.0,109.0,109.0,111.0,112.0,112.0,114.79999999999995,115.03999999999996,118.0,121.51999999999998,126.0,137.0,87.0,1000.3764705955982,1000.5294117927551,1000.611764729023,1000.6823529601097,1000.8039215803146,1000.9607843160629,2000.4431372582912,2000.784313738346,3000.5490196347237,3001.0,175.1203872680664,182.74110107421876,187.55736846923827,191.3505432128906,194.70762634277344,197.88070678710938,201.20150756835938,205.17486572265625,211.83163452148438,348.2074279785156,231.35141,0.0,test_data/Useful/Validation/rice-at-2-ft/20241108_085554_060.jpg,3442.0,1170.0,64.87127135758165
19,32.0,34.480000000000004,39.0,42.0,44.0,46.44,48.0,48.92,50.0,51.0,53.0,54.0,55.120000000000005,57.0,58.0,59.0,60.0,61.0,61.56,63.0,64.0,64.0,65.0,66.0,66.0,66.0,67.0,68.0,68.0,69.0,70.0,71.0,72.0,72.0,73.0,74.0,74.0,75.0,75.0,76.0,76.0,77.0,77.0,78.0,78.0,79.0,79.0,80.0,81.0,81.0,82.0,82.0,83.0,83.0,83.0,84.0,84.0,85.0,86.0,87.0,87.63999999999999,88.0,89.0,89.0,90.0,91.0,91.0,92.0,92.0,93.0,95.0,96.0,97.0,97.0,98.0,99.0,99.0,100.0,101.0,102.0,102.0,103.0,104.0,104.0,105.0,106.0,106.0,107.0,108.0,109.0,109.0,111.08000000000004,112.0,113.0,115.79999999999995,117.0,119.27999999999997,122.51999999999998,126.75999999999999,138.0,66.0,1000.3764705955982,1000.5294117927551,1000.611764729023,1000.6823529601097,1000.8078431487083,1000.9607843160629,2000.458823531866,2000.7921568751335,3000.5490196347237,3001.0,174.97605895996094,182.7235534667969,187.56822204589844,191.3103485107422,194.60731506347656,197.827880859375,201.1685028076172,205.23728942871094,211.99734497070312,348.1912841796875,233.12553,0.0,test_data/Useful/Validation/rice-at-2-ft/20241108_085554_061.jpg,3443.0,1143.0,55.99037505552583
20,24.240000000000002,36.96,39.72,41.96,44.2,47.44,49.68000000000001,51.0,51.16,54.0,54.64,55.0,57.0,57.0,58.0,59.0,60.0,62.0,63.0,64.0,64.0,65.0,66.0,66.75999999999999,67.0,68.0,68.0,69.0,69.95999999999998,70.0,71.0,71.0,72.0,72.0,73.0,73.0,74.0,75.0,76.0,76.0,76.83999999999997,77.0,78.0,78.0,79.0,79.0,80.0,80.0,80.0,81.0,81.0,82.0,83.0,83.0,84.0,84.0,85.0,85.0,86.0,86.0,87.0,88.0,88.0,89.0,89.0,90.0,91.0,91.0,91.0,91.79999999999995,92.0,93.0,93.51999999999998,94.0,95.0,96.0,96.0,97.0,98.0,99.0,100.0,100.0,101.0,102.0,104.0,104.0,105.0,106.0,106.0,108.60000000000002,109.84000000000003,111.0,111.32000000000005,112.55999999999995,113.79999999999995,116.0,119.0,121.0,123.75999999999999,133.0,91.0,1000.3764705955982,1000.5333333611488,1000.6156862974167,1000.6901960968971,1000.8235294222832,1000.972549021244,2000.4941176474094,2000.8196078538895,3000.5490196347237,3001.0,175.14996337890625,182.75204467773438,187.65785217285156,191.45950317382812,194.79737854003906,197.95997619628906,201.30307006835938,205.3227783203125,212.09674072265625,348.0356140136719,234.24915,0.0,test_data/Useful/Validation/rice-at-2-ft/20241108_085554_068.jpg,3407.0,1158.0,59.59460323970659
21,37.24,40.0,42.0,45.0,46.2,48.44,50.0,51.0,53.0,54.0,54.64,55.879999999999995,57.0,58.0,59.0,60.0,61.0,61.0,62.0,63.0,64.03999999999999,65.0,66.0,67.0,68.0,69.0,70.0,71.0,71.95999999999998,72.0,73.0,74.0,74.0,75.0,75.0,76.0,77.0,77.0,77.0,78.0,79.0,79.07999999999998,80.0,81.0,81.0,82.0,83.0,83.0,84.0,84.0,85.0,86.0,86.0,86.96000000000004,87.0,87.0,87.0,88.0,88.0,88.39999999999998,89.0,90.0,90.0,91.0,92.0,93.0,93.0,93.0,94.0,94.79999999999995,95.0,96.0,96.0,97.0,97.0,98.0,98.48000000000002,99.0,100.0,100.0,101.0,102.0,103.0,104.0,104.0,105.63999999999999,106.0,107.0,107.36000000000001,108.0,109.0,110.0,111.0,112.0,113.0,115.0,117.27999999999997,120.0,121.0,147.0,87.0,1000.3764705955982,1000.5333333611488,1000.6156862974167,1000.6901960968971,1000.8313725590706,1000.9764705896378,2000.5333333611488,2000.866666674614,3000.560784339905,3001.0,174.95138244628907,182.68447265625,187.5501251220703,191.33135986328125,194.66275024414062,197.85491943359375,201.2042022705078,205.29434204101562,212.1505126953125,348.0334777832031,233.04024,0.0,test_data/Useful/Validation/rice-at-2-ft/20241108_085554_069.jpg,3339.0,1201.0,58.56497796402522
22,32.0,39.0,42.72,45.0,46.2,48.44,50.68000000000001,51.92,53.0,55.0,56.0,57.0,59.0,59.0,60.0,61.0,62.0,63.0,63.56,64.0,66.0,67.0,67.0,68.0,69.0,69.0,70.0,71.0,71.0,72.0,73.0,73.0,74.0,75.0,76.0,76.63999999999999,77.0,78.0,78.0,79.0,79.0,80.0,80.0,80.56,81.0,82.0,82.0,83.0,83.75999999999999,84.0,84.24000000000001,85.0,85.0,86.0,87.0,87.0,88.0,88.0,88.15999999999997,89.0,89.0,90.0,91.0,91.0,91.60000000000002,92.0,93.0,93.0,93.0,94.0,94.0,94.0,95.0,95.0,96.0,96.0,97.0,97.0,98.0,98.0,99.0,99.0,100.0,100.15999999999997,101.0,102.0,102.0,103.0,105.0,106.0,107.0,108.0,110.0,110.55999999999995,113.0,115.0,117.27999999999997,119.51999999999998,125.0,134.0,94.0,1000.3803921639919,1000.5333333611488,1000.6156862974167,1000.6901960968971,1000.8313725590706,1000.9803921580315,2000.5372549295425,2000.878431379795,3000.560784339905,3001.0,175.0792984008789,182.6460754394531,187.54012603759764,191.32611083984375,194.67002868652344,197.88573608398437,201.24046325683594,205.26318359375,212.02853393554688,348.0450134277344,232.18552,0.0,test_data/Useful/Validation/rice-at-2-ft/20241108_085554_070.jpg,3319.0,1176.0,55.215074916983276
23,32.480000000000004,40.480000000000004,42.72,44.0,48.0,51.0,52.0,53.0,54.0,55.400000000000006,56.0,58.0,59.0,60.0,60.0,61.84,63.0,64.0,65.0,65.0,66.0,67.0,67.52000000000001,69.0,70.0,70.0,71.0,71.0,72.0,72.19999999999999,73.0,73.68,74.0,75.0,75.0,75.63999999999999,76.0,76.12,77.0,78.0,78.0,79.0,79.0,79.0,80.0,81.0,82.0,83.0,83.0,83.0,84.0,84.0,84.72000000000003,85.0,86.0,87.0,87.0,87.0,88.0,88.0,89.0,90.0,90.0,91.0,91.0,92.0,92.0,93.0,94.0,94.0,95.0,96.0,96.0,97.0,97.0,98.0,98.0,99.0,99.0,100.0,101.0,101.0,102.0,103.0,104.0,104.0,105.0,106.0,107.0,108.0,108.0,110.0,112.0,112.55999999999995,113.0,116.0,119.27999999999997,122.51999999999998,124.0,137.0,79.0,1000.392156869173,1000.54509806633,1000.6235294342041,1000.705882370472,1000.8588235378265,1001.0,2000.572549045086,2000.9647058844566,3000.568627476692,3001.0,174.86578369140625,182.53305053710938,187.423828125,191.25123596191406,194.58724975585938,197.76910400390625,201.12088470458986,205.17203674316409,212.1743927001953,348.0372619628906,232.86201,0.0,test_data/Useful/Validation/rice-at-2-ft/20241108_085554_071.jpg,3400.0,1191.0,57.39312204292625
24,29.240000000000002,35.0,40.0,43.0,44.0,46.44,50.0,52.92,54.0,55.0,56.0,57.0,58.120000000000005,60.0,61.0,62.0,62.0,63.0,64.0,65.0,66.0,66.28,68.0,68.0,70.0,71.0,72.0,73.0,73.0,73.0,74.0,74.0,74.92000000000002,75.0,76.0,77.0,77.0,78.0,78.0,79.0,79.0,80.0,80.0,81.0,81.0,82.0,83.0,83.0,83.0,84.0,85.0,85.0,86.0,86.0,87.0,87.0,88.0,89.0,90.0,90.0,91.0,91.0,92.0,92.0,93.0,93.0,94.0,95.0,95.0,96.0,96.0,96.27999999999997,97.0,97.0,98.0,99.0,99.0,100.0,100.96000000000004,101.0,102.0,102.0,103.0,104.0,105.0,105.0,106.0,106.0,108.0,109.0,110.0,111.0,112.0,112.0,114.0,115.0,117.0,120.0,123.75999999999999,139.0,74.0,1000.392156869173,1000.54509806633,1000.6274510025978,1000.705882370472,1000.8549019694328,1001.0,2000.5764706134796,3000.086274512112,3000.572549045086,3001.0,174.73675994873048,182.39590454101562,187.30947875976562,191.1427459716797,194.46923065185547,197.66500549316407,201.01177062988282,205.1069793701172,212.12319946289062,348.0630798339844,234.04025,0.0,test_data/Useful/Validation/rice-at-2-ft/20241108_085554_072.jpg,3312.0,1183.0,59.90183145632017
25,34.0,38.0,40.72,44.0,46.0,49.0,50.0,53.0,54.0,55.0,55.0,56.0,57.0,58.0,59.0,60.0,62.0,64.0,64.56,65.0,66.0,66.0,66.0,67.0,68.0,68.0,69.0,70.0,70.0,71.0,72.0,73.0,73.0,74.0,74.0,74.63999999999999,75.0,76.0,76.0,77.0,77.0,78.0,78.0,79.0,79.0,80.0,80.27999999999997,81.0,81.75999999999999,82.0,82.0,83.0,83.0,84.0,84.0,85.0,85.0,86.0,86.0,87.0,88.0,88.88,89.0,90.0,90.0,91.0,91.0,92.0,93.0,93.79999999999995,94.0,94.0,95.0,96.0,96.0,97.0,97.0,98.0,99.0,99.0,100.0,101.0,102.0,102.15999999999997,103.39999999999998,104.63999999999999,105.0,106.0,107.0,107.0,109.0,111.0,112.0,113.0,114.0,115.03999999999996,117.0,120.0,124.75999999999999,131.0,66.0,1000.3960784375668,1000.5490196347237,1000.6352941393852,1000.7294117808342,1000.8862745165825,2000.1921568661928,2000.6745098233223,3000.32549020648,3000.5921568870544,3001.0,174.94017333984374,182.54636840820314,187.38243103027344,191.23416137695312,194.5643310546875,197.76480102539062,201.15699768066406,205.14724731445312,212.01866149902344,348.0547790527344,233.4609,0.0,test_data/Useful/Validation/rice-at-2-ft/20241108_085554_079.jpg,3323.0,1149.0,55.417705477206354
26,34.24,37.0,39.72,43.96,46.2,48.44,50.0,50.0,52.0,53.0,55.0,56.0,58.120000000000005,60.0,61.0,61.0,63.0,63.31999999999999,64.56,65.0,66.0,67.0,68.0,68.0,69.0,70.0,71.0,72.0,72.95999999999998,74.0,74.0,75.0,75.0,76.0,76.0,77.0,77.0,78.0,79.0,79.0,79.0,80.0,80.0,81.0,81.0,82.0,82.0,82.0,83.0,84.0,84.0,85.0,85.0,85.0,86.0,86.0,87.0,87.0,88.0,88.0,88.0,89.0,89.0,90.0,90.0,91.0,91.0,92.0,92.55999999999995,93.0,94.0,95.0,95.0,96.0,96.0,97.0,97.48000000000002,98.0,99.0,99.20000000000005,100.44000000000005,102.0,102.91999999999996,103.15999999999997,104.0,105.0,105.0,106.0,107.0,108.0,109.0,111.0,111.0,112.0,113.79999999999995,117.0,118.55999999999995,122.0,126.75999999999999,141.0,79.0,1000.3960784375668,1000.5490196347237,1000.6352941393852,1000.7294117808342,1000.8862745165825,2000.203921571374,2000.678431391716,3000.337254911661,3000.596078455448,3001.0,174.9610595703125,182.5628173828125,187.33169555664062,191.13507080078125,194.51025390625,197.71836853027344,201.0940399169922,205.1802978515625,212.06788635253906,348.046630859375,233.7107,0.0,test_data/Useful/Validation/rice-at-2-ft/20241108_085554_080.jpg,3319.0,1190.0,59.626205791850396
27,38.24,40.0,43.72,45.96,48.0,49.44,50.0,52.0,53.16,56.0,57.0,59.0,59.120000000000005,60.360000000000014,61.0,62.0,63.0,64.0,65.0,65.80000000000001,66.0,67.0,67.0,68.0,68.0,69.0,70.0,70.0,71.0,72.0,72.44,73.0,73.0,74.0,74.0,75.0,76.0,76.0,77.0,77.0,78.0,79.0,80.0,80.0,80.0,81.0,82.0,82.0,83.0,83.0,84.0,84.48000000000002,85.0,85.0,86.0,87.0,87.0,88.0,88.0,89.0,89.0,90.0,90.0,91.0,92.0,92.0,93.0,93.0,94.0,94.0,95.0,96.0,96.0,97.0,97.0,98.0,98.0,99.0,99.96000000000004,100.0,100.0,101.67999999999995,102.0,103.0,104.0,104.0,105.88,106.0,107.0,107.0,108.0,110.0,111.0,113.0,114.79999999999995,116.0,120.0,122.0,125.0,141.0,80.0,1000.3960784375668,1000.5490196347237,1000.6352941393852,1000.7254902124405,1000.8823529481888,2000.1686274558306,2000.6823529601097,3000.337254911661,3000.596078455448,3001.0,174.91970825195312,182.53160095214844,187.40017700195312,191.21749877929688,194.577392578125,197.8326446533203,201.19615173339844,205.30734252929688,212.08152770996094,348.03472900390625,232.96854,0.0,test_data/Useful/Validation/rice-at-2-ft/20241108_085554_081.jpg,3225.0,1124.0,59.21415251828783
28,30.240000000000002,35.96,38.0,41.96,45.0,46.0,47.0,49.0,52.0,54.0,55.64,56.0,59.0,59.360000000000014,60.599999999999994,62.0,62.0,62.0,63.0,64.80000000000001,65.0,66.0,67.0,67.0,68.0,69.0,69.48000000000002,71.0,71.0,72.0,73.0,74.0,75.0,75.0,75.0,76.0,76.0,77.0,77.0,78.0,78.0,78.07999999999998,79.0,79.0,79.80000000000001,80.0,81.0,81.0,82.0,82.0,82.0,83.0,84.0,84.0,84.0,85.0,85.0,86.0,86.0,87.0,88.0,88.0,89.0,90.0,91.0,92.0,92.08000000000004,93.0,95.0,95.0,96.0,96.0,97.0,98.0,98.0,99.0,100.0,100.0,101.0,101.20000000000005,102.0,102.0,102.91999999999996,103.15999999999997,105.0,105.0,107.0,107.12,108.0,109.60000000000002,110.0,112.0,113.0,114.0,115.0,117.0,118.0,122.0,125.75999999999999,141.0,82.0,1000.3960784375668,1000.5490196347237,1000.6352941393852,1000.7254902124405,1000.8784313797951,2000.1529411822557,2000.6862745285034,3000.3490196168423,3000.596078455448,3001.0,175.10101318359375,182.71600341796875,187.5791015625,191.33377075195312,194.7152099609375,197.91140747070312,201.26873779296875,205.25692749023438,212.08712768554688,347.9958801269531,234.10214,0.0,test_data/Useful/Validation/rice-at-2-ft/20241108_085554_082.jpg,3239.0,1094.0,62.986053620280885
29,35.72,39.0,41.0,43.96,45.0,48.0,50.0,52.0,53.0,53.0,54.0,56.0,58.0,58.360000000000014,59.0,61.0,61.0,62.0,64.0,65.0,66.0,67.0,67.0,68.0,69.0,70.0,71.0,72.0,72.95999999999998,73.0,73.0,74.0,74.0,75.0,76.0,77.0,77.0,78.0,78.0,79.0,79.0,79.0,79.0,80.0,81.0,82.0,83.0,83.0,84.0,84.0,85.0,85.0,86.0,87.0,87.0,87.0,88.0,88.0,89.0,89.0,90.0,90.0,90.0,91.0,91.60000000000002,92.0,92.08000000000004,93.0,93.0,94.0,95.0,95.0,96.0,97.0,97.0,98.0,98.0,100.0,100.96000000000004,101.0,102.0,102.0,103.0,104.0,104.0,106.0,106.0,107.0,108.0,109.0,111.0,111.0,112.32000000000005,114.55999999999995,115.79999999999995,118.03999999999996,121.27999999999997,123.0,126.0,142.0,79.0,1000.392156869173,1000.5490196347237,1000.6352941393852,1000.7254902124405,1000.8823529481888,2000.176470592618,2000.6862745285034,3000.341176480055,3000.600000023842,3001.0,174.86370849609375,182.49327087402344,187.36000061035156,191.1502685546875,194.49462890625,197.71920776367188,201.07275390625,205.10101318359375,211.9293212890625,348.0029602050781,234.3698,0.0,test_data/Useful/Validation/rice-at-2-ft/20241108_085554_083.jpg,3180.0,1149.0,60.95263005736265
30,32.0,35.480000000000004,41.0,46.0,47.2,49.44,51.68000000000001,54.0,56.0,57.0,58.0,59.0,60.0,61.360000000000014,62.0,63.0,63.0,64.0,65.0,66.0,66.03999999999999,67.28,68.0,68.0,69.0,70.0,70.0,71.0,72.0,72.0,73.0,74.0,75.0,75.16000000000003,76.0,76.0,77.0,77.12,78.0,79.0,79.0,80.0,81.0,82.0,82.80000000000001,84.0,84.0,85.0,85.0,86.0,86.24000000000001,87.0,88.0,88.0,89.0,89.0,90.0,90.0,90.0,91.0,91.63999999999999,92.0,93.0,93.0,93.0,94.0,94.0,95.0,95.0,96.0,96.0,97.0,98.0,99.0,99.0,100.0,101.0,102.0,103.0,103.0,104.0,105.0,105.0,106.0,106.0,107.0,107.0,108.0,109.0,109.0,110.0,111.0,114.0,116.0,117.0,118.0,119.27999999999997,123.0,125.75999999999999,135.0,93.0,1000.4078431427479,1000.5607843399048,1000.6470588445663,1000.7568627595901,1000.9176470637321,2000.3960784375668,2000.7529411911964,3000.403921574354,3000.6156862974167,3001.0,174.84068756103517,182.55689086914063,187.4298828125,191.1833953857422,194.45372009277344,197.5862274169922,200.8685302734375,204.820654296875,211.58062744140625,348.0616455078125,233.08107,0.0,test_data/Useful/Validation/rice-at-2-ft/20241108_085554_090.jpg,3068.0,1093.0,59.88521866763225
31,34.96,42.0,44.72,47.0,49.0,51.0,53.0,53.92,55.16,57.0,58.64,60.0,61.0,61.0,62.0,63.0,64.0,65.0,65.0,66.0,67.0,68.0,68.0,69.0,70.0,70.0,71.0,72.0,72.0,73.19999999999999,74.0,76.0,76.0,77.0,78.0,79.0,79.88,80.0,81.0,81.0,82.0,82.0,82.0,84.0,84.0,85.0,85.0,85.0,86.0,86.0,87.0,88.0,88.72000000000003,89.0,89.0,90.0,90.0,90.0,91.0,91.0,91.63999999999999,92.0,92.0,93.0,93.0,94.0,94.0,95.0,96.0,96.0,97.0,98.0,98.0,99.0,99.0,101.0,101.0,102.0,102.0,103.0,103.0,104.0,105.0,106.0,107.0,107.0,108.0,109.12,110.0,111.0,111.84000000000003,112.0,113.0,114.0,115.0,116.0,117.0,120.0,125.75999999999999,142.0,90.0,1000.4000000059605,1000.5568627715111,1000.6431372761726,1000.7529411911964,1000.9137254953384,2000.419607847929,2000.784313738346,3000.4274509847164,3000.6196078658104,3001.0,174.97023010253906,182.53907775878906,187.33847045898438,191.10609436035156,194.41604614257812,197.59930419921875,200.94155883789062,204.87074279785156,211.63125610351562,348.0523376464844,233.98756,0.0,test_data/Useful/Validation/rice-at-2-ft/20241108_085554_091.jpg,3079.0,1107.0,59.79540605783608
32,30.48,38.0,40.0,44.0,48.0,50.0,51.68000000000001,53.0,55.0,58.0,59.0,61.0,63.0,63.0,64.0,65.0,66.0,66.32,67.0,67.80000000000001,69.0,69.0,70.0,71.0,72.0,72.0,73.0,74.0,75.0,75.0,75.44,76.0,76.0,77.0,78.0,78.0,79.0,79.0,80.0,80.0,80.0,81.0,82.0,82.0,83.0,83.0,84.0,85.0,85.75999999999999,86.0,86.24000000000001,87.0,87.0,88.0,88.0,89.0,89.0,90.0,91.0,91.0,92.0,92.0,93.0,93.0,94.0,94.0,95.0,95.0,96.0,97.0,97.0,97.0,98.0,98.0,99.0,99.24000000000001,100.0,101.0,101.0,101.0,102.0,103.0,104.0,105.0,106.0,107.0,107.0,108.0,109.0,109.60000000000002,110.84000000000003,112.0,114.0,114.0,115.0,117.0,119.0,123.51999999999998,127.75999999999999,134.0,97.0,1000.4039215743542,1000.5607843399048,1000.65098041296,1000.7686274647713,1000.9411764740944,2000.4980392158031,2000.8156862854958,3000.435294121504,3000.623529434204,3001.0,174.65787048339843,182.38804626464844,187.26362152099608,191.0661834716797,194.38623046875,197.5284423828125,200.8201904296875,204.8389892578125,211.43812561035156,348.0647277832031,232.22559,0.0,test_data/Useful/Validation/rice-at-2-ft/20241108_085554_092.jpg,3061.0,1121.0,58.67317249539653
33,31.240000000000002,36.0,39.0,44.96,47.0,50.0,52.0,54.0,55.0,56.0,56.64,57.0,58.120000000000005,60.360000000000014,62.0,63.0,64.0,65.0,65.56,67.0,68.0,69.0,69.0,70.0,71.0,72.0,72.48000000000002,74.0,74.0,74.19999999999999,75.0,76.0,77.0,78.0,78.0,78.0,79.0,79.0,80.0,80.60000000000002,81.0,82.0,82.0,83.0,83.80000000000001,84.0,84.27999999999997,85.0,86.0,87.0,87.0,87.48000000000002,88.0,89.0,89.0,90.0,90.0,91.0,91.0,92.0,92.0,93.0,93.0,93.0,94.0,94.0,95.0,95.0,96.0,96.0,97.0,97.0,98.0,98.0,99.0,100.0,100.0,101.0,102.0,103.0,103.44000000000005,104.0,104.91999999999996,105.0,106.0,107.0,108.0,108.0,109.0,109.0,110.0,111.08000000000004,112.0,113.55999999999995,115.79999999999995,117.0,120.0,123.0,127.0,138.0,87.0,1000.4039215743542,1000.5607843399048,1000.65098041296,1000.7686274647713,1000.9411764740944,2000.4941176474094,2000.811764717102,3000.435294121504,3000.623529434204,3001.0,174.73849487304688,182.309228515625,187.18236541748047,190.98174438476562,194.30249786376953,197.46165771484374,200.77853546142578,204.74319458007812,211.364501953125,348.09735107421875,233.38956,0.0,test_data/Useful/Validation/rice-at-2-ft/20241108_085554_093.jpg,3115.0,1131.0,58.562109691248544
34,29.0,32.96,40.0,42.96,47.2,49.0,52.68000000000001,53.92,55.0,57.0,59.0,61.0,61.0,62.0,64.0,64.84,66.0,66.0,67.56,68.80000000000001,69.0,70.0,70.0,71.0,72.0,73.0,73.0,74.0,75.0,75.0,75.0,76.0,76.0,77.16000000000003,78.0,79.0,79.0,80.0,80.0,81.0,81.0,82.0,83.0,84.0,84.0,85.0,85.0,86.0,86.0,87.0,87.0,87.0,88.0,89.0,89.0,90.0,90.0,91.0,91.0,92.0,92.0,93.0,93.0,94.0,94.0,94.84000000000003,95.0,96.0,96.55999999999995,97.79999999999995,98.0,99.0,99.0,100.0,101.0,102.0,102.0,103.0,104.0,104.0,105.0,105.0,106.0,107.0,108.0,108.63999999999999,109.88,110.0,111.36000000000001,113.0,114.0,115.08000000000004,116.0,118.0,119.0,120.0,121.0,123.03999999999996,127.0,141.0,75.0,1000.4117647111416,1000.5647059082985,1000.6549019813538,1000.7764706015587,1000.9568627476692,2000.5098039507866,2000.811764717102,3000.43137255311,3000.6196078658104,3001.0,174.59239654541017,182.33177185058594,187.17313690185546,190.96115112304688,194.3361053466797,197.48330688476562,200.7626953125,204.68878173828125,211.2769317626953,348.12213134765625,233.58643,0.0,test_data/Useful/Validation/rice-at-2-ft/20241108_085554_094.jpg,2990.0,1076.0,60.154543733993435
35,35.24,43.0,44.0,46.0,47.2,49.44,52.0,54.0,55.0,57.0,58.0,60.0,60.120000000000005,62.0,63.0,63.0,65.0,66.0,67.0,68.0,69.0,69.0,69.52000000000001,70.0,71.0,71.0,72.0,73.0,74.0,75.0,75.44,76.0,77.0,77.0,77.39999999999998,78.0,78.0,79.0,79.0,80.0,80.0,81.0,81.0,82.0,83.0,83.0,84.0,84.0,85.0,85.0,86.0,86.0,87.0,87.0,87.0,88.0,88.0,89.0,89.0,90.0,90.0,91.0,91.0,92.0,92.0,93.0,93.0,93.0,94.0,95.0,95.0,96.0,96.0,97.0,97.0,98.0,99.0,99.0,100.0,100.0,101.0,101.0,102.0,103.0,104.0,105.0,106.0,107.0,107.0,108.0,110.84000000000003,112.0,113.0,114.0,115.79999999999995,117.0,118.0,121.51999999999998,127.27999999999997,134.0,69.0,1000.3764705955982,1000.5254902243614,1000.6078431606293,1000.6862745285034,1000.8235294222832,1001.0,2000.556862771511,3000.149019613862,3000.5803921818733,3001.0,174.35209960937502,181.95677490234377,186.8322769165039,190.66163940429686,193.99620819091797,197.1520782470703,200.4682159423828,204.4730987548828,211.03880310058594,348.36541748046875,234.86893,0.0,test_data/Useful/Validation/rice-at-2-ft/20241108_085653_027.jpg,3280.0,1094.0,57.075260119996415
36,30.0,39.0,43.72,46.96,48.0,51.0,53.0,54.0,56.0,57.0,58.64,60.0,61.0,63.0,64.0,65.0,67.0,68.0,68.0,69.0,70.0,70.0,71.0,71.0,71.0,73.0,73.0,74.0,75.0,76.0,76.0,77.0,77.0,78.0,79.0,79.0,80.0,80.0,80.0,81.0,82.0,83.0,83.0,84.0,85.0,85.0,85.27999999999997,86.0,86.0,87.0,87.0,88.0,88.0,88.96000000000004,89.0,90.0,91.0,91.0,91.15999999999997,92.0,92.0,93.0,93.12,94.0,94.0,95.0,95.0,96.0,96.55999999999995,97.0,97.0,98.0,98.0,99.0,99.0,100.0,101.0,101.0,102.0,103.0,103.0,104.0,104.0,105.0,105.0,106.0,108.0,109.0,109.0,110.0,111.0,112.0,113.0,114.55999999999995,115.79999999999995,118.0,119.27999999999997,121.51999999999998,129.76,152.0,71.0,1000.3725490272045,1000.5254902243614,1000.6078431606293,1000.6862745285034,1000.8235294222832,1001.0,2000.5607843399048,3000.164705887437,3000.5803921818733,3001.0,174.2981155395508,182.03542785644532,186.85388641357423,190.6951171875,194.03752899169922,197.20347595214844,200.50279235839844,204.464111328125,211.01361083984375,348.3778381347656,234.20987,0.0,test_data/Useful/Validation/rice-at-2-ft/20241108_085653_028.jpg,3231.0,1099.0,55.70045769012367
37,38.480000000000004,41.0,43.72,45.96,50.0,52.0,53.68000000000001,55.0,56.31999999999999,59.0,61.0,62.879999999999995,64.0,65.0,65.0,65.0,66.0,67.0,67.56,68.0,69.0,70.0,70.0,71.0,72.0,72.0,73.0,73.72000000000003,74.95999999999998,75.0,75.0,76.0,76.0,77.0,77.39999999999998,78.0,78.0,79.0,80.0,80.0,80.0,81.0,82.0,82.0,83.0,83.0,84.0,84.0,85.0,85.0,86.0,87.0,87.0,88.0,88.0,89.0,89.0,90.0,90.0,91.0,91.0,92.0,92.0,93.0,93.60000000000002,94.0,94.0,95.0,96.0,96.0,97.0,97.0,97.0,98.0,98.0,98.0,99.0,100.0,100.0,101.0,102.0,103.0,104.0,104.15999999999997,105.0,106.0,107.0,109.0,109.0,110.60000000000002,111.0,112.0,113.0,114.0,116.79999999999995,118.0,120.27999999999997,124.51999999999998,129.76,137.0,98.0,1000.3764705955982,1000.5294117927551,1000.611764729023,1000.6901960968971,1000.8352941274643,2000.0352941192687,2000.572549045086,3000.1803921610117,3000.5803921818733,3001.0,174.51018829345702,182.128076171875,187.02425537109374,190.81951904296875,194.16604614257812,197.28379821777344,200.5185546875,204.4473114013672,210.889892578125,348.41741943359375,233.14764,0.0,test_data/Useful/Validation/rice-at-2-ft/20241108_085653_029.jpg,3295.0,1161.0,58.922941056969506
38,36.0,42.480000000000004,45.72,47.0,48.2,50.0,51.0,54.0,56.16,58.0,60.0,60.0,61.0,62.0,62.0,63.0,65.0,66.0,67.0,67.80000000000001,68.03999999999999,69.28,71.0,71.0,72.0,73.0,73.0,73.0,74.0,74.0,74.44,75.0,76.0,76.0,77.0,78.0,79.0,79.0,80.0,80.0,80.0,81.0,82.0,82.0,83.0,83.0,83.27999999999997,84.0,85.0,86.0,86.0,86.0,87.0,88.0,88.0,89.0,89.0,90.0,91.0,91.0,91.63999999999999,92.0,93.0,94.0,94.60000000000002,95.0,95.08000000000004,96.0,96.55999999999995,97.0,97.0,98.0,98.0,99.0,99.0,99.24000000000001,100.0,101.0,101.0,102.0,103.0,103.0,104.0,105.0,106.0,107.0,107.0,108.0,109.0,110.0,111.84000000000003,112.0,113.32000000000005,115.0,117.79999999999995,119.0,121.27999999999997,123.51999999999998,126.0,142.0,74.0,1000.3725490272045,1000.5254902243614,1000.611764729023,1000.6901960968971,1000.8352941274643,2000.0352941192687,2000.572549045086,3000.1803921610117,3000.5803921818733,3001.0,174.4507598876953,182.06729125976562,186.94718017578126,190.70436096191406,194.05877685546875,197.2237548828125,200.55020141601562,204.48143005371094,211.0025634765625,348.3970947265625,233.41803,0.0,test_data/Useful/Validation/rice-at-2-ft/20241108_085653_030.jpg,3287.0,1138.0,61.36288856013627
39,32.0,40.0,41.72,46.0,49.0,52.44,53.68000000000001,55.0,57.0,58.0,60.0,61.0,63.0,64.0,64.0,65.0,66.0,66.0,67.0,69.0,69.03999999999999,70.0,71.0,71.0,72.0,72.0,73.0,73.0,74.0,74.19999999999999,75.0,75.0,76.0,76.0,77.0,78.0,79.0,79.0,80.0,81.0,82.0,82.0,83.0,83.0,84.0,85.0,85.0,86.0,86.0,87.0,87.0,87.48000000000002,88.0,89.0,89.20000000000005,90.0,91.0,91.0,92.0,93.0,93.0,94.0,94.0,94.0,94.60000000000002,95.0,95.0,96.0,96.0,96.79999999999995,97.0,97.0,98.0,99.0,99.0,100.0,100.0,101.0,101.96000000000004,102.0,102.44000000000005,104.0,104.0,105.0,105.39999999999998,106.0,107.0,108.0,109.0,109.0,110.0,111.0,112.0,112.55999999999995,115.0,117.0,119.55999999999995,123.0,127.0,146.0,94.0,1000.3764705955982,1000.5294117927551,1000.611764729023,1000.6941176652908,1000.839215695858,2000.06274510175,2000.5764706134796,3000.2000000029802,3000.584313750267,3001.0,174.50799560546875,182.09906005859375,186.9454345703125,190.74378967285156,194.05785369873047,197.2158966064453,200.48308715820312,204.42696838378907,210.9581756591797,348.41986083984375,234.08252,0.0,test_data/Useful/Validation/rice-at-2-ft/20241108_085653_031.jpg,3261.0,1164.0,57.58350601191658
40,30.240000000000002,37.0,42.72,46.0,48.0,50.44,53.0,53.92,55.0,57.0,58.0,59.879999999999995,61.0,62.0,64.0,64.0,65.0,66.0,67.0,68.0,68.0,69.0,69.0,70.0,71.0,72.0,72.48000000000002,73.0,74.0,74.0,74.44,75.0,77.0,77.0,78.0,78.63999999999999,79.0,80.0,80.0,80.0,81.0,81.0,81.32,82.0,83.0,84.0,85.0,85.0,86.0,87.0,87.0,88.0,88.0,88.0,89.0,89.0,90.0,90.0,90.15999999999997,91.0,92.0,92.0,92.0,93.0,93.0,94.0,94.0,95.0,95.0,96.0,97.0,98.0,98.0,99.0,99.0,100.0,100.0,101.0,101.96000000000004,102.0,103.0,104.0,105.0,105.0,106.0,107.0,108.0,109.0,110.0,111.0,112.0,113.0,114.32000000000005,115.0,117.0,119.0,120.27999999999997,123.0,127.0,137.0,81.0,1000.3803921639919,1000.5333333611488,1000.6156862974167,1000.6980392336845,1000.8549019694328,2000.1215686276555,2000.5921568870544,3000.2352941185236,3000.5882353186607,3001.0,174.61395263671875,182.36553955078125,187.21835327148438,190.95361328125,194.20538330078125,197.32135009765625,200.59579772949218,204.5131805419922,211.05828857421875,348.3997802734375,233.77946,0.0,test_data/Useful/Validation/rice-at-2-ft/20241108_085653_032.jpg,3375.0,1156.0,51.917386271105656
41,31.240000000000002,38.96,43.72,47.0,49.0,52.0,53.0,55.92,56.16,58.0,59.0,62.0,63.120000000000005,64.36000000000001,65.0,66.0,67.0,67.0,68.0,68.80000000000001,69.0,69.28,71.0,72.0,72.0,73.0,74.0,74.0,74.0,75.0,76.0,76.0,77.0,78.0,78.39999999999998,79.0,79.0,80.0,80.0,81.0,81.0,82.0,82.0,83.0,83.0,84.0,84.27999999999997,85.0,85.0,86.0,87.0,88.0,88.0,89.0,89.0,90.0,90.0,91.0,91.0,92.0,93.0,93.0,94.0,95.0,95.0,96.0,96.0,97.0,97.0,97.0,98.0,98.0,99.51999999999998,100.0,101.0,101.0,101.0,102.0,103.0,104.0,104.0,105.0,105.0,106.0,107.0,108.0,109.0,109.0,110.0,111.0,111.0,113.0,114.0,115.0,116.0,118.0,119.0,121.0,125.75999999999999,133.0,101.0,1000.3843137323856,1000.5372549295425,1000.6235294342041,1000.7137255072594,1000.8823529481888,2000.243137255311,2000.623529434204,3000.2784313857555,3000.5921568870544,3001.0,174.5877700805664,182.18789672851562,187.12453918457032,190.86919860839845,194.23699188232422,197.41354370117188,200.7168731689453,204.63433837890625,211.1561279296875,348.3876037597656,233.08565,0.0,test_data/Useful/Validation/rice-at-2-ft/20241108_085653_033.jpg,3374.0,1189.0,61.50326560782739
42,36.24,41.96,46.72,48.96,52.2,53.44,55.68000000000001,57.0,58.16,59.0,60.0,62.0,63.0,64.0,64.0,66.0,67.0,67.0,68.0,68.80000000000001,70.0,71.0,72.0,73.0,73.0,74.0,75.0,75.0,76.0,77.0,77.0,78.0,78.0,78.0,79.0,79.0,80.0,81.0,81.0,81.60000000000002,82.0,83.0,83.0,83.0,84.0,84.0,85.0,86.0,86.0,87.0,87.0,88.0,88.0,89.0,89.0,90.0,90.0,91.0,91.0,92.0,92.0,92.88,93.0,94.0,94.0,94.0,95.0,96.0,97.0,97.0,98.0,99.0,99.0,100.0,101.0,101.0,101.0,102.0,102.0,103.0,103.0,104.0,104.91999999999996,105.0,106.0,107.0,108.0,108.0,109.0,109.0,111.0,114.0,114.0,115.0,116.0,118.0,120.0,122.51999999999998,126.0,145.0,83.0,1000.3960784375668,1000.54509806633,1000.6352941393852,1000.7411764860153,1000.9176470637321,2000.364705890417,2000.6980392336845,3000.3960784375668,3000.6078431606293,3001.0,174.8052978515625,182.41744995117188,187.25030517578125,190.99974670410157,194.3010711669922,197.40379638671874,200.6774139404297,204.6021270751953,211.1060791015625,348.3504943847656,233.33215,0.0,test_data/Useful/Validation/rice-at-2-ft/20241108_085653_038.jpg,3256.0,1171.0,59.98609512371569
43,31.240000000000002,35.0,38.72,43.92,47.0,50.0,53.0,54.0,55.0,57.0,58.0,59.879999999999995,61.0,62.360000000000014,63.599999999999994,64.0,65.0,66.0,66.0,68.0,69.0,70.0,70.0,71.0,72.0,73.0,74.0,74.0,75.0,75.0,76.0,76.0,77.0,78.0,78.0,79.0,79.0,80.12,81.36000000000001,82.0,82.0,83.0,83.0,84.0,84.0,85.0,85.0,85.0,86.0,87.0,87.0,87.0,88.0,88.0,89.0,89.0,90.0,90.0,91.0,91.39999999999998,92.0,93.0,93.0,94.0,94.0,95.0,96.0,96.32000000000005,97.0,97.79999999999995,98.03999999999996,99.0,100.0,100.0,101.0,102.0,102.0,103.0,104.0,105.0,105.0,106.0,107.0,107.0,108.0,108.0,109.0,109.0,110.0,111.0,112.0,113.0,114.0,115.0,117.0,118.03999999999996,120.0,124.0,127.75999999999999,143.0,85.0,1000.392156869173,1000.5411764979362,1000.6313725709915,1000.7333333492279,1000.9098039269447,2000.3450980484486,2000.6980392336845,3000.3960784375668,3000.6078431606293,3001.0,174.52662658691406,182.28805541992188,187.12770080566406,190.8860626220703,194.21990966796875,197.37265625,200.6911407470703,204.66212463378906,211.14496612548828,348.35821533203125,232.68918,0.0,test_data/Useful/Validation/rice-at-2-ft/20241108_085653_039.jpg,3282.0,1127.0,58.82118467921936
44,30.240000000000002,35.480000000000004,38.72,42.0,44.2,47.44,51.0,52.0,55.0,56.0,58.0,60.0,61.0,62.0,63.0,64.0,65.0,66.0,67.56,68.0,69.0,69.0,70.0,70.0,71.0,72.0,72.0,73.0,74.0,75.0,76.0,76.0,77.0,78.0,78.0,78.63999999999999,79.0,80.0,81.0,81.0,82.0,82.07999999999998,83.0,84.0,84.0,85.0,85.0,86.0,87.0,87.0,87.0,88.0,88.0,88.0,89.0,90.0,90.0,91.0,91.0,92.0,92.0,93.0,93.0,94.0,94.0,95.0,95.0,96.0,96.0,97.0,98.0,98.0,99.0,100.0,100.0,101.0,101.0,102.0,102.0,103.0,103.0,104.0,104.0,104.15999999999997,105.0,106.0,107.0,108.0,109.36000000000001,111.0,112.0,114.0,115.0,116.0,117.0,119.07999999999993,122.27999999999997,126.0,128.0,141.0,87.0,1000.392156869173,1000.5411764979362,1000.6313725709915,1000.7294117808342,1000.905882358551,2000.3490196168423,2000.7137255072594,3000.4117647111416,3000.6078431606293,3001.0,174.5894760131836,182.26763916015625,187.154296875,191.002685546875,194.28958129882812,197.4019775390625,200.71539306640625,204.65760803222656,211.22193908691406,348.3318786621094,232.47586,0.0,test_data/Useful/Validation/rice-at-2-ft/20241108_085653_040.jpg,3264.0,1152.0,59.53421948928842
45,34.0,37.0,39.0,44.96,48.0,48.44,50.0,52.0,53.0,55.0,56.64,57.0,58.0,59.0,61.0,62.0,63.0,64.0,65.0,65.80000000000001,67.0,67.0,68.0,69.0,70.0,71.0,72.0,73.0,74.0,74.0,75.0,75.0,76.0,76.16000000000003,77.0,78.0,78.88,79.0,80.0,80.0,81.0,82.0,82.0,82.0,83.0,83.0,83.0,84.0,84.0,85.0,86.0,86.0,86.0,87.0,87.0,88.0,88.67999999999995,89.0,90.0,90.0,90.63999999999999,91.0,91.0,92.0,92.0,93.0,94.0,94.0,95.0,95.0,96.0,97.0,97.0,98.0,99.0,100.0,100.0,101.0,102.0,103.0,104.0,104.0,105.0,106.0,108.0,108.63999999999999,109.0,110.0,111.0,112.0,112.84000000000003,113.0,115.0,116.0,118.0,120.0,122.0,123.0,128.0,134.0,83.0,1000.3960784375668,1000.54509806633,1000.6352941393852,1000.7411764860153,1000.9215686321259,2000.3843137323856,2000.7254902124405,3000.4117647111416,3000.611764729023,3001.0,174.59091186523438,182.22617797851564,187.07533569335936,190.8961181640625,194.23306274414062,197.3809814453125,200.72059631347656,204.6465301513672,211.17715454101562,348.3288879394531,233.71045,0.0,test_data/Useful/Validation/rice-at-2-ft/20241108_085653_041.jpg,3328.0,1161.0,61.34911439147345
46,38.480000000000004,42.0,46.0,48.96,51.2,52.0,53.0,54.0,55.0,57.0,58.0,59.0,59.0,61.0,62.599999999999994,63.0,64.08000000000001,65.0,66.0,67.0,68.0,69.0,70.0,71.0,71.0,72.0,72.0,73.0,74.0,74.0,75.0,75.0,76.0,76.0,77.0,78.0,79.0,80.0,81.0,81.0,82.0,82.07999999999998,83.0,83.56,84.0,84.0,85.0,85.0,86.0,86.0,86.24000000000001,87.0,88.0,88.0,89.0,89.0,89.0,90.0,90.15999999999997,91.0,92.0,92.0,93.0,93.0,94.0,95.0,96.0,96.0,97.0,97.79999999999995,98.0,98.27999999999997,99.0,99.0,100.0,101.0,101.0,101.0,102.0,103.0,103.0,104.0,104.0,105.0,106.0,106.63999999999999,108.0,109.0,109.36000000000001,111.0,112.0,113.0,114.0,115.55999999999995,117.0,120.0,123.0,125.51999999999998,130.76,140.0,101.0,1000.3960784375668,1000.54509806633,1000.6352941393852,1000.7411764860153,1000.9215686321259,2000.392156869173,2000.7372549176216,3000.4235294163227,3000.611764729023,3001.0,174.6183624267578,182.26541137695312,187.10712738037108,190.940771484375,194.23895263671875,197.39895629882812,200.70010375976562,204.64657592773438,211.19468688964844,348.3090515136719,233.22348,0.0,test_data/Useful/Validation/rice-at-2-ft/20241108_085653_042.jpg,3312.0,1173.0,63.5627805979638
47,30.0,38.96,43.0,45.96,48.2,52.0,54.0,55.92,57.0,58.0,59.64,61.0,62.0,63.0,64.0,65.84,67.0,69.0,70.0,70.0,71.0,72.0,72.0,73.0,73.0,74.0,75.0,75.0,76.0,77.0,77.0,77.0,78.0,79.0,80.0,80.0,81.0,81.0,81.36000000000001,82.0,83.0,83.0,84.0,84.0,85.0,85.0,86.0,86.0,86.0,87.0,87.0,88.0,88.0,89.0,89.0,90.0,90.0,91.0,91.0,91.0,92.0,92.88,93.0,93.36000000000001,94.0,95.0,95.0,95.0,96.0,97.0,97.0,97.27999999999997,98.0,98.0,99.0,100.0,100.0,101.0,101.0,102.0,103.0,103.0,103.0,104.0,105.0,106.0,108.0,108.12,109.0,110.0,111.0,111.0,112.0,114.0,116.0,117.0,118.0,120.0,125.75999999999999,147.0,103.0,1000.3882353007793,1000.5411764979362,1000.6313725709915,1000.7411764860153,1000.9176470637321,2000.3882353007793,2000.7490196228027,3000.4235294163227,3000.611764729023,3001.0,174.5582733154297,182.14972229003905,187.00274200439452,190.78912963867188,194.14217376708984,197.29190673828126,200.58742065429686,204.53778686523438,211.09371948242188,348.3087158203125,234.21213,0.0,test_data/Useful/Validation/rice-at-2-ft/20241108_085653_043.jpg,3242.0,1177.0,58.996228970141416
48,36.24,44.0,46.72,49.0,51.2,52.44,54.68000000000001,56.0,57.0,57.400000000000006,59.0,60.0,61.120000000000005,62.0,63.0,63.0,65.0,65.0,66.0,67.0,67.03999999999999,68.0,69.52000000000001,70.0,71.0,72.0,72.48000000000002,73.72000000000003,74.0,75.0,75.44,76.0,77.0,78.0,78.0,78.63999999999999,79.0,80.0,80.0,81.0,82.0,83.0,83.0,84.0,84.0,84.04000000000002,85.0,86.0,86.0,87.0,87.0,88.0,88.0,89.0,89.20000000000005,90.0,90.67999999999995,91.0,92.0,92.0,92.0,93.0,93.0,93.36000000000001,94.0,94.0,95.0,96.0,96.0,97.0,97.0,98.0,98.0,99.0,100.0,100.0,100.48000000000002,102.0,103.0,103.0,104.0,105.0,105.0,106.0,106.0,108.0,108.0,109.0,110.36000000000001,111.60000000000002,113.0,114.0,114.0,115.0,116.0,117.03999999999996,120.0,122.0,127.0,144.0,93.0,1000.3882353007793,1000.5411764979362,1000.6313725709915,1000.7411764860153,1000.9176470637321,2000.4000000059605,2000.7529411911964,3000.4235294163227,3000.611764729023,3001.0,174.47332916259765,182.19854736328125,187.0701156616211,190.87867736816406,194.20021057128906,197.32198486328124,200.64495544433595,204.54827880859375,211.11764526367188,348.27935791015625,233.154,0.0,test_data/Useful/Validation/rice-at-2-ft/20241108_085653_044.jpg,3234.0,1172.0,59.6542917323653
49,31.72,37.0,42.72,44.0,46.400000000000006,49.0,50.68000000000001,52.0,54.0,56.0,58.0,58.0,59.120000000000005,60.0,61.0,61.84,63.0,64.0,65.0,65.80000000000001,67.0,68.0,68.0,69.0,70.0,71.0,72.0,73.0,74.0,74.0,75.0,76.0,76.92000000000002,77.0,77.39999999999998,78.0,79.0,79.0,80.36000000000001,81.0,82.0,83.0,83.0,84.0,84.0,85.0,86.0,86.0,86.0,87.0,87.24000000000001,88.0,88.0,88.0,89.0,89.0,90.0,90.0,91.0,91.0,92.0,92.0,93.0,93.36000000000001,94.0,95.0,95.0,96.0,96.0,97.0,97.0,97.27999999999997,98.0,98.0,99.0,100.0,101.0,102.0,102.0,103.0,103.0,105.0,106.0,106.0,107.0,108.0,109.0,109.0,110.36000000000001,111.0,112.0,113.0,115.0,116.0,117.0,118.0,119.27999999999997,122.0,128.0,140.0,88.0,1000.3882353007793,1000.54509806633,1000.6431372761726,1000.7647058963776,1000.9568627476692,2000.486274510622,2000.878431379795,3000.447058826685,3000.6196078658104,3001.0,174.5335693359375,182.2197265625,187.07168579101562,190.90048217773438,194.2176055908203,197.3459930419922,200.59856719970702,204.5499694824219,211.10028076171875,348.2322692871094,232.29718,0.0,test_data/Useful/Validation/rice-at-2-ft/20241108_085653_049.jpg,3201.0,1133.0,65.50980279635314
50,37.24,43.480000000000004,46.0,47.96,50.2,51.44,54.0,55.92,56.0,58.0,59.0,61.0,62.0,63.0,64.0,65.0,66.0,67.0,68.0,69.0,69.03999999999999,70.0,71.0,71.0,72.0,72.0,73.0,74.0,74.0,75.0,75.0,76.0,76.0,77.0,78.0,78.0,79.0,80.0,80.0,81.0,82.0,82.0,82.0,83.0,83.0,84.0,84.0,84.0,85.0,85.0,86.0,86.48000000000002,87.0,88.0,88.20000000000005,89.0,89.0,90.0,90.0,91.0,91.0,92.0,92.0,93.0,93.0,94.0,95.0,96.0,96.0,96.0,97.0,97.0,98.0,99.0,100.0,101.0,101.48000000000002,102.0,103.0,103.0,104.0,105.0,105.0,106.0,106.0,107.0,108.0,109.0,110.0,110.60000000000002,112.0,113.08000000000004,115.6400000000001,118.0,118.0,119.03999999999996,121.0,122.0,126.0,138.0,82.0,1000.3882353007793,1000.54509806633,1000.6431372761726,1000.7607843279839,1000.9529411792755,2000.4823529422283,2000.9372549057007,3000.4549019634724,3000.6196078658104,3001.0,174.7073516845703,182.2687530517578,187.09693908691406,190.91949462890625,194.24783325195312,197.39089965820312,200.71878051757812,204.6562042236328,211.15090942382812,348.1619873046875,232.01898,0.0,test_data/Useful/Validation/rice-at-2-ft/20241108_085653_050.jpg,3140.0,1157.0,62.1857630007713
51,35.24,38.0,43.0,46.0,48.0,50.44,53.68000000000001,54.92,56.0,57.0,58.0,60.0,60.120000000000005,61.0,62.0,63.0,64.0,65.0,66.0,66.80000000000001,68.03999999999999,69.0,70.0,70.0,71.0,72.0,72.0,73.72000000000003,74.0,75.0,76.0,76.0,77.0,78.0,79.0,79.0,79.0,80.0,80.0,81.0,81.0,82.0,82.0,83.0,83.0,84.0,84.0,85.0,85.0,85.0,86.0,87.0,87.0,87.0,88.0,88.44000000000005,89.0,90.0,90.0,90.0,91.0,91.0,92.0,92.0,92.60000000000002,93.0,94.0,94.0,95.0,95.0,95.03999999999996,96.0,97.0,97.0,98.0,98.0,99.0,100.0,100.0,101.0,101.44000000000005,102.0,103.0,104.0,105.0,105.63999999999999,106.0,108.0,109.0,109.0,110.84000000000003,112.0,113.0,114.0,115.79999999999995,117.03999999999996,120.27999999999997,122.51999999999998,127.51999999999998,136.0,90.0,1000.3882353007793,1000.54509806633,1000.6392157077789,1000.7607843279839,1000.9490196108818,2000.474509805441,2000.9686274528503,3000.4549019634724,3000.623529434204,3001.0,174.90859985351562,182.44631958007812,187.3151397705078,191.07122802734375,194.385498046875,197.46543884277344,200.76498413085938,204.6907196044922,211.10733032226562,348.1747741699219,231.7565,0.0,test_data/Useful/Validation/rice-at-2-ft/20241108_085653_051.jpg,3217.0,1177.0,56.6036667205388
52,32.480000000000004,37.480000000000004,42.0,45.0,47.2,49.0,52.0,53.0,54.0,55.0,57.0,59.0,59.120000000000005,60.360000000000014,61.0,63.0,64.08000000000001,65.0,66.0,68.0,68.0,69.0,70.0,70.0,71.0,72.0,73.0,73.72000000000003,74.0,74.0,75.0,76.0,76.92000000000002,77.0,78.0,78.0,78.88,79.0,79.0,80.0,80.0,81.0,81.0,82.0,82.0,83.0,83.0,84.0,84.0,85.0,85.24000000000001,86.0,86.72000000000003,87.96000000000004,88.0,89.0,89.0,90.0,90.0,91.0,91.0,92.0,92.0,93.0,93.0,94.0,94.08000000000004,95.0,96.0,96.0,97.0,97.0,98.0,99.0,99.0,100.0,100.0,101.0,101.0,102.0,103.0,103.0,104.0,104.0,104.0,105.0,106.0,106.0,107.0,109.0,110.0,111.0,112.0,113.55999999999995,115.0,116.0,118.0,121.51999999999998,125.0,138.0,104.0,1000.3960784375668,1000.5490196347237,1000.6431372761726,1000.7607843279839,1000.9490196108818,2000.4784313738346,2001.0,3000.458823531866,3000.6196078658104,3001.0,174.65576782226563,182.3178680419922,187.18580627441406,190.9828338623047,194.25963592529297,197.4061279296875,200.68421936035156,204.6153564453125,211.1937713623047,348.1224060058594,231.95569,0.0,test_data/Useful/Validation/rice-at-2-ft/20241108_085653_052.jpg,3251.0,1167.0,55.74541911590412
53,31.0,35.480000000000004,42.44,46.96,50.0,51.0,53.68000000000001,55.0,56.16,58.0,59.0,60.0,61.120000000000005,62.0,63.0,64.0,65.0,65.32,66.0,67.0,67.03999999999999,68.28,69.0,70.0,71.0,72.0,72.0,73.0,73.0,74.0,74.44,75.0,76.0,76.16000000000003,77.0,78.0,79.0,79.0,80.0,80.0,81.0,81.0,82.0,83.0,83.0,84.0,84.0,84.51999999999998,85.0,85.0,86.0,87.0,87.0,88.0,88.0,89.0,89.0,89.91999999999996,90.0,91.0,91.0,91.88,92.0,93.0,93.0,94.0,95.0,95.0,96.0,96.0,97.0,97.0,98.0,98.0,99.0,99.24000000000001,100.0,101.0,101.0,102.0,103.0,103.0,103.91999999999996,104.0,105.0,106.0,106.0,108.0,109.0,109.0,110.0,111.0,111.32000000000005,113.0,115.0,117.0,118.0,122.51999999999998,126.75999999999999,140.0,91.0,1000.3882353007793,1000.54509806633,1000.6392157077789,1000.7529411911964,1000.9450980424881,2000.4784313738346,3000.023529412225,3000.46274510026,3000.623529434204,3001.0,174.54486083984375,182.15347290039062,186.9984588623047,190.8038330078125,194.14026641845703,197.2747802734375,200.5929412841797,204.5582733154297,211.14845275878906,348.1439514160156,233.76274,0.0,test_data/Useful/Validation/rice-at-2-ft/20241108_085653_053.jpg,3146.0,1105.0,66.48352621852996
54,33.24,40.0,42.0,44.0,47.0,49.0,52.0,53.92,55.0,56.0,57.0,58.0,59.0,60.0,61.0,62.0,63.08000000000001,65.0,66.0,66.0,68.0,68.0,69.0,70.0,71.0,72.0,73.0,73.0,74.0,74.0,75.0,75.68,76.92000000000002,77.0,78.0,78.0,79.0,79.12,80.0,81.0,81.0,82.0,82.0,83.0,83.0,84.0,85.0,85.0,86.0,86.0,87.0,87.0,88.0,89.0,89.0,90.0,90.0,91.0,91.0,91.39999999999998,92.0,92.0,93.0,93.0,93.0,94.0,95.0,95.0,95.0,96.0,97.0,97.0,97.0,98.0,98.0,99.0,99.0,100.0,100.0,101.0,101.0,101.67999999999995,102.0,103.0,104.0,104.0,105.0,106.0,108.0,108.0,110.0,111.0,112.0,113.55999999999995,114.79999999999995,116.0,119.0,121.0,124.51999999999998,147.0,93.0,1000.3960784375668,1000.5490196347237,1000.6431372761726,1000.7568627595901,1000.9490196108818,2000.4941176474094,3000.074509806931,3000.470588237047,3000.623529434204,3001.0,174.4730224609375,182.04332885742187,187.02078094482422,190.85985412597657,194.17672729492188,197.35348510742188,200.6571807861328,204.61463928222656,211.21881103515625,348.1144714355469,232.98645,0.0,test_data/Useful/Validation/rice-at-2-ft/20241108_085653_054.jpg,3139.0,1117.0,54.73180130041628
55,31.240000000000002,38.96,43.72,45.0,47.0,49.0,51.68000000000001,53.0,55.16,56.0,58.0,58.879999999999995,59.120000000000005,62.0,63.0,63.0,65.0,66.0,67.0,68.0,68.0,69.0,69.0,70.0,71.0,71.0,72.0,72.0,73.0,73.0,74.0,74.68,75.0,76.0,76.0,77.0,78.0,78.12,79.36000000000001,80.0,80.0,81.0,82.0,82.0,83.0,83.04000000000002,84.0,85.0,85.0,86.0,86.0,86.0,87.0,87.0,88.0,88.0,88.67999999999995,89.0,89.0,89.39999999999998,90.0,90.88,91.0,91.0,91.60000000000002,92.0,93.0,93.32000000000005,94.0,95.0,96.0,96.0,97.0,97.0,98.0,99.0,99.0,100.0,100.0,101.0,102.0,103.0,103.0,104.0,104.0,105.0,105.0,106.0,107.0,109.0,110.84000000000003,113.0,114.0,115.0,116.0,118.0,120.0,122.0,126.0,147.0,89.0,1000.3960784375668,1000.5529412031174,1000.6431372761726,1000.7647058963776,1000.9607843160629,2000.5019608139992,3000.0666666701436,3000.470588237047,3000.623529434204,3001.0,174.73663635253905,182.4080047607422,187.21868896484375,191.00375366210938,194.30194091796875,197.46759033203125,200.76220703125,204.67868041992188,211.21865844726562,348.10235595703125,232.66406,0.0,test_data/Useful/Validation/rice-at-2-ft/20241108_085653_055.jpg,3177.0,1110.0,62.13382476529361
56,30.48,40.44,45.0,47.96,51.0,53.0,54.0,55.0,56.16,59.0,59.0,61.0,62.0,62.0,63.0,63.0,65.0,66.0,67.0,68.0,68.03999999999999,69.0,70.0,70.0,71.0,72.0,73.0,73.0,73.0,74.0,75.0,75.0,76.0,76.16000000000003,77.39999999999998,78.0,78.0,79.0,79.0,80.0,80.83999999999997,81.0,81.32,82.0,82.0,83.0,83.0,84.0,84.0,85.0,85.0,86.0,86.0,87.0,87.0,88.0,88.67999999999995,89.0,89.15999999999997,90.0,91.0,91.0,92.0,92.36000000000001,93.0,93.0,94.0,95.0,95.55999999999995,96.0,96.0,97.0,98.0,98.0,99.0,99.0,100.0,100.0,100.96000000000004,101.0,102.0,102.0,103.0,105.0,105.39999999999998,107.0,107.0,109.0,109.0,110.0,111.0,112.0,113.0,113.55999999999995,115.0,115.0,116.27999999999997,121.03999999999996,124.75999999999999,132.0,73.0,1000.4588235318661,1000.5960784554482,1000.6823529601097,1000.7764706015587,2000.364705890417,2000.800000011921,3000.4274509847164,3000.6078431606293,3000.7137255072594,3001.0,173.5684066772461,181.28388061523438,186.15016021728516,189.9555908203125,193.2702865600586,196.49290466308594,199.9127700805664,204.06996154785156,211.2407684326172,348.48272705078125,232.91415,0.0,test_data/Useful/Validation/rice-at-2-ft/20241108_085653_089.jpg,3108.0,1128.0,57.925668141219816
57,38.480000000000004,43.480000000000004,48.44,51.96,54.0,55.44,56.68000000000001,57.0,59.0,60.0,60.0,62.0,62.0,62.360000000000014,63.0,64.0,65.08000000000001,67.0,67.56,69.0,69.03999999999999,70.0,71.0,72.0,73.0,73.0,73.0,74.0,74.0,76.0,76.0,77.0,77.0,78.16000000000003,79.0,79.0,80.0,80.12,81.36000000000001,82.0,82.83999999999997,83.0,83.32,84.0,84.0,85.0,85.0,86.0,86.0,87.0,87.0,87.0,88.0,88.0,89.0,89.0,90.0,90.0,91.0,91.0,92.0,92.0,93.0,93.0,94.0,94.0,95.0,95.0,96.0,96.79999999999995,97.0,97.0,98.0,98.0,99.0,100.0,101.0,101.72000000000003,102.0,103.0,103.44000000000005,104.0,104.0,105.0,106.0,106.0,107.0,108.0,108.36000000000001,109.60000000000002,110.0,111.0,113.0,114.0,115.79999999999995,117.0,118.27999999999997,122.0,125.0,140.0,87.0,1000.4666666686535,1000.6039215922356,1000.6862745285034,1000.7803921699524,2000.32549020648,2000.8039215803146,3000.43137255311,3000.611764729023,3000.721568644047,3001.0,173.67686309814454,181.378759765625,186.30072021484375,190.13408813476562,193.4463348388672,196.6443603515625,200.0009765625,204.08982849121094,211.34103393554688,348.5443115234375,233.37006,0.0,test_data/Useful/Validation/rice-at-2-ft/20241108_085653_090.jpg,3038.0,1133.0,60.77116962181918
58,32.96,43.0,46.0,48.96,52.0,53.44,56.68000000000001,59.0,60.0,61.0,61.0,62.0,63.0,64.0,64.6,65.84,66.0,67.0,67.0,68.0,69.0,70.0,71.0,72.0,73.0,73.0,74.0,74.0,75.0,76.0,77.0,77.0,77.0,78.0,79.0,79.0,79.0,80.0,80.0,81.0,82.0,83.0,83.0,83.56,84.0,85.0,85.0,86.0,86.0,87.0,87.0,88.0,88.0,89.0,89.0,90.0,90.0,90.0,91.0,91.0,91.0,91.88,92.0,92.0,93.60000000000002,94.0,94.0,95.0,95.0,96.0,96.0,96.0,97.0,97.0,98.0,98.0,99.0,99.0,100.0,101.0,102.0,102.67999999999995,103.0,104.0,104.0,105.0,106.0,106.0,107.36000000000001,108.60000000000002,109.0,110.0,112.0,113.0,115.79999999999995,118.0,120.27999999999997,122.0,125.75999999999999,139.0,91.0,1000.4666666686535,1000.6039215922356,1000.6862745285034,1000.7764706015587,2000.3294117748737,2000.811764717102,3000.4392156898975,3000.6156862974167,3000.721568644047,3001.0,173.40585327148438,181.13946533203125,185.99874877929688,189.8726043701172,193.20188903808594,196.4120635986328,199.81271362304688,203.95169067382812,211.18055725097656,348.5533447265625,234.14381,0.0,test_data/Useful/Validation/rice-at-2-ft/20241108_085653_091.jpg,3003.0,1127.0,63.135034713649674
59,39.24,45.0,49.44,51.96,54.0,56.0,57.68000000000001,58.0,59.0,60.0,61.0,62.0,62.0,63.360000000000014,65.0,65.0,66.08000000000001,67.0,68.0,69.0,69.0,70.0,71.0,72.0,72.0,73.0,74.0,74.0,75.0,75.0,76.0,76.0,77.0,77.0,77.0,78.0,78.0,79.0,79.0,80.0,80.0,81.0,81.0,82.0,82.0,83.04000000000002,84.0,84.0,85.0,85.0,85.24000000000001,86.0,86.0,87.0,88.0,88.0,89.0,89.0,90.0,90.0,91.0,91.0,92.0,92.0,92.0,93.0,93.0,94.0,95.0,95.79999999999995,96.0,97.0,97.0,98.0,98.0,99.0,99.48000000000002,100.0,101.0,101.0,102.0,103.0,103.0,104.0,105.0,105.0,106.0,107.0,108.0,109.0,110.0,111.0,113.0,114.0,115.0,116.03999999999996,120.0,122.0,123.75999999999999,132.0,77.0,1000.4627451002598,1000.6000000238419,1000.6862745285034,1000.772549033165,2000.3058823645115,2000.800000011921,3000.4235294163227,3000.611764729023,3000.721568644047,3001.0,173.8340591430664,181.51248168945312,186.3237060546875,190.13291015625,193.4449920654297,196.63424682617188,200.0453872680664,204.18360900878906,211.26730194091797,348.5750732421875,234.14436,0.0,test_data/Useful/Validation/rice-at-2-ft/20241108_085653_092.jpg,3102.0,1127.0,54.23355864741118
60,40.24,46.480000000000004,49.0,51.0,53.2,55.0,56.0,57.0,58.0,60.0,61.0,62.0,63.0,64.0,65.0,66.0,66.0,66.32,67.0,68.0,68.03999999999999,69.0,69.52000000000001,70.0,71.0,72.0,73.0,73.0,74.95999999999998,75.0,76.0,76.0,76.92000000000002,78.0,78.0,78.0,79.0,79.0,80.0,81.0,81.0,81.07999999999998,82.0,83.0,83.0,84.0,84.27999999999997,85.0,86.0,86.0,87.0,87.0,87.0,88.0,88.0,89.0,89.0,90.0,90.15999999999997,91.39999999999998,92.0,92.0,93.0,94.0,94.0,94.84000000000003,95.0,95.0,95.0,96.0,97.0,97.0,98.0,98.0,98.0,99.0,99.0,100.0,100.0,101.0,102.0,103.0,103.0,104.0,105.0,105.63999999999999,106.0,107.0,108.0,109.0,110.84000000000003,111.08000000000004,112.0,113.0,114.79999999999995,116.0,118.0,121.0,125.0,134.0,95.0,1000.4627451002598,1000.6000000238419,1000.6862745285034,1000.7764706015587,2000.32549020648,2000.8078431487083,3000.435294121504,3000.6156862974167,3000.721568644047,3001.0,173.64187774658203,181.22808227539062,186.17225646972656,189.98956298828125,193.38153076171875,196.6268737792969,200.0296646118164,204.1774871826172,211.2295379638672,348.56256103515625,234.80301,0.0,test_data/Useful/Validation/rice-at-2-ft/20241108_085653_093.jpg,3096.0,1165.0,59.560155035220646
61,38.24,42.0,46.72,50.0,52.0,54.0,55.68000000000001,57.0,58.0,59.0,60.0,60.879999999999995,62.0,63.0,64.0,66.0,66.08000000000001,67.0,68.0,69.0,70.0,71.0,71.0,72.0,73.0,74.0,75.0,75.72000000000003,77.0,77.0,78.0,78.0,79.0,79.0,80.0,80.0,80.0,81.0,81.0,82.0,82.0,82.0,83.0,83.56,84.0,84.0,85.0,85.0,86.0,86.0,87.0,87.48000000000002,88.0,89.0,89.0,89.0,90.0,90.0,91.0,91.0,92.0,92.0,93.0,94.0,94.0,94.0,95.0,95.0,95.55999999999995,96.0,96.03999999999996,97.0,98.0,98.75999999999999,99.0,100.0,100.48000000000002,101.0,102.0,102.0,103.0,103.67999999999995,104.0,105.0,105.0,105.0,106.0,107.0,108.0,108.60000000000002,110.0,111.0,112.0,115.0,116.0,117.03999999999996,119.0,120.51999999999998,125.75999999999999,152.0,82.0,1000.447058826685,1000.5960784554482,1000.6823529601097,1000.7686274647713,1000.9098039269447,2000.7764706015587,3000.3725490272045,3000.6078431606293,3000.729411780834,3001.0,174.22642211914064,181.94864501953126,186.80441284179688,190.55929565429688,193.83587646484375,196.99282531738282,200.30183868408204,204.25433349609375,211.0619354248047,348.78472900390625,234.23811,0.0,test_data/Useful/Validation/rice-at-2-ft/20241108_085653_100.jpg,3105.0,1136.0,64.08975252543624
62,36.0,38.480000000000004,40.72,44.96,46.0,48.0,49.0,50.0,52.0,53.0,54.0,55.0,57.0,57.0,58.0,59.84,60.0,62.0,62.0,63.0,64.03999999999999,65.28,67.0,67.75999999999999,69.0,69.0,70.48000000000002,71.0,72.0,73.0,73.44,74.0,74.0,75.0,75.0,76.0,77.0,77.0,78.0,78.0,79.0,80.0,80.0,80.0,81.0,81.0,82.0,83.0,83.0,84.0,84.0,85.0,85.0,86.0,87.0,87.0,88.0,88.91999999999996,89.0,89.0,90.0,90.0,91.0,92.0,92.60000000000002,94.0,94.0,94.0,95.0,95.0,96.0,96.0,97.0,98.0,98.0,99.0,100.0,100.72000000000003,101.0,102.0,102.0,103.0,104.0,105.0,105.0,106.0,107.0,108.0,108.0,109.0,110.0,112.0,113.0,113.55999999999995,115.0,117.03999999999996,120.0,123.51999999999998,127.0,139.0,74.0,1000.447058826685,1000.584313750267,1000.678431391716,1000.8039215803146,1000.8980392217636,2000.215686276555,2000.5529412031174,2000.784313738346,3000.5137255191803,3001.0,175.47864379882813,183.10977172851562,187.95260620117188,191.77603149414062,195.08871459960938,198.25132751464844,201.51953125,205.42315673828125,211.818115234375,348.5747985839844,234.9846,0.0,test_data/Useful/Validation/rice-at-2-ft/20241108_085738_001.jpg,3384.0,1197.0,62.87313283170322
63,30.200000000000003,37.0,40.0,43.96,46.0,47.0,48.0,50.0,52.0,53.0,54.64,55.0,57.0,58.0,59.0,60.0,61.0,62.0,62.0,63.0,64.03999999999999,65.0,67.0,67.75999999999999,68.0,69.0,69.0,70.0,70.0,71.0,72.0,73.0,74.0,75.0,75.0,75.63999999999999,76.0,77.0,78.0,79.0,79.0,80.0,80.0,81.0,81.0,82.0,82.0,83.0,83.0,84.0,84.0,85.0,85.72000000000003,86.0,87.0,87.0,88.0,88.0,88.0,89.0,89.0,90.0,90.0,91.0,91.0,92.0,92.0,93.0,93.0,94.0,94.0,95.0,95.0,96.0,97.0,97.24000000000001,98.48000000000002,100.0,100.0,101.0,102.0,103.0,104.0,104.0,104.39999999999998,105.0,106.0,107.0,108.0,109.0,109.84000000000003,110.08000000000004,112.0,113.0,115.0,117.0,119.0,122.51999999999998,126.0,142.0,88.0,1000.4313725531101,1000.5725490450859,1000.6705882549286,1000.7882353067398,1000.8901960849762,2000.1647058874369,2000.556862771511,2000.8039215803146,3000.5215686559677,3001.0,175.5009750366211,183.23360595703124,187.99713439941405,191.7606964111328,195.05694580078125,198.18279418945312,201.42469024658203,205.3273498535156,211.69573516845702,348.6146545410156,234.41986,0.0,test_data/Useful/Validation/rice-at-2-ft/20241108_085738_002.jpg,3437.0,1184.0,66.19249036389247
64,24.68,34.480000000000004,37.72,42.0,45.0,46.0,49.0,53.0,54.0,55.0,56.0,57.0,58.0,59.0,59.599999999999994,61.0,61.08000000000001,62.0,63.0,64.80000000000001,65.0,66.0,68.0,68.0,69.0,69.0,70.0,71.0,71.0,72.0,72.0,73.0,73.92000000000002,74.0,75.0,76.0,76.0,77.0,78.0,78.0,79.0,79.0,79.32,80.0,81.0,81.0,82.0,82.0,82.0,83.0,83.0,84.0,84.72000000000003,85.0,86.0,86.0,86.0,87.0,87.0,88.0,88.0,89.0,89.0,90.0,90.0,91.0,91.0,92.0,92.0,92.0,93.0,94.0,95.0,96.75999999999999,97.0,97.24000000000001,98.0,98.72000000000003,99.0,100.0,100.44000000000005,102.0,103.0,104.0,105.0,105.0,106.0,107.12,108.36000000000001,110.0,110.0,112.0,113.0,114.55999999999995,116.0,117.0,119.0,121.0,125.75999999999999,142.0,82.0,1000.4313725531101,1000.5725490450859,1000.6705882549286,1000.7921568751335,1000.8941176533699,2000.1921568661928,2000.5647059082985,2000.811764717102,3000.5215686559677,3001.0,175.57846069335938,183.16656494140625,188.00867462158203,191.776171875,195.05735778808594,198.18035888671875,201.38967895507812,205.2657470703125,211.74017333984375,348.6163024902344,234.45416,0.0,test_data/Useful/Validation/rice-at-2-ft/20241108_085738_003.jpg,3409.0,1154.0,57.42292669116739
65,26.72,35.0,38.0,39.96,42.2,45.0,47.0,49.0,51.0,51.400000000000006,52.64,54.879999999999995,55.120000000000005,57.0,58.599999999999994,59.0,60.08000000000001,61.0,62.0,63.0,63.03999999999999,65.0,66.0,67.0,67.0,68.0,68.0,69.0,70.0,70.0,71.0,71.0,72.0,73.0,73.0,74.0,75.0,75.0,75.36000000000001,76.0,76.0,77.0,78.0,78.0,79.0,80.0,80.0,81.0,82.0,82.0,83.0,83.48000000000002,84.0,84.96000000000004,85.20000000000005,86.0,87.0,88.0,88.0,88.0,89.0,89.0,89.12,90.0,91.0,91.0,92.0,92.32000000000005,93.0,93.0,94.0,95.0,95.0,96.0,97.0,98.0,98.48000000000002,99.0,100.0,100.20000000000005,101.0,102.0,103.0,103.0,104.0,105.0,105.0,106.0,107.0,108.0,110.0,110.08000000000004,112.0,114.0,115.0,116.03999999999996,118.27999999999997,121.0,125.51999999999998,133.0,88.0,1000.4352941215038,1000.5764706134796,1000.6705882549286,1000.7921568751335,1000.8941176533699,2000.1960784345865,2000.5647059082985,2000.8196078538895,3000.5254902243614,3001.0,175.4971664428711,183.10140991210938,187.95562744140625,191.71134338378906,194.98129272460938,198.09796142578125,201.33888244628906,205.2481689453125,211.62060546875,348.6348876953125,234.64417,0.0,test_data/Useful/Validation/rice-at-2-ft/20241108_085738_004.jpg,3518.0,1153.0,58.8084129474271
66,28.48,34.96,38.72,43.0,46.2,49.0,51.0,53.0,55.0,56.400000000000006,57.0,59.0,60.0,60.0,61.0,62.0,63.0,64.0,65.0,66.0,67.0,68.0,68.52000000000001,70.0,70.0,70.24000000000001,71.0,72.0,73.0,73.0,74.0,75.0,75.0,76.0,76.0,77.0,77.0,78.0,79.0,79.0,80.0,80.0,81.0,81.0,82.0,83.0,83.0,84.0,84.75999999999999,85.0,86.0,86.0,87.0,87.0,87.20000000000005,88.0,88.67999999999995,89.0,89.0,90.0,90.0,90.0,91.0,91.0,92.0,93.0,94.0,94.0,94.55999999999995,95.0,95.0,96.0,96.0,97.0,97.0,98.0,99.0,99.0,100.0,101.0,101.0,102.0,103.0,104.0,105.0,106.0,107.0,108.0,109.0,109.60000000000002,111.0,112.08000000000004,113.0,116.0,117.79999999999995,119.03999999999996,122.0,123.0,128.0,139.0,89.0,1000.4352941215038,1000.5764706134796,1000.6745098233223,1000.7921568751335,1000.8941176533699,2000.215686276555,2000.5764706134796,2000.8352941274643,3000.533333361149,3001.0,175.4547119140625,182.99864196777344,187.82659912109375,191.666259765625,194.9781036376953,198.15866088867188,201.41989135742188,205.265869140625,211.67532348632812,348.6465759277344,235.27148,0.0,test_data/Useful/Validation/rice-at-2-ft/20241108_085738_011.jpg,3429.0,1193.0,59.45142690521408
67,27.0,34.96,42.0,45.0,49.0,51.0,52.0,53.0,55.0,56.400000000000006,57.0,58.0,60.0,60.0,61.0,62.0,63.0,64.0,64.0,65.0,65.0,66.0,67.0,67.0,68.0,68.0,69.0,70.0,70.0,72.0,73.0,73.0,74.0,75.0,75.0,76.0,76.0,76.12,77.0,78.0,78.0,79.0,80.0,80.0,81.0,81.0,82.0,82.0,83.0,83.0,84.0,84.48000000000002,85.0,86.0,87.0,87.0,88.0,88.0,89.0,89.0,90.0,90.0,91.0,92.0,92.60000000000002,93.0,94.0,94.0,94.0,95.0,96.0,96.0,97.0,97.0,98.0,98.0,99.0,99.0,100.0,100.0,101.0,101.67999999999995,102.0,103.0,104.0,105.63999999999999,106.88,108.0,110.0,110.0,113.0,115.0,116.0,116.0,117.0,119.0,122.55999999999995,125.51999999999998,128.76,146.0,75.0,1000.4352941215038,1000.5764706134796,1000.6705882549286,1000.7921568751335,1000.8941176533699,2000.2000000029802,2000.5686274766922,2000.8274509906769,3000.529411792755,3001.0,175.33627319335938,182.90000915527344,187.7897933959961,191.60267333984376,194.88819885253906,197.99758911132812,201.27000427246094,205.16029357910156,211.5278778076172,348.65594482421875,235.44504,0.0,test_data/Useful/Validation/rice-at-2-ft/20241108_085738_012.jpg,3310.0,1147.0,60.81739164038127
68,26.72,34.480000000000004,41.0,44.0,45.2,49.0,50.0,51.0,53.0,54.0,55.64,56.0,57.0,58.0,59.0,61.0,61.08000000000001,63.0,64.0,66.0,67.0,68.0,68.0,69.0,70.0,71.0,71.0,72.0,72.95999999999998,74.0,74.0,75.0,75.0,76.0,76.0,77.0,77.0,77.0,78.0,78.0,79.0,79.0,80.0,80.0,80.0,81.0,82.0,82.0,83.0,84.0,85.0,86.0,86.0,87.0,87.0,88.0,88.0,89.0,89.0,90.0,90.0,90.88,91.0,92.0,92.60000000000002,93.0,93.0,94.0,95.0,95.79999999999995,96.0,97.0,98.0,98.0,98.0,99.0,100.0,101.0,102.0,102.0,103.0,103.0,104.0,105.0,105.39999999999998,106.0,107.0,108.0,109.0,110.0,111.0,112.0,113.0,114.0,116.0,119.03999999999996,121.27999999999997,126.03999999999996,131.76,139.0,77.0,1000.4352941215038,1000.5764706134796,1000.6705882549286,1000.7921568751335,1000.8941176533699,2000.1960784345865,2000.5686274766922,2000.8196078538895,3000.529411792755,3001.0,175.42034912109375,183.0508270263672,187.84300231933594,191.67970275878906,194.98410034179688,198.1422576904297,201.34979248046875,205.19610595703125,211.55958557128906,348.654541015625,234.2234,0.0,test_data/Useful/Validation/rice-at-2-ft/20241108_085738_013.jpg,3367.0,1142.0,58.28723906110257
69,28.96,37.480000000000004,41.72,45.0,47.0,47.44,48.68000000000001,50.0,52.0,54.0,55.0,56.0,57.0,58.0,59.0,60.84,62.0,63.0,64.0,65.0,66.0,67.0,67.0,69.0,70.0,70.0,71.0,72.0,72.0,73.0,74.0,75.0,75.0,76.0,77.0,77.0,78.0,79.0,80.0,80.0,81.0,81.0,81.0,82.0,82.0,83.0,83.0,83.0,84.0,84.0,85.0,85.48000000000002,86.0,87.0,87.0,88.0,88.0,89.0,89.0,89.39999999999998,90.0,91.0,91.12,92.0,92.0,93.0,93.0,94.0,94.55999999999995,95.0,96.0,97.0,98.0,99.0,99.0,100.0,101.0,102.0,103.0,103.0,104.0,105.0,105.0,106.0,108.0,108.63999999999999,109.88,110.0,111.0,112.0,112.0,114.0,115.0,116.0,118.0,118.0,120.27999999999997,122.51999999999998,125.0,132.0,83.0,1000.4352941215038,1000.5764706134796,1000.6705882549286,1000.7882353067398,1000.8901960849762,2000.188235297799,2000.5647059082985,2000.8196078538895,3000.529411792755,3001.0,175.51412963867188,183.17071533203125,187.94598388671875,191.71425170898436,195.04650115966797,198.1205596923828,201.3719482421875,205.20529174804688,211.5611572265625,348.644287109375,235.30853,0.0,test_data/Useful/Validation/rice-at-2-ft/20241108_085738_014.jpg,3374.0,1175.0,58.47122062102594
70,26.48,34.44,40.0,42.96,44.0,46.0,48.0,49.0,50.16,52.0,54.0,56.0,57.0,57.360000000000014,58.599999999999994,60.0,61.0,61.0,62.0,63.0,64.0,65.0,66.0,67.0,68.0,69.0,69.0,69.0,70.0,71.0,71.0,72.0,73.0,73.0,74.39999999999998,75.63999999999999,76.0,77.0,78.0,78.0,78.83999999999997,79.0,80.0,80.56,81.0,82.0,82.0,82.51999999999998,83.0,84.0,84.0,85.0,85.0,86.0,87.0,87.0,88.0,89.0,89.0,90.0,90.0,91.0,91.0,92.0,92.0,93.0,94.0,94.0,95.0,95.0,96.0,96.0,96.51999999999998,97.0,98.0,98.24000000000001,99.0,100.0,101.0,102.0,102.0,103.0,103.91999999999996,104.0,104.39999999999998,105.0,106.0,107.0,108.0,109.0,109.0,111.0,113.0,115.0,115.79999999999995,119.0,122.27999999999997,125.51999999999998,127.75999999999999,133.0,78.0,1000.4313725531101,1000.5725490450859,1000.6705882549286,1000.7882353067398,1000.8901960849762,2000.176470592618,2000.5607843399048,2000.800000011921,3000.5254902243614,3001.0,175.35531158447264,182.8948974609375,187.80780029296875,191.63259887695312,194.95973205566406,198.07156372070312,201.3603515625,205.2658233642578,211.61825561523438,348.6202392578125,235.89949,0.0,test_data/Useful/Validation/rice-at-2-ft/20241108_085738_015.jpg,3452.0,1177.0,58.71703804916345
71,27.0,33.0,38.72,42.0,43.0,45.0,47.0,49.92,51.0,53.0,54.0,56.0,57.0,58.360000000000014,60.0,62.0,63.0,64.0,65.0,66.0,66.0,67.0,67.0,68.0,69.0,69.0,70.0,71.0,72.0,73.0,73.0,74.0,74.92000000000002,75.0,76.0,76.0,77.0,77.0,77.36000000000001,78.0,79.0,79.0,79.32,80.0,80.80000000000001,81.0,82.0,82.0,82.0,83.0,83.0,84.0,84.0,85.0,85.20000000000005,86.0,86.0,87.0,87.0,88.0,88.0,88.88,89.0,90.0,90.0,91.0,92.0,92.0,93.0,94.0,95.0,95.0,96.0,97.0,97.0,98.0,99.0,99.0,100.0,101.0,102.0,102.0,103.0,103.0,104.0,105.63999999999999,106.0,107.0,108.0,109.0,110.0,111.0,113.0,114.0,114.79999999999995,116.0,118.0,120.51999999999998,125.75999999999999,140.0,77.0,1000.4313725531101,1000.5725490450859,1000.6588235497475,1000.7607843279839,1000.866666674614,1000.972549021244,2000.486274510622,2000.6980392336845,3000.4823529422283,3001.0,175.3861083984375,183.05223083496094,187.83677673339844,191.6100830078125,194.90274047851562,198.0490966796875,201.31393432617188,205.22634887695315,211.6099395751953,348.5675048828125,235.97186,0.0,test_data/Useful/Validation/rice-at-2-ft/20241108_085738_022.jpg,3410.0,1179.0,60.44367758818796
72,25.0,32.480000000000004,36.44,39.0,43.2,46.0,48.0,49.0,52.0,54.0,55.0,57.0,58.120000000000005,59.0,60.599999999999994,62.0,63.0,63.31999999999999,64.0,65.0,65.0,66.28,68.0,68.0,69.0,70.0,71.0,71.72000000000003,72.0,73.0,74.0,74.0,75.0,76.0,77.0,77.0,78.0,78.0,79.36000000000001,80.0,80.0,81.0,81.32,82.0,82.0,83.0,83.0,84.0,84.0,85.0,85.0,86.0,86.0,87.0,87.0,88.0,88.0,89.0,89.0,90.0,90.0,91.0,91.0,92.0,93.0,94.0,94.0,94.0,95.0,96.0,97.0,97.0,98.0,98.0,99.0,100.0,101.0,102.0,102.0,103.0,104.0,105.0,105.91999999999996,106.0,107.0,108.0,109.0,109.0,110.0,111.0,112.84000000000003,113.0,114.32000000000005,116.0,117.0,120.0,124.0,125.51999999999998,131.0,138.0,87.0,1000.4313725531101,1000.5686274766922,1000.6588235497475,1000.7568627595901,1000.8627451062202,1000.9607843160629,2000.4784313738346,2000.6901960968971,3000.470588237047,3001.0,175.51473999023438,182.9854736328125,187.83663482666014,191.6245880126953,194.96615600585938,198.11660766601562,201.37998962402344,205.3154754638672,211.71263122558594,348.55487060546875,234.27025,0.0,test_data/Useful/Validation/rice-at-2-ft/20241108_085738_023.jpg,3307.0,1150.0,60.80986140442318
73,26.48,34.0,38.0,40.96,46.0,48.0,49.0,50.0,51.0,53.0,55.0,55.0,56.0,57.360000000000014,59.0,60.0,61.0,63.0,64.0,66.0,66.0,67.0,67.52000000000001,68.0,69.0,70.0,71.0,71.0,72.0,73.0,73.0,74.0,74.0,75.0,75.0,76.0,76.0,77.0,77.36000000000001,78.0,79.0,79.0,80.0,80.0,81.0,81.0,82.0,82.0,83.0,84.0,85.0,85.0,86.0,86.0,87.0,87.0,88.0,88.91999999999996,89.0,90.0,91.0,91.0,92.0,92.0,92.0,93.0,93.0,94.0,95.0,95.0,96.0,97.0,97.0,98.0,99.0,99.0,100.0,100.72000000000003,102.0,102.0,103.0,104.0,104.91999999999996,105.0,106.0,107.0,108.0,109.0,110.36000000000001,111.0,111.84000000000003,114.0,115.0,115.55999999999995,117.0,119.0,121.0,122.0,127.75999999999999,136.0,81.0,1000.4274509847164,1000.5686274766922,1000.6549019813538,1000.7490196228027,1000.8549019694328,1000.9450980424881,2000.4549019634724,2000.678431391716,3000.470588237047,3001.0,175.37071228027344,183.0906524658203,187.9144287109375,191.66482849121093,194.9778594970703,198.13162231445312,201.4058807373047,205.32382202148438,211.81185913085938,348.53631591796875,235.12643,0.0,test_data/Useful/Validation/rice-at-2-ft/20241108_085738_024.jpg,3235.0,1140.0,58.36098225657736
74,17.240000000000002,28.44,36.16,40.0,43.2,44.44,46.0,48.92,51.16,52.0,52.0,52.879999999999995,54.0,54.0,55.0,57.0,59.0,59.0,60.0,61.80000000000001,62.0,63.0,64.0,64.0,65.0,67.0,68.0,68.0,69.0,70.0,70.0,71.0,72.0,73.0,74.0,74.0,75.0,76.0,77.0,78.0,78.0,79.0,80.0,80.0,81.0,81.04000000000002,82.0,82.0,83.0,83.0,84.24000000000001,85.0,86.0,87.0,87.0,88.0,88.0,89.0,90.0,90.0,90.63999999999999,91.0,92.0,92.0,92.60000000000002,93.0,93.08000000000004,94.0,94.0,94.0,95.0,96.0,97.0,97.0,98.0,99.0,99.0,100.0,100.96000000000004,101.0,102.0,103.0,104.0,105.0,105.39999999999998,106.0,107.88,108.0,109.0,110.0,111.0,112.0,113.0,115.0,116.0,117.0,119.27999999999997,123.0,126.75999999999999,143.0,94.0,1000.4313725531101,1000.5686274766922,1000.65098041296,1000.745098054409,1000.8509804010391,1000.9372549057007,2000.4274509847164,2000.6588235497475,3000.4274509847164,3001.0,175.51594085693358,183.1608856201172,188.0009963989258,191.7971954345703,195.12063598632812,198.25625610351562,201.53872680664062,205.42178344726562,211.8418731689453,348.4860534667969,235.94398,0.0,test_data/Useful/Validation/rice-at-2-ft/20241108_085738_025.jpg,3332.0,1135.0,60.3722200374555
75,23.72,32.480000000000004,34.72,38.96,41.0,43.0,45.68000000000001,48.0,51.0,53.0,55.0,57.0,58.0,59.0,60.0,61.0,62.0,62.31999999999999,63.56,65.0,67.0,67.0,67.52000000000001,68.0,68.0,69.0,69.0,70.0,71.0,71.0,72.0,73.0,73.0,74.0,75.0,76.0,76.0,77.0,77.0,78.0,79.0,80.0,80.0,81.0,82.0,82.0,82.27999999999997,83.0,83.0,84.0,84.0,85.0,85.0,85.0,86.0,86.0,87.0,87.0,88.0,88.0,89.0,90.0,91.0,91.0,92.0,92.0,93.0,93.0,94.0,95.0,95.0,96.0,96.0,97.0,97.0,98.0,98.0,99.72000000000003,100.0,100.20000000000005,101.0,102.0,102.0,103.0,104.0,104.0,104.0,105.0,106.0,107.0,107.0,110.08000000000004,112.0,114.0,116.0,118.0,120.0,122.0,126.75999999999999,134.0,83.0,1000.4274509847164,1000.5647059082985,1000.65098041296,1000.7411764860153,1000.8431372642517,1000.9294117689133,2000.4078431427479,2000.6549019813538,3000.403921574354,3001.0,175.5181900024414,183.0906494140625,187.9372817993164,191.67694702148438,195.0068817138672,198.1411560058594,201.40943298339843,205.30105895996095,211.82183837890625,348.4947204589844,235.2963,0.0,test_data/Useful/Validation/rice-at-2-ft/20241108_085738_026.jpg,3282.0,1164.0,65.3399333238781
76,38.0,42.480000000000004,46.0,47.96,51.2,54.44,56.0,57.0,58.0,59.0,61.0,63.0,63.120000000000005,65.0,66.0,66.0,67.0,68.0,68.0,69.0,69.0,70.0,70.0,71.0,71.0,72.0,73.0,73.0,74.0,74.19999999999999,75.0,75.0,75.92000000000002,76.16000000000003,77.0,78.0,78.88,79.0,80.0,80.0,81.0,81.0,82.0,83.0,83.0,84.0,85.0,86.0,86.0,87.0,87.0,88.0,88.0,89.0,90.0,90.0,90.67999999999995,91.91999999999996,92.0,93.0,93.0,93.0,94.0,94.0,95.0,95.0,95.0,96.0,97.0,97.0,98.0,98.0,98.0,99.0,100.0,100.0,101.0,101.0,102.0,103.0,103.44000000000005,104.0,105.0,105.0,106.0,107.0,107.88,109.0,110.0,111.0,111.0,113.0,113.0,114.0,116.0,117.0,119.0,120.51999999999998,124.0,135.0,75.0,1000.3725490272045,1000.5254902243614,1000.6039215922356,1000.6627451181412,1000.7137255072594,2000.0117647061124,2000.5882353186607,2000.7803921699524,3000.600000023842,3001.0,172.17892456054688,179.80291748046875,184.64266967773438,188.39256286621094,191.66207885742188,194.76910400390625,198.0225372314453,201.900146484375,208.56063842773438,349.01715087890625,232.26566,0.0,test_data/Useful/Validation/rice-at-2-ft/20241108_085738_060.jpg,2605.0,975.0,56.145340947737594
77,37.0,44.480000000000004,50.0,51.96,54.2,55.0,56.68000000000001,57.0,58.0,59.0,60.0,61.0,61.120000000000005,62.0,64.0,64.84,65.0,66.0,67.0,68.0,69.0,70.0,71.0,72.0,72.0,73.0,74.0,74.0,75.0,75.0,76.0,76.0,77.0,78.0,78.0,79.0,79.0,80.0,80.0,80.0,81.0,81.0,82.0,82.0,82.0,83.0,83.0,84.0,84.0,84.0,85.0,85.0,86.0,86.96000000000004,87.0,88.0,88.0,88.0,89.0,89.0,90.0,90.0,91.0,92.0,92.0,93.0,94.0,94.0,95.0,96.0,96.0,97.0,97.0,98.0,99.0,99.0,99.0,100.0,100.96000000000004,102.0,103.0,104.0,105.0,105.15999999999997,106.0,107.0,108.0,109.0,110.36000000000001,112.0,113.0,114.0,114.0,115.55999999999995,117.0,118.0,119.0,120.51999999999998,125.27999999999997,131.0,88.0,1000.3764705955982,1000.5254902243614,1000.6039215922356,1000.6588235497475,1000.7098039388657,1000.8588235378265,2000.584313750267,2000.8313725590706,3000.6039215922356,3001.0,171.98953247070312,179.62037963867186,184.4635223388672,188.245703125,191.51907348632812,194.69151306152344,197.9715576171875,201.91782836914064,208.73660278320312,348.97509765625,232.90433,0.0,test_data/Useful/Validation/rice-at-2-ft/20241108_085738_061.jpg,2670.0,1022.0,63.23573976347997
78,36.2,43.0,47.599999999999994,50.0,51.0,53.0,54.0,56.0,59.0,60.0,61.0,62.0,63.0,64.0,65.0,66.0,67.0,67.32,68.0,69.0,69.0,71.0,71.0,72.75999999999999,73.0,74.0,75.0,75.0,76.0,77.0,77.44,78.0,79.0,79.0,79.39999999999998,80.0,81.0,82.0,82.0,83.0,83.0,84.0,85.0,85.0,85.0,86.0,86.0,87.0,87.0,88.0,88.0,88.0,89.0,89.0,90.0,90.0,91.0,91.0,92.0,92.0,93.0,93.0,94.0,94.0,95.0,95.0,96.0,96.0,97.0,97.0,98.0,99.0,99.0,100.0,100.0,100.24000000000001,101.0,102.0,102.0,103.0,103.0,104.0,104.0,105.0,106.0,107.63999999999999,108.0,109.0,110.36000000000001,111.0,112.0,114.0,115.0,116.0,117.0,120.0,121.27999999999997,123.51999999999998,132.0,141.0,85.0,1000.3725490272045,1000.5215686559677,1000.6000000238419,1000.6549019813538,1000.7098039388657,1000.8274509906769,2000.5921568870544,3000.1843137294054,3000.6156862974167,3001.0,171.92977752685547,179.48846740722655,184.3222198486328,188.10993041992188,191.40606689453125,194.482177734375,197.75064086914062,201.69253540039062,208.32937622070312,349.08331298828125,232.09418,0.0,test_data/Useful/Validation/rice-at-2-ft/20241108_085738_062.jpg,2596.0,1016.0,60.64420533036662
79,39.24,44.480000000000004,47.0,50.0,52.0,54.0,55.68000000000001,57.0,58.0,59.0,60.0,61.0,63.0,63.0,64.0,64.0,66.0,67.0,67.0,68.0,68.03999999999999,70.0,71.0,72.0,72.0,73.0,73.48000000000002,74.0,75.0,75.0,76.0,77.0,77.0,78.0,78.0,79.0,80.0,80.0,81.0,81.0,82.0,83.0,83.0,84.0,85.0,85.0,86.0,86.0,86.75999999999999,87.0,88.0,88.0,89.0,89.96000000000004,90.0,91.0,91.0,91.0,92.0,92.0,93.0,93.0,94.0,94.0,95.0,96.0,96.0,96.0,97.0,97.0,97.0,98.0,99.0,99.0,100.0,100.0,101.0,101.0,101.0,102.0,103.0,104.0,104.0,105.15999999999997,106.0,107.0,108.0,109.0,110.0,110.0,111.84000000000003,113.0,113.32000000000005,114.55999999999995,116.0,119.0,121.0,123.51999999999998,127.75999999999999,135.0,97.0,1000.3764705955982,1000.5215686559677,1000.6000000238419,1000.6549019813538,1000.705882370472,1000.8156862854958,2000.5960784554482,3000.2352941185236,3000.6196078658104,3001.0,171.9816909790039,179.52232360839844,184.3844985961914,188.150439453125,191.49264526367188,194.62342834472656,197.91919860839843,201.82475585937502,208.55078125,349.050048828125,232.35017,0.0,test_data/Useful/Validation/rice-at-2-ft/20241108_085738_063.jpg,2571.0,982.0,58.73693242521713
80,25.72,35.0,40.44,43.96,48.0,52.0,54.68000000000001,56.0,59.0,60.0,61.64,62.879999999999995,64.12,65.36000000000001,67.0,67.0,68.0,68.32,69.56,70.80000000000001,71.0,72.0,73.0,73.0,74.0,74.24000000000001,75.0,76.0,76.0,76.19999999999999,77.0,77.0,78.0,79.0,79.0,80.0,80.0,81.0,81.0,81.0,82.0,82.0,83.0,83.0,84.0,84.0,85.0,85.0,86.0,86.0,86.0,87.0,87.0,88.0,88.0,89.0,89.0,90.0,91.0,91.0,92.0,93.0,94.0,94.0,95.0,95.0,95.08000000000004,96.0,96.0,97.0,97.0,98.0,99.0,100.0,100.0,101.0,102.0,102.0,102.96000000000004,103.0,104.0,104.0,105.0,106.0,107.0,108.0,108.0,110.0,110.0,112.0,112.0,114.0,115.0,115.55999999999995,117.0,121.0,122.0,124.0,130.0,138.0,86.0,1000.3843137323856,1000.5254902243614,1000.5960784554482,1000.65098041296,1000.7019608020782,1000.7921568751335,2000.5921568870544,3000.2627451121807,3000.6196078658104,3001.0,171.8244659423828,179.38858642578126,184.26076049804686,188.02542724609376,191.29544067382812,194.47061157226562,197.80372619628906,201.69155883789062,208.58221435546875,349.0353088378906,232.98535,0.0,test_data/Useful/Validation/rice-at-2-ft/20241108_085738_064.jpg,2607.0,989.0,59.5784229484584
81,34.24,42.480000000000004,47.0,48.0,50.2,53.0,55.0,57.0,58.16,59.0,61.0,62.0,62.120000000000005,64.0,65.6,66.0,68.0,69.0,70.0,70.0,71.0,71.0,71.52000000000001,73.75999999999999,74.0,75.0,76.0,76.0,77.0,77.0,78.0,78.0,79.0,79.0,80.0,81.0,81.0,82.0,82.0,83.0,83.0,84.0,85.0,85.0,85.0,86.0,86.0,87.0,87.0,88.0,88.0,89.0,89.0,90.0,90.0,91.0,91.0,92.0,92.0,93.0,94.0,95.0,95.0,95.0,96.0,96.0,97.0,97.0,98.0,98.0,98.03999999999996,99.0,100.0,101.0,102.0,102.0,103.0,103.0,103.96000000000004,104.20000000000005,105.0,106.0,107.0,107.0,108.0,108.63999999999999,109.0,110.0,111.0,111.0,112.0,114.0,116.0,117.0,118.0,120.0,122.0,123.51999999999998,125.75999999999999,140.0,95.0,1000.4117647111416,1000.54509806633,1000.6156862974167,1000.6705882549286,1000.7176470756531,1000.839215695858,2000.6313725709915,3000.298039227724,3000.639215707779,3001.0,171.90343017578124,179.66143798828125,184.4867172241211,188.2801086425781,191.59832000732422,194.75484619140624,198.06345825195314,202.0789520263672,208.93154907226562,349.080322265625,235.34518,0.0,test_data/Useful/Validation/rice-at-2-ft/20241108_085738_065.jpg,2534.0,1027.0,56.89303553384505
82,20.48,27.0,33.44,37.0,42.0,44.0,45.68000000000001,48.0,50.0,51.0,53.0,54.0,55.0,56.0,56.599999999999994,57.0,58.08000000000001,59.31999999999999,60.0,61.0,62.0,63.0,63.0,64.0,65.0,66.0,66.48000000000002,67.0,68.0,69.0,70.0,71.0,71.0,72.0,73.0,74.0,75.0,75.0,75.36000000000001,76.0,76.0,77.0,77.32,78.0,79.0,80.0,80.0,81.51999999999998,82.0,83.0,83.24000000000001,84.48000000000002,85.0,85.0,86.0,86.0,87.0,87.0,88.0,88.0,88.63999999999999,89.0,89.0,90.0,90.0,91.0,92.0,92.0,93.0,93.0,94.0,95.0,95.0,96.0,96.0,96.0,97.0,97.0,97.0,98.20000000000005,100.0,101.0,101.91999999999996,102.0,103.0,103.0,104.0,104.0,105.0,106.0,107.0,108.0,109.32000000000005,111.0,113.0,115.0,116.0,119.51999999999998,123.51999999999998,131.0,96.0,1000.4823529422283,1000.5960784554482,1000.6627451181412,1000.7137255072594,1000.7647058963776,1000.9843137264252,2000.6823529601097,3000.4000000059605,3000.678431391716,3001.0,172.27178955078125,179.96664733886718,184.84381256103515,188.5874450683594,191.89962768554688,195.0211212158203,198.28162536621093,202.23630065917968,209.15245056152344,348.8795166015625,237.14871,0.0,test_data/Useful/Validation/rice-at-2-ft/20241108_085738_071.jpg,2701.0,1022.0,59.54872458054671
83,14.0,30.0,35.0,38.0,39.400000000000006,43.0,43.68000000000001,45.92,48.0,51.0,53.0,54.879999999999995,56.0,58.0,58.0,59.84,60.0,61.31999999999999,62.0,64.0,65.0,66.0,67.0,67.0,67.0,68.0,68.0,69.0,70.0,71.0,71.0,72.0,73.0,73.0,73.0,74.0,74.88,76.0,76.0,77.0,77.0,78.0,78.0,79.0,79.0,80.0,81.0,82.0,82.0,83.0,83.0,84.0,84.0,85.0,85.0,85.44000000000005,86.0,86.91999999999996,87.0,88.0,88.63999999999999,89.0,90.0,91.0,91.0,91.0,92.0,93.0,93.0,94.0,94.03999999999996,95.27999999999997,96.51999999999998,97.0,98.0,99.0,100.0,100.72000000000003,101.0,102.0,102.44000000000005,103.0,104.0,105.0,106.0,106.63999999999999,107.0,109.0,110.36000000000001,111.0,112.0,113.0,114.0,115.0,116.0,118.0,121.0,123.0,127.75999999999999,140.0,67.0,1000.486274510622,1000.6000000238419,1000.6627451181412,1000.7098039388657,1000.7647058963776,1000.9411764740944,2000.678431391716,3000.407843142748,3000.6823529601097,3001.0,171.97262420654297,179.70492553710938,184.61314239501954,188.42870483398437,191.74264526367188,194.9163818359375,198.2088623046875,202.20396423339844,209.1739501953125,348.7850646972656,237.88377,0.0,test_data/Useful/Validation/rice-at-2-ft/20241108_085738_072.jpg,2580.0,1015.0,53.97885903312407
84,20.48,24.48,32.72,35.0,38.0,40.0,43.360000000000014,46.92,49.0,51.0,52.0,52.0,54.120000000000005,56.0,57.0,57.84,59.0,60.0,60.0,62.0,63.0,64.0,65.0,65.0,65.0,66.0,67.0,68.72000000000003,69.0,70.0,70.0,71.0,71.0,72.0,72.0,73.63999999999999,74.0,74.0,75.0,75.60000000000002,77.0,77.07999999999998,78.0,78.0,79.0,80.0,81.0,81.51999999999998,82.0,83.0,83.0,83.48000000000002,84.0,84.96000000000004,85.0,86.0,86.0,87.0,88.0,88.0,88.63999999999999,89.0,90.0,91.0,91.0,92.0,93.0,93.0,94.0,94.0,95.0,95.27999999999997,96.0,96.0,97.0,98.0,99.0,100.0,100.0,100.0,101.0,102.0,102.91999999999996,103.0,104.0,104.63999999999999,106.0,107.0,108.0,109.0,110.0,111.0,112.32000000000005,114.0,116.0,118.0,119.0,121.0,124.0,135.0,100.0,1000.486274510622,1000.6000000238419,1000.6627451181412,1000.7137255072594,1000.7647058963776,1000.9294117689133,2000.6745098233223,3000.3882353007793,3000.678431391716,3001.0,172.1799346923828,179.65066223144532,184.58746337890625,188.37759399414062,191.68253326416016,194.84176635742188,198.19973754882812,202.2556915283203,209.0746307373047,348.686279296875,236.95047,0.0,test_data/Useful/Validation/rice-at-2-ft/20241108_085738_073.jpg,2578.0,975.0,59.956201230083806
85,18.48,24.0,30.0,35.0,36.0,39.44,43.0,45.0,46.0,48.0,49.0,51.0,52.0,53.0,54.0,55.84,56.0,58.0,59.0,60.0,61.0,62.0,63.0,63.75999999999999,64.0,65.0,65.48000000000002,67.0,68.0,69.0,70.0,70.0,71.0,72.0,73.0,73.0,74.0,74.0,75.0,76.0,76.0,77.0,77.0,78.0,78.0,79.0,79.0,80.0,81.0,81.0,82.24000000000001,83.0,83.72000000000003,84.0,85.0,85.0,86.0,86.0,87.0,87.0,88.0,88.88,89.0,90.0,90.0,91.0,91.0,91.32000000000005,92.0,93.0,93.03999999999996,94.0,95.0,96.0,96.0,96.0,97.0,97.0,98.0,99.0,100.0,100.0,101.0,102.0,102.0,103.0,103.88,105.0,106.0,107.0,108.0,110.0,111.0,113.0,114.0,116.03999999999996,119.27999999999997,120.51999999999998,124.51999999999998,140.0,86.0,1000.4823529422283,1000.6000000238419,1000.6666666865349,1000.7176470756531,1000.772549033165,1000.9411764740944,2000.6627451181412,3000.298039227724,3000.6745098233223,3001.0,172.0690460205078,179.69259033203124,184.5665069580078,188.3680877685547,191.71278381347656,194.88861083984375,198.21624755859375,202.2173309326172,209.02969360351562,348.5774230957031,235.60585,0.0,test_data/Useful/Validation/rice-at-2-ft/20241108_085738_074.jpg,2575.0,992.0,59.73335061876934
86,15.24,22.0,32.0,35.96,39.0,41.0,43.0,45.0,47.0,48.0,49.64,51.0,53.0,53.0,54.0,55.84,57.0,57.31999999999999,58.0,59.0,59.0,60.0,61.0,62.0,63.0,63.24000000000001,64.0,65.0,66.0,67.0,68.0,68.0,69.0,70.16000000000003,71.0,71.63999999999999,72.0,73.0,74.0,74.0,74.0,76.0,77.0,77.0,78.0,79.0,79.0,79.0,80.0,81.0,81.24000000000001,82.0,82.72000000000003,83.0,83.0,84.0,84.0,85.0,85.0,86.0,86.63999999999999,87.0,88.0,88.0,89.0,89.0,89.0,90.0,91.0,91.0,92.0,93.0,93.0,93.75999999999999,94.0,95.0,95.0,96.0,97.0,98.0,99.0,99.0,100.0,101.0,102.0,102.63999999999999,103.88,105.0,106.0,107.60000000000002,108.0,109.08000000000004,110.32000000000005,112.0,113.0,115.0,117.0,120.03999999999996,124.75999999999999,131.0,79.0,1000.4823529422283,1000.6000000238419,1000.6627451181412,1000.7137255072594,1000.7686274647713,1000.9019607901573,2000.639215707779,3000.1803921610117,3000.666666686535,3001.0,172.33130798339843,179.92810974121093,184.76321411132812,188.53370666503906,191.8696746826172,195.03355407714844,198.28912353515625,202.30441284179688,209.1210174560547,348.50115966796875,237.53836,0.0,test_data/Useful/Validation/rice-at-2-ft/20241108_085738_075.jpg,2583.0,994.0,64.22180300418007
87,20.240000000000002,24.48,28.72,33.96,36.0,38.0,41.0,42.92,45.0,47.0,48.0,50.0,51.0,52.0,52.599999999999994,53.84,55.0,56.0,56.0,57.0,58.0,59.0,60.0,60.75999999999999,62.0,63.0,63.0,64.0,65.0,65.0,66.0,67.0,67.0,68.0,69.0,69.63999999999999,70.0,71.0,72.0,73.0,73.0,74.0,75.0,76.0,76.0,76.0,77.0,77.0,78.0,79.0,80.0,80.0,80.72000000000003,81.0,82.0,82.44000000000005,83.0,84.0,84.0,85.0,85.0,85.88,86.0,86.36000000000001,88.0,88.0,88.0,89.0,89.0,90.0,90.0,91.0,92.0,92.75999999999999,93.0,94.0,94.0,95.0,95.0,96.0,97.0,98.0,99.0,99.0,100.0,100.63999999999999,101.0,102.0,103.0,104.60000000000002,106.0,107.0,108.0,109.55999999999995,111.0,113.03999999999996,115.0,116.0,120.0,132.0,88.0,1000.4901960790157,1000.6039215922356,1000.6666666865349,1000.7176470756531,1000.772549033165,1000.9137254953384,2000.6274510025978,2000.839215695858,3000.662745118141,3001.0,172.23196411132812,179.88800048828125,184.69384765625,188.49977111816406,191.8492889404297,195.05447387695312,198.38461303710938,202.4224090576172,209.31394958496094,348.2039794921875,238.6187,0.0,test_data/Useful/Validation/rice-at-2-ft/20241108_085738_076.jpg,2554.0,1014.0,58.97353867025419
88,14.0,19.48,23.0,24.0,27.200000000000003,31.439999999999998,35.0,35.92,37.16,39.0,39.0,40.0,42.0,43.360000000000014,44.0,45.0,46.08000000000001,48.0,49.0,50.0,51.0,52.0,52.0,53.0,54.0,55.0,56.0,57.0,58.0,58.19999999999999,59.44,60.0,61.0,62.0,62.39999999999998,63.0,63.879999999999995,64.0,65.0,66.0,66.0,67.0,68.0,68.56,69.0,70.0,71.0,72.0,73.0,73.0,74.0,74.48000000000002,75.0,76.0,77.0,78.0,78.0,79.0,79.0,80.0,81.0,81.0,82.0,83.0,84.0,84.0,86.0,86.0,87.0,87.0,88.0,89.0,89.0,90.0,90.0,91.0,92.0,93.0,94.0,96.0,97.0,98.0,99.91999999999996,101.0,102.0,102.63999999999999,104.0,105.0,106.0,107.0,107.84000000000003,109.0,110.0,112.0,113.0,115.0,117.0,121.51999999999998,126.0,132.0,78.0,1000.4313725531101,1000.5568627715111,1000.6313725709915,1000.6862745285034,1000.7490196228027,1000.8627451062202,2000.3607843220234,2000.6705882549286,3000.5529412031174,3001.0,174.28229522705078,181.87799682617188,186.66842193603514,190.46312255859374,193.81094360351562,196.92994689941406,200.2131805419922,204.0834197998047,210.50302124023438,347.29254150390625,240.3045,0.0,test_data/Useful/Validation/rice-at-2-ft/20241108_085738_082.jpg,2545.0,953.0,57.78493807860707
89,11.24,15.0,18.0,21.92,23.200000000000003,25.0,27.680000000000007,30.0,33.0,35.400000000000006,36.64,38.0,39.120000000000005,41.0,42.0,43.0,45.0,46.0,46.56,47.80000000000001,48.0,49.0,50.0,50.0,51.0,52.24000000000001,53.48000000000002,54.0,55.0,56.0,58.0,58.0,58.920000000000016,59.0,60.0,61.0,62.0,63.0,64.0,65.0,66.0,67.0,68.0,69.0,69.0,69.04000000000002,70.0,71.0,71.75999999999999,72.0,73.0,73.0,74.0,75.0,75.20000000000005,76.0,77.0,78.0,78.0,79.0,80.0,80.0,81.0,81.36000000000001,83.0,83.0,84.0,85.32000000000005,86.0,86.0,87.0,88.0,89.0,90.0,91.0,92.0,93.0,93.0,95.0,95.0,96.0,97.0,98.91999999999996,99.0,100.0,101.63999999999999,102.0,104.12,106.0,107.60000000000002,109.0,110.0,111.0,112.55999999999995,115.0,117.0,120.0,125.0,127.75999999999999,132.0,69.0,1000.419607847929,1000.5490196347237,1000.6274510025978,1000.6823529601097,1000.7490196228027,1000.8588235378265,2000.286274522543,2000.65098041296,3000.5215686559677,3001.0,174.70249938964844,182.3605712890625,187.20418701171874,191.00559692382814,194.3050994873047,197.42770385742188,200.64790802001954,204.52591857910156,210.9005889892578,347.2895812988281,240.88493,0.0,test_data/Useful/Validation/rice-at-2-ft/20241108_085738_083.jpg,2604.0,943.0,58.03364683667261
90,7.720000000000001,15.0,19.0,21.0,26.0,28.0,29.0,30.0,32.16,34.0,35.0,37.879999999999995,38.0,39.360000000000014,41.0,42.84,44.0,44.0,45.0,46.0,48.0,49.0,50.0,51.75999999999999,52.0,53.0,54.0,54.0,55.0,56.0,57.0,58.0,59.0,60.0,60.0,61.0,62.0,63.0,64.0,64.60000000000002,65.0,66.0,67.0,68.0,69.0,70.0,71.0,71.0,72.0,73.0,74.24000000000001,75.0,76.0,77.0,77.0,78.0,79.0,79.0,80.0,80.39999999999998,81.0,81.88,83.0,83.0,84.0,84.0,85.0,85.0,86.55999999999995,87.0,88.0,89.0,89.0,91.0,92.0,93.0,93.48000000000002,94.0,95.0,96.0,97.0,98.0,99.0,99.0,100.0,101.0,103.0,104.0,105.0,106.0,108.0,109.0,111.32000000000005,113.0,115.0,117.03999999999996,119.0,121.0,125.75999999999999,131.0,80.0,1000.4156862795353,1000.5490196347237,1000.6235294342041,1000.6823529601097,1000.7490196228027,1000.8588235378265,2000.2470588237047,2000.6431372761726,3000.5137255191803,3001.0,174.91525115966797,182.62283020019532,187.52635498046874,191.3411376953125,194.6000518798828,197.70745239257812,200.9523132324219,204.76000366210937,211.0643310546875,347.3102111816406,240.58662,0.0,test_data/Useful/Validation/rice-at-2-ft/20241108_085738_084.jpg,2692.0,969.0,56.294669390609904
91,4.0,9.48,15.0,18.0,21.200000000000003,23.439999999999998,27.0,29.0,31.0,32.0,33.0,35.0,36.0,37.0,37.599999999999994,39.0,41.0,41.0,42.56,43.0,45.0,46.0,47.52000000000001,48.75999999999999,50.0,50.24000000000001,51.0,52.0,53.0,54.19999999999999,55.0,56.0,56.0,58.0,58.0,59.0,60.0,61.0,62.0,63.0,64.0,65.0,66.0,66.56,67.80000000000001,68.0,69.0,70.0,70.0,71.0,72.0,72.0,74.0,74.0,76.0,76.0,77.0,78.0,79.0,80.0,81.0,82.0,82.12,83.0,84.0,84.84000000000003,86.0,86.0,87.0,88.0,88.03999999999996,89.27999999999997,90.51999999999998,91.0,92.0,93.0,94.0,95.0,96.0,97.0,97.44000000000005,98.0,98.0,99.0,100.0,101.63999999999999,103.0,104.0,105.0,107.0,108.0,109.08000000000004,111.0,112.0,114.79999999999995,116.0,117.0,121.0,126.0,142.0,98.0,1000.4117647111416,1000.54509806633,1000.6235294342041,1000.6823529601097,1000.7529411911964,1000.8588235378265,2000.1607843190432,2000.639215707779,3000.498039215803,3001.0,175.4701675415039,183.12771606445312,188.0120849609375,191.81044311523436,195.06279754638672,198.08629760742187,201.33178100585937,205.0845703125,211.18797454833984,347.40093994140625,240.86012,0.0,test_data/Useful/Validation/rice-at-2-ft/20241108_085738_085.jpg,2812.0,977.0,63.726962583707966
92,6.48,16.0,21.0,22.96,25.200000000000003,28.0,29.0,30.92,33.0,34.0,35.0,37.0,40.0,41.0,42.0,42.0,43.0,44.0,45.0,46.0,47.0,48.0,49.0,50.0,50.0,51.0,52.0,53.0,54.0,55.0,56.0,57.0,58.0,59.0,59.0,60.0,61.0,62.0,62.0,63.0,64.0,65.0,65.0,66.0,67.0,67.0,68.0,69.0,69.0,70.0,71.0,72.0,73.0,74.0,75.0,76.0,76.0,78.0,79.0,79.0,80.0,81.0,81.0,83.0,83.0,84.0,85.0,86.0,87.0,88.0,88.0,89.0,90.51999999999998,91.0,92.0,93.0,93.0,94.0,95.0,96.0,96.44000000000005,97.0,98.0,99.0,99.0,100.0,102.0,103.0,105.0,106.60000000000002,108.0,109.0,111.0,112.0,114.79999999999995,117.0,119.0,121.0,123.0,148.0,50.0,1000.4156862795353,1000.5490196347237,1000.6274510025978,1000.6862745285034,1000.7529411911964,1000.8588235378265,2000.149019613862,2000.6313725709915,3000.4666666686535,3001.0,175.61578369140625,183.21224975585938,188.00228881835938,191.76377868652344,195.05751037597656,198.14134216308594,201.40777587890625,205.21859741210938,211.39151000976562,347.4173278808594,241.40878,0.0,test_data/Useful/Validation/rice-at-2-ft/20241108_085738_086.jpg,2732.0,982.0,60.39677754139312
93,6.24,13.48,17.0,19.0,20.0,22.0,23.680000000000007,25.92,27.159999999999997,29.400000000000006,31.0,32.0,33.0,36.0,37.0,38.0,39.0,40.31999999999999,42.0,43.0,44.0,46.0,47.0,48.75999999999999,50.0,51.0,52.0,53.0,53.95999999999998,55.0,55.44,56.0,57.0,58.0,59.0,59.639999999999986,60.0,61.0,62.360000000000014,63.60000000000002,65.0,66.0,68.0,68.56,69.0,70.0,71.0,71.0,72.0,73.0,74.0,74.0,75.0,76.0,77.0,77.44000000000005,78.0,79.0,79.0,80.39999999999998,81.0,82.0,83.12,84.0,85.0,85.0,86.0,87.0,87.0,88.0,88.0,89.0,91.0,92.0,93.0,94.0,96.0,96.72000000000003,97.96000000000004,98.20000000000005,99.44000000000005,101.0,102.0,103.0,104.0,105.0,106.0,108.0,109.0,110.0,111.0,114.0,115.0,117.55999999999995,120.0,121.0,123.0,126.0,130.51999999999998,137.0,87.0,1000.419607847929,1000.5529412031174,1000.6313725709915,1000.6901960968971,1000.7607843279839,1000.866666674614,2000.1725490242243,2000.6313725709915,3000.4509803950787,3001.0,175.93587341308594,183.5275115966797,188.34075927734375,192.06222534179688,195.33966064453125,198.44879150390625,201.6210678100586,205.40061950683594,211.5133056640625,347.4423522949219,240.3231,0.0,test_data/Useful/Validation/rice-at-2-ft/20241108_085738_087.jpg,2814.0,992.0,61.84717285947702
94,30.0,36.96,41.0,43.0,45.0,47.0,48.0,50.0,51.16,54.400000000000006,55.0,56.879999999999995,58.0,58.360000000000014,59.599999999999994,60.0,62.0,62.0,63.0,64.0,65.0,66.0,66.52000000000001,67.0,68.0,69.0,70.0,71.0,72.0,72.0,73.0,73.0,74.0,74.0,75.0,76.0,76.0,77.0,77.0,78.0,79.0,79.0,80.0,80.0,80.0,81.0,81.27999999999997,82.0,82.0,83.0,83.0,83.0,84.0,84.0,85.0,86.0,87.0,87.0,87.0,88.0,89.0,90.0,90.0,91.0,91.0,91.84000000000003,92.0,92.32000000000005,93.0,94.0,95.0,95.0,96.0,96.0,97.0,97.0,98.0,99.0,100.0,100.0,101.0,101.0,102.0,103.0,103.0,104.0,104.0,105.0,107.0,107.0,109.0,111.0,112.32000000000005,114.0,115.0,117.03999999999996,119.27999999999997,121.0,124.0,136.0,82.0,1000.3372549116611,1000.4823529422283,1000.5647059082985,1000.6235294342041,1000.678431391716,1000.7529411911964,1000.8980392217636,2000.3411764800549,2000.6745098233223,3001.0,174.11188354492188,181.92601318359374,186.81527099609374,190.68556213378906,194.00155639648438,197.2211456298828,200.55740356445312,204.58456420898438,211.32586669921875,348.32952880859375,232.36328,0.0,test_data/Useful/Validation/rice-at-2-ft/20241108_085836_021.jpg,3385.0,1160.0,63.55195548220348
95,25.0,32.480000000000004,40.0,44.0,47.0,49.0,50.0,52.0,53.0,56.0,57.0,59.0,60.0,60.360000000000014,61.0,63.0,63.08000000000001,64.0,65.0,65.80000000000001,67.0,67.0,68.0,68.0,68.0,69.0,70.0,70.0,71.0,72.0,72.44,73.0,74.0,74.0,75.0,75.0,75.0,76.0,77.0,77.0,77.0,78.0,79.0,80.0,80.0,81.0,81.0,82.0,82.0,83.0,83.0,84.0,85.0,85.0,85.20000000000005,86.0,87.0,87.0,88.0,88.0,89.0,89.0,89.0,90.0,90.0,90.84000000000003,91.0,92.0,92.0,93.0,93.03999999999996,94.0,95.0,95.75999999999999,96.0,97.0,97.0,98.0,99.0,100.0,100.44000000000005,101.0,101.0,102.0,103.0,104.0,105.0,106.0,106.0,107.0,108.84000000000003,110.0,112.0,113.0,116.0,117.0,119.0,121.0,124.0,133.0,75.0,1000.3372549116611,1000.486274510622,1000.5686274766922,1000.6274510025978,1000.6823529601097,1000.7607843279839,1000.9098039269447,2000.3882353007793,2000.6901960968971,3001.0,174.38202514648438,182.00689392089845,186.84418334960938,190.6760467529297,194.0522232055664,197.2470916748047,200.6196487426758,204.68109130859375,211.4149627685547,348.30096435546875,232.7191,0.0,test_data/Useful/Validation/rice-at-2-ft/20241108_085836_022.jpg,3338.0,1147.0,58.14505293050096
96,23.240000000000002,30.48,35.0,39.96,42.2,44.0,46.0,48.0,49.16,50.400000000000006,51.64,53.0,55.0,56.0,57.0,58.0,59.0,59.31999999999999,60.0,61.0,62.0,63.0,64.0,64.75999999999999,66.0,66.0,67.0,68.72000000000003,69.0,70.0,71.0,72.0,72.0,73.0,73.0,74.0,75.0,75.0,76.0,77.0,77.0,78.0,78.0,78.0,79.0,80.0,80.0,80.0,81.0,82.0,83.0,83.0,84.0,84.0,85.0,86.0,86.0,87.0,87.0,87.0,88.0,88.0,89.0,90.0,90.0,91.0,91.0,92.0,92.0,93.0,93.0,94.0,94.0,95.0,95.0,96.0,96.0,96.0,97.0,98.0,99.44000000000005,100.0,101.91999999999996,102.0,103.0,104.0,104.88,106.0,107.0,109.0,110.0,112.0,114.0,115.0,116.0,117.0,119.0,121.0,128.51999999999998,132.0,87.0,1000.3372549116611,1000.486274510622,1000.5686274766922,1000.6313725709915,1000.6862745285034,1000.772549033165,1000.9215686321259,2000.4117647111416,2000.6941176652908,3001.0,174.4521484375,182.12255859375,186.96700134277344,190.78570556640625,194.12156677246094,197.2573699951172,200.65786743164062,204.67825317382812,211.46826171875,348.3117980957031,233.55989,0.0,test_data/Useful/Validation/rice-at-2-ft/20241108_085836_023.jpg,3406.0,1146.0,59.0840538351339
97,32.0,36.0,38.72,43.96,47.2,49.0,50.0,52.0,54.0,56.0,57.0,58.0,58.0,59.0,60.0,61.0,62.0,62.0,63.0,64.0,65.0,66.0,66.0,67.0,69.0,70.0,71.0,71.72000000000003,72.0,73.0,73.0,74.0,74.0,75.0,75.39999999999998,76.0,77.0,77.0,78.0,79.0,80.0,80.0,80.32,81.0,82.0,82.0,83.0,83.0,83.75999999999999,84.0,85.0,85.0,86.0,86.0,87.0,87.0,88.0,88.0,88.15999999999997,89.0,90.0,90.0,91.0,92.0,92.0,92.0,93.0,93.0,93.0,94.0,94.0,95.0,95.0,96.0,96.0,97.0,97.0,98.0,99.0,99.0,100.0,101.0,101.0,102.0,102.39999999999998,103.0,103.88,104.0,105.0,107.0,108.0,109.08000000000004,110.32000000000005,112.55999999999995,114.0,115.0,116.0,119.0,120.0,133.0,92.0,1000.3372549116611,1000.4901960790157,1000.5686274766922,1000.6313725709915,1000.6862745285034,1000.772549033165,1000.9215686321259,2000.4039215743542,2000.6980392336845,3001.0,174.47081298828124,182.0768585205078,186.8944549560547,190.75633544921874,194.1060791015625,197.36448974609374,200.70984649658203,204.77157592773438,211.46475219726562,348.28118896484375,232.65604,0.0,test_data/Useful/Validation/rice-at-2-ft/20241108_085836_024.jpg,3377.0,1174.0,60.98048684574374
98,27.48,36.480000000000004,40.72,45.0,46.0,49.0,50.0,53.0,54.31999999999999,57.0,58.0,61.0,61.0,62.0,63.0,63.0,64.08000000000001,65.0,66.0,66.0,67.03999999999999,68.0,69.0,69.0,70.0,70.0,71.0,72.0,72.0,73.0,74.0,74.0,74.92000000000002,75.0,76.0,76.63999999999999,77.0,78.0,78.0,79.0,79.0,80.0,80.0,81.0,81.80000000000001,82.0,83.0,83.0,83.0,84.0,85.0,85.0,85.72000000000003,86.0,86.20000000000005,87.0,88.0,88.0,89.0,89.0,90.0,91.0,91.0,92.0,92.0,93.0,93.0,94.0,94.0,94.79999999999995,95.0,96.0,97.0,98.0,98.0,99.0,99.0,100.0,101.0,101.0,101.44000000000005,102.0,103.0,104.0,105.0,106.0,106.0,107.0,108.0,109.0,109.0,110.08000000000004,111.0,112.0,113.0,114.0,117.0,119.0,122.75999999999999,131.0,94.0,1000.3411764800549,1000.4901960790157,1000.5725490450859,1000.6352941393852,1000.6901960968971,1000.7803921699524,1000.9372549057007,2000.4274509847164,2000.7019608020782,3001.0,174.53770294189454,182.1469970703125,186.97014465332032,190.82562255859375,194.1431884765625,197.32171936035155,200.68654327392576,204.7476043701172,211.4149627685547,348.28546142578125,231.84486,0.0,test_data/Useful/Validation/rice-at-2-ft/20241108_085836_025.jpg,3350.0,1167.0,60.54358631648194
99,26.72,35.0,38.0,42.0,46.0,47.44,49.0,50.0,51.0,53.0,54.0,55.879999999999995,57.0,58.0,58.0,60.0,60.0,61.0,62.0,62.0,63.0,63.28,64.52000000000001,65.0,66.0,66.0,67.0,68.0,68.0,69.0,69.44,70.0,70.0,71.0,71.39999999999998,73.0,74.0,74.0,75.0,75.0,76.0,77.0,77.0,78.0,78.0,79.0,79.0,80.0,81.0,81.0,82.0,82.0,83.0,83.96000000000004,84.20000000000005,85.0,86.0,86.0,87.0,88.0,89.0,89.0,89.12,90.0,91.0,91.0,92.0,92.0,92.0,93.0,93.03999999999996,94.0,95.0,96.0,97.0,98.0,98.0,99.0,99.0,100.0,100.44000000000005,101.0,102.0,103.0,103.39999999999998,104.0,105.0,106.0,107.0,107.60000000000002,108.0,110.0,111.0,113.0,114.0,116.0,117.27999999999997,120.0,126.51999999999998,141.0,92.0,1000.3450980484486,1000.4941176474094,1000.5803921818733,1000.6392157077789,1000.6980392336845,1000.8039215803146,1000.9647058844566,2000.4627451002598,2000.7098039388657,3001.0,174.99859619140625,182.61680603027344,187.52337646484375,191.2820281982422,194.57501220703125,197.6940155029297,200.94934692382813,204.9174774169922,211.4284210205078,348.3543701171875,233.27069,0.0,test_data/Useful/Validation/rice-at-2-ft/20241108_085836_032.jpg,3536.0,1203.0,57.133170834851725
100,28.0,30.96,35.44,41.0,42.0,44.0,46.0,48.0,52.0,54.400000000000006,55.0,56.0,57.0,58.0,59.0,60.0,61.0,62.0,62.56,63.0,65.0,65.0,66.0,67.0,68.0,68.0,69.0,69.0,70.0,71.0,72.0,72.0,73.0,73.0,74.0,74.0,75.0,76.0,76.0,77.0,78.0,78.0,79.0,79.0,80.0,81.0,81.0,82.0,82.0,83.0,84.0,84.0,85.0,86.0,86.0,87.0,87.0,88.0,88.15999999999997,89.0,89.0,90.0,91.0,91.0,91.60000000000002,92.0,93.0,93.0,94.0,94.0,95.0,95.0,95.51999999999998,97.0,97.0,98.0,99.0,99.0,99.96000000000004,101.0,101.44000000000005,102.0,103.0,103.15999999999997,104.0,105.0,106.0,106.0,107.0,108.0,108.84000000000003,110.0,111.32000000000005,113.0,115.79999999999995,117.03999999999996,119.0,121.51999999999998,127.51999999999998,136.0,91.0,1000.3450980484486,1000.4941176474094,1000.5764706134796,1000.6392157077789,1000.6980392336845,1000.7960784435272,1000.9568627476692,2000.4549019634724,2000.7098039388657,3001.0,174.95392456054688,182.49197387695312,187.33562316894532,191.12786865234375,194.42884826660156,197.61796875,200.9230941772461,204.8658447265625,211.5309295654297,348.3294677734375,233.61075,0.0,test_data/Useful/Validation/rice-at-2-ft/20241108_085836_033.jpg,3407.0,1189.0,59.376858524285645
101,30.0,33.480000000000004,37.0,39.96,45.2,47.879999999999995,50.0,51.0,53.0,54.0,55.0,56.0,57.0,58.0,59.0,60.0,61.0,61.0,62.0,63.0,64.0,64.0,65.0,66.0,67.0,67.0,68.0,69.0,69.0,70.0,70.44,71.68,72.0,73.0,73.39999999999998,75.0,75.88,76.0,77.0,77.60000000000002,78.0,79.0,79.0,80.0,80.0,81.0,82.0,83.0,83.0,84.0,84.0,85.0,85.0,86.0,87.0,87.0,88.0,88.0,89.0,89.0,90.0,91.0,91.0,92.0,92.0,92.0,93.0,94.0,95.0,95.0,95.03999999999996,96.0,97.0,97.0,98.0,99.0,100.0,100.0,101.0,102.0,103.0,104.0,105.0,106.0,106.0,107.0,107.88,108.0,109.0,110.0,111.0,112.08000000000004,115.0,115.0,117.79999999999995,120.0,121.0,122.51999999999998,127.79999999999995,139.0,92.0,1000.3176470696926,1000.4705882370472,1000.5568627715111,1000.6196078658104,1000.678431391716,1000.7764706015587,1000.9411764740944,2000.4039215743542,2000.6862745285034,3001.0,174.87919006347656,182.5143035888672,187.31524963378905,191.0531768798828,194.3722381591797,197.46929931640625,200.76600341796876,204.67086791992188,211.1559295654297,348.3163146972656,234.0518,0.0,test_data/Useful/Validation/rice-at-2-ft/20241108_085836_034.jpg,3476.0,1254.0,58.34178861315675
102,22.240000000000002,31.0,34.0,36.96,42.0,44.0,47.0,49.0,50.0,52.0,53.64,55.0,56.0,56.0,58.0,59.0,61.0,62.0,63.0,64.0,65.0,66.0,66.52000000000001,67.0,68.0,68.0,69.0,70.0,71.0,71.0,71.44,72.0,72.0,73.0,74.0,75.0,75.88,76.0,76.0,77.0,77.83999999999997,78.0,79.0,80.0,81.0,81.0,82.0,82.51999999999998,83.0,84.0,85.0,85.0,85.0,86.0,87.0,87.44000000000005,88.0,88.91999999999996,89.0,90.0,90.0,91.0,91.12,92.0,92.0,93.0,93.0,94.0,94.0,95.0,95.03999999999996,96.0,97.0,98.0,99.0,100.0,100.0,101.0,101.96000000000004,102.0,104.0,104.0,104.91999999999996,105.0,105.0,106.0,107.0,107.0,109.0,109.60000000000002,111.0,112.0,113.0,116.55999999999995,118.0,121.0,123.0,126.51999999999998,130.76,136.0,85.0,1000.3058823645115,1000.4588235318661,1000.54509806633,1000.6078431606293,1000.6745098233223,1000.7843137383461,1000.9294117689133,2000.3843137323856,2000.6588235497475,3001.0,174.57162475585938,182.2747344970703,187.09333038330078,190.90698852539063,194.21697235107422,197.44139099121094,200.71322631835938,204.679443359375,211.18356323242188,348.2534484863281,233.6981,0.0,test_data/Useful/Validation/rice-at-2-ft/20241108_085836_035.jpg,3350.0,1186.0,60.881771004310885
103,27.0,34.480000000000004,37.0,39.0,41.2,44.44,46.68000000000001,48.0,50.0,52.400000000000006,54.0,55.0,57.0,59.0,60.0,61.0,62.0,63.31999999999999,65.0,65.80000000000001,67.0,68.0,69.0,69.0,70.0,70.0,71.0,71.0,73.0,74.0,74.0,75.0,76.0,76.0,76.0,77.0,77.0,78.0,78.0,78.60000000000002,79.0,79.0,80.0,80.0,81.0,81.0,82.0,82.0,83.0,84.0,84.0,85.0,85.0,86.0,87.0,87.0,88.0,89.0,89.15999999999997,90.0,90.0,91.0,92.0,92.0,93.0,94.0,94.0,95.0,95.0,95.79999999999995,97.0,97.0,98.0,98.0,99.0,99.0,100.0,101.0,102.0,102.20000000000005,103.0,104.0,104.0,105.0,105.0,106.0,107.0,108.12,109.0,110.60000000000002,111.0,112.08000000000004,113.32000000000005,115.55999999999995,116.79999999999995,118.0,120.27999999999997,122.0,128.76,140.0,79.0,1000.3137255012989,1000.4627451002598,1000.54509806633,1000.6078431606293,1000.6705882549286,1000.7803921699524,1000.9215686321259,2000.3607843220234,2000.65098041296,3001.0,174.54629516601562,182.2822265625,187.11609649658203,190.91188354492186,194.2371826171875,197.40869140625,200.734130859375,204.65716552734375,211.34506225585938,348.192138671875,233.66098,0.0,test_data/Useful/Validation/rice-at-2-ft/20241108_085836_036.jpg,3291.0,1215.0,54.08304869063895
104,19.240000000000002,29.0,33.72,39.96,42.0,44.44,45.68000000000001,48.0,50.0,52.0,53.64,54.879999999999995,56.0,57.0,58.0,59.0,60.0,61.0,62.0,63.0,64.0,65.0,65.0,66.0,67.0,67.0,68.0,69.0,69.95999999999998,70.0,70.0,71.0,72.0,73.0,73.0,74.0,75.0,75.0,76.0,77.0,77.0,78.0,78.32,79.0,79.0,81.0,81.0,81.51999999999998,82.0,83.0,84.0,84.0,84.72000000000003,85.0,86.0,86.0,87.0,87.0,88.0,88.0,89.0,90.0,90.0,91.0,91.0,92.0,92.0,93.0,93.0,94.0,94.0,95.0,95.0,97.0,97.0,98.0,98.0,99.0,99.96000000000004,100.0,101.0,102.0,102.0,103.0,103.39999999999998,104.0,105.0,106.0,107.0,107.60000000000002,108.0,110.0,111.0,112.0,114.79999999999995,117.0,119.0,121.0,124.0,137.0,70.0,1000.3176470696926,1000.4666666686535,1000.5529412031174,1000.6156862974167,1000.678431391716,1000.7921568751335,1000.9176470637321,2000.364705890417,2000.6549019813538,3001.0,174.90408630371093,182.58117980957033,187.37576141357422,191.20013427734375,194.54571533203125,197.67776489257812,201.01805114746094,205.05929565429688,211.74038696289062,348.068115234375,235.2844,0.0,test_data/Useful/Validation/rice-at-2-ft/20241108_085836_043.jpg,3336.0,1212.0,63.2308802992089
0,0.0,0.0,0.0,0.0,0.0,0.0,0.0,0.0,0.0,0.0,0.0,0.0,0.0,0.0,0.0,0.0,0.0,0.0,0.0,0.0,0.0,0.0,0.0,0.0,1.0,1.0,2.0,2.7200000000000273,4.0,6.0,7.0,8.0,8.920000000000016,9.0,10.0,12.0,12.0,13.0,15.0,15.0,15.0,16.0,16.0,17.0,17.0,18.0,18.0,19.0,20.0,20.0,21.0,22.0,23.0,23.0,25.0,25.0,26.0,26.91999999999996,27.0,28.0,29.0,30.0,31.0,32.0,33.0,34.0,35.0,36.0,36.0,37.0,38.0,39.27999999999997,40.0,41.0,41.0,42.0,45.0,45.0,47.0,48.200000000000045,50.0,51.67999999999995,53.91999999999996,55.15999999999997,56.39999999999998,59.0,60.0,62.0,63.0,65.0,66.0,72.0,74.0,77.0,78.0,85.0,86.55999999999995,92.55999999999995,110.79999999999995,149.0,0.0,1000.6431372761726,1000.6901960968971,1000.7215686440468,1000.7490196228027,1000.7686274647713,1000.7921568751335,1000.811764717102,1000.839215695858,1000.8705882430077,3001.0,172.32080841064453,180.06002807617188,184.89244079589844,188.6398468017578,191.83489227294922,194.87223205566406,197.9515411376953,201.43584289550782,206.21070861816406,350.25048828125,239.1169,3.0,test_data/Useful/Validation/sharp sand at 1ft/20241020_165659_051.jpg,3110.0,619.0,27.019106040214645
1,0.0,0.0,0.0,0.0,0.0,0.0,0.0,0.0,0.0,0.0,0.0,0.0,0.0,0.0,0.0,0.0,0.0,0.0,0.0,0.0,0.0,0.0,0.0,0.0,0.0,1.0,3.0,3.0,4.0,5.0,5.0,6.0,6.0,8.0,9.0,9.0,10.0,10.120000000000005,11.0,12.0,13.0,14.0,14.319999999999993,15.0,16.0,16.04000000000002,17.0,17.0,18.0,18.0,19.0,20.0,20.0,21.0,21.0,22.0,23.0,23.0,24.0,24.0,25.0,27.0,28.120000000000005,29.0,30.0,30.0,32.0,32.0,32.0,33.0,35.0,36.0,36.0,38.0,38.0,39.0,41.0,43.0,44.0,45.0,46.0,48.0,49.91999999999996,52.15999999999997,54.39999999999998,58.0,60.0,61.120000000000005,62.0,64.0,64.84000000000003,68.0,70.2800000000002,73.55999999999995,75.0,81.0,90.27999999999997,95.51999999999998,102.51999999999998,135.0,0.0,1000.6431372761726,1000.6901960968971,1000.7215686440468,1000.7490196228027,1000.7686274647713,1000.7921568751335,1000.811764717102,1000.839215695858,1000.8705882430077,3001.0,172.58106994628906,180.1994873046875,184.97653198242188,188.70018310546874,191.88837432861328,194.8920440673828,197.89889068603514,201.28382873535156,206.07754516601562,350.23797607421875,238.43462,3.0,test_data/Useful/Validation/sharp sand at 1ft/20241020_165659_052.jpg,3037.0,575.0,26.80979758355843
2,0.0,0.0,0.0,0.0,0.0,0.0,0.0,0.0,0.0,0.0,0.0,0.0,0.0,0.0,0.0,0.0,0.0,0.0,0.0,0.0,0.0,0.0,0.0,0.0,0.0,0.2400000000000091,1.0,2.0,3.0,3.1999999999999886,5.0,5.0,6.920000000000016,7.0,8.0,9.0,10.0,11.0,12.0,12.0,13.0,13.0,14.0,14.0,15.0,15.0,15.279999999999973,16.0,17.0,17.0,18.0,18.0,18.720000000000027,19.0,20.0,21.0,21.67999999999995,23.0,23.0,24.0,24.0,24.879999999999995,25.0,26.0,27.0,28.0,28.0,29.0,30.0,31.0,32.0,33.0,33.51999999999998,34.0,35.0,35.24000000000001,37.0,38.0,39.0,40.0,42.0,42.67999999999995,44.0,46.0,48.0,48.0,49.0,52.0,54.360000000000014,58.0,62.0,65.0,67.0,70.55999999999995,73.0,78.0,80.0,96.27999999999975,117.55999999999995,135.0,0.0,1000.6431372761726,1000.6941176652908,1000.7254902124405,1000.7490196228027,1000.7686274647713,1000.7921568751335,1000.811764717102,1000.8352941274643,1000.866666674614,3001.0,171.98388671875,179.64537048339844,184.44427490234375,188.0948486328125,191.30978393554688,194.29684448242188,197.34779357910156,200.7325439453125,205.44952392578125,350.3172302246094,239.52942,3.0,test_data/Useful/Validation/sharp sand at 1ft/20241020_165659_054.jpg,2946.0,560.0,28.085772252705134
3,0.0,0.0,0.0,0.0,0.0,0.0,0.0,0.0,0.0,0.0,0.0,0.0,0.0,0.0,0.0,0.0,0.0,0.0,0.0,0.0,0.0,0.0,0.0,0.0,0.0,0.0,0.0,0.0,0.0,0.0,1.0,2.0,3.0,3.160000000000025,5.0,5.0,6.0,7.0,8.0,8.0,9.0,10.0,10.319999999999993,11.0,12.0,12.04000000000002,14.0,15.0,15.0,16.0,16.0,17.0,17.0,17.0,17.0,18.0,19.0,19.0,20.0,20.0,20.0,21.0,21.120000000000005,22.360000000000014,23.0,24.0,24.0,25.0,25.559999999999945,27.0,28.0,29.279999999999973,30.0,31.0,32.0,32.0,33.0,35.0,37.0,38.0,40.0,41.0,42.0,43.0,44.39999999999998,45.639999999999986,47.879999999999995,50.0,51.0,52.60000000000002,55.0,58.0,60.32000000000005,63.0,66.79999999999995,70.03999999999996,77.27999999999997,85.0,98.75999999999999,123.0,0.0,1000.6392157077789,1000.6901960968971,1000.7215686440468,1000.7490196228027,1000.772549033165,1000.7921568751335,1000.8156862854958,1000.839215695858,1000.8745098114014,3001.0,171.65911865234375,179.07611083984375,183.82415771484375,187.52120971679688,190.68153381347656,193.63677368164062,196.63301849365234,199.95782165527345,204.48018798828124,350.4559326171875,239.06628,3.0,test_data/Useful/Validation/sharp sand at 1ft/20241020_165659_055.jpg,2943.0,521.0,33.184766066972905
4,0.0,0.0,0.0,0.0,0.0,0.0,0.0,0.0,0.0,0.0,0.0,0.0,0.0,0.0,0.0,0.0,0.0,0.0,0.0,0.0,0.0,0.0,0.0,0.0,0.0,0.0,0.0,0.0,0.0,0.0,0.0,0.0,0.0,0.0,0.0,0.0,0.0,1.0,1.0,2.0,2.0,3.0,4.0,4.0,5.0,6.0,7.0,7.519999999999982,8.759999999999991,10.0,10.0,12.0,13.0,13.0,14.0,14.0,15.0,15.0,16.0,16.0,17.0,18.0,18.0,18.0,19.0,20.0,20.0,21.0,21.0,22.0,22.0,23.0,23.519999999999982,24.0,25.0,26.0,26.0,28.0,29.0,30.0,31.0,33.0,34.0,34.0,35.0,36.0,36.0,38.0,39.0,40.0,41.0,42.0,44.32000000000005,47.0,50.0,53.039999999999964,56.0,60.0,71.31999999999994,98.0,0.0,1000.5686274766922,1000.6313725709915,1000.6666666865349,1000.6980392336845,1000.7294117808342,1000.7568627595901,1000.7882353067398,1000.8274509906769,1000.8823529481888,3000.984313726425,170.8797622680664,178.32888793945312,183.0902862548828,186.7646942138672,189.9964599609375,193.0181884765625,195.9433135986328,199.1444091796875,203.417724609375,350.4115295410156,232.3757,3.0,test_data/Useful/Validation/sharp sand at 1ft/20241020_165711_059.jpg,3159.0,415.0,29.52778754584024
5,0.0,0.0,0.0,0.0,0.0,0.0,0.0,0.0,0.0,0.0,0.0,0.0,0.0,0.0,0.0,0.0,0.0,0.0,0.0,0.0,0.0,0.0,0.0,0.0,0.0,0.0,0.0,0.0,0.0,0.0,0.0,0.0,0.0,0.0,0.0,0.0,0.0,0.0,0.0,0.0,0.0,1.0,1.0,2.0,2.0,3.0,4.0,4.0,5.0,5.0,7.0,7.0,7.0,8.0,9.0,10.0,10.0,11.0,12.0,13.0,14.0,14.879999999999995,15.0,15.0,16.0,16.0,17.0,17.0,17.0,18.0,19.0,19.0,20.0,20.0,21.0,22.0,22.0,22.720000000000027,23.0,24.0,25.0,25.67999999999995,26.0,28.0,29.0,31.0,32.0,33.0,34.0,35.0,37.0,38.0,39.0,42.559999999999945,44.799999999999955,46.039999999999964,48.27999999999997,52.0,57.27999999999997,86.0,0.0,1000.5764706134796,1000.6352941393852,1000.6705882549286,1000.7019608020782,1000.7294117808342,1000.7568627595901,1000.7882353067398,1000.8235294222832,1000.8745098114014,3000.972549021244,170.64556884765625,178.2132568359375,183.0364227294922,186.7378387451172,189.94298553466797,192.8676788330078,195.743359375,198.96607055664063,203.3108673095703,350.4206848144531,231.07468,3.0,test_data/Useful/Validation/sharp sand at 1ft/20241020_165711_060.jpg,3088.0,354.0,33.2811854360524
6,0.0,0.0,0.0,0.0,0.0,0.0,0.0,0.0,0.0,0.0,0.0,0.0,0.0,0.0,0.0,0.0,0.0,0.0,0.0,0.0,0.0,0.0,0.0,0.0,0.0,0.0,0.0,0.0,0.0,0.0,0.0,0.0,0.0,0.0,0.0,0.0,0.0,0.12000000000000455,1.0,1.0,2.0,2.079999999999984,3.0,4.0,4.0,4.0400000000000205,5.0,6.0,6.0,7.0,7.240000000000009,8.0,8.720000000000027,9.0,10.0,11.0,11.0,12.0,12.0,13.0,13.0,14.0,14.0,15.0,15.0,16.0,17.0,17.0,18.0,18.0,19.0,19.0,20.0,20.0,21.0,22.0,23.0,24.0,25.0,26.0,27.0,28.0,29.0,31.0,33.0,35.0,36.0,37.0,38.0,38.60000000000002,41.0,42.08000000000004,44.0,47.0,48.799999999999955,51.0,55.0,57.0,61.51999999999998,92.0,0.0,1000.5764706134796,1000.6313725709915,1000.6705882549286,1000.7019608020782,1000.7294117808342,1000.7568627595901,1000.7882353067398,1000.8235294222832,1000.8745098114014,3000.956862747669,170.7440948486328,178.3590545654297,183.13751220703125,186.83328247070312,190.0282440185547,192.9542236328125,195.853108215332,199.09473876953126,203.37857513427736,350.412841796875,232.84439,3.0,test_data/Useful/Validation/sharp sand at 1ft/20241020_165711_061.jpg,3105.0,377.0,23.775437944363368
7,0.0,0.0,0.0,0.0,0.0,0.0,0.0,0.0,0.0,0.0,0.0,0.0,0.0,0.0,0.0,0.0,0.0,0.0,0.0,0.0,0.0,0.0,0.0,0.0,0.0,0.0,0.0,0.0,0.0,0.0,0.0,0.0,0.0,0.0,0.0,0.0,0.0,0.0,0.0,1.0,1.0,2.079999999999984,3.0,4.0,5.0,5.0,6.0,7.0,7.759999999999991,8.0,8.0,9.0,9.0,10.0,11.0,11.440000000000055,12.0,13.0,14.0,14.0,15.0,15.0,15.120000000000005,16.0,16.0,17.0,17.0,18.0,19.0,19.0,20.0,21.0,21.0,22.0,22.0,23.24000000000001,24.0,25.0,26.0,27.0,28.0,29.0,30.0,30.159999999999968,31.0,32.0,32.879999999999995,34.0,35.360000000000014,37.0,38.0,40.0,42.6400000000001,45.0,47.0,50.0,52.27999999999997,54.51999999999998,64.51999999999998,77.0,0.0,1000.5764706134796,1000.6352941393852,1000.6705882549286,1000.7019608020782,1000.7254902124405,1000.7568627595901,1000.7843137383461,1000.8196078538895,1000.8705882430077,3000.949019610882,170.62010192871094,178.23678588867188,183.08807373046875,186.8223876953125,189.97845458984375,192.89230346679688,195.80880432128907,199.03986206054688,203.31785583496094,350.408935546875,232.41342,3.0,test_data/Useful/Validation/sharp sand at 1ft/20241020_165711_062.jpg,3067.0,380.0,32.10189902642944
8,0.0,0.0,0.0,0.0,0.0,0.0,0.0,0.0,0.0,0.0,0.0,0.0,0.0,0.0,0.0,0.0,0.0,0.0,0.0,0.0,0.0,0.0,0.0,0.0,0.0,0.0,0.0,0.0,0.0,0.0,0.0,0.0,0.0,0.0,0.0,1.0,1.0,2.0,3.0,3.0,3.839999999999975,4.0,5.0,5.0,6.0,7.0,7.0,8.0,8.0,9.0,9.0,10.0,11.0,11.0,12.0,13.0,13.0,14.0,15.0,15.0,15.0,16.0,17.0,17.0,18.0,18.0,19.0,19.0,19.0,20.0,21.0,21.0,22.0,23.0,23.0,24.0,24.0,25.0,25.0,26.0,27.0,27.0,28.91999999999996,29.0,30.0,32.0,33.0,34.0,35.360000000000014,36.60000000000002,38.0,40.0,41.0,42.0,43.0,48.039999999999964,53.0,55.51999999999998,63.27999999999997,71.0,0.0,1000.5764706134796,1000.6352941393852,1000.6705882549286,1000.6980392336845,1000.7254902124405,1000.7529411911964,1000.7843137383461,1000.8196078538895,1000.8705882430077,3000.9372549057007,170.7678009033203,178.3516357421875,183.11151123046875,186.77528076171876,189.93661499023438,192.8703155517578,195.80816650390625,199.0211639404297,203.30841064453125,350.40045166015625,233.1292,3.0,test_data/Useful/Validation/sharp sand at 1ft/20241020_165711_063.jpg,3017.0,389.0,35.02391589650862
9,0.0,0.0,0.0,0.0,0.0,0.0,0.0,0.0,0.0,0.0,0.0,0.0,0.0,0.0,0.0,0.0,0.0,0.0,0.0,0.0,0.0,0.0,0.0,0.0,0.0,0.0,0.0,0.0,0.0,0.0,0.0,0.0,0.0,0.0,0.0,0.0,0.0,0.0,0.0,0.0,1.0,1.079999999999984,2.0,3.0,4.0,5.0,5.0,6.0,6.0,7.0,7.0,8.0,8.720000000000027,9.0,10.0,11.0,11.67999999999995,12.0,13.0,13.0,14.0,14.0,15.0,15.0,15.600000000000023,16.0,17.0,17.0,18.0,18.0,18.039999999999964,20.0,20.0,20.0,21.0,22.0,23.0,23.720000000000027,24.0,25.0,25.0,26.0,27.0,28.0,29.0,30.0,31.0,32.120000000000005,34.0,36.0,36.84000000000003,38.0,40.0,42.0,43.0,46.039999999999964,49.83999999999992,54.51999999999998,60.0,75.0,0.0,1000.5764706134796,1000.6313725709915,1000.6705882549286,1000.6980392336845,1000.7254902124405,1000.7529411911964,1000.7843137383461,1000.8196078538895,1000.866666674614,3000.9647058844566,170.6753692626953,178.21388244628906,183.0191192626953,186.73704528808594,189.87936401367188,192.81725158691407,195.78625946044923,199.042236328125,203.3523712158203,350.3876953125,233.40671,3.0,test_data/Useful/Validation/sharp sand at 1ft/20241020_165711_064.jpg,3148.0,368.0,28.80799766772635
10,0.0,0.0,0.0,0.0,0.0,0.0,0.0,0.0,0.0,0.0,0.0,0.0,0.0,0.0,0.0,0.0,0.0,0.0,0.0,0.0,0.0,0.0,0.0,0.0,0.0,0.0,0.0,0.0,0.0,0.0,0.0,0.0,0.0,0.0,0.0,0.0,0.0,1.0,1.0,2.0,3.0,3.0,4.0,5.0,5.0,5.0400000000000205,6.0,6.0,7.0,8.0,9.240000000000009,10.0,10.720000000000027,11.0,12.0,12.0,13.0,14.0,15.0,15.0,15.0,16.0,16.0,17.0,17.0,17.840000000000032,18.0,18.32000000000005,19.559999999999945,20.0,21.0,22.0,22.0,22.0,23.0,23.0,24.0,25.0,26.0,27.200000000000045,29.0,30.0,31.0,31.0,32.0,33.0,34.0,36.0,37.0,38.0,40.0,42.0,44.0,44.0,47.0,50.0,54.0,59.559999999999945,68.51999999999998,109.0,0.0,1000.5803921818733,1000.6352941393852,1000.6705882549286,1000.6980392336845,1000.7254902124405,1000.7529411911964,1000.7803921699524,1000.8156862854958,1000.8627451062202,3000.960784316063,170.34540252685548,178.11217041015624,182.9036422729492,186.58482971191407,189.76558685302734,192.73517761230468,195.688720703125,198.9278991699219,203.25387573242188,350.39605712890625,231.98038,3.0,test_data/Useful/Validation/sharp sand at 1ft/20241020_165711_065.jpg,3014.0,397.0,36.971390838259616
11,0.0,0.0,0.0,0.0,0.0,0.0,0.0,0.0,0.0,0.0,0.0,0.0,0.0,0.0,0.0,0.0,0.0,0.0,0.0,0.0,0.0,0.0,0.0,0.0,0.0,0.0,0.0,0.0,0.0,0.0,0.0,0.0,0.0,0.0,0.0,0.0,0.0,0.0,0.0,1.0,1.0,2.0,2.0,3.5600000000000023,4.0,5.0,5.0,6.0,6.0,7.0,7.0,8.0,9.0,10.0,10.0,10.440000000000055,11.67999999999995,12.919999999999959,14.0,15.0,15.0,15.879999999999995,16.0,16.0,16.0,17.0,17.0,18.0,18.0,18.799999999999955,20.0,20.0,21.0,22.0,23.0,24.0,25.0,26.0,27.0,28.0,29.0,29.0,30.0,31.0,32.0,32.0,33.0,35.0,36.0,38.0,39.84000000000003,42.0,44.0,45.0,46.799999999999955,49.039999999999964,54.27999999999997,58.51999999999998,63.0,76.0,0.0,1000.6431372761726,1000.6941176652908,1000.7294117808342,1000.7529411911964,1000.7803921699524,1000.8039215803146,1000.8313725590706,1000.8627451062202,1000.905882358551,3001.0,170.81256103515625,178.3077392578125,183.06260681152344,186.74227905273438,189.93057250976562,192.86198120117186,195.7716842651367,198.99171142578126,203.21595611572266,350.7513732910156,232.6759,3.0,test_data/Useful/Validation/sharp sand at 1ft/20241020_165711_069.jpg,3068.0,387.0,27.000898110373594
12,0.0,0.0,0.0,0.0,0.0,0.0,0.0,0.0,0.0,0.0,0.0,0.0,0.0,0.0,0.0,0.0,0.0,0.0,0.0,0.0,0.0,0.0,0.0,0.0,0.0,0.0,0.0,0.0,0.0,0.0,0.0,0.0,0.0,0.0,0.0,0.0,0.0,0.0,1.0,1.0,2.0,2.0,3.0,4.0,4.0,4.0400000000000205,5.0,6.0,6.0,7.0,7.0,8.0,10.0,10.0,11.0,11.0,12.0,13.0,14.0,14.0,15.0,15.0,16.0,16.0,17.0,17.0,18.0,18.0,19.0,19.0,19.039999999999964,20.0,21.0,21.0,22.0,23.0,23.0,24.0,25.0,26.200000000000045,27.0,28.0,28.0,29.0,30.0,31.0,33.0,34.0,35.0,36.0,37.0,38.0,41.0,43.0,45.0,49.0,51.559999999999945,57.0,64.0,83.0,0.0,1000.6470588445663,1000.6980392336845,1000.7294117808342,1000.7568627595901,1000.7803921699524,1000.8078431487083,1000.8352941274643,1000.866666674614,1000.9098039269447,3001.0,170.73307189941406,178.44749755859374,183.14144897460938,186.81834716796874,189.97439575195312,192.9081573486328,195.85842895507812,199.06561279296875,203.37353515625,350.764892578125,233.15616,3.0,test_data/Useful/Validation/sharp sand at 1ft/20241020_165711_070.jpg,3019.0,380.0,28.322559712223065
13,0.0,0.0,0.0,0.0,0.0,0.0,0.0,0.0,0.0,0.0,0.0,0.0,0.0,0.0,0.0,0.0,0.0,0.0,0.0,0.0,0.0,0.0,0.0,0.0,0.0,0.0,0.0,0.0,0.0,0.0,0.0,0.0,0.0,0.0,0.0,1.0,1.8799999999999955,2.0,3.0,3.0,3.0,4.0,4.0,4.0,5.0,5.0400000000000205,7.0,7.0,7.0,8.0,9.0,9.0,9.0,10.0,11.0,12.0,12.0,13.0,14.0,15.0,15.0,16.0,16.0,16.0,17.0,17.0,17.0,18.0,18.0,19.0,19.0,19.0,20.0,20.0,21.0,22.0,23.0,24.0,24.0,25.0,26.0,27.67999999999995,28.0,29.0,30.0,32.0,32.879999999999995,34.0,35.0,36.0,37.0,37.0,39.0,41.559999999999945,43.0,45.0,46.83999999999992,55.0,63.51999999999998,95.0,0.0,1000.6470588445663,1000.6980392336845,1000.7294117808342,1000.7568627595901,1000.7803921699524,1000.8039215803146,1000.8313725590706,1000.8627451062202,1000.9098039269447,3001.0,170.73240356445314,178.28016357421876,183.1197280883789,186.82936401367186,190.0492706298828,192.9606201171875,195.8911880493164,199.12987060546874,203.4329360961914,350.7605285644531,232.38435,3.0,test_data/Useful/Validation/sharp sand at 1ft/20241020_165711_071.jpg,3019.0,381.0,23.989693735028183
14,0.0,0.0,0.0,0.0,0.0,0.0,0.0,0.0,0.0,0.0,0.0,0.0,0.0,0.0,0.0,0.0,0.0,0.0,0.0,0.0,0.0,0.0,0.0,0.0,0.0,0.0,0.0,0.0,0.0,0.0,0.0,0.0,0.0,0.0,0.0,1.0,1.0,2.0,2.0,3.0,3.0,4.0,4.0,5.0,5.0,6.0,6.0,7.0,7.0,8.0,9.0,9.0,10.0,11.0,12.0,12.0,13.0,14.0,14.0,15.0,15.0,15.0,16.0,16.0,16.0,16.0,17.0,18.0,18.0,19.0,20.0,20.0,21.0,21.0,22.0,23.0,24.0,25.0,26.0,26.200000000000045,27.0,28.0,28.0,29.0,30.0,31.0,32.0,34.0,35.0,38.0,40.84000000000003,42.08000000000004,45.0,45.0,49.0,52.0,55.0,62.0,68.75999999999999,81.0,0.0,1000.6431372761726,1000.6941176652908,1000.7294117808342,1000.7529411911964,1000.7803921699524,1000.8039215803146,1000.8313725590706,1000.8627451062202,1000.9098039269447,3001.0,170.76811828613282,178.3993682861328,183.155029296875,186.76658630371094,189.94924926757812,192.89528198242186,195.80862426757812,199.0582275390625,203.42332458496094,350.75994873046875,232.6219,3.0,test_data/Useful/Validation/sharp sand at 1ft/20241020_165711_072.jpg,3001.0,385.0,28.901822648614562
15,0.0,0.0,0.0,0.0,0.0,0.0,0.0,0.0,0.0,0.0,0.0,0.0,0.0,0.0,0.0,0.0,0.0,0.0,0.0,0.0,0.0,0.0,0.0,0.0,0.0,0.0,0.0,0.0,0.0,0.0,0.0,0.0,0.0,0.0,0.0,0.0,0.0,1.0,2.0,3.0,3.0,3.079999999999984,4.0,5.0,5.0,6.0,6.0,6.519999999999982,7.0,8.0,9.0,9.0,9.720000000000027,11.0,11.200000000000045,13.0,13.0,14.0,14.0,15.0,15.0,15.0,16.0,16.0,16.600000000000023,17.0,18.0,18.0,19.0,19.799999999999955,20.0,21.0,22.0,22.0,23.0,24.0,25.0,25.0,26.0,27.0,28.0,28.0,29.0,29.0,31.0,32.0,33.0,34.0,36.0,36.60000000000002,38.84000000000003,40.08000000000004,41.32000000000005,44.0,47.0,50.039999999999964,52.0,57.039999999999964,64.0,88.0,0.0,1000.6470588445663,1000.6941176652908,1000.7294117808342,1000.7568627595901,1000.7803921699524,1000.8039215803146,1000.8313725590706,1000.8627451062202,1000.905882358551,3001.0,170.87391510009766,178.4246795654297,183.25975799560547,186.93792724609375,190.0755615234375,192.97075500488282,195.90003051757813,199.14014282226563,203.41749572753906,350.74774169921875,234.02042,3.0,test_data/Useful/Validation/sharp sand at 1ft/20241020_165711_073.jpg,3046.0,383.0,26.2311194255527
16,0.0,0.0,0.0,0.0,0.0,0.0,0.0,0.0,0.0,0.0,0.0,0.0,0.0,0.0,0.0,0.0,0.0,0.0,0.0,0.0,0.0,0.0,0.0,0.0,0.0,0.0,0.0,0.0,0.0,0.0,0.0,0.0,0.0,0.0,1.0,1.0,1.0,2.0,3.0,3.0,4.0,4.0,4.0,5.0,5.0,6.0,7.0,7.519999999999982,8.0,9.0,10.0,10.0,11.0,12.0,13.0,13.0,14.0,15.0,15.0,15.0,15.0,16.0,16.0,17.0,18.0,18.0,19.0,20.0,20.0,21.0,22.0,22.279999999999973,23.0,23.0,24.0,24.24000000000001,25.0,26.0,26.0,27.0,28.0,29.0,31.0,31.0,32.0,32.639999999999986,33.0,34.0,35.0,36.0,37.0,40.0,42.0,44.0,45.0,49.0,52.27999999999997,57.0,63.75999999999999,96.0,0.0,1000.6392157077789,1000.6901960968971,1000.7254902124405,1000.7529411911964,1000.7764706015587,1000.8039215803146,1000.8313725590706,1000.8627451062202,1000.9098039269447,3001.0,170.96129455566407,178.436328125,183.15252685546875,186.80923461914062,189.93267059326172,192.87756958007813,195.84084930419922,199.05927734375,203.36798095703125,350.7518310546875,232.6137,3.0,test_data/Useful/Validation/sharp sand at 1ft/20241020_165711_074.jpg,2990.0,399.0,36.12275835900074
17,0.0,0.0,0.0,0.0,0.0,0.0,0.0,0.0,0.0,0.0,0.0,0.0,0.0,0.0,0.0,0.0,0.0,0.0,0.0,0.0,0.0,0.0,0.0,0.0,0.0,0.0,0.0,0.0,0.0,0.0,0.0,0.0,0.0,0.0,0.0,0.0,1.0,1.0,2.0,2.0,3.0,3.0,4.0,5.0,5.0,6.0,6.0,7.0,8.0,8.0,9.0,10.0,10.0,11.0,12.0,12.0,13.0,13.0,14.0,15.0,15.0,15.0,16.0,16.0,16.0,16.0,17.0,17.0,18.0,18.799999999999955,19.0,20.0,20.519999999999982,21.0,22.0,22.0,23.0,24.0,24.0,26.0,26.0,27.0,29.0,29.0,31.0,32.0,33.0,35.0,37.0,38.0,39.0,41.0,43.0,45.0,46.0,49.0,51.559999999999945,58.51999999999998,64.75999999999999,81.0,0.0,1000.6392157077789,1000.6901960968971,1000.7254902124405,1000.7529411911964,1000.7764706015587,1000.8039215803146,1000.8313725590706,1000.8627451062202,1000.9098039269447,3001.0,170.83325958251953,178.30398559570312,183.04045867919922,186.75576477050782,189.9375228881836,192.879443359375,195.81692199707032,199.0504608154297,203.35172424316409,350.7539367675781,233.87042,3.0,test_data/Useful/Validation/sharp sand at 1ft/20241020_165711_075.jpg,3029.0,394.0,31.785866858836116
18,0.0,0.0,0.0,0.0,0.0,0.0,0.0,0.0,0.0,0.0,0.0,0.0,0.0,0.0,0.0,0.0,0.0,0.0,0.0,0.0,0.0,0.0,0.0,0.0,0.0,0.0,0.0,0.0,0.0,0.0,0.0,0.0,0.0,0.0,0.0,0.0,0.0,1.0,1.0,1.0,2.0,2.079999999999984,3.0,3.0,4.0,5.0,5.0,6.0,7.0,7.0,8.0,9.0,9.0,10.0,11.0,12.0,12.0,13.0,14.0,14.0,15.0,15.0,16.0,16.0,17.0,17.0,18.0,18.0,19.0,19.0,20.0,20.279999999999973,21.519999999999982,22.0,23.0,23.0,24.0,24.0,25.0,26.0,27.0,28.0,29.0,29.0,31.0,32.0,32.879999999999995,34.0,35.0,36.0,37.84000000000003,39.0,41.32000000000005,44.0,46.0,50.039999999999964,53.0,56.0,67.75999999999999,108.0,0.0,1000.6352941393852,1000.6901960968971,1000.7215686440468,1000.7490196228027,1000.7764706015587,1000.8000000119209,1000.8274509906769,1000.8627451062202,1000.9098039269447,3001.0,170.80023193359375,178.51072998046874,183.21245422363282,186.86650695800782,190.03379821777344,192.9774597167969,195.89427185058594,199.0916290283203,203.45663452148438,350.7335205078125,231.65634,3.0,test_data/Useful/Validation/sharp sand at 1ft/20241020_165711_079.jpg,3014.0,386.0,34.676378770700246
19,0.0,0.0,0.0,0.0,0.0,0.0,0.0,0.0,0.0,0.0,0.0,0.0,0.0,0.0,0.0,0.0,0.0,0.0,0.0,0.0,0.0,0.0,0.0,0.0,0.0,0.0,0.0,0.0,0.0,0.0,0.0,0.0,0.0,0.0,0.0,0.0,1.0,2.0,2.0,3.0,3.0,3.0,4.0,4.0,4.0,5.0,5.279999999999973,6.0,7.0,7.0,8.0,8.0,9.0,9.0,10.0,11.0,12.0,12.0,13.0,13.0,14.0,14.0,15.0,15.0,15.0,16.0,16.0,16.0,17.0,17.0,18.0,19.0,19.0,19.75999999999999,20.0,21.0,21.480000000000018,22.0,23.960000000000036,25.0,26.0,27.67999999999995,28.0,29.0,30.0,31.0,31.879999999999995,33.0,34.360000000000014,35.0,37.0,38.0,40.0,42.0,45.0,47.039999999999964,49.0,53.0,67.87999999999988,90.0,0.0,1000.65098041296,1000.6980392336845,1000.7294117808342,1000.7529411911964,1000.7764706015587,1000.8000000119209,1000.8235294222832,1000.8549019694328,1000.8980392217636,3000.988235294819,170.7429412841797,178.265087890625,182.99901428222657,186.64369201660156,189.83123779296875,192.75205993652344,195.6936492919922,198.99057006835938,203.31430053710938,350.739501953125,232.12236,3.0,test_data/Useful/Validation/sharp sand at 1ft/20241020_165711_080.jpg,2809.0,365.0,35.53729076420935
20,0.0,0.0,0.0,0.0,0.0,0.0,0.0,0.0,0.0,0.0,0.0,0.0,0.0,0.0,0.0,0.0,0.0,0.0,0.0,0.0,0.0,0.0,0.0,0.0,0.0,0.0,0.0,0.0,0.0,0.0,0.0,0.0,0.0,0.0,0.0,0.0,0.0,1.0,2.0,2.0,3.0,3.0,3.319999999999993,4.0,4.0,5.0,6.0,6.0,7.0,7.0,8.240000000000009,9.0,10.0,10.0,11.0,11.0,12.0,12.0,13.0,14.0,14.0,15.0,15.0,15.0,16.0,17.0,17.0,17.0,18.0,18.0,19.0,19.0,20.0,21.0,22.0,23.0,23.0,24.0,25.0,26.0,27.0,27.67999999999995,28.0,29.0,29.0,30.0,32.879999999999995,34.0,36.0,36.60000000000002,38.84000000000003,41.0,42.0,45.0,46.0,50.039999999999964,53.0,57.0,68.51999999999998,95.0,0.0,1000.6392157077789,1000.6901960968971,1000.7254902124405,1000.7490196228027,1000.7764706015587,1000.8000000119209,1000.8274509906769,1000.8588235378265,1000.905882358551,3001.0,170.96434020996094,178.47901916503906,183.22327880859376,186.84341430664062,189.93605041503906,192.8545379638672,195.8050537109375,199.05043029785156,203.35726928710938,350.7264404296875,230.08258,3.0,test_data/Useful/Validation/sharp sand at 1ft/20241020_165711_081.jpg,2963.0,370.0,26.672684727845237
21,0.0,0.0,0.0,0.0,0.0,0.0,0.0,0.0,0.0,0.0,0.0,0.0,0.0,0.0,0.0,0.0,0.0,0.0,0.0,0.0,0.0,0.0,0.0,0.0,0.0,0.0,0.0,0.0,0.0,0.0,0.0,0.0,0.0,1.0,1.0,2.0,2.0,3.0,3.0,4.0,4.0,5.0,6.0,7.0,7.0,8.0,9.0,9.0,10.0,10.0,10.0,10.0,11.0,11.960000000000036,12.0,13.0,13.0,14.0,14.0,15.0,15.0,15.0,16.0,17.0,17.0,17.0,18.0,18.0,18.0,19.0,20.0,20.279999999999973,21.0,21.0,22.0,22.0,23.0,23.0,24.0,25.0,25.0,26.0,27.0,28.0,29.0,29.0,31.0,33.0,35.0,36.0,38.0,40.0,42.0,44.0,45.0,47.0,49.27999999999997,55.0,61.75999999999999,80.0,0.0,1000.6470588445663,1000.6941176652908,1000.7254902124405,1000.7529411911964,1000.7764706015587,1000.8000000119209,1000.8235294222832,1000.8549019694328,1000.9019607901573,3001.0,170.77855072021484,178.20554809570314,182.92568969726562,186.61831665039062,189.79307556152344,192.79303588867188,195.73344879150392,198.96319885253908,203.2945526123047,350.7289123535156,231.08276,3.0,test_data/Useful/Validation/sharp sand at 1ft/20241020_165711_082.jpg,2845.0,391.0,25.394245171095914
22,0.0,0.0,0.0,0.0,0.0,0.0,0.0,0.0,0.0,0.0,0.0,0.0,0.0,0.0,0.0,0.0,0.0,0.0,0.0,0.0,0.0,0.0,0.0,0.0,0.0,0.0,0.0,0.0,0.0,0.0,0.0,0.0,0.0,0.0,0.0,0.0,1.0,1.0,2.3600000000000136,3.0,3.0,4.0,4.0,5.0,6.0,6.0,7.0,7.0,8.0,8.0,9.0,9.0,10.0,10.0,11.0,12.0,13.0,13.0,14.0,14.0,15.0,15.0,15.0,15.360000000000014,16.0,17.0,17.0,18.0,18.559999999999945,19.0,19.0,20.0,20.519999999999982,21.0,22.0,24.0,25.480000000000018,26.0,27.0,29.0,30.0,31.0,32.0,33.0,33.39999999999998,34.639999999999986,36.0,37.0,38.0,39.60000000000002,40.84000000000003,42.08000000000004,45.0,47.0,50.799999999999955,55.0,56.559999999999945,61.51999999999998,70.27999999999997,90.0,0.0,1000.6431372761726,1000.6941176652908,1000.7254902124405,1000.7490196228027,1000.7764706015587,1000.8000000119209,1000.8235294222832,1000.8549019694328,1000.9019607901573,3000.9960784316063,170.64432830810546,178.21018981933594,182.9116958618164,186.6185546875,189.78378295898438,192.77239990234375,195.69076538085938,198.8813018798828,203.2312774658203,350.7189636230469,231.31439,3.0,test_data/Useful/Validation/sharp sand at 1ft/20241020_165711_083.jpg,2860.0,399.0,34.973729574958256
23,0.0,0.0,0.0,0.0,0.0,0.0,0.0,0.0,0.0,0.0,0.0,0.0,0.0,0.0,0.0,0.0,0.0,0.0,0.0,0.0,0.0,0.0,0.0,0.0,0.0,0.0,0.0,0.0,0.0,0.0,0.0,0.0,0.0,0.0,0.0,0.0,0.0,0.0,0.0,0.0,1.0,2.0,3.0,3.5600000000000023,4.0,5.0,5.0,5.519999999999982,6.0,6.0,7.0,8.0,8.0,9.0,9.0,10.0,10.0,12.0,12.0,14.0,15.0,15.0,15.0,15.0,16.0,16.0,17.0,18.0,18.0,19.0,19.0,20.0,21.0,22.0,22.0,23.0,23.0,24.0,24.0,25.0,26.0,27.0,28.0,29.0,30.0,31.0,33.0,34.0,35.0,36.0,37.84000000000003,39.08000000000004,41.0,43.0,46.799999999999955,51.039999999999964,53.27999999999997,62.07999999999993,68.51999999999998,95.0,0.0,1000.6470588445663,1000.6941176652908,1000.7254902124405,1000.7529411911964,1000.7764706015587,1000.8000000119209,1000.8235294222832,1000.8549019694328,1000.8980392217636,3000.9960784316063,170.91500701904297,178.337744140625,183.0418212890625,186.70999145507812,189.84408569335938,192.7823516845703,195.7276611328125,198.9378204345703,203.28793334960938,350.71954345703125,231.61787,3.0,test_data/Useful/Validation/sharp sand at 1ft/20241020_165711_084.jpg,2845.0,358.0,27.27191937837743
24,0.0,0.0,0.0,0.0,0.0,0.0,0.0,0.0,0.0,0.0,0.0,0.0,0.0,0.0,0.0,0.0,0.0,0.0,0.0,0.0,0.0,0.0,0.0,0.0,0.0,0.0,0.0,0.0,0.0,0.0,0.0,0.0,0.0,0.0,0.0,0.0,0.0,1.0,2.0,3.0,3.0,3.0,4.0,5.0,5.0,6.0,6.0,7.519999999999982,8.0,9.0,10.0,11.0,11.0,12.0,12.0,14.0,14.67999999999995,15.0,15.0,16.0,16.0,16.0,17.0,17.0,17.0,18.0,19.0,20.0,20.0,21.0,21.039999999999964,22.0,23.0,23.0,24.0,24.0,25.0,25.0,26.960000000000036,28.0,29.0,30.0,30.91999999999996,32.15999999999997,34.39999999999998,36.0,36.0,37.0,39.0,40.0,40.0,42.0,44.0,45.0,49.59999999999991,53.0,57.0,62.0,69.51999999999998,94.0,0.0,1000.6431372761726,1000.6941176652908,1000.7254902124405,1000.7529411911964,1000.7764706015587,1000.8000000119209,1000.8235294222832,1000.8549019694328,1000.9019607901573,3001.0,170.39776611328125,178.04825744628906,182.7921142578125,186.49063110351562,189.67750549316406,192.60557556152344,195.5330810546875,198.79844665527344,203.14825439453125,350.72222900390625,232.52473,3.0,test_data/Useful/Validation/sharp sand at 1ft/20241020_165711_085.jpg,2879.0,401.0,31.141636620393484
25,0.0,0.0,0.0,0.0,0.0,0.0,0.0,0.0,0.0,0.0,1.0,1.0,2.1200000000000045,3.0,4.0,4.840000000000003,5.0,6.0,7.560000000000002,8.0,9.039999999999992,10.280000000000001,12.0,12.759999999999991,13.0,14.0,14.0,15.0,15.95999999999998,16.0,16.0,17.0,17.0,18.0,18.0,19.0,19.0,21.0,22.0,23.0,23.839999999999975,25.0,25.0,26.0,26.80000000000001,27.0,28.0,28.0,29.0,30.0,30.0,30.0,31.0,32.0,32.0,33.0,34.0,34.0,35.0,36.0,37.639999999999986,38.0,39.0,40.0,40.0,41.0,42.0,42.0,43.0,43.0,44.039999999999964,46.0,46.0,47.0,48.0,49.0,49.48000000000002,50.0,51.960000000000036,53.0,54.0,55.0,56.0,57.0,58.0,59.0,62.0,63.120000000000005,65.0,68.0,69.0,70.0,72.32000000000005,75.0,78.0,80.0,82.0,87.03999999999996,99.75999999999999,113.0,0.0,1000.5137255191803,1000.5960784554482,1000.6588235497475,1000.7098039388657,1000.7568627595901,1000.8039215803146,1000.8549019694328,1000.9098039269447,1000.972549021244,2001.0,171.1162353515625,178.70301818847656,183.45150756835938,187.12281799316406,190.3482894897461,193.3632019042969,196.40021514892578,199.7592315673828,204.35739135742188,350.2724609375,224.83763,3.0,test_data/Useful/Validation/sharp sand at 1ft/20241020_165856(0).jpg,3804.0,754.0,28.60124643305993
26,0.0,0.0,0.0,0.0,0.0,0.0,0.0,0.0,0.0,0.0,0.0,0.0,0.0,0.0,0.0,1.0,1.0800000000000125,2.0,3.0,4.800000000000011,6.0,7.0,8.0,8.0,10.0,10.0,11.0,12.0,12.0,13.0,14.0,15.0,15.0,15.160000000000025,16.0,16.639999999999986,17.0,18.0,19.0,19.0,20.0,21.0,22.0,24.0,25.0,26.0,26.0,27.0,28.0,29.0,29.0,30.0,31.0,32.0,33.0,34.0,34.0,35.0,36.0,37.0,38.0,38.879999999999995,39.0,40.0,41.0,41.0,42.08000000000004,43.32000000000005,45.0,45.0,46.0,46.27999999999997,47.0,48.0,49.0,50.0,51.48000000000002,53.0,53.0,54.200000000000045,56.0,58.0,59.0,60.15999999999997,61.39999999999998,64.0,65.88,67.12,69.0,71.0,72.0,73.0,75.0,77.0,80.0,84.0,86.0,91.51999999999998,98.03999999999996,108.0,0.0,1000.5764706134796,1000.65098041296,1000.705882370472,1000.7529411911964,1000.7960784435272,1000.839215695858,1000.8862745165825,1000.9372549057007,1000.9921568632126,2001.0,170.9584167480469,178.6292724609375,183.43366394042968,187.18323974609376,190.41854858398438,193.37554626464845,196.37937927246094,199.74572143554687,204.3275146484375,350.55810546875,230.34302,3.0,test_data/Useful/Validation/sharp sand at 1ft/20241020_165856.jpg,3899.0,775.0,30.315243954683112
27,0.0,0.0,0.0,0.0,0.0,0.0,0.0,0.0,0.0,0.0,0.0,0.0,0.0,0.0,0.0,2.0,2.0,3.0,4.0,5.0,6.039999999999992,8.0,9.0,10.0,11.0,11.0,13.0,13.720000000000027,14.0,15.0,16.0,16.0,16.0,17.0,17.0,18.0,19.0,20.0,20.360000000000014,21.0,22.0,22.0,23.0,24.0,25.0,25.0,26.0,27.0,27.0,28.0,28.0,29.0,30.0,30.960000000000036,32.0,33.0,34.0,34.91999999999996,36.0,37.0,37.0,38.0,38.120000000000005,39.0,40.0,40.0,41.0,42.0,43.0,44.0,44.039999999999964,46.0,47.0,49.0,51.0,52.0,53.0,54.0,55.0,55.200000000000045,57.440000000000055,59.0,61.0,61.0,62.0,63.639999999999986,64.88,66.0,68.0,69.60000000000002,72.0,76.08000000000004,78.0,81.0,84.59999999999991,88.03999999999996,92.0,94.0,104.0,134.0,0.0,1000.5725490450859,1000.6431372761726,1000.6901960968971,1000.7254902124405,1000.7568627595901,1000.7921568751335,1000.8313725590706,1000.8745098114014,1000.9294117689133,2001.0,170.2678192138672,177.87542724609375,182.74412841796874,186.48031921386718,189.68387603759766,192.6666748046875,195.7260009765625,199.09158020019532,203.76224517822266,350.3521423339844,232.3023,3.0,test_data/Useful/Validation/sharp sand at 1ft/20241020_165857.jpg,3483.0,722.0,28.716687256462762
28,0.0,0.0,0.0,0.0,0.0,0.4399999999999977,2.0,2.9200000000000017,4.0,5.0,6.0,7.8799999999999955,9.0,10.0,10.0,11.0,13.0,14.0,15.0,16.0,16.0,17.0,17.0,19.0,20.0,20.0,21.0,21.720000000000027,22.0,23.0,23.0,24.0,25.0,25.0,26.0,26.0,27.0,28.120000000000005,30.0,30.0,31.0,31.0,31.319999999999993,32.0,32.0,33.0,34.0,34.0,35.0,36.0,36.0,37.0,37.0,38.0,39.0,39.440000000000055,40.0,41.0,41.0,42.0,42.0,43.879999999999995,44.0,45.0,45.60000000000002,47.0,47.0,48.0,49.0,50.799999999999955,52.0,52.27999999999997,53.0,54.0,55.0,55.0,56.0,57.0,58.0,59.0,59.0,60.0,61.0,62.0,63.0,64.0,67.0,68.0,69.0,70.60000000000002,72.0,74.0,75.0,78.55999999999995,80.79999999999995,84.0,85.55999999999995,91.51999999999998,102.03999999999996,128.0,0.0,1000.5686274766922,1000.6470588445663,1000.7019608020782,1000.7411764860153,1000.7843137383461,1000.8235294222832,1000.8627451062202,1000.9098039269447,1000.9686274528503,2001.0,171.73011169433593,179.2865447998047,184.0661865234375,187.8454162597656,190.9906768798828,193.94326782226562,196.9308090209961,200.285888671875,204.95751953125,350.4335021972656,239.77634,3.0,test_data/Useful/Validation/sharp sand at 1ft/20241020_165858(0).jpg,3788.0,840.0,31.30246716904814
29,0.0,0.0,0.0,0.0,0.0,0.0,0.0,0.0,0.0,0.0,0.0,0.0,0.0,1.0,2.0,3.0,4.0,4.319999999999993,5.560000000000002,8.0,9.0,10.0,11.0,11.759999999999991,13.0,14.0,14.0,15.0,16.0,16.0,17.0,18.0,18.920000000000016,19.0,20.0,20.0,21.0,21.0,22.0,22.0,23.0,24.0,25.0,26.0,26.0,27.0,27.279999999999973,28.0,29.0,30.0,31.0,31.0,32.72000000000003,33.0,34.0,35.0,35.67999999999995,36.91999999999996,38.0,39.0,40.0,40.0,41.0,43.0,44.0,44.0,45.0,46.0,48.0,48.0,49.0,50.0,51.0,52.0,52.0,54.0,54.0,55.0,57.0,58.0,59.0,60.67999999999995,62.0,64.0,65.0,66.0,67.0,68.12,69.0,71.60000000000002,75.0,77.0,79.0,81.0,82.79999999999995,84.0,87.0,89.51999999999998,92.0,109.0,0.0,1000.5803921818733,1000.65098041296,1000.6980392336845,1000.7333333492279,1000.7686274647713,1000.8039215803146,1000.8431372642517,1000.8901960849762,1000.9490196108818,2001.0,171.0569320678711,178.65423278808595,183.43411407470703,187.18771362304688,190.3573226928711,193.3347900390625,196.32997131347656,199.68167114257812,204.40823364257812,350.44677734375,236.36519,3.0,test_data/Useful/Validation/sharp sand at 1ft/20241020_165858.jpg,3670.0,765.0,28.333179522979552
30,0.0,0.0,0.0,0.0,0.0,0.0,0.0,0.0,0.0,0.0,0.0,0.0,1.1200000000000045,2.0,4.0,4.0,5.0,6.0,7.0,8.0,8.039999999999992,9.0,10.0,11.0,11.0,12.0,13.0,13.0,14.95999999999998,15.0,16.0,16.680000000000007,17.0,18.0,19.0,19.0,20.0,21.0,21.360000000000014,22.0,23.0,23.079999999999984,25.0,25.0,26.0,26.0,27.0,28.0,29.0,30.0,30.24000000000001,31.480000000000018,32.0,33.0,34.0,35.0,36.0,36.0,37.0,38.0,38.0,39.879999999999995,40.0,41.0,42.0,43.0,44.0,44.0,44.0,45.0,46.0,47.0,47.0,48.0,49.0,50.0,50.48000000000002,51.72000000000003,53.0,53.0,54.0,56.0,56.91999999999996,58.0,60.0,62.639999999999986,63.0,64.12,66.0,67.0,68.0,70.16000000000008,73.32000000000005,77.0,78.0,81.03999999999996,84.0,90.03999999999996,94.0,121.0,0.0,1000.5764706134796,1000.65098041296,1000.7019608020782,1000.7411764860153,1000.7803921699524,1000.8196078538895,1000.8627451062202,1000.9098039269447,1000.9686274528503,2001.0,171.6225326538086,179.11703491210938,183.97789459228517,187.68143310546876,190.82098388671875,193.7725830078125,196.76429748535156,200.08636169433595,204.70381927490234,350.4687805175781,238.14148,3.0,test_data/Useful/Validation/sharp sand at 1ft/20241020_165859.jpg,3676.0,749.0,32.58589843976377
31,0.0,0.0,0.0,0.0,0.0,0.0,0.0,0.0,1.0,2.4000000000000057,5.0,7.8799999999999955,9.0,10.0,12.599999999999994,14.0,15.0,16.0,17.0,18.0,18.0,19.28,20.0,20.0,22.0,24.0,25.0,26.0,27.0,28.0,29.0,31.0,33.0,34.0,34.0,35.0,37.0,38.0,39.360000000000014,41.0,42.0,43.0,44.0,45.0,46.0,47.0,47.27999999999997,48.0,49.0,50.0,51.0,52.0,53.0,54.0,56.0,56.0,58.0,59.0,60.15999999999997,61.0,62.0,63.0,65.0,65.0,66.0,67.0,68.0,69.0,70.0,71.0,72.03999999999996,73.0,74.0,75.0,77.0,79.0,80.0,81.0,82.0,84.0,84.44000000000005,85.0,86.0,87.0,88.39999999999998,90.0,91.88,94.0,95.0,97.0,98.84000000000003,100.0,102.0,104.55999999999995,107.0,110.0,113.55999999999995,118.51999999999998,122.51999999999998,131.0,0.0,1000.5333333611488,1000.6196078658104,1000.678431391716,1000.7215686440468,1000.7686274647713,1000.8156862854958,1000.8588235378265,1000.905882358551,1000.9607843160629,2001.0,171.492919921875,179.2210235595703,184.0341033935547,187.7696075439453,190.94165802001953,193.92557983398436,196.9634262084961,200.37498779296877,205.19309997558594,350.16790771484375,233.38957,3.0,test_data/Useful/Validation/sharp sand at 1ft/20241020_165902.jpg,3669.0,927.0,27.747722764347827
32,0.0,0.0,0.0,0.0,0.0,0.0,0.0,1.0,2.1599999999999966,4.400000000000006,7.0,7.8799999999999955,9.0,10.360000000000014,11.0,12.0,13.0,15.0,16.0,17.0,18.0,19.0,20.0,21.0,22.0,23.0,24.0,24.0,25.0,26.0,27.439999999999998,28.0,28.920000000000016,29.0,30.0,30.639999999999986,31.0,32.0,32.0,33.0,33.839999999999975,34.0,35.0,36.0,36.0,37.0,38.0,39.0,40.0,41.0,42.0,43.0,44.0,45.0,45.0,46.0,47.0,47.0,48.0,49.0,50.639999999999986,51.0,53.0,53.360000000000014,54.0,55.84000000000003,57.0,57.0,58.0,60.0,60.0,62.0,63.0,64.0,65.0,66.0,67.0,68.72000000000003,69.0,70.0,71.0,72.0,73.0,74.15999999999997,76.0,77.0,78.0,80.0,81.36000000000001,84.60000000000002,85.84000000000003,87.0,89.0,93.0,95.0,99.0,102.0,105.51999999999998,109.0,116.0,0.0,1000.5647059082985,1000.6470588445663,1000.6980392336845,1000.7372549176216,1000.7764706015587,1000.8078431487083,1000.8431372642517,1000.8784313797951,1000.9254902005196,1001.0,171.3185272216797,178.91619873046875,183.71914672851562,187.4942169189453,190.6842041015625,193.6827850341797,196.69322052001954,200.153076171875,205.05104064941406,350.1375732421875,235.45981,3.0,test_data/Useful/Validation/sharp sand at 1ft/20241020_165903(0).jpg,3565.0,890.0,32.809137099339466
33,0.0,0.0,0.0,0.0,2.200000000000003,5.0,6.680000000000007,8.920000000000002,10.0,12.0,12.0,14.0,15.0,15.0,17.0,17.840000000000003,19.0,20.0,20.0,21.0,22.0,23.0,25.0,26.0,27.0,27.24000000000001,28.0,29.0,30.0,31.0,32.0,32.0,33.920000000000016,34.160000000000025,35.0,36.0,37.0,38.0,39.0,41.0,41.0,42.0,43.0,44.0,45.0,45.0,46.0,47.0,47.0,48.0,49.0,49.0,50.0,50.960000000000036,51.0,52.0,53.0,53.0,54.0,54.0,56.0,57.0,57.0,58.0,59.0,60.0,61.0,62.0,63.0,63.0,64.0,65.0,66.0,66.75999999999999,67.0,69.0,70.0,70.0,71.0,72.20000000000005,73.0,74.0,74.0,75.0,76.39999999999998,78.63999999999999,81.0,82.12,84.36000000000001,86.0,87.0,89.08000000000004,91.0,93.55999999999995,95.0,97.0,98.55999999999995,105.0,110.51999999999998,131.0,0.0,1000.5254902243614,1000.6196078658104,1000.6862745285034,1000.7372549176216,1000.7882353067398,1000.8352941274643,1000.8823529481888,1000.933333337307,1000.9843137264252,2001.0,171.95447998046876,179.673046875,184.3990020751953,188.1211395263672,191.31781005859375,194.32378234863282,197.28858337402343,200.67185974121094,205.4371795654297,350.21026611328125,236.07222,3.0,test_data/Useful/Validation/sharp sand at 1ft/20241020_165903.jpg,3914.0,983.0,26.063568317592637
34,0.0,0.0,0.0,0.0,1.0,3.0,4.0,4.0,6.0,7.0,8.0,9.0,9.0,10.0,10.599999999999994,11.0,12.0,13.0,14.0,15.0,16.0,16.0,17.0,18.0,18.0,19.0,19.0,20.0,20.95999999999998,21.0,22.0,22.680000000000007,23.920000000000016,25.0,27.0,27.0,28.0,30.0,31.0,32.0,33.0,34.0,34.0,35.0,35.0,36.0,37.0,38.0,39.0,40.0,41.0,42.0,43.0,44.960000000000036,45.0,46.440000000000055,47.0,48.0,49.0,49.0,50.0,51.0,51.0,51.360000000000014,52.0,53.0,54.0,55.0,56.0,56.0,57.0,58.0,59.0,59.75999999999999,60.0,61.24000000000001,62.48000000000002,64.0,65.96000000000004,67.0,68.0,69.0,70.0,72.0,73.39999999999998,75.63999999999999,77.0,77.0,79.0,80.0,82.84000000000003,85.0,86.32000000000005,87.0,88.0,90.03999999999996,93.0,97.0,103.0,139.0,0.0,1000.6352941393852,1000.6901960968971,1000.7254902124405,1000.7529411911964,1000.7764706015587,1000.7960784435272,1000.8156862854958,1000.839215695858,1000.8627451062202,2001.0,173.41243896484374,180.9966247558594,185.89144592285157,189.7282501220703,193.06925201416016,196.193994140625,199.4462890625,203.2638153076172,209.23330688476562,348.55194091796875,245.34224,3.0,test_data/Useful/Validation/sharp sand at 1ft/20241020_165904.jpg,2942.0,825.0,28.581407247453495
35,0.0,0.0,0.0,0.0,0.0,0.0,0.0,0.0,0.0,0.0,0.0,0.0,0.0,1.3600000000000136,3.5999999999999943,5.840000000000003,8.0,9.0,10.0,12.0,13.0,15.0,15.0,17.75999999999999,20.0,20.24000000000001,22.0,23.0,23.0,24.0,25.439999999999998,26.0,27.0,28.0,29.0,31.0,32.0,33.0,34.0,36.0,37.839999999999975,38.0,39.0,40.0,41.0,41.04000000000002,42.27999999999997,44.0,44.0,45.0,47.0,47.0,48.72000000000003,49.0,50.0,51.0,52.0,52.0,53.15999999999997,54.0,55.0,56.0,58.0,58.0,59.0,59.0,60.0,61.0,62.0,63.0,64.0,65.0,66.0,66.75999999999999,68.0,69.0,70.0,70.72000000000003,72.0,73.0,74.44000000000005,76.0,76.0,78.0,79.0,79.0,80.0,82.12,84.36000000000001,86.0,87.0,89.0,90.0,92.0,94.0,98.0,100.27999999999997,108.51999999999998,113.51999999999998,133.0,0.0,1000.5019608139992,1000.5882353186607,1000.6470588445663,1000.6901960968971,1000.7294117808342,1000.772549033165,1000.8156862854958,1000.8588235378265,1000.9137254953384,2000.945098042488,170.32760620117188,178.02566528320312,182.79041900634766,186.5385284423828,189.77981567382812,192.7987060546875,195.85433959960938,199.30142211914062,204.20263671875,350.0137939453125,234.45828,3.0,test_data/Useful/Validation/sharp sand at 1ft/20241020_165905.jpg,3678.0,913.0,27.068326580056898
36,0.0,0.0,0.0,0.0,0.0,0.0,0.0,0.0,0.0,0.0,0.0,0.0,0.0,0.0,0.0,0.0,0.0,1.0,3.0,3.0,4.0,5.0,6.0,7.0,8.0,8.0,9.480000000000018,10.720000000000027,11.95999999999998,12.199999999999989,13.0,14.0,15.0,15.0,16.0,16.0,17.0,17.0,18.0,18.0,19.0,19.079999999999984,21.0,22.0,23.0,24.0,25.0,25.0,26.0,27.0,27.0,28.0,29.0,29.0,30.0,30.0,31.0,32.0,32.0,33.0,33.0,34.0,35.0,36.0,37.0,37.0,38.0,39.0,40.0,41.0,42.039999999999964,43.27999999999997,44.0,45.0,48.0,49.0,50.0,51.0,52.0,53.0,54.0,55.0,56.0,57.0,58.0,61.0,62.0,63.0,65.0,66.60000000000002,68.0,69.08000000000004,72.32000000000005,74.55999999999995,76.0,77.07999999999993,82.27999999999997,86.51999999999998,93.75999999999999,112.0,0.0,1000.5725490450859,1000.6431372761726,1000.6862745285034,1000.7215686440468,1000.7529411911964,1000.7843137383461,1000.8196078538895,1000.8627451062202,1000.9254902005196,2001.0,170.94901428222656,178.5079833984375,183.28828125,186.96514892578125,190.14713287353516,193.12527465820312,196.1277847290039,199.4659851074219,204.00994873046875,350.3802795410156,231.20018,3.0,test_data/Useful/Validation/sharp sand at 1ft/20241020_165906(0).jpg,3582.0,714.0,30.802221548167402
37,0.4800000000000004,4.960000000000001,7.0,8.0,11.0,12.439999999999998,15.0,16.0,18.0,19.0,20.0,20.879999999999995,21.0,22.360000000000014,23.599999999999994,24.840000000000003,26.080000000000013,28.0,28.0,29.0,30.0,31.0,32.0,33.0,34.0,34.0,35.0,35.0,36.0,37.0,38.0,38.0,39.0,40.160000000000025,41.0,42.0,42.0,42.0,43.0,43.0,43.839999999999975,44.079999999999984,46.0,47.0,47.0,48.0,48.0,49.0,49.0,50.0,50.0,51.0,52.0,53.0,53.200000000000045,54.0,54.0,55.0,56.0,57.0,57.0,58.0,58.0,59.0,59.0,60.0,61.0,61.0,62.0,63.0,64.0,64.0,65.0,65.0,66.0,66.0,67.0,68.0,68.0,69.0,70.0,71.0,72.0,73.0,74.0,75.0,75.88,77.0,78.0,80.0,81.0,82.0,83.0,85.0,87.79999999999995,91.07999999999993,96.0,98.0,101.0,115.0,42.0,1000.4588235318661,1000.5411764979362,1000.5960784554482,1000.6470588445663,1000.6980392336845,1000.7490196228027,1000.8039215803146,1000.8627451062202,1000.933333337307,2001.0,170.76461486816407,178.255859375,183.06503143310547,186.83045654296876,190.05748748779297,193.02471923828125,196.11406860351562,199.5738525390625,204.5991470336914,349.91485595703125,237.35349,3.0,test_data/Useful/Validation/sharp sand at 1ft/20241020_170042.jpg,3787.0,1048.0,28.294648633101556
38,0.0,0.0,0.0,0.0,0.0,1.0,2.0,3.0,7.0,8.0,10.0,11.0,14.0,16.0,17.0,18.0,20.0,21.0,22.0,24.0,25.0,25.28,26.52000000000001,28.0,30.0,30.0,31.0,31.0,32.0,33.0,34.0,35.0,36.0,36.0,37.0,38.0,39.0,39.0,41.0,42.0,42.839999999999975,44.0,44.0,46.0,47.0,47.0,48.0,48.51999999999998,49.0,50.0,50.0,51.0,52.0,52.0,52.0,53.0,54.0,54.0,55.0,56.0,57.0,57.879999999999995,58.0,59.0,60.0,61.0,62.0,62.0,63.0,64.0,65.0,66.0,67.0,67.0,68.0,70.0,70.0,71.0,72.96000000000004,73.0,74.0,75.0,76.0,77.0,77.39999999999998,79.0,80.88,82.0,83.0,84.60000000000002,86.0,87.0,89.0,90.55999999999995,92.79999999999995,94.0,96.0,98.51999999999998,105.51999999999998,113.0,0.0,1000.4274509847164,1000.5019608139992,1000.5568627715111,1000.6078431606293,1000.6588235497475,1000.7176470756531,1000.7803921699524,1000.8470588326454,1000.9176470637321,2001.0,171.73848876953124,179.27004699707032,184.05453643798828,187.73804016113283,190.94505310058594,193.93959045410156,196.97581787109374,200.38206481933594,205.2808380126953,349.51708984375,243.8186,3.0,test_data/Useful/Validation/sharp sand at 1ft/20241020_170043(0).jpg,3368.0,939.0,31.83901527994215
39,0.0,0.0,0.0,0.0,1.0,3.0,4.680000000000007,7.0,9.0,11.0,12.0,14.879999999999995,16.0,18.0,19.0,20.840000000000003,21.080000000000013,22.319999999999993,24.0,25.0,26.0,27.0,27.52000000000001,28.0,30.0,30.24000000000001,32.48000000000002,33.0,34.0,35.0,36.0,37.68000000000001,38.0,39.0,40.39999999999998,41.0,42.0,42.120000000000005,43.0,44.0,45.0,46.0,46.0,47.0,47.0,48.0,49.0,50.0,50.0,51.0,52.0,53.0,53.0,54.0,54.200000000000045,55.440000000000055,56.0,57.0,58.0,58.0,59.0,59.0,60.0,61.0,61.0,62.0,64.0,65.0,65.0,66.0,66.03999999999996,67.0,68.0,68.75999999999999,69.0,70.0,70.0,71.0,72.0,73.0,73.0,74.0,75.0,76.0,77.0,78.0,78.0,80.0,81.0,83.0,84.0,85.0,85.0,86.0,88.79999999999995,94.0,98.55999999999995,102.0,107.0,130.0,0.0,1000.4313725531101,1000.5058823823929,1000.5647059082985,1000.6156862974167,1000.6666666865349,1000.7254902124405,1000.7882353067398,1000.8509804010391,1000.9254902005196,2001.0,170.9904022216797,178.71548461914062,183.46865844726562,187.20050048828125,190.36892700195312,193.37057495117188,196.40769958496094,199.87399291992188,204.809814453125,349.6707458496094,244.70526,3.0,test_data/Useful/Validation/sharp sand at 1ft/20241020_170043.jpg,3388.0,977.0,30.80863545506591
40,0.0,0.0,0.0,0.0,0.20000000000000284,2.4399999999999977,5.0,7.920000000000002,10.0,11.0,12.0,13.0,15.0,16.0,17.0,17.0,17.0,18.0,19.0,20.0,21.0,22.0,22.0,23.0,24.0,26.0,26.480000000000018,27.0,28.0,30.0,31.0,32.0,33.0,34.0,34.0,35.639999999999986,36.0,37.0,38.0,39.0,39.0,40.0,41.0,42.0,43.0,44.0,45.0,45.0,46.0,47.0,47.24000000000001,48.0,49.0,49.960000000000036,51.0,51.0,52.0,53.0,53.15999999999997,54.0,55.0,55.879999999999995,56.0,57.0,57.60000000000002,58.0,60.0,60.0,61.0,62.0,62.039999999999964,63.0,64.0,65.0,66.0,67.0,68.0,69.0,70.0,71.0,72.0,74.0,75.0,76.0,77.0,78.0,79.0,80.0,81.36000000000001,83.0,84.0,85.08000000000004,88.0,90.0,93.0,94.03999999999996,99.27999999999997,103.51999999999998,111.0,151.0,0.0,1000.419607847929,1000.4941176474094,1000.5529412031174,1000.6078431606293,1000.6588235497475,1000.7176470756531,1000.7803921699524,1000.8470588326454,1000.9176470637321,2001.0,173.06909942626953,180.55538635253907,185.31785888671874,188.941845703125,192.10191345214844,195.09674072265625,198.1331787109375,201.47982788085938,206.25291442871094,349.2910461425781,243.66632,3.0,test_data/Useful/Validation/sharp sand at 1ft/20241020_170044.jpg,3065.0,864.0,27.219325794147146
41,0.0,0.0,0.0,0.0,2.0,3.0,6.0,8.920000000000002,11.0,11.400000000000006,12.0,14.0,15.120000000000005,16.0,17.599999999999994,18.840000000000003,20.0,20.319999999999993,21.560000000000002,22.0,23.0,24.0,25.0,26.0,26.0,27.0,28.0,28.720000000000027,29.0,30.0,30.439999999999998,31.0,32.0,33.0,33.0,34.0,35.0,36.0,37.0,37.0,38.0,39.0,40.0,41.0,41.0,42.0,42.27999999999997,43.0,44.0,44.0,45.0,45.0,46.0,46.960000000000036,47.200000000000045,48.0,49.0,49.0,50.15999999999997,51.39999999999998,53.0,53.0,54.0,55.0,56.0,56.0,57.0,57.0,58.0,59.0,60.0,60.0,61.0,62.75999999999999,64.0,65.0,66.0,67.0,68.0,70.0,70.0,72.0,74.0,75.0,77.0,77.63999999999999,79.0,79.0,80.0,82.0,83.0,84.08000000000004,86.32000000000005,88.55999999999995,91.0,93.03999999999996,98.27999999999997,106.0,110.51999999999998,148.0,0.0,1000.4117647111416,1000.486274510622,1000.5490196347237,1000.6000000238419,1000.65098041296,1000.7098039388657,1000.772549033165,1000.8431372642517,1000.9176470637321,2001.0,172.80712890625,180.48489379882812,185.27499389648438,188.973388671875,192.115478515625,195.0819091796875,198.09059143066406,201.41416931152344,206.2006378173828,349.31719970703125,240.41379,3.0,test_data/Useful/Validation/sharp sand at 1ft/20241020_170045.jpg,3210.0,907.0,28.303704656935768
42,0.0,0.0,0.0,1.0,3.0,6.0,8.680000000000007,10.0,12.0,13.0,15.0,15.879999999999995,16.120000000000005,17.0,18.0,18.840000000000003,19.080000000000013,21.0,22.0,23.0,23.0,24.0,25.0,26.0,27.0,29.0,30.0,31.0,31.95999999999998,32.19999999999999,33.0,34.0,34.0,35.0,36.39999999999998,37.0,37.0,38.0,38.0,39.0,39.0,40.0,40.31999999999999,42.0,43.0,43.0,44.0,44.0,46.0,46.0,47.0,47.0,48.0,50.0,50.0,51.0,51.0,52.0,54.0,55.0,55.0,56.879999999999995,58.0,58.0,59.0,60.0,60.0,60.0,61.559999999999945,62.0,63.0,66.0,67.0,67.0,68.0,68.24000000000001,69.0,70.0,71.0,71.20000000000005,72.0,74.0,75.0,77.0,78.0,79.0,80.0,81.0,82.0,82.60000000000002,85.0,87.0,88.0,90.55999999999995,92.0,95.03999999999996,100.0,103.51999999999998,113.0,156.0,0.0,1000.5019608139992,1000.5725490450859,1000.6274510025978,1000.6745098233223,1000.7215686440468,1000.7764706015587,1000.8352941274643,1000.8980392217636,1000.9647058844566,3001.0,172.9145950317383,180.59637145996095,185.39407348632812,189.07644653320312,192.22877502441406,195.2154998779297,198.18975372314452,201.5480194091797,206.32777099609376,349.86212158203125,240.86984,3.0,test_data/Useful/Validation/sharp sand at 1ft/20241020_170046(0).jpg,3505.0,972.0,29.700017333931815
43,0.0,0.0,0.0,2.0,4.0,7.439999999999998,9.0,10.0,12.0,13.0,14.0,15.0,16.0,17.0,19.0,19.840000000000003,23.0,24.0,24.0,24.0,25.0,26.0,27.0,28.0,28.0,29.0,30.0,30.0,31.0,32.0,33.0,33.0,34.0,35.160000000000025,36.0,36.0,37.0,38.0,39.0,40.0,40.0,41.0,41.0,42.0,42.80000000000001,43.04000000000002,44.0,45.0,45.75999999999999,46.0,47.0,48.0,48.0,48.960000000000036,49.0,50.0,50.0,51.0,52.0,53.0,53.0,54.0,55.0,56.0,56.0,58.0,59.0,59.0,60.0,61.0,61.0,62.0,63.0,63.0,64.0,65.0,66.0,67.0,68.0,69.0,70.44000000000005,72.0,73.0,74.15999999999997,76.0,77.0,79.0,81.0,82.36000000000001,84.0,85.0,87.08000000000004,91.0,93.0,96.0,98.0,99.27999999999997,107.51999999999998,115.0,151.0,0.0,1000.4823529422283,1000.5568627715111,1000.611764729023,1000.6588235497475,1000.705882370472,1000.7607843279839,1000.8274509906769,1000.8980392217636,1000.972549021244,2001.0,173.25750732421875,180.70721435546875,185.45439910888672,189.19535217285156,192.37269592285156,195.30891113281248,198.2834701538086,201.67919311523437,206.39072875976564,349.7669982910156,241.80432,3.0,test_data/Useful/Validation/sharp sand at 1ft/20241020_170046.jpg,3478.0,931.0,28.924826098660883
44,0.0,0.0,1.4399999999999977,3.0,5.0,7.439999999999998,9.0,10.0,13.0,14.0,16.0,16.0,18.0,19.0,20.0,21.0,22.080000000000013,23.319999999999993,25.0,26.0,27.0,27.0,28.0,29.0,29.0,30.0,31.0,32.0,33.0,33.0,34.0,35.0,35.0,36.0,36.39999999999998,37.0,37.0,38.0,38.0,39.0,40.0,41.0,41.0,42.0,43.0,44.0,44.0,45.51999999999998,46.0,46.0,47.0,49.0,49.72000000000003,50.0,51.0,51.0,51.0,52.0,53.0,54.0,55.0,55.0,56.0,56.0,57.0,57.84000000000003,59.0,59.0,60.0,60.799999999999955,62.0,62.0,63.0,64.0,64.0,65.0,66.0,67.0,68.0,69.20000000000005,70.44000000000005,72.0,73.0,73.0,74.0,75.0,76.0,78.0,79.0,80.0,82.0,85.0,86.32000000000005,90.0,93.79999999999995,97.0,98.55999999999995,107.0,112.51999999999998,143.0,51.0,1000.4745098054409,1000.5529412031174,1000.611764729023,1000.6627451181412,1000.7176470756531,1000.772549033165,1000.839215695858,1000.9098039269447,1000.9764705896378,3001.0,174.09854583740236,181.62915954589843,186.35060119628906,190.05205688476562,193.2435760498047,196.1800048828125,199.1396484375,202.44891967773438,207.10174560546875,349.64947509765625,244.62799,3.0,test_data/Useful/Validation/sharp sand at 1ft/20241020_170047.jpg,3519.0,990.0,30.253670819360114
45,0.0,0.0,0.0,0.0,0.0,0.0,0.0,0.0,0.0,0.0,0.0,0.0,1.0,2.0,3.0,3.0,4.0,5.0,6.0,8.0,10.0,11.0,12.0,13.0,14.0,15.0,16.0,16.0,17.0,17.0,18.0,19.0,19.0,20.0,20.0,20.639999999999986,21.879999999999995,23.0,24.0,24.600000000000023,26.0,26.0,27.0,27.560000000000002,28.0,28.0,30.0,30.0,32.0,33.0,34.24000000000001,35.0,35.0,36.0,36.0,38.0,38.0,39.0,40.0,41.0,42.0,43.0,44.0,45.360000000000014,46.60000000000002,47.0,48.0,48.0,49.0,49.799999999999955,50.0,51.0,51.0,52.0,53.0,53.0,54.0,55.0,56.0,56.200000000000045,57.440000000000055,59.0,60.0,61.0,62.0,63.0,65.0,67.0,68.36000000000001,70.0,72.0,74.0,75.32000000000005,78.55999999999995,80.79999999999995,86.0,89.27999999999997,94.51999999999998,102.75999999999999,128.0,0.0,1000.5019608139992,1000.5764706134796,1000.6352941393852,1000.6862745285034,1000.7333333492279,1000.7882353067398,1000.8470588326454,1000.9137254953384,1000.9803921580315,2001.0,172.10559997558593,179.6212646484375,184.39425354003907,188.08767700195312,191.2702178955078,194.20156860351562,197.20177459716797,200.54461059570312,205.22308502197265,350.0213623046875,243.47318,3.0,test_data/Useful/Validation/sharp sand at 1ft/20241020_170048(0).jpg,3416.0,771.0,31.4816123447236
46,0.0,0.0,0.0,0.0,1.2000000000000028,3.0,3.680000000000007,5.0,6.0,7.400000000000006,10.0,11.0,12.0,13.0,14.599999999999994,15.0,16.0,16.0,17.0,18.80000000000001,19.0,20.0,21.0,22.0,23.0,24.0,24.0,25.0,26.0,26.19999999999999,27.439999999999998,28.680000000000007,29.0,30.0,31.0,32.0,32.0,33.0,34.0,34.0,35.0,35.079999999999984,36.0,37.0,39.0,40.0,41.0,42.0,43.0,43.0,44.0,45.0,46.0,46.960000000000036,47.0,48.0,49.0,49.91999999999996,51.0,51.39999999999998,52.0,53.879999999999995,54.0,55.0,56.0,57.0,57.08000000000004,59.0,60.0,60.0,62.0,62.0,63.0,63.0,64.0,65.0,66.0,67.0,68.0,69.0,70.44000000000005,72.0,74.0,74.0,75.0,76.0,77.0,78.0,80.0,82.0,84.0,86.08000000000004,90.32000000000005,92.0,96.0,101.03999999999996,106.0,111.0,119.75999999999999,143.0,0.0,1000.486274510622,1000.5647059082985,1000.6235294342041,1000.6705882549286,1000.7215686440468,1000.7764706015587,1000.839215695858,1000.9019607901573,1000.9686274528503,3000.7019608020782,173.77265472412108,181.31155395507812,186.1120376586914,189.79977722167968,193.03443908691406,196.0353240966797,199.03953552246094,202.3579559326172,207.01773071289062,349.62384033203125,240.28595,3.0,test_data/Useful/Validation/sharp sand at 1ft/20241020_170048.jpg,3392.0,878.0,30.135772488176123
47,0.0,0.0,0.0,0.0,0.0,0.0,0.0,0.0,0.0,0.0,0.0,1.8799999999999955,3.0,3.0,4.0,5.0,6.0,8.0,10.0,10.800000000000011,12.0,12.0,12.52000000000001,14.0,14.0,15.0,15.0,16.0,16.0,17.0,17.439999999999998,18.0,19.0,19.0,19.0,20.0,21.0,22.0,22.0,22.600000000000023,23.0,24.0,25.0,25.0,26.0,27.0,27.0,28.0,28.0,29.0,30.0,30.0,31.0,32.0,33.0,33.0,34.0,34.0,35.0,36.0,36.0,37.0,38.0,38.360000000000014,39.60000000000002,40.0,41.0,42.0,42.0,43.0,44.0,46.0,46.0,47.0,48.0,49.0,50.0,51.0,51.0,52.200000000000045,54.0,55.0,56.0,57.0,57.0,58.0,60.0,62.0,63.360000000000014,65.0,66.84000000000003,69.0,70.32000000000005,74.0,77.0,80.03999999999996,82.27999999999997,87.0,97.03999999999996,122.0,0.0,1000.5137255191803,1000.5921568870544,1000.6470588445663,1000.6941176652908,1000.7411764860153,1000.7921568751335,1000.8470588326454,1000.9137254953384,1000.9803921580315,2001.0,171.43002471923828,178.98999633789063,183.7755859375,187.50189208984375,190.72461700439453,193.65331726074217,196.6620681762695,199.9624481201172,204.5987762451172,350.21942138671875,239.65912,3.0,test_data/Useful/Validation/sharp sand at 1ft/20241020_170049.jpg,3617.0,762.0,32.98825372461936
48,0.0,0.0,0.0,0.0,0.0,0.0,0.0,0.0,1.0,2.0,3.0,4.0,5.0,5.0,5.0,7.0,7.0800000000000125,8.0,9.0,9.800000000000011,11.0,11.280000000000001,12.52000000000001,13.0,14.0,15.0,16.0,16.0,17.0,18.0,18.0,19.0,19.0,20.0,21.0,21.0,22.0,22.0,23.0,23.600000000000023,24.0,25.0,25.0,25.0,26.0,26.04000000000002,27.279999999999973,29.0,29.0,30.0,30.24000000000001,31.0,31.720000000000027,32.0,33.0,34.0,34.0,34.91999999999996,35.0,36.0,36.639999999999986,37.0,38.0,39.0,39.0,40.0,41.0,41.0,42.0,43.0,44.0,44.27999999999997,45.0,46.0,46.0,47.24000000000001,48.0,49.0,50.0,51.0,52.0,53.0,54.0,55.15999999999997,57.0,57.0,59.0,61.0,62.360000000000014,64.0,65.0,66.08000000000004,68.0,71.0,73.0,75.03999999999996,78.0,82.0,85.75999999999999,113.0,0.0,1000.5019608139992,1000.5803921818733,1000.6392157077789,1000.6901960968971,1000.7372549176216,1000.7882353067398,1000.8470588326454,1000.9137254953384,1000.9843137264252,3001.0,171.33816528320312,178.82493591308594,183.6181640625,187.22982788085938,190.3561553955078,193.33106994628906,196.29205322265625,199.61066284179688,204.27449951171874,350.1972961425781,242.86545,3.0,test_data/Useful/Validation/sharp sand at 1ft/20241020_170050.jpg,3474.0,751.0,27.759273025670243
49,0.0,0.0,0.0,0.0,0.0,0.0,0.0,0.0,1.1599999999999966,4.0,5.0,6.8799999999999955,7.0,8.0,10.0,11.0,12.0,13.0,13.0,14.0,15.0,15.0,16.0,18.0,19.0,20.0,20.0,21.0,22.0,22.0,23.0,24.0,25.920000000000016,26.160000000000025,27.0,28.0,28.879999999999995,29.0,30.0,31.0,32.0,32.0,33.0,34.0,34.0,35.0,35.27999999999997,36.0,37.0,37.0,38.0,38.0,39.0,39.960000000000036,40.0,41.0,41.67999999999995,42.0,43.0,44.0,44.0,45.0,46.0,46.0,47.0,47.84000000000003,49.0,50.0,50.0,51.0,51.039999999999964,52.0,53.0,54.0,55.0,55.0,56.48000000000002,57.0,59.0,60.0,61.0,62.0,62.0,63.0,64.0,65.0,66.0,67.0,68.36000000000001,70.0,71.84000000000003,73.0,75.0,76.0,77.79999999999995,81.0,83.0,85.51999999999998,96.0,114.0,0.0,1000.5725490450859,1000.6431372761726,1000.6980392336845,1000.7411764860153,1000.7882353067398,1000.8352941274643,1000.8862745165825,1000.9411764740944,1000.9960784316063,3000.8313725590706,171.3286102294922,178.8990478515625,183.67645263671875,187.39501953125,190.6218719482422,193.60330200195312,196.60760498046875,199.97244262695312,204.6115264892578,350.5459899902344,237.20563,3.0,test_data/Useful/Validation/sharp sand at 1ft/20241020_170051(0).jpg,3770.0,863.0,34.360608464796144
50,0.0,0.0,0.0,0.0,0.0,0.0,0.0,0.0,0.0,0.4000000000000057,2.0,3.0,4.0,5.0,6.0,7.0,7.0,8.0,9.0,10.0,11.039999999999992,13.0,13.52000000000001,14.759999999999991,16.0,16.0,17.0,18.0,19.0,20.0,20.0,21.0,22.0,23.0,23.0,24.0,25.0,25.0,26.0,26.0,27.0,28.0,29.0,29.0,30.0,31.0,31.0,31.0,31.75999999999999,32.0,33.0,33.0,34.0,35.0,36.0,36.0,37.0,37.91999999999996,39.0,39.0,40.0,40.879999999999995,41.0,41.0,42.0,43.0,44.0,45.0,46.0,46.799999999999955,48.0,48.27999999999997,49.51999999999998,50.0,50.0,51.0,52.0,52.0,53.0,54.0,55.0,56.0,57.0,58.0,59.0,60.0,61.0,63.0,64.0,65.0,66.84000000000003,67.08000000000004,71.0,72.0,75.79999999999995,79.03999999999996,82.0,87.0,92.75999999999999,117.0,0.0,1000.5372549295425,1000.6156862974167,1000.6745098233223,1000.7254902124405,1000.7764706015587,1000.8313725590706,1000.8862745165825,1000.9490196108818,1001.0,3001.0,171.8516616821289,179.4685516357422,184.26241607666014,187.9763916015625,191.18023681640625,194.1208709716797,197.1070343017578,200.37950134277344,204.9282684326172,350.4544372558594,240.03528,3.0,test_data/Useful/Validation/sharp sand at 1ft/20241020_170051.jpg,3839.0,791.0,27.134235800782925
51,0.0,0.0,0.0,0.0,0.0,1.0,2.0,3.0,5.0,6.0,7.0,8.0,10.0,11.360000000000014,12.599999999999994,13.840000000000003,14.0,15.0,16.0,17.0,17.039999999999992,19.0,19.0,20.0,21.0,21.24000000000001,22.0,23.0,23.95999999999998,24.0,25.0,26.0,27.0,28.0,29.0,30.0,30.0,31.0,31.0,32.0,33.0,33.0,34.0,35.0,35.0,36.0,36.0,37.0,38.0,38.0,40.0,40.48000000000002,42.0,42.0,43.0,44.0,44.0,45.0,46.0,46.39999999999998,47.0,47.0,48.0,48.360000000000014,49.0,50.0,51.0,51.32000000000005,52.0,53.0,55.0,56.0,56.0,57.0,57.0,58.0,59.0,60.0,60.0,61.0,62.0,63.0,64.0,65.0,66.0,67.0,68.88,70.0,71.0,72.0,73.0,76.0,77.0,78.55999999999995,80.0,83.03999999999996,87.0,93.51999999999998,100.51999999999998,118.0,0.0,1000.5607843399048,1000.6392157077789,1000.6941176652908,1000.7411764860153,1000.7882353067398,1000.8352941274643,1000.8862745165825,1000.9411764740944,1000.9960784316063,2001.0,171.2092727661133,178.80369567871094,183.5634796142578,187.2643585205078,190.46131896972656,193.42513732910157,196.44491119384764,199.820947265625,204.53800048828126,350.5655212402344,236.9197,3.0,test_data/Useful/Validation/sharp sand at 1ft/20241020_170052.jpg,3915.0,881.0,34.552380563701306
52,0.0,0.0,0.0,1.0,3.0,6.0,7.0,8.0,10.0,11.0,12.0,12.0,13.0,14.0,14.0,15.840000000000003,16.0,17.0,17.0,18.0,18.039999999999992,19.0,20.0,21.0,21.0,22.0,23.0,23.0,24.0,25.0,26.0,26.0,27.0,28.0,28.0,29.639999999999986,30.0,31.0,31.0,32.0,32.0,33.0,34.0,35.0,35.0,36.0,36.0,37.0,38.0,39.0,40.0,40.0,41.0,41.0,42.0,42.440000000000055,43.0,44.0,45.0,45.0,46.0,46.0,47.0,48.0,49.0,50.0,50.0,51.0,52.0,53.0,54.0,54.0,54.0,55.0,56.0,57.0,57.0,58.0,59.0,60.0,61.0,62.0,63.0,64.0,65.0,67.0,68.0,69.12,70.36000000000001,71.60000000000002,73.0,73.0,75.0,78.0,79.79999999999995,82.0,85.0,89.51999999999998,94.0,121.0,0.0,1000.5294117927551,1000.6039215922356,1000.6588235497475,1000.705882370472,1000.7490196228027,1000.7960784435272,1000.8470588326454,1000.9019607901573,1000.9647058844566,3000.866666674614,170.9200653076172,178.48472290039064,183.2846649169922,186.94190979003906,190.1663818359375,193.18446655273436,196.22704315185547,199.64462280273438,204.3578598022461,350.3102111816406,233.97876,3.0,test_data/Useful/Validation/sharp sand at 1ft/20241020_170053(0).jpg,3906.0,869.0,32.32151958691034
53,0.0,0.0,0.0,0.0,2.0,5.0,6.0,7.0,8.0,9.0,10.0,12.0,13.0,14.360000000000014,15.0,16.840000000000003,17.0,18.0,19.0,20.0,21.0,22.0,22.0,23.0,24.0,25.0,25.0,26.0,27.0,28.0,28.0,28.0,29.0,29.0,30.0,31.0,31.0,31.0,32.0,32.60000000000002,33.0,33.0,34.0,34.56,35.0,36.0,37.0,37.0,37.75999999999999,38.0,38.0,39.0,40.0,40.0,41.0,42.0,42.0,43.0,43.0,44.0,45.0,45.879999999999995,46.0,47.0,47.0,48.0,49.0,50.0,51.0,51.0,52.039999999999964,53.0,54.0,54.0,56.0,56.0,57.48000000000002,58.0,59.0,60.0,60.440000000000055,61.67999999999995,62.91999999999996,63.0,64.39999999999998,65.0,66.0,68.12,69.36000000000001,71.0,72.0,74.08000000000004,75.32000000000005,77.0,80.79999999999995,82.0,84.0,87.0,97.27999999999997,105.0,0.0,1000.5568627715111,1000.6313725709915,1000.6901960968971,1000.7411764860153,1000.7882353067398,1000.839215695858,1000.8941176533699,1000.9490196108818,1001.0,2001.0,171.42152404785156,178.88297119140626,183.6627456665039,187.34853820800782,190.52029418945312,193.4702606201172,196.4578079223633,199.81211547851564,204.5159149169922,350.57196044921875,235.21852,3.0,test_data/Useful/Validation/sharp sand at 1ft/20241020_170053.jpg,4072.0,917.0,34.621518346727996
54,0.0,0.0,0.0,0.0,1.0,2.0,3.0,5.920000000000002,9.0,9.400000000000006,11.0,12.0,13.0,14.0,14.599999999999994,15.0,16.0,17.0,18.0,18.0,19.0,20.0,21.0,21.0,22.0,22.0,23.480000000000018,24.720000000000027,25.0,26.0,26.439999999999998,27.0,28.0,29.0,29.0,29.0,30.0,30.120000000000005,31.0,31.0,32.0,33.0,33.31999999999999,34.0,35.0,35.0,36.0,37.0,38.0,39.0,39.0,40.48000000000002,41.0,42.0,42.0,43.0,43.0,44.0,45.0,46.0,46.639999999999986,47.879999999999995,48.0,49.0,50.0,51.0,52.0,52.0,52.559999999999945,53.0,54.0,55.0,56.0,57.0,58.0,58.0,59.0,60.0,61.0,62.0,62.0,63.0,64.0,65.0,66.0,67.0,68.0,69.0,71.0,73.0,75.68000000000006,77.0,79.32000000000005,82.0,84.0,85.0,90.0,94.0,101.51999999999998,112.0,0.0,1000.5294117927551,1000.6078431606293,1000.6666666865349,1000.7176470756531,1000.7647058963776,1000.8156862854958,1000.8627451062202,1000.9176470637321,1000.9803921580315,3000.7529411911964,171.05536651611328,178.6874542236328,183.4365493774414,187.15907287597656,190.41776275634766,193.44920043945314,196.4927520751953,199.84315490722656,204.67559814453125,350.366943359375,232.31473,3.0,test_data/Useful/Validation/sharp sand at 1ft/20241020_170054.jpg,4007.0,929.0,34.235366854431106
55,0.0,0.0,0.0,0.0,0.0,1.0,2.0,3.0,4.159999999999997,6.0,7.0,8.0,9.120000000000005,11.0,11.599999999999994,12.0,13.0,14.0,15.0,15.800000000000011,16.039999999999992,18.0,18.0,19.0,20.0,21.0,21.480000000000018,22.0,23.0,23.0,24.0,24.0,25.0,25.0,26.0,26.639999999999986,27.0,27.0,28.0,29.0,29.839999999999975,31.0,32.0,33.0,34.0,34.0,34.27999999999997,35.0,36.0,36.0,37.0,37.0,37.0,38.0,38.0,39.0,39.67999999999995,40.0,41.0,41.0,41.639999999999986,42.0,43.0,43.0,44.0,44.84000000000003,45.0,47.0,48.0,48.0,49.039999999999964,51.0,51.0,52.75999999999999,54.0,55.0,55.0,56.0,56.0,58.0,59.0,59.67999999999995,60.0,61.15999999999997,62.39999999999998,64.0,65.0,67.0,68.0,69.60000000000002,71.0,72.0,74.0,77.0,81.59999999999991,84.03999999999996,88.55999999999995,93.51999999999998,104.75999999999999,123.0,0.0,1000.5372549295425,1000.6156862974167,1000.6745098233223,1000.7215686440468,1000.772549033165,1000.8196078538895,1000.8705882430077,1000.9254902005196,1000.9843137264252,3001.0,171.44754028320312,178.9380645751953,183.67958068847656,187.39251708984375,190.584228515625,193.55255126953125,196.51542510986326,199.92344665527344,204.6343994140625,350.392578125,230.49057,3.0,test_data/Useful/Validation/sharp sand at 1ft/20241020_170055.jpg,4072.0,872.0,34.96621998968093
56,0.0,1.4800000000000004,4.0,6.0,7.0,9.0,10.0,11.920000000000002,13.0,14.0,14.64,16.0,18.0,19.0,19.0,20.0,21.0,21.0,22.0,22.0,23.039999999999992,24.0,25.0,26.0,27.0,28.0,29.0,30.0,30.0,31.0,32.0,33.0,33.0,34.0,34.0,34.639999999999986,35.0,36.0,37.0,37.0,38.0,38.079999999999984,39.0,39.56,40.0,41.0,42.0,42.0,43.0,43.0,43.24000000000001,44.0,44.0,45.0,46.0,46.440000000000055,47.0,47.91999999999996,48.0,49.0,49.639999999999986,50.0,50.120000000000005,51.0,51.0,52.0,53.0,53.32000000000005,54.0,55.0,57.0,57.0,58.0,58.0,59.0,62.0,63.0,64.0,65.0,65.0,66.0,67.0,68.0,69.15999999999997,70.0,71.0,72.0,73.0,74.0,76.60000000000002,78.0,80.08000000000004,82.0,85.55999999999995,88.0,90.03999999999996,93.0,95.51999999999998,98.0,121.0,43.0,1000.5294117927551,1000.6039215922356,1000.6627451181412,1000.7098039388657,1000.7568627595901,1000.8039215803146,1000.8509804010391,1000.905882358551,1000.9686274528503,2001.0,171.03257751464844,178.66595458984375,183.4868591308594,187.1875,190.37100219726562,193.32765197753906,196.36639404296875,199.7498321533203,204.634033203125,350.3111267089844,235.01183,3.0,test_data/Useful/Validation/sharp sand at 1ft/20241020_170056(0).jpg,3900.0,959.0,25.960370751849766
57,0.0,0.0,0.0,0.0,0.0,0.0,0.0,0.0,0.0,0.0,0.0,0.0,0.0,0.0,0.0,0.0,0.0,0.0,0.0,0.0,0.0,0.0,0.0,0.0,0.0,1.0,3.0,3.0,4.0,6.0,7.0,8.680000000000007,10.0,11.0,11.0,12.0,13.0,14.0,14.0,15.0,15.0,16.0,16.0,16.0,17.0,17.04000000000002,18.279999999999973,20.0,20.0,21.0,21.0,22.0,22.0,22.0,23.0,24.0,24.67999999999995,25.0,26.0,26.0,27.0,27.879999999999995,29.0,30.0,30.600000000000023,32.0,33.0,34.0,34.0,35.799999999999955,36.039999999999964,37.0,38.0,38.75999999999999,40.0,40.0,41.48000000000002,42.72000000000003,43.0,45.0,46.440000000000055,48.0,49.0,51.0,52.0,53.0,54.0,56.0,57.0,59.0,60.84000000000003,62.0,65.0,66.0,69.79999999999995,74.0,77.27999999999997,85.07999999999993,90.0,111.0,0.0,1000.5647059082985,1000.6470588445663,1000.7019608020782,1000.7411764860153,1000.7803921699524,1000.8156862854958,1000.8588235378265,1000.905882358551,1000.9686274528503,3001.0,171.22132110595703,178.79774475097656,183.49562072753906,187.1834716796875,190.34117126464844,193.3115234375,196.2362060546875,199.49302673339844,203.89244079589844,350.4363708496094,233.30476,3.0,test_data/Useful/Validation/sharp sand at 1ft/20241020_170131.jpg,3432.0,596.0,26.339648285625213
58,0.0,0.0,0.0,0.0,0.0,0.0,0.0,0.0,0.0,0.0,0.0,0.0,0.0,0.0,0.0,0.0,0.0,0.0,0.0,0.0,1.0,1.0,2.0,2.0,3.0,4.0,5.0,5.720000000000027,6.0,7.0,8.0,9.0,10.0,11.0,12.0,13.0,13.0,13.120000000000005,14.0,14.600000000000023,15.0,15.0,16.0,16.560000000000002,17.0,18.0,18.0,19.0,19.0,20.0,20.24000000000001,21.0,22.0,23.0,23.0,24.0,24.67999999999995,26.0,26.0,27.0,28.0,28.0,29.0,29.0,30.0,30.0,32.0,32.0,33.0,34.0,34.0,35.0,35.51999999999998,37.0,38.0,39.0,40.0,41.0,41.960000000000036,43.0,44.0,44.0,45.0,46.0,46.0,47.0,48.0,49.120000000000005,51.0,52.60000000000002,54.0,55.0,56.0,57.0,60.0,63.0,66.27999999999997,72.51999999999998,78.0,94.0,0.0,1000.5058823823929,1000.5921568870544,1000.65098041296,1000.6980392336845,1000.7333333492279,1000.7764706015587,1000.8156862854958,1000.866666674614,1000.9294117689133,2000.3450980484486,170.91680145263672,178.5519775390625,183.3342742919922,187.0614471435547,190.22201538085938,193.17556762695312,196.1019287109375,199.37506713867188,203.8667449951172,350.16107177734375,238.0994,3.0,test_data/Useful/Validation/sharp sand at 1ft/20241020_170132(0).jpg,3572.0,582.0,27.660685635572978
59,0.0,0.0,0.0,0.0,0.0,0.0,0.0,0.0,0.0,0.0,0.0,0.0,0.0,0.0,0.0,0.0,0.0,0.0,0.0,0.0,1.0,2.0,2.5200000000000102,3.0,4.0,5.0,5.0,5.720000000000027,6.0,7.0,8.0,8.0,9.0,10.0,10.0,10.639999999999986,11.879999999999995,13.0,14.0,15.0,15.0,15.0,16.0,16.560000000000002,17.0,17.0,18.0,18.0,19.0,19.0,21.0,21.0,22.0,22.0,23.0,24.0,24.0,25.0,25.0,26.0,26.0,27.0,28.0,29.0,30.0,31.0,32.0,33.0,34.0,34.0,34.0,35.27999999999997,36.0,37.0,38.0,39.0,40.0,41.0,41.0,42.0,43.0,43.0,44.0,45.0,46.0,47.0,49.0,50.120000000000005,51.0,52.0,53.84000000000003,55.0,58.0,61.0,64.0,66.0,71.55999999999995,76.51999999999998,82.0,100.0,0.0,1000.5294117927551,1000.6156862974167,1000.6745098233223,1000.7215686440468,1000.7686274647713,1000.8078431487083,1000.8509804010391,1000.9019607901573,1000.9647058844566,2000.9960784316063,171.08407135009764,178.86390686035156,183.62429809570312,187.32760620117188,190.53382873535156,193.46844482421875,196.40756225585938,199.7163116455078,204.0795654296875,350.31781005859375,235.89362,3.0,test_data/Useful/Validation/sharp sand at 1ft/20241020_170132.jpg,3598.0,598.0,33.81535222910318
60,0.0,0.0,0.0,0.0,0.0,0.0,0.0,0.0,0.0,0.0,0.0,0.0,0.0,0.0,0.0,0.0,0.0,0.0,0.0,0.0,0.0,0.0,0.0,0.7599999999999909,1.0,1.0,2.0,2.0,3.0,4.199999999999989,5.0,6.0,7.0,7.0,8.399999999999977,9.0,10.0,11.0,12.0,12.600000000000023,13.0,14.0,15.0,15.0,15.800000000000011,16.0,16.0,16.0,17.0,17.0,17.0,18.0,18.0,19.0,20.0,20.440000000000055,21.0,21.0,22.0,23.0,23.639999999999986,24.0,25.0,26.0,27.0,28.0,29.0,29.32000000000005,30.0,32.0,33.0,34.0,34.0,36.0,37.0,37.0,38.0,39.0,40.0,40.200000000000045,41.0,42.0,43.0,44.0,45.0,46.0,47.0,49.0,50.0,51.60000000000002,53.84000000000003,56.08000000000004,58.0,60.0,62.0,64.0,68.0,69.51999999999998,73.0,96.0,0.0,1000.4980392158031,1000.5803921818733,1000.6313725709915,1000.6705882549286,1000.705882370472,1000.7372549176216,1000.7764706015587,1000.8274509906769,1000.8941176533699,2000.9960784316063,171.14551696777343,178.68234252929688,183.44503784179688,187.15444946289062,190.36749267578125,193.30150756835937,196.27201080322266,199.5282745361328,203.92794799804688,350.0762634277344,236.30736,3.0,test_data/Useful/Validation/sharp sand at 1ft/20241020_170133.jpg,3493.0,553.0,38.07798893563617
61,0.0,0.0,0.0,0.0,0.0,0.0,0.0,0.0,0.0,0.0,0.0,0.0,0.0,0.0,0.0,0.0,0.0,0.0,0.0,0.0,0.0,0.0,0.0,1.0,2.0,2.0,3.0,4.0,4.9599999999999795,5.199999999999989,6.0,7.0,7.920000000000016,8.0,8.0,9.0,10.0,10.120000000000005,11.0,12.0,13.0,13.0,14.0,14.0,15.0,15.0,16.0,16.0,17.0,17.0,18.0,18.0,19.0,19.0,20.0,20.0,20.67999999999995,21.0,21.0,22.0,22.0,23.0,23.0,24.0,24.0,25.0,25.0,26.32000000000005,27.0,28.0,29.0,29.0,30.0,30.0,31.0,31.24000000000001,32.0,32.0,33.0,34.0,34.0,35.0,37.0,38.0,39.39999999999998,40.0,41.0,42.0,44.0,45.0,46.0,47.16000000000008,50.0,52.0,55.799999999999955,58.0,61.0,64.03999999999996,70.75999999999999,79.0,0.0,1000.4823529422283,1000.5607843399048,1000.611764729023,1000.65098041296,1000.6862745285034,1000.7176470756531,1000.7529411911964,1000.8000000119209,1000.866666674614,2000.9490196108818,170.8022033691406,178.4798126220703,183.22860412597657,186.94971923828126,190.17086791992188,193.14004516601562,196.10296630859375,199.42044067382812,203.8002151489258,349.9685974121094,235.51833,3.0,test_data/Useful/Validation/sharp sand at 1ft/20241020_170134.jpg,3487.0,528.0,28.326102305868055
62,0.0,0.0,0.0,0.0,0.0,0.0,0.0,0.0,0.0,0.0,0.0,0.0,0.0,0.0,0.0,0.0,0.0,0.0,0.0,0.0,0.0,0.0,1.0,1.0,2.0,2.0,3.0,3.0,4.0,5.0,6.0,7.0,8.0,8.0,9.0,9.0,10.0,11.0,11.0,12.0,12.0,13.0,13.0,14.0,14.0,15.0,15.0,15.519999999999982,16.0,16.0,16.0,17.0,17.0,18.0,18.0,19.0,19.67999999999995,20.0,21.0,21.0,22.0,22.0,23.0,24.0,25.0,25.840000000000032,26.0,26.0,27.0,28.0,28.0,29.0,30.0,31.0,32.0,32.0,33.0,34.0,34.0,35.0,36.0,36.67999999999995,37.0,38.15999999999997,40.0,41.639999999999986,42.0,43.0,45.0,46.0,47.84000000000003,49.0,51.32000000000005,54.0,55.0,58.039999999999964,61.0,65.0,69.75999999999999,92.0,0.0,1000.5372549295425,1000.6156862974167,1000.6666666865349,1000.705882370472,1000.7372549176216,1000.772549033165,1000.811764717102,1000.8588235378265,1000.9254902005196,2000.9960784316063,171.20433654785157,178.75658569335937,183.52471923828125,187.17587280273438,190.3526153564453,193.2894287109375,196.23602294921875,199.53460693359375,203.88059997558594,350.35589599609375,235.68697,3.0,test_data/Useful/Validation/sharp sand at 1ft/20241020_170135.jpg,3484.0,523.0,27.100114691808326
63,0.0,0.0,0.0,0.0,0.0,0.0,0.0,0.0,0.0,0.0,0.0,0.0,0.0,0.0,0.0,0.0,0.0,0.0,0.0,0.0,0.0,0.0,0.0,0.0,0.0,0.0,0.0,0.0,0.0,0.0,0.0,0.0,1.0,1.160000000000025,2.0,3.0,4.0,5.0,5.0,6.0,7.0,8.0,8.0,9.0,10.0,10.0,12.0,12.0,13.0,14.0,15.0,15.0,15.720000000000027,16.0,16.0,17.0,18.0,18.0,18.0,19.0,19.0,19.0,20.0,21.0,21.600000000000023,22.0,23.0,23.0,24.0,24.0,25.0,25.279999999999973,26.519999999999982,27.0,28.0,30.0,30.480000000000018,31.0,33.0,33.0,34.0,35.0,37.0,37.15999999999997,39.0,40.0,43.0,46.0,47.0,49.0,50.84000000000003,52.0,56.0,58.0,58.799999999999955,60.0,65.0,67.51999999999998,74.27999999999997,94.0,0.0,1000.5411764979362,1000.6196078658104,1000.6705882549286,1000.7098039388657,1000.7411764860153,1000.7764706015587,1000.8156862854958,1000.8705882430077,1000.9372549057007,2001.0,171.08761596679688,178.6923065185547,183.43930053710938,187.07440185546875,190.22161865234375,193.17434692382812,196.1274871826172,199.3775634765625,203.7072509765625,350.3653564453125,233.76953,3.0,test_data/Useful/Validation/sharp sand at 1ft/20241020_170136.jpg,3227.0,472.0,27.081380445248545
64,0.0,0.0,0.0,0.0,0.0,0.0,0.0,0.0,0.0,0.0,0.0,0.0,0.0,0.0,0.0,0.0,0.0,0.0,0.0,0.0,0.0,0.0,0.0,1.0,2.0,3.0,3.480000000000018,4.0,5.0,6.0,7.0,7.0,8.0,8.0,10.0,10.0,11.0,11.0,12.0,12.600000000000023,13.0,14.0,14.0,15.0,16.0,16.0,16.0,17.0,17.0,18.0,18.0,18.0,19.0,19.0,20.0,20.0,21.0,22.0,23.0,23.399999999999977,24.0,25.0,26.0,26.360000000000014,28.0,29.0,30.0,30.0,31.0,32.0,32.0,32.27999999999997,33.0,34.0,34.0,35.0,37.0,37.0,38.0,39.0,40.0,41.0,42.0,43.15999999999997,45.0,46.0,48.0,49.0,51.0,53.0,54.0,57.0,58.32000000000005,62.0,63.0,65.03999999999996,67.27999999999997,77.0,80.75999999999999,99.0,0.0,1000.5490196347237,1000.6313725709915,1000.6862745285034,1000.7294117808342,1000.7686274647713,1000.811764717102,1000.8549019694328,1000.9098039269447,1000.9764705896378,2001.0,171.24452209472656,178.6859558105469,183.53553466796876,187.19139099121094,190.3856201171875,193.3800048828125,196.31887817382812,199.6082305908203,203.96405029296875,350.4481201171875,232.76796,3.0,test_data/Useful/Validation/sharp sand at 1ft/20241020_170137(0).jpg,3547.0,544.0,29.893765710750937
65,0.0,0.0,0.0,0.0,0.0,0.0,0.0,0.0,0.0,0.0,0.0,0.0,0.0,0.0,0.0,0.0,0.0,0.0,0.0,0.0,0.0,0.0,0.0,0.0,0.0,0.0,0.0,1.0,2.0,2.0,3.0,4.680000000000007,5.0,7.0,8.0,9.0,9.0,10.0,11.0,12.0,12.839999999999975,13.0,14.0,14.0,15.0,15.0,16.0,16.0,16.0,17.0,17.0,18.0,18.0,19.0,20.0,20.0,21.0,21.91999999999996,22.0,23.0,23.639999999999986,25.0,25.120000000000005,26.0,26.600000000000023,27.0,28.0,29.0,29.559999999999945,31.0,31.0,32.0,33.0,34.0,34.0,35.0,35.48000000000002,36.72000000000003,38.0,39.0,41.0,41.67999999999995,43.0,44.0,46.0,47.0,49.0,51.0,53.360000000000014,54.60000000000002,56.84000000000003,58.0,60.32000000000005,65.55999999999995,70.59999999999991,73.03999999999996,76.0,80.51999999999998,85.0,102.0,0.0,1000.5568627715111,1000.6392157077789,1000.6862745285034,1000.7215686440468,1000.7568627595901,1000.7921568751335,1000.8352941274643,1000.8862745165825,1000.9529411792755,2001.0,171.27283477783203,178.80673217773438,183.52047729492188,187.21387939453126,190.37448120117188,193.3775177001953,196.3051788330078,199.5537078857422,203.86788940429688,350.42620849609375,233.37079,3.0,test_data/Useful/Validation/sharp sand at 1ft/20241020_170137.jpg,3362.0,562.0,30.964612522406018
66,0.0,0.0,0.0,0.0,0.0,0.0,0.0,0.0,0.0,0.0,0.0,0.0,0.0,0.0,0.0,0.0,0.0,0.0,0.0,0.0,1.0,2.0,3.0,4.0,5.0,6.0,8.0,9.0,9.95999999999998,10.0,11.0,11.680000000000007,12.0,12.0,13.0,14.0,15.0,16.0,16.0,16.0,17.0,17.0,18.0,18.0,19.0,20.0,20.0,21.0,21.0,22.0,22.24000000000001,23.0,23.720000000000027,24.0,24.0,25.0,25.67999999999995,26.0,27.0,27.0,27.0,28.0,29.0,30.0,31.0,31.0,33.0,33.0,34.0,35.0,36.0,36.0,37.0,38.0,38.0,39.0,40.0,41.0,42.0,43.0,43.440000000000055,45.0,45.0,46.0,47.0,48.0,49.0,50.0,51.360000000000014,52.0,54.0,56.0,57.32000000000005,59.0,61.799999999999955,63.039999999999964,67.27999999999997,74.0,77.75999999999999,93.0,0.0,1000.5372549295425,1000.6196078658104,1000.6745098233223,1000.7215686440468,1000.7647058963776,1000.811764717102,1000.8588235378265,1000.9137254953384,1000.9803921580315,2001.0,171.47131805419923,179.0469482421875,183.79122924804688,187.4597412109375,190.65174865722656,193.63054809570312,196.54949951171875,199.80374145507812,204.20668029785156,350.42913818359375,227.36876,3.0,test_data/Useful/Validation/sharp sand at 1ft/20241020_170139.jpg,3854.0,637.0,29.437885339188604
67,0.0,0.0,0.0,0.0,0.0,0.0,0.0,0.0,0.0,0.0,0.0,0.0,0.0,0.0,0.0,0.0,0.0,0.0,0.0,0.0,1.039999999999992,2.0,2.5200000000000102,3.759999999999991,4.0,5.0,6.0,6.0,7.0,8.0,9.0,10.0,11.0,12.0,12.0,13.0,14.0,14.0,15.0,15.0,15.0,16.0,17.0,17.0,17.80000000000001,18.0,18.0,18.519999999999982,19.75999999999999,20.0,21.0,21.0,22.0,22.0,22.0,23.0,24.0,24.0,25.0,26.0,26.0,27.0,27.0,28.0,29.0,30.0,31.0,32.0,32.559999999999945,33.0,34.0,35.0,35.0,36.0,37.0,38.0,39.0,40.0,41.0,42.0,43.0,44.0,44.0,45.0,46.39999999999998,48.0,49.0,50.0,51.0,52.60000000000002,53.84000000000003,56.0,57.0,59.0,60.0,63.0,66.0,70.0,76.0,96.0,0.0,1000.5686274766922,1000.6470588445663,1000.7019608020782,1000.7490196228027,1000.7882353067398,1000.8313725590706,1000.8784313797951,1000.9294117689133,1000.9921568632126,2001.0,171.32520446777343,178.9881134033203,183.69366455078125,187.4336395263672,190.5939712524414,193.59798889160157,196.53830566406248,199.81060791015625,204.14328002929688,350.5381774902344,224.40643,3.0,test_data/Useful/Validation/sharp sand at 1ft/20241020_170140(0).jpg,3806.0,625.0,28.24640207678517
68,0.0,0.0,0.0,0.0,0.0,0.0,0.0,0.0,0.0,0.0,0.0,0.0,0.0,0.0,0.0,0.0,0.0,0.0,0.0,0.0,1.0,2.0,3.0,4.0,4.0,5.0,6.0,7.0,7.0,8.0,9.0,10.0,10.0,11.0,12.0,12.0,13.0,14.0,14.0,15.0,15.0,16.0,16.0,17.0,18.0,19.0,19.0,19.519999999999982,20.0,21.0,21.0,22.0,23.0,23.0,23.0,24.0,24.0,25.0,25.0,26.0,26.0,27.0,27.120000000000005,28.0,29.0,29.0,30.0,31.0,32.0,32.0,33.0,34.0,34.0,35.0,36.0,36.0,37.0,38.0,38.0,39.200000000000045,40.0,41.0,41.91999999999996,42.15999999999997,43.0,45.0,46.0,47.0,49.360000000000014,51.0,52.0,53.0,54.32000000000005,56.0,59.799999999999955,64.0,67.0,70.51999999999998,75.75999999999999,89.0,0.0,1000.5568627715111,1000.6392157077789,1000.6941176652908,1000.7411764860153,1000.7843137383461,1000.8274509906769,1000.8745098114014,1000.9294117689133,1000.9882352948189,2001.0,171.38038177490233,178.9777404785156,183.75709533691406,187.50119018554688,190.65243530273438,193.60467529296875,196.54183959960938,199.84490966796875,204.16036987304688,350.5101013183594,228.08328,3.0,test_data/Useful/Validation/sharp sand at 1ft/20241020_170140.jpg,3860.0,609.0,31.690064512545433
69,0.0,0.0,0.0,0.0,0.0,0.0,0.0,0.0,0.0,0.0,0.0,0.0,0.0,0.0,0.0,0.0,0.0,0.0,0.0,0.0,0.0,0.28000000000000114,1.5200000000000102,2.0,3.0,5.0,6.0,6.720000000000027,8.0,9.0,10.0,11.0,11.0,12.0,13.0,13.639999999999986,14.0,15.0,15.360000000000014,16.0,16.0,16.079999999999984,17.0,18.0,18.0,19.0,20.0,21.0,21.0,22.0,22.0,23.0,23.0,24.0,24.200000000000045,26.440000000000055,27.0,28.0,29.0,29.0,30.0,31.0,31.120000000000005,32.0,32.60000000000002,33.0,34.0,34.0,35.0,36.0,36.039999999999964,38.0,38.0,39.0,39.0,40.0,41.0,41.0,43.0,44.0,45.0,46.67999999999995,48.91999999999996,49.0,50.0,52.0,53.0,54.0,55.0,56.60000000000002,57.0,59.0,61.32000000000005,64.55999999999995,66.0,70.0,71.27999999999997,74.51999999999998,87.27999999999997,115.0,0.0,1000.517647087574,1000.6000000238419,1000.6588235497475,1000.705882370472,1000.7490196228027,1000.7921568751335,1000.839215695858,1000.8941176533699,1000.9568627476692,2001.0,171.2147201538086,178.78485717773438,183.56345825195314,187.27293090820314,190.47119140625,193.38701477050782,196.38380432128906,199.66751403808593,204.10606384277344,350.2593688964844,230.77423,3.0,test_data/Useful/Validation/sharp sand at 1ft/20241020_170141.jpg,3734.0,617.0,31.649228359250888
70,0.0,0.0,0.0,0.0,0.0,0.0,0.0,0.0,0.0,0.0,0.0,0.0,0.0,0.0,0.0,0.0,0.0,0.0,0.0,1.0,2.0,2.0,3.0,3.759999999999991,4.0,5.0,5.480000000000018,6.720000000000027,8.0,9.0,9.0,10.0,11.0,11.0,12.0,12.639999999999986,13.0,14.120000000000005,15.0,16.0,16.0,17.0,17.0,18.0,18.0,19.0,19.0,20.0,20.0,21.0,21.0,22.0,23.0,23.0,24.0,24.0,25.0,25.0,25.0,25.399999999999977,27.0,28.0,28.0,30.0,30.0,32.0,33.0,34.0,34.0,35.0,35.039999999999964,36.0,38.0,40.0,41.0,42.0,42.0,43.0,44.0,45.0,47.0,48.0,48.0,50.0,51.39999999999998,52.639999999999986,54.0,55.0,57.0,58.0,60.0,63.0,64.0,66.0,67.0,71.03999999999996,74.27999999999997,78.51999999999998,88.51999999999998,101.0,0.0,1000.5294117927551,1000.6156862974167,1000.6705882549286,1000.7176470756531,1000.7607843279839,1000.8000000119209,1000.8431372642517,1000.8941176533699,1000.9568627476692,2001.0,171.1279479980469,178.7106475830078,183.5402069091797,187.22650146484375,190.41700744628906,193.459228515625,196.40341186523438,199.73284912109375,204.14959716796875,350.2724609375,234.62238,3.0,test_data/Useful/Validation/sharp sand at 1ft/20241020_170143.jpg,3574.0,634.0,27.29560787413702
71,0.0,0.0,0.0,0.0,0.0,0.0,0.0,0.0,0.0,0.0,0.0,0.0,0.0,1.0,2.0,2.0,3.0,4.319999999999993,5.0,6.800000000000011,7.0,9.0,9.0,10.0,12.0,13.0,13.0,14.0,15.0,15.0,16.0,16.0,17.0,18.0,19.0,19.639999999999986,21.0,21.120000000000005,23.0,23.0,24.0,25.0,26.0,26.0,27.0,28.0,28.0,29.0,29.0,31.0,32.0,32.48000000000002,33.0,35.0,36.0,37.0,37.0,37.0,38.0,39.0,39.0,40.0,41.120000000000005,42.0,43.0,44.84000000000003,45.0,46.0,46.559999999999945,48.0,49.0,50.0,51.0,52.0,53.0,54.0,55.0,56.0,57.0,58.0,60.0,61.0,62.0,63.0,65.0,65.0,66.88,69.12,71.0,73.0,74.0,76.08000000000004,78.0,79.55999999999995,82.0,83.0,85.27999999999997,88.0,93.27999999999997,112.0,0.0,1000.4745098054409,1000.5647059082985,1000.6235294342041,1000.6666666865349,1000.705882370472,1000.745098054409,1000.7843137383461,1000.8274509906769,1000.8823529481888,2000.9960784316063,170.62286376953125,178.21607971191406,183.0357666015625,186.7540283203125,189.9617156982422,192.93365478515625,195.93848571777343,199.34490966796875,204.04015045166017,349.8597412109375,233.53949,3.0,test_data/Useful/Validation/sharp sand at 1ft/20241020_170144(0).jpg,3657.0,769.0,27.580386698671287
72,0.0,0.0,0.0,0.0,0.0,0.0,0.0,0.0,0.0,0.0,0.0,0.0,1.0,2.0,3.0,3.0,4.0,4.0,5.0,6.0,7.0,8.0,9.0,9.0,10.0,10.240000000000009,11.0,12.0,13.0,14.0,14.439999999999998,15.0,15.0,16.0,16.399999999999977,17.0,18.0,18.0,18.360000000000014,19.0,20.0,20.0,20.319999999999993,21.0,22.0,23.0,23.0,24.0,25.0,25.0,25.0,26.0,27.0,28.0,28.0,29.0,30.0,30.0,31.0,31.0,33.0,33.0,34.0,34.0,35.0,36.0,37.0,37.0,38.0,39.0,40.0,40.27999999999997,41.0,42.0,43.0,44.0,45.0,46.0,47.0,48.0,49.0,49.0,50.0,51.0,52.39999999999998,53.0,55.0,56.0,57.0,58.60000000000002,59.84000000000003,61.0,63.0,67.11999999999989,70.0,72.0,75.27999999999997,79.03999999999996,87.75999999999999,95.0,0.0,1000.486274510622,1000.5764706134796,1000.6392157077789,1000.6862745285034,1000.7294117808342,1000.7686274647713,1000.811764717102,1000.8588235378265,1000.9176470637321,2001.0,171.16063842773437,178.69529724121094,183.5178985595703,187.21311950683594,190.4148712158203,193.40673828125,196.39724731445312,199.7337646484375,204.34909057617188,350.0469665527344,236.56406,3.0,test_data/Useful/Validation/sharp sand at 1ft/20241020_170144.jpg,3738.0,687.0,32.299368227743926
73,0.0,0.0,0.0,0.0,0.0,0.0,0.0,0.0,0.0,0.0,0.0,0.0,0.0,0.0,0.0,0.0,1.0,2.0,4.0,4.0,6.0,7.0,7.0,8.0,9.0,10.0,11.0,12.0,13.0,13.0,14.0,15.0,15.0,16.0,17.0,17.639999999999986,18.0,18.120000000000005,19.360000000000014,20.0,21.0,22.0,22.0,23.0,23.0,24.0,24.0,25.0,25.0,26.0,26.0,26.480000000000018,27.0,28.0,29.0,29.0,30.0,30.0,31.0,32.0,33.0,33.879999999999995,34.0,35.0,36.0,37.0,38.0,39.0,40.0,41.0,41.039999999999964,42.0,43.0,44.0,45.0,46.0,48.48000000000002,49.0,50.960000000000036,52.0,53.0,54.0,55.0,57.0,58.0,60.0,61.0,62.120000000000005,64.36000000000001,67.60000000000002,68.0,71.0,73.0,75.0,76.79999999999995,79.0,81.0,83.0,100.51999999999998,139.0,0.0,1000.4823529422283,1000.5647059082985,1000.6156862974167,1000.6588235497475,1000.6941176652908,1000.7294117808342,1000.772549033165,1000.8156862854958,1000.8745098114014,2001.0,170.32095336914062,178.00216674804688,182.75125122070312,186.48818969726562,189.75648498535156,192.74098205566406,195.69537811279298,199.0863494873047,203.86131286621094,349.88446044921875,231.4086,3.0,test_data/Useful/Validation/sharp sand at 1ft/20241020_170145.jpg,3637.0,720.0,34.59817926201314
74,0.0,0.0,0.0,0.0,0.0,0.0,0.0,0.0,0.0,0.0,1.6400000000000006,2.0,3.0,4.0,5.0,5.840000000000003,6.0800000000000125,7.0,8.0,9.0,10.0,11.0,11.52000000000001,12.0,14.0,14.0,15.0,15.0,15.0,16.0,17.0,17.0,18.0,19.0,19.399999999999977,20.0,20.0,21.120000000000005,22.0,23.0,23.0,25.0,26.0,26.0,27.0,28.0,29.0,30.0,30.0,31.0,31.0,32.0,32.0,33.0,33.0,34.0,34.67999999999995,35.0,36.0,37.0,38.0,39.0,39.0,40.0,41.0,41.0,42.08000000000004,43.0,44.0,44.0,46.0,47.0,48.0,50.0,51.0,52.0,53.0,54.72000000000003,56.0,57.0,57.440000000000055,58.67999999999995,59.0,60.0,60.39999999999998,62.0,63.879999999999995,65.0,66.36000000000001,67.60000000000002,70.84000000000003,73.0,75.32000000000005,77.0,78.79999999999995,81.0,83.11999999999989,90.0,95.27999999999997,118.0,0.0,1000.4784313738346,1000.5607843399048,1000.6156862974167,1000.6588235497475,1000.6980392336845,1000.7333333492279,1000.7764706015587,1000.8235294222832,1000.8901960849762,2001.0,170.9557342529297,178.59251403808594,183.4491409301758,187.12037658691406,190.32394409179688,193.3219757080078,196.3322296142578,199.7061767578125,204.25582885742188,349.9946594238281,231.70427,3.0,test_data/Useful/Validation/sharp sand at 1ft/20241020_170146(0).jpg,3826.0,796.0,29.497880500384642
75,0.0,0.0,0.0,0.0,0.0,0.0,0.0,0.0,0.0,0.0,0.0,0.0,0.0,1.0,1.0,3.0,4.0,5.319999999999993,7.0,8.0,8.0,9.0,11.0,11.759999999999991,12.0,13.0,14.0,15.0,16.0,16.0,16.439999999999998,17.0,18.0,18.0,19.0,19.0,19.0,20.0,21.0,21.0,22.0,23.0,23.319999999999993,24.0,24.80000000000001,25.0,25.0,26.519999999999982,27.0,28.0,29.0,29.0,30.0,30.0,31.0,32.0,33.0,33.0,34.0,35.0,36.0,36.0,36.120000000000005,37.0,38.0,39.0,40.0,40.32000000000005,41.0,42.0,43.0,43.0,44.0,45.0,46.0,47.24000000000001,48.0,50.72000000000003,51.0,52.0,53.0,54.0,55.0,56.0,58.39999999999998,60.0,62.0,63.0,64.0,66.0,68.0,72.0,73.32000000000005,75.0,77.79999999999995,80.03999999999996,82.0,83.51999999999998,90.75999999999999,118.0,0.0,1000.4745098054409,1000.5529412031174,1000.6078431606293,1000.65098041296,1000.6941176652908,1000.7294117808342,1000.772549033165,1000.8196078538895,1000.8901960849762,2001.0,171.16657104492188,178.66590576171876,183.42801208496093,187.1236083984375,190.35499572753906,193.33078002929688,196.3294677734375,199.660400390625,204.26189727783202,349.9685363769531,229.9514,3.0,test_data/Useful/Validation/sharp sand at 1ft/20241020_170147.jpg,3904.0,728.0,32.0250935414482
76,0.0,0.0,0.0,0.0,0.0,0.0,0.0,0.0,0.0,0.0,0.0,0.0,0.0,0.0,0.0,1.0,2.0,3.0,4.0,6.0,7.0,8.0,8.52000000000001,10.0,11.0,13.0,13.0,14.0,15.0,15.199999999999989,16.439999999999998,17.0,18.0,19.160000000000025,20.0,21.0,21.0,22.0,22.0,23.0,24.0,24.0,26.0,26.560000000000002,27.0,28.0,28.279999999999973,29.0,30.0,31.0,31.0,32.0,32.0,33.0,34.0,35.0,36.0,37.0,38.0,39.0,39.639999999999986,40.879999999999995,41.0,43.0,44.0,45.0,46.0,46.0,47.0,49.0,50.039999999999964,51.27999999999997,52.0,53.0,54.0,55.0,55.0,56.0,57.0,59.0,61.0,61.0,62.0,63.0,64.0,65.0,66.0,68.0,68.36000000000001,70.0,72.0,74.08000000000004,77.0,79.0,82.79999999999995,85.03999999999996,89.0,92.51999999999998,101.27999999999997,119.0,0.0,1000.4705882370472,1000.5490196347237,1000.6039215922356,1000.6470588445663,1000.6862745285034,1000.7215686440468,1000.7647058963776,1000.811764717102,1000.8823529481888,2001.0,170.8340301513672,178.4730682373047,183.29750061035156,187.0087432861328,190.2173614501953,193.19302368164062,196.20431365966797,199.52969665527343,204.18856811523438,349.92987060546875,231.65742,3.0,test_data/Useful/Validation/sharp sand at 1ft/20241020_170148.jpg,3750.0,750.0,31.852080473253114
77,0.0,0.0,0.0,0.0,0.0,0.0,0.0,0.0,0.0,1.0,1.6400000000000006,2.8799999999999955,3.1200000000000045,5.0,6.0,7.0,8.0,9.0,10.560000000000002,12.0,13.039999999999992,15.0,16.0,16.0,17.0,17.0,19.0,20.0,20.0,21.0,22.0,22.0,23.0,23.0,24.0,25.0,26.0,27.0,28.0,28.0,29.0,29.079999999999984,30.0,31.0,32.0,32.0,33.0,33.0,34.0,35.0,36.0,37.0,37.0,38.0,39.0,40.0,41.0,42.0,43.0,44.0,45.0,45.0,46.120000000000005,47.0,48.0,48.0,49.0,50.0,51.0,51.799999999999955,52.0,53.0,54.0,54.0,55.0,56.0,56.0,57.0,58.0,59.200000000000045,60.440000000000055,62.0,63.0,64.0,65.39999999999998,67.0,69.0,69.0,70.0,71.0,72.0,74.0,76.0,81.11999999999989,84.0,86.0,88.0,93.59999999999991,99.75999999999999,111.0,0.0,1000.5098039507866,1000.5882353186607,1000.6392157077789,1000.6862745285034,1000.7254902124405,1000.772549033165,1000.8196078538895,1000.8784313797951,1000.9450980424881,2001.0,170.74346923828125,178.51934814453125,183.36557006835938,187.111572265625,190.23612213134766,193.20070190429686,196.19713134765624,199.59117126464844,204.2549087524414,350.2322082519531,234.57922,3.0,test_data/Useful/Validation/sharp sand at 1ft/20241020_170149(0).jpg,3822.0,854.0,27.729944043764142
78,0.0,0.0,0.0,0.0,0.0,0.0,0.0,0.0,0.0,0.0,0.0,0.0,0.0,0.0,1.0,1.0,2.0,2.319999999999993,3.0,4.0,6.0,7.0,7.52000000000001,8.0,9.0,11.0,12.0,13.0,14.0,15.0,17.0,17.0,18.920000000000016,19.0,20.0,20.0,21.0,21.120000000000005,22.0,23.0,24.0,25.0,26.0,27.0,28.0,28.0,29.0,30.0,30.0,31.0,31.0,32.0,32.0,33.0,34.200000000000045,35.0,36.67999999999995,37.0,38.0,38.39999999999998,39.0,40.0,41.0,41.360000000000014,43.0,44.0,44.0,45.0,46.0,47.0,48.0,49.27999999999997,50.0,51.0,53.0,54.0,55.0,57.0,58.0,59.0,61.0,62.0,63.0,64.0,66.0,67.0,68.0,70.0,71.36000000000001,74.0,76.0,79.16000000000008,82.0,83.0,84.79999999999995,87.0,89.0,92.51999999999998,100.51999999999998,124.0,0.0,1000.5647059082985,1000.6274510025978,1000.6705882549286,1000.705882370472,1000.7372549176216,1000.772549033165,1000.811764717102,1000.8627451062202,1000.933333337307,2001.0,170.66375732421875,178.16864013671875,182.9482421875,186.67176818847656,189.87213134765625,192.81768798828125,195.851318359375,199.21096801757812,203.91360473632812,350.3575134277344,236.9957,3.0,test_data/Useful/Validation/sharp sand at 1ft/20241020_170149.jpg,3596.0,761.0,27.00637158871179
79,0.0,0.0,0.0,0.0,0.0,0.0,1.0,2.9200000000000017,4.0,5.0,7.0,9.0,10.120000000000005,13.0,15.0,16.0,17.0,17.319999999999993,18.0,19.0,20.0,21.0,21.0,22.0,22.0,23.0,24.0,24.0,25.0,26.0,28.0,28.0,29.0,30.0,31.0,32.0,32.0,33.0,34.0,34.0,35.0,36.0,37.0,38.0,38.0,39.04000000000002,40.0,41.0,41.75999999999999,42.0,43.0,43.48000000000002,44.0,45.0,46.0,46.0,47.0,47.0,48.0,48.0,49.0,50.0,50.0,51.0,52.0,52.0,53.0,53.0,53.0,54.0,55.0,55.27999999999997,56.51999999999998,57.0,58.0,58.0,59.0,59.0,60.0,61.0,62.0,63.67999999999995,64.0,65.0,66.0,68.0,70.0,70.12,71.0,72.0,73.84000000000003,76.0,77.32000000000005,80.0,82.79999999999995,85.0,87.0,90.51999999999998,93.0,101.0,0.0,1000.4941176474094,1000.5686274766922,1000.6235294342041,1000.6666666865349,1000.7098039388657,1000.7568627595901,1000.8039215803146,1000.8627451062202,1000.9294117689133,2001.0,170.9249740600586,178.4556427001953,183.1404602050781,186.9018341064453,190.13525390625,193.0963592529297,196.0969482421875,199.481494140625,204.31430358886718,350.09344482421875,235.34348,3.0,test_data/Useful/Validation/sharp sand at 1ft/20241020_170150.jpg,3761.0,918.0,29.621719828368583
80,0.0,0.0,0.0,0.0,0.0,0.0,0.0,0.0,2.0,3.0,4.640000000000001,7.0,9.0,10.0,11.0,12.840000000000003,15.0,16.0,17.0,18.0,19.0,20.0,20.0,21.75999999999999,22.0,23.0,23.0,24.0,26.0,27.0,28.0,29.0,30.0,30.160000000000025,31.0,33.0,33.0,34.0,35.0,36.0,36.839999999999975,37.0,38.0,38.56,40.0,41.0,42.0,42.0,42.75999999999999,43.0,43.24000000000001,45.0,45.72000000000003,46.960000000000036,47.0,48.0,48.0,49.91999999999996,50.0,50.0,51.0,51.0,52.0,53.0,53.60000000000002,54.0,54.08000000000004,55.0,57.0,58.0,60.0,60.0,61.0,61.0,62.0,63.0,64.0,64.0,65.0,66.20000000000005,68.0,69.0,70.0,72.0,73.0,74.0,75.88,76.0,78.36000000000001,81.0,82.0,83.0,86.0,87.0,88.79999999999995,90.03999999999996,92.27999999999997,96.0,101.75999999999999,117.0,0.0,1000.4745098054409,1000.5529412031174,1000.6039215922356,1000.65098041296,1000.6980392336845,1000.745098054409,1000.8000000119209,1000.8549019694328,1000.9215686321259,2001.0,170.7855712890625,178.37306518554686,183.16517181396483,186.9121856689453,190.0860595703125,193.03907775878906,196.07861328125,199.48159790039062,204.32144165039062,349.974853515625,241.0936,3.0,test_data/Useful/Validation/sharp sand at 1ft/20241020_170151.jpg,3547.0,892.0,28.352709631633452
81,0.0,0.0,0.0,0.0,0.0,0.0,0.6800000000000068,1.0,4.0,5.0,6.0,7.0,9.0,10.0,11.0,12.840000000000003,13.0,15.0,15.560000000000002,16.80000000000001,17.0,18.0,19.0,20.0,21.0,22.0,24.0,25.0,26.0,26.19999999999999,27.439999999999998,29.0,30.0,30.160000000000025,31.0,31.0,31.879999999999995,33.0,33.0,34.0,35.0,36.0,36.0,37.0,38.0,39.0,39.0,40.0,40.0,41.0,42.0,42.0,43.0,44.0,44.0,45.0,46.0,47.0,47.0,48.0,49.0,50.0,50.120000000000005,51.0,51.60000000000002,53.0,53.08000000000004,54.0,56.0,56.0,58.0,58.27999999999997,59.0,60.0,61.0,62.0,63.0,63.72000000000003,65.0,66.0,67.0,67.0,68.0,69.0,70.0,71.0,71.88,73.0,74.0,77.0,79.0,80.0,81.32000000000005,83.0,87.0,89.0,92.0,95.51999999999998,101.75999999999999,119.0,0.0,1000.4705882370472,1000.5490196347237,1000.6039215922356,1000.65098041296,1000.6980392336845,1000.7411764860153,1000.7960784435272,1000.8549019694328,1000.9215686321259,2001.0,170.8635711669922,178.44281005859375,183.150634765625,186.81668090820312,190.02169799804688,192.98426513671876,196.03404846191407,199.41622619628907,204.22119140625,349.9862976074219,239.34288,3.0,test_data/Useful/Validation/sharp sand at 1ft/20241020_170152.jpg,3628.0,882.0,32.17760870431153
82,0.0,0.0,0.0,0.0,0.0,0.0,1.0,2.0,3.0,4.0,6.0,6.0,8.0,9.0,10.0,11.0,12.0,13.0,13.560000000000002,14.0,15.0,16.0,17.0,18.0,19.0,20.0,20.480000000000018,21.0,21.0,22.0,23.0,23.680000000000007,24.0,25.0,26.0,27.0,28.0,28.120000000000005,29.0,30.0,31.0,31.0,32.0,32.0,32.80000000000001,33.04000000000002,34.0,35.0,35.0,36.0,37.0,37.0,38.0,39.0,40.0,41.0,42.0,42.0,44.0,44.0,44.0,45.0,45.0,46.0,46.60000000000002,47.0,48.0,48.0,49.0,49.0,50.0,51.0,52.0,52.75999999999999,53.0,54.0,55.48000000000002,57.0,58.0,59.0,61.0,61.0,63.0,64.0,66.0,67.63999999999999,68.0,70.0,72.0,73.0,74.84000000000003,75.0,78.32000000000005,80.0,82.59999999999991,84.03999999999996,87.27999999999997,90.0,97.27999999999997,113.0,0.0,1000.5098039507866,1000.584313750267,1000.6392157077789,1000.6862745285034,1000.7254902124405,1000.772549033165,1000.8235294222832,1000.8784313797951,1000.9450980424881,2001.0,171.33550567626952,178.91249084472656,183.69287109375,187.38720703125,190.60153198242188,193.54647827148438,196.55392456054688,199.91812133789062,204.62196350097656,350.1812744140625,236.5451,3.0,test_data/Useful/Validation/sharp sand at 1ft/20241020_170153.jpg,3806.0,857.0,25.383617809298652
83,0.0,0.0,0.0,0.0,0.0,1.0,1.6800000000000068,3.0,4.0,5.0,6.0,8.0,9.120000000000005,11.0,12.0,13.0,14.0,15.0,15.0,16.0,16.0,17.0,17.0,18.0,18.0,19.0,19.0,21.0,22.0,23.19999999999999,24.0,25.0,25.0,26.160000000000025,27.0,28.0,29.0,30.120000000000005,31.360000000000014,33.0,33.0,34.0,35.0,36.0,36.0,37.0,37.0,38.0,39.0,40.0,40.0,41.0,41.0,42.960000000000036,43.200000000000045,44.0,44.0,45.0,46.0,47.0,48.0,48.0,50.0,51.0,52.0,52.0,53.0,54.32000000000005,55.0,55.0,56.0,57.0,58.0,58.0,60.0,61.0,62.0,63.0,64.96000000000004,66.20000000000005,68.0,69.0,69.91999999999996,71.0,72.39999999999998,73.63999999999999,75.0,76.0,78.0,79.0,81.0,82.0,83.32000000000005,85.55999999999995,89.39999999999986,94.07999999999993,98.0,102.59999999999991,113.03999999999996,125.0,0.0,1000.5372549295425,1000.6039215922356,1000.65098041296,1000.6901960968971,1000.7294117808342,1000.7764706015587,1000.8274509906769,1000.8862745165825,1000.9529411792755,2001.0,172.50606994628907,180.10687255859375,184.9501953125,188.64305419921874,191.78672790527344,194.75057678222657,197.73797454833985,201.0958435058594,205.81336975097656,350.0516052246094,240.60236,3.0,test_data/Useful/Validation/sharp sand at 1ft/20241020_170159.jpg,3490.0,860.0,28.88163870849117
84,0.0,0.0,0.0,0.9600000000000009,3.0,6.0,7.0,8.0,10.0,11.0,12.0,14.0,14.0,15.0,16.0,16.840000000000003,17.0,18.0,18.0,19.0,20.0,20.0,21.0,22.0,23.0,23.0,24.0,25.0,26.0,26.0,27.0,28.0,28.0,29.0,30.0,30.639999999999986,31.0,32.0,32.0,33.0,34.0,34.0,34.31999999999999,35.0,35.80000000000001,36.0,37.0,38.0,38.75999999999999,39.0,39.24000000000001,40.0,41.0,41.960000000000036,42.0,43.0,43.0,44.0,44.0,44.39999999999998,45.639999999999986,47.0,48.0,49.0,50.0,51.0,51.08000000000004,52.0,53.0,54.0,54.0,55.0,56.0,57.0,57.0,58.24000000000001,60.0,62.0,63.0,64.0,65.0,66.0,67.0,67.15999999999997,68.39999999999998,71.0,72.88,74.0,75.36000000000001,77.60000000000002,80.0,83.08000000000004,86.32000000000005,88.0,89.0,93.03999999999996,97.0,100.51999999999998,108.0,132.0,0.0,1000.4823529422283,1000.5607843399048,1000.6196078658104,1000.6666666865349,1000.7137255072594,1000.7686274647713,1000.8274509906769,1000.8980392217636,1000.9686274528503,2001.0,173.1813720703125,180.6780242919922,185.4738021850586,189.15395812988282,192.35181427001953,195.31900939941406,198.29124450683594,201.63104248046875,206.20651245117188,349.8775939941406,239.6805,3.0,test_data/Useful/Validation/sharp sand at 1ft/20241020_170200.jpg,3515.0,870.0,32.35931329587624
85,0.0,0.0,0.0,0.0,0.0,0.0,0.0,1.0,3.0,4.400000000000006,6.0,7.0,8.120000000000005,9.360000000000014,10.599999999999994,11.0,12.0,13.319999999999993,14.0,14.0,16.0,16.0,17.0,17.0,18.0,19.0,19.0,20.0,20.0,21.0,22.0,22.0,23.0,23.0,23.399999999999977,24.0,25.0,25.120000000000005,26.0,27.0,28.0,29.0,29.0,30.0,31.0,31.0,32.0,32.51999999999998,34.0,34.0,35.0,35.0,36.0,36.0,37.0,37.0,38.0,38.91999999999996,39.0,39.39999999999998,40.0,40.879999999999995,41.0,42.0,42.0,43.0,44.0,45.0,46.0,47.0,47.0,48.0,49.0,50.75999999999999,51.0,53.0,53.0,54.0,54.0,55.0,55.440000000000055,57.0,57.91999999999996,59.0,61.0,62.639999999999986,64.0,66.12,68.36000000000001,70.0,72.0,73.08000000000004,74.32000000000005,78.0,80.0,82.0,86.55999999999995,92.03999999999996,102.75999999999999,123.0,0.0,1000.4941176474094,1000.5725490450859,1000.6313725709915,1000.6823529601097,1000.7254902124405,1000.7803921699524,1000.839215695858,1000.905882358551,1000.9764705896378,2001.0,173.29940795898438,180.81903076171875,185.5848388671875,189.27137756347656,192.4510955810547,195.42507934570312,198.3475341796875,201.6038818359375,206.0221710205078,349.9769592285156,243.55579,3.0,test_data/Useful/Validation/sharp sand at 1ft/20241020_170201(0).jpg,3546.0,795.0,29.515647552370474
86,0.0,0.0,0.0,0.0,0.0,0.4399999999999977,1.0,2.9200000000000017,3.0,4.0,5.0,6.0,7.0,8.0,9.0,10.0,11.0,12.0,14.0,15.0,15.039999999999992,16.0,16.52000000000001,17.0,17.0,18.0,19.0,20.0,20.0,21.0,22.0,22.680000000000007,23.0,24.0,25.0,26.0,27.0,28.0,28.0,29.0,30.0,31.0,31.319999999999993,32.0,33.0,34.0,34.0,35.0,36.0,37.0,37.24000000000001,38.0,38.72000000000003,39.0,39.0,40.0,40.0,41.0,41.0,43.0,43.0,44.0,45.0,45.0,46.0,47.0,47.0,48.0,49.0,50.0,51.0,51.0,52.0,53.0,54.0,55.0,57.0,58.0,59.0,60.0,60.440000000000055,61.67999999999995,62.91999999999996,64.0,66.0,67.0,69.0,70.0,71.0,72.0,72.0,73.08000000000004,75.0,79.55999999999995,84.79999999999995,87.03999999999996,91.27999999999997,96.51999999999998,105.51999999999998,137.0,0.0,1000.4784313738346,1000.5568627715111,1000.6156862974167,1000.6627451181412,1000.7098039388657,1000.7607843279839,1000.8235294222832,1000.8901960849762,1000.9607843160629,2001.0,172.86133728027343,180.472412109375,185.2480026245117,188.9449035644531,192.12832641601562,195.0881103515625,198.04390411376954,201.3625732421875,205.86480712890625,349.9081726074219,243.13486,3.0,test_data/Useful/Validation/sharp sand at 1ft/20241020_170201.jpg,3628.0,837.0,29.535283244518837
87,0.0,0.0,0.0,0.0,0.0,0.0,0.0,0.9200000000000017,2.1599999999999966,4.0,4.0,6.0,7.0,8.0,8.0,10.0,10.080000000000013,11.0,11.0,12.0,13.0,13.0,14.52000000000001,15.0,16.0,16.24000000000001,17.0,17.0,18.0,18.19999999999999,19.0,20.0,20.920000000000016,21.0,22.0,22.0,23.0,24.0,24.0,25.0,25.839999999999975,26.0,26.0,27.0,27.0,28.0,28.0,29.0,29.0,30.0,30.24000000000001,31.0,32.0,32.0,33.0,34.0,34.0,34.0,35.0,35.0,36.0,36.0,37.0,38.0,38.60000000000002,40.0,40.0,41.0,42.0,43.0,44.0,44.27999999999997,45.0,46.0,46.0,48.0,48.48000000000002,50.0,51.0,52.0,54.0,54.0,55.0,56.0,57.0,59.0,61.0,61.120000000000005,62.360000000000014,63.60000000000002,64.84000000000003,66.0,68.32000000000005,70.0,71.0,75.03999999999996,77.0,81.03999999999996,89.03999999999996,122.0,0.0,1000.5411764979362,1000.6156862974167,1000.6705882549286,1000.7176470756531,1000.7647058963776,1000.811764717102,1000.866666674614,1000.9294117689133,1000.9921568632126,2001.0,171.6283416748047,179.19158325195312,183.9287124633789,187.618408203125,190.72177124023438,193.69466552734374,196.70694122314453,200.00589294433593,204.61185455322266,350.4521179199219,236.65926,3.0,test_data/Useful/Validation/sharp sand at 1ft/20241020_170203.jpg,3848.0,795.0,29.76928168345009
88,0.0,0.0,0.0,0.0,0.0,0.0,0.0,0.0,0.0,0.0,0.0,0.0,1.0,1.0,2.0,2.8400000000000034,4.0,5.0,5.0,6.0,7.0,7.0,8.0,8.0,9.0,10.0,10.0,11.0,12.0,13.0,13.0,14.0,14.0,14.0,15.0,15.0,16.0,16.0,17.0,17.0,17.0,18.0,19.0,19.0,20.0,20.0,20.279999999999973,21.0,21.0,22.0,23.0,23.0,24.0,24.0,25.200000000000045,26.0,27.0,28.0,28.0,29.0,30.0,30.0,31.0,31.0,32.0,32.0,33.0,34.0,35.0,35.0,36.0,37.0,38.0,39.0,39.0,40.0,41.0,42.0,42.0,43.0,44.0,45.0,46.0,47.0,48.39999999999998,50.0,51.0,54.0,54.0,55.0,57.0,61.08000000000004,63.0,64.0,66.0,69.0,72.27999999999997,77.51999999999998,84.75999999999999,93.0,0.0,1000.5490196347237,1000.6313725709915,1000.6862745285034,1000.7372549176216,1000.7882353067398,1000.839215695858,1000.8941176533699,1000.9529411792755,1001.0,2001.0,171.47425079345703,179.09683837890626,183.9525588989258,187.6713104248047,190.87461853027344,193.84786987304688,196.7801513671875,200.0569061279297,204.568115234375,350.5892639160156,232.40002,3.0,test_data/Useful/Validation/sharp sand at 1ft/20241020_170204(0).jpg,3915.0,660.0,29.29828883521518
89,0.0,0.0,0.0,0.0,0.0,0.0,0.0,0.0,0.0,0.0,0.0,0.0,0.0,1.0,1.0,2.0,3.0,4.0,4.560000000000002,5.0,6.0,6.0,7.0,8.0,9.0,10.0,10.0,11.0,12.0,13.0,14.0,14.0,14.0,15.0,15.0,16.0,16.0,17.0,17.0,18.0,18.0,19.0,19.319999999999993,20.0,21.0,21.0,22.0,23.0,23.0,24.0,25.0,26.0,27.0,28.0,29.0,29.0,30.0,30.0,31.0,31.399999999999977,32.0,33.0,33.0,34.0,35.0,36.0,36.0,37.32000000000005,39.0,39.0,40.0,41.0,41.51999999999998,42.75999999999999,44.0,45.0,45.0,46.72000000000003,47.0,48.0,48.0,49.0,50.0,51.0,52.0,54.0,55.0,58.0,60.0,61.0,62.0,65.0,67.0,69.0,71.79999999999995,74.0,75.27999999999997,81.51999999999998,89.51999999999998,112.0,0.0,1000.5568627715111,1000.6352941393852,1000.6941176652908,1000.745098054409,1000.7921568751335,1000.8431372642517,1000.8941176533699,1000.9529411792755,1001.0,2001.0,171.38174438476562,179.0610809326172,183.90694274902344,187.591943359375,190.797119140625,193.78228759765625,196.81825256347656,200.08058166503906,204.54942321777344,350.62347412109375,233.42932,3.0,test_data/Useful/Validation/sharp sand at 1ft/20241020_170204.jpg,3849.0,687.0,29.408968485492238
90,0.0,0.0,0.0,0.0,0.0,0.0,0.0,0.0,0.0,0.0,0.0,1.0,2.0,2.0,3.0,4.0,5.0,5.0,6.0,6.0,7.0,8.0,8.0,9.0,9.0,11.0,11.0,12.0,13.0,13.0,14.0,14.0,15.0,15.0,16.0,16.0,17.0,18.0,18.0,19.0,19.0,20.0,20.319999999999993,21.0,22.0,22.0,23.0,23.0,24.0,24.0,25.0,25.0,26.0,26.0,27.0,27.0,28.0,28.91999999999996,29.0,30.0,31.0,31.0,32.0,33.0,34.0,34.0,35.0,36.0,36.0,37.0,38.0,38.0,39.0,39.75999999999999,40.0,40.0,41.0,41.72000000000003,42.0,43.0,44.0,45.0,47.0,48.0,48.0,49.639999999999986,50.0,51.0,53.0,54.0,55.84000000000003,57.0,58.32000000000005,61.559999999999945,63.0,65.0,67.27999999999997,72.55999999999995,78.75999999999999,89.0,0.0,1000.5215686559677,1000.6000000238419,1000.6588235497475,1000.705882370472,1000.7529411911964,1000.8039215803146,1000.8549019694328,1000.9176470637321,1000.9803921580315,3000.9960784316063,171.57456970214844,179.103759765625,183.90615844726562,187.6901092529297,190.83328247070312,193.77264404296875,196.74801635742188,200.02621459960938,204.37766723632814,350.3662414550781,234.49266,3.0,test_data/Useful/Validation/sharp sand at 1ft/20241020_170205.jpg,3810.0,675.0,30.371372250338233
91,0.0,0.0,0.0,0.0,0.0,0.0,0.0,0.0,0.0,0.0,0.0,1.0,1.1200000000000045,2.0,3.0,3.8400000000000034,4.0,5.0,5.0,6.800000000000011,7.0,7.280000000000001,8.0,8.0,10.0,10.0,10.480000000000018,12.0,13.0,13.0,14.0,15.0,15.0,16.0,16.0,17.0,18.0,19.0,19.0,20.0,20.0,21.0,21.0,22.0,22.0,23.0,23.0,24.0,24.75999999999999,25.0,25.0,26.0,26.0,26.960000000000036,27.0,28.0,29.0,29.0,29.159999999999968,30.0,31.0,31.0,32.0,32.360000000000014,33.0,34.0,35.0,35.0,36.0,36.0,37.0,38.0,39.0,40.0,41.0,42.0,42.0,43.0,44.0,45.0,46.0,46.67999999999995,47.0,48.0,49.0,50.0,51.0,52.0,53.0,54.60000000000002,56.0,58.0,61.0,62.0,64.0,67.03999999999996,76.27999999999997,80.51999999999998,85.75999999999999,94.0,0.0,1000.5058823823929,1000.5882353186607,1000.6470588445663,1000.6941176652908,1000.7411764860153,1000.7882353067398,1000.839215695858,1000.8980392217636,1000.9607843160629,2001.0,171.51324462890625,179.1588592529297,183.95217895507812,187.68731689453125,190.89694213867188,193.8271942138672,196.82489013671875,200.10292053222656,204.51266479492188,350.2333984375,237.27975,3.0,test_data/Useful/Validation/sharp sand at 1ft/20241020_170206.jpg,3960.0,674.0,30.044753943170917
92,0.0,0.0,0.0,0.0,0.0,0.0,0.0,0.0,0.0,0.0,0.0,0.0,0.0,1.3600000000000136,2.0,3.0,3.0,4.319999999999993,5.0,6.0,7.0,7.280000000000001,8.0,9.0,9.0,10.0,10.480000000000018,11.0,12.0,13.0,13.0,13.0,14.0,15.0,15.399999999999977,16.0,16.0,17.0,17.0,17.0,17.0,18.0,19.0,20.0,20.80000000000001,21.0,21.0,22.0,23.0,23.0,24.0,24.0,25.0,25.0,26.0,27.0,27.0,27.0,28.0,28.399999999999977,30.0,30.0,30.0,31.0,32.0,32.0,33.0,34.0,35.0,35.0,36.0,37.0,38.0,40.0,41.0,44.0,44.48000000000002,45.0,46.0,48.0,48.0,50.0,50.0,52.0,52.0,53.0,54.0,56.0,56.360000000000014,58.0,60.0,61.0,62.0,64.55999999999995,67.0,70.0,72.55999999999995,76.0,85.75999999999999,105.0,0.0,1000.4980392158031,1000.5803921818733,1000.6392157077789,1000.6862745285034,1000.7254902124405,1000.772549033165,1000.8196078538895,1000.8745098114014,1000.9411764740944,2001.0,170.96005249023438,178.61996459960938,183.44947814941406,187.16253662109375,190.3539276123047,193.3761474609375,196.39303131103514,199.7096710205078,204.2469940185547,350.1516418457031,237.07474,3.0,test_data/Useful/Validation/sharp sand at 1ft/20241020_170207(0).jpg,3696.0,650.0,27.311651934435744
93,0.0,0.0,0.0,0.0,0.0,0.0,0.0,0.0,0.0,0.0,0.0,0.0,0.0,0.0,0.0,0.0,0.0,0.0,1.0,1.0,2.039999999999992,4.0,4.0,5.0,6.0,6.0,7.0,7.720000000000027,8.0,8.0,9.0,9.0,11.0,11.0,12.0,13.0,13.0,14.0,14.0,15.0,15.0,16.0,17.0,17.0,17.80000000000001,18.0,19.0,19.0,20.0,21.0,21.24000000000001,22.0,22.0,23.0,23.0,25.0,25.0,25.0,26.0,27.0,27.0,28.0,29.0,30.0,30.0,31.0,31.08000000000004,32.0,33.0,34.0,34.0,35.0,36.0,37.0,39.0,40.0,40.0,41.0,42.0,42.0,43.0,44.0,45.0,48.0,50.0,51.0,52.0,53.0,54.360000000000014,55.0,57.0,59.0,61.0,62.0,65.79999999999995,68.0,71.0,77.03999999999996,81.0,94.0,0.0,1000.4627451002598,1000.5490196347237,1000.6078431606293,1000.6549019813538,1000.7019608020782,1000.745098054409,1000.7921568751335,1000.8470588326454,1000.9215686321259,3000.8980392217636,171.1505126953125,178.74794006347656,183.53303070068358,187.24606323242188,190.4053955078125,193.3658416748047,196.32217559814453,199.59735412597655,204.10233154296876,350.007080078125,234.42635,3.0,test_data/Useful/Validation/sharp sand at 1ft/20241020_170208.jpg,3659.0,612.0,33.78127517453255
94,0.0,0.0,0.0,0.0,0.0,0.0,0.0,0.0,0.0,0.0,0.0,0.0,0.0,0.0,0.0,0.0,0.0,0.0,0.0,0.0,0.0,1.0,2.0,2.0,3.0,4.0,4.480000000000018,5.0,7.0,8.0,8.439999999999998,9.0,10.0,11.0,11.399999999999977,12.0,12.0,13.0,15.0,15.0,15.0,16.0,16.0,16.0,17.0,17.0,18.0,19.0,19.0,19.0,20.0,21.0,21.0,22.0,23.0,24.0,24.0,25.0,26.0,26.0,27.0,27.0,28.0,28.0,29.0,30.0,30.0,31.0,31.0,32.0,33.0,34.0,34.0,36.0,36.0,37.0,37.0,38.0,40.0,40.200000000000045,41.0,42.0,44.0,45.0,46.39999999999998,48.0,50.0,51.0,52.0,53.0,54.84000000000003,56.08000000000004,59.0,60.0,63.0,66.0,68.0,71.0,74.75999999999999,95.0,0.0,1000.486274510622,1000.5686274766922,1000.6313725709915,1000.678431391716,1000.7176470756531,1000.7607843279839,1000.8078431487083,1000.866666674614,1000.933333337307,2001.0,171.086181640625,178.8062286376953,183.57327270507812,187.26641845703125,190.4630355834961,193.47244262695312,196.4774948120117,199.77643432617188,204.2123519897461,350.12689208984375,231.69115,3.0,test_data/Useful/Validation/sharp sand at 1ft/20241020_170209.jpg,3632.0,577.0,30.173879362593365
95,0.0,0.0,0.0,0.0,0.0,0.0,0.0,0.0,0.0,0.0,0.0,0.0,0.0,0.0,0.0,0.0,0.0,0.0,0.0,0.0,0.0,0.0,0.0,0.0,1.0,2.240000000000009,4.0,5.0,6.0,7.0,8.0,9.0,9.0,10.0,11.0,11.0,12.0,13.0,13.0,14.0,14.0,15.0,15.0,16.0,16.0,17.0,18.0,18.0,19.0,20.0,20.0,21.0,21.0,22.0,22.0,23.0,23.0,24.0,24.0,25.0,25.0,26.0,27.0,27.0,28.0,29.0,29.08000000000004,30.32000000000005,31.0,31.799999999999955,32.0,33.0,34.0,35.0,36.0,36.24000000000001,37.0,38.0,39.0,40.0,41.0,41.67999999999995,43.0,44.15999999999997,45.0,46.0,47.0,48.0,50.360000000000014,53.0,54.0,57.0,58.32000000000005,60.0,63.799999999999955,65.07999999999993,69.0,72.51999999999998,78.03999999999996,107.0,0.0,1000.5254902243614,1000.6039215922356,1000.6549019813538,1000.6980392336845,1000.7333333492279,1000.7764706015587,1000.8196078538895,1000.8745098114014,1000.9450980424881,2001.0,171.2132568359375,178.8141632080078,183.54010009765625,187.26159057617187,190.38978576660156,193.3344268798828,196.25531005859375,199.53494262695312,203.8822784423828,350.2381896972656,235.7602,3.0,test_data/Useful/Validation/sharp sand at 1ft/20241020_170210.jpg,3489.0,571.0,31.37641269557118
96,0.0,0.0,0.0,0.0,0.0,0.0,0.0,0.0,0.0,0.0,0.0,0.0,0.0,0.0,0.0,0.0,0.0,0.0,1.0,2.0,3.0,4.0,4.0,5.0,6.0,6.0,7.0,7.0,8.0,9.0,9.0,11.0,13.0,13.0,14.0,14.0,15.0,15.0,16.0,16.0,17.0,17.0,18.0,18.0,19.0,19.04000000000002,20.0,21.0,22.0,22.0,23.0,23.0,25.0,25.0,26.0,26.440000000000055,27.0,28.0,29.0,30.0,30.0,31.0,31.0,32.0,32.60000000000002,33.0,34.0,34.32000000000005,36.0,36.0,37.0,38.0,39.0,39.0,40.0,41.0,42.0,42.0,43.0,45.0,46.0,46.67999999999995,49.0,50.0,51.39999999999998,53.0,53.879999999999995,55.0,57.0,57.0,58.0,60.0,64.0,65.55999999999995,68.0,72.03999999999996,77.55999999999995,82.51999999999998,84.75999999999999,113.0,0.0,1000.5960784554482,1000.6588235497475,1000.7019608020782,1000.7372549176216,1000.7686274647713,1000.8000000119209,1000.8352941274643,1000.8784313797951,1000.9372549057007,2001.0,170.48875274658204,178.108740234375,182.90462341308594,186.60222167968752,189.83316040039062,192.81295776367188,195.81600952148438,199.14832153320313,203.75587463378906,350.39892578125,242.28299,3.0,test_data/Useful/Validation/sharp sand at 1ft/20241020_170211(0).jpg,3314.0,623.0,26.902162360399004
97,0.0,0.0,0.0,0.0,0.0,0.0,0.0,0.0,0.0,0.0,0.0,0.0,0.0,0.0,0.0,0.0,0.0,0.0,0.0,0.0,0.0,0.0,0.0,1.0,2.0,3.0,3.0,4.0,6.0,6.199999999999989,8.0,9.0,10.0,10.0,11.0,12.0,12.0,13.0,13.0,14.0,15.0,16.0,16.0,16.0,17.0,17.0,18.0,19.0,19.0,20.0,20.0,21.0,22.0,23.0,23.0,24.0,24.0,25.0,26.0,26.399999999999977,27.0,28.0,29.0,29.0,30.0,30.0,32.0,32.0,33.0,33.799999999999955,35.0,35.0,36.0,36.0,37.0,38.0,39.0,40.0,40.960000000000036,41.0,42.0,43.0,44.0,45.15999999999997,46.39999999999998,48.0,49.879999999999995,51.0,52.0,53.0,54.84000000000003,57.0,58.32000000000005,61.0,64.0,67.03999999999996,73.0,76.51999999999998,79.75999999999999,111.0,0.0,1000.5333333611488,1000.611764729023,1000.6627451181412,1000.705882370472,1000.745098054409,1000.7843137383461,1000.8313725590706,1000.8901960849762,1000.9568627476692,2001.0,171.2109146118164,178.78243713378907,183.50474700927734,187.2224884033203,190.37850952148438,193.37344360351562,196.39456176757812,199.63373413085938,204.01790618896484,350.2630920410156,239.1138,3.0,test_data/Useful/Validation/sharp sand at 1ft/20241020_170211.jpg,3407.0,590.0,24.406552597014183
98,0.0,0.0,0.0,0.0,0.0,0.0,0.0,0.0,0.0,0.0,0.0,0.0,0.0,0.0,0.5999999999999943,1.0,2.0,3.0,3.5600000000000023,4.0,5.0,6.0,6.0,8.0,8.0,9.0,9.0,10.0,11.0,12.0,12.0,12.680000000000007,13.0,14.0,14.0,15.0,15.0,16.0,16.0,17.0,17.839999999999975,18.0,18.0,19.0,20.0,21.0,21.0,22.0,22.75999999999999,23.0,24.0,24.0,24.0,25.0,25.0,26.0,27.0,27.0,28.0,29.0,29.0,30.0,30.0,31.0,32.0,33.0,34.0,34.0,35.0,36.0,37.0,37.0,37.51999999999998,38.0,39.0,40.0,40.0,41.0,42.0,43.0,44.0,44.0,45.91999999999996,47.15999999999997,48.0,50.639999999999986,51.0,52.120000000000005,54.0,55.0,56.0,58.0,59.32000000000005,61.0,63.0,65.03999999999996,67.27999999999997,73.0,80.75999999999999,101.0,0.0,1000.5333333611488,1000.6156862974167,1000.678431391716,1000.7254902124405,1000.772549033165,1000.8196078538895,1000.866666674614,1000.9176470637321,1000.9803921580315,2001.0,171.06100311279297,178.70760803222657,183.4925537109375,187.22770080566406,190.37796020507812,193.3616455078125,196.37972717285155,199.68467712402344,204.15956115722656,350.40484619140625,238.55316,3.0,test_data/Useful/Validation/sharp sand at 1ft/20241020_170212.jpg,3781.0,669.0,29.228094479322202
99,0.0,0.0,0.0,0.0,0.0,0.0,0.0,0.0,0.0,0.0,0.0,0.0,0.0,0.0,0.0,0.0,0.0,0.0,0.0,0.0,0.0,0.0,0.0,0.0,0.0,1.0,2.0,3.0,3.9599999999999795,4.0,5.0,6.0,6.0,7.0,7.0,8.0,9.0,9.0,10.0,11.0,12.0,12.0,13.0,14.0,14.0,15.0,15.0,15.519999999999982,16.0,16.0,17.0,17.0,17.720000000000027,18.0,19.0,20.0,21.0,22.0,22.0,22.0,24.0,24.0,25.120000000000005,26.360000000000014,27.0,28.0,28.0,30.0,30.0,31.0,33.0,34.27999999999997,36.0,36.0,38.0,39.0,40.0,41.0,42.0,43.0,44.0,45.67999999999995,46.0,49.0,50.0,51.639999999999986,54.0,55.120000000000005,57.0,58.0,59.0,62.0,63.0,65.55999999999995,68.0,71.03999999999996,73.55999999999995,82.11999999999989,87.75999999999999,102.0,0.0,1000.5294117927551,1000.6156862974167,1000.6745098233223,1000.7215686440468,1000.7607843279839,1000.8039215803146,1000.8509804010391,1000.9098039269447,1000.972549021244,2001.0,170.97825927734374,178.53909301757812,183.3495330810547,187.01519775390625,190.18535614013672,193.160205078125,196.14705963134764,199.46651916503907,203.91009674072265,350.3516845703125,239.7799,3.0,test_data/Useful/Validation/sharp sand at 1ft/20241020_170213(0).jpg,3507.0,560.0,31.777772949162365
100,0.0,0.0,0.0,0.0,0.0,0.0,0.0,0.0,0.0,0.0,0.0,0.0,0.0,0.0,0.0,0.8400000000000034,1.0,2.0,3.0,4.0,5.0,5.280000000000001,6.0,7.0,7.0,8.0,9.0,9.0,10.95999999999998,11.0,13.0,13.680000000000007,14.0,15.0,15.0,15.639999999999986,16.0,16.0,16.0,17.0,17.0,17.079999999999984,18.319999999999993,19.0,20.0,20.0,21.0,21.0,21.0,22.0,23.0,23.0,24.0,24.0,25.0,25.440000000000055,26.67999999999995,27.91999999999996,28.0,29.0,29.0,30.0,30.0,31.0,32.0,32.0,33.0,34.0,35.0,36.0,37.0,38.0,39.0,41.0,42.0,42.0,43.48000000000002,44.0,45.0,47.0,48.0,49.67999999999995,50.0,52.0,53.0,54.0,55.0,56.0,57.0,58.0,60.84000000000003,61.0,62.32000000000005,66.0,67.79999999999995,70.0,73.0,78.0,83.0,102.0,0.0,1000.5372549295425,1000.6235294342041,1000.6823529601097,1000.7294117808342,1000.7764706015587,1000.8235294222832,1000.8705882430077,1000.9215686321259,1000.9843137264252,2001.0,170.84149169921875,178.67652893066406,183.49143981933594,187.20950317382812,190.41707611083984,193.36083068847657,196.3846694946289,199.7277099609375,204.14053039550782,350.4169921875,236.78757,3.0,test_data/Useful/Validation/sharp sand at 1ft/20241020_170213.jpg,3753.0,646.0,24.86472513697116
101,0.0,0.0,0.0,0.0,0.0,0.0,0.0,0.0,0.0,0.0,0.0,0.0,0.0,0.0,0.0,0.0,0.0,0.0,0.0,0.0,0.0,0.0,0.0,0.0,0.0,0.0,0.0,0.0,0.0,0.0,0.0,0.6800000000000068,1.0,1.160000000000025,3.0,3.0,4.0,4.0,5.0,6.0,7.0,8.0,8.0,9.0,10.0,10.04000000000002,11.0,12.0,13.0,14.0,14.0,15.0,16.0,16.0,16.0,17.0,18.0,18.0,19.0,19.0,20.0,20.879999999999995,21.120000000000005,22.0,22.600000000000023,24.0,25.0,26.32000000000005,27.0,27.0,28.0,29.0,29.0,30.0,30.0,32.0,32.48000000000002,33.0,34.0,36.0,37.0,38.0,39.0,41.0,42.0,42.0,44.0,45.120000000000005,47.0,48.60000000000002,51.0,52.08000000000004,54.32000000000005,56.0,57.799999999999955,60.07999999999993,63.27999999999997,68.51999999999998,77.75999999999999,116.0,0.0,1000.5764706134796,1000.6392157077789,1000.678431391716,1000.7098039388657,1000.7333333492279,1000.7647058963776,1000.7960784435272,1000.8352941274643,1000.8941176533699,3000.89411765337,170.4593307495117,178.1416015625,182.88836669921875,186.61569213867188,189.80735778808594,192.80474853515625,195.8027801513672,199.13389587402344,203.6414337158203,350.3170471191406,235.8303,3.0,test_data/Useful/Validation/sharp sand at 1ft/20241020_170214.jpg,3218.0,465.0,27.242043654403165
102,0.0,0.0,0.0,0.0,0.0,0.0,0.0,0.0,0.0,0.0,0.0,0.0,0.0,0.0,0.0,0.0,0.0,0.0,0.0,0.0,0.0,0.0,0.0,0.0,0.0,0.0,0.0,0.7200000000000273,1.0,2.0,2.0,2.0,3.0,4.0,4.0,5.0,5.0,6.0,7.0,7.0,8.0,9.0,9.0,10.0,10.800000000000011,11.0,12.0,12.0,13.0,13.0,14.0,14.0,14.720000000000027,15.0,15.0,16.0,16.0,16.0,17.0,17.0,17.639999999999986,18.0,18.0,18.360000000000014,19.0,20.0,20.0,21.0,21.0,22.0,22.0,23.0,23.0,24.0,25.0,25.0,26.0,26.720000000000027,27.0,28.200000000000045,29.0,30.0,31.0,33.0,34.0,35.0,36.0,38.0,39.0,40.0,41.0,42.0,44.0,46.0,48.0,50.0,52.27999999999997,56.0,69.0,89.0,0.0,1000.5215686559677,1000.5921568870544,1000.6392157077789,1000.6745098233223,1000.705882370472,1000.7372549176216,1000.7686274647713,1000.811764717102,1000.8745098114014,2000.9882352948189,170.64385375976562,178.2095947265625,183.06927642822265,186.6994140625,189.91429138183594,192.87705993652344,195.81285095214844,199.1297637939453,203.5550094604492,350.1377868652344,235.24203,3.0,test_data/Useful/Validation/sharp sand at 1ft/20241020_170215.jpg,3447.0,446.0,28.365996888705276
103,0.0,0.0,0.0,0.0,0.0,0.0,0.0,0.0,0.0,0.0,0.0,0.0,0.0,0.0,0.0,0.0,0.0,0.0,0.0,0.0,0.0,0.0,1.0,1.0,2.0,3.0,3.0,4.0,4.0,5.0,5.439999999999998,6.0,7.0,8.0,9.0,10.0,11.0,11.0,12.0,13.0,13.0,14.0,15.0,15.0,16.0,16.0,17.0,17.0,17.0,17.0,18.0,18.480000000000018,19.0,20.0,20.0,21.0,22.0,22.0,22.159999999999968,23.0,23.0,24.0,24.120000000000005,25.0,26.0,27.0,28.0,29.0,30.0,30.0,31.0,31.0,32.0,32.0,32.0,33.24000000000001,34.0,35.0,37.0,37.200000000000045,39.0,39.67999999999995,40.0,42.0,44.0,45.0,46.0,47.0,49.360000000000014,51.0,52.84000000000003,55.0,56.0,58.0,60.0,63.0,66.27999999999997,70.0,75.51999999999998,90.0,0.0,1000.5294117927551,1000.6000000238419,1000.6431372761726,1000.6745098233223,1000.7019608020782,1000.7294117808342,1000.7607843279839,1000.8000000119209,1000.8588235378265,3000.9294117689133,170.64867248535157,178.21453247070312,182.9438018798828,186.65542602539062,189.8446044921875,192.81226806640626,195.74911651611328,199.05672607421874,203.56470947265626,350.1333923339844,234.14824,3.0,test_data/Useful/Validation/sharp sand at 1ft/20241020_170216.jpg,3389.0,574.0,33.3264496139432
104,0.0,0.0,0.0,0.0,0.0,0.0,0.0,0.0,0.0,0.0,0.0,0.0,0.0,0.0,0.0,0.0,0.0,0.0,0.0,0.0,0.0,0.0,1.0,1.0,3.0,3.0,4.0,6.0,6.9599999999999795,8.0,8.0,9.0,10.0,10.160000000000025,11.0,12.0,13.0,14.0,15.0,15.0,15.0,16.0,16.0,17.0,18.0,18.0,19.0,19.0,20.0,21.0,22.0,23.0,23.0,24.0,24.0,25.0,25.0,26.0,26.0,26.399999999999977,27.0,28.0,29.0,30.0,30.0,31.0,31.08000000000004,32.0,33.0,35.0,36.0,36.0,37.0,37.0,38.0,39.24000000000001,40.48000000000002,41.0,42.0,43.0,44.0,45.0,46.0,48.0,49.0,50.0,51.0,53.0,55.0,56.0,57.84000000000003,59.0,61.0,62.0,65.0,66.03999999999996,70.0,76.03999999999996,81.51999999999998,99.0,0.0,1000.5294117927551,1000.6078431606293,1000.6588235497475,1000.7019608020782,1000.7333333492279,1000.772549033165,1000.8196078538895,1000.8784313797951,1000.9450980424881,3001.0,171.23414611816406,178.8939666748047,183.5684051513672,187.292724609375,190.43862915039062,193.37002258300782,196.3204345703125,199.61917114257812,204.07504272460938,350.41546630859375,232.5658,3.0,test_data/Useful/Validation/sharp sand at 1ft/20241020_170217(0).jpg,3595.0,599.0,36.46116770324437
0,0.0,0.0,0.0,0.0,0.0,0.0,0.0,0.0,0.0,0.0,0.0,0.0,0.0,0.0,0.0,0.0,0.0,0.0,0.0,0.0,0.0,0.0,0.5200000000000102,1.0,2.0,4.0,4.0,5.0,6.0,6.199999999999989,7.0,8.0,8.0,9.0,9.0,10.0,11.0,11.0,12.0,13.0,13.0,14.0,14.0,15.0,15.0,16.0,16.0,16.0,17.0,17.0,18.0,18.0,19.0,19.0,20.0,21.0,21.0,22.0,23.0,24.0,25.0,25.0,26.0,27.0,28.0,28.0,29.0,30.0,30.559999999999945,31.0,32.0,32.0,33.0,34.0,35.0,36.0,36.0,37.0,38.0,39.0,39.0,40.0,42.0,44.0,45.0,46.639999999999986,47.0,48.120000000000005,52.0,54.0,55.84000000000003,57.0,58.32000000000005,60.0,61.0,67.0,68.0,70.0,78.0,100.0,0.0,1000.5803921818733,1000.6431372761726,1000.6823529601097,1000.7098039388657,1000.7372549176216,1000.7647058963776,1000.7960784435272,1000.839215695858,1000.905882358551,2001.0,170.4672821044922,178.13433837890625,182.94485473632812,186.65277099609375,189.82736206054688,192.7603332519531,195.79584045410155,199.1209747314453,203.5758819580078,350.4786682128906,235.41399,3.0,test_data/Useful/Validation/sharp sand at 2ft/20241020_172219.jpg,3262.0,558.0,57.019106040214645
1,0.0,0.0,0.0,0.0,0.0,0.0,0.0,0.0,0.0,0.0,0.0,0.0,0.0,0.0,0.0,0.0,0.0,0.0,0.0,0.0,0.0,0.0,0.0,0.0,0.0,0.0,0.0,1.0,1.0,3.0,4.0,5.0,5.0,6.0,6.399999999999977,7.0,8.0,9.0,10.0,10.0,11.0,12.0,12.319999999999993,13.0,14.0,15.0,15.0,16.0,16.0,17.0,18.0,18.0,18.0,19.960000000000036,20.0,21.0,22.0,22.0,23.0,23.0,24.0,24.0,25.0,26.0,26.0,27.0,28.0,29.0,29.0,30.0,31.0,32.0,33.0,34.0,35.0,36.0,37.0,38.0,38.0,39.0,40.0,40.67999999999995,42.0,44.0,45.0,46.0,47.0,48.120000000000005,50.0,51.0,52.0,53.08000000000004,54.32000000000005,56.0,58.0,61.0,66.27999999999997,69.51999999999998,74.75999999999999,80.0,0.0,1000.5490196347237,1000.6274510025978,1000.6705882549286,1000.705882370472,1000.7372549176216,1000.7686274647713,1000.811764717102,1000.866666674614,1000.9411764740944,3001.0,170.8952178955078,178.58583068847656,183.320068359375,187.05824279785156,190.2335968017578,193.17355346679688,196.12958679199218,199.33645629882812,203.681884765625,350.471435546875,231.62766,3.0,test_data/Useful/Validation/sharp sand at 2ft/20241020_172221.jpg,3452.0,549.0,56.809797583558435
2,0.0,0.0,0.0,0.0,0.0,0.0,0.0,0.0,0.0,0.0,0.0,0.0,0.0,0.0,0.0,0.0,0.0,0.0,0.0,0.0,0.0,0.0,0.0,0.0,0.0,0.0,0.0,0.7200000000000273,1.0,1.1999999999999886,2.4399999999999977,3.680000000000007,4.0,5.0,5.0,6.0,7.0,8.0,9.0,11.0,11.0,12.0,13.0,13.0,14.0,14.04000000000002,15.0,16.0,16.0,17.0,17.24000000000001,18.0,19.0,20.0,20.200000000000045,21.0,22.0,23.0,23.0,24.0,25.0,26.0,26.0,27.0,27.600000000000023,28.840000000000032,30.0,30.0,31.0,31.799999999999955,32.0,33.0,34.0,35.0,36.0,37.0,38.0,38.72000000000003,39.0,42.0,42.440000000000055,44.0,44.91999999999996,46.0,47.0,48.0,48.0,50.0,51.0,52.0,54.0,55.08000000000004,57.0,59.0,62.0,64.0,66.27999999999997,69.0,75.75999999999999,89.0,0.0,1000.5529412031174,1000.6274510025978,1000.6705882549286,1000.7019608020782,1000.7294117808342,1000.7607843279839,1000.8000000119209,1000.8549019694328,1000.9294117689133,3001.0,170.91943359375,178.5394287109375,183.320068359375,187.009033203125,190.23802185058594,193.2339630126953,196.17108154296875,199.41015625,203.7828857421875,350.4473876953125,229.89775,3.0,test_data/Useful/Validation/sharp sand at 2ft/20241020_172222.jpg,3421.0,542.0,58.085772252705134
3,0.0,0.0,0.0,0.0,0.0,0.0,0.0,0.0,0.0,0.0,0.0,0.0,0.0,0.0,0.0,0.0,0.0,0.0,0.0,0.0,0.0,0.0,0.0,0.0,0.0,0.0,0.0,0.0,0.0,0.0,0.0,0.0,1.0,1.160000000000025,3.0,3.0,4.8799999999999955,5.0,6.0,7.600000000000023,8.0,9.0,10.0,11.560000000000002,12.0,13.0,13.0,13.0,14.0,15.0,15.0,16.0,16.0,17.0,18.0,18.0,18.0,19.0,20.0,20.0,21.0,21.879999999999995,22.0,23.0,24.0,25.840000000000032,26.0,27.0,27.0,28.0,28.0,29.0,30.0,30.0,31.0,32.0,33.0,34.0,34.0,35.0,36.0,37.0,37.91999999999996,39.0,40.0,40.639999999999986,42.0,43.0,45.0,46.0,47.84000000000003,49.0,52.0,54.0,57.0,59.0,63.0,67.51999999999998,70.75999999999999,96.0,0.0,1000.54509806633,1000.6156862974167,1000.6588235497475,1000.6980392336845,1000.7254902124405,1000.7607843279839,1000.8000000119209,1000.8509804010391,1000.9254902005196,3001.0,170.9200012207031,178.57247924804688,183.35940551757812,187.02476501464844,190.1981201171875,193.12310791015625,196.05465698242188,199.2957305908203,203.68081665039062,350.40838623046875,231.46065,3.0,test_data/Useful/Validation/sharp sand at 2ft/20241020_172223.jpg,3312.0,502.0,63.184766066972905
4,0.0,0.0,0.0,0.0,0.0,0.0,0.0,0.0,0.0,0.0,0.0,0.0,0.0,0.0,0.0,0.0,0.0,0.0,0.0,0.0,0.0,0.0,0.0,0.0,0.0,0.0,0.0,0.0,0.0,1.0,2.0,3.0,4.0,5.160000000000025,7.0,7.0,8.0,8.0,9.0,10.0,10.0,11.0,12.0,13.0,13.0,14.0,14.0,15.0,15.0,16.0,16.0,17.480000000000018,18.0,18.0,18.0,19.0,19.0,20.0,20.0,21.0,21.0,22.0,22.120000000000005,23.360000000000014,24.0,25.0,26.0,27.0,27.0,28.0,28.0,29.0,30.0,30.75999999999999,32.0,32.0,33.0,34.72000000000003,36.0,37.0,37.0,39.0,39.0,41.0,41.0,42.0,43.0,44.0,46.0,47.60000000000002,49.0,53.08000000000004,55.0,57.0,59.0,61.0,63.0,64.51999999999998,75.79999999999995,96.0,0.0,1000.5411764979362,1000.611764729023,1000.6588235497475,1000.6980392336845,1000.7254902124405,1000.7607843279839,1000.8039215803146,1000.8588235378265,1000.933333337307,3001.0,170.93353729248048,178.54739990234376,183.33492889404297,187.055078125,190.25983428955078,193.17211303710937,196.1251983642578,199.41995239257812,203.71298828125,350.404052734375,231.98251,3.0,test_data/Useful/Validation/sharp sand at 2ft/20241020_172224.jpg,3317.0,507.0,59.52778754584024
5,0.0,0.0,0.0,0.0,0.0,0.0,0.0,0.0,0.0,0.0,0.0,0.0,0.0,0.0,0.0,0.0,0.0,0.0,0.0,0.0,0.0,0.0,0.0,0.0,0.0,0.0,0.0,0.0,0.0,0.0,0.0,0.0,1.0,2.0,3.0,3.0,4.0,5.0,6.0,6.0,7.0,8.0,8.0,9.0,10.0,10.0,10.279999999999973,12.0,13.0,13.0,14.0,15.0,15.0,16.0,16.200000000000045,17.0,17.0,18.0,18.0,19.0,19.639999999999986,20.0,20.120000000000005,21.0,21.0,22.0,22.08000000000004,23.0,24.0,24.799999999999955,25.0,26.0,27.0,27.0,28.0,29.24000000000001,30.0,31.0,32.0,33.0,34.0,35.0,36.91999999999996,38.0,38.0,39.0,40.0,43.0,44.0,46.0,48.0,50.0,50.32000000000005,51.559999999999945,53.799999999999955,58.0,61.27999999999997,64.0,72.27999999999997,100.0,0.0,1000.5490196347237,1000.6196078658104,1000.6627451181412,1000.6980392336845,1000.7294117808342,1000.7647058963776,1000.8039215803146,1000.8549019694328,1000.9294117689133,3001.0,171.01657104492188,178.56427001953125,183.35916137695312,187.0578857421875,190.15969848632812,193.1226806640625,196.05203247070312,199.277587890625,203.53004455566406,350.43109130859375,233.0667,3.0,test_data/Useful/Validation/sharp sand at 2ft/20241020_172225.jpg,3248.0,457.0,63.2811854360524
6,0.0,0.0,0.0,0.0,0.0,0.0,0.0,0.0,0.0,0.0,0.0,0.0,0.0,0.0,0.0,0.0,0.0,0.0,0.0,0.0,0.0,0.0,0.0,0.0,0.0,0.0,0.0,0.0,0.0,0.0,1.0,2.0,2.0,3.0,3.0,4.0,5.0,5.0,6.0,6.600000000000023,7.0,8.0,9.0,9.0,10.0,11.0,12.0,13.0,13.0,14.0,15.0,15.0,15.0,16.0,16.0,17.0,17.0,18.0,19.0,20.0,20.0,21.0,21.0,22.0,23.0,23.0,24.08000000000004,26.0,26.0,27.799999999999955,28.0,29.0,30.0,30.0,31.0,32.24000000000001,33.0,34.0,35.0,36.0,37.0,38.0,39.0,40.0,40.39999999999998,42.0,42.0,43.0,44.0,46.0,48.0,51.0,51.0,53.559999999999945,55.0,58.0,60.27999999999997,64.0,73.75999999999999,86.0,0.0,1000.5411764979362,1000.6156862974167,1000.6588235497475,1000.6980392336845,1000.7254902124405,1000.7607843279839,1000.8000000119209,1000.8549019694328,1000.9254902005196,3000.9803921580315,170.98325958251954,178.60586547851562,183.33856201171875,187.02381896972656,190.22598266601562,193.1562744140625,196.10562896728516,199.3227996826172,203.62619018554688,350.4025573730469,233.84906,3.0,test_data/Useful/Validation/sharp sand at 2ft/20241020_172226.jpg,3337.0,506.0,53.77543794436337
7,0.0,0.0,0.0,0.0,0.0,0.0,0.0,0.0,0.0,0.0,0.0,0.0,0.0,0.0,0.0,0.0,0.0,0.0,0.0,0.0,0.0,0.0,0.0,0.0,0.0,0.0,0.0,0.0,0.0,0.0,0.0,2.0,2.0,3.0,4.0,4.639999999999986,5.0,6.0,6.0,8.0,8.0,9.0,9.0,10.0,11.0,12.0,13.0,14.0,14.0,15.0,15.0,16.0,16.0,16.960000000000036,17.0,18.0,18.0,19.0,19.159999999999968,20.0,20.0,21.0,22.0,23.0,24.0,24.840000000000032,26.0,26.0,27.0,28.0,29.0,29.0,30.0,31.0,32.0,33.0,34.0,35.0,36.0,36.0,38.0,38.0,39.0,40.0,41.39999999999998,42.0,44.0,47.0,48.0,49.60000000000002,52.0,52.0,54.0,56.559999999999945,58.0,62.0,65.0,69.0,79.03999999999996,127.0,0.0,1000.54509806633,1000.6156862974167,1000.6588235497475,1000.6941176652908,1000.7254902124405,1000.7607843279839,1000.8039215803146,1000.8588235378265,1000.933333337307,3000.9960784316063,171.0399627685547,178.73456115722655,183.44928283691405,187.15585632324218,190.35211181640625,193.35818481445312,196.28842163085938,199.49684143066406,203.79188537597656,350.41729736328125,231.76637,3.0,test_data/Useful/Validation/sharp sand at 2ft/20241020_172228.jpg,3337.0,511.0,62.10189902642944
8,0.0,0.0,0.0,0.0,0.0,0.0,0.0,0.0,0.0,0.0,0.0,0.0,0.0,0.0,0.0,0.0,0.0,0.0,0.0,0.0,0.0,0.0,0.0,0.0,0.0,0.0,0.0,0.0,0.0,0.0,1.0,1.0,1.920000000000016,2.0,2.3999999999999773,3.0,4.0,4.1200000000000045,5.0,6.0,7.0,7.079999999999984,8.319999999999993,9.560000000000002,10.0,11.0,12.0,12.0,13.0,14.0,15.0,15.0,15.0,16.0,16.0,17.0,17.0,18.0,18.0,19.0,19.639999999999986,20.0,21.0,22.0,22.0,23.0,23.08000000000004,25.0,25.0,26.0,26.0,27.0,28.0,28.0,29.0,30.0,30.0,31.0,32.0,33.0,35.0,35.67999999999995,37.0,39.0,40.0,40.0,42.0,43.0,45.0,46.0,47.84000000000003,51.0,54.0,56.0,58.0,60.039999999999964,65.0,71.07999999999993,77.0,84.0,0.0,1000.54509806633,1000.6156862974167,1000.6627451181412,1000.6980392336845,1000.7294117808342,1000.7686274647713,1000.8156862854958,1000.8745098114014,1000.9490196108818,3000.9960784316063,171.16665649414062,178.69305419921875,183.43356323242188,187.0751190185547,190.26287841796875,193.22162170410155,196.1908187866211,199.4292449951172,203.712158203125,350.4666442871094,231.32129,3.0,test_data/Useful/Validation/sharp sand at 2ft/20241020_172230.jpg,3464.0,477.0,65.02391589650861
9,0.0,0.0,0.0,0.0,0.0,0.0,0.0,0.0,0.0,0.0,0.0,0.0,0.0,0.0,0.0,0.0,0.0,0.0,0.0,0.0,0.0,0.0,0.0,0.0,0.0,0.0,0.0,0.0,0.9599999999999795,1.1999999999999886,2.0,2.0,3.0,4.0,5.0,6.0,7.0,7.1200000000000045,10.0,11.0,11.839999999999975,12.0,14.0,14.0,15.0,15.0,15.0,16.0,16.75999999999999,17.0,18.0,18.480000000000018,19.0,20.0,20.0,21.0,21.0,22.0,22.0,23.0,23.639999999999986,24.0,24.120000000000005,25.0,26.0,27.0,28.0,29.0,30.0,31.0,31.039999999999964,33.0,33.0,34.0,35.0,36.0,37.0,38.72000000000003,40.0,41.0,42.0,43.0,45.0,45.0,46.0,47.639999999999986,49.0,52.0,54.360000000000014,56.60000000000002,59.0,59.08000000000004,60.32000000000005,62.559999999999945,65.0,68.0,70.27999999999997,72.0,75.75999999999999,91.0,0.0,1000.5490196347237,1000.6196078658104,1000.6627451181412,1000.6980392336845,1000.7254902124405,1000.7607843279839,1000.8039215803146,1000.8588235378265,1000.9372549057007,2001.0,171.21398315429687,178.70420532226564,183.46361846923827,187.14963989257814,190.3350067138672,193.2357177734375,196.1552276611328,199.4384765625,203.7969970703125,350.42645263671875,236.1397,3.0,test_data/Useful/Validation/sharp sand at 2ft/20241020_172231.jpg,3322.0,535.0,58.80799766772635
10,0.0,0.0,0.0,0.0,0.0,0.0,0.0,0.0,0.0,0.0,0.0,0.0,0.0,0.0,0.0,0.0,0.0,0.0,0.0,0.0,0.0,0.0,0.0,0.0,0.0,1.0,1.0,2.0,3.0,3.1999999999999886,4.0,5.0,6.0,6.0,7.0,7.0,8.0,9.0,11.0,12.0,13.0,14.079999999999984,15.0,15.0,16.0,17.0,17.0,17.0,18.0,19.0,19.0,19.480000000000018,20.0,21.0,22.0,22.0,23.0,23.0,24.0,25.0,26.0,27.0,27.0,28.0,29.0,30.0,31.0,31.32000000000005,32.0,33.0,34.039999999999964,35.0,36.0,37.0,38.0,39.0,40.0,41.0,43.0,44.0,45.0,47.0,47.91999999999996,49.0,50.0,51.639999999999986,53.0,54.120000000000005,56.0,57.60000000000002,59.0,61.0,63.0,64.55999999999995,67.0,70.03999999999996,72.27999999999997,76.0,80.75999999999999,100.0,0.0,1000.54509806633,1000.611764729023,1000.6549019813538,1000.6901960968971,1000.7215686440468,1000.7529411911964,1000.7960784435272,1000.8509804010391,1000.9294117689133,2001.0,171.0234848022461,178.69280395507812,183.48277435302734,187.13818969726563,190.33865356445312,193.2896270751953,196.22932891845704,199.49771118164062,203.904052734375,350.3763122558594,233.84479,3.0,test_data/Useful/Validation/sharp sand at 2ft/20241020_172232.jpg,3416.0,584.0,66.97139083825961
11,0.0,0.0,0.0,0.0,0.0,0.0,0.0,0.0,0.0,0.0,0.0,0.0,0.0,0.0,0.0,0.0,0.0,0.0,0.0,0.0,0.0,0.0,0.0,0.0,1.0,1.240000000000009,2.0,3.0,4.0,5.0,5.439999999999998,6.0,7.0,8.0,8.0,9.0,10.0,11.0,11.0,12.0,13.0,14.0,14.319999999999993,15.0,15.0,15.0,15.0,16.0,17.0,17.0,18.0,18.480000000000018,19.0,20.0,20.0,21.0,22.0,22.0,23.0,24.0,24.0,25.0,25.0,26.0,27.0,28.0,28.0,29.0,29.0,30.0,31.0,31.279999999999973,32.51999999999998,33.0,34.0,35.0,36.0,37.0,37.960000000000036,39.0,39.0,40.0,41.91999999999996,43.0,44.0,45.0,46.0,48.120000000000005,50.0,51.0,54.0,56.0,59.0,61.0,63.0,65.0,70.0,76.03999999999996,82.0,101.0,0.0,1000.5372549295425,1000.6078431606293,1000.6549019813538,1000.6980392336845,1000.7333333492279,1000.772549033165,1000.8196078538895,1000.8784313797951,1000.9529411792755,2001.0,171.2301452636719,178.76974487304688,183.5202606201172,187.20255432128906,190.37193298339844,193.3071533203125,196.25827026367188,199.5253143310547,203.88755798339844,350.4254150390625,237.3674,3.0,test_data/Useful/Validation/sharp sand at 2ft/20241020_172233.jpg,3487.0,570.0,57.00089811037359
12,0.0,0.0,0.0,0.0,0.0,0.0,0.0,0.0,0.0,0.0,0.0,0.0,0.0,0.0,0.0,0.0,0.0,0.0,0.0,0.0,0.0,0.0,0.0,0.0,0.0,0.0,0.0,1.0,2.0,3.0,4.0,4.0,4.0,5.0,6.0,7.0,7.0,8.0,9.0,10.0,11.0,12.0,12.0,13.0,14.0,14.0,14.0,15.0,15.759999999999991,16.0,16.24000000000001,17.0,18.0,19.0,19.0,20.0,20.0,21.91999999999996,22.0,22.399999999999977,23.0,23.0,25.0,25.0,26.0,27.0,27.0,28.0,28.0,30.0,31.039999999999964,32.0,33.0,33.75999999999999,35.0,36.0,37.0,37.0,38.0,40.0,40.440000000000055,41.0,42.91999999999996,43.15999999999997,45.0,46.0,48.0,50.0,51.360000000000014,52.0,53.84000000000003,55.0,57.32000000000005,59.0,61.0,63.0,65.27999999999997,69.0,77.75999999999999,90.0,0.0,1000.5568627715111,1000.6274510025978,1000.6705882549286,1000.7098039388657,1000.7411764860153,1000.7803921699524,1000.8235294222832,1000.8823529481888,1000.9568627476692,3001.0,171.04425048828125,178.65760803222656,183.41507110595703,187.13768920898437,190.26526641845703,193.18248901367187,196.15184936523437,199.44783935546877,203.8360626220703,350.51519775390625,233.0618,3.0,test_data/Useful/Validation/sharp sand at 2ft/20241020_172234.jpg,3394.0,542.0,58.32255971222306
13,0.0,0.0,0.0,0.0,0.0,0.0,0.0,0.0,0.0,0.0,0.0,0.0,0.0,0.0,0.0,0.0,0.0,0.0,0.0,0.0,0.0,0.0,0.0,0.0,0.0,0.0,1.0,1.0,2.0,3.0,3.0,4.0,4.0,5.0,6.0,6.639999999999986,7.0,8.0,9.0,9.0,10.0,11.0,12.0,12.0,13.0,14.0,14.279999999999973,15.0,16.0,16.0,17.0,18.0,18.0,19.0,20.0,21.0,21.0,22.0,23.0,23.0,23.0,24.0,24.120000000000005,25.0,25.0,26.0,27.0,27.0,28.0,29.0,30.0,30.0,31.0,31.0,32.0,33.0,34.0,34.0,35.0,36.0,38.0,38.67999999999995,39.0,40.0,42.0,43.0,43.0,45.0,45.360000000000014,47.0,48.0,50.0,51.32000000000005,54.0,56.0,59.0,60.0,63.0,68.0,99.0,0.0,1000.5764706134796,1000.6431372761726,1000.6862745285034,1000.7215686440468,1000.7529411911964,1000.7882353067398,1000.8313725590706,1000.8901960849762,1000.9607843160629,3001.0,171.2029266357422,178.6632537841797,183.4313171386719,187.09887084960937,190.33031463623047,193.29053649902343,196.2436508178711,199.50941467285156,203.80775451660156,350.6014709472656,228.19687,3.0,test_data/Useful/Validation/sharp sand at 2ft/20241020_172235.jpg,3457.0,536.0,53.98969373502818
14,0.0,0.0,0.0,0.0,0.0,0.0,0.0,0.0,0.0,0.0,0.0,0.0,0.0,0.0,0.0,0.0,0.0,0.0,0.0,0.0,0.0,0.0,0.0,0.0,0.0,0.0,0.0,0.0,0.0,1.0,1.0,2.0,2.0,3.160000000000025,4.0,5.639999999999986,8.0,9.0,9.0,10.0,10.0,11.0,12.0,13.0,13.0,14.0,15.0,15.0,16.0,16.0,17.0,18.0,18.0,19.0,19.200000000000045,20.440000000000055,21.0,22.0,22.159999999999968,23.399999999999977,24.0,24.0,25.0,26.0,27.0,28.0,29.0,30.32000000000005,32.0,33.0,33.0,34.0,34.0,35.0,36.0,36.24000000000001,37.0,38.0,39.0,40.0,41.0,42.0,43.0,44.0,45.0,47.0,48.0,49.120000000000005,50.360000000000014,52.60000000000002,54.0,56.08000000000004,58.0,59.0,63.0,65.0,67.0,70.51999999999998,79.31999999999994,93.0,0.0,1000.5490196347237,1000.6274510025978,1000.6745098233223,1000.7137255072594,1000.7529411911964,1000.7960784435272,1000.8470588326454,1000.905882358551,1000.9764705896378,3001.0,171.39932098388672,178.87109985351563,183.66641235351562,187.3404541015625,190.55947875976562,193.51437377929688,196.45555114746094,199.71466064453125,204.01910400390625,350.58770751953125,231.1745,3.0,test_data/Useful/Validation/sharp sand at 2ft/20241020_172236.jpg,3568.0,534.0,58.90182264861456
15,0.0,0.0,0.0,0.0,0.0,0.0,0.0,0.0,0.0,0.0,0.0,0.0,0.0,0.0,0.0,0.0,0.0,0.0,0.0,0.0,0.0,0.0,0.0,0.0,0.0,0.0,0.0,0.0,0.0,0.0,0.0,0.0,1.0,2.0,3.0,3.0,4.0,5.0,7.0,7.0,8.0,8.079999999999984,9.0,10.0,10.800000000000011,11.04000000000002,13.0,14.0,14.0,15.0,15.0,15.0,15.720000000000027,16.0,17.0,17.0,18.0,18.0,18.159999999999968,19.0,20.0,20.0,21.0,21.0,22.0,23.0,24.0,24.0,25.0,26.0,27.0,28.279999999999973,30.0,30.0,31.0,32.24000000000001,33.48000000000002,34.72000000000003,35.0,36.0,37.0,39.0,40.0,41.0,42.39999999999998,44.0,44.0,46.120000000000005,48.0,49.0,50.0,53.0,55.0,57.559999999999945,59.0,61.039999999999964,63.27999999999997,69.03999999999996,75.51999999999998,88.0,0.0,1000.5647059082985,1000.6352941393852,1000.6745098233223,1000.7098039388657,1000.7411764860153,1000.7764706015587,1000.8196078538895,1000.8745098114014,1000.9529411792755,3001.0,171.1099853515625,178.6314697265625,183.39744262695314,187.1077880859375,190.28570556640625,193.24266052246094,196.20675659179688,199.46920776367188,203.79800415039062,350.53436279296875,230.64993,3.0,test_data/Useful/Validation/sharp sand at 2ft/20241020_172237(0).jpg,3402.0,494.0,56.2311194255527
16,0.0,0.0,0.0,0.0,0.0,0.0,0.0,0.0,0.0,0.0,0.0,0.0,0.0,0.0,0.0,0.0,0.0,0.0,0.0,0.0,0.0,0.0,0.0,0.0,0.0,0.0,0.0,0.0,0.0,0.0,0.0,1.0,1.0,1.160000000000025,2.0,3.0,3.0,4.0,4.0,5.0,6.0,6.079999999999984,7.319999999999993,8.0,9.0,10.0,10.0,11.519999999999982,12.0,13.0,13.0,14.0,14.0,15.0,15.0,16.0,16.0,17.0,18.0,18.0,19.0,20.0,20.0,21.0,22.0,22.0,23.0,24.0,25.0,26.0,27.0,27.0,28.0,28.75999999999999,29.0,30.0,31.0,32.0,33.0,33.0,34.0,35.0,35.91999999999996,37.0,38.0,39.0,40.0,41.0,42.0,44.0,44.0,45.0,46.0,49.0,51.0,54.039999999999964,57.0,60.51999999999998,67.0,89.0,0.0,1000.6000000238419,1000.6588235497475,1000.7019608020782,1000.7294117808342,1000.7607843279839,1000.7921568751335,1000.8313725590706,1000.8823529481888,1000.9568627476692,2001.0,170.96507263183594,178.50900268554688,183.3338409423828,187.03492736816406,190.1911163330078,193.12913513183594,196.0957489013672,199.37203979492188,203.65670318603514,350.67230224609375,229.36995,3.0,test_data/Useful/Validation/sharp sand at 2ft/20241020_172306.jpg,3400.0,461.0,66.12275835900074
17,0.0,0.0,0.0,0.0,0.0,0.0,0.0,0.0,0.0,0.0,0.0,0.0,0.0,0.0,0.0,0.0,0.0,0.0,0.0,0.0,0.0,0.0,0.0,0.0,0.0,0.0,0.0,0.0,0.0,1.0,1.0,2.0,3.0,3.160000000000025,4.0,5.0,6.0,6.1200000000000045,7.360000000000014,8.600000000000023,10.0,10.0,11.0,11.560000000000002,12.0,13.0,14.0,14.519999999999982,15.0,16.0,17.0,17.0,18.0,18.0,19.0,19.0,20.0,20.0,21.0,21.0,22.0,23.0,24.0,24.0,25.0,26.0,27.0,27.0,28.0,28.0,29.0,30.279999999999973,31.519999999999982,33.0,34.0,35.0,36.0,36.0,37.0,38.200000000000045,39.0,40.0,40.0,42.0,43.0,44.0,45.0,46.0,48.0,49.0,49.0,50.0,52.32000000000005,53.559999999999945,55.0,59.0,62.0,65.0,70.75999999999999,108.0,0.0,1000.5764706134796,1000.6431372761726,1000.6862745285034,1000.7137255072594,1000.745098054409,1000.7764706015587,1000.8196078538895,1000.8784313797951,1000.9568627476692,3001.0,170.79734649658204,178.46417846679688,183.32467193603514,186.986962890625,190.18594360351562,193.14715576171875,196.09957122802734,199.3020477294922,203.6161651611328,350.5691833496094,232.74054,3.0,test_data/Useful/Validation/sharp sand at 2ft/20241020_172307.jpg,3385.0,513.0,61.785866858836116
18,0.0,0.0,0.0,0.0,0.0,0.0,0.0,0.0,0.0,0.0,0.0,0.0,0.0,0.0,0.0,0.0,0.0,0.0,0.0,0.0,0.0,0.0,0.0,0.0,0.0,0.0,0.0,0.0,0.0,0.0,1.0,1.0,2.0,2.0,3.0,4.0,4.0,5.1200000000000045,7.0,7.0,8.0,9.0,9.319999999999993,11.0,11.0,12.0,12.279999999999973,13.0,14.0,15.0,15.0,15.0,16.0,16.0,16.0,16.440000000000055,17.0,17.0,18.0,19.0,20.0,20.0,21.0,22.0,22.600000000000023,23.0,24.0,25.0,25.0,26.799999999999955,27.0,28.0,29.0,29.0,30.0,30.24000000000001,32.0,32.0,33.0,34.0,34.0,36.0,37.0,38.0,40.0,40.0,41.0,44.0,45.0,46.60000000000002,49.0,51.0,51.32000000000005,53.0,55.0,56.039999999999964,59.0,63.0,70.0,82.0,0.0,1000.5725490450859,1000.6392157077789,1000.6823529601097,1000.7137255072594,1000.745098054409,1000.7803921699524,1000.8235294222832,1000.8823529481888,1000.9607843160629,3001.0,170.82662963867188,178.48756408691406,183.26498413085938,186.95138549804688,190.17637634277344,193.10757446289062,196.06243896484375,199.3061981201172,203.6857406616211,350.5728454589844,233.60289,3.0,test_data/Useful/Validation/sharp sand at 2ft/20241020_172308.jpg,3371.0,489.0,64.67637877070025
19,0.0,0.0,0.0,0.0,0.0,0.0,0.0,0.0,0.0,0.0,0.0,0.0,0.0,0.0,0.0,0.0,0.0,0.0,0.0,0.0,0.0,0.0,0.0,0.0,0.0,0.0,0.0,0.0,0.0,0.0,2.0,2.0,3.0,4.0,4.399999999999977,5.0,7.0,8.0,9.0,9.0,10.0,10.079999999999984,11.0,11.560000000000002,12.0,13.0,15.0,15.519999999999982,16.0,17.0,17.0,17.0,18.0,18.0,18.0,19.0,20.0,20.0,21.0,22.0,23.0,23.879999999999995,24.0,25.0,26.0,27.0,28.0,29.0,30.0,30.0,31.0,32.0,33.0,33.0,33.0,34.0,35.0,36.0,37.0,38.0,39.0,39.67999999999995,40.0,41.0,42.0,44.0,45.0,47.0,47.0,50.60000000000002,53.0,55.0,56.32000000000005,59.0,61.799999999999955,66.0,68.0,72.51999999999998,79.51999999999998,87.0,0.0,1000.5764706134796,1000.6470588445663,1000.6901960968971,1000.7215686440468,1000.7529411911964,1000.7882353067398,1000.8274509906769,1000.8862745165825,1000.9647058844566,3000.949019610882,170.89740600585938,178.4252166748047,183.22183532714843,186.9507263183594,190.13262176513672,193.13180541992188,196.0855712890625,199.33145141601562,203.62893676757812,350.5934143066406,236.0152,3.0,test_data/Useful/Validation/sharp sand at 2ft/20241020_172309.jpg,3272.0,524.0,65.53729076420936
20,0.0,0.0,0.0,0.0,0.0,0.0,0.0,0.0,0.0,0.0,0.0,0.0,0.0,0.0,0.0,0.0,0.0,0.0,0.0,0.0,0.0,0.0,0.0,0.0,0.0,0.0,0.0,0.0,0.0,0.0,0.0,0.0,0.0,0.0,0.0,1.0,2.0,2.1200000000000045,3.0,4.0,4.0,6.0,7.0,7.0,7.0,8.0,9.0,9.0,11.0,12.0,13.240000000000009,14.0,14.0,15.0,16.0,16.0,17.0,17.0,18.0,19.0,20.0,21.0,22.0,22.0,23.0,24.0,25.0,26.0,26.0,27.799999999999955,28.039999999999964,30.0,31.0,32.0,33.0,34.24000000000001,36.0,36.72000000000003,37.0,38.0,39.0,40.0,41.0,42.0,43.0,45.0,47.0,50.0,50.360000000000014,54.60000000000002,55.84000000000003,58.08000000000004,61.0,63.0,64.79999999999995,68.03999999999996,74.0,77.0,81.75999999999999,96.0,0.0,1000.5725490450859,1000.6431372761726,1000.6862745285034,1000.7176470756531,1000.7490196228027,1000.7843137383461,1000.8235294222832,1000.8745098114014,1000.9490196108818,3001.0,170.6890106201172,178.36795043945312,183.1694793701172,186.870849609375,190.0456085205078,192.9635467529297,195.91871643066406,199.20502014160155,203.5343475341797,350.5738525390625,233.75183,3.0,test_data/Useful/Validation/sharp sand at 2ft/20241020_172310(0).jpg,3248.0,488.0,56.67268472784524
21,0.0,0.0,0.0,0.0,0.0,0.0,0.0,0.0,0.0,0.0,0.0,0.0,0.0,0.0,0.0,0.0,0.0,0.0,0.0,0.0,0.0,0.0,0.0,0.0,0.0,0.0,0.0,0.0,0.0,0.0,0.0,0.0,1.0,3.0,3.3999999999999773,4.0,5.0,6.0,7.0,7.600000000000023,8.0,9.0,9.0,10.0,10.800000000000011,11.04000000000002,12.0,13.0,14.0,15.0,15.0,15.0,16.0,16.0,17.0,17.0,18.0,18.91999999999996,19.0,19.0,20.0,21.0,22.0,22.0,23.0,24.0,25.0,26.0,26.0,27.799999999999955,29.0,30.0,30.519999999999982,31.0,31.0,33.0,34.0,35.0,36.0,38.0,39.0,40.0,42.0,43.0,43.0,44.0,46.0,48.0,49.0,50.0,51.0,54.0,56.0,57.0,60.0,62.0,66.39999999999986,72.51999999999998,80.0,98.0,0.0,1000.5725490450859,1000.6392157077789,1000.6823529601097,1000.7137255072594,1000.7411764860153,1000.772549033165,1000.811764717102,1000.866666674614,1000.9450980424881,3001.0,170.81200256347657,178.38563232421876,183.19618225097656,186.8872528076172,190.11026000976562,193.032763671875,195.99048767089843,199.21908569335938,203.5880126953125,350.5364685058594,236.3292,3.0,test_data/Useful/Validation/sharp sand at 2ft/20241020_172310.jpg,3267.0,497.0,55.39424517109592
22,0.0,0.0,0.0,0.0,0.0,0.0,0.0,0.0,0.0,0.0,0.0,0.0,0.0,0.0,0.0,0.0,0.0,0.0,0.0,0.0,0.0,0.0,0.0,0.0,0.0,0.0,0.0,0.0,0.0,0.0,0.0,0.0,0.0,0.0,1.0,2.0,3.8799999999999955,4.1200000000000045,5.0,6.0,7.0,7.079999999999984,8.0,9.0,10.0,11.0,11.0,13.0,13.759999999999991,15.0,15.0,15.0,16.0,17.0,18.0,18.440000000000055,20.0,20.91999999999996,21.0,22.0,23.0,23.879999999999995,24.0,25.0,26.0,26.840000000000032,28.0,29.0,30.0,31.0,32.0,33.0,33.0,34.0,35.0,36.0,38.0,39.0,39.960000000000036,41.0,41.440000000000055,43.0,44.0,45.15999999999997,47.0,47.639999999999986,49.879999999999995,50.120000000000005,52.0,54.0,55.0,56.08000000000004,58.32000000000005,60.559999999999945,64.0,66.03999999999996,72.0,75.03999999999996,90.75999999999999,115.0,0.0,1000.584313750267,1000.65098041296,1000.6941176652908,1000.7254902124405,1000.7568627595901,1000.7921568751335,1000.8313725590706,1000.8823529481888,1000.9529411792755,3001.0,170.89177551269532,178.43582153320312,183.17425537109375,186.84931640625,190.01634216308594,192.97943725585938,195.9421173095703,199.1471710205078,203.46127319335938,350.62335205078125,232.59941,3.0,test_data/Useful/Validation/sharp sand at 2ft/20241020_172311.jpg,3215.0,517.0,64.97372957495826
23,0.0,0.0,0.0,0.0,0.0,0.0,0.0,0.0,0.0,0.0,0.0,0.0,0.0,0.0,0.0,0.0,0.0,0.0,0.0,0.0,0.0,0.0,0.0,0.0,0.0,0.0,0.0,0.0,0.0,0.0,0.0,1.0,1.0,2.0,3.0,3.0,4.0,5.0,6.0,7.0,7.839999999999975,8.0,9.0,9.0,10.0,11.0,11.0,11.519999999999982,12.0,13.0,13.0,13.0,14.0,15.0,15.0,15.0,16.0,16.0,16.0,17.0,18.0,19.0,20.0,20.0,21.0,22.0,22.0,22.32000000000005,24.0,25.0,25.0,26.0,27.0,27.0,28.0,29.0,30.0,30.0,31.0,32.0,32.440000000000055,33.0,34.0,35.0,35.39999999999998,37.0,38.0,38.0,39.0,40.0,41.84000000000003,44.0,46.0,47.0,52.0,54.039999999999964,57.559999999999945,65.51999999999998,70.75999999999999,87.0,0.0,1000.6000000238419,1000.6666666865349,1000.7098039388657,1000.745098054409,1000.7803921699524,1000.8196078538895,1000.8627451062202,1000.9176470637321,1000.9843137264252,3001.0,171.22081298828124,178.6897705078125,183.48000946044922,187.15406188964843,190.3505859375,193.30056762695312,196.218505859375,199.46197509765625,203.674560546875,350.7595520019531,234.07748,3.0,test_data/Useful/Validation/sharp sand at 2ft/20241020_172315(0).jpg,3432.0,454.0,57.27191937837743
24,0.0,0.0,0.0,0.0,0.0,0.0,0.0,0.0,0.0,0.0,0.0,0.0,0.0,0.0,0.0,0.0,0.0,0.0,0.0,0.0,0.0,0.0,0.0,0.0,0.0,0.0,0.0,0.0,0.0,0.0,0.0,0.0,0.0,0.0,0.0,1.0,1.0,2.0,3.3600000000000136,4.0,5.0,6.0,7.0,7.0,8.0,8.04000000000002,9.0,9.0,10.0,11.0,12.240000000000009,13.0,14.0,15.0,15.0,16.0,16.0,17.0,17.0,18.0,18.0,19.0,19.0,20.0,20.0,21.0,22.0,22.0,23.0,23.0,24.0,24.0,25.0,26.0,27.0,28.0,28.480000000000018,29.0,30.960000000000036,33.0,34.0,35.0,36.0,38.0,39.0,40.0,41.0,42.0,43.0,44.0,45.0,47.0,48.0,49.0,51.799999999999955,54.0,57.27999999999997,60.0,66.51999999999998,80.0,0.0,1000.6156862974167,1000.678431391716,1000.7176470756531,1000.7529411911964,1000.7803921699524,1000.811764717102,1000.8509804010391,1000.9019607901573,1000.9686274528503,3001.0,171.04485321044922,178.6369171142578,183.37969970703125,187.0623779296875,190.2816162109375,193.19947814941406,196.10214233398438,199.33638916015624,203.5896255493164,350.7501525878906,232.17062,3.0,test_data/Useful/Validation/sharp sand at 2ft/20241020_172315.jpg,3215.0,446.0,61.141636620393484
25,0.0,0.0,0.0,0.0,0.0,0.0,0.0,0.0,0.0,0.0,0.0,0.0,0.0,0.0,0.0,0.0,0.0,0.0,0.0,0.0,0.0,0.0,0.0,0.0,0.0,0.0,0.0,0.0,0.0,0.0,0.0,0.0,0.0,1.0,2.0,3.0,3.0,4.0,5.0,6.0,6.0,7.0,7.0,8.0,9.0,10.0,10.0,10.519999999999982,11.0,13.0,13.240000000000009,14.0,15.0,15.0,16.0,16.0,17.0,17.0,18.0,18.399999999999977,19.0,19.0,20.0,21.0,21.600000000000023,22.0,23.0,24.0,25.0,26.0,26.0,27.0,28.0,29.0,29.0,31.0,32.0,33.0,34.0,35.0,36.0,37.0,38.0,39.0,41.0,41.0,43.0,44.0,46.0,49.0,50.0,52.0,55.0,56.559999999999945,60.0,62.07999999999993,67.27999999999997,73.03999999999996,86.0,152.0,0.0,1000.65098041296,1000.705882370472,1000.745098054409,1000.772549033165,1000.8000000119209,1000.8235294222832,1000.8470588326454,1000.8823529481888,1000.933333337307,3000.949019610882,171.53790130615235,179.119287109375,183.9303939819336,187.65050659179687,190.77134704589844,193.6983642578125,196.6425323486328,199.90115966796876,204.21533203125,350.7034912109375,237.04501,3.0,test_data/Useful/Validation/sharp sand at 2ft/20241020_172340_001.jpg,2962.0,441.0,58.60124643305993
26,0.0,0.0,0.0,0.0,0.0,0.0,0.0,0.0,0.0,0.0,0.0,0.0,0.0,0.0,0.0,0.0,0.0,0.0,0.0,0.0,0.0,0.0,0.0,0.0,0.0,0.0,0.0,0.0,0.0,0.0,0.0,0.0,0.0,0.0,1.0,2.0,2.0,3.0,4.0,4.0,5.0,5.0,6.0,6.0,7.0,8.0,9.0,9.519999999999982,10.0,12.0,12.0,13.0,14.0,15.0,15.200000000000045,16.0,16.0,17.0,18.0,18.399999999999977,19.639999999999986,20.0,21.0,21.360000000000014,22.600000000000023,23.840000000000032,24.0,25.0,26.0,27.0,28.039999999999964,29.279999999999973,30.0,31.0,32.0,32.24000000000001,34.0,34.0,35.0,37.0,38.0,38.0,40.0,41.0,43.0,45.0,47.0,48.0,49.0,49.60000000000002,52.0,53.08000000000004,56.0,57.0,60.0,64.11999999999989,68.0,73.55999999999995,80.51999999999998,142.0,0.0,1000.65098041296,1000.705882370472,1000.745098054409,1000.772549033165,1000.8000000119209,1000.8235294222832,1000.8470588326454,1000.8823529481888,1000.933333337307,3000.407843142748,171.40533294677735,179.0646209716797,183.8162399291992,187.49224853515625,190.66299438476562,193.59176940917968,196.5555419921875,199.82025146484375,204.10073852539062,350.70599365234375,237.44612,3.0,test_data/Useful/Validation/sharp sand at 2ft/20241020_172340_002.jpg,2932.0,459.0,60.31524395468311
27,0.0,0.0,0.0,0.0,0.0,0.0,0.0,0.0,0.0,0.0,0.0,0.0,0.0,0.0,0.0,0.0,0.0,0.0,0.0,0.0,0.0,0.0,0.0,0.0,0.0,0.0,0.0,0.0,0.0,0.0,0.0,0.0,0.0,0.0,0.0,0.0,0.0,0.12000000000000455,1.0,2.0,3.839999999999975,4.0,5.0,5.560000000000002,6.0,7.0,8.0,9.0,10.0,11.0,11.0,12.0,13.720000000000027,14.0,15.0,15.0,16.0,16.0,17.0,17.0,18.0,18.0,19.0,20.0,20.600000000000023,21.0,23.08000000000004,25.0,25.0,26.0,27.0,28.0,29.519999999999982,31.0,33.0,33.24000000000001,34.0,35.0,35.960000000000036,37.0,37.0,39.0,40.91999999999996,42.0,43.0,44.0,45.0,48.0,49.0,52.0,53.84000000000003,56.0,57.32000000000005,59.559999999999945,63.59999999999991,66.0,69.0,73.0,91.55999999999995,143.0,0.0,1000.6470588445663,1000.705882370472,1000.7411764860153,1000.772549033165,1000.8000000119209,1000.8235294222832,1000.8509804010391,1000.8823529481888,1000.933333337307,3000.3490196168423,171.98069915771484,179.53411254882812,184.2659881591797,187.9371795654297,191.0655975341797,193.98507690429688,196.91465759277344,200.10345458984375,204.34383697509767,350.67578125,237.50938,3.0,test_data/Useful/Validation/sharp sand at 2ft/20241020_172340_003.jpg,2950.0,467.0,58.71668725646276
28,0.0,0.0,0.0,0.0,0.0,0.0,0.0,0.0,0.0,0.0,0.0,0.0,0.0,0.0,0.0,0.0,0.0,0.0,0.0,0.0,0.0,0.0,0.0,0.0,0.0,0.0,0.0,0.0,0.0,0.0,0.0,0.0,0.0,0.0,0.0,1.0,1.0,2.0,3.0,3.0,4.0,5.0,6.0,6.0,7.0,8.0,9.0,10.0,10.0,12.0,12.0,13.0,13.0,14.0,15.0,15.0,15.67999999999995,16.0,16.159999999999968,17.0,17.0,18.0,18.120000000000005,19.0,20.0,20.840000000000032,22.0,22.0,23.0,24.0,24.0,25.0,26.0,27.0,28.0,29.0,30.0,31.0,32.0,33.0,34.440000000000055,35.0,36.0,37.0,37.39999999999998,39.0,40.0,42.0,43.360000000000014,45.0,46.84000000000003,49.0,53.0,58.559999999999945,62.0,64.0,69.0,74.55999999999995,95.75999999999999,149.0,0.0,1000.6431372761726,1000.7019608020782,1000.7411764860153,1000.772549033165,1000.8000000119209,1000.8235294222832,1000.8509804010391,1000.8862745165825,1000.9372549057007,3000.9803921580315,171.95932006835938,179.5104217529297,184.23452758789062,187.9070281982422,191.08370971679688,194.02877807617188,196.9833526611328,200.21888732910156,204.50376892089844,350.65228271484375,238.74533,3.0,test_data/Useful/Validation/sharp sand at 2ft/20241020_172340_004.jpg,2926.0,439.0,61.30246716904814
29,0.0,0.0,0.0,0.0,0.0,0.0,0.0,0.0,0.0,0.0,0.0,0.0,0.0,0.0,0.0,0.0,0.0,0.0,0.0,0.0,0.0,0.0,0.0,0.0,0.0,0.0,0.0,0.0,0.0,0.0,0.0,0.0,0.0,0.0,0.0,0.0,0.0,0.12000000000000455,1.0,2.0,3.839999999999975,4.0,5.0,5.0,6.0,7.0,8.0,9.0,10.0,11.0,11.240000000000009,12.0,13.0,14.0,14.200000000000045,15.0,15.0,16.0,16.0,17.0,18.0,19.0,19.120000000000005,20.0,21.0,21.0,22.0,22.0,23.0,24.0,25.0,25.0,26.0,27.0,28.0,28.0,29.0,30.0,31.0,32.0,34.0,35.0,36.91999999999996,37.15999999999997,39.0,41.639999999999986,43.0,46.0,46.0,48.0,51.0,52.0,53.0,56.0,61.59999999999991,65.03999999999996,70.83999999999992,78.03999999999996,89.31999999999994,136.0,0.0,1000.6431372761726,1000.7019608020782,1000.7411764860153,1000.772549033165,1000.8000000119209,1000.8235294222832,1000.8509804010391,1000.8862745165825,1000.9372549057007,3000.5882353186607,172.22032165527344,179.75259399414062,184.46646118164062,188.1529541015625,191.27891540527344,194.25161743164062,197.16351318359375,200.37152099609375,204.65013122558594,350.6123352050781,238.5426,3.0,test_data/Useful/Validation/sharp sand at 2ft/20241020_172340_005.jpg,2953.0,426.0,58.33317952297955
30,0.0,0.0,0.0,0.0,0.0,0.0,0.0,0.0,0.0,0.0,0.0,0.0,0.0,0.0,0.0,0.0,0.0,0.0,0.0,0.0,0.0,0.0,0.0,0.0,0.0,0.0,0.0,0.0,0.0,0.0,0.0,0.0,0.0,0.0,0.0,0.0,0.0,0.0,1.0,1.0,2.0,3.0,4.0,5.0,6.0,7.0,8.0,8.519999999999982,9.759999999999991,10.0,11.0,11.0,12.0,13.0,14.0,14.440000000000055,15.0,16.0,16.0,17.0,18.0,18.0,19.0,19.0,20.0,21.0,21.08000000000004,23.0,24.0,24.0,25.0,25.0,26.0,27.0,28.0,29.0,30.0,31.0,32.0,33.0,33.0,34.0,35.0,36.15999999999997,37.39999999999998,38.639999999999986,39.0,41.0,43.360000000000014,45.0,46.84000000000003,50.0,51.32000000000005,52.559999999999945,55.799999999999955,60.0,64.83999999999992,82.07999999999993,97.03999999999996,166.0,0.0,1000.6470588445663,1000.705882370472,1000.7411764860153,1000.772549033165,1000.8000000119209,1000.8235294222832,1000.8509804010391,1000.8823529481888,1000.933333337307,3000.470588237047,172.4226516723633,179.9126953125,184.70111083984375,188.36751708984374,191.52246856689453,194.44082641601562,197.34213256835938,200.512451171875,204.82333374023438,350.55010986328125,239.31853,3.0,test_data/Useful/Validation/sharp sand at 2ft/20241020_172340_009.jpg,2847.0,406.0,62.58589843976377
31,0.0,0.0,0.0,0.0,0.0,0.0,0.0,0.0,0.0,0.0,0.0,0.0,0.0,0.0,0.0,0.0,0.0,0.0,0.0,0.0,0.0,0.0,0.0,0.0,0.0,0.0,0.0,0.0,0.0,0.0,0.0,0.0,0.0,0.0,0.0,0.0,0.0,0.0,1.0,2.0,2.0,3.0,4.0,5.0,5.800000000000011,6.0,7.0,8.0,8.0,9.0,9.0,10.0,11.720000000000027,12.0,13.0,13.0,14.0,14.0,15.0,15.0,16.0,16.0,17.0,17.360000000000014,19.0,19.0,20.0,21.0,22.0,23.0,23.039999999999964,24.0,25.0,25.0,26.0,27.0,28.0,29.0,30.0,31.0,32.0,33.0,35.0,36.15999999999997,37.39999999999998,39.0,40.0,42.0,44.0,45.0,46.84000000000003,48.08000000000004,51.32000000000005,54.559999999999945,57.799999999999955,64.03999999999996,68.27999999999997,73.51999999999998,95.0,149.0,0.0,1000.65098041296,1000.705882370472,1000.7411764860153,1000.772549033165,1000.7960784435272,1000.8235294222832,1000.8509804010391,1000.8823529481888,1000.933333337307,3000.9921568632126,172.30629272460936,179.88005981445312,184.70152282714844,188.40060424804688,191.5151824951172,194.44540405273438,197.31100463867188,200.5069580078125,204.68374633789062,350.5535888671875,240.92017,3.0,test_data/Useful/Validation/sharp sand at 2ft/20241020_172340_010.jpg,2869.0,397.0,57.74772276434783
32,0.0,0.0,0.0,0.0,0.0,0.0,0.0,0.0,0.0,0.0,0.0,0.0,0.0,0.0,0.0,0.0,0.0,0.0,0.0,0.0,0.0,0.0,0.0,0.0,0.0,0.0,0.0,0.0,0.0,0.0,0.0,0.0,0.0,0.0,0.0,0.0,1.0,2.0,3.0,4.0,4.839999999999975,5.0,6.0,7.0,8.0,8.04000000000002,9.0,10.0,10.0,11.0,11.0,12.0,12.720000000000027,13.0,14.0,15.0,15.0,15.919999999999959,16.0,17.0,17.0,18.0,19.0,19.0,20.0,20.840000000000032,22.0,23.0,23.0,24.0,25.0,25.279999999999973,26.519999999999982,27.0,28.0,29.0,30.0,30.0,31.0,32.0,33.0,34.0,34.91999999999996,36.0,37.0,38.0,39.0,40.0,42.0,44.0,45.0,48.0,50.0,53.0,54.799999999999955,61.0,65.0,77.59999999999991,95.83999999999992,148.0,0.0,1000.65098041296,1000.705882370472,1000.7411764860153,1000.7686274647713,1000.7960784435272,1000.8235294222832,1000.8470588326454,1000.8784313797951,1000.9294117689133,3000.4000000059605,172.34036254882812,179.95538330078125,184.75689849853515,188.41105041503906,191.56483459472656,194.44747009277344,197.36585693359376,200.57910461425783,204.79823303222656,350.5330810546875,240.851,3.0,test_data/Useful/Validation/sharp sand at 2ft/20241020_172340_011.jpg,2781.0,410.0,62.809137099339466
33,0.0,0.0,0.0,0.0,0.0,0.0,0.0,0.0,0.0,0.0,0.0,0.0,0.0,0.0,0.0,0.0,0.0,0.0,0.0,0.0,0.0,0.0,0.0,0.0,0.0,0.0,0.0,0.0,0.0,0.0,0.0,0.0,0.0,0.0,0.0,0.0,1.0,2.0,2.3600000000000136,3.0,3.0,4.0,4.0,5.0,6.0,6.0,7.0,8.0,8.759999999999991,9.0,10.0,11.0,12.720000000000027,13.0,14.0,14.0,15.0,15.0,16.0,16.0,17.0,17.0,18.0,18.0,19.0,20.0,21.0,22.0,22.559999999999945,24.0,24.039999999999964,25.0,27.0,27.0,28.0,29.0,29.480000000000018,30.0,31.0,32.0,33.0,34.0,35.0,38.15999999999997,40.0,41.0,43.0,44.120000000000005,45.360000000000014,47.0,48.0,50.0,51.0,53.559999999999945,57.0,59.039999999999964,63.0,83.03999999999996,114.91999999999985,147.0,0.0,1000.6470588445663,1000.705882370472,1000.7411764860153,1000.7686274647713,1000.7960784435272,1000.8235294222832,1000.8509804010391,1000.8823529481888,1000.9294117689133,3000.4509803950787,172.62246704101562,180.13613891601562,184.8389892578125,188.48355102539062,191.64207458496094,194.6160675048828,197.49868774414062,200.66680908203125,204.95095825195312,350.4997253417969,240.05893,3.0,test_data/Useful/Validation/sharp sand at 2ft/20241020_172340_012.jpg,2938.0,422.0,56.06356831759263
34,0.0,0.0,0.0,0.0,0.0,0.0,0.0,0.0,0.0,0.0,0.0,0.0,0.0,0.0,0.0,0.0,0.0,0.0,0.0,0.0,0.0,0.0,0.0,0.0,0.0,0.0,0.0,0.0,0.0,0.0,0.0,0.0,0.0,0.0,0.0,0.0,0.0,0.0,0.0,1.0,1.0,2.0,3.0,4.0,5.0,6.0,7.0,8.0,8.0,9.0,10.0,11.0,11.0,13.0,15.0,15.0,15.67999999999995,16.0,16.0,17.0,17.0,18.0,19.0,19.0,20.0,20.840000000000032,22.0,22.0,23.0,24.0,24.039999999999964,25.0,26.0,27.0,28.0,29.0,30.0,31.720000000000027,32.960000000000036,34.200000000000045,35.0,37.0,38.91999999999996,40.0,41.0,42.0,43.879999999999995,46.0,47.0,49.0,50.0,53.08000000000004,55.32000000000005,57.559999999999945,60.0,63.0,69.55999999999995,77.55999999999995,100.55999999999995,145.0,0.0,1000.6549019813538,1000.705882370472,1000.7411764860153,1000.772549033165,1000.7960784435272,1000.8235294222832,1000.8470588326454,1000.8784313797951,1000.9294117689133,3001.0,172.64154205322265,180.09832153320312,184.81762084960937,188.47720336914062,191.6344451904297,194.5287322998047,197.4222198486328,200.59964294433593,204.84712677001954,350.51263427734375,241.34322,3.0,test_data/Useful/Validation/sharp sand at 2ft/20241020_172340_013.jpg,2810.0,400.0,58.5814072474535
35,0.0,0.0,0.0,0.0,0.0,0.0,0.0,0.0,0.0,0.0,0.0,0.0,0.0,0.0,0.0,0.0,0.0,0.0,0.0,0.0,0.0,0.0,0.0,0.0,0.0,0.0,0.0,0.0,0.0,0.0,0.0,0.0,0.0,0.0,0.0,0.0,0.0,0.0,1.0,1.0,2.0,2.0,3.319999999999993,4.0,5.0,7.0,7.0,8.0,8.0,9.0,9.0,10.0,10.0,11.0,11.200000000000045,12.0,13.0,14.0,15.0,15.399999999999977,16.0,17.0,17.0,17.0,18.0,19.0,20.0,21.0,22.0,23.0,23.039999999999964,24.0,25.0,26.0,26.0,27.24000000000001,28.0,30.0,32.0,33.0,35.0,36.67999999999995,37.91999999999996,38.0,39.0,41.0,41.879999999999995,43.0,45.0,46.0,48.0,51.08000000000004,54.0,57.0,60.799999999999955,64.07999999999993,69.0,79.0,99.59999999999991,142.0,0.0,1000.6588235497475,1000.7098039388657,1000.745098054409,1000.772549033165,1000.7960784435272,1000.8196078538895,1000.8470588326454,1000.8784313797951,1000.9254902005196,2001.0,172.26439971923827,179.95787048339844,184.65866088867188,188.32586669921875,191.47628784179688,194.40443420410156,197.29700622558593,200.51070556640624,204.7347885131836,350.51116943359375,242.67545,3.0,test_data/Useful/Validation/sharp sand at 2ft/20241020_172340_014.jpg,2829.0,405.0,57.0683265800569
36,0.0,0.0,0.0,0.0,0.0,0.0,0.0,0.0,0.0,0.0,0.0,0.0,0.0,0.0,0.0,0.0,0.0,0.0,0.0,0.0,0.0,0.0,0.0,0.0,0.0,0.0,0.0,0.0,0.0,0.0,0.0,0.0,0.0,0.0,0.0,0.0,0.0,0.0,0.0,0.0,0.0,0.0,1.0,2.0,3.0,4.0,5.0,6.0,7.0,7.0,8.0,9.480000000000018,11.0,13.0,14.0,14.0,15.0,15.0,16.0,16.0,17.0,17.0,18.0,18.360000000000014,20.0,21.0,21.0,22.0,23.0,23.0,24.0,24.279999999999973,26.0,27.0,27.0,28.0,29.0,30.0,31.0,32.0,32.0,33.0,34.0,36.0,38.39999999999998,41.0,42.879999999999995,45.0,45.0,46.60000000000002,48.0,50.0,53.6400000000001,58.0,61.799999999999955,68.0,71.55999999999995,78.03999999999996,96.55999999999995,145.0,0.0,1000.6588235497475,1000.7098039388657,1000.745098054409,1000.772549033165,1000.7960784435272,1000.8196078538895,1000.8470588326454,1000.8784313797951,1000.9254902005196,3000.470588237047,172.4080047607422,179.91094665527345,184.64158630371094,188.32052612304688,191.4534912109375,194.36325073242188,197.25247344970703,200.4296417236328,204.67109375,350.5160217285156,242.47595,3.0,test_data/Useful/Validation/sharp sand at 2ft/20241020_172340_015.jpg,2691.0,401.0,60.8022215481674
37,0.0,0.0,0.0,0.0,0.0,0.0,0.0,0.0,0.0,0.0,0.0,0.0,0.0,0.0,0.0,0.0,0.0,0.0,0.0,0.0,0.0,0.0,0.0,0.0,0.0,0.0,0.0,0.0,0.0,0.0,0.0,0.0,0.0,0.0,0.0,0.0,0.0,1.0,1.0,2.0,2.0,3.0,4.0,5.0,5.800000000000011,6.0,7.0,7.519999999999982,8.759999999999991,9.0,10.0,11.0,12.0,13.0,14.0,14.0,15.0,15.0,15.159999999999968,16.0,16.0,17.0,17.0,18.0,18.0,18.0,19.0,19.0,20.0,20.0,21.0,21.279999999999973,22.0,22.75999999999999,23.0,24.0,25.480000000000018,26.0,27.0,28.0,30.0,31.0,32.91999999999996,35.0,36.0,37.0,39.0,41.0,43.0,45.0,46.0,48.0,51.0,55.559999999999945,57.799999999999955,63.07999999999993,67.0,77.07999999999993,88.03999999999996,152.0,0.0,1000.6588235497475,1000.7098039388657,1000.745098054409,1000.772549033165,1000.7960784435272,1000.8235294222832,1000.8470588326454,1000.8784313797951,1000.9254902005196,2001.0,172.45462341308595,179.91937561035155,184.72840881347656,188.439453125,191.59518432617188,194.4694366455078,197.39178466796875,200.630126953125,204.84494018554688,350.50482177734375,241.69162,3.0,test_data/Useful/Validation/sharp sand at 2ft/20241020_172340_019.jpg,2808.0,384.0,58.29464863310156
38,0.0,0.0,0.0,0.0,0.0,0.0,0.0,0.0,0.0,0.0,0.0,0.0,0.0,0.0,0.0,0.0,0.0,0.0,0.0,0.0,0.0,0.0,0.0,0.0,0.0,0.0,0.0,0.0,0.0,0.0,0.0,0.0,0.0,0.0,0.0,0.0,0.0,0.0,0.0,0.0,0.0,1.0,2.0,2.0,3.0,4.0,4.0,5.519999999999982,7.0,7.0,8.240000000000009,10.0,10.0,11.0,12.0,13.0,13.67999999999995,15.0,15.0,16.0,16.0,16.0,17.0,18.0,18.0,19.0,19.0,20.0,20.0,21.0,22.039999999999964,23.0,24.0,25.0,26.0,27.0,28.0,29.0,30.0,31.0,32.0,33.0,34.0,35.0,36.0,37.0,38.0,40.0,41.360000000000014,44.0,45.0,50.0,54.0,57.0,60.0,69.0,75.27999999999997,83.55999999999995,100.83999999999992,150.0,0.0,1000.6705882549286,1000.7176470756531,1000.7490196228027,1000.772549033165,1000.7960784435272,1000.8196078538895,1000.8431372642517,1000.8745098114014,1000.9137254953384,2001.0,172.5500045776367,180.14305114746094,184.8945770263672,188.56771850585938,191.73851013183594,194.62179565429688,197.58131408691406,200.79241943359375,205.08176879882814,350.41259765625,243.46634,3.0,test_data/Useful/Validation/sharp sand at 2ft/20241020_172340_020.jpg,2540.0,379.0,61.839015279942146
39,0.0,0.0,0.0,0.0,0.0,0.0,0.0,0.0,0.0,0.0,0.0,0.0,0.0,0.0,0.0,0.0,0.0,0.0,0.0,0.0,0.0,0.0,0.0,0.0,0.0,0.0,0.0,0.0,0.0,0.0,0.0,0.0,0.0,0.0,0.0,0.0,0.0,0.0,0.0,0.0,0.0,0.0,0.0,0.0,0.0,1.0,2.0,2.0,3.0,4.0,4.0,5.480000000000018,6.0,7.0,7.2000000000000455,8.0,9.0,9.0,10.0,11.0,11.0,11.0,13.0,13.0,14.0,14.840000000000032,15.0,15.0,16.0,16.0,17.0,18.0,18.0,19.0,20.0,21.0,21.0,22.0,23.0,24.0,25.440000000000055,26.0,27.91999999999996,30.0,31.0,33.0,34.0,35.120000000000005,36.360000000000014,38.60000000000002,42.0,45.08000000000004,50.0,55.11999999999989,60.0,68.03999999999996,77.11999999999989,85.51999999999998,94.27999999999997,144.0,0.0,1000.678431391716,1000.7215686440468,1000.7490196228027,1000.772549033165,1000.7960784435272,1000.8196078538895,1000.8431372642517,1000.866666674614,1000.905882358551,2001.0,172.66366119384764,180.1674774169922,184.85809326171875,188.59422607421877,191.7635040283203,194.677001953125,197.5849853515625,200.7736022949219,205.08350830078126,350.3907775878906,242.58368,3.0,test_data/Useful/Validation/sharp sand at 2ft/20241020_172340_021.jpg,2413.0,324.0,60.80863545506591
40,0.0,0.0,0.0,0.0,0.0,0.0,0.0,0.0,0.0,0.0,0.0,0.0,0.0,0.0,0.0,0.0,0.0,0.0,0.0,0.0,0.0,0.0,0.0,0.0,0.0,0.0,0.0,0.0,0.0,0.0,0.0,0.0,0.0,0.0,0.0,0.0,0.0,0.0,0.0,0.0,0.0,0.0,0.0,0.0,1.0,1.0,2.0,2.0,3.0,4.0,5.0,5.0,6.720000000000027,7.0,8.0,9.0,10.0,11.0,11.0,12.0,13.0,14.0,15.0,15.0,15.600000000000023,16.0,17.0,17.32000000000005,18.0,18.0,19.0,19.0,20.0,20.0,21.0,21.24000000000001,23.0,24.0,25.0,27.0,27.0,28.67999999999995,30.0,31.159999999999968,33.0,34.639999999999986,36.879999999999995,41.120000000000005,43.0,45.0,47.680000000000064,51.0,53.32000000000005,56.0,61.59999999999991,64.03999999999996,70.55999999999995,94.67999999999984,118.83999999999992,135.0,0.0,1000.678431391716,1000.7215686440468,1000.7490196228027,1000.772549033165,1000.7960784435272,1000.8156862854958,1000.839215695858,1000.866666674614,1000.905882358551,2001.0,172.6392822265625,180.15054321289062,184.9214126586914,188.5714599609375,191.73603057861328,194.63409423828125,197.53710174560547,200.70640258789064,204.95516967773438,350.38824462890625,243.80826,3.0,test_data/Useful/Validation/sharp sand at 2ft/20241020_172340_022.jpg,2332.0,328.0,57.219325794147146
41,0.0,0.0,0.0,0.0,0.0,0.0,0.0,0.0,0.0,0.0,0.0,0.0,0.0,0.0,0.0,0.0,0.0,0.0,0.0,0.0,0.0,0.0,0.0,0.0,0.0,0.0,0.0,0.0,0.0,0.0,0.0,0.0,0.0,0.0,0.0,0.0,0.0,0.0,0.0,0.0,0.0,0.0,0.0,1.0,1.8000000000000114,2.0,2.2799999999999727,3.0,3.0,4.0,5.0,5.480000000000018,6.720000000000027,7.0,8.0,9.0,11.0,12.0,13.0,14.0,14.0,14.879999999999995,15.0,16.0,17.0,17.0,18.0,18.32000000000005,19.559999999999945,20.0,21.0,22.0,23.0,23.0,25.0,26.0,26.0,27.0,28.0,29.0,30.0,31.0,31.91999999999996,33.0,35.39999999999998,37.0,39.879999999999995,41.120000000000005,43.360000000000014,46.0,47.0,51.08000000000004,54.0,59.11999999999989,63.799999999999955,69.0,76.11999999999989,88.03999999999996,106.27999999999997,137.0,0.0,1000.678431391716,1000.7215686440468,1000.7490196228027,1000.772549033165,1000.7960784435272,1000.8156862854958,1000.839215695858,1000.866666674614,1000.905882358551,2001.0,172.6325225830078,180.12979125976562,184.95602416992188,188.6163330078125,191.77748107910156,194.68040466308594,197.55502319335938,200.7872772216797,204.97457885742188,350.3485412597656,243.2897,3.0,test_data/Useful/Validation/sharp sand at 2ft/20241020_172340_023.jpg,2259.0,349.0,58.303704656935764
42,0.0,0.0,0.0,0.0,0.0,0.0,0.0,0.0,0.0,0.0,0.0,0.0,0.0,0.0,0.0,0.0,0.0,0.0,0.0,0.0,0.0,0.0,0.0,0.0,0.0,0.0,0.0,0.0,0.0,0.0,0.0,0.0,0.0,0.0,0.0,0.0,0.0,0.0,0.0,0.0,0.0,0.0,0.0,0.0,0.0,1.0,1.0,2.0,2.759999999999991,3.0,4.0,5.0,6.0,7.0,8.0,8.0,9.0,10.0,11.159999999999968,13.0,13.0,14.0,14.0,15.0,16.0,16.0,16.0,17.0,17.559999999999945,18.0,19.0,19.0,20.0,20.0,21.0,22.0,23.0,24.0,24.0,26.0,27.0,29.0,30.0,31.159999999999968,34.0,35.639999999999986,36.879999999999995,40.0,41.360000000000014,44.0,46.0,49.16000000000008,52.32000000000005,59.0,63.0,75.03999999999996,81.27999999999997,92.55999999999995,99.75999999999999,127.0,0.0,1000.678431391716,1000.7215686440468,1000.7490196228027,1000.772549033165,1000.7960784435272,1000.8156862854958,1000.839215695858,1000.866666674614,1000.905882358551,2001.0,172.90274963378906,180.3303680419922,185.09667510986327,188.80722045898438,191.922607421875,194.81106567382812,197.70138549804688,200.87490844726562,205.0904541015625,350.3387756347656,244.813,3.0,test_data/Useful/Validation/sharp sand at 2ft/20241020_172340_024.jpg,2340.0,329.0,59.70001733393181
43,0.0,0.0,0.0,0.0,0.0,0.0,0.0,0.0,0.0,0.0,0.0,0.0,0.0,0.0,0.0,0.0,0.0,0.0,0.0,0.0,0.0,0.0,0.0,0.0,0.0,0.0,0.0,0.0,0.0,0.0,0.0,0.0,0.0,0.0,0.0,0.0,0.0,0.0,0.0,0.0,0.0,0.0,0.0,0.0,1.0,2.0,2.2799999999999727,3.0,3.0,4.0,4.240000000000009,5.0,6.0,7.0,8.0,8.0,9.0,11.0,11.0,12.0,13.0,13.0,14.0,14.0,15.0,16.0,17.0,18.0,19.0,19.0,20.0,21.0,22.0,23.0,23.0,25.0,25.480000000000018,26.0,27.960000000000036,29.0,29.440000000000055,31.0,32.91999999999996,35.15999999999997,37.0,39.0,40.879999999999995,42.0,44.0,47.0,48.84000000000003,52.0,54.32000000000005,58.11999999999989,61.799999999999955,69.15999999999985,76.27999999999997,84.07999999999993,99.07999999999993,149.0,0.0,1000.6823529601097,1000.7215686440468,1000.7490196228027,1000.772549033165,1000.7960784435272,1000.8156862854958,1000.8352941274643,1000.8627451062202,1000.8980392217636,2001.0,172.73780364990233,180.31869506835938,185.05648803710938,188.6851806640625,191.88715362548828,194.78590087890626,197.69642639160156,200.84526977539062,205.07760620117188,350.36175537109375,244.31699,3.0,test_data/Useful/Validation/sharp sand at 2ft/20241020_172340_025.jpg,2308.0,348.0,58.92482609866089
44,0.0,0.0,0.0,0.0,0.0,0.0,0.0,0.0,0.0,0.0,0.0,0.0,0.0,0.0,0.0,0.0,0.0,0.0,0.0,0.0,0.0,0.0,0.0,0.0,0.0,0.0,0.0,0.0,0.0,0.0,0.0,0.0,0.0,0.0,0.0,0.0,0.0,0.0,0.0,0.0,0.0,0.0,0.0,0.0,0.0,0.0,0.0,0.5199999999999818,2.0,2.0,2.240000000000009,3.0,4.0,5.0,6.0,7.0,7.0,8.0,9.0,10.0,11.0,13.0,14.0,14.0,15.0,15.0,15.0,16.0,17.0,17.0,18.0,18.279999999999973,19.519999999999982,20.75999999999999,21.0,23.0,23.0,24.0,25.0,26.0,26.0,27.0,28.0,30.0,31.0,32.0,33.0,34.120000000000005,37.0,38.0,41.0,44.0,46.0,53.11999999999989,56.799999999999955,65.03999999999996,70.27999999999997,78.07999999999993,96.03999999999996,125.0,0.0,1000.6431372761726,1000.6901960968971,1000.7176470756531,1000.745098054409,1000.7647058963776,1000.7882353067398,1000.811764717102,1000.8431372642517,1000.8862745165825,3000.9411764740944,171.71346588134764,179.17156982421875,184.0247344970703,187.76559448242188,190.9066390991211,193.85198974609375,196.74050903320312,199.91952514648438,204.15728759765625,350.4625244140625,237.28754,3.0,test_data/Useful/Validation/sharp sand at 2ft/20241020_172340_059.jpg,2492.0,321.0,60.25367081936012
45,0.0,0.0,0.0,0.0,0.0,0.0,0.0,0.0,0.0,0.0,0.0,0.0,0.0,0.0,0.0,0.0,0.0,0.0,0.0,0.0,0.0,0.0,0.0,0.0,0.0,0.0,0.0,0.0,0.0,0.0,0.0,0.0,0.0,0.0,0.0,0.0,0.0,0.0,0.0,0.0,0.0,0.0,0.0,0.0,0.0,1.0,2.0,2.0,3.0,4.0,6.0,7.0,8.0,8.0,9.0,9.0,10.0,12.0,13.0,14.0,15.0,16.0,16.0,17.0,17.0,18.0,18.0,19.0,20.0,20.0,21.0,21.279999999999973,23.0,23.0,24.0,25.0,26.0,27.0,28.0,29.0,30.0,31.0,32.0,32.15999999999997,34.0,35.0,37.0,38.120000000000005,40.0,42.0,44.0,45.08000000000004,47.32000000000005,49.559999999999945,53.799999999999955,59.039999999999964,63.27999999999997,70.0,88.07999999999993,143.0,0.0,1000.6352941393852,1000.6823529601097,1000.7176470756531,1000.7411764860153,1000.7647058963776,1000.7882353067398,1000.8156862854958,1000.8470588326454,1000.8941176533699,3001.0,171.4994659423828,179.1112243652344,183.91609802246094,187.58100280761718,190.74645233154297,193.68854675292968,196.62344360351562,199.84609985351562,204.06271362304688,350.49420166015625,237.99608,3.0,test_data/Useful/Validation/sharp sand at 2ft/20241020_172340_060.jpg,2617.0,371.0,61.4816123447236
46,0.0,0.0,0.0,0.0,0.0,0.0,0.0,0.0,0.0,0.0,0.0,0.0,0.0,0.0,0.0,0.0,0.0,0.0,0.0,0.0,0.0,0.0,0.0,0.0,0.0,0.0,0.0,0.0,0.0,0.0,0.0,0.0,0.0,0.0,0.0,0.0,0.0,0.0,0.0,0.0,0.0,0.0,0.0,0.0,0.0,0.0,0.0,0.0,0.0,0.0,0.0,1.0,1.7200000000000273,2.0,3.0,4.0,5.0,6.0,6.0,7.0,8.0,9.0,10.0,11.0,12.0,12.0,14.0,15.0,15.559999999999945,16.0,17.0,18.0,19.0,19.75999999999999,21.0,22.0,23.0,23.720000000000027,25.0,26.0,27.0,28.0,29.0,30.159999999999968,32.39999999999998,33.0,34.879999999999995,37.0,38.360000000000014,40.0,41.0,43.08000000000004,46.0,52.0,55.0,60.039999999999964,64.83999999999992,79.55999999999995,99.55999999999995,127.0,0.0,1000.6549019813538,1000.6980392336845,1000.7215686440468,1000.745098054409,1000.7647058963776,1000.7882353067398,1000.8078431487083,1000.8352941274643,1000.8745098114014,2001.0,171.90475463867188,179.4719696044922,184.18118286132812,187.89797973632812,191.02403259277344,193.96566772460938,196.84695434570312,200.0138702392578,204.21694946289062,350.427490234375,237.62784,3.0,test_data/Useful/Validation/sharp sand at 2ft/20241020_172340_061.jpg,2352.0,305.0,60.13577248817612
47,0.0,0.0,0.0,0.0,0.0,0.0,0.0,0.0,0.0,0.0,0.0,0.0,0.0,0.0,0.0,0.0,0.0,0.0,0.0,0.0,0.0,0.0,0.0,0.0,0.0,0.0,0.0,0.0,0.0,0.0,0.0,0.0,0.0,0.0,0.0,0.0,0.0,0.0,0.0,0.0,0.0,0.0,0.0,0.0,0.0,0.0,0.0,0.0,0.0,0.0,1.0,2.0,2.0,3.0,4.0,4.0,5.67999999999995,7.0,8.0,9.0,9.639999999999986,11.0,13.0,14.0,15.0,15.0,16.0,16.0,16.559999999999945,17.0,18.0,18.0,19.0,19.0,20.0,21.0,22.0,23.0,24.0,25.0,26.0,27.0,28.0,29.0,31.0,31.639999999999986,33.0,34.0,35.360000000000014,37.0,40.0,42.0,43.0,48.0,52.0,60.039999999999964,68.11999999999989,83.03999999999996,108.0,142.0,0.0,1000.6549019813538,1000.6980392336845,1000.7215686440468,1000.745098054409,1000.7647058963776,1000.7882353067398,1000.8078431487083,1000.8352941274643,1000.8784313797951,3000.9960784316063,171.7532501220703,179.33688354492188,184.10362243652344,187.751708984375,190.87083435058594,193.7486572265625,196.68150329589844,199.849853515625,204.13714599609375,350.4584045410156,236.82326,3.0,test_data/Useful/Validation/sharp sand at 2ft/20241020_172340_062.jpg,2341.0,313.0,62.98825372461936
48,0.0,0.0,0.0,0.0,0.0,0.0,0.0,0.0,0.0,0.0,0.0,0.0,0.0,0.0,0.0,0.0,0.0,0.0,0.0,0.0,0.0,0.0,0.0,0.0,0.0,0.0,0.0,0.0,0.0,0.0,0.0,0.0,0.0,0.0,0.0,0.0,0.0,0.0,0.0,0.0,0.0,0.0,0.0,0.0,0.0,0.0,0.0,0.0,0.0,0.0,1.0,2.0,3.0,3.0,4.0,4.0,5.0,6.0,7.0,9.0,10.0,11.0,12.0,12.0,13.0,13.0,14.0,14.0,15.0,15.0,16.0,16.0,17.0,18.0,19.0,20.24000000000001,22.0,23.0,24.0,25.0,26.440000000000055,28.67999999999995,30.0,31.0,32.39999999999998,34.0,35.0,38.0,39.0,40.0,42.0,45.0,46.32000000000005,49.559999999999945,53.799999999999955,56.0,65.55999999999995,78.07999999999993,101.27999999999997,134.0,0.0,1000.6549019813538,1000.6980392336845,1000.7215686440468,1000.745098054409,1000.7647058963776,1000.7882353067398,1000.811764717102,1000.839215695858,1000.8784313797951,3000.9803921580315,171.784228515625,179.2730926513672,184.02312164306642,187.68475341796875,190.80152893066406,193.71400451660156,196.59869842529298,199.84403076171876,204.0417709350586,350.4675598144531,237.99976,3.0,test_data/Useful/Validation/sharp sand at 2ft/20241020_172340_063.jpg,2366.0,298.0,57.75927302567024
49,0.0,0.0,0.0,0.0,0.0,0.0,0.0,0.0,0.0,0.0,0.0,0.0,0.0,0.0,0.0,0.0,0.0,0.0,0.0,0.0,0.0,0.0,0.0,0.0,0.0,0.0,0.0,0.0,0.0,0.0,0.0,0.0,0.0,0.0,0.0,0.0,0.0,0.0,0.0,0.0,0.0,0.0,0.0,0.0,0.0,0.0,0.0,0.0,0.7599999999999909,1.0,2.240000000000009,3.0,4.0,5.0,5.0,6.0,7.0,8.0,8.0,9.0,10.0,11.0,12.0,12.0,13.0,14.0,15.0,15.0,16.0,16.0,17.039999999999964,18.0,18.519999999999982,19.0,20.0,20.0,21.0,22.0,23.0,24.200000000000045,25.0,27.0,28.0,30.0,31.0,32.0,34.0,37.0,38.360000000000014,40.0,42.0,45.0,46.32000000000005,48.559999999999945,51.799999999999955,56.07999999999993,60.27999999999997,65.55999999999995,90.75999999999999,150.0,0.0,1000.65098041296,1000.6941176652908,1000.7215686440468,1000.745098054409,1000.7647058963776,1000.7882353067398,1000.811764717102,1000.839215695858,1000.8823529481888,3000.988235294819,171.50909423828125,178.98568725585938,183.71038818359375,187.35708618164062,190.5175323486328,193.41859130859376,196.35265197753907,199.50534362792968,203.79652252197266,350.50482177734375,236.2073,3.0,test_data/Useful/Validation/sharp sand at 2ft/20241020_172340_064.jpg,2468.0,314.0,64.36060846479614
50,0.0,0.0,0.0,0.0,0.0,0.0,0.0,0.0,0.0,0.0,0.0,0.0,0.0,0.0,0.0,0.0,0.0,0.0,0.0,0.0,0.0,0.0,0.0,0.0,0.0,0.0,0.0,0.0,0.0,0.0,0.0,0.0,0.0,0.0,0.0,0.0,0.0,0.0,0.0,0.0,0.0,0.0,0.0,0.0,0.0,0.0,0.0,0.0,1.0,1.0,2.0,2.0,3.0,4.960000000000036,5.0,5.0,6.0,7.0,8.0,9.0,10.0,11.0,12.0,12.0,13.0,14.0,14.080000000000041,15.0,15.0,16.0,16.039999999999964,17.0,18.0,18.0,19.0,20.0,21.0,22.720000000000027,24.0,25.0,27.0,28.0,29.0,32.0,33.0,34.0,35.0,37.0,38.360000000000014,39.60000000000002,41.0,44.0,48.32000000000005,51.0,54.59999999999991,62.0,66.0,70.51999999999998,81.51999999999998,118.0,0.0,1000.65098041296,1000.6941176652908,1000.7215686440468,1000.745098054409,1000.7647058963776,1000.7882353067398,1000.811764717102,1000.8431372642517,1000.8862745165825,2001.0,171.4487335205078,179.0135009765625,183.78427124023438,187.47117614746094,190.5921630859375,193.51541442871093,196.43083953857422,199.642041015625,203.90605773925782,350.5080871582031,238.03607,3.0,test_data/Useful/Validation/sharp sand at 2ft/20241020_172340_065.jpg,2522.0,320.0,57.134235800782925
51,0.0,0.0,0.0,0.0,0.0,0.0,0.0,0.0,0.0,0.0,0.0,0.0,0.0,0.0,0.0,0.0,0.0,0.0,0.0,0.0,0.0,0.0,0.0,0.0,0.0,0.0,0.0,0.0,0.0,0.0,0.0,0.0,0.0,0.0,0.0,0.0,0.0,0.0,0.0,0.0,0.0,0.0,0.0,0.0,0.0,0.0,0.0,0.0,0.0,1.0,1.240000000000009,2.0,3.0,4.0,4.0,5.0,6.0,6.0,7.0,8.0,9.0,10.0,11.0,12.0,12.0,13.0,13.080000000000041,14.32000000000005,15.0,15.0,16.0,16.279999999999973,17.0,18.0,19.0,19.0,20.0,21.0,21.960000000000036,22.0,23.440000000000055,25.0,26.0,28.0,28.399999999999977,30.0,31.0,34.0,35.0,37.0,38.0,40.08000000000004,44.0,47.559999999999945,50.799999999999955,57.039999999999964,59.27999999999997,66.07999999999993,92.51999999999998,144.0,0.0,1000.6549019813538,1000.6941176652908,1000.7215686440468,1000.745098054409,1000.7686274647713,1000.7882353067398,1000.811764717102,1000.839215695858,1000.8823529481888,2001.0,171.4893585205078,179.07859802246094,183.76548767089844,187.38343811035156,190.56056213378906,193.47545471191407,196.3963165283203,199.585205078125,203.81570434570312,350.510986328125,238.77829,3.0,test_data/Useful/Validation/sharp sand at 2ft/20241020_172340_066.jpg,2444.0,301.0,64.5523805637013
52,0.0,0.0,0.0,0.0,0.0,0.0,0.0,0.0,0.0,0.0,0.0,0.0,0.0,0.0,0.0,0.0,0.0,0.0,0.0,0.0,0.0,0.0,0.0,0.0,0.0,0.0,0.0,0.0,0.0,0.0,0.0,0.0,0.0,0.0,0.0,0.0,0.0,0.0,0.0,0.0,0.0,0.0,0.0,0.0,0.0,0.0,0.0,0.0,0.0,0.0,0.0,0.0,1.0,2.0,3.0,3.0,4.0,4.0,5.0,5.399999999999977,6.0,7.0,8.0,9.0,10.0,10.0,11.0,11.0,12.0,13.0,14.0,14.0,15.0,15.0,16.0,16.0,17.0,18.0,19.0,20.0,21.0,21.67999999999995,22.0,24.0,24.399999999999977,26.0,26.0,27.120000000000005,29.0,31.0,33.84000000000003,35.0,37.0,40.559999999999945,42.0,45.0,49.27999999999997,53.51999999999998,59.51999999999998,97.0,0.0,1000.6588235497475,1000.7019608020782,1000.7294117808342,1000.7490196228027,1000.7686274647713,1000.7882353067398,1000.811764717102,1000.839215695858,1000.8784313797951,2001.0,170.1102279663086,177.565673828125,182.36944580078125,185.9877166748047,189.14915466308594,192.0732421875,194.99513244628906,198.2355926513672,202.5029296875,350.70916748046875,240.53276,3.0,test_data/Useful/Validation/sharp sand at 2ft/20241020_172340_069.jpg,2404.0,271.0,62.32151958691034
53,0.0,0.0,0.0,0.0,0.0,0.0,0.0,0.0,0.0,0.0,0.0,0.0,0.0,0.0,0.0,0.0,0.0,0.0,0.0,0.0,0.0,0.0,0.0,0.0,0.0,0.0,0.0,0.0,0.0,0.0,0.0,0.0,0.0,0.0,0.0,0.0,0.0,0.0,0.0,0.0,0.0,0.0,0.0,0.0,0.0,0.0,0.0,0.0,1.0,1.0,1.240000000000009,2.480000000000018,3.7200000000000273,4.0,4.2000000000000455,5.0,6.0,6.0,7.0,7.0,8.0,8.879999999999995,9.0,9.0,11.0,12.0,13.0,13.32000000000005,14.0,15.0,15.0,16.0,16.0,16.75999999999999,17.0,18.0,18.480000000000018,19.0,19.0,20.0,21.0,21.67999999999995,22.0,24.159999999999968,26.0,26.0,27.879999999999995,29.0,30.0,32.60000000000002,34.0,36.0,37.0,38.559999999999945,39.0,41.0,42.0,45.51999999999998,49.0,77.0,0.0,1000.6627451181412,1000.7019608020782,1000.7294117808342,1000.7490196228027,1000.7686274647713,1000.7921568751335,1000.811764717102,1000.839215695858,1000.8784313797951,2000.9686274528503,169.76639251708986,177.34152221679688,182.0985565185547,185.77516174316406,188.96881103515625,191.86703491210938,194.83969268798828,198.06898803710936,202.33131408691406,350.7203674316406,239.18118,3.0,test_data/Useful/Validation/sharp sand at 2ft/20241020_172340_070.jpg,2408.0,281.0,64.621518346728
54,0.0,0.0,0.0,0.0,0.0,0.0,0.0,0.0,0.0,0.0,0.0,0.0,0.0,0.0,0.0,0.0,0.0,0.0,0.0,0.0,0.0,0.0,0.0,0.0,0.0,0.0,0.0,0.0,0.0,0.0,0.0,0.0,0.0,0.0,0.0,0.0,0.0,0.0,0.0,0.0,0.0,0.0,0.0,0.0,0.0,0.0,1.0,1.0,2.0,2.0,2.0,3.0,4.0,4.0,5.0,5.0,6.0,6.0,7.0,8.0,9.0,9.879999999999995,11.0,11.0,11.0,12.0,13.0,14.0,15.0,15.0,16.039999999999964,17.0,17.0,18.0,19.0,19.24000000000001,20.0,21.0,22.0,23.0,24.0,25.0,25.91999999999996,27.0,28.0,29.0,30.0,31.0,32.0,33.0,34.84000000000003,36.08000000000004,38.32000000000005,42.11999999999989,45.799999999999955,48.0,49.0,53.51999999999998,65.0,91.0,0.0,1000.6627451181412,1000.7019608020782,1000.7294117808342,1000.7529411911964,1000.772549033165,1000.7921568751335,1000.811764717102,1000.839215695858,1000.8823529481888,2001.0,169.7533416748047,177.27755737304688,182.02081298828125,185.70425415039062,188.9033203125,191.88992309570312,194.8065673828125,198.13884277343752,202.46481628417968,350.73797607421875,238.02533,3.0,test_data/Useful/Validation/sharp sand at 2ft/20241020_172340_071.jpg,2370.0,310.0,64.2353668544311
55,0.0,0.0,0.0,0.0,0.0,0.0,0.0,0.0,0.0,0.0,0.0,0.0,0.0,0.0,0.0,0.0,0.0,0.0,0.0,0.0,0.0,0.0,0.0,0.0,0.0,0.0,0.0,0.0,0.0,0.0,0.0,0.0,0.0,0.0,0.0,0.0,0.0,0.0,0.0,0.0,0.0,0.0,0.0,0.0,0.0,0.0,0.0,0.0,0.0,0.0,1.0,2.0,2.0,3.0,3.0,4.0,4.67999999999995,5.0,6.0,7.0,8.0,9.0,10.0,11.0,11.0,12.0,12.080000000000041,13.0,14.0,14.0,15.0,15.0,16.0,16.0,17.0,17.0,18.0,18.720000000000027,19.960000000000036,20.0,21.0,21.0,22.0,23.0,24.0,25.0,26.0,26.120000000000005,27.0,29.600000000000023,32.0,34.0,35.0,37.559999999999945,39.0,43.0,44.0,47.0,59.83999999999992,72.0,0.0,1000.6627451181412,1000.705882370472,1000.7294117808342,1000.7529411911964,1000.772549033165,1000.7921568751335,1000.8156862854958,1000.839215695858,1000.8823529481888,3001.0,169.6775161743164,177.2286163330078,182.01707458496094,185.78671264648438,188.91607666015625,191.90660095214844,194.83877563476562,198.10809326171875,202.44512939453125,350.7445068359375,238.53223,3.0,test_data/Useful/Validation/sharp sand at 2ft/20241020_172340_072.jpg,2381.0,288.0,64.96621998968094
56,0.0,0.0,0.0,0.0,0.0,0.0,0.0,0.0,0.0,0.0,0.0,0.0,0.0,0.0,0.0,0.0,0.0,0.0,0.0,0.0,0.0,0.0,0.0,0.0,0.0,0.0,0.0,0.0,0.0,0.0,0.0,0.0,0.0,0.0,0.0,0.0,0.0,0.0,0.0,0.0,0.0,0.0,0.0,0.0,0.0,0.0,0.0,0.0,0.0,0.0,0.2400000000000091,1.0,2.0,2.0,3.0,3.0,3.0,4.0,5.0,5.0,6.0,6.0,7.0,7.0,8.0,9.0,10.0,11.0,12.0,12.799999999999955,13.0,14.0,15.0,15.0,16.0,16.0,17.0,18.0,18.0,19.200000000000045,20.0,21.0,21.0,22.0,23.0,24.0,25.0,27.0,28.0,29.600000000000023,30.840000000000032,33.0,35.0,36.559999999999945,38.0,41.039999999999964,43.559999999999945,48.039999999999964,51.75999999999999,92.0,0.0,1000.6627451181412,1000.7019608020782,1000.7294117808342,1000.7490196228027,1000.772549033165,1000.7921568751335,1000.8156862854958,1000.8431372642517,1000.8862745165825,3001.0,169.75138397216796,177.20750732421874,182.0139892578125,185.72083129882813,188.88834381103516,191.88079223632812,194.81773376464844,198.08790588378906,202.3835906982422,350.76739501953125,234.56328,3.0,test_data/Useful/Validation/sharp sand at 2ft/20241020_172340_073.jpg,2438.0,274.0,55.960370751849766
57,0.0,0.0,0.0,0.0,0.0,0.0,0.0,0.0,0.0,0.0,0.0,0.0,0.0,0.0,0.0,0.0,0.0,0.0,0.0,0.0,0.0,0.0,0.0,0.0,0.0,0.0,0.0,0.0,0.0,0.0,0.0,0.0,0.0,0.0,0.0,0.0,0.0,0.0,0.0,0.0,0.0,0.0,0.0,0.0,0.0,0.0,0.0,0.0,0.0,0.0,0.0,0.0,1.0,2.0,3.0,3.0,4.0,5.0,5.0,6.0,7.0,7.0,8.0,9.0,9.0,10.0,11.0,11.32000000000005,12.0,14.0,14.039999999999964,15.0,15.0,16.0,16.0,17.0,17.0,18.0,19.0,20.0,20.0,21.0,22.0,23.0,24.399999999999977,26.0,27.879999999999995,29.0,31.0,33.0,34.0,35.0,36.0,39.0,40.799999999999955,44.07999999999993,50.559999999999945,55.51999999999998,63.75999999999999,85.0,0.0,1000.6627451181412,1000.7019608020782,1000.7294117808342,1000.7490196228027,1000.772549033165,1000.7921568751335,1000.8156862854958,1000.8431372642517,1000.8862745165825,3001.0,169.79920959472656,177.3477020263672,182.1591796875,185.86895751953125,189.02291870117188,191.99310302734375,194.96270751953125,198.2755126953125,202.5521240234375,350.7480163574219,234.47525,3.0,test_data/Useful/Validation/sharp sand at 2ft/20241020_172340_074.jpg,2459.0,281.0,56.339648285625216
58,0.0,0.0,0.0,0.0,0.0,0.0,0.0,0.0,0.0,0.0,0.0,0.0,0.0,0.0,0.0,0.0,0.0,0.0,0.0,0.0,0.0,0.0,0.0,0.0,0.0,0.0,0.0,0.0,0.0,0.0,0.0,0.0,0.0,0.0,0.0,0.0,0.0,0.0,0.0,0.0,0.0,0.0,0.0,0.0,0.0,0.0,0.0,0.0,0.0,0.0,1.0,1.0,1.0,1.0,2.0,3.0,3.0,4.0,6.0,6.0,7.0,8.0,8.120000000000005,9.360000000000014,10.0,11.0,12.0,13.0,13.0,14.0,15.0,15.0,15.0,16.0,16.0,17.0,17.0,17.0,18.0,19.0,19.0,19.67999999999995,20.0,21.0,22.0,22.0,23.0,24.0,26.0,27.0,27.840000000000032,29.0,31.0,34.0,37.0,39.0,43.0,45.0,58.799999999999955,80.0,0.0,1000.6627451181412,1000.7019608020782,1000.7294117808342,1000.7490196228027,1000.772549033165,1000.7921568751335,1000.8156862854958,1000.8431372642517,1000.8901960849762,3001.0,169.97655334472657,177.42066955566406,182.24390106201173,185.92532348632812,189.07452392578125,192.0071258544922,195.031494140625,198.2705841064453,202.58419799804688,350.7534484863281,233.95616,3.0,test_data/Useful/Validation/sharp sand at 2ft/20241020_172340_075.jpg,2516.0,264.0,57.66068563557298
59,0.0,0.0,0.0,0.0,0.0,0.0,0.0,0.0,0.0,0.0,0.0,0.0,0.0,0.0,0.0,0.0,0.0,0.0,0.0,0.0,0.0,0.0,0.0,0.0,0.0,0.0,0.0,0.0,0.0,0.0,0.0,0.0,0.0,0.0,0.0,0.0,0.0,0.0,0.0,0.0,0.0,0.0,0.0,0.0,0.0,0.0,0.0,0.0,0.0,0.0,0.0,1.0,1.0,1.9600000000000364,2.0,3.0,3.0,4.0,4.159999999999968,5.0,6.0,6.0,7.0,8.0,9.0,9.0,10.080000000000041,11.0,12.0,13.0,13.039999999999964,14.279999999999973,15.0,16.0,16.0,17.0,17.0,18.0,18.0,19.0,20.0,21.0,21.91999999999996,23.0,24.0,25.0,26.0,28.0,29.360000000000014,30.600000000000023,31.0,33.0,34.0,35.559999999999945,38.799999999999955,43.0,46.0,50.0,55.0,72.0,0.0,1000.6588235497475,1000.7019608020782,1000.7294117808342,1000.7490196228027,1000.772549033165,1000.7921568751335,1000.8156862854958,1000.8470588326454,1000.8901960849762,3001.0,169.7878875732422,177.379150390625,182.15882873535156,185.8401641845703,189.02671813964844,192.01248168945312,194.96405029296875,198.22048950195312,202.55887451171876,350.7557373046875,234.15388,3.0,test_data/Useful/Validation/sharp sand at 2ft/20241020_172340_076.jpg,2581.0,270.0,63.81535222910318
60,0.0,0.0,0.0,0.0,0.0,0.0,0.0,0.0,0.0,0.0,0.0,0.0,0.0,0.0,0.0,0.0,0.0,0.0,0.0,0.0,0.0,0.0,0.0,0.0,0.0,0.0,0.0,0.0,0.0,0.0,0.0,0.0,0.0,0.0,0.0,0.0,0.0,1.0,1.0,2.0,3.0,3.0,4.0,5.0,5.800000000000011,6.0,7.279999999999973,8.0,9.0,10.0,10.0,10.0,11.0,12.0,13.0,14.0,15.0,15.0,16.0,16.0,16.0,17.0,17.0,17.0,18.0,19.0,19.0,20.0,20.559999999999945,21.0,22.0,22.0,23.0,24.0,24.0,26.0,26.480000000000018,27.0,28.0,29.0,30.440000000000055,32.0,33.0,35.0,37.0,38.0,38.879999999999995,40.0,41.0,42.60000000000002,44.0,47.08000000000004,49.32000000000005,51.559999999999945,54.0,56.0,57.0,63.0,75.51999999999998,94.0,0.0,1000.6823529601097,1000.7215686440468,1000.7490196228027,1000.772549033165,1000.7960784435272,1000.8156862854958,1000.839215695858,1000.8705882430077,1000.9176470637321,3001.0,170.1026153564453,177.84820556640625,182.58218383789062,186.3145751953125,189.4815216064453,192.42147827148438,195.37940979003906,198.67181396484375,203.02786254882812,350.9207763671875,236.13214,3.0,test_data/Useful/Validation/sharp sand at 2ft/20241020_172410_013.jpg,2752.0,403.0,68.07798893563617
61,0.0,0.0,0.0,0.0,0.0,0.0,0.0,0.0,0.0,0.0,0.0,0.0,0.0,0.0,0.0,0.0,0.0,0.0,0.0,0.0,0.0,0.0,0.0,0.0,0.0,0.0,0.0,0.0,0.0,0.0,0.0,0.0,0.0,0.0,0.0,1.0,2.0,2.0,3.0,4.0,4.0,5.0,5.0,6.0,6.0,7.0,8.0,8.0,9.0,10.0,10.240000000000009,11.0,12.0,12.0,13.0,13.0,14.0,15.0,15.0,15.0,16.0,16.0,17.0,17.0,18.0,19.0,19.0,20.0,20.0,21.0,21.0,22.0,23.0,23.0,24.0,25.0,26.0,26.0,27.0,28.0,29.0,30.67999999999995,31.0,32.0,33.0,33.639999999999986,34.879999999999995,37.0,37.360000000000014,39.60000000000002,41.84000000000003,43.08000000000004,46.0,49.0,55.59999999999991,57.0,59.559999999999945,65.51999999999998,80.51999999999998,106.0,0.0,1000.6823529601097,1000.7215686440468,1000.7529411911964,1000.772549033165,1000.7960784435272,1000.8196078538895,1000.8431372642517,1000.8745098114014,1000.9215686321259,3001.0,170.18697967529297,177.74258422851562,182.5655517578125,186.26194763183594,189.47125244140625,192.43567504882813,195.37857055664062,198.6789093017578,203.043212890625,350.941650390625,234.18326,3.0,test_data/Useful/Validation/sharp sand at 2ft/20241020_172410_014.jpg,2875.0,402.0,58.326102305868055
62,0.0,0.0,0.0,0.0,0.0,0.0,0.0,0.0,0.0,0.0,0.0,0.0,0.0,0.0,0.0,0.0,0.0,0.0,0.0,0.0,0.0,0.0,0.0,0.0,0.0,0.0,0.0,0.0,0.0,0.0,0.0,0.0,0.0,0.0,0.0,0.0,0.0,0.0,0.0,0.0,0.0,1.079999999999984,3.0,4.0,5.0,6.0,7.0,8.0,9.0,10.0,10.240000000000009,12.480000000000018,13.0,14.0,15.0,15.440000000000055,16.0,16.0,17.0,18.0,18.0,19.0,19.0,20.0,21.0,21.0,22.08000000000004,23.0,24.0,24.0,25.0,25.0,26.0,27.0,28.0,29.0,30.0,31.0,32.960000000000036,33.200000000000045,35.0,35.67999999999995,37.0,37.0,38.0,39.0,41.0,42.0,44.0,46.60000000000002,48.0,51.0,54.32000000000005,56.0,59.799999999999955,62.0,63.559999999999945,67.0,71.75999999999999,91.0,0.0,1000.6705882549286,1000.7176470756531,1000.7490196228027,1000.772549033165,1000.7960784435272,1000.8196078538895,1000.8470588326454,1000.8823529481888,1000.9372549057007,3001.0,170.5961151123047,178.1638671875,182.90304565429688,186.64613037109376,189.79749298095703,192.73283996582032,195.68654174804686,198.91507568359376,203.22071685791016,350.92431640625,233.7787,3.0,test_data/Useful/Validation/sharp sand at 2ft/20241020_172410_015.jpg,3007.0,426.0,57.10011469180833
63,0.0,0.0,0.0,0.0,0.0,0.0,0.0,0.0,0.0,0.0,0.0,0.0,0.0,0.0,0.0,0.0,0.0,0.0,0.0,0.0,0.0,0.0,0.0,0.0,0.0,0.0,0.0,0.0,0.0,0.0,0.0,0.0,0.0,0.0,0.0,0.0,0.0,0.12000000000000455,1.0,2.0,3.0,4.0,4.0,5.0,5.0,6.0,7.0,8.0,9.0,9.0,10.0,11.480000000000018,12.0,13.960000000000036,14.0,15.0,15.0,16.0,16.0,17.0,17.0,18.0,18.0,19.0,19.0,20.0,20.0,21.0,22.0,23.0,23.0,24.0,25.0,26.0,27.0,29.0,30.0,30.720000000000027,31.0,33.0,35.0,36.0,37.0,39.0,40.0,42.0,43.0,45.0,46.0,47.60000000000002,49.84000000000003,52.0,53.0,55.0,56.799999999999955,59.039999999999964,63.27999999999997,68.0,72.0,102.0,0.0,1000.6745098233223,1000.7215686440468,1000.7490196228027,1000.772549033165,1000.7960784435272,1000.8196078538895,1000.8431372642517,1000.8784313797951,1000.933333337307,3001.0,170.44601440429688,178.047119140625,182.75869750976562,186.4734649658203,189.65447998046875,192.61709594726562,195.55494689941406,198.82431030273438,203.2126007080078,350.93792724609375,232.93114,3.0,test_data/Useful/Validation/sharp sand at 2ft/20241020_172410_016.jpg,2994.0,447.0,57.08138044524854
64,0.0,0.0,0.0,0.0,0.0,0.0,0.0,0.0,0.0,0.0,0.0,0.0,0.0,0.0,0.0,0.0,0.0,0.0,0.0,0.0,0.0,0.0,0.0,0.0,0.0,0.0,0.0,0.0,0.0,0.0,0.0,0.0,0.0,0.0,0.0,0.0,0.0,0.0,1.0,1.6000000000000227,2.0,3.0,5.0,6.0,6.0,7.0,7.279999999999973,8.0,8.0,9.0,9.240000000000009,11.0,11.0,12.960000000000036,13.0,15.0,15.0,16.0,16.0,17.0,17.639999999999986,18.0,19.0,19.0,20.0,21.0,21.0,22.0,23.0,24.0,24.039999999999964,26.0,27.0,28.0,29.0,30.0,31.0,32.0,33.0,34.0,35.0,37.0,38.0,40.0,41.0,42.639999999999986,44.0,45.0,46.0,47.60000000000002,48.84000000000003,50.08000000000004,53.0,55.0,57.0,59.0,63.0,67.0,74.0,85.0,0.0,1000.6745098233223,1000.7215686440468,1000.7490196228027,1000.772549033165,1000.7960784435272,1000.8196078538895,1000.8470588326454,1000.8784313797951,1000.933333337307,3001.0,170.5448013305664,178.14366149902344,182.89271697998046,186.5186767578125,189.69789123535156,192.60669555664063,195.5616943359375,198.82308654785157,203.22267150878906,350.9464111328125,232.59523,3.0,test_data/Useful/Validation/sharp sand at 2ft/20241020_172410_017.jpg,2985.0,443.0,59.89376571075094
65,0.0,0.0,0.0,0.0,0.0,0.0,0.0,0.0,0.0,0.0,0.0,0.0,0.0,0.0,0.0,0.0,0.0,0.0,0.0,0.0,0.0,0.0,0.0,0.0,0.0,0.0,0.0,0.0,0.0,0.0,0.0,0.0,0.0,0.0,0.0,0.0,0.0,0.0,0.0,1.0,2.0,2.0,3.0,3.0,4.0,4.0400000000000205,5.279999999999973,6.519999999999982,7.759999999999991,8.0,9.240000000000009,11.0,12.0,13.0,14.0,15.0,15.0,15.0,16.0,17.0,18.0,19.0,19.0,20.0,20.600000000000023,21.0,22.0,23.0,24.0,24.799999999999955,26.0,27.0,28.0,29.0,30.0,31.0,32.0,33.0,33.0,34.0,36.0,36.67999999999995,37.0,38.0,39.0,41.0,42.0,45.0,45.0,48.0,50.0,51.08000000000004,53.0,55.0,59.0,63.0,66.0,72.55999999999995,79.0,104.0,0.0,1000.6705882549286,1000.7176470756531,1000.7490196228027,1000.772549033165,1000.7960784435272,1000.8196078538895,1000.8470588326454,1000.8823529481888,1000.9411764740944,3001.0,170.5644744873047,178.1472900390625,182.94503784179688,186.6315460205078,189.79843139648438,192.7183380126953,195.65280151367188,198.92999267578125,203.26031494140625,350.9404296875,232.39418,3.0,test_data/Useful/Validation/sharp sand at 2ft/20241020_172410_018.jpg,3051.0,435.0,60.96461252240602
66,0.0,0.0,0.0,0.0,0.0,0.0,0.0,0.0,0.0,0.0,0.0,0.0,0.0,0.0,0.0,0.0,0.0,0.0,0.0,0.0,0.0,0.0,0.0,0.0,0.0,0.0,0.0,0.0,0.0,0.0,0.0,0.0,0.0,0.0,0.0,0.0,0.0,0.0,0.0,0.0,0.0,1.0,1.3199999999999932,2.0,3.8000000000000114,5.0,5.0,6.519999999999982,7.0,8.0,9.240000000000009,10.0,11.0,12.0,12.0,13.0,14.0,15.0,16.0,17.0,17.0,18.0,18.0,19.0,20.0,20.0,21.0,22.32000000000005,23.0,24.0,24.0,25.0,26.0,27.0,28.0,28.0,30.0,31.0,32.0,32.200000000000045,33.0,33.67999999999995,35.0,35.0,37.0,38.0,40.879999999999995,42.0,43.0,44.0,45.84000000000003,47.0,49.0,51.0,53.0,56.07999999999993,62.0,67.03999999999996,77.0,97.0,0.0,1000.678431391716,1000.7215686440468,1000.7529411911964,1000.7764706015587,1000.8000000119209,1000.8235294222832,1000.8470588326454,1000.8784313797951,1000.933333337307,3001.0,170.53703918457032,178.09336547851564,182.8507507324219,186.5446990966797,189.72496032714844,192.69200439453124,195.6480712890625,198.90072021484377,203.16769409179688,350.95013427734375,232.80962,3.0,test_data/Useful/Validation/sharp sand at 2ft/20241020_172410_019.jpg,2961.0,427.0,59.437885339188604
67,0.0,0.0,0.0,0.0,0.0,0.0,0.0,0.0,0.0,0.0,0.0,0.0,0.0,0.0,0.0,0.0,0.0,0.0,0.0,0.0,0.0,0.0,0.0,0.0,0.0,0.0,0.0,0.0,0.0,0.0,0.0,0.0,0.0,0.0,0.0,0.0,0.0,0.0,0.0,0.0,0.839999999999975,2.0,3.0,3.0,4.0,4.0,5.0,6.0,7.0,8.0,8.0,9.0,9.720000000000027,10.0,12.0,12.0,12.0,13.0,14.0,15.0,15.0,15.0,16.0,17.0,18.0,18.840000000000032,20.0,21.0,21.0,22.0,23.0,24.0,25.0,25.0,26.0,27.0,28.0,29.0,30.0,30.0,31.0,32.0,33.0,34.0,34.39999999999998,35.639999999999986,37.0,38.120000000000005,40.0,42.0,44.84000000000003,45.16000000000008,48.32000000000005,50.559999999999945,53.0,56.039999999999964,59.27999999999997,64.07999999999993,69.75999999999999,104.0,0.0,1000.6862745285034,1000.7294117808342,1000.7568627595901,1000.7803921699524,1000.8000000119209,1000.8235294222832,1000.8470588326454,1000.8784313797951,1000.9254902005196,3001.0,170.08877563476562,177.75820922851562,182.5209197998047,186.21859741210938,189.40725708007812,192.31887817382812,195.2941421508789,198.56000366210938,202.82375640869142,350.976806640625,233.41705,3.0,test_data/Useful/Validation/sharp sand at 2ft/20241020_172410_020.jpg,2807.0,409.0,58.246402076785174
68,0.0,0.0,0.0,0.0,0.0,0.0,0.0,0.0,0.0,0.0,0.0,0.0,0.0,0.0,0.0,0.0,0.0,0.0,0.0,0.0,0.0,0.0,0.0,0.0,0.0,0.0,0.0,0.0,0.0,0.0,0.0,0.0,0.0,0.0,0.0,0.0,0.0,0.0,0.0,0.0,0.0,0.0,0.0,0.0,0.0,1.0,2.0,2.0,3.0,3.0,4.0,5.0,5.720000000000027,6.0,7.2000000000000455,8.0,8.0,8.0,9.0,9.399999999999977,10.0,11.0,11.0,12.0,13.0,13.840000000000032,14.0,15.0,15.0,16.0,17.0,17.0,17.0,18.0,18.0,19.0,20.0,21.0,22.0,23.0,24.0,25.0,27.0,27.0,29.0,29.639999999999986,31.0,33.0,34.72000000000003,37.60000000000002,41.680000000000064,43.08000000000004,47.0,50.679999999999836,55.799999999999955,60.039999999999964,65.39999999999986,82.03999999999996,96.51999999999998,166.0,0.0,1000.6823529601097,1000.7254902124405,1000.7529411911964,1000.7764706015587,1000.7960784435272,1000.8156862854958,1000.8352941274643,1000.8588235378265,1000.8980392217636,3001.0,171.79319763183594,179.31931762695314,184.09070739746093,187.79832763671874,190.98406982421875,193.83338012695313,196.78946838378906,199.97730712890626,204.2150115966797,350.6028747558594,241.7207,3.0,test_data/Useful/Validation/sharp sand at 2ft/20241020_172410_065.jpg,2411.0,314.0,61.69006451254543
69,0.0,0.0,0.0,0.0,0.0,0.0,0.0,0.0,0.0,0.0,0.0,0.0,0.0,0.0,0.0,0.0,0.0,0.0,0.0,0.0,0.0,0.0,0.0,0.0,0.0,0.0,0.0,0.0,0.0,0.0,0.0,0.0,0.0,0.0,0.0,0.0,0.0,0.0,0.0,0.0,0.0,0.0,0.0,1.0,1.8000000000000114,2.0,2.2799999999999727,3.0,4.0,4.0,5.0,6.0,7.0,8.0,8.0,8.0,9.0,10.0,10.159999999999968,11.0,11.639999999999986,12.0,13.0,14.0,15.0,15.840000000000032,16.0,16.32000000000005,17.0,17.0,18.0,18.0,19.0,20.0,20.0,21.0,22.0,23.0,24.0,25.200000000000045,27.0,29.0,30.91999999999996,32.0,33.0,34.0,37.879999999999995,39.24000000000001,43.0,45.60000000000002,48.84000000000003,50.08000000000004,52.32000000000005,57.559999999999945,60.0,66.0,71.27999999999997,82.0,112.43999999999983,157.0,0.0,1000.6862745285034,1000.7294117808342,1000.7529411911964,1000.7764706015587,1000.7960784435272,1000.811764717102,1000.8313725590706,1000.8549019694328,1000.8901960849762,3001.0,172.09471282958984,179.57477416992188,184.34628448486328,188.02998046875,191.20582580566406,194.0850067138672,197.00340270996094,200.16748046875,204.3812713623047,350.5379943847656,244.02682,3.0,test_data/Useful/Validation/sharp sand at 2ft/20241020_172410_066.jpg,2311.0,329.0,61.649228359250884
70,0.0,0.0,0.0,0.0,0.0,0.0,0.0,0.0,0.0,0.0,0.0,0.0,0.0,0.0,0.0,0.0,0.0,0.0,0.0,0.0,0.0,0.0,0.0,0.0,0.0,0.0,0.0,0.0,0.0,0.0,0.0,0.0,0.0,0.0,0.0,0.0,0.0,0.0,0.0,0.0,0.0,0.0,0.0,0.0,0.0,1.0,1.0,2.0,3.0,4.0,4.0,5.0,6.0,6.0,7.0,8.0,8.0,9.0,9.159999999999968,11.0,12.0,13.0,14.0,15.0,15.0,16.0,16.0,17.0,18.0,18.0,19.0,19.279999999999973,21.0,22.0,24.0,25.0,26.0,27.720000000000027,28.0,29.0,30.0,31.0,33.91999999999996,35.0,36.39999999999998,37.0,39.879999999999995,43.0,45.0,46.0,47.0,48.08000000000004,51.0,55.559999999999945,58.59999999999991,65.03999999999996,72.11999999999989,84.59999999999991,111.55999999999995,131.0,0.0,1000.6901960968971,1000.7294117808342,1000.7529411911964,1000.7764706015587,1000.7921568751335,1000.811764717102,1000.8313725590706,1000.8549019694328,1000.8901960849762,3001.0,172.45162963867188,179.9852294921875,184.7006378173828,188.42477416992188,191.55723571777344,194.46421508789064,197.35159454345703,200.5999755859375,204.79737854003906,350.4770202636719,243.23106,3.0,test_data/Useful/Validation/sharp sand at 2ft/20241020_172410_067.jpg,2332.0,335.0,57.29560787413702
71,0.0,0.0,0.0,0.0,0.0,0.0,0.0,0.0,0.0,0.0,0.0,0.0,0.0,0.0,0.0,0.0,0.0,0.0,0.0,0.0,0.0,0.0,0.0,0.0,0.0,0.0,0.0,0.0,0.0,0.0,0.0,0.0,0.0,0.0,0.0,0.0,0.0,0.0,0.0,0.0,0.0,0.0,0.0,0.0,0.0,0.0,0.2799999999999727,1.0,3.0,4.0,4.240000000000009,5.0,7.0,8.0,9.0,10.0,11.0,11.919999999999959,12.0,13.399999999999977,14.0,15.0,15.0,15.360000000000014,16.0,17.0,18.0,18.32000000000005,19.0,20.0,21.0,22.279999999999973,23.0,24.0,24.0,25.0,26.0,26.0,27.0,28.200000000000045,30.0,31.0,32.0,34.0,35.0,35.0,37.0,39.120000000000005,40.0,42.60000000000002,44.84000000000003,47.0,49.0,53.23999999999978,58.0,67.0,72.27999999999997,80.03999999999996,101.75999999999999,152.0,0.0,1000.6823529601097,1000.7254902124405,1000.7529411911964,1000.772549033165,1000.7921568751335,1000.811764717102,1000.8313725590706,1000.8588235378265,1000.8941176533699,3001.0,172.02903747558594,179.7373046875,184.42843780517578,188.0954132080078,191.2237548828125,194.18133544921875,197.08128356933594,200.2999267578125,204.57168579101562,350.54852294921875,242.53244,3.0,test_data/Useful/Validation/sharp sand at 2ft/20241020_172410_068.jpg,2313.0,339.0,57.58038669867128
72,0.0,0.0,0.0,0.0,0.0,0.0,0.0,0.0,0.0,0.0,0.0,0.0,0.0,0.0,0.0,0.0,0.0,0.0,0.0,0.0,0.0,0.0,0.0,0.0,0.0,0.0,0.0,0.0,0.0,0.0,0.0,0.0,0.0,0.0,0.0,0.0,0.0,0.0,0.0,0.0,0.0,0.0,0.0,0.0,0.0,1.0,2.0,2.0,3.0,4.0,5.0,6.0,7.0,7.0,9.0,9.0,11.0,11.919999999999959,12.159999999999968,13.0,14.0,15.0,15.0,16.0,16.0,17.0,17.0,18.0,19.0,19.799999999999955,20.0,21.0,22.0,22.75999999999999,23.0,24.24000000000001,25.0,26.0,27.0,29.0,30.440000000000055,32.0,33.0,34.0,36.0,37.0,39.0,40.0,41.0,43.60000000000002,45.0,47.16000000000008,50.32000000000005,52.0,56.0,59.039999999999964,64.83999999999992,75.07999999999993,112.55999999999995,144.0,0.0,1000.6862745285034,1000.7294117808342,1000.7529411911964,1000.7764706015587,1000.7921568751335,1000.811764717102,1000.8313725590706,1000.8588235378265,1000.8941176533699,3001.0,172.33534088134766,179.96144104003906,184.75067291259765,188.3738037109375,191.52056884765625,194.38313903808594,197.26984405517578,200.43988342285155,204.69115295410157,350.51123046875,241.6014,3.0,test_data/Useful/Validation/sharp sand at 2ft/20241020_172410_069.jpg,2373.0,338.0,62.299368227743926
73,0.0,0.0,0.0,0.0,0.0,0.0,0.0,0.0,0.0,0.0,0.0,0.0,0.0,0.0,0.0,0.0,0.0,0.0,0.0,0.0,0.0,0.0,0.0,0.0,0.0,0.0,0.0,0.0,0.0,0.0,0.0,0.0,0.0,0.0,0.0,0.0,0.0,0.0,0.0,0.0,0.0,0.0,0.0,0.0,1.0,2.0,3.0,4.0,4.0,5.0,6.0,6.0,7.0,8.960000000000036,9.200000000000045,10.0,11.0,12.0,13.0,13.399999999999977,14.639999999999986,15.0,15.0,15.0,16.0,17.0,17.0,18.0,19.0,20.0,21.0,22.0,22.519999999999982,24.0,25.0,26.0,27.0,27.720000000000027,28.0,29.0,30.0,31.0,32.91999999999996,35.15999999999997,37.0,38.0,42.0,45.0,47.0,48.0,51.84000000000003,54.08000000000004,58.0,61.11999999999989,66.59999999999991,70.0,76.39999999999986,90.11999999999989,118.3599999999999,148.0,0.0,1000.6901960968971,1000.7333333492279,1000.7568627595901,1000.7764706015587,1000.7960784435272,1000.811764717102,1000.8313725590706,1000.8549019694328,1000.8901960849762,3001.0,172.58651733398438,180.0871612548828,184.78826293945312,188.421484375,191.60235595703125,194.54226684570312,197.4480438232422,200.6224822998047,204.89794921875,350.466552734375,243.46014,3.0,test_data/Useful/Validation/sharp sand at 2ft/20241020_172410_070.jpg,2296.0,343.0,64.59817926201313
74,0.0,0.0,0.0,0.0,0.0,0.0,0.0,0.0,0.0,0.0,0.0,0.0,0.0,0.0,0.0,0.0,0.0,0.0,0.0,0.0,0.0,0.0,0.0,0.0,0.0,0.0,0.0,0.0,0.0,0.0,0.0,0.0,0.0,0.0,0.0,0.0,0.0,0.0,0.0,0.0,0.0,1.0,1.0,2.0,3.0,3.0,4.0,5.0,6.0,7.0,7.0,7.0,8.720000000000027,10.0,10.0,11.0,11.0,11.919999999999959,12.0,13.0,13.0,14.0,15.0,15.0,16.0,16.0,17.0,17.0,18.0,19.0,20.0,21.0,22.0,23.0,24.0,26.0,28.0,29.720000000000027,31.960000000000036,34.0,35.0,36.0,37.0,38.0,40.0,42.0,43.879999999999995,45.0,48.0,51.0,53.0,58.08000000000004,60.32000000000005,62.559999999999945,67.0,78.0,85.27999999999997,98.55999999999995,121.0,143.0,0.0,1000.6980392336845,1000.7372549176216,1000.7607843279839,1000.7803921699524,1000.7960784435272,1000.8156862854958,1000.8313725590706,1000.8549019694328,1000.8862745165825,3001.0,173.14327545166014,180.60008544921874,185.29083099365235,188.9918212890625,192.12355041503906,194.99691772460938,197.9279052734375,201.13468017578126,205.47726440429688,350.32244873046875,243.70709,3.0,test_data/Useful/Validation/sharp sand at 2ft/20241020_172410_071.jpg,2242.0,342.0,59.497880500384646
75,0.0,0.0,0.0,0.0,0.0,0.0,0.0,0.0,0.0,0.0,0.0,0.0,0.0,0.0,0.0,0.0,0.0,0.0,0.0,0.0,0.0,0.0,0.0,0.0,0.0,0.0,0.0,0.0,0.0,0.0,0.0,0.0,0.0,0.0,0.0,0.0,0.0,0.0,0.0,0.0,1.0,1.0,2.0,3.0,3.0,4.0,5.0,6.0,6.0,7.0,7.0,8.0,9.0,9.960000000000036,11.0,11.440000000000055,13.0,13.919999999999959,15.0,16.0,17.0,17.0,18.120000000000005,19.0,19.0,20.0,21.0,21.0,22.0,23.0,25.0,26.0,28.0,28.0,29.0,30.0,31.0,31.720000000000027,32.960000000000036,33.0,36.0,37.67999999999995,39.0,41.0,42.0,44.0,45.879999999999995,49.0,51.360000000000014,55.0,58.0,61.08000000000004,64.32000000000005,68.0,71.79999999999995,80.11999999999989,86.27999999999997,102.51999999999998,117.31999999999994,152.0,0.0,1000.7019608020782,1000.7372549176216,1000.7607843279839,1000.7803921699524,1000.7960784435272,1000.8156862854958,1000.8313725590706,1000.8549019694328,1000.8862745165825,3001.0,173.49349975585938,180.97215270996094,185.7374267578125,189.4413604736328,192.5814666748047,195.46730041503906,198.37632751464844,201.54397583007812,205.77850341796875,350.22650146484375,243.05641,3.0,test_data/Useful/Validation/sharp sand at 2ft/20241020_172410_072.jpg,2245.0,371.0,62.0250935414482
76,0.0,0.0,0.0,0.0,0.0,0.0,0.0,0.0,0.0,0.0,0.0,0.0,0.0,0.0,0.0,0.0,0.0,0.0,0.0,0.0,0.0,0.0,0.0,0.0,0.0,0.0,0.0,0.0,0.0,0.0,0.0,0.0,0.0,0.0,0.0,0.0,0.0,0.0,0.0,0.0,0.0,0.0,0.0,0.0,0.0,0.0,1.2799999999999727,2.0,2.759999999999991,3.0,4.0,5.0,5.0,7.0,8.0,9.0,9.67999999999995,10.0,11.0,12.0,13.0,13.0,14.0,15.0,15.600000000000023,16.0,16.0,17.0,17.0,18.0,19.0,20.279999999999973,21.0,21.0,22.0,23.0,24.0,24.0,25.0,25.200000000000045,27.0,28.0,30.91999999999996,34.0,35.0,36.639999999999986,38.0,40.0,41.0,44.0,47.84000000000003,50.08000000000004,56.0,60.0,64.0,67.07999999999993,77.55999999999995,89.51999999999998,99.03999999999996,134.0,0.0,1000.6941176652908,1000.7372549176216,1000.7607843279839,1000.7843137383461,1000.8000000119209,1000.8196078538895,1000.839215695858,1000.8588235378265,1000.8941176533699,3001.0,172.6512466430664,180.2889862060547,185.02953033447267,188.69219970703125,191.82196044921875,194.77330932617187,197.64833068847656,200.84593200683594,205.1134033203125,350.48028564453125,240.33003,3.0,test_data/Useful/Validation/sharp sand at 2ft/20241020_172410_075.jpg,2220.0,322.0,61.85208047325311
77,0.0,0.0,0.0,0.0,0.0,0.0,0.0,0.0,0.0,0.0,0.0,0.0,0.0,0.0,0.0,0.0,0.0,0.0,0.0,0.0,0.0,0.0,0.0,0.0,0.0,0.0,0.0,0.0,0.0,0.0,0.0,0.0,0.0,0.0,0.0,0.0,0.0,0.0,0.0,0.0,0.0,0.0,0.0,1.0,1.0,2.0,3.0,3.0,4.0,5.0,5.240000000000009,6.0,7.0,7.0,9.0,10.0,11.0,12.0,12.0,14.0,14.0,15.0,15.0,16.0,16.0,17.0,18.0,18.32000000000005,20.0,21.0,22.0,22.279999999999973,23.0,24.0,26.0,27.0,28.480000000000018,30.0,31.0,32.0,34.0,35.0,36.0,41.0,42.0,44.0,45.879999999999995,47.0,49.0,50.0,52.84000000000003,56.08000000000004,59.32000000000005,64.67999999999984,74.79999999999995,82.11999999999989,92.27999999999997,100.03999999999996,120.0,130.0,0.0,1000.7019608020782,1000.7411764860153,1000.7647058963776,1000.7843137383461,1000.8039215803146,1000.8196078538895,1000.839215695858,1000.8588235378265,1000.8862745165825,3001.0,173.78330688476564,181.27943420410156,185.97796630859375,189.60861206054688,192.75436401367188,195.6759033203125,198.6088409423828,201.80947875976562,206.17086791992188,350.2366943359375,240.52237,3.0,test_data/Useful/Validation/sharp sand at 2ft/20241020_172410_076.jpg,2105.0,338.0,57.72994404376414
78,0.0,0.0,0.0,0.0,0.0,0.0,0.0,0.0,0.0,0.0,0.0,0.0,0.0,0.0,0.0,0.0,0.0,0.0,0.0,0.0,0.0,0.0,0.0,0.0,0.0,0.0,0.0,0.0,0.0,0.0,0.0,0.0,0.0,0.0,0.0,0.0,0.0,0.0,0.0,0.0,0.0,0.0,0.0,0.0,0.0,1.0,2.0,3.0,4.0,5.0,6.0,6.480000000000018,7.0,9.0,10.0,10.0,11.0,11.0,12.0,13.0,14.0,15.0,15.0,16.0,16.0,16.840000000000032,18.0,19.0,19.0,20.0,21.0,21.279999999999973,22.519999999999982,24.0,25.0,26.0,27.0,28.0,30.0,32.0,33.0,34.0,36.91999999999996,38.15999999999997,40.0,44.0,45.879999999999995,48.120000000000005,51.0,52.0,55.0,58.08000000000004,63.0,67.11999999999989,74.39999999999986,84.11999999999989,94.11999999999989,104.03999999999996,117.59999999999991,154.0,0.0,1000.7019608020782,1000.7411764860153,1000.7647058963776,1000.7882353067398,1000.8039215803146,1000.8196078538895,1000.839215695858,1000.8588235378265,1000.8862745165825,3001.0,174.03814239501952,181.46841430664062,186.21299743652344,189.86427307128906,192.98056030273438,195.9300537109375,198.7855224609375,201.98321533203125,206.3009033203125,350.2100830078125,240.54688,3.0,test_data/Useful/Validation/sharp sand at 2ft/20241020_172410_077.jpg,2062.0,326.0,57.00637158871179
79,0.0,0.0,0.0,0.0,0.0,0.0,0.0,0.0,0.0,0.0,0.0,0.0,0.0,0.0,0.0,0.0,0.0,0.0,0.0,0.0,0.0,0.0,0.0,0.0,0.0,0.0,0.0,0.0,0.0,0.0,0.0,0.0,0.0,0.0,0.0,0.0,0.0,0.0,0.0,0.0,0.0,0.0,0.0,1.0,2.0,2.0,3.0,3.0,4.0,5.0,6.0,6.0,7.0,8.0,9.0,10.0,10.0,11.919999999999959,13.0,14.0,15.0,15.879999999999995,16.0,17.0,18.0,18.0,19.0,20.0,21.0,22.0,23.0,24.0,24.0,26.0,28.0,28.0,29.0,31.0,32.0,33.0,34.440000000000055,36.0,38.0,39.15999999999997,41.0,42.639999999999986,44.0,48.0,50.360000000000014,53.0,55.0,57.08000000000004,63.32000000000005,68.23999999999978,77.59999999999991,83.0,95.83999999999992,108.55999999999995,116.03999999999996,140.0,0.0,1000.705882370472,1000.745098054409,1000.7686274647713,1000.7882353067398,1000.8039215803146,1000.8196078538895,1000.839215695858,1000.8588235378265,1000.8862745165825,3001.0,173.45657348632812,181.03939819335938,185.73936462402344,189.40428161621094,192.52123260498047,195.45352478027343,198.3520721435547,201.5776824951172,205.89389038085938,350.3466796875,242.39082,3.0,test_data/Useful/Validation/sharp sand at 2ft/20241020_172410_078.jpg,2040.0,364.0,59.62171982836858
80,0.0,0.0,0.0,0.0,0.0,0.0,0.0,0.0,0.0,0.0,0.0,0.0,0.0,0.0,0.0,0.0,0.0,0.0,0.0,0.0,0.0,0.0,0.0,0.0,0.0,0.0,0.0,0.0,0.0,0.0,0.0,0.0,0.0,0.0,0.0,0.0,0.0,0.0,0.0,0.0,1.0,1.0,2.0,2.0,3.0,3.0,4.0,5.0,6.0,6.0,7.0,8.0,9.0,10.0,11.0,12.0,13.0,14.0,15.0,16.0,16.0,17.0,18.0,18.0,19.0,20.840000000000032,22.0,23.0,23.0,24.799999999999955,25.0,26.0,27.0,28.0,29.0,31.0,32.0,32.0,33.960000000000036,36.0,36.440000000000055,37.0,39.91999999999996,41.15999999999997,43.39999999999998,46.639999999999986,48.0,50.0,52.0,54.60000000000002,57.0,60.08000000000004,63.0,66.55999999999995,74.0,76.07999999999993,85.0,91.03999999999996,112.51999999999998,131.0,0.0,1000.7098039388657,1000.7490196228027,1000.7686274647713,1000.7882353067398,1000.8039215803146,1000.8196078538895,1000.839215695858,1000.8549019694328,1000.8823529481888,3000.972549021244,173.21473541259766,180.89761352539062,185.6134796142578,189.31520080566406,192.45498657226562,195.37025451660156,198.3078628540039,201.61126098632812,206.04305419921877,350.29937744140625,243.96002,3.0,test_data/Useful/Validation/sharp sand at 2ft/20241020_172410_079.jpg,2078.0,365.0,58.35270963163345
81,0.0,0.0,0.0,0.0,0.0,0.0,0.0,0.0,0.0,0.0,0.0,0.0,0.0,0.0,0.0,0.0,0.0,0.0,0.0,0.0,0.0,0.0,0.0,0.0,0.0,0.0,0.0,0.0,0.0,0.0,0.0,0.0,0.0,0.0,0.0,0.0,0.0,0.0,0.0,0.0,0.0,0.0,1.0,1.0,1.8000000000000114,3.0,4.0,4.0,5.0,6.0,6.0,8.0,9.720000000000027,10.0,11.200000000000045,13.0,13.0,14.0,14.0,15.0,16.0,16.0,17.0,17.0,18.0,19.0,19.0,20.0,21.0,22.0,23.0,23.0,24.0,25.0,25.0,26.0,26.480000000000018,28.0,29.0,30.200000000000045,31.0,33.0,34.0,36.0,38.39999999999998,39.639999999999986,42.0,45.0,47.360000000000014,51.60000000000002,54.0,56.0,58.0,60.559999999999945,67.59999999999991,72.07999999999993,78.55999999999995,87.51999999999998,98.03999999999996,138.0,0.0,1000.7098039388657,1000.745098054409,1000.7686274647713,1000.7882353067398,1000.8078431487083,1000.8235294222832,1000.839215695858,1000.8588235378265,1000.8862745165825,3001.0,172.9604293823242,180.53801879882812,185.32003021240234,188.95364685058593,192.0660858154297,195.03014526367187,197.9545455932617,201.1471740722656,205.48004150390625,350.4346923828125,242.16568,3.0,test_data/Useful/Validation/sharp sand at 2ft/20241020_172410_080.jpg,2063.0,347.0,62.17760870431153
82,0.0,0.0,0.0,0.0,0.0,0.0,0.0,0.0,0.0,0.0,0.0,0.0,0.0,0.0,0.0,0.0,0.0,0.0,0.0,0.0,0.0,0.0,0.0,0.0,0.0,0.0,0.0,0.0,0.0,0.0,0.0,0.0,0.0,0.0,0.0,0.0,0.0,0.0,0.0,0.0,0.0,0.0,1.0,2.0,2.8000000000000114,3.0,4.0,5.0,6.0,6.0,6.240000000000009,7.0,7.0,7.960000000000036,8.200000000000045,10.440000000000055,12.0,13.0,13.0,14.0,15.0,15.0,16.0,16.0,17.0,17.0,18.0,18.0,19.0,20.0,21.0,21.0,22.0,23.0,24.0,26.0,26.480000000000018,27.0,28.0,29.0,30.0,31.0,32.0,33.0,35.39999999999998,37.0,39.0,40.0,43.0,46.60000000000002,48.84000000000003,50.0,54.0,58.559999999999945,63.59999999999991,67.03999999999996,71.27999999999997,77.51999999999998,88.0,125.0,0.0,1000.7098039388657,1000.7490196228027,1000.772549033165,1000.7921568751335,1000.8078431487083,1000.8235294222832,1000.839215695858,1000.8627451062202,1000.8901960849762,3000.988235294819,172.22023010253906,179.73972778320314,184.53762817382812,188.22379150390626,191.39447021484375,194.2750701904297,197.157470703125,200.364013671875,204.72048950195312,350.6407470703125,245.48712,3.0,test_data/Useful/Validation/sharp sand at 2ft/20241020_172410_081.jpg,2087.0,345.0,55.383617809298656
83,0.0,0.0,0.0,0.0,0.0,0.0,0.0,0.0,0.0,0.0,0.0,0.0,0.0,0.0,0.0,0.0,0.0,0.0,0.0,0.0,0.0,0.0,0.0,0.0,0.0,0.0,0.0,0.0,0.0,0.0,0.0,0.0,0.0,0.0,0.0,0.0,0.0,0.0,0.0,0.0,0.0,0.0,0.0,1.0,1.0,2.0400000000000205,3.0,4.0,4.0,6.0,6.0,7.0,8.0,9.0,9.0,9.0,10.0,11.0,11.159999999999968,12.0,13.0,13.0,14.120000000000005,15.0,16.0,17.0,17.0,18.0,18.0,19.0,19.0,20.0,21.0,21.75999999999999,22.0,23.24000000000001,24.0,25.720000000000027,27.0,28.0,30.0,31.0,32.0,34.0,35.0,37.0,37.879999999999995,40.120000000000005,43.0,45.0,45.84000000000003,47.0,50.6400000000001,54.0,56.59999999999991,62.0,70.55999999999995,83.59999999999991,103.0,143.0,0.0,1000.7137255072594,1000.7490196228027,1000.772549033165,1000.7921568751335,1000.8078431487083,1000.8235294222832,1000.839215695858,1000.8588235378265,1000.8901960849762,3000.972549021244,172.3853286743164,179.92164306640626,184.70087738037108,188.33655700683593,191.48583984375,194.386962890625,197.31069946289062,200.52259826660156,204.76087951660156,350.64599609375,244.76219,3.0,test_data/Useful/Validation/sharp sand at 2ft/20241020_172410_082.jpg,2103.0,340.0,58.88163870849117
84,0.0,0.0,0.0,0.0,0.0,0.0,0.0,0.0,0.0,0.0,0.0,0.0,0.0,0.0,0.0,0.0,0.0,0.0,0.0,0.0,0.0,0.0,0.0,0.0,0.0,0.0,0.0,0.0,0.0,0.0,0.0,0.0,0.0,0.0,0.0,0.0,1.0,1.0,1.0,2.0,3.0,3.0,4.0,4.0,5.0,5.0,6.279999999999973,7.0,8.0,9.0,10.0,10.0,11.0,12.0,12.0,13.0,13.0,14.0,15.0,15.0,15.0,16.0,16.0,17.0,17.0,18.0,19.0,20.0,20.0,21.0,21.0,22.0,23.0,23.0,24.0,24.0,25.0,26.720000000000027,28.0,29.0,30.0,30.67999999999995,32.0,33.15999999999997,34.39999999999998,35.0,37.0,38.0,38.360000000000014,40.0,42.0,44.0,45.0,48.0,50.0,53.039999999999964,55.27999999999997,57.51999999999998,62.0,83.0,0.0,1000.584313750267,1000.6352941393852,1000.6705882549286,1000.6980392336845,1000.7215686440468,1000.7490196228027,1000.7764706015587,1000.8156862854958,1000.8705882430077,3001.0,170.4835662841797,178.0001983642578,182.73947143554688,186.37586975097656,189.56924438476562,192.54718017578125,195.5406478881836,198.82490234375,203.20751037597657,350.41204833984375,233.92859,3.0,test_data/Useful/Validation/sharp sand at 2ft/20241020_172526_071.jpg,3022.0,392.0,62.35931329587624
85,0.0,0.0,0.0,0.0,0.0,0.0,0.0,0.0,0.0,0.0,0.0,0.0,0.0,0.0,0.0,0.0,0.0,0.0,0.0,0.0,0.0,0.0,0.0,0.0,0.0,0.0,0.0,0.0,0.0,0.0,0.0,0.0,0.0,0.0,0.0,0.0,0.0,0.0,1.0,2.0,3.0,3.0,4.0,4.0,5.800000000000011,6.0400000000000205,7.0,8.0,9.0,9.0,10.0,10.0,10.0,11.0,12.0,13.0,14.0,14.0,15.0,15.0,15.0,16.0,17.0,17.0,18.0,19.0,20.0,20.0,20.559999999999945,21.0,21.0,22.0,22.0,23.0,24.0,26.0,27.0,27.0,28.0,28.200000000000045,29.0,29.67999999999995,31.0,32.0,33.0,35.0,36.0,38.0,41.0,42.0,43.84000000000003,46.0,47.0,48.559999999999945,51.799999999999955,53.039999999999964,59.0,62.0,67.75999999999999,80.0,0.0,1000.5803921818733,1000.6352941393852,1000.6666666865349,1000.6980392336845,1000.7215686440468,1000.7490196228027,1000.7764706015587,1000.8156862854958,1000.8745098114014,3001.0,170.53628845214843,178.0857147216797,182.82303161621093,186.51727294921875,189.7303009033203,192.70608520507812,195.6849822998047,198.95767211914062,203.24171447753906,350.40386962890625,234.46353,3.0,test_data/Useful/Validation/sharp sand at 2ft/20241020_172526_072.jpg,3082.0,400.0,59.515647552370474
86,0.0,0.0,0.0,0.0,0.0,0.0,0.0,0.0,0.0,0.0,0.0,0.0,0.0,0.0,0.0,0.0,0.0,0.0,0.0,0.0,0.0,0.0,0.0,0.0,0.0,0.0,0.0,0.0,0.0,0.0,0.0,0.0,0.0,0.0,0.0,1.0,1.0,1.1200000000000045,2.0,2.6000000000000227,3.0,4.0,4.0,5.0,6.0,7.0,8.0,9.0,10.0,11.0,12.0,12.0,13.0,14.0,15.0,15.0,16.0,16.0,17.0,18.0,19.0,19.0,20.0,21.0,21.0,21.0,22.0,22.32000000000005,24.0,25.0,25.0,25.279999999999973,26.0,27.0,28.0,29.0,29.480000000000018,30.720000000000027,31.0,32.0,33.0,34.67999999999995,35.0,36.15999999999997,37.0,38.639999999999986,40.0,42.0,42.0,43.60000000000002,44.0,46.0,47.6400000000001,49.559999999999945,51.0,53.039999999999964,56.0,62.51999999999998,65.0,92.0,0.0,1000.5803921818733,1000.6352941393852,1000.6666666865349,1000.6980392336845,1000.7215686440468,1000.7490196228027,1000.7764706015587,1000.8156862854958,1000.8705882430077,3001.0,170.52933502197266,178.09317626953126,182.88002014160156,186.54781799316407,189.72920989990234,192.70626220703124,195.70627136230468,198.9862823486328,203.31423950195312,350.42315673828125,233.61514,3.0,test_data/Useful/Validation/sharp sand at 2ft/20241020_172526_073.jpg,3041.0,440.0,59.53528324451884
87,0.0,0.0,0.0,0.0,0.0,0.0,0.0,0.0,0.0,0.0,0.0,0.0,0.0,0.0,0.0,0.0,0.0,0.0,0.0,0.0,0.0,0.0,0.0,0.0,0.0,0.0,0.0,0.0,0.0,0.0,0.0,0.0,0.0,0.0,0.0,1.0,1.0,2.0,3.0,3.0,4.0,5.0,6.0,6.560000000000002,7.0,8.0,8.0,9.0,10.0,11.0,12.0,12.0,13.0,13.960000000000036,14.0,14.0,15.0,15.0,15.159999999999968,16.0,17.0,17.879999999999995,18.0,18.360000000000014,19.600000000000023,20.0,20.08000000000004,21.0,22.0,22.799999999999955,23.0,24.0,24.0,25.0,26.0,27.0,28.0,29.0,30.0,31.0,31.0,32.67999999999995,33.91999999999996,34.15999999999997,36.39999999999998,37.639999999999986,39.0,40.0,41.0,43.0,43.0,46.0,48.0,50.0,53.0,56.0,60.27999999999997,66.03999999999996,76.75999999999999,111.0,0.0,1000.5764706134796,1000.6313725709915,1000.6666666865349,1000.6941176652908,1000.7215686440468,1000.7490196228027,1000.7764706015587,1000.811764717102,1000.8705882430077,3001.0,170.41912841796875,178.00033569335938,182.85324096679688,186.544921875,189.73794555664062,192.71450805664062,195.68978881835938,198.99203491210938,203.32662963867188,350.4051208496094,234.85709,3.0,test_data/Useful/Validation/sharp sand at 2ft/20241020_172526_074.jpg,3069.0,431.0,59.76928168345009
88,0.0,0.0,0.0,0.0,0.0,0.0,0.0,0.0,0.0,0.0,0.0,0.0,0.0,0.0,0.0,0.0,0.0,0.0,0.0,0.0,0.0,0.0,0.0,0.0,0.0,0.0,0.0,0.0,0.0,0.0,0.0,0.0,0.0,0.0,0.0,0.0,1.0,2.0,2.0,3.0,3.839999999999975,4.0,5.0,6.0,6.0,8.0,8.0,9.0,9.0,10.0,11.0,11.480000000000018,12.0,13.0,14.0,15.0,15.0,15.0,16.0,16.399999999999977,17.0,17.0,17.120000000000005,19.0,20.0,20.0,21.0,22.0,22.0,23.0,24.0,25.0,26.0,26.75999999999999,27.0,28.0,29.0,30.0,30.0,32.0,32.0,33.0,34.0,35.0,36.0,37.0,39.0,40.0,41.0,43.60000000000002,44.0,47.08000000000004,48.6400000000001,51.0,54.0,56.0,57.0,63.51999999999998,66.0,96.0,0.0,1000.5725490450859,1000.6274510025978,1000.6627451181412,1000.6941176652908,1000.7176470756531,1000.745098054409,1000.7764706015587,1000.811764717102,1000.8705882430077,3001.0,170.6464385986328,178.208740234375,182.95504760742188,186.64346313476562,189.80526733398438,192.70989990234375,195.697265625,198.99696350097656,203.39288940429688,350.37890625,233.83582,3.0,test_data/Useful/Validation/sharp sand at 2ft/20241020_172526_075.jpg,3146.0,432.0,59.29828883521518
89,0.0,0.0,0.0,0.0,0.0,0.0,0.0,0.0,0.0,0.0,0.0,0.0,0.0,0.0,0.0,0.0,0.0,0.0,0.0,0.0,0.0,0.0,0.0,0.0,0.0,0.0,0.0,0.0,0.0,0.0,0.0,0.0,0.0,0.0,0.0,1.0,1.8799999999999955,2.0,3.0,3.0,4.0,4.0,5.0,5.0,6.800000000000011,7.0,8.0,9.0,9.759999999999991,11.0,11.240000000000009,13.0,13.0,14.0,14.0,15.0,15.0,16.0,16.0,17.0,17.639999999999986,18.0,19.120000000000005,20.0,20.0,21.0,21.08000000000004,23.0,24.0,24.0,26.0,27.0,27.0,28.0,29.0,30.0,31.0,31.720000000000027,32.960000000000036,34.0,35.0,36.0,37.0,38.0,38.0,39.0,40.0,41.0,43.360000000000014,45.0,46.0,48.08000000000004,49.0,51.0,53.0,58.039999999999964,59.559999999999945,65.51999999999998,73.03999999999996,82.0,0.0,1000.5686274766922,1000.6235294342041,1000.6588235497475,1000.6901960968971,1000.7176470756531,1000.745098054409,1000.7764706015587,1000.8156862854958,1000.8745098114014,3001.0,170.631103515625,178.24937438964844,182.98123168945312,186.707275390625,189.8814697265625,192.85760498046875,195.84054565429688,199.05187377929687,203.3795166015625,350.37310791015625,235.0836,3.0,test_data/Useful/Validation/sharp sand at 2ft/20241020_172526_076.jpg,3129.0,438.0,59.40896848549224
90,0.0,0.0,0.0,0.0,0.0,0.0,0.0,0.0,0.0,0.0,0.0,0.0,0.0,0.0,0.0,0.0,0.0,0.0,0.0,0.0,0.0,0.0,0.0,0.0,0.0,0.0,0.0,0.0,0.0,0.0,0.0,0.0,0.0,0.0,0.0,1.6399999999999864,2.0,3.1200000000000045,4.0,5.0,5.0,6.0,8.0,8.0,8.800000000000011,9.0,10.0,11.0,11.0,12.0,13.0,13.0,13.720000000000027,15.0,15.0,15.0,15.0,16.0,17.0,17.399999999999977,18.639999999999986,19.0,20.0,20.0,21.0,21.840000000000032,22.0,23.0,23.559999999999945,24.0,25.0,25.0,26.0,27.0,28.0,29.0,30.0,30.720000000000027,31.0,32.0,33.0,34.0,34.0,36.0,37.0,38.0,39.0,40.0,40.0,41.0,44.0,45.0,48.32000000000005,50.559999999999945,53.0,57.0,62.0,66.51999999999998,69.0,89.0,0.0,1000.5725490450859,1000.6274510025978,1000.6627451181412,1000.6901960968971,1000.7176470756531,1000.745098054409,1000.772549033165,1000.811764717102,1000.866666674614,3001.0,170.48036193847656,178.11053466796875,182.88986206054688,186.6633758544922,189.85528564453125,192.8357696533203,195.752197265625,198.99288940429688,203.35386657714844,350.38092041015625,233.93658,3.0,test_data/Useful/Validation/sharp sand at 2ft/20241020_172526_077.jpg,3214.0,450.0,60.37137225033823
91,0.0,0.0,0.0,0.0,0.0,0.0,0.0,0.0,0.0,0.0,0.0,0.0,0.0,0.0,0.0,0.0,0.0,0.0,0.0,0.0,0.0,0.0,0.0,0.0,0.0,0.0,0.0,0.0,0.0,0.0,0.0,0.0,0.0,0.0,0.0,0.0,0.0,0.0,0.0,0.0,0.0,0.0,0.0,0.0,0.0,1.0,1.2799999999999727,2.0,3.0,3.0,5.0,5.0,6.0,7.0,8.0,9.0,10.0,11.0,12.159999999999968,13.0,14.0,15.0,15.0,15.0,16.0,16.0,17.0,17.0,18.0,19.0,20.0,20.0,21.0,21.0,22.0,23.0,25.0,25.720000000000027,26.0,27.0,28.0,29.0,30.0,32.0,33.39999999999998,35.0,37.0,38.0,39.0,39.60000000000002,41.84000000000003,43.0,46.32000000000005,48.559999999999945,51.0,53.039999999999964,60.27999999999997,66.55999999999995,77.55999999999995,97.0,0.0,1000.5803921818733,1000.6313725709915,1000.6627451181412,1000.6901960968971,1000.7176470756531,1000.7411764860153,1000.7686274647713,1000.8039215803146,1000.8588235378265,3001.0,170.473583984375,177.9610626220703,182.78406829833983,186.49005126953125,189.65670776367188,192.62548828125,195.6157028198242,198.88281860351563,203.22006530761718,350.37591552734375,236.50595,3.0,test_data/Useful/Validation/sharp sand at 2ft/20241020_172526_078.jpg,2983.0,374.0,60.04475394317092
92,0.0,0.0,0.0,0.0,0.0,0.0,0.0,0.0,0.0,0.0,0.0,0.0,0.0,0.0,0.0,0.0,0.0,0.0,0.0,0.0,0.0,0.0,0.0,0.0,0.0,0.0,0.0,0.0,0.0,0.0,0.0,0.0,0.0,0.0,0.0,0.0,0.0,0.0,1.0,2.0,2.0,3.0,4.0,4.0,5.0,5.0,6.0,7.0,8.0,9.0,9.0,10.0,10.0,11.0,11.0,12.0,13.0,14.0,15.0,15.0,15.0,15.879999999999995,16.0,16.0,17.0,17.840000000000032,18.0,19.0,19.0,20.0,21.0,22.0,23.0,24.0,25.0,27.0,28.0,29.0,29.960000000000036,30.200000000000045,31.0,32.0,33.0,34.15999999999997,36.0,37.0,39.0,40.0,41.0,42.0,44.0,47.08000000000004,49.0,50.559999999999945,53.799999999999955,58.0,62.0,65.0,70.0,87.0,0.0,1000.5803921818733,1000.6313725709915,1000.6627451181412,1000.6901960968971,1000.7137255072594,1000.7411764860153,1000.7647058963776,1000.8000000119209,1000.8509804010391,3001.0,170.41494750976562,177.99501953125,182.782470703125,186.44625854492188,189.67620849609375,192.61773681640625,195.54769897460938,198.8115478515625,203.17823791503906,350.37420654296875,236.06766,3.0,test_data/Useful/Validation/sharp sand at 2ft/20241020_172526_081.jpg,2937.0,407.0,57.311651934435744
93,0.0,0.0,0.0,0.0,0.0,0.0,0.0,0.0,0.0,0.0,0.0,0.0,0.0,0.0,0.0,0.0,0.0,0.0,0.0,0.0,0.0,0.0,0.0,0.0,0.0,0.0,0.0,0.0,0.0,0.0,0.0,0.0,0.0,0.0,0.0,0.0,0.0,0.12000000000000455,1.0,2.0,2.0,3.0,3.0,4.0,4.0,5.0,6.0,6.0,7.0,8.0,9.240000000000009,11.0,11.0,12.0,13.0,14.0,14.0,15.0,15.0,16.0,16.0,17.0,17.0,17.360000000000014,18.0,19.0,20.0,21.0,22.0,22.799999999999955,24.0,25.0,26.0,27.0,28.0,29.0,30.0,31.0,32.960000000000036,34.0,35.0,36.0,37.0,38.0,40.0,41.639999999999986,44.0,45.0,46.0,47.0,49.0,50.08000000000004,52.0,55.0,57.799999999999955,61.0,62.27999999999997,66.51999999999998,73.75999999999999,103.0,0.0,1000.5647059082985,1000.6196078658104,1000.6588235497475,1000.6862745285034,1000.7137255072594,1000.7411764860153,1000.772549033165,1000.8078431487083,1000.866666674614,3001.0,170.57965087890625,178.1627197265625,182.9531707763672,186.70291137695312,189.91004943847656,192.83856201171875,195.7875213623047,199.01429748535156,203.3762969970703,350.3559875488281,235.11781,3.0,test_data/Useful/Validation/sharp sand at 2ft/20241020_172526_082.jpg,3094.0,435.0,63.78127517453255
94,0.0,0.0,0.0,0.0,0.0,0.0,0.0,0.0,0.0,0.0,0.0,0.0,0.0,0.0,0.0,0.0,0.0,0.0,0.0,0.0,0.0,0.0,0.0,0.0,0.0,0.0,0.0,0.0,0.0,0.0,0.0,0.0,0.0,0.0,0.0,0.0,0.0,1.0,1.0,2.0,2.0,3.0,4.0,5.0,6.0,6.0,6.279999999999973,7.0,8.0,9.0,9.240000000000009,10.0,11.0,11.0,12.0,12.0,13.0,13.0,14.0,14.0,14.0,15.0,15.0,16.0,16.0,17.0,17.08000000000004,18.0,19.0,19.0,20.0,21.0,21.519999999999982,22.75999999999999,24.0,24.24000000000001,26.0,27.0,27.0,28.0,29.0,30.0,30.91999999999996,32.0,33.0,34.0,36.0,38.0,39.0,40.0,41.0,43.0,44.0,46.0,48.0,52.0,56.27999999999997,61.51999999999998,66.03999999999996,83.0,0.0,1000.6039215922356,1000.6549019813538,1000.6862745285034,1000.7098039388657,1000.7372549176216,1000.7607843279839,1000.7843137383461,1000.8196078538895,1000.8705882430077,3001.0,170.27883911132812,177.94440002441408,182.69313201904296,186.38848571777345,189.6063232421875,192.54449462890625,195.52179565429688,198.77134704589844,203.13321075439453,350.5279846191406,237.87666,3.0,test_data/Useful/Validation/sharp sand at 2ft/20241020_172526_083.jpg,2939.0,407.0,60.17387936259337
95,0.0,0.0,0.0,0.0,0.0,0.0,0.0,0.0,0.0,0.0,0.0,0.0,0.0,0.0,0.0,0.0,0.0,0.0,0.0,0.0,0.0,0.0,0.0,0.0,0.0,0.0,0.0,0.0,0.0,0.0,0.0,0.0,0.0,0.0,0.0,0.0,1.0,2.0,2.0,3.0,4.0,4.0,5.0,6.0,6.0,7.0,8.0,8.0,9.0,10.0,10.0,11.0,12.0,12.0,13.0,13.0,14.0,15.0,15.0,15.0,16.0,17.0,17.0,18.0,18.0,19.0,20.0,21.0,21.0,22.0,23.0,23.0,24.0,25.0,26.0,27.0,28.480000000000018,29.0,29.960000000000036,31.0,32.0,33.67999999999995,36.0,38.0,39.0,40.0,41.0,43.0,44.0,45.0,46.0,49.0,52.0,53.559999999999945,55.0,59.0,63.27999999999997,66.51999999999998,75.75999999999999,91.0,0.0,1000.6039215922356,1000.6588235497475,1000.6941176652908,1000.7254902124405,1000.7490196228027,1000.7764706015587,1000.8078431487083,1000.8431372642517,1000.9019607901573,3001.0,170.6849822998047,178.2298126220703,183.0172882080078,186.70928955078125,189.9016571044922,192.8741668701172,195.8285369873047,199.12184143066406,203.39996337890625,350.61376953125,236.76819,3.0,test_data/Useful/Validation/sharp sand at 2ft/20241020_172526_084.jpg,2998.0,427.0,61.376412695571176
96,0.0,0.0,0.0,0.0,0.0,0.0,0.0,0.0,0.0,0.0,0.0,0.0,0.0,0.0,0.0,0.0,0.0,0.0,0.0,0.0,0.0,0.0,0.0,0.0,0.0,0.0,0.0,0.0,0.0,0.0,0.0,0.0,0.0,0.0,0.0,0.0,0.0,1.0,1.0,2.0,2.0,3.0,3.0,4.0,5.0,6.0,6.0,7.0,7.0,8.0,9.0,10.0,10.0,11.0,12.0,12.440000000000055,13.0,13.0,14.0,15.0,15.0,16.0,16.0,17.0,17.0,18.0,18.0,19.0,20.0,20.0,21.0,21.0,22.0,23.0,24.0,24.24000000000001,26.0,27.0,28.0,28.200000000000045,29.0,30.67999999999995,31.0,34.0,35.0,36.0,37.0,39.0,40.0,41.60000000000002,43.0,46.0,49.0,51.0,52.0,54.0,55.0,57.51999999999998,61.0,68.0,0.0,1000.65098041296,1000.6980392336845,1000.7254902124405,1000.7490196228027,1000.772549033165,1000.7921568751335,1000.8196078538895,1000.8470588326454,1000.8941176533699,3001.0,170.35365600585936,177.9641540527344,182.77204437255858,186.44835815429687,189.61538696289062,192.55087280273438,195.44700622558594,198.6704833984375,203.01353759765624,350.76971435546875,238.29861,3.0,test_data/Useful/Validation/sharp sand at 2ft/20241020_172526_085.jpg,2797.0,396.0,56.902162360399004
97,0.0,0.0,0.0,0.0,0.0,0.0,0.0,0.0,0.0,0.0,0.0,0.0,0.0,0.0,0.0,0.0,0.0,0.0,0.0,0.0,0.0,0.0,0.0,0.0,0.0,0.0,0.0,0.0,0.0,0.0,0.0,0.0,0.0,0.0,0.0,0.0,0.0,0.0,1.0,1.0,2.0,3.0,4.0,5.0,6.0,6.0,7.0,8.0,9.0,9.0,11.0,11.0,12.0,13.0,14.0,15.0,15.0,15.0,16.0,17.0,17.0,17.0,18.0,18.0,18.600000000000023,19.0,20.0,20.0,21.0,21.799999999999955,22.0,23.279999999999973,24.0,25.0,26.0,27.0,28.0,28.0,29.0,29.0,30.0,31.0,32.0,33.0,35.0,36.0,37.879999999999995,40.120000000000005,42.0,44.0,46.0,48.08000000000004,49.0,51.0,52.0,56.0,59.0,60.0,67.27999999999997,123.0,0.0,1000.6352941393852,1000.6862745285034,1000.7215686440468,1000.7490196228027,1000.772549033165,1000.8000000119209,1000.8274509906769,1000.8627451062202,1000.9176470637321,3001.0,170.46498107910156,178.13373107910155,182.9544647216797,186.6665802001953,189.84901428222656,192.79642639160156,195.7492904663086,199.02273864746093,203.33177185058594,350.773193359375,235.51881,3.0,test_data/Useful/Validation/sharp sand at 2ft/20241020_172526_086.jpg,3018.0,409.0,54.40655259701418
98,0.0,0.0,0.0,0.0,0.0,0.0,0.0,0.0,0.0,0.0,0.0,0.0,0.0,0.0,0.0,0.0,0.0,0.0,0.0,0.0,0.0,0.0,0.0,0.0,0.0,0.0,0.0,0.0,0.0,0.0,0.0,0.0,0.0,0.0,0.0,0.0,0.0,0.0,0.0,1.0,1.0,2.0,2.0,3.0,4.0,5.0,5.0,6.0,7.0,7.0,8.0,8.0,9.0,9.0,10.200000000000045,11.0,12.0,12.0,13.0,13.399999999999977,14.0,14.879999999999995,15.0,16.0,16.0,16.840000000000032,17.0,17.0,17.0,18.0,19.0,19.0,20.0,20.0,20.0,21.24000000000001,22.480000000000018,23.0,25.0,26.0,27.0,27.0,28.0,30.0,31.0,32.0,35.879999999999995,37.0,38.0,39.60000000000002,42.0,45.08000000000004,48.0,50.0,54.0,56.0,60.27999999999997,63.51999999999998,68.51999999999998,104.0,0.0,1000.6549019813538,1000.6980392336845,1000.7294117808342,1000.7529411911964,1000.772549033165,1000.7960784435272,1000.8235294222832,1000.8509804010391,1000.8980392217636,3001.0,170.43889465332032,177.93297729492187,182.71072387695312,186.42633666992188,189.6223373413086,192.5483184814453,195.49183349609373,198.781201171875,203.09982299804688,350.7899169921875,238.3443,3.0,test_data/Useful/Validation/sharp sand at 2ft/20241020_172526_087.jpg,2772.0,384.0,59.2280944793222
99,0.0,0.0,0.0,0.0,0.0,0.0,0.0,0.0,0.0,0.0,0.0,0.0,0.0,0.0,0.0,0.0,0.0,0.0,0.0,0.0,0.0,0.0,0.0,0.0,0.0,0.0,0.0,0.0,0.0,0.0,0.0,0.0,0.0,0.0,0.0,0.0,0.0,0.0,0.0,0.0,0.0,0.0,0.0,0.0,1.0,2.0,2.0,3.0,4.0,4.0,5.0,6.0,6.0,7.0,8.0,8.440000000000055,9.67999999999995,10.0,10.159999999999968,11.0,12.0,13.0,14.0,15.0,15.0,15.840000000000032,16.0,17.0,18.0,18.0,18.0,19.0,20.0,20.0,21.0,22.0,23.0,23.0,24.0,25.0,25.0,26.67999999999995,27.0,28.0,29.0,30.0,31.0,32.0,33.0,34.0,35.0,37.0,39.0,41.0,42.0,43.0,45.0,50.51999999999998,62.039999999999964,78.0,0.0,1000.6627451181412,1000.705882370472,1000.7333333492279,1000.7529411911964,1000.7764706015587,1000.7960784435272,1000.8196078538895,1000.8470588326454,1000.8901960849762,3001.0,170.15717315673828,177.73150024414062,182.53015594482423,186.23477172851562,189.4050750732422,192.32301330566406,195.2723861694336,198.52873840332032,202.87295532226562,350.81060791015625,238.81996,3.0,test_data/Useful/Validation/sharp sand at 2ft/20241020_172526_088.jpg,2666.0,329.0,61.77777294916237
100,0.0,0.0,0.0,0.0,0.0,0.0,0.0,0.0,0.0,0.0,0.0,0.0,0.0,0.0,0.0,0.0,0.0,0.0,0.0,0.0,0.0,0.0,0.0,0.0,0.0,0.0,0.0,0.0,0.0,0.0,0.0,0.0,0.0,0.0,0.0,0.0,0.0,0.0,0.0,0.0,0.0,0.0,1.0,1.0,1.0,2.0,2.2799999999999727,3.0,3.0,4.0,5.0,5.0,6.0,6.0,7.0,8.0,9.0,10.0,11.0,11.0,11.639999999999986,12.0,13.0,14.0,14.0,15.0,15.0,15.0,16.0,16.0,17.0,17.0,18.0,18.0,19.0,19.0,20.0,20.0,21.0,22.0,23.0,24.0,25.0,26.0,27.399999999999977,28.639999999999986,29.0,30.120000000000005,32.0,34.0,35.84000000000003,38.08000000000004,41.32000000000005,42.559999999999945,44.799999999999955,48.039999999999964,50.27999999999997,54.51999999999998,61.0,98.0,0.0,1000.6549019813538,1000.7019608020782,1000.7294117808342,1000.7529411911964,1000.7764706015587,1000.7960784435272,1000.8196078538895,1000.8509804010391,1000.8980392217636,3001.0,170.39031982421875,177.90406799316406,182.6407470703125,186.3058624267578,189.4810791015625,192.4373016357422,195.375732421875,198.6386260986328,202.97613525390625,350.8130187988281,238.29645,3.0,test_data/Useful/Validation/sharp sand at 2ft/20241020_172526_091.jpg,2771.0,322.0,54.86472513697116
101,0.0,0.0,0.0,0.0,0.0,0.0,0.0,0.0,0.0,0.0,0.0,0.0,0.0,0.0,0.0,0.0,0.0,0.0,0.0,0.0,0.0,0.0,0.0,0.0,0.0,0.0,0.0,0.0,0.0,0.0,0.0,0.0,0.0,0.0,0.0,0.0,0.0,0.0,1.0,2.0,2.0,3.0,3.0,4.0,4.0,5.0,5.279999999999973,6.0,6.0,7.0,8.0,9.0,9.0,10.0,10.0,11.0,11.0,12.919999999999959,13.0,14.0,14.0,14.879999999999995,15.0,16.0,16.0,16.0,17.0,17.0,18.0,18.799999999999955,19.0,20.0,20.0,21.0,22.0,22.0,23.0,24.0,25.0,26.0,27.0,27.67999999999995,28.91999999999996,30.0,30.399999999999977,32.0,33.879999999999995,35.0,35.0,37.0,40.0,41.08000000000004,43.0,45.0,46.799999999999955,49.0,51.27999999999997,56.0,63.75999999999999,110.0,0.0,1000.6470588445663,1000.6941176652908,1000.7254902124405,1000.7529411911964,1000.7764706015587,1000.8000000119209,1000.8274509906769,1000.8588235378265,1000.9098039269447,3001.0,170.4657745361328,177.9351043701172,182.71543884277344,186.40184020996094,189.5659637451172,192.5525665283203,195.47483825683594,198.7314880371094,203.09732055664062,350.8143310546875,237.22531,3.0,test_data/Useful/Validation/sharp sand at 2ft/20241020_172526_092.jpg,2802.0,359.0,57.24204365440316
102,0.0,0.0,0.0,0.0,0.0,0.0,0.0,0.0,0.0,0.0,0.0,0.0,0.0,0.0,0.0,0.0,0.0,0.0,0.0,0.0,0.0,0.0,0.0,0.0,0.0,0.0,0.0,0.0,0.0,0.0,0.0,0.0,0.0,0.0,0.0,1.0,1.0,2.0,2.0,3.0,3.0,4.0,5.0,6.0,6.0,7.0,7.0,7.519999999999982,8.0,9.0,10.0,10.0,11.0,11.0,12.0,13.0,13.0,14.0,15.0,15.0,15.0,16.0,16.0,17.0,17.0,18.0,18.0,18.0,19.0,20.0,21.0,21.0,22.0,22.0,23.0,24.0,25.0,26.0,27.0,28.200000000000045,29.440000000000055,30.0,31.0,32.0,33.0,35.0,36.0,38.0,40.0,41.0,42.0,44.0,45.0,46.559999999999945,50.0,52.039999999999964,59.0,62.51999999999998,71.51999999999998,95.0,0.0,1000.6392157077789,1000.6901960968971,1000.7254902124405,1000.7529411911964,1000.7764706015587,1000.8039215803146,1000.8313725590706,1000.8627451062202,1000.9176470637321,3001.0,170.39578247070312,177.99557495117188,182.802978515625,186.49972534179688,189.69285583496094,192.651611328125,195.601806640625,198.89425659179688,203.18618774414062,350.8093566894531,236.17807,3.0,test_data/Useful/Validation/sharp sand at 2ft/20241020_172526_093.jpg,2909.0,399.0,58.365996888705276
103,0.0,0.0,0.0,0.0,0.0,0.0,0.0,0.0,0.0,0.0,0.0,0.0,0.0,0.0,0.0,0.0,0.0,0.0,0.0,0.0,0.0,0.0,0.0,0.0,0.0,0.0,0.0,0.0,0.0,0.0,0.0,0.0,0.0,0.0,0.0,0.0,0.0,0.0,0.0,1.0,1.0,1.079999999999984,2.0,2.0,3.0,3.0,4.0,5.0,6.0,7.0,8.0,8.0,9.0,10.0,11.0,12.0,12.0,12.919999999999959,13.0,14.0,14.0,15.0,15.0,15.360000000000014,16.0,17.0,17.0,18.0,19.0,19.0,20.0,21.0,22.0,23.0,24.0,24.0,26.0,26.720000000000027,27.960000000000036,29.0,30.0,31.0,31.0,32.0,33.0,34.0,36.879999999999995,37.120000000000005,39.0,40.0,41.84000000000003,43.0,44.0,46.559999999999945,49.0,56.159999999999854,61.27999999999997,66.03999999999996,70.75999999999999,87.0,0.0,1000.65098041296,1000.6980392336845,1000.7294117808342,1000.7529411911964,1000.7764706015587,1000.8000000119209,1000.8274509906769,1000.8588235378265,1000.905882358551,3001.0,170.32796173095704,177.9499053955078,182.72024536132812,186.4158447265625,189.64219665527344,192.5642547607422,195.47723388671875,198.71832275390625,203.07891845703125,350.8218078613281,237.57309,3.0,test_data/Useful/Validation/sharp sand at 2ft/20241020_172526_094.jpg,2832.0,393.0,63.3264496139432
104,0.0,0.0,0.0,0.0,0.0,0.0,0.0,0.0,0.0,0.0,0.0,0.0,0.0,0.0,0.0,0.0,0.0,0.0,0.0,0.0,0.0,0.0,0.0,0.0,0.0,0.0,0.0,0.0,0.0,0.0,0.0,0.0,0.0,0.0,0.0,0.0,0.0,0.0,0.0,1.0,1.0,2.0,3.0,4.0,4.800000000000011,6.0,6.0,7.0,7.759999999999991,9.0,9.0,9.0,10.0,10.0,11.0,11.0,12.0,13.0,14.0,14.0,15.0,15.0,16.0,16.0,17.0,18.0,18.0,19.0,19.0,20.0,20.0,21.0,21.519999999999982,22.0,22.0,23.0,24.0,25.0,26.0,27.0,28.0,30.0,31.0,32.0,33.0,34.639999999999986,35.879999999999995,37.0,38.0,39.0,40.0,43.0,43.32000000000005,45.0,47.799999999999955,51.039999999999964,56.0,60.559999999999945,70.75999999999999,104.0,0.0,1000.6431372761726,1000.6941176652908,1000.7254902124405,1000.7529411911964,1000.7764706015587,1000.8000000119209,1000.8274509906769,1000.8627451062202,1000.9137254953384,3001.0,170.20950012207032,177.81549682617188,182.71942749023438,186.42669677734375,189.58706665039062,192.56468200683594,195.5352020263672,198.7845458984375,203.1905517578125,350.8201599121094,233.95963,3.0,test_data/Useful/Validation/sharp sand at 2ft/20241020_172526_095.jpg,2915.0,391.0,66.46116770324437
0,0.0,0.0,0.0,0.0,0.0,0.0,0.0,0.0,0.0,0.0,1.6400000000000006,4.0,6.0,6.0,7.0,8.0,9.0,11.0,11.0,13.0,13.0,14.0,15.0,15.759999999999991,16.0,17.0,17.0,17.0,18.0,20.0,20.0,21.0,23.0,24.0,24.0,25.0,26.0,27.0,28.0,28.0,30.0,31.0,31.319999999999993,32.0,33.0,34.0,35.0,36.0,38.0,39.0,40.0,42.0,42.0,43.0,44.0,45.440000000000055,46.67999999999995,47.0,48.0,49.0,50.0,52.0,53.120000000000005,55.0,57.0,58.84000000000003,60.0,61.0,62.0,63.0,65.03999999999996,67.0,68.0,70.0,71.0,72.0,73.0,74.0,76.0,78.0,79.0,80.67999999999995,83.0,84.0,85.39999999999998,86.63999999999999,88.0,90.0,91.36000000000001,93.0,95.0,96.08000000000004,98.0,100.55999999999995,104.0,107.0,110.27999999999997,114.03999999999996,120.03999999999996,138.0,0.0,1000.4000000059605,1000.486274510622,1000.5568627715111,1000.6431372761726,1000.7843137383461,2000.4705882370472,2000.623529434204,2000.8039215803146,3000.584313750267,3001.0,173.45867919921875,181.1533203125,185.8927764892578,189.7418975830078,193.11819458007812,196.28640747070312,199.548828125,203.34478759765625,209.3184051513672,347.3704528808594,252.47488,2.0,test_data/Useful/Validation/Stone Dust at 1 ft/IMG_9353.jpg,2468.0,724.0,25.318943673949043
1,0.0,0.0,0.0,0.0,0.0,0.0,0.0,0.0,0.0,0.0,1.6400000000000006,3.0,4.0,4.0,6.0,7.0,8.0,10.0,11.560000000000002,12.0,14.0,15.0,16.0,17.0,17.0,18.0,18.0,19.0,20.0,21.0,21.0,21.0,22.0,23.0,24.0,24.0,26.0,27.0,28.0,29.0,29.839999999999975,31.0,31.0,32.0,33.0,35.0,36.0,37.0,37.75999999999999,38.0,39.0,40.0,41.0,41.0,42.200000000000045,43.0,44.0,46.0,46.0,47.0,47.0,48.0,48.120000000000005,50.0,50.0,51.0,52.0,52.0,53.559999999999945,54.799999999999955,55.039999999999964,57.0,57.0,59.0,60.0,61.0,61.48000000000002,62.0,62.0,64.0,65.0,67.0,68.91999999999996,69.0,70.0,71.0,72.0,75.0,77.0,78.0,79.84000000000003,80.16000000000008,83.32000000000005,85.0,88.79999999999995,93.03999999999996,95.0,99.51999999999998,103.51999999999998,128.0,0.0,1000.3450980484486,1000.4313725531101,1000.4980392158031,1000.5568627715111,1000.6196078658104,1000.678431391716,1000.7411764860153,1000.8627451062202,2000.6705882549286,3001.0,170.1112060546875,177.86129760742188,182.80203247070312,186.65296630859376,190.043212890625,193.37990112304686,196.94110107421875,201.2277374267578,208.20675659179688,347.2561950683594,252.59225,2.0,test_data/Useful/Validation/Stone Dust at 1 ft/IMG_9354.jpg,2445.0,735.0,29.90706718957888
2,50.24,56.480000000000004,58.72,62.0,63.0,65.0,66.0,68.0,71.0,73.0,74.0,75.0,77.0,77.0,78.0,79.0,80.0,80.0,82.0,82.0,83.0,83.28,85.0,85.0,86.0,87.0,87.0,88.0,89.0,90.0,90.0,90.68,91.0,91.16000000000003,92.0,93.0,93.88,94.0,95.0,95.0,96.0,96.07999999999998,97.0,97.0,98.0,99.0,99.0,100.0,100.0,101.0,101.0,101.0,102.0,102.0,102.0,102.44000000000005,103.0,103.0,104.0,104.0,104.63999999999999,105.0,106.0,106.0,107.0,107.0,108.0,108.0,109.0,109.0,109.0,110.0,110.0,111.0,112.0,112.0,113.0,113.0,114.0,115.0,115.44000000000005,116.0,117.0,117.0,118.0,119.0,119.0,120.0,121.0,122.0,123.0,124.0,124.32000000000005,125.0,126.0,128.0,129.27999999999997,130.51999999999998,135.51999999999998,143.0,102.0,1000.3568627536297,1000.5607843399048,1000.6980392336845,1000.8274509906769,2000.06274510175,2000.3568627536297,2000.6000000238419,2000.7960784435272,3000.0784313753247,3001.0,172.36051330566406,180.06499938964845,185.0053253173828,188.82525634765625,192.2130126953125,195.4087677001953,198.76718139648438,202.81854248046875,209.60458374023438,348.1936950683594,233.6694,2.0,test_data/Useful/Validation/Stone Dust at 1 ft/WhatsApp Image 2024-09-05 at 17.06.47 (2).jpeg,2416.0,842.0,28.137214728358597
3,52.0,55.44,61.72,63.96,67.2,69.0,71.0,72.92,74.0,76.0,77.0,78.0,79.0,80.0,81.0,82.0,83.0,83.0,84.0,84.80000000000001,85.03999999999999,86.0,86.0,87.0,88.0,88.24000000000001,89.0,90.0,91.0,91.19999999999999,92.0,93.0,93.0,94.0,95.0,95.0,96.0,96.0,96.0,97.0,97.0,98.0,98.0,99.0,99.0,100.0,100.0,101.0,101.0,101.0,102.0,102.0,102.72000000000003,103.0,104.0,104.0,105.0,105.0,106.0,106.0,106.0,106.0,107.0,107.36000000000001,108.0,108.0,109.0,110.0,110.0,110.0,111.0,111.27999999999997,112.0,113.0,113.0,113.24000000000001,114.0,115.0,115.0,115.0,116.0,116.67999999999995,117.0,118.0,119.0,119.0,120.0,121.0,122.0,123.0,124.0,125.0,126.0,127.0,128.79999999999995,129.0,133.0,135.0,137.76,147.0,106.0,1000.3803921639919,1000.5921568870544,1000.7333333492279,1000.8784313797951,2000.1529411822557,2000.458823531866,2000.678431391716,2000.866666674614,3000.133333340287,3001.0,172.63784790039062,180.107421875,184.9681396484375,188.8270721435547,192.1804962158203,195.385498046875,198.7582244873047,202.83047485351562,209.6116943359375,348.41607666015625,232.81358,2.0,test_data/Useful/Validation/Stone Dust at 1 ft/WhatsApp Image 2024-09-05 at 17.06.47.jpeg,2399.0,898.0,25.606258544395175
4,51.24,57.44,61.72,65.0,67.0,68.0,70.0,72.0,73.0,73.4,75.0,76.0,76.0,77.0,79.0,79.0,80.08000000000001,81.32,82.0,82.80000000000001,83.0,84.0,85.0,85.0,86.0,87.0,87.0,87.0,88.0,89.0,89.0,90.0,90.0,91.0,92.0,92.0,93.0,94.0,94.0,94.0,94.83999999999997,95.0,95.0,96.0,96.80000000000001,97.0,98.0,98.0,98.0,99.0,100.0,100.0,101.0,101.0,101.0,102.0,102.0,102.91999999999996,103.0,104.0,104.0,104.0,105.0,106.0,107.0,107.0,108.0,109.0,109.55999999999995,110.0,110.0,111.0,111.0,112.0,112.0,113.0,113.0,114.0,114.0,115.0,115.0,116.0,116.0,117.0,117.0,117.0,118.0,119.12,120.36000000000001,121.0,122.0,122.0,123.0,124.0,125.79999999999995,128.0,131.0,135.0,137.76,143.0,94.0,1000.3803921639919,1000.5882353186607,1000.7254902124405,1000.866666674614,2000.1176470592618,2000.4039215743542,2000.6313725709915,2000.8196078538895,3000.101960785687,3001.0,172.59712677001954,180.19017028808594,185.05839996337892,188.8916015625,192.22344970703125,195.43023681640625,198.7816162109375,202.77273559570312,209.56692504882812,348.4029541015625,232.84787,2.0,test_data/Useful/Validation/Stone Dust at 1 ft/WhatsApp Image 2024-09-05 at 17.06.48 (1).jpeg,2566.0,929.0,34.235838365360614
5,53.0,56.480000000000004,59.72,61.0,63.0,66.44,69.0,71.0,72.16,73.0,75.0,76.0,77.0,77.36000000000001,79.0,80.0,81.0,82.0,82.0,83.80000000000001,84.03999999999999,85.0,86.0,87.0,87.0,88.0,89.0,89.0,89.0,90.0,90.0,91.0,91.0,92.0,92.39999999999998,93.0,93.0,94.0,95.0,95.0,96.0,96.0,97.0,97.0,98.0,98.0,99.0,99.0,99.0,99.0,100.0,100.0,100.72000000000003,101.0,102.0,102.0,102.67999999999995,103.0,103.15999999999997,104.0,105.0,105.0,105.0,105.36000000000001,106.0,106.0,107.0,107.32000000000005,108.0,108.79999999999995,109.0,109.0,110.0,111.0,111.0,112.0,113.0,114.0,114.0,115.0,116.0,117.0,117.0,117.0,118.0,118.63999999999999,119.0,120.0,120.0,121.0,122.0,123.0,124.0,125.0,126.0,128.0,128.0,131.51999999999998,133.0,145.0,99.0,1000.3764705955982,1000.5803921818733,1000.7215686440468,1000.8509804010391,2000.1058823540807,2000.4313725531101,2000.6705882549286,2000.8745098114014,3000.133333340287,3001.0,173.07412719726562,180.84548950195312,185.6364288330078,189.46865844726562,192.7366943359375,195.9310760498047,199.23876953125,203.2484130859375,210.0011444091797,348.28662109375,232.93083,2.0,test_data/Useful/Validation/Stone Dust at 1 ft/WhatsApp Image 2024-09-05 at 17.06.48 (2).jpeg,2563.0,944.0,28.569803569566147
6,48.72,57.0,59.0,60.0,64.0,67.0,69.0,70.92,71.0,72.0,74.0,75.0,76.0,77.0,78.0,79.0,80.0,80.32,81.0,82.0,83.0,84.0,84.52000000000001,85.0,86.0,86.0,87.0,87.72000000000003,88.0,88.0,89.0,90.0,90.92000000000002,91.0,92.0,92.0,93.0,93.0,94.0,94.0,95.0,96.0,97.0,97.56,98.0,99.0,99.0,99.51999999999998,100.0,100.0,101.0,101.0,101.0,102.0,103.0,103.0,103.0,104.0,104.0,104.0,105.0,105.0,106.0,106.0,107.0,107.84000000000003,108.0,109.0,109.0,109.79999999999995,110.0,111.0,111.0,111.0,112.0,113.0,113.0,114.0,114.0,115.0,115.44000000000005,116.0,117.0,117.0,118.0,119.0,119.0,120.0,121.0,122.60000000000002,124.0,126.0,127.0,127.0,128.0,130.0,130.0,131.0,134.0,143.0,104.0,1000.3725490272045,1000.584313750267,1000.7215686440468,1000.8509804010391,2000.0823529437184,2000.4156862795353,2000.6627451181412,2000.866666674614,3000.1294117718935,3001.0,173.14288177490235,180.75523681640624,185.6450622558594,189.44652709960937,192.77538299560547,195.9718017578125,199.3002899169922,203.17214965820312,209.8195037841797,348.34320068359375,231.60675,2.0,test_data/Useful/Validation/Stone Dust at 1 ft/WhatsApp Image 2024-09-05 at 17.06.48 (3).jpeg,2463.0,852.0,27.658592358310052
7,41.72,53.480000000000004,58.44,61.0,63.0,65.0,66.0,69.0,71.0,72.0,73.0,74.0,75.12,76.0,78.0,78.0,79.0,79.0,81.0,82.0,83.0,84.0,85.0,85.0,86.0,87.0,88.0,88.0,89.0,89.0,90.0,90.0,91.0,92.0,92.0,93.0,93.0,94.0,94.0,95.0,96.0,96.0,97.0,97.56,98.0,98.0,99.0,99.0,99.0,100.0,100.0,101.0,101.0,101.0,102.0,102.0,103.0,104.0,104.0,104.0,105.0,105.88,106.0,107.0,107.0,108.0,108.0,109.0,109.0,109.79999999999995,111.0,111.0,112.0,112.0,112.0,113.0,113.0,114.0,115.0,115.0,116.0,116.0,117.0,118.0,119.0,119.63999999999999,120.0,121.0,121.36000000000001,123.0,123.0,124.08000000000004,125.0,126.0,128.0,130.0,132.0,134.0,136.51999999999998,149.0,98.0,1000.3882353007793,1000.6000000238419,1000.7411764860153,1000.8941176533699,2000.1607843190432,2000.4549019634724,2000.6705882549286,2000.8588235378265,3000.113725490868,3001.0,173.00921630859375,180.60845947265625,185.43053436279297,189.2186492919922,192.57259368896484,195.76597595214844,199.078125,203.08778381347656,209.85980224609375,348.2904357910156,232.79878,2.0,test_data/Useful/Validation/Stone Dust at 1 ft/WhatsApp Image 2024-09-05 at 17.06.48.jpeg,2551.0,917.0,33.21080320543906
8,43.24,55.480000000000004,62.44,63.96,66.2,68.0,68.68,71.92,73.0,74.0,75.64,76.0,77.0,78.0,80.0,80.0,81.0,81.0,82.0,83.0,84.0,84.0,85.0,85.0,86.0,86.0,87.0,88.0,88.0,89.0,89.0,90.0,91.0,91.0,92.0,92.0,93.0,93.0,93.0,94.0,94.0,95.0,96.0,96.0,96.0,97.0,97.0,98.0,98.0,99.0,99.0,99.48000000000002,100.0,100.0,101.0,101.44000000000005,102.0,102.91999999999996,103.15999999999997,104.0,105.0,105.0,105.0,106.0,106.0,106.0,107.0,108.0,108.0,108.0,109.0,110.0,111.0,111.0,112.0,112.0,113.0,113.0,113.0,114.20000000000005,115.0,115.0,116.0,116.0,117.0,117.0,117.88,118.0,118.36000000000001,119.0,120.0,121.08000000000004,123.0,123.55999999999995,126.0,127.0,129.0,133.0,135.0,143.0,106.0,1000.3411764800549,1000.5411764979362,1000.678431391716,1000.7960784435272,2000.0039215688594,2000.3176470696926,2000.5921568870544,2000.811764717102,3000.117647059262,3001.0,172.8313217163086,180.35919189453125,185.185791015625,189.01792907714844,192.39297485351562,195.5771026611328,198.88282775878906,202.88226318359375,209.65821838378906,348.25775146484375,233.74188,2.0,test_data/Useful/Validation/Stone Dust at 1 ft/WhatsApp Image 2024-09-05 at 17.06.49 (1).jpeg,2519.0,909.0,26.15312221233145
9,45.480000000000004,53.480000000000004,58.72,61.0,63.0,64.44,68.0,69.0,70.0,71.0,72.64,74.0,75.0,75.36000000000001,76.0,76.0,78.0,78.0,79.0,80.0,81.0,81.0,82.0,82.0,83.0,84.0,85.0,86.0,86.95999999999998,87.0,88.0,88.0,88.0,89.0,90.0,90.0,91.0,91.0,92.0,92.0,93.0,93.07999999999998,94.0,94.56,95.0,96.0,97.0,98.0,98.0,99.0,99.0,100.0,100.0,101.0,102.0,102.0,102.0,102.0,102.15999999999997,103.0,103.0,104.0,104.12,105.0,105.0,106.0,106.0,107.0,107.0,108.0,108.0,109.0,110.0,110.0,111.0,111.0,112.0,113.0,113.0,114.0,114.0,115.0,115.0,116.0,117.0,117.0,118.0,118.0,119.0,120.0,121.0,122.0,123.0,124.55999999999995,126.0,127.03999999999996,129.0,131.51999999999998,135.0,143.0,102.0,1000.3215686380863,1000.5294117927551,1000.6666666865349,1000.7803921699524,1000.933333337307,2000.2627451121807,2000.5803921818733,2000.8196078538895,3000.1215686276555,3001.0,173.14934997558595,180.7401123046875,185.66213989257812,189.4146728515625,192.741943359375,195.9335174560547,199.22634887695312,203.24630737304688,209.99005126953125,348.21466064453125,233.34009,2.0,test_data/Useful/Validation/Stone Dust at 1 ft/WhatsApp Image 2024-09-05 at 17.06.49 (2).jpeg,2604.0,903.0,26.017563296915416
10,45.24,49.0,55.72,60.0,63.2,65.0,67.68,70.84,72.0,73.0,74.0,75.0,77.0,77.0,78.0,79.0,80.0,80.32,81.56,82.0,83.0,84.0,84.0,85.0,86.0,86.0,87.0,87.0,88.0,88.0,89.0,89.0,90.0,90.0,91.0,91.0,91.88,92.0,92.36000000000001,93.0,93.0,94.0,95.0,95.0,96.0,96.0,96.0,97.0,97.0,98.0,98.0,99.0,99.0,100.0,100.0,101.0,101.0,102.0,102.0,103.0,104.0,104.0,105.0,105.0,105.0,106.0,106.0,107.0,107.0,107.79999999999995,108.0,108.27999999999997,109.0,110.0,110.0,111.0,111.0,112.0,112.0,113.0,114.0,115.0,116.0,116.0,117.0,117.0,118.0,119.0,120.0,121.0,122.0,123.0,124.0,125.0,127.0,129.0,132.0,133.0,136.0,148.0,106.0,1000.3294117748737,1000.5333333611488,1000.6705882549286,1000.7803921699524,1000.9450980424881,2000.2745098173618,2000.572549045086,2000.8078431487083,3000.113725490868,3001.0,172.72358245849608,180.4028564453125,185.21912384033203,189.01708984375,192.39086151123047,195.5724334716797,198.87956848144532,202.8704833984375,209.65048217773438,348.23779296875,234.19476,2.0,test_data/Useful/Validation/Stone Dust at 1 ft/WhatsApp Image 2024-09-05 at 17.06.49 (3).jpeg,2502.0,907.0,30.379012918762356
11,47.72,54.96,58.0,60.0,62.0,65.44,68.68,71.0,73.0,74.0,75.0,76.0,77.0,78.0,78.0,79.0,80.0,81.0,82.0,82.0,83.0,84.0,85.0,85.0,86.0,86.0,87.0,87.0,88.0,89.0,89.0,89.0,90.0,90.0,90.0,91.0,91.0,92.0,92.36000000000001,93.0,93.0,94.0,94.0,95.0,95.0,95.04000000000002,96.0,97.0,97.0,98.0,98.24000000000001,99.0,100.0,100.0,100.20000000000005,101.0,101.0,102.0,102.0,103.0,104.0,104.0,105.0,105.0,106.0,106.0,107.0,107.0,107.0,108.0,109.0,109.0,110.0,110.0,111.0,111.0,112.0,113.0,114.0,114.0,115.0,115.0,116.0,117.0,117.0,118.0,118.88,119.0,120.0,121.0,122.0,123.0,123.0,124.0,124.0,125.03999999999996,127.27999999999997,131.03999999999996,134.0,144.0,89.0,1000.3607843220234,1000.5647059082985,1000.705882370472,1000.8470588326454,2000.1529411822557,2000.4509803950787,2000.6705882549286,2000.8627451062202,3000.1411764770746,3001.0,172.7540740966797,180.41265869140625,185.31573486328125,189.13189086914062,192.51747131347656,195.75519714355468,199.112109375,203.0912841796875,209.8411087036133,348.1915283203125,233.11601,2.0,test_data/Useful/Validation/Stone Dust at 1 ft/WhatsApp Image 2024-09-05 at 17.06.49.jpeg,2561.0,904.0,32.58658114636261
12,47.24,53.480000000000004,56.72,58.0,66.2,68.0,69.68,71.0,73.0,74.0,75.0,76.0,77.0,77.0,78.0,79.0,80.0,80.32,81.0,82.0,82.0,83.0,83.52000000000001,84.0,85.0,86.0,87.0,87.0,87.95999999999998,88.0,89.0,89.0,90.0,91.0,91.0,91.0,92.0,93.0,94.0,94.0,95.0,95.0,96.0,96.0,96.0,97.0,97.0,98.0,98.0,99.0,100.0,101.0,101.0,102.0,102.0,102.0,103.0,103.0,103.0,104.0,104.0,105.0,105.0,105.0,106.0,106.0,107.0,107.0,108.0,108.0,109.0,109.0,110.0,110.0,111.0,111.0,111.0,112.0,112.0,113.0,113.0,114.0,114.0,115.0,115.39999999999998,116.0,117.0,118.0,119.0,119.0,120.0,121.0,122.0,123.0,124.0,126.0,126.27999999999997,128.51999999999998,139.0,146.0,103.0,1000.3137255012989,1000.517647087574,1000.6588235497475,1000.7686274647713,1000.9019607901573,2000.203921571374,2000.5490196347237,2000.811764717102,3000.1215686276555,3001.0,173.11891174316406,180.69461059570312,185.61325073242188,189.43759155273438,192.72604370117188,195.9044189453125,199.17807006835938,203.14810180664062,209.66278076171875,348.297119140625,233.33835,2.0,test_data/Useful/Validation/Stone Dust at 1 ft/WhatsApp Image 2024-09-05 at 17.06.50 (1).jpeg,2523.0,855.0,32.09021089172924
13,48.24,54.0,57.72,60.0,61.2,63.0,65.0,66.92,68.16,71.0,72.64,73.88,76.0,77.0,78.0,79.0,80.0,81.0,81.0,82.0,82.0,83.0,84.0,84.0,85.0,86.0,86.48000000000002,87.0,88.0,88.19999999999999,89.0,89.0,90.0,90.0,90.0,91.0,91.0,92.0,92.0,93.0,93.0,94.0,94.0,95.0,95.0,96.0,96.0,97.0,97.0,98.0,99.0,99.0,100.0,100.0,101.0,101.44000000000005,102.0,102.0,102.15999999999997,103.0,104.0,104.0,104.0,105.0,106.0,106.84000000000003,107.0,107.0,108.0,108.0,109.0,109.0,110.0,111.0,111.0,112.0,112.0,113.0,113.0,114.0,114.0,115.0,115.0,116.0,116.39999999999998,117.0,118.0,118.12,120.0,121.0,121.0,123.0,124.0,125.0,126.0,127.03999999999996,131.0,133.0,134.0,143.0,90.0,1000.2980392277241,1000.5019608139992,1000.6392157077789,1000.745098054409,1000.8509804010391,2000.0352941192687,2000.5215686559677,2000.878431379795,3000.1568627506495,3001.0,173.02145385742188,180.64987182617188,185.506396484375,189.30874938964843,192.66748046875,195.84730529785156,199.1708526611328,203.07296752929688,209.57472229003906,348.39898681640625,232.19244,2.0,test_data/Useful/Validation/Stone Dust at 1 ft/WhatsApp Image 2024-09-05 at 17.06.50 (2).jpeg,2555.0,896.0,28.996304445313893
14,49.0,55.480000000000004,61.0,63.96,65.2,67.44,69.68,71.92,73.0,74.0,75.0,76.0,77.0,79.0,80.0,81.0,81.08000000000001,82.0,83.0,84.0,85.0,85.0,86.0,86.75999999999999,87.0,88.0,88.0,89.0,90.0,90.0,90.0,91.0,91.0,92.0,93.0,93.0,93.0,94.0,94.0,95.0,95.0,96.0,96.0,96.0,97.0,97.0,98.0,98.0,99.0,99.0,100.0,100.0,100.0,100.0,101.0,102.0,102.0,102.91999999999996,103.0,104.0,104.0,105.0,105.0,105.0,106.0,106.0,107.0,108.0,108.55999999999995,109.0,110.0,110.0,111.0,111.0,112.0,112.0,113.0,113.72000000000003,114.0,115.0,116.0,116.0,117.0,117.0,118.0,119.0,119.0,120.0,121.0,121.60000000000002,123.0,123.0,124.0,124.55999999999995,126.0,127.0,129.0,130.0,133.0,141.0,100.0,1000.352941185236,1000.5607843399048,1000.6980392336845,1000.8235294222832,2000.0274509806186,2000.3411764800549,2000.6078431606293,2000.8156862854958,3000.101960785687,3001.0,173.07090759277344,180.73833923339845,185.60984649658204,189.4678955078125,192.79718780517578,195.94580078125,199.24200439453125,203.2814178466797,209.9547576904297,348.24395751953125,233.29828,2.0,test_data/Useful/Validation/Stone Dust at 1 ft/WhatsApp Image 2024-09-05 at 17.06.50.jpeg,2455.0,866.0,27.0074218071434
15,46.72,52.480000000000004,58.0,59.0,63.0,64.0,66.0,67.0,68.0,69.4,72.0,72.88,75.0,76.0,76.0,77.0,78.0,79.0,79.0,80.0,81.0,82.0,82.0,83.0,83.0,84.0,84.0,85.0,86.0,87.0,87.44,89.0,89.0,89.16000000000003,90.0,90.0,90.0,91.0,91.0,92.0,92.83999999999997,93.0,94.0,94.0,95.0,95.0,97.0,97.0,97.0,98.0,98.0,99.0,99.0,100.0,100.0,100.0,101.0,101.0,101.0,102.0,102.0,102.0,103.0,104.0,104.0,105.0,105.0,106.0,106.0,107.0,107.0,108.0,108.0,109.0,109.0,110.0,111.0,112.0,112.0,113.0,113.44000000000005,114.0,115.0,116.0,116.0,117.0,118.0,119.0,119.0,120.0,121.0,122.0,123.0,124.0,126.0,127.03999999999996,130.0,131.0,135.76,153.0,90.0,1000.3058823645115,1000.5137255191803,1000.65098041296,1000.7647058963776,1000.8941176533699,2000.1921568661928,2000.5529412031174,2000.8274509906769,3000.1294117718935,3001.0,173.19222412109374,180.7797088623047,185.64791870117188,189.45269775390625,192.74102783203125,195.9030517578125,199.23751525878905,203.17918395996094,209.63308715820312,348.2330322265625,232.02211,2.0,test_data/Useful/Validation/Stone Dust at 1 ft/WhatsApp Image 2024-09-05 at 17.06.51 (1).jpeg,2483.0,834.0,34.79672488168404
16,53.24,60.480000000000004,63.72,65.96000000000001,69.0,72.0,73.0,76.0,78.0,78.4,79.64,81.0,82.0,83.0,83.6,85.0,86.0,87.0,88.0,88.0,89.0,90.0,90.0,91.0,91.0,91.0,92.0,92.0,92.95999999999998,93.0,93.44,94.68,95.0,95.0,96.0,96.0,96.88,97.0,97.0,97.60000000000002,98.0,99.0,99.0,100.0,100.0,100.04000000000002,101.0,102.0,103.0,103.0,104.0,104.0,104.0,105.0,105.0,105.0,106.0,106.0,107.0,107.0,107.63999999999999,108.0,109.0,109.0,109.0,110.0,110.0,110.0,111.0,111.0,112.0,113.0,113.0,113.0,114.0,114.0,114.48000000000002,115.0,116.0,116.0,117.0,117.67999999999995,118.0,119.0,119.0,120.0,121.0,122.0,122.0,123.0,123.0,124.0,125.0,126.55999999999995,127.79999999999995,129.03999999999996,131.0,132.0,135.0,148.0,97.0,1000.3215686380863,1000.5294117927551,1000.6549019813538,1000.7529411911964,1000.9294117689133,2000.5294117927551,2000.733333349228,3000.0705882385373,3000.274509817362,3001.0,170.76698455810546,178.43666076660156,183.40838623046875,187.2820281982422,190.61587524414062,193.92994995117186,197.40777435302735,201.69256286621098,208.98780822753906,348.8793640136719,233.73979,2.0,test_data/Useful/Validation/Stone Dust at 1 ft/WhatsApp Image 2024-09-05 at 17.06.51 (2).jpeg,2608.0,991.0,39.94222603653624
17,49.0,59.480000000000004,61.0,63.96,68.2,71.0,73.0,74.0,76.0,76.4,78.0,79.0,80.0,80.0,81.0,82.0,83.0,84.0,85.0,85.0,86.0,87.0,88.0,89.0,89.0,90.0,90.0,91.0,92.0,92.19999999999999,93.0,94.0,95.0,95.0,95.0,96.0,97.0,97.0,98.0,99.0,99.0,99.0,100.0,100.0,100.0,101.0,101.0,101.0,101.0,102.0,102.0,102.0,103.0,103.0,104.0,104.0,104.0,105.0,105.0,106.0,107.0,107.0,108.0,108.0,108.0,109.0,109.0,110.0,111.0,111.0,112.0,112.0,113.0,113.75999999999999,114.0,114.0,115.0,115.0,116.0,116.0,116.0,117.0,118.0,119.0,119.0,120.0,120.88,121.0,122.0,123.0,123.0,124.0,125.0,126.0,127.0,130.0,132.0,132.51999999999998,135.76,146.0,101.0,1000.3333333432674,1000.5411764979362,1000.6666666865349,1000.772549033165,2000.1176470592618,2000.5686274766922,2000.7490196228027,3000.0823529437184,3000.2823529541492,3001.0,170.89166259765625,178.62449645996094,183.4944274902344,187.3452117919922,190.7245864868164,194.0124725341797,197.4890182495117,201.73683166503906,208.89254760742188,348.8736267089844,234.91861,2.0,test_data/Useful/Validation/Stone Dust at 1 ft/WhatsApp Image 2024-09-05 at 17.06.51 (3).jpeg,2756.0,985.0,32.963311383106124
18,46.96,54.0,56.0,62.0,65.0,66.44,67.0,68.0,70.0,71.0,72.0,72.0,73.0,74.36000000000001,75.0,76.0,77.0,78.0,79.0,80.0,81.0,82.0,83.0,84.0,84.0,86.0,87.0,87.0,88.0,88.0,89.0,89.0,90.0,90.16000000000003,91.0,91.0,92.0,93.0,93.0,94.0,94.0,95.0,95.0,95.0,96.0,96.0,96.27999999999997,97.0,98.0,98.0,99.0,99.0,100.0,100.96000000000004,101.0,102.0,102.0,103.0,103.0,104.0,104.0,104.88,105.0,106.0,106.0,107.0,107.0,107.0,108.0,108.79999999999995,109.0,110.0,110.0,111.0,111.0,112.0,112.0,112.0,113.0,114.0,114.44000000000005,115.0,115.0,116.0,116.39999999999998,117.0,117.0,118.0,118.36000000000001,119.0,120.0,121.08000000000004,123.0,123.55999999999995,124.0,125.03999999999996,128.0,130.51999999999998,137.0,140.0,95.0,1000.3176470696926,1000.5215686559677,1000.6588235497475,1000.7686274647713,1000.8823529481888,2000.1686274558306,2000.623529434204,2001.0,3000.1803921610117,3001.0,173.11325073242188,180.79547119140625,185.68136596679688,189.4913330078125,192.775634765625,195.9567108154297,199.28057861328125,203.27066650390626,209.79623413085938,348.3581848144531,231.79567,2.0,test_data/Useful/Validation/Stone Dust at 1 ft/WhatsApp Image 2024-09-05 at 17.06.51.jpeg,2548.0,900.0,30.371598772481658
19,45.24,53.0,57.72,62.96,65.0,68.0,72.0,73.92,74.16,76.0,77.0,78.0,80.0,81.36000000000001,82.6,83.84,84.0,85.32,86.0,86.0,87.0,88.0,89.0,89.0,90.0,90.24000000000001,91.0,92.0,92.0,93.0,94.0,94.0,94.0,95.0,95.0,96.0,96.0,97.0,97.0,98.0,98.0,99.0,99.0,100.0,101.0,101.0,101.0,102.0,102.0,103.0,103.0,104.0,104.0,104.0,104.0,105.0,105.0,105.91999999999996,106.0,106.0,107.0,107.0,107.0,108.0,108.0,109.0,109.0,110.0,110.0,110.79999999999995,111.0,111.0,111.0,112.0,113.0,113.0,114.0,114.0,115.0,115.0,115.44000000000005,116.0,117.0,118.0,118.0,119.0,120.0,121.0,121.0,122.0,123.0,123.0,125.0,126.0,127.0,128.03999999999996,130.0,133.51999999999998,136.76,143.0,104.0,1000.3372549116611,1000.54509806633,1000.6705882549286,1000.7686274647713,2000.074509806931,2000.5647059082985,2000.7568627595901,3000.101960785687,3000.301960796118,3001.0,170.85317993164062,178.4469757080078,183.34571838378906,187.30032348632812,190.72115325927734,194.036474609375,197.42852783203125,201.66787719726562,208.80352783203125,348.92962646484375,233.30984,2.0,test_data/Useful/Validation/Stone Dust at 1 ft/WhatsApp Image 2024-09-05 at 17.06.52 (1).jpeg,2758.0,998.0,32.228356178867685
20,42.24,50.0,56.0,61.0,66.0,69.0,70.0,72.0,73.16,75.4,76.64,77.0,79.0,80.0,81.0,82.0,82.0,83.32,84.0,86.0,87.0,87.0,88.0,88.0,89.0,89.0,90.0,90.0,91.0,92.0,93.0,93.68,94.0,95.0,95.39999999999998,96.0,97.0,97.0,98.0,99.0,99.0,100.0,100.0,101.0,102.0,102.0,103.0,103.0,103.0,103.0,104.0,104.0,105.0,105.0,106.0,106.0,106.0,107.0,107.0,108.0,108.0,109.0,109.0,110.0,110.0,110.0,111.0,111.0,111.55999999999995,112.0,113.0,113.0,114.0,114.0,115.0,116.0,116.0,117.0,118.0,118.0,119.0,119.0,120.0,121.0,122.0,122.0,123.0,124.0,124.0,125.0,126.0,127.0,128.0,129.0,130.0,131.03999999999996,133.0,136.0,138.0,146.0,103.0,1000.4627451002598,1000.6549019813538,1000.7960784435272,2000.203921571374,2000.4431372582912,2000.6039215922356,2000.7137255072594,2000.8431372642517,3000.2000000029802,3001.0,170.32616271972657,178.17064208984377,183.07362213134766,186.9655975341797,190.40899658203125,193.6885986328125,197.15606689453125,201.51119995117188,208.8785400390625,348.8712158203125,233.77896,2.0,test_data/Useful/Validation/Stone Dust at 1 ft/WhatsApp Image 2024-09-05 at 17.06.52 (2).jpeg,2708.0,999.0,28.818132447836234
21,48.96,59.44,63.0,66.0,69.0,71.44,72.0,73.0,74.16,75.0,77.0,79.0,80.0,81.0,82.0,83.0,84.0,85.0,86.0,87.0,87.0,88.0,88.0,89.0,89.0,90.0,91.0,92.0,92.0,93.0,94.0,94.0,95.0,95.16000000000003,96.0,96.63999999999999,97.0,97.0,98.0,98.0,98.0,99.0,99.0,100.0,100.0,101.0,101.0,102.0,102.0,103.0,103.0,103.48000000000002,104.0,104.0,105.0,105.0,105.0,106.0,106.0,107.0,107.0,108.0,108.0,108.0,109.0,109.0,109.08000000000004,110.0,110.0,111.0,112.0,112.0,113.0,113.0,114.0,114.0,114.0,115.0,115.0,116.0,117.0,117.0,117.0,118.0,118.0,119.0,119.88,121.0,121.0,122.0,122.84000000000003,124.0,124.32000000000005,125.0,126.0,127.0,130.27999999999997,133.0,136.76,144.0,105.0,1000.4313725531101,1000.6274510025978,1000.7490196228027,2000.0666666701436,2000.3686274588108,2000.572549045086,2000.7019608020782,2000.8352941274643,3000.192156866193,3001.0,170.56707763671875,178.32261657714844,183.25257873535156,187.07862854003906,190.52536010742188,193.80111083984374,197.2972412109375,201.64727783203125,209.0911102294922,348.8724365234375,234.68024,2.0,test_data/Useful/Validation/Stone Dust at 1 ft/WhatsApp Image 2024-09-05 at 17.06.52 (3).jpeg,2748.0,989.0,30.444347453307287
22,54.480000000000004,59.480000000000004,63.72,66.96000000000001,69.2,71.0,72.0,72.0,75.0,76.0,76.64,78.0,79.0,80.0,81.0,82.0,82.0,84.0,84.0,85.0,86.0,86.0,87.0,88.75999999999999,90.0,90.0,91.0,91.0,92.0,92.0,93.0,93.0,93.0,94.0,95.0,95.0,96.0,96.0,96.0,97.0,97.0,98.0,98.0,99.0,99.0,100.0,100.0,100.0,100.0,101.0,101.0,102.0,102.0,103.0,103.0,104.0,104.0,104.0,105.0,105.39999999999998,106.0,106.0,107.0,107.0,107.0,108.0,108.0,109.0,109.0,110.0,110.0,111.0,111.0,111.0,112.0,112.0,112.0,113.0,113.96000000000004,114.0,114.0,115.0,115.91999999999996,116.0,117.0,117.0,118.0,119.0,120.0,121.0,122.0,123.08000000000004,124.0,125.0,126.0,127.0,128.27999999999997,130.0,134.76,147.0,100.0,1000.4705882370472,1000.6627451181412,1000.8235294222832,2000.3333333432674,2000.5607843399048,2000.678431391716,2000.7803921699524,3000.113725490868,3000.3294117748737,3001.0,170.44183349609375,178.3200469970703,183.2371368408203,187.0912322998047,190.51092529296875,193.82797241210938,197.28781127929688,201.52407836914062,208.9478759765625,348.90057373046875,231.85675,2.0,test_data/Useful/Validation/Stone Dust at 1 ft/WhatsApp Image 2024-09-05 at 17.07.01 (1).jpeg,2610.0,946.0,28.763296641607973
23,50.96,58.0,64.16,67.0,69.0,69.44,72.0,73.0,74.0,75.0,77.0,78.0,79.0,80.0,81.0,81.0,82.0,83.0,84.0,84.80000000000001,85.0,85.28,86.0,87.0,88.0,88.0,88.0,89.0,89.95999999999998,90.0,91.0,92.0,92.0,92.0,93.0,94.0,94.0,95.0,96.0,96.0,96.0,97.0,97.0,98.0,98.0,99.0,99.0,100.0,100.0,101.0,101.0,101.0,102.0,103.0,103.0,103.0,104.0,105.0,105.0,106.0,106.0,106.0,107.0,107.0,108.0,108.0,109.0,109.0,110.0,110.0,110.0,111.0,111.0,112.0,112.0,113.0,113.0,114.0,114.0,115.0,116.0,116.0,116.0,117.0,118.0,119.0,120.0,121.0,121.0,122.0,123.0,124.0,124.0,125.0,126.0,128.0,130.0,131.0,134.0,137.0,110.0,1000.4431372582912,1000.6313725709915,1000.7568627595901,2000.188235297799,2000.5254902243614,2000.6705882549286,2000.7882353067398,3000.133333340287,3000.341176480055,3001.0,170.3920135498047,178.07794799804688,183.01012115478517,186.82257080078125,190.19158935546875,193.46893310546875,196.9982147216797,201.3286590576172,208.78518676757812,348.9537353515625,232.57043,2.0,test_data/Useful/Validation/Stone Dust at 1 ft/WhatsApp Image 2024-09-05 at 17.07.01 (2).jpeg,2547.0,939.0,29.517854816967358
24,51.72,57.0,60.44,62.0,64.4,67.44,68.68,70.0,72.0,75.0,76.0,78.0,78.0,80.0,80.6,82.0,83.0,84.0,84.0,85.0,86.0,87.0,88.0,89.0,89.0,90.0,90.0,91.0,91.0,92.0,92.0,93.0,93.0,94.0,95.0,95.0,96.0,96.0,96.0,97.0,98.0,98.0,99.0,99.0,99.0,100.0,101.0,101.0,101.0,102.0,102.0,102.0,103.0,103.0,104.0,104.0,105.0,105.0,106.0,106.0,106.63999999999999,107.0,108.0,108.0,109.0,109.0,109.0,110.0,110.0,111.0,111.03999999999996,112.0,112.0,112.0,113.0,113.0,114.0,114.0,115.0,115.0,116.0,116.0,117.0,117.0,117.39999999999998,118.0,119.0,120.0,120.36000000000001,121.0,122.0,123.0,124.0,124.55999999999995,126.0,127.0,128.0,130.51999999999998,134.0,148.0,109.0,1000.4235294163227,1000.611764729023,1000.7254902124405,1000.9843137264252,2000.4509803950787,2000.6352941393852,2000.7490196228027,3000.0941176488996,3000.3176470696926,3001.0,170.19300842285156,177.86940307617186,182.7594757080078,186.6340087890625,190.03292846679688,193.37145385742187,196.90099334716797,201.17042541503906,208.6863220214844,348.9915466308594,229.53284,2.0,test_data/Useful/Validation/Stone Dust at 1 ft/WhatsApp Image 2024-09-05 at 17.07.01.jpeg,2557.0,916.0,30.418594424296558
25,45.0,51.0,55.0,58.0,60.0,61.0,62.68000000000001,64.92,66.0,67.0,68.0,69.0,71.0,72.0,73.0,74.0,76.0,77.0,78.0,78.0,79.0,80.0,81.0,81.0,82.0,83.0,83.0,84.0,85.0,85.0,86.0,86.0,87.0,87.0,87.0,88.0,89.0,89.0,90.0,91.0,91.0,91.0,92.0,92.0,92.0,93.0,93.0,94.0,94.0,94.0,95.0,95.48000000000002,96.0,96.96000000000004,97.0,97.44000000000005,98.0,98.0,99.0,99.0,100.0,100.0,100.0,101.0,101.0,102.0,102.0,102.32000000000005,103.0,104.0,105.0,105.0,106.0,107.0,107.0,108.0,108.48000000000002,109.0,109.0,110.0,111.0,111.67999999999995,112.0,113.0,113.39999999999998,114.0,115.0,115.0,116.0,118.0,118.0,119.0,120.32000000000005,122.0,123.0,126.0,127.0,130.0,134.0,148.0,87.0,1000.4352941215038,1000.6235294342041,1000.7215686440468,1000.8274509906769,2000.2509804069996,2000.584313750267,2000.745098054409,3000.0705882385373,3000.2784313857555,3001.0,171.72108154296876,179.34616088867188,184.23448181152344,188.02454223632813,191.4229507446289,194.67079162597656,198.0573272705078,202.115234375,209.34999084472656,348.6907958984375,235.80899,2.0,test_data/Useful/Validation/Stone Dust at 1 ft/WhatsApp Image 2024-09-05 at 17.07.02 (1).jpeg,2384.0,851.0,30.85640810599372
26,43.480000000000004,50.0,52.0,55.92,59.0,60.0,62.68000000000001,66.0,67.0,68.0,69.0,70.0,71.0,72.36000000000001,74.0,75.0,75.0,76.0,77.0,77.0,78.0,79.0,80.0,80.0,81.0,81.0,82.0,83.0,84.0,85.0,86.0,86.0,87.0,88.0,88.0,89.0,89.0,90.0,91.0,91.0,92.0,92.0,92.32,93.56,94.0,94.0,94.27999999999997,95.0,96.0,96.0,97.0,97.0,98.0,98.0,98.0,99.0,99.67999999999995,100.0,100.0,101.0,101.0,102.0,102.0,103.0,103.0,104.0,104.0,104.32000000000005,105.0,105.0,106.0,106.0,107.0,107.0,108.0,108.0,109.0,109.0,110.0,110.0,111.0,111.0,113.0,113.0,113.0,114.0,115.0,115.12,116.0,117.0,118.0,120.0,121.0,121.0,123.0,126.0,128.0,129.51999999999998,134.0,145.0,94.0,1000.4431372582912,1000.6352941393852,1000.7333333492279,1000.8274509906769,2000.137254908681,2000.5921568870544,2000.7803921699524,3000.0941176488996,3000.309803932905,3001.0,172.2457275390625,179.86220703125,184.71572875976562,188.50936889648438,191.82363891601562,195.04440307617188,198.4359130859375,202.55133056640625,209.56338500976562,348.7899169921875,236.03586,2.0,test_data/Useful/Validation/Stone Dust at 1 ft/WhatsApp Image 2024-09-05 at 17.07.02 (2).jpeg,2445.0,896.0,29.156214022177352
27,48.0,52.480000000000004,55.0,60.0,61.0,63.44,65.0,66.92,68.0,70.0,71.0,72.0,73.12,75.0,75.0,75.84,77.0,77.0,77.56,78.0,79.0,79.28,80.0,80.0,82.0,82.0,83.0,83.0,83.0,84.19999999999999,85.0,85.0,86.0,86.0,87.0,87.0,88.0,88.12,89.0,90.0,90.0,91.0,91.0,92.0,92.80000000000001,93.0,94.0,94.0,94.75999999999999,95.0,95.0,95.0,96.0,97.0,97.0,98.0,98.0,99.0,99.0,100.0,100.0,100.0,100.12,102.0,102.0,103.0,103.0,104.0,104.0,104.0,105.0,106.0,106.51999999999998,107.0,108.0,108.0,108.0,109.0,110.0,111.0,112.0,112.0,113.0,113.0,114.0,114.0,115.0,115.0,116.0,116.0,117.0,119.0,119.32000000000005,121.0,121.79999999999995,123.03999999999996,124.27999999999997,126.0,129.76,140.0,100.0,1000.4313725531101,1000.6235294342041,1000.7254902124405,1000.8196078538895,2000.1843137294054,2000.5647059082985,2000.7411764860153,3000.058823529631,3000.2823529541492,3001.0,171.16729125976562,178.76022338867188,183.7176971435547,187.57913818359376,191.00301361083984,194.23886413574218,197.635498046875,201.85623168945312,209.04568481445312,348.88323974609375,236.07323,2.0,test_data/Useful/Validation/Stone Dust at 1 ft/WhatsApp Image 2024-09-05 at 17.07.02 (3).jpeg,2408.0,907.0,35.132721948231314
28,47.0,53.480000000000004,56.72,58.96,62.0,64.0,66.0,66.92,67.16,69.0,70.0,71.0,72.0,72.36000000000001,74.0,75.0,76.0,77.0,78.0,79.0,80.0,81.0,82.0,82.0,83.0,83.24000000000001,84.0,85.0,85.0,86.0,86.0,87.0,87.0,88.0,88.0,89.0,90.0,90.0,90.0,91.0,91.83999999999997,92.0,93.0,94.0,94.0,95.0,95.0,96.0,96.0,96.0,97.0,97.0,98.0,98.0,98.20000000000005,99.0,99.0,100.0,100.15999999999997,101.0,101.63999999999999,102.0,103.0,103.0,104.0,105.0,105.08000000000004,106.0,106.0,107.0,107.03999999999996,108.0,109.0,109.0,110.0,111.0,111.0,111.72000000000003,112.0,112.20000000000005,113.0,113.0,114.0,115.0,115.39999999999998,116.0,117.0,117.12,118.0,119.0,120.0,121.08000000000004,122.0,123.0,124.0,124.0,126.0,129.0,131.76,141.0,98.0,1000.4156862795353,1000.6196078658104,1000.7254902124405,1000.8196078538895,2000.176470592618,2000.6039215922356,2000.772549033165,3000.086274512112,3000.3058823645115,3001.0,171.42127990722656,179.10826110839844,184.01504516601562,187.8597198486328,191.20831298828125,194.36960144042968,197.8028564453125,201.91612243652344,209.06588745117188,348.91204833984375,235.0992,2.0,test_data/Useful/Validation/Stone Dust at 1 ft/WhatsApp Image 2024-09-05 at 17.07.02.jpeg,2330.0,880.0,29.550700083069643
29,46.0,51.0,55.72,58.0,59.0,62.0,63.0,64.0,66.0,67.0,68.0,69.0,70.0,71.0,71.0,72.0,73.0,75.0,76.0,76.0,77.03999999999999,78.0,79.0,79.0,81.0,81.24000000000001,82.0,83.0,83.0,84.0,84.0,85.0,86.0,86.16000000000003,87.0,87.0,88.0,89.0,89.0,90.0,90.0,90.07999999999998,91.0,92.0,92.0,93.0,93.0,94.0,94.0,95.0,95.0,95.48000000000002,96.0,97.0,97.0,98.0,98.67999999999995,99.0,99.0,100.0,100.0,100.0,101.0,102.0,102.0,103.0,103.0,104.0,104.0,104.0,105.0,106.0,106.51999999999998,107.0,109.0,109.0,110.0,110.0,110.0,111.0,111.0,112.0,113.0,113.0,114.0,114.0,115.0,115.0,116.0,117.0,117.0,118.0,119.32000000000005,121.0,123.0,124.0,125.0,128.0,133.0,141.0,104.0,1000.4313725531101,1000.6235294342041,1000.7215686440468,1000.8196078538895,2000.203921571374,2000.572549045086,2000.745098054409,3000.058823529631,3000.2784313857555,3001.0,171.17037658691407,178.92989196777344,183.86786956787108,187.67716064453126,191.09022521972656,194.34118041992187,197.7496124267578,201.89087524414063,209.10403442382812,348.78753662109375,236.49619,2.0,test_data/Useful/Validation/Stone Dust at 1 ft/WhatsApp Image 2024-09-05 at 17.07.03 (1).jpeg,2373.0,868.0,32.070920154353146
30,47.0,52.0,56.44,59.0,62.0,63.0,63.68000000000001,65.0,66.0,67.4,68.0,69.88,71.0,72.0,72.0,74.0,75.0,76.0,77.0,77.0,78.03999999999999,80.0,80.0,81.0,82.0,83.0,83.0,83.0,84.0,84.0,85.0,86.0,87.0,87.0,87.0,88.0,88.0,89.0,89.0,90.0,90.0,90.07999999999998,91.0,91.0,92.0,92.04000000000002,93.0,94.0,95.0,95.0,96.0,97.0,97.0,98.0,98.20000000000005,99.0,100.0,100.91999999999996,101.0,101.0,102.0,102.0,102.0,103.0,103.0,103.84000000000003,104.0,105.0,105.0,106.0,106.0,107.0,107.0,107.75999999999999,108.0,109.0,109.0,110.0,110.0,110.20000000000005,111.0,112.0,113.0,114.0,114.0,115.0,115.0,116.12,117.0,118.0,119.0,120.0,121.0,122.0,123.0,124.0,125.0,128.0,130.76,140.0,87.0,1000.4313725531101,1000.6274510025978,1000.7254902124405,1000.8196078538895,2000.1568627506495,2000.5882353186607,2000.7686274647713,3000.086274512112,3000.301960796118,3001.0,171.51602172851562,179.10010681152343,183.99710693359376,187.82697448730468,191.17635345458984,194.38668823242188,197.75717163085938,201.8523406982422,209.01449584960938,348.8846435546875,234.45609,2.0,test_data/Useful/Validation/Stone Dust at 1 ft/WhatsApp Image 2024-09-05 at 17.07.03 (2).jpeg,2341.0,902.0,33.28562853707929
31,50.0,54.0,57.0,58.0,61.0,63.0,66.68,68.0,68.16,70.0,71.0,72.0,72.12,73.36000000000001,74.0,75.84,76.0,77.0,78.0,78.0,79.0,80.0,81.0,81.0,81.0,82.24000000000001,83.48000000000002,84.0,84.0,85.0,85.0,85.0,86.0,87.0,87.0,88.0,89.0,90.0,90.0,90.0,90.0,91.0,91.32,92.0,92.0,93.0,94.0,94.0,94.75999999999999,95.0,96.0,96.0,97.0,97.0,98.0,98.0,99.0,99.0,100.0,100.0,100.63999999999999,101.0,101.0,102.0,102.0,103.0,104.0,104.0,104.0,105.0,105.0,106.0,106.0,107.0,107.0,108.0,109.0,109.72000000000003,110.0,110.20000000000005,112.0,112.0,113.0,113.0,114.0,114.0,114.88,115.12,116.36000000000001,117.0,118.0,119.0,120.0,121.0,122.0,123.03999999999996,125.27999999999997,127.51999999999998,130.0,138.0,85.0,1000.4392156898975,1000.6392157077789,1000.7411764860153,1000.8431372642517,2000.2823529541492,2000.6274510025978,2000.7803921699524,3000.086274512112,3000.3058823645115,3001.0,171.35760498046875,179.12957763671875,183.98484802246094,187.79498291015625,191.17391967773438,194.41693115234375,197.83494567871094,201.8901824951172,209.0828857421875,348.8972473144531,235.43542,2.0,test_data/Useful/Validation/Stone Dust at 1 ft/WhatsApp Image 2024-09-05 at 17.07.03 (3).jpeg,2368.0,888.0,34.01522610965132
32,40.2,48.0,54.0,56.0,59.0,61.44,62.68000000000001,64.0,65.16,66.4,68.0,69.0,71.0,72.0,73.0,74.0,75.0,76.0,76.0,77.0,77.03999999999999,78.0,78.0,79.0,80.0,80.24000000000001,81.0,82.0,82.0,83.0,83.0,84.0,84.0,85.0,85.39999999999998,86.0,87.0,87.0,87.36000000000001,88.0,89.0,89.0,90.0,90.0,91.0,91.0,92.0,92.51999999999998,93.0,93.0,94.0,95.0,95.0,96.0,96.0,97.0,97.67999999999995,98.0,99.0,99.0,99.0,100.0,100.12,101.0,101.0,101.84000000000003,102.0,103.0,103.0,103.0,104.0,104.0,105.0,105.0,106.0,106.0,107.0,108.0,109.0,110.0,110.0,111.0,112.0,113.0,113.0,113.63999999999999,114.0,115.0,116.0,117.0,117.0,118.0,119.0,120.55999999999995,121.79999999999995,124.0,125.27999999999997,129.0,131.76,138.0,101.0,1000.4431372582912,1000.6313725709915,1000.7254902124405,1000.8196078538895,2000.1254902034998,2000.5803921818733,2000.7764706015587,3000.0980392172933,3000.309803932905,3001.0,171.9166259765625,179.59942626953125,184.45838928222656,188.28277587890625,191.64178466796875,194.86903076171876,198.3043258666992,202.39431762695315,209.41441192626954,348.7685546875,236.27475,2.0,test_data/Useful/Validation/Stone Dust at 1 ft/WhatsApp Image 2024-09-05 at 17.07.03.jpeg,2497.0,876.0,25.893054995132506
33,39.0,46.480000000000004,51.0,57.96,61.0,62.44,65.0,66.92,69.0,70.0,71.0,71.88,73.0,73.0,74.0,75.0,76.0,77.0,78.56,80.0,81.0,81.0,82.0,82.75999999999999,83.0,84.0,84.0,85.0,85.95999999999998,86.0,86.0,87.0,87.0,88.0,88.39999999999998,89.0,89.0,90.0,90.0,91.0,91.0,92.0,92.0,93.0,93.0,94.0,94.0,95.0,95.0,95.0,96.0,97.0,97.0,98.0,98.0,98.0,99.0,99.0,99.0,100.0,100.0,101.0,101.0,102.0,102.0,103.0,104.0,104.0,105.0,105.0,106.0,106.0,106.51999999999998,107.0,107.0,108.0,108.0,109.0,109.0,110.0,110.44000000000005,111.0,112.0,112.15999999999997,113.0,114.0,114.0,114.0,115.0,116.0,116.84000000000003,117.0,118.0,120.0,121.0,122.0,125.0,126.0,130.76,138.0,98.0,1000.4392156898975,1000.6352941393852,1000.7372549176216,1000.839215695858,2000.2745098173618,2000.611764729023,2000.7686274647713,3000.0784313753247,3000.298039227724,3001.0,171.4080352783203,179.08245544433595,183.94466857910157,187.777587890625,191.15841674804688,194.37384338378905,197.7481491088867,201.88565063476562,209.00408935546875,348.8601379394531,235.79132,2.0,test_data/Useful/Validation/Stone Dust at 1 ft/WhatsApp Image 2024-09-05 at 17.07.04 (1).jpeg,2304.0,840.0,31.45928288255949
34,40.72,47.480000000000004,53.44,59.0,61.0,62.0,64.0,65.0,66.0,68.0,69.0,70.0,72.0,72.0,73.0,74.0,75.08000000000001,76.0,77.0,78.0,78.0,79.0,80.0,80.0,81.0,82.0,83.0,84.0,84.0,85.0,86.0,86.0,87.0,87.0,88.0,88.0,89.0,89.0,90.0,90.0,91.0,91.0,92.0,92.0,92.0,93.0,93.0,94.0,94.0,94.0,95.0,95.0,95.0,96.0,96.0,97.0,97.0,98.0,99.0,99.0,100.0,100.0,100.0,101.0,101.0,102.0,102.0,103.0,103.55999999999995,104.0,105.0,105.0,105.51999999999998,106.0,106.0,107.0,107.0,108.0,108.0,109.0,109.0,110.0,111.0,112.0,113.0,113.63999999999999,114.0,115.0,116.0,116.0,117.0,119.0,120.0,121.0,123.0,125.0,128.0,131.0,133.0,136.0,100.0,1000.4431372582912,1000.6352941393852,1000.7333333492279,1000.839215695858,2000.2509804069996,2000.6078431606293,2000.7764706015587,3000.090196080506,3000.298039227724,3001.0,172.2498321533203,179.81594848632812,184.6848907470703,188.4544219970703,191.81448364257812,194.95618286132813,198.36086120605466,202.41675415039063,209.55514526367188,348.6937255859375,235.63004,2.0,test_data/Useful/Validation/Stone Dust at 1 ft/WhatsApp Image 2024-09-05 at 17.07.04 (2).jpeg,2430.0,869.0,32.26056503873656
35,45.480000000000004,48.96,53.72,58.0,61.0,63.44,65.68,67.0,69.0,70.0,71.0,72.88,74.0,75.0,76.0,77.0,78.0,79.0,79.0,80.0,81.0,81.0,82.0,82.0,83.0,83.0,84.0,84.0,84.95999999999998,85.0,85.44,86.0,86.0,87.0,87.0,88.0,89.0,89.0,90.0,90.0,90.0,91.0,92.0,92.56,93.0,93.0,94.0,94.0,95.0,96.0,96.0,97.0,97.0,97.0,98.0,98.0,99.0,99.0,100.0,100.0,101.0,101.0,102.0,102.0,103.0,103.0,104.0,104.0,105.0,105.0,106.0,107.0,107.0,108.0,108.0,109.0,109.0,110.0,111.0,111.0,112.0,112.0,113.0,114.0,114.39999999999998,115.0,116.0,117.0,118.0,118.60000000000002,120.0,121.0,122.0,123.0,124.0,126.0,128.0,130.0,132.0,140.0,86.0,1000.4313725531101,1000.6274510025978,1000.7254902124405,1000.8313725590706,2000.258823543787,2000.5960784554482,2000.7529411911964,3000.06274510175,3000.274509817362,3001.0,171.16400756835938,178.93199157714844,183.847021484375,187.68044738769532,191.03323364257812,194.27359008789062,197.70103454589844,201.81944274902344,209.02284240722656,348.79779052734375,235.86469,2.0,test_data/Useful/Validation/Stone Dust at 1 ft/WhatsApp Image 2024-09-05 at 17.07.04 (3).jpeg,2363.0,910.0,31.09039378070167
36,48.480000000000004,53.0,56.0,57.0,60.2,62.0,64.68,67.0,68.16,69.0,70.0,71.0,72.0,73.0,75.6,76.0,77.0,78.0,79.0,80.0,80.0,81.0,82.0,82.0,83.0,84.0,84.0,85.0,85.0,86.0,87.0,87.0,88.0,89.0,89.0,90.0,91.0,91.0,92.0,92.60000000000002,93.0,93.0,93.32,94.0,94.80000000000001,95.0,95.0,96.0,96.0,97.0,97.0,98.0,98.0,99.0,99.0,100.0,100.0,100.91999999999996,101.0,102.0,102.0,103.0,103.0,104.0,104.0,104.0,105.0,105.0,106.0,106.0,106.0,107.0,107.0,107.0,108.0,109.0,110.0,110.0,111.0,112.0,112.0,113.0,113.91999999999996,115.0,116.0,116.0,117.0,118.0,119.0,119.0,120.0,120.0,121.0,121.0,122.0,123.03999999999996,125.0,128.51999999999998,132.51999999999998,142.0,93.0,1000.4588235318661,1000.6470588445663,1000.7490196228027,1000.8627451062202,2000.3176470696926,2000.6313725709915,2000.7803921699524,3000.086274512112,3000.301960796118,3001.0,171.9291534423828,179.54734802246094,184.39587860107423,188.18307189941407,191.54571533203125,194.84364013671876,198.18397064208983,202.2356689453125,209.26412963867188,348.82330322265625,235.60149,2.0,test_data/Useful/Validation/Stone Dust at 1 ft/WhatsApp Image 2024-09-05 at 17.07.04.jpeg,2338.0,856.0,29.055868557174257
37,48.0,50.480000000000004,54.0,58.0,62.0,63.0,63.0,65.0,66.0,68.0,68.64,70.0,72.0,73.0,74.0,75.0,76.0,77.0,77.56,78.0,79.0,80.0,81.0,81.0,82.0,83.0,83.0,84.0,84.0,85.0,85.0,86.0,87.0,87.0,88.0,88.0,89.0,89.0,90.0,90.0,91.0,92.0,92.0,93.0,93.0,94.0,94.0,94.51999999999998,95.0,95.0,96.0,96.48000000000002,97.0,97.0,98.0,98.0,99.0,99.0,100.0,100.0,101.0,101.0,102.0,102.0,103.0,103.0,104.0,104.0,105.0,105.0,106.0,106.0,107.0,107.0,107.0,108.0,109.0,109.0,110.0,110.0,111.0,111.0,112.0,112.0,113.0,114.0,115.0,116.0,116.0,117.0,118.0,119.0,121.0,122.0,122.79999999999995,124.0,125.27999999999997,128.0,134.0,141.0,97.0,1000.4352941215038,1000.6274510025978,1000.7254902124405,1000.8156862854958,2000.058823529631,2000.5764706134796,2000.7764706015587,3000.0980392172933,3000.309803932905,3001.0,171.981201171875,179.68951416015625,184.63217163085938,188.46249389648438,191.80787658691406,195.0326690673828,198.3839111328125,202.4598846435547,209.57666015625,348.7703857421875,233.9631,2.0,test_data/Useful/Validation/Stone Dust at 1 ft/WhatsApp Image 2024-09-05 at 17.07.05 (1).jpeg,2426.0,923.0,34.11984350689984
38,44.24,52.480000000000004,55.72,58.96,60.2,63.0,64.68,65.0,67.0,69.0,70.64,71.0,72.0,72.36000000000001,74.0,75.0,76.0,77.0,78.0,79.0,80.0,80.0,81.0,81.0,82.0,83.0,83.0,84.0,85.0,85.0,85.0,86.0,87.92000000000002,88.0,89.0,89.0,89.88,90.0,91.0,91.0,92.0,92.0,93.0,93.0,94.0,94.0,95.0,95.0,96.0,96.0,97.0,97.0,97.0,98.0,98.0,99.0,99.67999999999995,100.0,100.0,101.0,101.0,101.0,102.0,103.0,103.0,103.84000000000003,104.0,105.0,105.0,106.0,106.0,107.0,107.0,107.75999999999999,108.0,109.0,110.0,111.0,111.0,112.0,113.0,113.0,114.0,114.0,115.0,115.0,116.0,116.12,117.0,118.0,119.0,120.0,122.0,122.0,123.0,124.0,127.0,128.0,131.76,141.0,100.0,1000.4549019634724,1000.6431372761726,1000.745098054409,1000.8509804010391,2000.3098039329052,2000.6352941393852,2000.784313738346,3000.086274512112,3000.3058823645115,3001.0,171.55374145507812,179.2296142578125,184.13333129882812,187.9979248046875,191.36373901367188,194.58778381347656,197.9681396484375,202.10923767089844,209.26893615722656,348.8623352050781,234.80875,2.0,test_data/Useful/Validation/Stone Dust at 1 ft/WhatsApp Image 2024-09-05 at 17.07.05 (2).jpeg,2285.0,898.0,28.126748508430243
39,49.24,52.96,55.0,58.0,60.0,62.0,63.0,65.0,68.0,69.4,71.64,72.88,74.0,74.0,75.0,75.0,76.0,77.0,78.0,78.0,79.0,80.0,80.52000000000001,81.0,82.0,82.0,83.0,84.0,84.0,85.0,85.0,86.0,87.0,87.0,88.0,88.0,89.0,89.0,89.0,90.0,91.0,91.0,91.0,92.0,93.0,93.0,94.0,94.0,94.75999999999999,95.0,96.0,96.0,97.0,97.0,97.20000000000005,98.0,98.67999999999995,99.0,99.15999999999997,100.0,100.0,101.0,101.0,102.0,102.0,103.0,103.0,104.0,104.0,105.0,106.0,107.0,107.0,108.0,108.0,109.0,110.0,110.0,111.0,111.0,111.44000000000005,112.0,113.0,113.0,114.0,115.0,116.0,116.12,117.0,118.0,119.0,120.0,121.32000000000005,122.55999999999995,123.0,124.0,126.27999999999997,129.51999999999998,133.27999999999997,137.0,89.0,1000.4313725531101,1000.6313725709915,1000.7294117808342,1000.8156862854958,1000.9607843160629,2000.5882353186607,2000.811764717102,3000.1215686276555,3000.337254911661,3001.0,172.14004516601562,179.78335266113282,184.6539306640625,188.50013732910156,191.89215087890625,195.12359619140625,198.45938110351562,202.5469207763672,209.4711151123047,348.88592529296875,234.71625,2.0,test_data/Useful/Validation/Stone Dust at 1 ft/WhatsApp Image 2024-09-05 at 17.07.05.jpeg,2343.0,838.0,31.127261992356367
40,37.480000000000004,51.0,54.0,58.0,59.0,60.44,63.0,65.0,67.0,69.0,70.0,71.0,72.0,73.36000000000001,74.0,75.0,75.08000000000001,76.0,77.0,78.0,78.03999999999999,79.0,80.0,81.0,82.0,82.0,82.48000000000002,83.0,83.0,84.0,85.0,85.68,86.0,87.0,88.0,89.0,89.0,89.12,90.0,90.0,91.0,91.0,92.0,93.0,93.0,93.0,93.27999999999997,94.0,94.0,95.0,95.24000000000001,96.0,96.0,97.0,97.0,98.0,98.0,99.0,99.0,99.39999999999998,100.0,100.0,101.0,101.0,101.0,102.0,102.0,103.0,103.0,103.0,104.0,104.0,105.0,105.0,106.0,106.0,107.0,108.0,109.0,109.0,110.44000000000005,111.0,112.0,113.0,114.0,115.0,115.0,116.0,117.0,118.0,119.0,120.0,122.0,122.0,123.0,125.0,126.27999999999997,128.51999999999998,131.76,139.0,93.0,1000.419607847929,1000.6235294342041,1000.7294117808342,1000.8156862854958,2000.0274509806186,2000.6156862974167,2000.8039215803146,3000.1098039224744,3000.3215686380863,3001.0,172.15562438964844,179.80593872070312,184.64581298828125,188.56484985351562,191.90614318847656,195.08912658691406,198.44680786132812,202.5580596923828,209.50180053710938,348.8055419921875,234.4779,2.0,test_data/Useful/Validation/Stone Dust at 1 ft/WhatsApp Image 2024-09-05 at 17.07.06 (1).jpeg,2350.0,856.0,29.398751054392047
41,44.24,51.480000000000004,54.72,57.96,59.0,61.0,64.0,65.0,66.0,67.0,68.0,69.0,71.0,72.0,74.0,75.84,76.0,77.0,77.56,78.80000000000001,80.0,81.0,81.0,82.0,82.0,83.0,83.0,83.72000000000003,84.0,85.0,85.0,86.0,86.0,87.0,87.0,88.0,88.0,88.0,89.0,89.0,90.0,91.0,91.0,92.0,92.0,93.0,93.0,93.0,94.0,94.0,95.0,95.0,95.0,96.0,96.0,97.0,97.0,98.0,98.0,98.0,99.0,99.0,100.0,100.0,101.0,101.0,102.0,103.0,103.55999999999995,104.0,105.0,105.0,105.0,106.0,106.0,107.0,107.0,108.0,109.0,110.0,110.0,111.0,112.0,112.0,113.0,114.0,115.0,116.0,116.0,117.0,118.0,118.0,120.0,121.0,122.0,124.03999999999996,126.0,129.0,131.76,139.0,93.0,1000.4431372582912,1000.6431372761726,1000.7490196228027,1000.8627451062202,2000.3490196168423,2000.6470588445663,2000.7921568751335,3000.090196080506,3000.309803932905,3001.0,171.68275451660156,179.35645141601563,184.22603302001954,188.05787658691406,191.40855407714844,194.6219940185547,197.9477081298828,202.03860473632812,209.06883239746094,348.85638427734375,233.63614,2.0,test_data/Useful/Validation/Stone Dust at 1 ft/WhatsApp Image 2024-09-05 at 17.07.06 (2).jpeg,2289.0,866.0,32.22911418077669
42,28.48,33.0,36.72,39.0,40.0,42.0,43.68000000000001,45.0,46.0,47.0,48.0,51.0,52.0,53.0,54.599999999999994,55.0,56.0,56.0,57.0,57.80000000000001,58.0,59.0,60.0,60.0,61.0,62.0,63.0,64.0,64.0,64.0,65.0,65.0,66.0,66.16000000000003,67.0,68.0,68.0,69.0,69.0,70.0,70.0,71.0,71.0,72.0,72.80000000000001,73.0,73.0,74.0,74.0,75.0,75.24000000000001,76.48000000000002,77.0,78.0,78.0,79.0,80.0,80.0,81.0,82.0,82.0,82.0,83.0,83.0,84.0,85.0,85.0,85.0,86.0,86.0,87.0,88.0,89.0,89.75999999999999,90.0,91.0,91.0,92.0,93.0,93.0,94.0,95.0,96.0,97.0,98.0,98.0,99.0,100.0,101.0,101.0,102.0,104.0,106.0,106.55999999999995,108.79999999999995,111.03999999999996,115.27999999999997,119.0,122.75999999999999,131.0,64.0,1000.7411764860153,1001.0,2000.2941176593304,2000.4627451002598,2000.572549045086,2000.678431391716,2000.8274509906769,3000.3176470696926,3000.5764706134796,3001.0,174.8417221069336,182.51400756835938,187.3740203857422,191.1996826171875,194.52265167236328,197.69632568359376,200.97980499267578,204.96378479003906,211.5439712524414,347.13214111328125,238.33383,2.0,test_data/Useful/Validation/Stone Dust at 1 ft/WhatsApp Image 2024-09-05 at 17.10.28 (1).jpeg,2512.0,911.0,32.572085871704445
43,26.72,31.0,35.0,37.0,40.2,42.0,46.0,47.0,49.0,51.0,52.0,53.0,54.0,55.0,55.599999999999994,56.0,57.0,58.0,59.0,59.0,60.0,61.0,61.52000000000001,62.0,63.0,63.24000000000001,64.0,64.72000000000003,65.0,66.0,66.0,67.0,67.0,68.0,69.0,69.0,69.0,70.0,70.0,71.0,71.0,71.0,72.0,72.56,73.0,73.04000000000002,74.0,75.0,75.0,76.0,76.0,76.48000000000002,77.0,77.0,78.0,78.0,78.0,79.0,79.0,80.0,80.0,81.0,81.0,82.0,82.0,83.0,83.0,84.0,85.0,86.0,86.0,87.0,88.0,88.0,89.0,90.0,90.48000000000002,91.0,92.0,93.0,94.0,94.0,95.0,96.0,96.0,97.0,98.0,99.0,99.0,100.60000000000002,102.0,103.0,104.0,105.0,107.79999999999995,110.0,112.0,114.51999999999998,117.75999999999999,130.0,78.0,1000.7529411911964,2000.0078431377187,2000.3019607961178,2000.4549019634724,2000.5647059082985,2000.6705882549286,2000.8196078538895,3000.313725501299,3000.568627476692,3001.0,174.69557037353516,182.4076385498047,187.23407745361328,191.0456085205078,194.42855834960938,197.59151611328124,200.8680633544922,204.87249755859375,211.4332275390625,347.00341796875,238.04681,2.0,test_data/Useful/Validation/Stone Dust at 1 ft/WhatsApp Image 2024-09-05 at 17.10.28 (2).jpeg,2452.0,916.0,25.481432141401026
44,25.72,31.48,36.44,39.0,41.0,42.0,45.0,46.0,47.0,48.0,49.64,50.0,51.120000000000005,52.360000000000014,54.0,55.0,56.08000000000001,57.31999999999999,58.0,58.0,59.0,60.0,60.0,61.0,62.0,63.0,64.0,65.0,65.95999999999998,66.19999999999999,67.0,68.0,68.0,68.16000000000003,69.0,70.0,70.0,70.0,71.0,72.0,72.0,73.0,73.32,74.0,74.0,75.0,75.0,75.0,76.0,76.0,77.0,78.0,78.0,78.96000000000004,79.0,80.0,80.0,80.0,81.0,81.0,82.0,82.0,83.0,84.0,85.0,85.0,86.0,87.0,87.0,88.0,88.0,89.0,89.0,90.0,91.0,91.0,92.0,93.0,93.96000000000004,94.0,95.0,95.0,96.0,97.0,98.0,99.0,100.0,100.0,101.0,102.0,102.84000000000003,104.0,105.0,106.55999999999995,108.0,109.03999999999996,111.27999999999997,113.0,120.27999999999997,128.0,74.0,1000.7647058963776,2000.0039215688594,2000.2901960909367,2000.4509803950787,2000.5607843399048,2000.6627451181412,2000.7960784435272,3000.2784313857555,3000.5647059082985,3001.0,175.0968780517578,182.73602294921875,187.58566131591797,191.44399719238282,194.6953582763672,197.87505493164062,201.1864807128906,205.03355407714844,211.54156494140625,347.14581298828125,236.87149,2.0,test_data/Useful/Validation/Stone Dust at 1 ft/WhatsApp Image 2024-09-05 at 17.10.28 (3).jpeg,2619.0,1006.0,25.000943487621445
45,23.48,30.44,34.0,36.0,40.0,41.0,42.0,44.0,46.0,48.0,49.0,51.0,53.0,54.0,54.0,55.0,55.0,56.0,57.0,58.0,58.0,59.0,60.0,60.0,60.0,61.0,62.0,63.0,63.0,64.0,65.0,65.0,65.0,66.0,66.39999999999998,67.0,68.0,68.0,69.0,70.0,70.0,71.0,72.0,72.0,72.0,73.0,74.0,75.0,75.75999999999999,76.0,77.0,77.0,77.0,78.0,78.20000000000005,79.0,80.0,80.0,81.0,81.0,82.0,82.88,83.0,83.0,83.0,84.0,84.0,85.0,85.55999999999995,86.0,87.0,87.0,88.0,89.0,89.0,90.0,90.0,91.0,91.96000000000004,92.20000000000005,93.0,94.0,95.0,95.0,96.0,97.0,98.0,99.0,100.0,101.0,101.84000000000003,103.0,104.0,105.0,107.0,109.03999999999996,112.0,116.51999999999998,122.75999999999999,137.0,83.0,1000.7803921699524,2000.0117647061124,2000.3058823645115,2000.458823531866,2000.5647059082985,2000.6627451181412,2000.784313738346,3000.2352941185236,3000.5529412031174,3001.0,174.77062377929687,182.36005249023438,187.22145080566406,191.03765869140625,194.39215087890625,197.54388427734375,200.84835815429688,204.79371643066406,211.45286560058594,346.9781188964844,238.2976,2.0,test_data/Useful/Validation/Stone Dust at 1 ft/WhatsApp Image 2024-09-05 at 17.10.28.jpeg,2476.0,924.0,29.34301559245506
46,32.0,38.480000000000004,44.0,46.96,49.0,51.0,52.0,54.0,55.16,57.0,58.0,60.0,61.0,62.0,62.599999999999994,64.0,65.0,66.0,67.0,67.0,69.0,69.28,70.0,70.0,71.0,71.0,72.0,72.0,72.95999999999998,73.0,74.0,74.0,75.0,75.0,76.0,77.0,77.0,78.0,78.0,79.0,79.0,79.0,80.0,80.0,81.0,81.0,82.0,82.51999999999998,83.0,84.0,85.0,85.0,86.0,86.0,87.0,88.0,88.0,89.0,89.0,90.0,90.0,90.0,91.0,91.0,92.0,92.0,93.0,93.0,94.0,94.0,95.0,95.0,95.51999999999998,96.0,97.0,97.0,97.0,98.0,98.0,99.0,99.0,100.0,101.0,101.15999999999997,102.0,103.0,104.0,105.0,105.0,106.60000000000002,108.0,109.0,110.0,112.0,113.79999999999995,116.0,118.0,119.51999999999998,124.75999999999999,137.0,79.0,1000.611764729023,2000.0392156876624,2000.286274522543,2000.419607847929,2000.5137255191803,2000.5882353186607,2000.6431372761726,2000.6980392336845,2000.7803921699524,3001.0,172.89716491699218,180.5577362060547,185.43817901611328,189.21767578125,192.54470825195312,195.76515197753906,199.1474609375,203.25003051757812,210.30845642089844,348.0101013183594,236.35995,2.0,test_data/Useful/Validation/Stone Dust at 1 ft/WhatsApp Image 2024-09-05 at 17.10.29 (1).jpeg,2485.0,969.0,28.923424712523676
47,32.24,36.96,43.0,45.96,47.0,49.0,49.68000000000001,51.0,52.0,55.0,56.0,57.0,59.0,60.0,61.0,61.0,62.0,63.0,64.0,65.0,65.03999999999999,66.0,67.0,68.0,69.0,69.0,70.0,71.0,71.0,72.0,73.0,74.0,74.0,76.0,76.0,77.0,77.0,78.0,78.0,78.60000000000002,79.0,79.0,80.0,80.0,81.0,81.0,81.0,82.0,82.0,83.0,84.0,84.0,85.0,86.0,86.0,86.0,87.0,88.0,88.0,89.0,89.0,90.0,90.12,91.0,91.0,91.0,92.0,92.32000000000005,93.0,94.0,94.0,95.0,95.0,96.0,96.0,97.0,98.0,98.72000000000003,99.0,99.20000000000005,100.0,100.0,101.0,101.15999999999997,102.0,103.0,104.0,105.0,106.0,107.20000000000005,109.0,110.0,111.0,113.0,114.0,117.03999999999996,121.0,123.0,127.75999999999999,140.0,91.0,1000.584313750267,2000.0039215688594,2000.2666666805744,2000.4156862795353,2000.5137255191803,2000.5882353186607,2000.6470588445663,2000.7019608020782,2000.800000011921,3001.0,172.72845458984375,180.3809356689453,185.28341674804688,189.07228088378906,192.43661499023438,195.65049743652344,199.0729522705078,203.1611328125,210.47525024414062,348.0053405761719,236.6087,2.0,test_data/Useful/Validation/Stone Dust at 1 ft/WhatsApp Image 2024-09-05 at 17.10.29 (2).jpeg,2447.0,948.0,31.135583080926438
48,35.24,40.96,45.0,48.0,50.0,51.0,52.0,53.0,54.0,55.0,56.0,57.879999999999995,59.0,60.0,61.0,62.84,63.0,64.0,65.0,66.0,66.03999999999999,67.0,68.0,68.0,69.0,69.0,69.0,70.0,70.0,71.0,71.0,72.0,73.0,73.16000000000003,74.0,74.0,75.0,76.0,76.0,77.0,77.0,78.0,79.0,80.0,80.0,81.0,81.0,82.0,82.0,83.0,83.0,84.0,84.0,85.0,85.0,86.0,86.0,87.0,87.0,88.0,88.0,89.0,89.0,89.0,90.0,90.0,90.08000000000004,91.0,92.0,92.0,93.0,93.27999999999997,94.0,95.75999999999999,96.0,97.0,97.0,98.0,98.0,99.0,99.0,100.0,101.0,102.0,102.0,103.0,103.0,104.0,106.0,107.0,107.84000000000003,108.0,110.0,111.0,114.0,116.0,117.27999999999997,121.55999999999995,126.75999999999999,139.0,90.0,1000.6431372761726,2000.0666666701436,2000.3058823645115,2000.4352941215038,2000.5254902243614,2000.5960784554482,2000.65098041296,2000.705882370472,2000.800000011921,3001.0,172.47726440429688,180.27936706542968,185.1304473876953,189.02952575683594,192.39594268798828,195.65253295898438,199.0694152832031,203.12612915039062,210.48597717285156,348.02178955078125,236.97527,2.0,test_data/Useful/Validation/Stone Dust at 1 ft/WhatsApp Image 2024-09-05 at 17.10.29 (3).jpeg,2577.0,991.0,32.05264609747849
49,26.48,32.0,36.72,39.0,41.2,43.0,45.0,46.92,48.0,49.0,50.0,51.879999999999995,53.0,54.0,56.0,56.0,57.0,57.31999999999999,58.0,59.0,60.0,60.28,61.0,62.0,62.0,63.0,64.0,65.0,66.0,66.0,67.0,68.0,68.0,69.0,69.0,70.0,70.0,71.0,71.0,71.0,72.0,72.0,73.0,74.0,74.0,75.0,76.0,76.0,77.0,78.0,79.0,80.0,80.0,80.0,81.0,81.0,81.0,82.0,83.0,83.0,83.63999999999999,84.0,85.0,86.0,86.0,87.0,87.0,88.0,88.0,88.0,89.0,90.0,91.0,91.75999999999999,92.0,93.0,94.0,94.0,95.0,96.0,96.0,97.0,98.91999999999996,99.0,100.39999999999998,102.0,103.0,104.0,105.0,106.0,107.0,108.0,109.0,111.0,113.79999999999995,114.03999999999996,117.0,118.0,122.75999999999999,131.0,81.0,1000.8000000119209,2000.0117647061124,2000.32549020648,2000.486274510622,2000.6000000238419,2000.7098039388657,2000.9019607901573,3000.376470595598,3000.6078431606293,3001.0,175.14271240234376,182.76095275878907,187.55514831542968,191.38507080078125,194.73717498779297,197.9078826904297,201.24453735351562,205.2137908935547,211.64663696289062,347.3031005859375,235.53656,2.0,test_data/Useful/Validation/Stone Dust at 1 ft/WhatsApp Image 2024-09-05 at 17.10.29.jpeg,2575.0,960.0,26.496431797989736
50,34.24,41.0,43.0,44.96,47.0,50.0,52.0,53.0,55.0,56.0,58.0,59.0,60.0,61.0,61.0,62.0,63.0,63.31999999999999,65.0,65.0,66.03999999999999,67.0,68.0,68.75999999999999,69.0,70.0,71.0,72.0,72.0,73.0,74.0,74.0,75.0,76.0,76.0,76.0,77.0,77.0,78.0,78.0,79.0,80.0,80.0,80.56,82.0,82.0,83.0,83.0,84.0,84.0,85.0,85.0,86.0,86.0,87.0,87.0,88.0,88.0,88.15999999999997,89.0,90.0,90.0,90.0,91.0,92.0,92.0,93.0,93.0,93.55999999999995,94.0,94.0,95.0,96.0,96.0,96.0,97.0,98.0,99.0,99.0,100.0,100.0,101.0,101.0,102.0,102.0,103.0,104.0,105.0,106.0,106.0,108.0,109.0,110.0,111.0,112.0,114.03999999999996,116.27999999999997,121.51999999999998,126.0,132.0,76.0,1000.6196078658104,2000.0470588244498,2000.2901960909367,2000.4235294163227,2000.517647087574,2000.5882353186607,2000.6431372761726,2000.6941176652908,2000.7764706015587,3001.0,172.64901885986328,180.2970733642578,185.19697113037108,189.00291137695314,192.37469482421875,195.62257385253906,199.0465087890625,203.1741943359375,210.42828369140625,347.9292297363281,238.22694,2.0,test_data/Useful/Validation/Stone Dust at 1 ft/WhatsApp Image 2024-09-05 at 17.10.30 (1).jpeg,2482.0,970.0,27.620350144029533
51,31.48,39.0,41.72,43.96,47.0,49.0,50.0,51.0,53.0,54.0,55.64,58.0,59.0,61.0,61.0,62.0,62.08000000000001,63.0,64.0,65.0,66.0,67.0,68.0,69.0,70.0,70.0,71.0,72.0,72.0,73.0,74.0,74.0,75.0,75.0,76.0,76.0,77.0,77.0,78.0,78.0,79.0,79.0,80.0,80.0,81.0,81.0,82.0,82.0,83.0,83.0,83.24000000000001,84.0,85.0,85.0,86.0,86.0,87.0,87.0,88.0,88.0,89.0,89.88,90.0,91.0,91.0,92.0,92.0,92.32000000000005,93.0,94.0,94.03999999999996,95.0,95.51999999999998,96.0,97.0,97.0,98.0,99.0,99.0,100.0,100.0,101.0,102.0,103.0,104.0,105.0,106.0,107.0,108.36000000000001,109.0,109.84000000000003,112.0,114.0,115.0,116.0,117.03999999999996,119.0,121.0,127.27999999999997,135.0,86.0,1000.5686274766922,1000.9137254953384,2000.2627451121807,2000.4313725531101,2000.5372549295425,2000.611764729023,2000.6666666865349,2000.7254902124405,2000.839215695858,3001.0,173.1358642578125,180.78020629882812,185.59576721191405,189.3791259765625,192.76217651367188,195.9915771484375,199.32920837402344,203.36090087890625,210.44598388671875,348.1227111816406,237.00256,2.0,test_data/Useful/Validation/Stone Dust at 1 ft/WhatsApp Image 2024-09-05 at 17.10.30 (2).jpeg,2496.0,956.0,29.8834938111791
52,26.0,33.480000000000004,39.0,42.0,47.0,48.0,49.0,52.0,54.0,55.0,56.0,57.0,58.120000000000005,59.0,60.599999999999994,61.0,62.0,63.0,64.0,64.0,65.0,65.0,66.0,67.0,67.0,67.0,68.0,69.0,69.0,70.0,70.0,71.0,72.0,72.0,72.39999999999998,73.0,74.0,74.12,75.0,76.0,77.0,77.0,77.32,78.0,78.0,79.0,80.0,80.0,81.0,82.0,83.0,83.0,84.0,84.0,85.0,85.0,86.0,86.0,87.0,88.0,88.0,89.0,89.0,90.0,90.0,91.0,91.08000000000004,93.0,94.0,94.0,95.0,95.0,96.0,96.0,97.0,97.0,97.48000000000002,98.0,99.0,100.20000000000005,101.0,102.0,102.0,103.0,103.0,104.0,105.88,106.0,107.0,108.0,108.0,109.0,110.32000000000005,111.55999999999995,113.79999999999995,115.0,117.27999999999997,122.0,126.0,140.0,67.0,1000.5529412031174,1000.9098039269447,2000.23137255013,2000.3960784375668,2000.5019608139992,2000.5803921818733,2000.639215707779,2000.6941176652908,2000.784313738346,3001.0,172.90265502929688,180.5661163330078,185.4350128173828,189.25067138671875,192.64224243164062,195.8668212890625,199.21795654296875,203.2886962890625,210.3689727783203,347.948486328125,237.83218,2.0,test_data/Useful/Validation/Stone Dust at 1 ft/WhatsApp Image 2024-09-05 at 17.10.30 (3).jpeg,2541.0,954.0,38.11576497873719
53,34.0,39.0,42.72,46.0,47.0,48.44,51.68000000000001,53.0,54.16,55.0,56.0,57.0,58.0,59.0,60.0,60.84,61.0,62.31999999999999,63.0,64.0,65.0,66.0,66.0,67.0,68.0,68.0,69.0,70.0,71.0,71.0,72.0,73.0,73.92000000000002,74.16000000000003,75.0,75.0,76.88,78.0,78.0,79.0,79.0,80.0,80.0,81.0,81.0,82.0,82.0,83.0,83.0,83.0,84.0,85.0,86.0,86.0,87.0,87.0,88.0,88.0,88.15999999999997,89.0,89.0,90.0,91.0,91.36000000000001,92.0,93.0,93.0,93.0,94.0,95.0,95.0,96.0,96.51999999999998,97.0,98.0,98.0,99.0,100.0,101.0,102.0,102.0,103.0,104.0,105.0,106.0,107.0,108.0,109.0,109.36000000000001,110.0,111.0,113.0,114.0,115.55999999999995,117.0,118.03999999999996,122.0,123.51999999999998,128.0,130.0,83.0,1000.5882353186607,1001.0,2000.2627451121807,2000.4156862795353,2000.517647087574,2000.5921568870544,2000.6470588445663,2000.705882370472,2000.7960784435272,3000.9960784316063,172.92295837402344,180.59535522460936,185.49364013671874,189.27613525390626,192.636474609375,195.91018676757812,199.25399780273438,203.31590270996094,210.4214630126953,348.0312805175781,236.2172,2.0,test_data/Useful/Validation/Stone Dust at 1 ft/WhatsApp Image 2024-09-05 at 17.10.30.jpeg,2478.0,959.0,25.525834478232724
54,35.480000000000004,39.96,44.0,46.92,48.2,49.0,50.0,51.0,53.0,54.0,55.0,56.0,57.0,58.0,60.0,60.0,61.0,62.0,63.0,64.0,64.03999999999999,65.0,66.0,67.0,67.0,68.0,69.0,70.0,70.0,71.19999999999999,72.0,73.0,73.0,74.0,75.0,75.0,76.0,76.12,77.0,77.60000000000002,78.0,78.0,78.32,79.56,80.0,80.0,81.0,81.0,81.0,82.0,82.0,83.0,83.0,84.0,85.0,85.0,86.0,86.0,87.0,87.0,87.63999999999999,88.0,89.0,89.0,89.60000000000002,90.0,90.08000000000004,91.0,92.0,93.0,94.0,94.0,94.0,95.0,95.0,96.0,96.0,97.0,98.0,98.0,99.0,100.0,100.91999999999996,101.0,102.0,102.0,103.0,104.0,105.36000000000001,106.0,107.0,108.0,110.0,111.55999999999995,113.0,115.0,116.0,119.51999999999998,122.75999999999999,134.0,78.0,1000.6431372761726,2000.06274510175,2000.3058823645115,2000.4352941215038,2000.5294117927551,2000.5960784554482,2000.65098041296,2000.7098039388657,2000.800000011921,3001.0,172.91132049560548,180.5250671386719,185.32949829101562,189.19742126464843,192.6020050048828,195.82242736816406,199.19064025878907,203.32395629882814,210.3817901611328,347.9522705078125,237.36841,2.0,test_data/Useful/Validation/Stone Dust at 1 ft/WhatsApp Image 2024-09-05 at 17.10.31 (1).jpeg,2528.0,970.0,30.287933796170506
55,34.0,36.0,40.44,42.96,45.0,47.0,49.0,50.92,53.0,54.0,55.0,55.879999999999995,56.0,57.0,58.0,60.0,61.0,61.0,62.0,62.0,63.03999999999999,65.0,66.0,67.0,67.0,68.0,68.48000000000002,69.0,70.0,71.0,72.0,72.0,73.0,73.16000000000003,74.0,75.0,75.0,75.0,76.0,76.0,77.0,78.0,78.0,79.0,79.0,80.0,80.0,81.0,81.0,81.0,82.0,82.0,83.0,84.0,84.0,85.0,85.0,86.0,87.0,87.39999999999998,88.0,88.0,89.0,90.0,90.0,91.0,91.0,92.0,93.0,94.0,95.0,95.0,95.51999999999998,96.0,96.0,97.0,97.0,98.0,98.0,99.0,99.0,100.0,101.0,101.0,101.0,102.0,103.0,104.0,104.36000000000001,105.60000000000002,106.0,108.0,109.0,110.0,112.0,114.0,117.55999999999995,121.0,125.75999999999999,130.0,81.0,1000.611764729023,2000.043137256056,2000.2823529541492,2000.4117647111416,2000.5058823823929,2000.5764706134796,2000.6313725709915,2000.6901960968971,2000.7882353067398,3001.0,172.58260192871094,180.37269287109376,185.22589263916015,189.07211303710938,192.4402618408203,195.64459228515625,199.0089111328125,203.10086059570312,210.2401580810547,347.8479309082031,237.36981,2.0,test_data/Useful/Validation/Stone Dust at 1 ft/WhatsApp Image 2024-09-05 at 17.10.31 (2).jpeg,2529.0,963.0,31.574060123698462
56,28.72,36.92,41.72,43.0,48.2,50.0,51.0,52.0,54.0,55.0,57.0,58.0,58.120000000000005,60.0,61.0,61.0,62.0,63.0,63.0,64.0,65.0,66.0,67.0,68.0,68.0,69.0,69.0,70.0,71.0,72.0,73.0,73.0,74.0,74.0,75.0,75.0,76.0,76.0,76.0,77.0,78.0,79.0,79.32,80.0,80.0,81.0,81.27999999999997,82.0,82.0,83.0,84.0,84.0,84.0,85.96000000000004,86.0,87.0,87.0,88.0,88.0,88.39999999999998,89.0,89.0,90.0,90.0,91.0,91.0,92.0,93.0,93.0,94.0,94.0,94.0,95.0,95.0,96.0,96.0,96.0,98.0,98.0,99.0,100.0,100.0,101.0,101.0,102.0,102.0,103.88,104.0,105.36000000000001,107.0,108.0,108.0,109.0,110.0,111.79999999999995,115.03999999999996,118.27999999999997,122.0,124.0,143.0,96.0,1000.5529412031174,1000.8980392217636,2000.2274509817362,2000.3960784375668,2000.5019608139992,2000.5803921818733,2000.639215707779,2000.6980392336845,2000.7882353067398,3001.0,172.6045166015625,180.27829284667968,185.2100402832031,189.05167541503906,192.41954803466797,195.6724609375,199.03014984130857,203.20071411132812,210.3533935546875,347.9498291015625,237.6349,2.0,test_data/Useful/Validation/Stone Dust at 1 ft/WhatsApp Image 2024-09-05 at 17.10.31.jpeg,2466.0,962.0,32.446996504212606
57,32.24,37.0,39.0,42.0,48.0,48.44,50.0,52.0,53.0,56.0,56.0,58.0,59.0,60.0,61.0,61.0,62.0,63.0,64.0,64.0,65.0,66.0,66.0,67.0,68.0,69.0,70.0,70.72000000000003,71.0,72.0,73.0,73.68,74.92000000000002,75.0,76.0,76.0,77.0,78.0,78.0,79.0,79.0,80.0,80.0,81.0,81.0,81.04000000000002,82.0,82.0,83.0,83.0,84.0,85.0,85.0,85.0,86.0,86.0,87.0,87.0,87.0,88.0,88.0,88.88,89.0,89.0,90.0,91.0,91.0,91.0,92.0,92.0,92.03999999999996,94.0,94.0,95.0,96.0,96.0,97.0,98.0,98.96000000000004,99.20000000000005,100.0,101.0,102.0,102.0,103.0,103.0,104.0,104.12,105.0,105.60000000000002,106.84000000000003,108.0,110.32000000000005,111.0,114.0,115.0,116.0,118.51999999999998,122.0,130.0,87.0,1000.6313725709915,2000.0470588244498,2000.286274522543,2000.419607847929,2000.5137255191803,2000.584313750267,2000.639215707779,2000.6980392336845,2000.7882353067398,3001.0,172.85305786132812,180.5889129638672,185.43153381347656,189.30374145507812,192.61907196044922,195.83135986328125,199.2127685546875,203.3448944091797,210.48666381835938,347.9417419433594,237.06316,2.0,test_data/Useful/Validation/Stone Dust at 1 ft/WhatsApp Image 2024-09-05 at 17.10.32 (1).jpeg,2501.0,982.0,30.154517411546113
58,29.44,39.44,43.0,46.0,49.0,51.0,52.0,53.92,55.0,57.0,58.0,59.879999999999995,61.0,61.0,62.0,63.0,64.0,64.0,65.0,66.0,67.0,67.28,68.0,69.0,70.0,70.0,71.0,72.0,72.0,73.0,73.0,74.0,74.0,75.0,76.0,76.0,76.0,76.0,77.0,78.0,78.0,79.0,79.0,80.0,80.0,81.0,81.0,82.0,82.75999999999999,83.0,83.0,84.0,85.0,85.0,85.0,86.0,86.0,86.91999999999996,88.0,88.0,89.0,89.0,89.12,90.0,90.0,91.0,91.0,92.0,93.0,93.0,94.0,94.0,94.51999999999998,95.0,95.0,97.0,97.0,98.0,98.96000000000004,99.0,99.0,100.0,100.0,102.0,102.39999999999998,103.0,105.0,105.0,107.0,107.60000000000002,108.0,109.0,110.0,112.0,113.79999999999995,115.0,118.0,119.0,122.0,140.0,76.0,1000.6156862974167,2000.0039215688594,2000.2627451121807,2000.4117647111416,2000.5098039507866,2000.5803921818733,2000.639215707779,2000.6901960968971,2000.7647058963776,3000.9960784316063,172.79755249023438,180.53448486328125,185.39002532958983,189.26091308593752,192.6364974975586,195.89536743164064,199.27823333740236,203.32395935058594,210.51153564453125,347.99554443359375,236.31834,2.0,test_data/Useful/Validation/Stone Dust at 1 ft/WhatsApp Image 2024-09-05 at 17.10.32 (2).jpeg,2498.0,965.0,29.506333921255212
59,34.24,39.480000000000004,42.0,43.96,46.0,48.0,49.0,50.92,52.0,54.0,56.0,56.0,58.0,59.360000000000014,61.0,62.0,63.0,64.0,65.0,66.0,66.0,67.0,68.0,69.0,70.0,71.0,71.0,72.0,72.0,73.0,73.0,74.0,74.0,75.0,75.0,75.0,77.0,77.0,78.0,78.0,79.0,80.0,80.0,80.0,80.80000000000001,81.0,82.0,82.0,83.0,84.0,84.0,84.0,85.0,85.0,86.0,87.0,87.0,88.0,88.0,89.0,89.0,90.0,90.12,91.0,91.0,92.0,93.0,93.0,94.0,94.0,95.0,95.0,96.0,96.0,97.0,97.0,98.0,99.0,99.0,100.0,100.44000000000005,101.0,101.0,102.0,104.0,104.0,105.0,105.0,106.0,107.0,108.0,108.0,111.32000000000005,113.0,113.79999999999995,116.03999999999996,119.27999999999997,122.0,124.75999999999999,139.0,80.0,1000.6235294342041,2000.0078431377187,2000.2745098173618,2000.419607847929,2000.517647087574,2000.5882353186607,2000.6470588445663,2000.7019608020782,2000.7960784435272,3001.0,172.98851013183594,180.5800018310547,185.42608642578125,189.24920654296875,192.6393051147461,195.87228393554688,199.26254272460938,203.44833374023438,210.51644897460938,347.98974609375,235.72162,2.0,test_data/Useful/Validation/Stone Dust at 1 ft/WhatsApp Image 2024-09-05 at 17.10.32 (3).jpeg,2529.0,976.0,30.834598249224456
60,31.0,37.480000000000004,42.0,45.96,49.0,50.44,53.0,54.0,56.0,56.0,57.0,58.0,59.0,60.0,61.0,62.0,63.0,64.0,65.0,66.0,66.0,67.0,68.0,69.0,70.0,70.0,71.0,71.0,72.0,72.0,73.0,73.0,74.0,74.0,75.0,75.0,76.0,77.0,78.0,78.0,79.0,79.0,80.0,80.56,81.0,81.0,82.0,82.0,82.75999999999999,83.0,84.0,84.0,85.0,85.0,86.0,86.0,87.0,87.0,88.0,89.0,89.0,90.0,90.0,90.0,91.0,91.0,91.0,92.0,92.0,93.0,93.0,94.0,94.0,94.75999999999999,95.0,95.24000000000001,96.0,97.0,98.0,98.0,99.0,99.67999999999995,100.0,100.15999999999997,101.0,102.0,103.0,104.12,105.36000000000001,107.0,108.0,110.0,110.0,111.0,114.0,115.0,118.0,120.51999999999998,123.0,135.0,90.0,1000.5568627715111,1000.8705882430077,2000.2352941185236,2000.4235294163227,2000.5372549295425,2000.6156862974167,2000.6745098233223,2000.7372549176216,2000.9882352948189,3001.0,173.31480407714844,180.876708984375,185.72213745117188,189.54253540039062,192.88645935058594,196.0999267578125,199.4968688964844,203.55108642578125,210.52731323242188,348.091552734375,236.8338,2.0,test_data/Useful/Validation/Stone Dust at 1 ft/WhatsApp Image 2024-09-05 at 17.10.32.jpeg,2586.0,1011.0,30.261344105579425
61,10.24,18.48,22.0,26.96,30.0,33.0,34.68000000000001,37.0,40.16,42.0,44.0,45.879999999999995,46.0,48.0,48.0,49.84,50.0,51.0,52.0,53.0,54.0,55.0,56.0,57.0,58.0,59.0,59.0,60.0,60.0,62.0,62.0,63.0,63.920000000000016,64.0,65.0,66.0,66.0,67.0,67.0,68.0,68.0,69.0,69.0,70.0,70.0,71.0,71.0,72.0,72.0,73.0,73.24000000000001,74.0,74.0,75.96000000000004,76.0,77.0,78.0,78.0,79.0,80.0,80.0,80.0,81.0,81.0,82.0,83.0,83.0,84.0,84.55999999999995,85.0,86.0,87.0,88.0,88.0,89.0,89.0,90.0,90.0,91.0,92.0,93.0,94.67999999999995,95.0,97.0,98.0,99.0,100.0,101.0,102.0,102.60000000000002,104.0,105.0,106.0,108.0,110.0,112.03999999999996,116.27999999999997,118.0,124.0,139.0,80.0,1000.6078431606293,1000.7019608020782,1000.7490196228027,1000.7843137383461,1000.8235294222832,2000.4549019634724,3000.04705882445,3000.337254911661,3000.529411792755,3001.0,166.49044799804688,174.1152374267578,179.06469116210937,182.92918395996094,186.36106872558594,189.71578979492188,193.2438507080078,197.66714477539062,205.86679077148438,349.6506042480469,251.72105,2.0,test_data/Useful/Validation/Stone Dust at 1 ft/WhatsApp Image 2024-09-05 at 17.10.33 (1).jpeg,1833.0,743.0,30.102805107531694
62,48.0,52.480000000000004,55.0,60.0,61.0,63.44,65.0,66.92,68.0,70.0,71.0,72.0,73.12,75.0,75.0,75.84,77.0,77.0,77.56,78.0,79.0,79.28,80.0,80.0,82.0,82.0,83.0,83.0,83.0,84.19999999999999,85.0,85.0,86.0,86.0,87.0,87.0,88.0,88.12,89.0,90.0,90.0,91.0,91.0,92.0,92.80000000000001,93.0,94.0,94.0,94.75999999999999,95.0,95.0,95.0,96.0,97.0,97.0,98.0,98.0,99.0,99.0,100.0,100.0,100.0,100.12,102.0,102.0,103.0,103.0,104.0,104.0,104.0,105.0,106.0,106.51999999999998,107.0,108.0,108.0,108.0,109.0,110.0,111.0,112.0,112.0,113.0,113.0,114.0,114.0,115.0,115.0,116.0,116.0,117.0,119.0,119.32000000000005,121.0,121.79999999999995,123.03999999999996,124.27999999999997,126.0,129.76,140.0,100.0,1000.4313725531101,1000.6235294342041,1000.7254902124405,1000.8196078538895,2000.1843137294054,2000.5647059082985,2000.7411764860153,3000.058823529631,3000.2823529541492,3001.0,171.16729125976562,178.76022338867188,183.7176971435547,187.57913818359376,191.00301361083984,194.23886413574218,197.635498046875,201.85623168945312,209.04568481445312,348.88323974609375,236.07323,2.0,test_data/Useful/Validation/Stone Dust at 1 ft/WhatsApp Image 2024-09-05 at 17.30.38 (1).jpeg,2408.0,907.0,32.23970674883423
63,47.0,53.480000000000004,56.72,58.96,62.0,64.0,66.0,66.92,67.16,69.0,70.0,71.0,72.0,72.36000000000001,74.0,75.0,76.0,77.0,78.0,79.0,80.0,81.0,82.0,82.0,83.0,83.24000000000001,84.0,85.0,85.0,86.0,86.0,87.0,87.0,88.0,88.0,89.0,90.0,90.0,90.0,91.0,91.83999999999997,92.0,93.0,94.0,94.0,95.0,95.0,96.0,96.0,96.0,97.0,97.0,98.0,98.0,98.20000000000005,99.0,99.0,100.0,100.15999999999997,101.0,101.63999999999999,102.0,103.0,103.0,104.0,105.0,105.08000000000004,106.0,106.0,107.0,107.03999999999996,108.0,109.0,109.0,110.0,111.0,111.0,111.72000000000003,112.0,112.20000000000005,113.0,113.0,114.0,115.0,115.39999999999998,116.0,117.0,117.12,118.0,119.0,120.0,121.08000000000004,122.0,123.0,124.0,124.0,126.0,129.0,131.76,141.0,98.0,1000.4156862795353,1000.6196078658104,1000.7254902124405,1000.8196078538895,2000.176470592618,2000.6039215922356,2000.772549033165,3000.086274512112,3000.3058823645115,3001.0,171.42127990722656,179.10826110839844,184.01504516601562,187.8597198486328,191.20831298828125,194.36960144042968,197.8028564453125,201.91612243652344,209.06588745117188,348.91204833984375,235.0992,2.0,test_data/Useful/Validation/Stone Dust at 1 ft/WhatsApp Image 2024-09-05 at 17.30.38.jpeg,2330.0,880.0,27.16908724862747
64,50.0,54.0,57.0,58.0,61.0,63.0,66.68,68.0,68.16,70.0,71.0,72.0,72.12,73.36000000000001,74.0,75.84,76.0,77.0,78.0,78.0,79.0,80.0,81.0,81.0,81.0,82.24000000000001,83.48000000000002,84.0,84.0,85.0,85.0,85.0,86.0,87.0,87.0,88.0,89.0,90.0,90.0,90.0,90.0,91.0,91.32,92.0,92.0,93.0,94.0,94.0,94.75999999999999,95.0,96.0,96.0,97.0,97.0,98.0,98.0,99.0,99.0,100.0,100.0,100.63999999999999,101.0,101.0,102.0,102.0,103.0,104.0,104.0,104.0,105.0,105.0,106.0,106.0,107.0,107.0,108.0,109.0,109.72000000000003,110.0,110.20000000000005,112.0,112.0,113.0,113.0,114.0,114.0,114.88,115.12,116.36000000000001,117.0,118.0,119.0,120.0,121.0,122.0,123.03999999999996,125.27999999999997,127.51999999999998,130.0,138.0,85.0,1000.4392156898975,1000.6392157077789,1000.7411764860153,1000.8431372642517,2000.2823529541492,2000.6274510025978,2000.7803921699524,3000.086274512112,3000.3058823645115,3001.0,171.35760498046875,179.12957763671875,183.98484802246094,187.79498291015625,191.17391967773438,194.41693115234375,197.83494567871094,201.8901824951172,209.0828857421875,348.8972473144531,235.43542,2.0,test_data/Useful/Validation/Stone Dust at 1 ft/WhatsApp Image 2024-09-05 at 17.30.39 (1).jpeg,2368.0,888.0,29.262670000516867
65,40.2,48.0,54.0,56.0,59.0,61.44,62.68000000000001,64.0,65.16,66.4,68.0,69.0,71.0,72.0,73.0,74.0,75.0,76.0,76.0,77.0,77.03999999999999,78.0,78.0,79.0,80.0,80.24000000000001,81.0,82.0,82.0,83.0,83.0,84.0,84.0,85.0,85.39999999999998,86.0,87.0,87.0,87.36000000000001,88.0,89.0,89.0,90.0,90.0,91.0,91.0,92.0,92.51999999999998,93.0,93.0,94.0,95.0,95.0,96.0,96.0,97.0,97.67999999999995,98.0,99.0,99.0,99.0,100.0,100.12,101.0,101.0,101.84000000000003,102.0,103.0,103.0,103.0,104.0,104.0,105.0,105.0,106.0,106.0,107.0,108.0,109.0,110.0,110.0,111.0,112.0,113.0,113.0,113.63999999999999,114.0,115.0,116.0,117.0,117.0,118.0,119.0,120.55999999999995,121.79999999999995,124.0,125.27999999999997,129.0,131.76,138.0,101.0,1000.4431372582912,1000.6313725709915,1000.7254902124405,1000.8196078538895,2000.1254902034998,2000.5803921818733,2000.7764706015587,3000.0980392172933,3000.309803932905,3001.0,171.9166259765625,179.59942626953125,184.45838928222656,188.28277587890625,191.64178466796875,194.86903076171876,198.3043258666992,202.39431762695315,209.41441192626954,348.7685546875,236.27475,2.0,test_data/Useful/Validation/Stone Dust at 1 ft/WhatsApp Image 2024-09-05 at 17.30.39.jpeg,2497.0,876.0,33.324362875604784
66,45.480000000000004,48.96,53.72,58.0,61.0,63.44,65.68,67.0,69.0,70.0,71.0,72.88,74.0,75.0,76.0,77.0,78.0,79.0,79.0,80.0,81.0,81.0,82.0,82.0,83.0,83.0,84.0,84.0,84.95999999999998,85.0,85.44,86.0,86.0,87.0,87.0,88.0,89.0,89.0,90.0,90.0,90.0,91.0,92.0,92.56,93.0,93.0,94.0,94.0,95.0,96.0,96.0,97.0,97.0,97.0,98.0,98.0,99.0,99.0,100.0,100.0,101.0,101.0,102.0,102.0,103.0,103.0,104.0,104.0,105.0,105.0,106.0,107.0,107.0,108.0,108.0,109.0,109.0,110.0,111.0,111.0,112.0,112.0,113.0,114.0,114.39999999999998,115.0,116.0,117.0,118.0,118.60000000000002,120.0,121.0,122.0,123.0,124.0,126.0,128.0,130.0,132.0,140.0,86.0,1000.4313725531101,1000.6274510025978,1000.7254902124405,1000.8313725590706,2000.258823543787,2000.5960784554482,2000.7529411911964,3000.06274510175,3000.274509817362,3001.0,171.16400756835938,178.93199157714844,183.847021484375,187.68044738769532,191.03323364257812,194.27359008789062,197.70103454589844,201.81944274902344,209.02284240722656,348.79779052734375,235.86469,2.0,test_data/Useful/Validation/Stone Dust at 1 ft/WhatsApp Image 2024-09-05 at 17.30.40 (1).jpeg,2363.0,910.0,30.11702367153855
67,49.24,52.96,55.0,58.0,60.0,62.0,63.0,65.0,68.0,69.4,71.64,72.88,74.0,74.0,75.0,75.0,76.0,77.0,78.0,78.0,79.0,80.0,80.52000000000001,81.0,82.0,82.0,83.0,84.0,84.0,85.0,85.0,86.0,87.0,87.0,88.0,88.0,89.0,89.0,89.0,90.0,91.0,91.0,91.0,92.0,93.0,93.0,94.0,94.0,94.75999999999999,95.0,96.0,96.0,97.0,97.0,97.20000000000005,98.0,98.67999999999995,99.0,99.15999999999997,100.0,100.0,101.0,101.0,102.0,102.0,103.0,103.0,104.0,104.0,105.0,106.0,107.0,107.0,108.0,108.0,109.0,110.0,110.0,111.0,111.0,111.44000000000005,112.0,113.0,113.0,114.0,115.0,116.0,116.12,117.0,118.0,119.0,120.0,121.32000000000005,122.55999999999995,123.0,124.0,126.27999999999997,129.51999999999998,133.27999999999997,137.0,89.0,1000.4313725531101,1000.6313725709915,1000.7294117808342,1000.8156862854958,1000.9607843160629,2000.5882353186607,2000.811764717102,3000.1215686276555,3000.337254911661,3001.0,172.14004516601562,179.78335266113282,184.6539306640625,188.50013732910156,191.89215087890625,195.12359619140625,198.45938110351562,202.5469207763672,209.4711151123047,348.88592529296875,234.71625,2.0,test_data/Useful/Validation/Stone Dust at 1 ft/WhatsApp Image 2024-09-05 at 17.30.40 (2).jpeg,2343.0,838.0,29.360199940242147
68,48.480000000000004,53.0,56.0,57.0,60.2,62.0,64.68,67.0,68.16,69.0,70.0,71.0,72.0,73.0,75.6,76.0,77.0,78.0,79.0,80.0,80.0,81.0,82.0,82.0,83.0,84.0,84.0,85.0,85.0,86.0,87.0,87.0,88.0,89.0,89.0,90.0,91.0,91.0,92.0,92.60000000000002,93.0,93.0,93.32,94.0,94.80000000000001,95.0,95.0,96.0,96.0,97.0,97.0,98.0,98.0,99.0,99.0,100.0,100.0,100.91999999999996,101.0,102.0,102.0,103.0,103.0,104.0,104.0,104.0,105.0,105.0,106.0,106.0,106.0,107.0,107.0,107.0,108.0,109.0,110.0,110.0,111.0,112.0,112.0,113.0,113.91999999999996,115.0,116.0,116.0,117.0,118.0,119.0,119.0,120.0,120.0,121.0,121.0,122.0,123.03999999999996,125.0,128.51999999999998,132.51999999999998,142.0,93.0,1000.4588235318661,1000.6470588445663,1000.7490196228027,1000.8627451062202,2000.3176470696926,2000.6313725709915,2000.7803921699524,3000.086274512112,3000.301960796118,3001.0,171.9291534423828,179.54734802246094,184.39587860107423,188.18307189941407,191.54571533203125,194.84364013671876,198.18397064208983,202.2356689453125,209.26412963867188,348.82330322265625,235.60149,2.0,test_data/Useful/Validation/Stone Dust at 1 ft/WhatsApp Image 2024-09-05 at 17.30.40.jpeg,2338.0,856.0,27.32713615875132
69,37.480000000000004,51.0,54.0,58.0,59.0,60.44,63.0,65.0,67.0,69.0,70.0,71.0,72.0,73.36000000000001,74.0,75.0,75.08000000000001,76.0,77.0,78.0,78.03999999999999,79.0,80.0,81.0,82.0,82.0,82.48000000000002,83.0,83.0,84.0,85.0,85.68,86.0,87.0,88.0,89.0,89.0,89.12,90.0,90.0,91.0,91.0,92.0,93.0,93.0,93.0,93.27999999999997,94.0,94.0,95.0,95.24000000000001,96.0,96.0,97.0,97.0,98.0,98.0,99.0,99.0,99.39999999999998,100.0,100.0,101.0,101.0,101.0,102.0,102.0,103.0,103.0,103.0,104.0,104.0,105.0,105.0,106.0,106.0,107.0,108.0,109.0,109.0,110.44000000000005,111.0,112.0,113.0,114.0,115.0,115.0,116.0,117.0,118.0,119.0,120.0,122.0,122.0,123.0,125.0,126.27999999999997,128.51999999999998,131.76,139.0,93.0,1000.419607847929,1000.6235294342041,1000.7294117808342,1000.8156862854958,2000.0274509806186,2000.6156862974167,2000.8039215803146,3000.1098039224744,3000.3215686380863,3001.0,172.15562438964844,179.80593872070312,184.64581298828125,188.56484985351562,191.90614318847656,195.08912658691406,198.44680786132812,202.5580596923828,209.50180053710938,348.8055419921875,234.4779,2.0,test_data/Useful/Validation/Stone Dust at 1 ft/WhatsApp Image 2024-09-05 at 17.30.41 (1).jpeg,2350.0,856.0,29.188060986187626
70,32.24,39.480000000000004,43.0,45.96,48.2,50.0,51.68000000000001,55.92,58.0,59.0,60.0,62.0,63.0,64.0,65.0,66.0,66.08000000000001,68.0,68.0,69.0,69.0,70.0,71.0,71.0,71.0,72.0,73.0,74.0,74.0,75.0,76.0,76.0,77.0,77.0,77.39999999999998,78.0,78.0,79.0,79.0,80.0,80.0,80.07999999999998,81.0,82.0,82.80000000000001,83.0,84.0,84.0,85.0,85.0,86.0,86.48000000000002,87.0,87.0,88.0,89.0,89.0,90.0,91.0,91.0,91.63999999999999,92.0,93.0,93.36000000000001,94.0,94.0,95.0,95.0,96.0,97.0,97.0,98.0,99.0,99.0,99.0,100.0,100.0,101.0,101.0,102.0,103.0,103.0,104.0,104.15999999999997,105.0,106.0,106.0,107.12,108.0,109.0,110.0,110.0,111.0,113.0,115.0,117.0,118.27999999999997,121.0,126.0,134.0,94.0,1000.772549033165,1000.9176470637321,1000.9803921580315,1001.0,1001.0,2000.8352941274643,2001.0,3000.486274510622,3000.6862745285034,3001.0,177.86752319335938,185.57313537597656,190.4207763671875,194.1619659423828,197.4728775024414,200.64320678710936,203.96221923828125,207.89202880859375,214.22113037109375,348.14892578125,235.38567,2.0,test_data/Useful/Validation/Stone Dust at 1 ft/WhatsApp Image 2024-09-05 at 17.30.41.jpeg,3595.0,1172.0,30.66673115492249
71,42.24,46.96,58.0,62.0,65.0,67.0,69.68,71.92,73.16,75.0,76.0,77.88,78.0,79.0,79.6,81.0,81.08000000000001,82.0,83.0,83.0,84.0,85.28,86.0,87.0,87.0,88.0,89.0,90.0,90.0,91.0,91.0,92.0,92.0,93.0,93.0,93.0,94.0,94.0,95.0,95.0,96.0,96.0,97.0,97.56,98.0,98.0,99.0,99.0,100.0,101.0,101.0,102.0,102.0,102.0,103.0,104.0,104.0,104.0,105.0,105.0,106.0,106.0,106.0,107.0,107.0,108.0,108.0,108.0,109.0,109.0,110.0,110.0,111.0,111.0,111.0,112.0,113.0,113.0,114.0,114.0,114.44000000000005,115.0,116.0,116.0,117.0,117.0,118.0,119.0,120.0,121.0,121.0,122.0,123.0,123.55999999999995,124.0,125.0,126.0,128.0,131.0,140.0,93.0,1000.4156862795353,1000.5960784554482,1000.7176470756531,2000.1568627506495,2000.4509803950787,2000.6000000238419,2000.6980392336845,3000.019607843831,3000.2470588237047,3000.9960784316063,169.59429931640625,177.3739501953125,182.26068878173828,186.13719177246094,189.5581283569336,192.92216796875,196.5358688354492,201.03228454589845,208.99502563476562,348.63720703125,234.53879,2.0,test_data/Useful/Validation/Stone Dust at 1 ft/WhatsApp Image 2024-09-05 at 17.30.42 (1).jpeg,2424.0,937.0,30.75544079132995
72,45.0,50.0,55.72,58.0,60.0,62.0,64.0,65.0,66.16,69.0,70.0,70.0,71.0,72.0,74.0,74.0,74.08000000000001,75.32,76.0,77.0,78.0,79.0,79.0,80.0,80.0,81.0,82.0,82.0,83.0,84.0,85.0,85.0,85.92000000000002,86.0,87.0,87.0,88.0,88.0,89.0,89.0,89.0,89.07999999999998,90.0,91.0,91.0,91.0,92.0,92.0,93.0,93.0,94.0,94.0,95.0,95.0,96.0,96.0,97.0,98.0,98.0,99.0,99.0,100.0,100.0,101.0,101.0,102.0,102.0,103.0,103.0,104.0,104.03999999999996,105.0,105.0,106.0,106.0,107.0,107.0,108.0,109.0,109.0,110.0,110.0,111.0,112.0,113.0,113.0,114.0,115.0,116.0,116.60000000000002,117.0,118.0,119.32000000000005,121.0,123.0,126.03999999999996,128.0,130.0,134.0,149.0,89.0,1000.4274509847164,1000.6313725709915,1000.7333333492279,1000.8274509906769,2000.2078431397676,2000.6313725709915,2000.7960784435272,3000.1098039224744,3000.3215686380863,3001.0,171.73703002929688,179.35690307617188,184.24253540039064,188.09102478027344,191.42803955078125,194.68890380859375,198.06979370117188,202.21478271484375,209.29693603515625,348.85369873046875,233.95293,2.0,test_data/Useful/Validation/Stone Dust at 1 ft/WhatsApp Image 2024-09-05 at 17.30.42.jpeg,2419.0,919.0,32.123778261917884
73,52.72,56.0,57.0,59.96,62.0,63.44,64.68,66.0,68.0,69.4,71.0,72.0,74.0,75.0,76.0,77.0,78.0,79.0,79.0,79.80000000000001,80.0,81.0,82.0,82.0,83.0,84.0,84.0,85.0,85.95999999999998,87.0,87.0,88.0,89.0,89.16000000000003,90.0,91.0,91.0,92.0,92.0,93.0,93.0,94.0,94.0,94.56,95.0,96.0,96.27999999999997,97.0,97.0,98.0,98.0,99.0,99.72000000000003,100.0,101.0,102.0,102.0,103.0,104.0,104.0,104.63999999999999,105.0,106.0,106.0,107.0,107.0,108.0,108.0,109.0,109.0,110.0,110.0,110.51999999999998,111.0,111.0,112.0,112.48000000000002,114.0,114.0,115.0,115.44000000000005,116.0,116.91999999999996,117.0,117.0,118.0,118.88,119.0,119.0,121.0,122.0,122.0,124.0,125.0,126.0,127.0,129.0,133.0,134.76,140.0,110.0,1000.4509803950787,1000.6470588445663,1000.7529411911964,1000.8705882430077,2000.3176470696926,2000.6274510025978,2000.7803921699524,3000.086274512112,3000.3215686380863,3001.0,172.63368225097656,180.31381225585938,185.14892578125,189.0230712890625,192.39117431640625,195.63626098632812,199.06911926269532,203.3275604248047,210.64894104003906,348.69024658203125,233.5504,2.0,test_data/Useful/Validation/Stone Dust at 1 ft/WhatsApp Image 2024-09-05 at 17.30.43 (1).jpeg,2823.0,980.0,31.48196949452077
74,54.0,58.0,60.0,63.0,66.0,67.0,70.68,71.92,73.0,74.4,76.0,77.0,78.0,79.0,79.6,80.84,81.0,82.0,82.56,83.0,84.03999999999999,85.0,86.0,86.0,86.0,88.0,88.48000000000002,89.0,90.0,90.0,91.0,91.0,92.0,92.0,93.0,93.63999999999999,94.0,94.0,95.0,95.0,95.0,96.0,96.0,97.0,98.0,98.0,98.0,99.0,100.0,100.0,100.0,101.0,101.0,101.0,102.0,102.0,102.0,103.0,103.0,104.0,104.0,104.88,105.0,105.0,106.0,107.0,107.0,107.0,108.0,108.0,109.0,109.0,109.0,110.0,110.0,111.0,112.0,112.0,113.0,113.0,114.0,114.0,115.0,115.0,116.0,116.0,117.88,119.0,119.0,120.0,120.84000000000003,121.08000000000004,122.0,123.55999999999995,124.0,125.03999999999996,126.27999999999997,127.51999999999998,131.0,140.0,102.0,1000.4274509847164,1000.6156862974167,1000.7254902124405,1000.905882358551,2000.4549019634724,2000.6431372761726,2000.7647058963776,3000.1098039224744,3000.3215686380863,3001.0,170.52671813964844,178.34327392578126,183.26771850585936,187.1512908935547,190.52886962890625,193.7513671875,197.21100921630858,201.49942016601562,209.0279998779297,348.8603515625,233.0262,2.0,test_data/Useful/Validation/Stone Dust at 1 ft/WhatsApp Image 2024-09-05 at 17.30.43.jpeg,2564.0,924.0,34.413005006914574
75,57.0,63.480000000000004,66.0,68.96000000000001,71.0,72.0,74.0,75.0,76.0,77.0,77.64,78.0,79.0,79.36000000000001,81.0,81.84,82.08000000000001,83.32,84.0,84.80000000000001,85.03999999999999,86.0,87.0,87.0,88.0,88.0,88.0,89.0,90.0,90.0,91.0,91.0,91.0,92.0,92.0,93.0,93.0,94.0,94.0,95.0,95.0,95.0,96.0,96.0,97.0,97.0,98.0,99.0,100.0,100.0,101.0,101.0,102.0,102.0,103.0,103.0,104.0,105.0,105.0,106.0,106.0,106.0,107.0,107.0,107.0,108.0,108.08000000000004,109.0,109.55999999999995,110.0,111.0,111.0,111.51999999999998,112.0,112.0,113.0,113.0,114.0,114.0,115.0,115.0,116.0,116.0,116.0,117.0,118.0,118.0,119.0,119.0,120.0,121.0,122.0,123.0,123.55999999999995,125.0,126.03999999999996,127.27999999999997,130.0,134.0,137.0,116.0,1000.4431372582912,1000.6274510025978,1000.7411764860153,2000.0392156876624,2000.4627451002598,2000.639215707779,2000.7568627595901,3000.086274512112,3000.3058823645115,3001.0,170.68387145996093,178.40879821777344,183.3108352661133,187.1776092529297,190.53768920898438,193.82244873046875,197.29736328125,201.63946533203125,209.2682647705078,348.8636779785156,233.45407,2.0,test_data/Useful/Validation/Stone Dust at 1 ft/WhatsApp Image 2024-09-05 at 17.30.44.jpeg,2468.0,932.0,28.25214159277029
76,53.24,57.480000000000004,62.0,63.0,66.0,67.44,69.68,71.92,74.0,75.0,76.0,77.0,78.12,79.0,80.0,81.0,82.08000000000001,83.0,83.0,84.0,85.0,85.0,86.52000000000001,87.0,88.0,88.0,89.0,89.0,90.0,90.0,91.0,91.0,92.0,92.0,93.0,93.0,94.0,94.0,94.0,95.0,95.0,95.0,96.0,96.0,97.0,97.0,98.0,98.0,99.0,99.0,100.0,100.0,100.72000000000003,101.0,101.0,101.44000000000005,102.0,103.0,103.0,103.39999999999998,104.0,104.0,105.0,105.0,106.0,106.0,106.0,107.0,107.0,108.0,109.0,109.0,110.0,110.0,111.0,111.0,112.0,112.0,112.96000000000004,113.0,113.44000000000005,114.0,114.0,115.0,116.0,117.0,118.0,118.0,119.0,120.0,121.0,122.0,123.0,124.0,125.0,126.0,128.0,129.51999999999998,133.0,144.0,101.0,1000.4509803950787,1000.6313725709915,1000.745098054409,2000.137254908681,2000.474509805441,2000.6352941393852,2000.7411764860153,3000.074509806931,3000.298039227724,3001.0,170.24781951904296,178.01722412109376,182.872705078125,186.69500732421875,190.13053131103516,193.4465789794922,196.9491729736328,201.30609130859375,208.8949432373047,348.89141845703125,232.90515,2.0,test_data/Useful/Validation/Stone Dust at 1 ft/WhatsApp Image 2024-09-05 at 17.30.45.jpeg,2566.0,995.0,36.197458477590516
77,53.480000000000004,60.0,62.0,66.92,70.0,72.0,74.0,75.0,76.0,76.0,77.0,79.0,80.0,81.0,81.0,82.0,82.0,83.0,83.0,84.0,84.03999999999999,85.0,86.0,86.0,87.0,87.0,88.0,88.0,88.0,89.0,89.0,89.0,90.0,91.0,91.0,91.0,92.0,92.0,93.0,93.0,93.83999999999997,94.0,95.0,95.0,96.0,96.0,96.0,97.0,97.0,98.0,99.0,99.0,99.0,100.0,100.0,101.0,101.0,102.0,102.0,103.0,103.0,103.0,104.0,104.36000000000001,105.0,105.0,106.0,107.0,107.0,107.79999999999995,109.0,109.0,109.0,110.0,111.0,111.0,112.0,112.0,112.0,113.0,114.0,114.0,115.0,116.0,116.0,117.0,117.0,118.0,119.0,120.60000000000002,121.0,122.0,123.0,124.0,124.79999999999995,127.0,128.55999999999995,133.03999999999996,136.76,145.0,96.0,1000.4352941215038,1000.6156862974167,1000.7294117808342,2000.0392156876624,2000.4705882370472,2000.639215707779,2000.7490196228027,3000.0823529437184,3000.298039227724,3001.0,170.47388916015626,178.2752685546875,183.1625717163086,187.0381317138672,190.46401977539062,193.7423553466797,197.2471923828125,201.6162109375,209.2044677734375,348.8032531738281,233.43489,2.0,test_data/Useful/Validation/Stone Dust at 1 ft/WhatsApp Image 2024-09-05 at 17.30.46.jpeg,2588.0,953.0,33.26350166087137
78,49.24,54.0,60.0,63.0,67.2,70.0,70.68,72.0,73.0,74.4,76.0,77.0,78.12,79.36000000000001,80.0,82.0,82.08000000000001,83.0,84.0,84.0,85.0,86.0,86.0,86.0,87.0,88.0,89.0,89.0,89.0,90.0,90.44,91.0,92.0,92.0,92.0,93.0,93.0,94.0,94.0,95.0,95.0,95.0,96.0,96.0,96.0,97.0,97.0,97.51999999999998,98.0,98.0,99.0,99.48000000000002,100.0,100.0,101.0,101.0,102.0,102.0,103.0,103.0,104.0,104.0,105.0,105.0,106.0,106.0,106.0,107.0,107.0,108.0,109.0,109.0,110.0,110.0,111.0,112.0,112.0,113.0,113.0,114.0,115.0,115.0,116.0,117.0,118.0,118.0,119.0,119.0,120.0,121.0,122.0,123.0,124.0,125.0,126.0,127.0,129.0,131.51999999999998,133.76,139.0,96.0,1000.4431372582912,1000.6274510025978,1000.745098054409,2000.0901960805058,2000.4823529422283,2000.65098041296,2000.7647058963776,3000.101960785687,3000.3176470696926,3001.0,170.7005645751953,178.37767028808594,183.30746459960938,187.17853698730468,190.591552734375,193.87247619628906,197.32164001464844,201.6606903076172,209.09471130371094,348.84429931640625,233.4575,2.0,test_data/Useful/Validation/Stone Dust at 1 ft/WhatsApp Image 2024-09-05 at 17.30.48.jpeg,2513.0,916.0,32.4155671199334
79,58.0,62.480000000000004,65.0,67.0,69.0,70.44,71.68,72.0,74.0,75.0,76.0,76.0,77.0,78.0,79.0,80.0,80.0,81.0,82.0,83.0,84.0,84.0,84.52000000000001,85.0,85.0,86.0,86.0,87.0,87.0,89.0,89.0,90.0,90.0,91.0,91.0,91.0,92.0,92.0,93.0,93.0,94.0,94.0,95.0,95.0,95.80000000000001,97.0,97.0,98.0,98.0,98.0,99.0,99.0,99.72000000000003,100.0,100.20000000000005,101.0,101.0,102.0,102.0,103.0,103.0,104.0,104.0,104.0,104.60000000000002,105.0,105.0,106.0,106.0,106.79999999999995,107.0,107.0,108.0,109.0,110.0,110.0,110.0,111.0,112.0,112.0,113.0,113.0,114.0,115.0,115.0,116.0,117.0,118.0,119.0,120.0,120.0,121.0,121.0,122.0,123.0,124.03999999999996,126.0,127.0,129.76,142.0,104.0,1000.447058826685,1000.6313725709915,1000.7490196228027,2000.137254908681,2000.486274510622,2000.6470588445663,2000.7529411911964,3000.0784313753247,3000.301960796118,3001.0,170.5745849609375,178.3097686767578,183.21311950683594,187.0632568359375,190.48109436035156,193.75072021484374,197.23959503173828,201.58599853515625,209.1384735107422,348.8367919921875,233.76067,2.0,test_data/Useful/Validation/Stone Dust at 1 ft/WhatsApp Image 2024-09-05 at 17.30.53.jpeg,2530.0,893.0,25.236345482025683
80,50.24,56.480000000000004,60.0,63.0,67.2,70.0,72.0,74.0,75.0,76.0,76.64,78.0,79.0,80.0,81.0,81.0,82.0,83.0,84.0,84.0,85.0,85.0,86.0,87.0,87.0,87.0,88.0,88.0,88.0,89.0,89.0,89.0,90.0,90.0,91.0,92.0,92.0,93.0,93.0,93.60000000000002,94.0,94.0,95.0,95.0,96.0,96.04000000000002,97.0,97.0,97.75999999999999,98.0,98.0,99.0,99.0,99.96000000000004,100.0,101.0,101.0,102.0,103.0,103.0,104.0,104.0,105.0,105.0,105.0,106.0,107.0,107.0,107.0,108.0,108.03999999999996,109.0,109.51999999999998,110.0,111.0,111.0,111.0,112.0,112.0,113.0,113.44000000000005,114.0,115.0,115.0,116.0,116.0,117.0,118.0,119.0,120.0,120.84000000000003,121.0,122.0,123.0,124.0,125.0,126.0,128.0,132.76,139.0,89.0,1000.4392156898975,1000.6196078658104,1000.7333333492279,2000.023529412225,2000.4549019634724,2000.6313725709915,2000.745098054409,3000.0784313753247,3000.301960796118,3001.0,170.4807891845703,178.19358825683594,183.0166778564453,186.94593811035156,190.33173370361328,193.63966674804686,197.11798553466795,201.39285278320315,208.87277221679688,348.89385986328125,232.78421,2.0,test_data/Useful/Validation/Stone Dust at 1 ft/WhatsApp Image 2024-09-05 at 17.30.55.jpeg,2608.0,964.0,33.69265649898431
81,53.480000000000004,58.96,62.0,65.96000000000001,68.0,69.44,70.0,72.0,73.0,74.0,75.0,75.88,76.0,78.0,78.0,79.0,80.0,80.32,82.0,83.0,83.03999999999999,84.28,85.0,86.0,88.0,88.0,88.0,88.0,89.0,90.0,90.0,91.0,91.92000000000002,92.0,92.39999999999998,93.0,94.0,94.0,95.0,95.0,96.0,96.0,97.0,97.0,97.0,98.0,99.0,99.0,100.0,100.0,101.0,101.0,102.0,102.0,102.0,103.0,103.0,103.0,104.0,104.0,104.63999999999999,105.0,105.12,106.0,106.0,106.0,107.0,108.0,108.0,108.0,109.0,110.0,111.0,111.0,112.0,112.0,113.0,113.0,114.0,114.0,115.0,115.0,116.0,117.0,117.0,118.0,118.88,119.12,120.0,121.0,122.0,122.0,123.0,124.0,125.0,128.0,129.0,131.0,133.0,143.0,106.0,1000.4509803950787,1000.6352941393852,1000.7529411911964,2000.1333333402872,2000.4901960790157,2000.65098041296,2000.7607843279839,3000.090196080506,3000.309803932905,3001.0,170.8331298828125,178.58648681640625,183.48507690429688,187.35091552734374,190.7107696533203,193.96564636230468,197.4743423461914,201.720556640625,209.1842498779297,348.82958984375,233.67606,2.0,test_data/Useful/Validation/Stone Dust at 1 ft/WhatsApp Image 2024-09-05 at 17.30.56.jpeg,2511.0,942.0,22.879639864129672
82,44.24,48.480000000000004,51.72,54.92,57.0,59.0,61.0,64.0,66.16,68.0,69.0,70.0,72.0,72.0,73.0,73.0,74.0,75.0,76.0,77.0,78.0,78.28,79.52000000000001,80.0,81.0,81.0,81.48000000000002,82.0,83.0,84.0,84.0,85.0,85.0,85.0,86.0,86.0,86.88,87.0,87.0,88.0,88.0,89.0,89.0,90.0,90.0,91.0,91.0,92.0,92.0,93.0,93.0,94.0,94.0,94.0,95.0,95.0,96.0,96.0,97.0,97.0,97.0,98.0,98.0,99.0,99.0,100.0,100.0,101.0,101.0,101.0,102.0,102.0,103.0,104.0,104.0,104.24000000000001,105.0,106.0,107.0,108.0,108.0,108.67999999999995,109.0,110.0,110.0,111.0,111.88,112.0,113.36000000000001,114.0,115.0,116.0,116.0,117.0,118.79999999999995,120.0,122.27999999999997,123.51999999999998,126.0,134.0,97.0,1000.4000000059605,1000.6039215922356,1000.7686274647713,2000.1215686276555,2000.3176470696926,2000.4823529422283,2000.6078431606293,2000.7215686440468,2000.8823529481888,3001.0,169.81317596435548,177.55559997558595,182.56890869140625,186.573974609375,190.18658447265625,193.68695068359375,197.5692901611328,202.63946533203125,212.07217407226562,347.3849792480469,235.61205,2.0,test_data/Useful/Validation/Stone Dust at 1 ft/WhatsApp Image 2024-09-05 at 17.31.38.jpeg,2669.0,1053.0,29.906667089639548
83,47.0,51.96,54.0,56.96,59.2,61.0,63.0,64.0,66.0,67.0,68.0,69.0,71.0,72.0,72.6,73.0,75.0,75.0,76.0,77.0,77.0,77.0,78.0,78.0,79.0,80.0,81.0,81.0,82.0,83.0,83.0,83.68,84.0,85.0,85.0,85.0,86.0,86.0,87.0,88.0,88.0,88.0,89.0,89.0,90.0,91.0,91.0,91.0,92.0,92.0,93.0,93.0,93.72000000000003,94.0,94.0,95.0,95.0,95.0,96.0,96.0,96.0,96.0,97.0,97.0,97.0,98.0,99.0,99.0,99.0,100.0,100.0,101.0,101.0,101.0,102.0,102.0,103.0,103.0,104.0,105.0,106.0,107.0,107.0,107.15999999999997,108.0,109.0,109.0,110.0,110.36000000000001,111.60000000000002,112.0,114.08000000000004,116.0,117.0,118.0,120.03999999999996,122.27999999999997,125.51999999999998,131.51999999999998,138.0,96.0,1000.3333333432674,1000.517647087574,1000.6470588445663,1000.7882353067398,2000.1529411822557,2000.364705890417,2000.5333333611488,2000.678431391716,2000.8588235378265,3001.0,169.70413208007812,177.34771728515625,182.3652801513672,186.3573455810547,189.9245147705078,193.4255584716797,197.35995483398438,202.47906494140625,211.80514526367188,347.35113525390625,235.37518,2.0,test_data/Useful/Validation/Stone Dust at 1 ft/WhatsApp Image 2024-09-05 at 17.31.39 (1).jpeg,2564.0,1021.0,20.0
84,36.24,45.0,51.0,55.0,58.0,59.0,60.68000000000001,62.0,63.0,64.0,65.64,67.0,68.0,69.0,69.0,70.0,72.0,72.0,73.0,73.80000000000001,75.0,75.0,76.0,77.0,77.0,78.0,78.0,79.0,79.95999999999998,80.0,81.0,81.0,82.0,82.0,83.0,83.0,84.0,84.12,85.0,86.0,86.0,87.0,87.0,87.0,88.0,88.0,89.0,89.0,90.0,90.0,91.0,91.48000000000002,92.0,92.96000000000004,93.0,94.0,94.0,94.0,95.0,95.0,96.0,96.0,97.0,97.0,98.0,98.0,99.0,99.0,100.0,100.0,101.0,102.0,102.0,102.75999999999999,103.0,103.0,104.0,104.0,105.0,105.0,106.0,106.0,107.0,108.0,108.0,109.0,110.0,111.0,111.36000000000001,112.0,113.0,114.0,115.32000000000005,117.0,118.0,120.03999999999996,121.0,122.0,124.0,131.0,94.0,1000.3607843220234,1000.54509806633,1000.6901960968971,2000.0274509806186,2000.2666666805744,2000.4431372582912,2000.5803921818733,2000.705882370472,2000.89411765337,3001.0,169.59335327148438,177.4571075439453,182.3841812133789,186.3796600341797,189.96891021728516,193.50582275390624,197.398681640625,202.53231811523438,211.91342163085938,347.304931640625,234.55849,2.0,test_data/Useful/Validation/Stone Dust at 1 ft/WhatsApp Image 2024-09-05 at 17.31.39.jpeg,2731.0,1082.0,29.402850925080607
85,37.24,45.480000000000004,50.0,53.0,55.2,56.0,58.68000000000001,60.0,62.0,62.400000000000006,64.0,65.0,67.0,70.0,71.0,72.0,73.0,74.0,74.0,75.0,76.0,76.0,76.0,77.0,77.0,78.0,78.0,79.0,79.0,80.0,80.0,81.0,81.0,82.0,83.0,83.0,84.0,85.0,85.0,86.0,86.0,87.0,87.0,87.0,88.0,88.0,89.0,89.0,90.0,90.0,91.0,92.0,92.0,92.0,93.0,93.0,94.0,94.0,95.0,95.0,95.0,96.0,96.0,97.0,97.0,97.0,98.0,98.0,99.0,99.0,99.0,100.0,100.0,101.0,101.0,102.0,103.0,103.72000000000003,104.0,105.0,105.0,106.0,106.0,107.0,108.0,109.0,109.0,110.0,111.0,112.0,113.0,115.0,116.0,117.0,118.0,119.03999999999996,121.0,124.55999999999995,128.0,134.0,95.0,1000.352941185236,1000.5411764979362,1000.678431391716,1000.8470588326454,2000.1921568661928,2000.3960784375668,2000.556862771511,2000.6941176652908,2000.8588235378265,3001.0,170.05807495117188,177.7878631591797,182.8467575073242,186.81654663085936,190.35438537597656,193.84918518066405,197.78885192871093,202.84259033203125,212.03688049316406,347.33135986328125,236.44913,2.0,test_data/Useful/Validation/Stone Dust at 1 ft/WhatsApp Image 2024-09-05 at 17.31.40.jpeg,2668.0,1043.0,31.05129222669809
86,42.480000000000004,47.0,51.72,54.0,55.2,58.44,60.0,62.0,63.0,64.0,65.0,66.0,67.0,68.0,68.6,70.0,71.0,72.0,72.0,73.0,74.0,75.0,75.0,76.0,76.0,77.0,78.0,78.0,79.0,79.0,80.0,80.0,80.0,81.16000000000003,82.0,82.0,83.0,83.0,84.0,85.0,85.0,86.0,86.0,86.0,87.0,87.0,87.27999999999997,88.0,88.0,89.0,89.0,89.48000000000002,90.0,91.0,91.0,92.0,92.0,92.0,93.0,94.0,94.0,94.0,95.0,95.36000000000001,96.0,96.0,97.0,97.0,98.0,98.0,98.03999999999996,99.0,100.0,100.0,100.0,101.0,101.48000000000002,102.0,102.0,103.0,104.0,104.0,105.0,105.15999999999997,106.0,107.0,107.0,108.12,110.0,111.0,112.0,113.0,114.0,114.55999999999995,116.0,117.0,119.27999999999997,121.51999999999998,123.75999999999999,136.0,86.0,1000.2901960909367,1000.4627451002598,1000.5882353186607,1000.6941176652908,1000.8196078538895,2000.1803921610117,2000.4392156898975,2000.6470588445663,2000.8745098114014,3001.0,169.96585083007812,177.79293823242188,182.77261352539062,186.7481231689453,190.34698486328125,193.84414672851562,197.68478393554688,202.70999145507812,211.956787109375,347.30328369140625,235.39624,2.0,test_data/Useful/Validation/Stone Dust at 1 ft/WhatsApp Image 2024-09-05 at 17.31.41 (1).jpeg,2736.0,1074.0,29.842347645632987
87,44.0,50.0,52.0,55.96,57.2,60.0,62.0,64.0,66.0,67.4,69.0,70.0,71.0,71.36000000000001,72.0,73.0,74.0,75.0,76.0,77.0,77.0,77.0,78.0,78.0,80.0,80.0,80.0,80.0,81.0,81.0,82.0,82.0,82.0,83.0,83.0,84.0,84.0,85.0,85.0,85.0,85.0,86.0,86.32,87.0,88.0,88.0,88.0,89.0,89.0,89.0,90.0,90.0,91.0,91.0,92.0,93.0,93.0,93.0,94.0,94.0,94.0,95.0,95.0,96.0,96.0,97.0,97.08000000000004,98.0,99.0,100.0,100.0,101.0,101.0,102.0,102.0,103.0,103.0,104.0,105.0,105.0,106.0,106.0,107.0,107.0,108.0,109.0,110.0,111.0,111.0,112.0,112.0,113.0,114.0,115.0,116.79999999999995,119.0,120.27999999999997,121.51999999999998,123.75999999999999,140.0,80.0,1000.3098039329052,1000.4823529422283,1000.6039215922356,1000.7137255072594,1000.8784313797951,2000.2470588237047,2000.4823529422283,2000.6627451181412,2000.8627451062202,3001.0,170.0523681640625,177.79588928222657,182.71630859375,186.73199462890625,190.2884521484375,193.7954559326172,197.61949157714844,202.6526641845703,211.9003448486328,347.3604736328125,237.3247,2.0,test_data/Useful/Validation/Stone Dust at 1 ft/WhatsApp Image 2024-09-05 at 17.31.41.jpeg,2671.0,1087.0,28.097156750248093
88,43.96,52.480000000000004,55.72,59.0,61.0,63.44,67.0,69.0,71.0,72.0,74.0,74.0,75.12,77.0,77.0,78.0,79.0,80.0,80.0,80.0,81.0,82.0,82.0,83.0,84.0,84.24000000000001,85.0,86.0,86.0,86.0,87.0,87.0,88.0,88.0,89.0,89.0,90.0,91.0,91.0,92.0,92.0,93.0,93.0,94.0,94.0,95.0,95.27999999999997,96.0,96.0,97.0,97.0,97.0,98.0,98.0,99.0,99.44000000000005,100.0,100.91999999999996,101.0,101.0,102.0,102.0,102.0,103.0,103.0,103.0,104.0,104.0,105.0,105.0,106.0,106.27999999999997,107.0,108.0,108.0,109.0,110.0,110.0,111.0,112.0,112.44000000000005,113.67999999999995,114.0,115.0,115.0,116.63999999999999,117.0,118.0,119.0,119.0,120.0,121.08000000000004,123.0,123.0,124.0,125.03999999999996,127.0,128.0,130.0,135.0,102.0,1000.2823529541492,1000.4235294163227,1000.5294117927551,1000.6196078658104,1000.6980392336845,1000.8078431487083,2000.4274509847164,2000.6901960968971,3000.2196078449488,3001.0,169.45349731445313,177.17901000976562,182.16756591796874,186.18630981445312,189.73829650878906,193.2672912597656,197.2438720703125,202.41138610839846,211.79220581054688,348.2305908203125,236.1658,2.0,test_data/Useful/Validation/Stone Dust at 1 ft/WhatsApp Image 2024-09-05 at 17.31.42 (1).jpeg,2985.0,1174.0,28.911206682846398
89,46.0,49.480000000000004,57.0,59.0,61.2,63.0,66.0,67.0,68.0,70.0,71.0,72.88,74.0,75.0,75.0,76.0,77.0,77.0,78.0,79.0,80.0,81.0,81.52000000000001,82.0,83.0,84.0,84.0,85.0,85.0,86.0,87.0,87.0,88.0,89.0,89.0,90.0,90.0,91.0,92.0,92.0,93.0,93.0,94.0,94.0,94.0,95.0,95.0,96.0,96.75999999999999,97.0,98.0,98.0,99.0,99.0,99.20000000000005,100.0,100.0,101.0,101.0,101.0,102.0,102.0,103.0,103.0,104.0,104.0,105.0,105.0,106.0,106.0,107.0,107.0,108.0,108.0,108.0,109.0,109.0,109.0,110.0,110.0,111.0,111.0,112.0,112.15999999999997,113.0,114.0,114.88,115.0,116.0,116.0,118.0,118.08000000000004,119.32000000000005,121.0,122.0,124.0,126.0,128.51999999999998,132.76,143.0,108.0,1000.2784313857555,1000.4235294163227,1000.5333333611488,1000.6235294342041,1000.7098039388657,1000.8549019694328,2000.4666666686535,2000.6823529601097,3000.1843137294054,3001.0,168.9535903930664,176.75314331054688,181.75291442871094,185.77213134765626,189.3516845703125,192.90716552734375,196.91254577636718,202.2266387939453,211.83010864257812,348.19805908203125,236.02316,2.0,test_data/Useful/Validation/Stone Dust at 1 ft/WhatsApp Image 2024-09-05 at 17.31.42.jpeg,2990.0,1148.0,22.287240717210974
90,51.0,54.0,56.72,58.96,61.0,62.0,64.68,66.0,67.16,69.0,70.0,71.0,72.0,73.0,74.0,75.0,76.0,77.0,77.0,78.0,79.0,79.28,80.0,81.0,82.0,82.0,83.0,83.72000000000003,84.0,85.0,85.0,86.0,87.0,87.0,88.0,88.0,88.0,89.0,89.0,90.0,90.0,90.0,91.0,91.0,92.0,92.0,93.0,94.0,94.0,95.0,95.0,96.0,96.0,97.0,97.0,97.0,98.0,98.0,99.0,99.0,100.0,100.0,101.0,101.0,101.60000000000002,102.0,102.08000000000004,103.0,103.0,104.0,105.0,106.0,107.0,107.0,108.0,108.0,109.0,109.0,110.0,110.0,110.44000000000005,111.0,111.91999999999996,112.0,112.0,113.0,114.0,115.0,115.0,116.0,117.84000000000003,119.0,119.0,121.0,122.0,123.0,123.27999999999997,127.0,132.0,138.0,88.0,1000.2941176593304,1000.4509803950787,1000.5686274766922,1000.6666666865349,1000.7764706015587,2000.2705882489681,2000.517647087574,2000.678431391716,3000.0980392172933,3001.0,169.31392974853514,176.99537658691406,181.982421875,185.98662719726562,189.6032943725586,193.12257385253906,197.0792999267578,202.2439422607422,211.8760986328125,348.1175537109375,236.90987,2.0,test_data/Useful/Validation/Stone Dust at 1 ft/WhatsApp Image 2024-09-05 at 17.31.43 (1).jpeg,2909.0,1119.0,30.412544219269826
91,46.0,49.480000000000004,53.0,55.96,60.2,65.0,66.0,67.0,68.16,70.0,72.0,73.0,74.0,75.0,75.0,76.0,77.0,78.0,79.0,80.0,81.0,82.0,83.0,84.0,84.0,86.0,86.0,87.0,87.0,88.0,88.0,89.0,89.0,89.0,90.0,90.0,90.0,91.0,91.0,91.60000000000002,92.0,93.0,93.0,94.0,94.0,95.0,95.0,96.0,96.0,97.0,97.0,97.0,98.0,98.0,99.0,99.0,100.0,100.0,101.0,101.0,101.0,102.0,103.0,103.0,104.0,104.0,105.0,105.0,106.0,106.0,106.0,107.0,107.0,108.0,109.0,109.0,110.0,110.72000000000003,111.0,112.0,112.0,113.0,113.0,114.0,114.39999999999998,115.0,116.0,116.0,117.0,118.0,118.84000000000003,119.0,120.0,121.0,124.0,125.0,126.27999999999997,128.0,130.76,139.0,90.0,1000.3843137323856,1000.5647059082985,1000.6980392336845,2000.1411764770746,2000.352941185236,2000.4941176474094,2000.6039215922356,2000.6980392336845,2000.8588235378265,3000.9960784316063,169.01290130615234,176.72540588378905,181.75437927246094,185.69927978515625,189.27066040039062,192.82625427246094,196.8496566772461,202.09594116210937,211.7633056640625,348.2208557128906,235.92033,2.0,test_data/Useful/Validation/Stone Dust at 1 ft/WhatsApp Image 2024-09-05 at 17.31.43.jpeg,2883.0,1092.0,27.842111437719012
92,46.0,54.0,58.0,59.96,62.0,64.0,65.0,66.0,67.0,68.4,69.0,70.88,71.0,72.0,74.0,75.0,77.0,77.0,78.0,79.0,80.0,80.0,81.0,81.0,82.0,82.24000000000001,83.0,84.0,84.0,84.19999999999999,85.0,86.0,86.0,87.0,88.0,88.0,89.0,89.0,89.0,90.0,90.83999999999997,91.0,92.0,92.0,92.0,93.0,93.0,93.0,93.0,94.0,95.0,95.0,96.0,96.0,96.20000000000005,97.0,97.0,98.0,98.0,98.0,99.0,99.88,100.0,101.0,101.0,102.0,103.0,103.0,104.0,104.0,105.0,106.0,106.0,106.75999999999999,107.0,108.0,108.0,108.72000000000003,109.0,109.0,110.0,110.0,111.0,112.0,113.0,114.0,115.0,115.0,116.0,117.0,118.0,118.0,119.0,120.55999999999995,122.0,124.0,125.27999999999997,129.0,131.76,139.0,93.0,1000.2823529541492,1000.4313725531101,1000.54509806633,1000.6392157077789,1000.7294117808342,2000.1058823540807,2000.4901960790157,2000.6862745285034,3000.160784319043,3001.0,169.42575073242188,177.15255737304688,182.16534423828125,186.20571899414062,189.76219177246094,193.3007385253906,197.2426559448242,202.4191101074219,211.9263458251953,348.10601806640625,236.49316,2.0,test_data/Useful/Validation/Stone Dust at 1 ft/WhatsApp Image 2024-09-05 at 17.31.44 (1).jpeg,2967.0,1127.0,32.1855686562683
93,45.0,51.480000000000004,55.72,58.96,60.2,62.44,66.0,67.92,69.0,69.0,70.0,71.0,72.12,73.0,74.0,75.0,76.0,77.0,78.0,79.0,80.0,81.0,81.0,82.0,83.0,84.0,84.0,85.0,85.0,86.0,87.0,87.0,88.0,88.0,88.0,89.0,89.0,89.12,90.0,91.0,91.0,91.07999999999998,92.0,92.56,93.0,94.0,94.0,95.0,95.0,95.0,96.0,96.0,97.0,97.0,98.0,98.0,98.0,99.0,100.0,100.0,101.0,101.0,102.0,102.0,103.0,103.0,103.08000000000004,104.0,104.55999999999995,105.0,106.0,106.0,107.0,107.0,108.0,108.0,109.0,109.0,110.0,110.0,111.0,111.0,112.0,113.0,113.0,114.0,115.0,115.0,116.0,117.0,117.0,118.0,119.0,120.0,121.0,122.03999999999996,125.0,126.0,128.76,140.0,98.0,1000.2705882489681,1000.4078431427479,1000.517647087574,1000.6078431606293,1000.6862745285034,1000.7764706015587,2000.3098039329052,2000.639215707779,3000.1411764770746,3001.0,169.7869873046875,177.48196411132812,182.49322509765625,186.42013549804688,189.9734649658203,193.51417541503906,197.41990661621094,202.5891876220703,212.1859893798828,348.09393310546875,235.2761,2.0,test_data/Useful/Validation/Stone Dust at 1 ft/WhatsApp Image 2024-09-05 at 17.31.44.jpeg,2939.0,1128.0,34.86523645573482
94,47.24,52.480000000000004,56.72,58.96,62.0,63.0,65.68,68.0,69.16,70.4,71.0,72.0,74.0,74.0,74.0,75.0,76.0,76.0,77.0,78.0,79.0,80.0,80.52000000000001,81.0,82.0,83.0,83.0,84.0,84.0,85.0,85.0,86.0,86.0,87.16000000000003,88.0,88.0,89.0,89.0,90.0,90.0,91.0,92.0,93.0,93.0,94.0,94.0,95.0,95.0,95.75999999999999,97.0,97.0,97.0,97.72000000000003,98.0,99.0,99.0,100.0,100.0,101.0,102.0,102.0,102.0,103.0,103.0,104.0,104.0,105.0,106.0,106.0,107.0,107.0,107.27999999999997,108.0,109.0,109.0,110.0,110.48000000000002,112.0,112.0,113.0,113.0,114.0,115.0,115.0,115.0,116.0,116.0,117.0,118.0,118.0,119.84000000000003,120.0,121.0,121.55999999999995,122.0,124.03999999999996,126.0,129.0,132.0,141.0,97.0,1000.3058823645115,1000.4705882370472,1000.5921568870544,1000.6901960968971,1000.811764717102,2000.3294117748737,2000.556862771511,2000.705882370472,3000.1254902035,3001.0,169.3921646118164,177.190673828125,182.26833801269532,186.26744079589844,189.82363891601562,193.3352813720703,197.31607055664062,202.50384521484375,212.00692749023438,348.1578063964844,236.1621,2.0,test_data/Useful/Validation/Stone Dust at 1 ft/WhatsApp Image 2024-09-05 at 17.31.45 (1).jpeg,2923.0,1138.0,34.56498674931409
95,41.24,45.0,49.72,56.84,58.0,62.0,63.68000000000001,65.92,67.0,68.0,70.0,71.0,71.0,72.0,73.0,74.0,75.0,75.0,76.0,77.0,78.0,79.0,79.0,80.0,81.0,81.0,82.0,83.0,84.0,85.0,85.0,85.68,86.0,86.16000000000003,87.0,87.0,88.0,88.0,89.0,89.60000000000002,90.0,90.0,91.0,91.56,92.0,93.0,93.0,93.0,94.0,94.0,95.0,95.0,95.0,95.96000000000004,96.0,96.0,96.0,97.0,98.0,99.0,99.0,100.0,100.12,101.0,101.0,102.0,103.0,103.0,103.0,104.0,104.0,105.0,106.0,106.0,107.0,107.0,108.0,108.0,109.0,110.0,110.0,111.0,111.0,112.0,112.39999999999998,113.0,114.0,114.0,115.0,115.0,116.0,117.0,118.0,120.0,122.0,123.0,124.27999999999997,126.0,128.76,143.0,95.0,1000.2823529541492,1000.4313725531101,1000.54509806633,1000.6352941393852,1000.7254902124405,2000.043137256056,2000.4784313738346,2000.6862745285034,3000.160784319043,3000.988235294819,169.4839096069336,177.13406372070312,182.11178588867188,186.13717041015624,189.71949768066406,193.276416015625,197.16534423828125,202.39854431152344,211.80194091796875,348.1305236816406,236.81256,2.0,test_data/Useful/Validation/Stone Dust at 1 ft/WhatsApp Image 2024-09-05 at 17.31.45.jpeg,2990.0,1131.0,26.079679711003383
96,44.480000000000004,51.480000000000004,55.0,57.96,62.2,65.0,66.0,67.0,69.0,70.0,71.0,72.88,73.0,74.0,75.0,76.0,77.0,77.0,78.0,78.80000000000001,79.0,80.0,81.0,81.0,82.0,83.0,83.0,84.0,84.0,85.0,86.0,86.0,87.0,87.16000000000003,88.0,89.0,89.0,90.0,90.36000000000001,91.0,92.0,92.0,92.0,93.0,93.0,94.0,95.0,95.0,95.0,96.0,96.0,97.0,97.0,97.96000000000004,98.20000000000005,99.0,99.0,100.0,100.0,100.0,101.0,102.0,102.0,102.0,103.0,103.0,103.0,104.0,105.0,105.0,105.03999999999996,106.0,106.0,107.0,107.0,108.0,109.0,109.72000000000003,110.0,111.0,112.0,113.0,113.0,113.15999999999997,114.0,115.0,115.0,116.0,116.0,116.60000000000002,117.0,119.08000000000004,121.0,122.0,123.0,124.0,126.0,128.51999999999998,130.76,142.0,95.0,1000.3058823645115,1000.4666666686535,1000.5882353186607,1000.6901960968971,1000.8431372642517,2000.352941185236,2000.5529412031174,2000.6941176652908,3000.101960785687,3000.9960784316063,169.24302673339844,177.02630615234375,182.03962097167968,186.06517639160157,189.64398956298828,193.20416259765625,197.08580017089844,202.32466735839844,211.96337890625,348.14111328125,236.94893,2.0,test_data/Useful/Validation/Stone Dust at 1 ft/WhatsApp Image 2024-09-05 at 17.31.46.jpeg,2932.0,1158.0,27.330695093193267
97,44.72,51.0,54.0,57.96,60.0,62.0,64.0,65.0,66.0,67.0,68.64,70.0,71.0,72.0,73.0,73.0,74.08000000000001,75.0,76.0,77.0,78.03999999999999,79.0,79.0,80.0,81.0,81.0,83.0,84.72000000000003,85.0,86.19999999999999,87.0,87.68,88.0,88.0,89.0,90.0,90.0,90.0,90.36000000000001,91.0,91.0,91.0,92.0,92.0,93.0,93.04000000000002,94.0,95.0,95.0,95.0,96.0,96.0,97.0,97.0,98.0,98.0,98.0,98.0,99.0,99.0,99.0,100.0,100.0,101.0,101.0,102.0,102.0,103.0,103.0,104.0,104.0,105.0,105.0,106.0,106.0,107.0,107.0,107.72000000000003,108.0,109.0,109.0,110.0,110.0,111.0,111.0,112.0,112.0,114.0,115.0,115.0,116.0,117.0,119.0,119.0,120.79999999999995,122.0,122.27999999999997,126.0,128.51999999999998,137.0,98.0,1000.4352941215038,1000.6274510025978,1000.811764717102,2000.2470588237047,2000.4039215743542,2000.5215686559677,2000.6156862974167,2000.6980392336845,2000.8078431487083,3001.0,169.23077850341798,177.046875,182.10165405273438,186.0563507080078,189.63294982910156,193.16949462890625,197.07010192871093,202.3333770751953,212.0371856689453,348.11102294921875,235.8768,2.0,test_data/Useful/Validation/Stone Dust at 1 ft/WhatsApp Image 2024-09-05 at 17.31.47 (1).jpeg,2969.0,1159.0,30.01580322287114
98,43.480000000000004,51.0,53.0,57.96,60.0,62.0,63.0,64.92,66.0,67.0,68.0,70.0,71.0,72.0,73.6,74.0,75.08000000000001,76.0,77.0,78.0,78.0,79.0,79.0,80.0,81.0,81.0,82.0,83.0,83.0,84.0,84.0,85.0,85.0,86.0,87.0,87.0,87.0,88.0,89.0,90.0,90.0,91.0,91.0,92.0,92.80000000000001,93.0,93.0,94.0,94.0,94.0,95.0,95.48000000000002,96.0,96.0,97.0,97.0,98.0,98.0,99.0,99.0,99.0,100.0,101.0,101.0,102.0,103.0,103.0,104.0,104.0,105.0,105.0,106.0,106.0,107.0,107.0,108.0,108.0,109.0,109.0,110.0,110.0,111.0,112.0,112.15999999999997,113.0,114.0,115.0,116.0,116.36000000000001,118.0,118.0,119.0,120.0,122.0,123.0,125.0,126.27999999999997,128.51999999999998,133.0,145.0,96.0,1000.4627451002598,1000.6549019813538,2000.101960785687,2000.2941176593304,2000.4313725531101,2000.5372549295425,2000.6274510025978,2000.705882370472,2000.8274509906769,3001.0,169.2052459716797,176.94627380371094,181.9244842529297,185.93868713378907,189.5138397216797,193.05564880371094,196.99600219726562,202.21722412109375,211.90992736816406,348.10504150390625,236.30035,2.0,test_data/Useful/Validation/Stone Dust at 1 ft/WhatsApp Image 2024-09-05 at 17.31.47.jpeg,2907.0,1144.0,32.59927461050529
99,42.0,46.480000000000004,52.0,54.0,56.0,58.0,60.0,61.92,63.31999999999999,65.0,66.0,67.0,68.0,70.0,70.0,71.0,72.0,72.32,73.0,74.0,75.0,75.0,76.0,77.0,77.0,78.0,79.0,80.0,81.0,81.0,82.0,82.0,83.0,83.0,84.0,84.63999999999999,85.0,86.0,86.0,87.0,88.0,88.0,89.0,89.0,89.0,90.0,91.0,91.0,92.0,93.0,93.0,94.0,94.0,95.0,96.0,96.0,96.0,97.0,98.0,98.0,98.0,99.0,99.0,100.0,100.0,101.0,101.0,102.0,103.0,103.0,104.0,104.0,105.0,105.0,106.0,106.0,106.0,106.72000000000003,107.0,107.0,108.0,108.0,109.0,110.0,110.0,111.0,112.0,113.0,114.0,114.60000000000002,116.0,117.0,118.0,119.0,120.0,121.0,122.27999999999997,124.51999999999998,126.75999999999999,140.0,106.0,1000.2901960909367,1000.4235294163227,1000.5254902243614,1000.611764729023,1000.6941176652908,1000.811764717102,2000.4000000059605,2000.6431372761726,3000.1450980454683,3001.0,169.2780029296875,177.03704833984375,181.98516845703125,185.9016571044922,189.47325134277344,192.97763061523438,196.9210662841797,202.15383911132812,211.6500701904297,348.0867004394531,236.76257,2.0,test_data/Useful/Validation/Stone Dust at 1 ft/WhatsApp Image 2024-09-05 at 17.31.48 (1).jpeg,2993.0,1120.0,28.39339325902142
100,43.24,46.0,50.72,52.0,55.2,59.0,60.0,60.92,62.0,63.0,64.64,66.0,67.0,68.0,69.0,70.0,72.0,72.32,74.0,74.0,75.03999999999999,76.0,77.0,78.0,78.0,78.24000000000001,79.0,80.0,81.0,82.0,82.0,83.0,84.0,84.0,85.0,86.0,86.0,87.0,87.36000000000001,88.0,89.0,89.0,89.0,90.0,90.0,91.0,91.0,92.0,92.0,93.0,93.0,94.0,94.0,94.96000000000004,96.0,96.0,97.0,97.0,98.0,99.0,99.0,100.0,100.0,101.0,101.0,102.0,102.0,103.0,103.55999999999995,104.0,104.0,105.0,105.0,106.0,106.0,107.0,108.0,108.72000000000003,109.0,109.0,110.0,110.0,111.0,112.0,112.0,113.0,114.0,115.0,115.0,116.0,117.0,118.08000000000004,119.0,120.0,121.79999999999995,123.03999999999996,126.0,128.0,132.0,136.0,89.0,1000.2901960909367,1000.4274509847164,1000.5294117927551,1000.611764729023,1000.6901960968971,1000.7921568751335,2000.3411764800549,2000.6313725709915,3000.1450980454683,3001.0,169.37638244628906,177.0948272705078,182.08853149414062,186.04861450195312,189.60709381103516,193.15354919433594,197.13548278808594,202.337646484375,211.82647705078125,348.1137390136719,236.6001,2.0,test_data/Useful/Validation/Stone Dust at 1 ft/WhatsApp Image 2024-09-05 at 17.31.48.jpeg,3028.0,1163.0,29.225553246883443
101,37.24,44.0,46.0,49.96,52.0,54.0,57.0,58.0,61.0,62.400000000000006,63.64,65.0,67.0,67.36000000000001,69.0,71.0,72.0,73.0,74.0,74.80000000000001,76.0,76.28,77.0,77.75999999999999,78.0,79.0,80.0,81.0,82.0,82.0,83.0,83.68,84.0,85.0,85.0,85.0,86.0,87.0,87.0,88.0,88.0,88.0,89.0,89.0,90.0,90.0,91.0,91.0,92.0,93.0,93.0,93.0,94.0,94.0,95.0,95.0,96.0,96.0,97.0,97.0,97.0,98.0,99.0,99.0,100.0,101.0,101.0,102.0,102.0,103.0,103.0,103.0,104.0,104.0,104.0,105.0,106.0,107.0,107.96000000000004,108.0,108.0,109.0,109.0,110.0,110.39999999999998,112.0,112.0,113.0,114.0,115.60000000000002,116.0,117.0,118.0,120.0,122.0,123.0,125.0,128.0,130.0,148.0,104.0,1000.2901960909367,1000.4235294163227,1000.5254902243614,1000.6078431606293,1000.6862745285034,1000.8078431487083,2000.3882353007793,2000.6274510025978,3000.113725490868,3000.9921568632126,169.00464782714843,176.7121124267578,181.74258422851562,185.79049682617188,189.43087005615234,192.99366149902343,196.93353271484375,202.11978454589843,211.50677490234375,348.0794677734375,237.77261,2.0,test_data/Useful/Validation/Stone Dust at 1 ft/WhatsApp Image 2024-09-05 at 17.31.49 (1).jpeg,3039.0,1200.0,30.141468474068592
102,32.0,38.0,40.0,41.96,43.0,45.0,47.0,49.0,50.0,52.400000000000006,54.64,55.879999999999995,57.0,58.0,58.0,59.0,60.0,60.0,61.0,62.0,63.0,63.0,64.0,64.0,65.0,65.0,65.48000000000002,67.0,68.0,69.0,69.0,70.0,70.0,70.0,71.0,71.0,72.0,73.0,73.0,74.0,74.0,75.0,75.0,76.0,76.0,77.0,77.0,78.0,78.0,79.0,79.0,80.0,80.0,80.96000000000004,81.20000000000005,82.0,82.0,82.0,83.0,83.0,84.0,84.0,85.0,86.0,86.0,87.0,87.0,88.0,88.0,89.0,90.0,90.0,91.0,91.75999999999999,92.0,92.0,92.0,93.0,94.0,95.0,96.0,97.0,97.0,98.0,99.0,99.0,100.0,101.0,101.36000000000001,102.60000000000002,103.0,104.0,105.0,106.0,107.0,110.0,112.0,114.0,118.51999999999998,121.0,82.0,1000.65098041296,2000.1215686276555,2000.313725501299,2000.4235294163227,2000.5058823823929,2000.5647059082985,2000.6196078658104,2000.6666666865349,2000.7294117808342,3000.921568632126,170.25914611816407,177.97515869140625,182.93069458007812,186.89349365234375,190.46942138671875,193.8686981201172,197.68043518066406,202.718994140625,212.03407287597656,347.2432861328125,237.18092,2.0,test_data/Useful/Validation/Stone Dust at 1 ft/WhatsApp Image 2024-09-05 at 17.32.20 (1).jpeg,2477.0,1048.0,28.718804556052184
103,31.72,37.0,41.0,43.0,45.0,46.0,47.68000000000001,49.0,51.0,51.400000000000006,53.0,53.879999999999995,54.0,55.360000000000014,57.0,57.84,58.0,59.0,60.56,62.0,63.0,64.0,65.0,66.0,67.0,67.0,67.48000000000002,68.0,69.0,69.0,69.44,70.0,71.0,71.16000000000003,72.0,72.0,73.0,73.0,74.0,74.0,75.0,75.0,76.0,76.56,77.0,78.0,78.0,78.0,79.0,79.0,80.0,80.0,81.0,81.0,82.0,83.0,84.0,84.0,84.0,85.0,86.0,86.0,86.0,87.0,87.0,88.0,88.0,89.0,89.0,90.0,90.0,90.27999999999997,91.0,91.0,92.0,92.24000000000001,93.0,93.0,94.0,95.0,95.0,96.0,97.0,98.0,99.0,99.63999999999999,100.0,100.0,101.0,102.0,103.0,103.0,105.0,106.55999999999995,109.0,110.03999999999996,112.0,114.0,116.75999999999999,121.0,78.0,1000.7215686440468,2000.1921568661928,2000.3450980484486,2000.4431372582912,2000.517647087574,2000.5764706134796,2000.623529434204,2000.678431391716,2000.745098054409,3000.972549021244,170.1185745239258,177.89466857910156,182.8933868408203,186.85301208496094,190.37306213378906,193.86839294433594,197.6321563720703,202.6894989013672,212.01499938964844,347.1867370605469,238.68124,2.0,test_data/Useful/Validation/Stone Dust at 1 ft/WhatsApp Image 2024-09-05 at 17.32.20.jpeg,2505.0,1060.0,29.636301102627808
104,7.200000000000001,17.0,21.72,26.92,31.0,32.0,35.68000000000001,38.92,40.0,41.0,42.0,42.879999999999995,44.0,45.0,46.0,47.0,48.0,50.0,50.56,51.0,52.0,53.0,54.0,54.75999999999999,55.0,55.0,57.0,57.0,58.0,59.0,59.44,60.0,61.0,62.0,62.0,63.0,64.0,64.0,65.0,65.0,66.0,66.0,67.0,67.0,68.0,68.0,69.0,69.0,69.0,70.0,70.24000000000001,71.48000000000002,72.0,73.0,73.0,74.0,74.0,75.0,76.0,76.0,77.0,78.0,78.0,79.0,79.0,80.0,81.0,81.0,81.0,82.0,83.0,83.27999999999997,84.0,84.0,85.0,85.24000000000001,86.0,87.0,87.0,88.0,89.0,89.0,90.0,91.0,92.0,93.0,94.0,95.0,96.0,96.0,97.0,99.0,100.32000000000005,102.0,105.0,108.0,110.27999999999997,113.51999999999998,118.75999999999999,132.0,69.0,1000.5490196347237,1000.6745098233223,1000.7294117808342,1000.7647058963776,1000.8078431487083,2000.4823529422283,3000.054901961237,3000.364705890417,3000.560784339905,3001.0,170.59840393066406,178.2609069824219,183.12802276611328,187.06232299804688,190.52030181884766,193.92236328125,197.57667541503906,202.13702392578125,210.32286071777344,348.74188232421875,251.5204,2.0,test_data/Useful/Validation/Stone Dust at 1 ft/WhatsApp Image 2024-09-05 at 17.32.21 (1).jpeg,2336.0,905.0,29.494276361807728
0,44.72,52.480000000000004,54.72,56.96,60.0,62.0,64.0,65.92,67.16,69.0,70.0,71.88,72.0,73.0,74.0,75.0,76.0,77.0,77.0,78.0,78.0,79.0,79.0,80.0,81.0,81.0,82.0,82.72000000000003,83.0,83.19999999999999,85.0,85.68,86.0,87.0,87.0,87.0,88.0,89.0,89.0,90.0,90.0,91.0,91.0,92.0,92.0,93.0,93.0,93.0,94.0,94.0,94.24000000000001,95.0,95.0,96.0,96.0,97.0,97.0,98.0,98.0,99.0,99.0,99.0,100.0,101.0,101.0,102.0,103.0,103.0,104.0,104.0,104.0,105.0,105.0,106.0,107.0,107.0,107.0,108.72000000000003,109.0,110.0,111.0,111.0,111.0,112.0,113.0,114.0,114.88,115.0,117.0,117.0,117.84000000000003,119.0,120.0,120.0,121.0,122.0,123.27999999999997,125.51999999999998,129.76,137.0,104.0,1000.4117647111416,1000.6666666865349,1000.8862745165825,2000.2941176593304,2000.4431372582912,2000.5529412031174,2000.6470588445663,2000.7215686440468,2000.8039215803146,3001.0,173.5154571533203,181.1650390625,186.05172729492188,189.94017028808594,193.3736801147461,196.66689453125,200.22503204345702,204.54840698242188,211.98736572265625,348.404541015625,230.94406,0.0,test_data/Useful/Validation/Three eight at 1ft/IMG-20240918-WA0055.jpg,3165.0,1117.0,25.318943673949043
1,41.24,54.0,58.0,60.0,62.2,64.0,66.0,67.0,68.0,70.0,70.64,72.0,73.0,74.0,74.0,75.0,75.08000000000001,76.0,77.0,78.0,78.0,79.0,79.52000000000001,80.0,81.0,81.0,82.0,82.0,83.0,84.0,85.0,85.68,86.0,87.0,87.0,87.0,88.0,88.0,89.0,89.0,90.0,90.0,91.0,91.0,92.0,92.0,93.0,93.0,94.0,94.0,94.24000000000001,95.0,95.0,96.0,96.0,97.0,97.0,98.0,98.0,98.0,99.0,99.0,100.0,100.0,100.0,100.0,101.0,101.0,102.0,102.0,103.0,103.0,104.51999999999998,105.0,106.0,106.0,107.0,107.0,108.0,109.0,110.0,111.0,112.0,112.15999999999997,114.0,114.63999999999999,115.88,117.0,117.0,118.0,118.0,119.0,120.0,120.55999999999995,122.0,124.0,126.0,128.0,131.0,143.0,100.0,1000.4117647111416,1000.6745098233223,1000.933333337307,2000.3058823645115,2000.447058826685,2000.556862771511,2000.6470588445663,2000.7215686440468,2000.800000011921,3001.0,173.3741912841797,181.16222229003907,186.0138198852539,189.89618530273438,193.33316040039062,196.67799072265626,200.20822448730468,204.52796936035156,211.9141387939453,348.3714599609375,230.36691,0.0,test_data/Useful/Validation/Three eight at 1ft/IMG-20240918-WA0056.jpg,3107.0,1073.0,29.90706718957888
2,45.24,52.480000000000004,56.0,58.96,60.2,62.0,63.0,64.0,65.16,67.0,68.0,69.88,71.0,72.0,73.6,74.84,75.0,76.0,77.0,77.0,78.0,79.0,79.52000000000001,80.0,81.0,82.0,82.0,83.0,84.0,84.0,85.0,85.68,86.0,86.0,86.39999999999998,87.0,87.0,88.0,89.0,89.0,90.0,90.0,91.0,91.0,92.0,92.0,93.0,93.51999999999998,94.0,94.0,95.0,95.0,95.0,96.0,97.0,97.0,98.0,98.0,99.0,99.0,100.0,100.0,100.12,101.0,101.0,102.0,102.0,103.0,104.0,104.0,105.0,105.0,105.0,106.0,107.0,107.24000000000001,108.0,109.0,110.0,110.0,110.44000000000005,111.67999999999995,112.0,113.0,113.0,114.0,115.0,115.0,117.0,117.0,118.84000000000003,120.0,121.0,122.55999999999995,124.0,125.0,127.0,128.51999999999998,132.0,147.0,86.0,1000.4431372582912,1000.7333333492279,2000.1647058874369,2000.3568627536297,2000.474509805441,2000.5764706134796,2000.6588235497475,2000.7294117808342,2000.8078431487083,3001.0,173.23175506591798,180.97498168945313,185.9062301635742,189.81283264160157,193.21966552734375,196.5074005126953,200.04783630371094,204.4384002685547,212.001708984375,348.32122802734375,229.12994,0.0,test_data/Useful/Validation/Three eight at 1ft/IMG-20240918-WA0057.jpg,3104.0,1122.0,28.137214728358597
3,47.24,52.480000000000004,54.0,56.0,58.0,61.0,63.0,64.0,66.16,69.0,70.0,71.0,73.0,73.0,74.0,74.84,76.0,77.0,78.0,78.0,79.0,80.0,80.0,82.0,82.0,83.0,84.0,84.0,85.0,86.0,86.0,87.0,87.0,88.0,89.0,89.0,89.88,90.0,91.0,91.0,92.0,92.0,92.0,93.0,93.0,93.0,94.0,94.0,94.75999999999999,95.0,95.0,96.0,97.0,97.0,97.0,98.0,98.0,99.0,99.0,99.0,100.0,100.0,101.0,101.0,102.0,102.0,103.0,103.0,103.0,104.0,104.0,105.0,105.0,106.0,106.0,107.0,107.0,108.0,108.0,108.0,109.0,109.67999999999995,110.0,111.0,112.0,113.0,113.0,114.0,115.0,115.60000000000002,116.0,117.0,118.0,119.0,120.0,122.03999999999996,124.0,125.0,129.76,142.0,93.0,1000.5372549295425,1000.8627451062202,2000.258823543787,2000.4039215743542,2000.5098039507866,2000.6000000238419,2000.6745098233223,2000.7411764860153,2000.8156862854958,3001.0,173.72900390625,181.3506317138672,186.32687377929688,190.25188903808595,193.6460189819336,196.8990936279297,200.36392364501953,204.61790466308594,212.01429748535156,348.3624572753906,230.7127,0.0,test_data/Useful/Validation/Three eight at 1ft/IMG-20240918-WA0058.jpg,3165.0,1163.0,25.606258544395175
4,49.0,56.480000000000004,60.0,62.0,64.0,65.0,66.68,67.92,68.16,69.0,70.0,71.0,71.12,73.0,73.0,74.0,75.08000000000001,77.0,78.0,78.0,79.03999999999999,80.0,81.0,81.0,82.0,83.0,83.0,84.0,84.0,85.0,85.0,86.0,86.0,86.0,87.0,87.63999999999999,88.0,89.0,89.0,90.0,90.0,91.0,91.0,91.0,92.0,93.0,93.0,94.0,94.0,95.0,95.0,95.0,96.0,96.0,96.0,97.0,97.0,97.0,98.0,98.39999999999998,99.0,99.0,100.0,100.0,101.0,101.0,102.0,102.32000000000005,103.0,103.0,104.0,104.0,105.0,105.0,106.0,107.0,107.0,108.0,108.0,109.0,109.0,110.0,111.0,111.0,112.0,112.0,113.0,113.0,114.0,116.0,116.84000000000003,118.0,119.0,120.0,122.79999999999995,124.0,125.0,127.0,131.76,139.0,96.0,1000.4431372582912,1000.7294117808342,2000.1568627506495,2000.352941185236,2000.474509805441,2000.572549045086,2000.6549019813538,2000.7294117808342,2000.8039215803146,3001.0,173.4060775756836,181.06915588378905,185.9849365234375,189.9415252685547,193.33938598632812,196.61572875976563,200.1243881225586,204.44003295898438,212.04318237304688,348.34661865234375,230.27005,0.0,test_data/Useful/Validation/Three eight at 1ft/IMG-20240918-WA0059.jpg,3166.0,1138.0,34.235838365360614
5,44.72,50.0,53.44,56.0,60.0,61.0,64.0,66.0,68.0,69.0,70.64,72.0,73.12,75.0,75.6,76.0,77.0,78.0,79.0,80.0,81.0,81.0,82.0,82.0,83.0,83.24000000000001,84.0,84.0,85.0,85.0,86.0,86.0,87.0,87.0,88.0,88.0,88.0,89.0,90.0,90.0,90.0,90.07999999999998,91.0,92.0,92.0,93.0,93.0,94.0,95.0,95.0,96.0,96.0,97.0,97.0,98.0,98.0,99.0,99.0,99.0,100.0,100.0,101.0,101.0,101.0,102.0,102.0,103.0,103.0,103.0,104.0,104.0,105.0,105.0,105.0,106.0,107.0,107.0,107.0,108.0,108.0,109.0,109.67999999999995,110.0,111.0,112.0,113.0,113.88,114.0,114.36000000000001,115.0,116.0,117.08000000000004,118.32000000000005,120.0,122.0,123.03999999999996,124.0,125.51999999999998,132.76,140.0,90.0,1000.4745098054409,1000.7647058963776,2000.1960784345865,2000.3764705955982,2000.4941176474094,2000.5882353186607,2000.6666666865349,2000.7372549176216,2000.8156862854958,3001.0,173.7323760986328,181.40557250976562,186.31221466064454,190.21718139648436,193.56707763671875,196.8790283203125,200.36236572265625,204.70468139648438,212.0690155029297,348.35406494140625,231.08934,0.0,test_data/Useful/Validation/Three eight at 1ft/IMG-20240918-WA0060.jpg,3171.0,1161.0,28.569803569566147
6,46.0,49.96,53.0,56.0,59.0,62.44,64.68,66.0,67.0,68.0,69.64,70.0,72.0,73.0,73.0,74.0,75.0,76.0,77.0,77.0,78.0,78.0,78.52000000000001,79.0,80.0,80.0,81.0,81.0,82.0,82.0,83.0,83.0,83.0,84.0,85.0,85.0,86.0,87.0,87.0,88.0,89.0,89.0,90.0,91.0,91.0,91.0,92.0,92.0,92.0,93.0,94.0,94.48000000000002,95.0,95.96000000000004,96.0,96.0,97.0,97.0,98.0,98.0,99.0,99.88,100.12,101.0,102.0,102.0,102.08000000000004,103.0,103.0,104.0,105.0,105.0,105.0,106.0,106.0,107.0,107.0,108.0,108.0,109.0,110.0,111.0,112.0,113.0,113.0,114.0,114.0,115.0,116.0,116.0,116.0,117.0,118.32000000000005,119.0,121.0,123.0,124.0,125.0,129.76,147.0,91.0,1000.5764706134796,1000.9411764740944,2000.2901960909367,2000.4235294163227,2000.5254902243614,2000.611764729023,2000.6823529601097,2000.7490196228027,2000.8235294222832,3001.0,173.63543701171875,181.35569763183594,186.3381607055664,190.216455078125,193.66939544677734,196.959716796875,200.42852783203125,204.80535888671875,212.14659118652344,348.4022521972656,230.28017,0.0,test_data/Useful/Validation/Three eight at 1ft/IMG-20240918-WA0061.jpg,3278.0,1173.0,27.658592358310052
7,41.24,45.0,52.0,54.0,57.0,58.44,61.0,62.92,64.0,67.4,68.64,69.0,70.0,70.0,71.0,72.0,72.0,74.0,75.56,76.0,77.0,78.28,79.0,80.0,80.0,81.0,81.0,82.0,83.0,84.0,85.0,85.0,85.0,86.0,87.0,87.0,88.0,88.0,88.0,89.0,90.0,90.0,90.0,91.0,92.0,92.0,93.0,93.51999999999998,94.0,94.0,94.24000000000001,95.0,95.0,96.0,96.0,96.44000000000005,97.0,97.0,98.0,98.0,98.63999999999999,100.0,100.0,101.0,101.0,102.0,102.0,103.0,103.0,104.0,105.0,105.0,106.0,106.0,106.0,106.24000000000001,107.0,108.0,108.0,109.0,109.0,110.0,110.0,110.0,111.0,112.0,113.0,114.0,115.0,116.0,116.0,117.0,118.32000000000005,120.0,122.0,123.0,125.27999999999997,128.51999999999998,133.27999999999997,141.0,106.0,1000.5725490450859,1000.9019607901573,2000.2784313857555,2000.419607847929,2000.5215686559677,2000.6078431606293,2000.6823529601097,2000.7490196228027,2000.8235294222832,3001.0,173.7036117553711,181.4259490966797,186.3311752319336,190.25010681152344,193.69493103027344,196.9398651123047,200.43084716796875,204.78128051757812,212.10565185546875,348.38330078125,230.72708,0.0,test_data/Useful/Validation/Three eight at 1ft/IMG-20240918-WA0062.jpg,3206.0,1157.0,33.21080320543906
8,44.24,54.0,56.72,59.0,61.0,62.0,65.68,66.92,69.16,71.0,72.0,73.0,74.0,74.0,75.0,75.0,76.0,76.0,77.0,77.0,78.0,79.0,79.52000000000001,80.0,81.0,82.0,83.0,83.0,84.0,84.0,85.0,86.0,86.0,87.0,87.0,88.0,88.0,89.0,90.0,90.0,90.83999999999997,91.0,91.32,92.0,92.0,93.0,93.0,94.0,94.0,95.0,95.0,95.0,96.0,96.0,97.0,97.44000000000005,98.0,99.0,99.0,100.0,100.0,101.0,101.0,102.0,102.0,103.0,103.0,103.0,104.0,104.0,105.0,105.0,106.0,106.0,106.0,107.0,107.0,107.0,108.0,109.0,109.0,110.0,110.0,111.0,112.0,112.63999999999999,113.0,114.0,114.0,115.0,116.0,117.0,118.0,120.0,120.79999999999995,121.0,125.0,129.03999999999996,132.76,140.0,107.0,1000.4235294163227,1000.6823529601097,1000.933333337307,2000.3058823645115,2000.447058826685,2000.556862771511,2000.6470588445663,2000.7215686440468,2000.8039215803146,3001.0,173.62498474121094,181.32179260253906,186.14126586914062,190.0379180908203,193.5069580078125,196.75798645019532,200.24977111816406,204.60040283203125,212.04541015625,348.3833312988281,231.14076,0.0,test_data/Useful/Validation/Three eight at 1ft/IMG-20240918-WA0063.jpg,3195.0,1139.0,26.15312221233145
9,40.480000000000004,52.0,57.72,59.96,61.0,63.0,64.68,65.0,67.16,69.0,70.0,71.88,72.0,73.36000000000001,75.0,75.0,76.0,77.0,78.0,79.0,79.03999999999999,81.0,81.0,82.0,82.0,83.0,84.0,84.0,85.0,85.0,86.0,86.0,86.0,87.0,87.0,88.0,88.0,89.0,89.0,90.0,90.0,91.0,91.0,92.0,92.0,92.0,93.0,93.0,93.0,94.0,94.0,94.0,95.0,95.0,96.0,96.0,97.0,98.0,98.0,98.0,99.0,99.88,100.0,100.0,101.0,101.0,102.0,102.0,103.0,103.0,104.0,104.0,105.0,105.0,106.0,106.24000000000001,107.0,107.0,108.0,109.0,109.0,109.0,110.0,111.0,111.39999999999998,112.0,113.0,114.0,115.0,116.0,117.0,118.0,118.32000000000005,119.0,120.79999999999995,122.0,124.0,126.0,130.76,143.0,93.0,1000.3764705955982,1000.611764729023,1000.7882353067398,2000.1960784345865,2000.392156869173,2000.517647087574,2000.623529434204,2000.705882370472,2000.7921568751335,3001.0,173.57943725585938,181.23793029785156,186.10293579101562,189.99639892578125,193.445068359375,196.70620727539062,200.20814514160156,204.53762817382812,211.9750213623047,348.3478088378906,229.79178,0.0,test_data/Useful/Validation/Three eight at 1ft/IMG-20240918-WA0064.jpg,3255.0,1136.0,26.017563296915416
10,43.72,50.480000000000004,55.0,56.96,57.2,60.0,62.68000000000001,64.92,67.16,69.0,69.64,70.88,71.0,72.0,72.0,73.0,73.0,74.0,75.0,76.0,77.0,78.0,78.52000000000001,79.0,80.0,80.24000000000001,81.0,82.0,82.0,83.0,83.0,84.0,84.0,85.0,85.0,86.0,86.0,87.0,87.0,87.0,88.0,88.07999999999998,89.0,89.0,90.0,91.0,91.0,92.0,92.0,93.0,93.0,94.0,94.0,95.0,95.0,96.0,96.0,96.0,97.0,97.0,98.0,98.0,99.0,99.36000000000001,100.0,100.0,101.0,101.0,102.0,102.0,103.0,103.0,103.0,104.0,105.0,105.0,106.0,106.0,107.0,108.0,108.0,109.0,110.0,110.15999999999997,111.0,112.0,113.0,113.12,115.0,115.60000000000002,116.0,117.0,118.0,120.55999999999995,121.0,123.0,124.0,126.51999999999998,129.76,140.0,103.0,1000.5921568870544,1001.0,2000.2941176593304,2000.4274509847164,2000.5333333611488,2000.6196078658104,2000.6901960968971,2000.7568627595901,2000.8313725590706,3001.0,174.26536560058594,181.9210662841797,186.7854461669922,190.6094207763672,193.9727020263672,197.26377868652344,200.67855834960938,204.90724182128906,212.25990295410156,348.2755126953125,230.77094,0.0,test_data/Useful/Validation/Three eight at 1ft/IMG-20240918-WA0065.jpg,3170.0,1120.0,30.379012918762356
11,49.480000000000004,56.480000000000004,59.72,61.0,63.0,66.0,67.0,68.92,70.0,71.0,72.0,73.0,74.0,74.0,75.0,76.0,76.08000000000001,77.0,78.0,78.0,79.0,80.0,80.52000000000001,81.0,81.0,82.0,82.0,83.0,84.0,84.0,85.0,85.0,86.0,86.16000000000003,87.0,87.0,88.0,88.0,88.0,89.0,89.0,90.0,90.0,91.0,91.0,92.0,92.27999999999997,93.0,93.0,94.0,95.0,95.0,96.0,96.0,97.0,97.44000000000005,98.0,98.0,99.0,99.0,100.0,100.0,101.0,101.0,101.0,102.0,102.0,103.0,103.0,103.79999999999995,104.0,105.0,105.0,106.0,107.0,107.0,107.48000000000002,108.0,109.0,109.0,110.0,110.0,111.0,111.0,112.0,113.0,113.0,114.0,115.0,116.0,117.0,119.08000000000004,121.0,121.0,122.0,124.03999999999996,127.0,128.51999999999998,129.76,139.0,88.0,1000.5098039507866,1000.8235294222832,2000.2470588237047,2000.4000000059605,2000.5098039507866,2000.6000000238419,2000.6745098233223,2000.7411764860153,2000.8156862854958,3001.0,173.58965148925782,181.272998046875,186.23029632568358,190.0004425048828,193.45658111572266,196.75579528808595,200.28060760498047,204.6271728515625,212.03341674804688,348.3675842285156,230.69751,0.0,test_data/Useful/Validation/Three eight at 1ft/IMG-20240918-WA0066.jpg,3159.0,1129.0,32.58658114636261
12,51.0,53.0,54.72,58.0,61.0,63.0,64.0,65.0,67.16,69.0,70.0,71.0,73.0,74.0,76.0,77.0,77.0,78.0,78.0,78.80000000000001,80.0,80.28,81.0,82.0,83.0,84.0,84.0,84.0,85.0,85.0,86.0,86.0,86.0,86.16000000000003,87.0,87.63999999999999,88.0,88.0,89.0,90.0,90.0,90.07999999999998,91.0,91.0,92.0,92.0,92.0,93.0,94.0,94.0,95.0,95.0,95.0,96.0,97.0,97.0,98.0,98.0,98.0,99.0,99.0,100.0,100.0,101.0,101.0,102.0,102.0,103.0,103.0,103.0,104.0,104.0,104.0,105.0,105.0,106.0,106.48000000000002,107.0,108.0,109.0,109.0,109.0,110.0,111.0,111.0,112.0,112.0,113.0,115.0,116.0,116.0,117.0,118.0,119.0,121.0,123.03999999999996,125.0,126.51999999999998,131.0,142.0,86.0,1000.5686274766922,1000.9607843160629,2000.2823529541492,2000.4156862795353,2000.5215686559677,2000.6078431606293,2000.678431391716,2000.745098054409,2000.8196078538895,3001.0,173.4541763305664,181.29901123046875,186.2099609375,190.09091186523438,193.53518676757812,196.85105895996094,200.35865783691406,204.70159912109375,212.15328979492188,348.3321533203125,230.62714,0.0,test_data/Useful/Validation/Three eight at 1ft/IMG-20240918-WA0067.jpg,3081.0,1107.0,32.09021089172924
13,44.0,49.480000000000004,53.0,57.0,60.0,62.0,64.0,65.0,66.0,67.4,68.64,69.0,71.0,72.0,73.0,74.0,74.0,75.0,76.0,77.0,77.03999999999999,78.0,79.0,80.0,80.0,81.0,82.0,83.0,83.95999999999998,84.0,85.0,85.0,86.0,87.0,88.0,88.0,88.0,89.0,90.0,90.0,91.0,91.0,91.0,92.0,93.0,93.04000000000002,94.0,94.0,95.0,95.0,96.0,96.0,96.0,96.96000000000004,97.0,97.0,98.0,98.0,99.0,99.39999999999998,100.0,101.0,101.0,102.0,102.0,103.0,104.0,104.0,104.0,105.0,105.0,106.0,106.0,107.0,107.0,107.0,108.0,108.72000000000003,109.0,110.0,110.0,111.0,111.0,112.0,112.0,113.0,113.0,114.0,115.0,116.0,117.0,118.08000000000004,120.0,122.0,122.0,123.0,124.0,129.0,131.0,142.0,96.0,1000.5137255191803,1000.8313725590706,2000.2470588237047,2000.4000000059605,2000.5058823823929,2000.6000000238419,2000.6745098233223,2000.7411764860153,2000.8156862854958,3001.0,173.74677429199218,181.4713562011719,186.3813018798828,190.26962280273438,193.7120819091797,196.95574645996092,200.4441680908203,204.73306884765626,212.11019897460938,348.316162109375,231.18921,0.0,test_data/Useful/Validation/Three eight at 1ft/IMG-20240918-WA0068.jpg,3109.0,1118.0,28.996304445313893
14,42.480000000000004,49.0,52.72,56.96,59.2,61.0,63.0,64.0,65.0,67.0,68.0,69.0,70.0,70.0,71.0,72.0,73.0,74.0,75.0,76.0,77.0,77.0,78.0,79.0,80.0,80.0,81.0,82.0,82.0,82.0,83.0,84.0,85.0,85.0,86.0,86.0,87.0,87.0,88.0,88.0,88.0,89.0,89.0,90.0,90.0,91.0,91.0,91.51999999999998,92.0,92.0,93.0,94.0,94.0,95.0,96.0,96.0,97.0,97.0,98.0,98.39999999999998,99.0,100.0,101.0,101.0,102.0,103.0,103.0,104.0,104.0,105.0,105.03999999999996,106.0,106.51999999999998,107.0,107.0,108.0,108.0,109.0,109.0,109.20000000000005,110.0,111.0,111.0,111.15999999999997,112.0,113.0,113.0,114.0,115.0,116.0,117.0,118.0,119.0,119.55999999999995,121.0,122.03999999999996,124.0,127.0,130.51999999999998,138.0,103.0,1000.5568627715111,1000.8823529481888,2000.2745098173618,2000.4156862795353,2000.5215686559677,2000.6078431606293,2000.678431391716,2000.745098054409,2000.8235294222832,3001.0,173.77880859375,181.40158081054688,186.3426483154297,190.19735717773438,193.56268310546875,196.8148651123047,200.38900756835938,204.66676330566406,212.04843139648438,348.4283447265625,230.13843,0.0,test_data/Useful/Validation/Three eight at 1ft/IMG-20240918-WA0069.jpg,3260.0,1110.0,27.0074218071434
15,50.0,53.480000000000004,57.72,59.0,63.0,65.0,66.68,68.0,69.0,71.0,72.0,72.0,73.0,74.0,75.0,76.0,77.0,77.0,78.0,79.0,80.0,80.0,81.0,81.0,82.0,82.24000000000001,83.0,84.0,84.0,85.0,85.0,86.0,86.0,86.16000000000003,87.0,88.0,88.0,88.0,89.0,89.0,90.0,90.0,90.0,91.0,92.0,92.0,93.0,93.0,94.0,94.0,95.0,95.0,96.0,96.0,96.0,97.0,97.0,98.0,98.0,99.0,99.0,100.0,100.0,101.0,101.60000000000002,102.0,103.0,103.0,104.0,104.0,105.0,105.0,106.0,107.0,107.0,107.24000000000001,108.0,109.0,109.0,110.0,111.0,111.0,112.0,113.0,113.39999999999998,114.0,115.0,116.0,117.0,118.0,119.0,120.0,120.0,121.55999999999995,124.0,126.0,128.27999999999997,132.03999999999996,134.76,144.0,88.0,1000.5333333611488,1000.839215695858,2000.2549019753933,2000.4039215743542,2000.5098039507866,2000.6000000238419,2000.6745098233223,2000.7411764860153,2000.8196078538895,3001.0,173.4935302734375,181.23785400390625,186.25892639160156,190.08628845214844,193.50563049316406,196.79425048828125,200.31527709960938,204.65036010742188,211.98825073242188,348.4333801269531,230.78108,0.0,test_data/Useful/Validation/Three eight at 1ft/IMG-20240918-WA0070.jpg,3146.0,1123.0,34.79672488168404
16,46.0,54.0,57.0,59.0,61.0,63.0,64.0,65.0,67.0,68.4,69.0,70.0,71.0,71.36000000000001,73.0,74.0,75.0,75.0,76.0,77.0,77.0,78.0,78.0,79.0,79.0,79.24000000000001,80.0,81.0,81.95999999999998,82.0,82.0,83.0,84.0,84.0,84.0,85.0,86.0,86.0,87.0,88.0,89.0,89.0,90.0,90.0,91.0,91.04000000000002,92.0,92.0,93.0,93.0,94.0,94.48000000000002,95.0,95.0,96.0,96.0,97.0,97.0,97.15999999999997,98.0,99.0,99.0,100.0,100.0,101.0,101.0,102.0,103.0,103.0,104.0,104.0,104.27999999999997,105.0,106.0,107.0,107.0,108.0,109.0,109.0,110.0,110.0,111.0,111.0,112.0,112.39999999999998,113.0,114.0,115.0,115.0,116.0,117.84000000000003,118.08000000000004,120.0,122.0,123.0,125.03999999999996,127.27999999999997,129.51999999999998,132.0,139.0,95.0,1000.4745098054409,1000.7647058963776,2000.1960784345865,2000.3686274588108,2000.4823529422283,2000.5803921818733,2000.6588235497475,2000.7294117808342,2000.8078431487083,3001.0,173.48495483398438,181.11070251464844,185.9917190551758,189.87977600097656,193.272705078125,196.60470581054688,200.11244201660156,204.5030059814453,211.97174072265625,348.3633117675781,230.30624,0.0,test_data/Useful/Validation/Three eight at 1ft/IMG-20240918-WA0071.jpg,3164.0,1103.0,39.94222603653624
17,45.24,47.0,51.0,58.0,60.0,61.0,63.0,64.92,66.16,67.0,68.0,69.0,71.0,71.0,71.6,73.0,74.0,75.0,75.0,76.0,77.0,77.28,78.52000000000001,79.0,80.0,81.0,81.0,82.0,82.95999999999998,83.19999999999999,84.0,84.68,86.0,86.0,87.0,87.0,87.0,88.0,89.0,89.60000000000002,90.0,91.0,91.0,92.0,92.0,93.0,93.0,94.0,94.0,94.0,95.0,95.0,96.0,97.0,97.0,97.0,98.0,98.0,98.0,99.0,99.0,99.88,100.0,100.0,101.0,102.0,102.0,103.0,103.0,103.0,104.0,104.0,105.0,105.75999999999999,106.0,106.0,107.48000000000002,109.0,109.0,109.0,110.0,111.0,111.0,112.0,112.0,113.0,114.0,115.0,116.0,116.0,117.0,118.0,119.0,120.0,122.0,123.0,124.0,125.0,127.75999999999999,149.0,103.0,1000.5764706134796,1000.9882352948189,2000.2901960909367,2000.4235294163227,2000.5254902243614,2000.611764729023,2000.6823529601097,2000.7490196228027,2000.8235294222832,3001.0,173.77517700195312,181.52601623535156,186.35989379882812,190.2110595703125,193.6099090576172,196.9084930419922,200.40443420410156,204.75228881835938,212.17440795898438,348.3720397949219,230.25117,0.0,test_data/Useful/Validation/Three eight at 1ft/IMG-20240918-WA0072.jpg,3146.0,1091.0,32.963311383106124
18,44.0,50.480000000000004,55.72,57.0,59.0,61.0,63.0,65.0,66.0,66.0,68.0,69.0,71.0,71.0,72.0,72.0,74.0,74.0,76.0,77.0,78.0,79.0,79.0,80.0,81.0,81.0,82.0,82.72000000000003,83.0,84.0,85.0,85.0,86.0,86.0,87.0,87.0,88.0,88.0,89.0,89.60000000000002,90.0,90.0,91.0,92.0,92.0,93.0,93.0,93.0,94.0,94.0,95.0,95.48000000000002,96.0,96.96000000000004,98.0,98.0,98.0,99.0,99.0,100.0,100.0,101.0,101.0,102.0,102.0,103.0,103.0,103.0,104.0,104.0,105.0,105.0,106.0,106.0,106.0,107.0,107.0,108.0,108.96000000000004,109.0,110.0,111.0,111.91999999999996,112.0,113.0,113.0,114.0,115.0,115.0,116.0,117.0,118.0,119.0,120.0,122.0,123.03999999999996,125.0,127.0,129.76,146.0,103.0,1000.6156862974167,2000.058823529631,2000.3019607961178,2000.4313725531101,2000.5294117927551,2000.6156862974167,2000.6823529601097,2000.7490196228027,2000.8235294222832,3001.0,173.99681549072267,181.5550109863281,186.5008331298828,190.34648742675782,193.79258728027344,197.0517578125,200.57126159667968,204.88278198242188,212.2406768798828,348.34637451171875,231.32443,0.0,test_data/Useful/Validation/Three eight at 1ft/IMG-20240918-WA0073.jpg,3226.0,1166.0,30.371598772481658
19,52.0,53.480000000000004,58.0,59.96,63.2,65.44,66.0,68.0,69.0,69.0,70.64,71.0,72.12,74.0,75.0,77.0,77.0,78.0,79.0,79.0,80.0,80.0,81.0,81.75999999999999,82.0,83.0,83.0,84.0,85.0,85.0,86.0,86.0,87.0,87.0,88.0,88.0,88.0,89.0,89.0,89.0,90.0,90.07999999999998,91.0,91.0,92.0,92.0,92.0,93.0,93.75999999999999,94.0,95.0,95.0,96.0,96.0,97.0,97.44000000000005,98.0,99.0,99.0,100.0,100.0,100.0,101.0,101.36000000000001,102.0,102.84000000000003,103.0,103.0,104.0,104.0,104.03999999999996,105.0,106.0,106.0,106.0,106.0,107.0,107.72000000000003,108.0,109.0,110.0,110.0,111.91999999999996,112.0,112.39999999999998,113.0,114.0,115.0,116.0,117.0,117.84000000000003,119.0,120.0,121.0,123.0,124.03999999999996,126.0,128.0,129.76,142.0,106.0,1000.419607847929,1000.678431391716,1000.9450980424881,2000.298039227724,2000.4392156898975,2000.5490196347237,2000.639215707779,2000.717647075653,2000.7960784435272,3001.0,173.46832885742188,181.17413330078125,186.09405517578125,190.00909423828125,193.32473754882812,196.62054443359375,200.0948944091797,204.38232421875,211.91598510742188,348.336669921875,230.03099,0.0,test_data/Useful/Validation/Three eight at 1ft/IMG-20240918-WA0074.jpg,3106.0,1090.0,32.228356178867685
20,44.0,47.0,52.44,56.0,60.0,62.0,64.68,66.0,68.0,69.0,70.0,70.88,71.0,72.0,73.0,74.0,75.08000000000001,77.0,77.0,78.80000000000001,79.0,79.28,80.0,80.75999999999999,81.0,82.0,83.0,83.0,84.0,84.0,85.0,85.0,86.0,87.0,87.0,87.0,88.0,88.12,89.0,89.0,90.0,90.0,91.0,91.0,92.0,92.0,92.0,93.0,93.0,94.0,94.0,95.0,95.0,96.0,96.0,97.0,97.0,97.0,98.0,98.0,98.0,99.0,100.0,100.0,101.0,102.0,102.0,103.0,103.0,103.0,104.0,104.27999999999997,105.0,105.0,106.0,106.0,107.0,107.72000000000003,108.0,108.0,109.0,109.0,110.0,111.0,111.0,112.0,113.0,113.0,113.36000000000001,114.0,115.0,116.08000000000004,119.0,120.0,121.0,122.03999999999996,123.0,125.0,127.51999999999998,135.0,98.0,1000.2941176593304,1000.4745098054409,1000.5960784554482,1000.6941176652908,2000.0117647061124,2000.32549020648,2000.4941176474094,2000.6039215922356,2000.6901960968971,3000.945098042488,171.20711822509764,178.864990234375,183.84998168945313,187.71949157714843,191.13522338867188,194.46744079589843,198.05437164306642,202.47762756347657,210.28469848632812,348.2213134765625,232.9283,0.0,test_data/Useful/Validation/Three eight at 1ft/WhatsApp Image 2024-08-23 at 10.35.39.jpeg,2824.0,1011.0,28.818132447836234
21,49.24,54.0,55.0,58.0,62.2,64.0,66.0,66.0,67.0,68.4,70.0,71.0,72.0,73.0,74.0,74.84,75.08000000000001,76.0,77.0,78.0,78.03999999999999,79.0,80.0,81.0,81.0,82.0,83.0,83.0,84.0,84.0,85.0,85.0,86.0,86.0,87.0,88.0,88.0,88.0,89.0,89.0,90.0,90.0,91.0,91.0,91.80000000000001,92.0,92.0,93.0,93.0,94.0,94.0,95.0,95.0,96.0,96.0,97.0,97.0,97.0,98.0,98.0,98.0,99.0,99.0,100.0,100.0,101.0,102.0,102.0,103.0,103.0,103.03999999999996,104.0,104.51999999999998,105.0,105.0,106.0,107.0,107.0,108.0,109.0,109.0,109.0,110.0,111.0,112.0,112.0,113.0,113.0,114.0,115.0,116.0,116.08000000000004,118.0,118.0,119.0,120.0,121.0,124.0,126.75999999999999,138.0,88.0,1000.2705882489681,1000.4352941215038,1000.5529412031174,1000.6392157077789,1000.7254902124405,2000.0823529437184,2000.3882353007793,2000.556862771511,2000.6705882549286,3000.9686274528503,171.28343200683594,179.010009765625,183.9276611328125,187.7906707763672,191.25381469726562,194.5500946044922,198.08982849121094,202.56516723632814,210.4373779296875,348.1983947753906,232.82686,0.0,test_data/Useful/Validation/Three eight at 1ft/WhatsApp Image 2024-08-23 at 10.36.26.jpeg,2882.0,1055.0,30.444347453307287
22,48.480000000000004,56.0,59.72,61.96,63.0,66.0,67.68,69.0,70.16,71.0,72.0,73.0,74.0,75.36000000000001,77.0,77.0,78.0,79.0,79.0,80.0,80.03999999999999,81.0,82.0,82.75999999999999,83.0,84.0,84.0,85.0,85.0,86.0,87.0,87.0,87.0,88.0,88.0,88.63999999999999,89.0,90.0,90.0,91.0,91.0,92.0,92.0,93.0,93.0,94.0,94.0,95.0,95.0,96.0,97.0,97.0,97.0,98.0,98.0,98.0,98.67999999999995,99.0,100.0,100.0,101.0,101.0,101.0,102.0,102.0,102.0,103.0,104.0,104.0,104.0,105.0,105.0,106.0,107.0,107.0,107.0,108.0,109.0,109.0,110.0,111.0,111.0,112.0,113.0,113.0,114.0,115.0,116.0,117.0,118.0,118.0,119.0,120.0,120.55999999999995,123.0,124.03999999999996,126.0,127.51999999999998,129.76,140.0,98.0,1000.2666666805744,1000.4431372582912,1000.5647059082985,1000.65098041296,1000.7372549176216,2000.0549019612372,2000.3960784375668,2000.572549045086,2000.6862745285034,3000.984313726425,171.55813598632812,179.22976684570312,184.10302734375,188.0657531738281,191.44361114501953,194.74188842773438,198.3024719238281,202.68451538085938,210.44297790527344,348.3030700683594,231.28812,0.0,test_data/Useful/Validation/Three eight at 1ft/WhatsApp Image 2024-08-23 at 10.37.26.jpeg,2809.0,1063.0,28.763296641607973
23,45.480000000000004,50.480000000000004,56.0,58.96,60.0,61.44,62.68000000000001,64.0,65.0,67.0,68.0,69.88,71.12,72.36000000000001,74.0,74.0,75.08000000000001,76.32,78.0,79.0,80.0,80.0,80.0,80.0,81.0,82.0,82.0,83.0,83.0,83.19999999999999,84.0,85.0,85.92000000000002,86.0,86.0,87.0,87.88,88.12,89.0,89.60000000000002,90.0,90.0,91.0,92.0,92.0,93.0,93.0,94.0,94.0,95.0,95.0,96.0,96.0,96.0,97.0,98.0,98.0,99.0,99.0,99.0,100.0,100.0,101.0,102.0,102.0,102.0,103.0,103.0,104.0,104.0,104.0,105.0,105.51999999999998,106.0,106.0,107.0,107.0,108.0,108.0,109.0,109.0,109.0,110.0,111.0,111.0,112.0,112.0,113.0,113.0,114.0,115.0,116.0,117.0,119.0,121.0,122.0,124.0,125.51999999999998,129.76,141.0,80.0,1000.286274522543,1000.4588235318661,1000.5803921818733,1000.6666666865349,1000.7803921699524,2000.2392156869173,2000.4549019634724,2000.5882353186607,2000.6862745285034,3001.0,171.21514892578125,178.80494689941406,183.76071166992188,187.634033203125,191.11849975585938,194.48193359375,198.13290405273438,202.64886474609375,210.44943237304688,348.2427673339844,232.19328,0.0,test_data/Useful/Validation/Three eight at 1ft/WhatsApp Image 2024-08-23 at 10.37.48.jpeg,2855.0,1037.0,29.517854816967358
24,44.480000000000004,54.480000000000004,59.72,62.96,65.2,67.0,68.0,69.0,71.0,72.0,73.0,74.0,74.0,76.0,76.0,77.0,78.0,79.0,79.0,80.0,80.03999999999999,81.0,81.0,82.0,82.0,83.0,83.0,84.0,84.0,85.0,86.0,86.0,87.0,87.0,88.0,88.0,89.0,89.0,89.36000000000001,90.0,90.0,90.0,91.0,91.0,92.0,93.0,93.0,93.0,94.0,94.0,95.0,95.0,96.0,96.0,97.0,98.0,98.0,98.0,99.0,100.0,100.0,100.0,101.0,101.0,101.60000000000002,102.0,102.0,103.0,103.0,103.0,104.0,104.27999999999997,105.0,106.0,106.0,106.0,107.0,108.0,109.0,110.0,110.0,111.0,111.0,112.0,112.0,113.0,113.0,114.0,115.0,115.0,116.84000000000003,117.0,118.0,119.0,120.0,122.0,124.27999999999997,128.0,131.76,135.0,90.0,1000.2705882489681,1000.4431372582912,1000.5607843399048,1000.6470588445663,1000.7411764860153,2000.1529411822557,2000.4235294163227,2000.5764706134796,2000.6823529601097,3001.0,171.02172393798827,178.79996643066406,183.79583587646485,187.66676330566406,191.09886169433594,194.4141387939453,198.04196166992188,202.5753936767578,210.3621063232422,348.2587890625,231.38248,0.0,test_data/Useful/Validation/Three eight at 1ft/WhatsApp Image 2024-08-23 at 10.37.57.jpeg,2867.0,1088.0,30.418594424296558
25,41.0,46.480000000000004,51.72,53.96,58.0,61.0,64.0,65.92,67.0,69.0,70.0,71.0,74.0,75.0,75.0,76.0,77.0,78.0,78.0,78.0,79.0,80.0,80.0,81.0,81.0,82.0,83.0,83.72000000000003,84.0,85.0,85.0,86.0,86.0,87.0,88.0,88.0,89.0,89.0,90.0,90.0,90.0,91.0,92.0,92.0,92.80000000000001,93.0,93.27999999999997,94.0,94.0,94.0,95.0,95.0,96.0,96.0,97.0,97.0,98.0,98.0,99.0,99.0,100.0,100.0,101.0,101.36000000000001,102.0,102.84000000000003,103.0,103.0,104.0,104.0,104.03999999999996,105.0,105.0,105.0,106.0,106.0,107.0,108.0,108.0,109.0,109.44000000000005,110.0,111.0,111.0,112.0,113.0,113.0,114.0,115.0,117.0,118.0,119.0,119.0,120.55999999999995,121.79999999999995,123.0,125.0,127.0,128.0,137.0,105.0,1000.2627451121807,1000.4352941215038,1000.5568627715111,1000.6470588445663,1000.7411764860153,2000.1333333402872,2000.4156862795353,2000.5764706134796,2000.6823529601097,3001.0,171.30125122070314,178.93179626464843,183.8802291870117,187.76559448242188,191.1927490234375,194.5150146484375,198.08731079101562,202.47235107421875,210.3378143310547,348.21527099609375,231.94054,0.0,test_data/Useful/Validation/Three eight at 1ft/WhatsApp Image 2024-08-23 at 10.38.22.jpeg,2909.0,1068.0,30.85640810599372
26,52.0,54.0,55.72,58.0,62.0,64.0,65.0,66.0,66.0,67.4,69.0,71.0,72.0,73.0,74.0,75.0,76.0,77.0,78.0,79.0,80.0,80.0,81.0,81.0,82.0,82.24000000000001,83.0,84.0,84.0,85.0,85.0,86.0,87.0,88.0,88.0,88.0,89.0,89.12,90.0,90.60000000000002,91.0,91.07999999999998,92.0,92.0,93.0,93.0,94.0,94.0,94.0,95.0,95.0,95.48000000000002,96.0,97.0,97.0,98.0,98.0,99.0,99.0,100.0,100.0,100.0,101.0,101.0,101.0,102.0,102.0,103.0,103.0,103.0,104.0,104.0,105.0,105.75999999999999,106.0,107.0,108.0,108.0,109.0,109.0,110.0,111.0,111.91999999999996,112.0,112.0,113.0,114.0,115.0,115.0,116.0,117.0,118.0,119.0,121.0,122.0,123.0,126.0,128.0,131.0,141.0,100.0,1000.2901960909367,1000.4666666686535,1000.5803921818733,1000.6705882549286,1000.8000000119209,2000.2549019753933,2000.458823531866,2000.5882353186607,2000.6823529601097,3001.0,171.13873291015625,178.84664916992188,183.78395080566406,187.65731811523438,191.16273498535156,194.50071716308594,198.10452270507812,202.6204071044922,210.4879150390625,348.1598205566406,233.38266,0.0,test_data/Useful/Validation/Three eight at 1ft/WhatsApp Image 2024-08-23 at 10.42.05.jpeg,2812.0,1074.0,29.156214022177352
27,48.24,52.480000000000004,55.0,58.0,61.0,62.44,64.0,65.92,68.0,69.0,70.0,71.88,73.0,74.0,75.0,76.0,76.0,77.0,78.0,79.0,79.0,80.0,80.0,80.75999999999999,81.0,82.0,83.0,83.72000000000003,84.0,85.0,85.0,85.0,86.0,86.0,87.0,87.0,88.0,88.0,88.36000000000001,89.0,90.0,90.0,91.0,91.0,92.0,92.04000000000002,93.0,93.0,94.0,95.0,95.24000000000001,96.0,97.0,97.0,98.0,98.0,98.0,98.0,99.0,99.0,100.0,100.0,101.0,101.0,102.0,102.0,103.0,103.0,104.0,104.0,105.0,105.27999999999997,106.0,106.75999999999999,107.0,108.0,108.0,109.0,109.96000000000004,110.0,110.44000000000005,111.0,112.0,112.0,113.0,114.0,114.0,115.0,116.0,117.0,118.0,118.08000000000004,119.0,120.0,121.0,122.0,123.27999999999997,125.51999999999998,130.0,138.0,98.0,1000.2705882489681,1000.447058826685,1000.5647059082985,1000.6549019813538,1000.7411764860153,2000.0470588244498,2000.4039215743542,2000.5803921818733,2000.6941176652908,3000.984313726425,171.64686584472656,179.3094024658203,184.2265167236328,188.1094970703125,191.53671264648438,194.8477020263672,198.44668579101562,202.8170928955078,210.61056518554688,348.31756591796875,231.69539,0.0,test_data/Useful/Validation/Three eight at 1ft/WhatsApp Image 2024-08-23 at 10.42.50.jpeg,2956.0,1065.0,35.132721948231314
28,47.0,51.0,58.0,62.0,63.0,64.0,66.0,67.0,68.0,69.0,70.64,72.0,72.0,73.0,74.0,75.84,77.0,78.0,78.0,79.0,79.0,80.0,80.0,80.0,81.0,81.24000000000001,83.0,83.0,83.0,84.0,85.0,86.0,86.0,87.0,87.39999999999998,89.0,89.0,90.0,90.0,90.0,91.0,92.0,92.0,93.0,93.80000000000001,94.0,94.0,94.0,95.0,95.0,96.0,96.0,97.0,97.0,98.0,98.0,98.0,99.0,99.0,99.0,100.0,100.0,101.0,102.0,102.0,102.0,103.0,103.0,104.0,104.0,105.0,105.0,105.51999999999998,106.0,106.0,107.0,107.0,108.0,108.0,109.0,110.0,110.0,111.0,111.0,112.0,112.0,113.0,114.0,115.0,116.0,117.0,118.0,119.0,120.0,121.0,123.0,126.27999999999997,130.03999999999996,134.76,139.0,94.0,1000.2941176593304,1000.4745098054409,1000.5921568870544,1000.6862745285034,1000.8313725590706,2000.2901960909367,2000.4823529422283,2000.6039215922356,2000.6980392336845,3001.0,171.22486877441406,178.988427734375,183.89495849609375,187.7738037109375,191.26893615722656,194.5628662109375,198.07305908203125,202.54820251464844,210.3667449951172,348.3130187988281,230.27444,0.0,test_data/Useful/Validation/Three eight at 1ft/WhatsApp Image 2024-08-23 at 10.42.58.jpeg,2900.0,1084.0,29.550700083069643
29,44.24,50.0,55.0,59.0,62.0,64.0,65.0,66.0,68.0,69.0,70.0,71.88,73.0,74.0,75.0,75.84,76.0,77.0,77.0,78.0,79.0,79.28,80.0,80.0,81.0,81.0,82.0,83.0,83.0,84.0,84.44,85.68,86.0,87.0,87.0,88.0,88.0,89.0,90.0,90.0,91.0,91.0,91.0,92.0,93.0,93.0,93.0,93.51999999999998,94.0,94.0,95.0,95.48000000000002,96.0,96.0,96.0,97.0,97.0,98.0,98.0,98.0,99.0,99.88,100.0,100.0,101.0,101.0,102.0,103.0,103.0,103.0,104.0,105.0,105.0,105.0,106.0,106.0,107.0,108.0,108.0,109.0,109.0,110.0,110.0,111.15999999999997,112.0,113.0,114.0,114.0,115.0,116.0,116.84000000000003,118.0,120.0,121.0,122.79999999999995,124.0,125.0,126.0,128.0,138.0,96.0,1000.286274522543,1000.4627451002598,1000.584313750267,1000.6745098233223,1000.7843137383461,2000.215686276555,2000.458823531866,2000.6000000238419,2000.6980392336845,3000.984313726425,171.2963653564453,178.95008239746093,183.9453872680664,187.8894012451172,191.34010314941406,194.74090576171875,198.337158203125,202.80963134765625,210.60354614257812,348.3008117675781,231.90843,0.0,test_data/Useful/Validation/Three eight at 1ft/WhatsApp Image 2024-08-23 at 10.43.04.jpeg,2993.0,1114.0,32.070920154353146
30,44.0,50.480000000000004,56.0,61.0,62.0,63.0,65.68,67.0,70.0,71.0,72.0,72.0,73.0,73.0,74.0,74.84,75.08000000000001,76.0,77.56,78.0,79.0,80.0,80.52000000000001,81.0,81.0,82.0,83.0,83.0,83.0,84.0,85.0,85.0,85.0,86.0,86.0,87.0,88.0,89.0,89.0,89.60000000000002,90.0,90.0,91.0,91.56,92.0,92.0,92.27999999999997,93.0,93.0,94.0,95.0,95.0,95.0,96.0,96.0,96.0,97.0,97.0,98.0,99.0,99.0,100.0,100.0,101.0,101.0,102.0,102.0,103.0,103.0,103.79999999999995,104.0,104.0,105.0,106.0,106.0,107.0,107.0,108.0,109.0,109.20000000000005,110.44000000000005,111.0,112.0,113.0,113.0,114.0,114.0,115.0,115.36000000000001,116.60000000000002,117.0,118.0,119.0,120.0,121.0,122.0,123.27999999999997,127.0,131.0,136.0,92.0,1000.2705882489681,1000.4431372582912,1000.5647059082985,1000.65098041296,1000.7568627595901,2000.1843137294054,2000.4352941215038,2000.5803921818733,2000.6823529601097,3000.9803921580315,171.2642608642578,178.94594116210936,183.87954711914062,187.76091918945312,191.1898651123047,194.58260498046874,198.1707336425781,202.69158935546875,210.55624389648438,348.1597595214844,232.19652,0.0,test_data/Useful/Validation/Three eight at 1ft/WhatsApp Image 2024-08-23 at 10.43.10.jpeg,2872.0,1107.0,33.28562853707929
31,48.480000000000004,53.480000000000004,56.0,61.0,63.0,64.0,65.68,67.92,69.0,71.0,73.0,74.0,75.0,75.0,76.0,76.0,77.0,78.0,79.0,79.0,80.0,80.28,82.0,82.75999999999999,83.0,84.0,84.0,85.0,85.0,86.0,87.0,87.0,87.0,88.0,89.0,89.0,89.0,90.0,90.0,90.0,91.0,92.0,92.0,93.0,93.0,94.0,94.0,95.0,95.0,96.0,96.0,96.48000000000002,97.0,98.0,98.0,99.0,99.0,99.0,100.0,100.39999999999998,101.0,101.0,102.0,102.0,103.0,103.0,104.0,104.0,104.0,105.0,105.0,106.0,106.0,107.0,108.0,108.0,109.0,109.0,110.0,111.0,111.0,112.0,112.0,113.0,113.0,114.0,114.88,115.0,116.0,117.0,117.84000000000003,118.0,119.0,119.55999999999995,120.79999999999995,122.03999999999996,125.0,126.51999999999998,128.76,141.0,87.0,1000.2666666805744,1000.4392156898975,1000.5607843399048,1000.6470588445663,1000.7411764860153,2000.1176470592618,2000.4235294163227,2000.5803921818733,2000.6862745285034,3001.0,171.36862182617188,179.1505126953125,183.99713134765625,187.89633178710938,191.40362548828125,194.76107788085938,198.32775573730467,202.78770751953127,210.41964721679688,348.26611328125,231.54036,0.0,test_data/Useful/Validation/Three eight at 1ft/WhatsApp Image 2024-08-23 at 10.43.13.jpeg,2874.0,1129.0,34.01522610965132
32,41.0,47.0,51.72,54.0,57.0,60.44,63.0,64.0,66.0,67.0,68.0,70.0,71.12,72.0,73.6,74.0,76.0,76.0,77.0,78.0,79.0,79.28,80.0,80.75999999999999,82.0,82.0,83.0,83.72000000000003,84.0,84.0,85.0,85.0,86.0,87.0,87.0,88.0,88.0,89.0,89.0,90.0,90.0,90.0,91.0,91.0,92.0,92.04000000000002,93.0,94.0,94.0,94.0,95.0,95.0,96.0,96.96000000000004,97.0,97.0,97.0,98.0,98.0,99.0,99.0,99.0,100.0,100.0,101.0,101.0,102.0,102.0,103.0,103.0,104.0,105.0,105.0,105.0,106.0,106.0,107.0,107.0,108.0,109.0,109.0,110.0,110.91999999999996,112.0,112.0,113.0,114.0,114.12,115.0,116.0,117.0,119.0,120.0,121.0,123.79999999999995,124.0,126.0,127.0,131.51999999999998,144.0,97.0,1000.2705882489681,1000.4431372582912,1000.5607843399048,1000.6431372761726,1000.7333333492279,2000.0509803928435,2000.4039215743542,2000.5764706134796,2000.6862745285034,3000.972549021244,171.5800582885742,179.28563537597657,184.25141448974608,188.13604736328125,191.52313995361328,194.85787048339844,198.3775634765625,202.81198120117188,210.41403198242188,348.29913330078125,232.60957,0.0,test_data/Useful/Validation/Three eight at 1ft/WhatsApp Image 2024-08-23 at 10.43.15.jpeg,2947.0,1096.0,25.893054995132506
33,51.0,54.480000000000004,58.44,61.0,64.0,65.0,66.0,67.0,68.0,69.0,71.0,71.0,72.0,73.36000000000001,74.0,75.0,76.0,76.32,77.0,78.0,79.03999999999999,80.0,81.0,81.0,82.0,82.0,83.0,83.0,84.0,84.19999999999999,85.0,86.0,86.0,87.0,88.0,88.0,89.0,89.0,90.0,90.0,91.0,92.0,92.0,93.0,93.0,93.0,94.0,94.0,95.0,95.0,95.0,96.0,96.0,96.0,97.0,98.0,99.0,99.0,99.0,100.0,100.0,100.0,101.0,101.0,102.0,102.0,102.0,103.0,104.0,104.0,105.0,105.0,105.0,106.0,106.0,107.0,107.0,108.0,108.0,109.0,109.0,110.0,110.0,111.0,111.0,112.0,113.0,114.0,115.0,115.0,116.0,118.0,118.32000000000005,120.0,122.0,123.0,125.0,128.0,134.51999999999998,139.0,95.0,1000.2823529541492,1000.4588235318661,1000.5764706134796,1000.6666666865349,1000.7686274647713,2000.188235297799,2000.4509803950787,2000.5960784554482,2000.7019608020782,3001.0,171.5965133666992,179.43245849609374,184.3262176513672,188.1634307861328,191.62435913085938,194.96990966796875,198.5276641845703,202.90953063964844,210.55307006835938,348.26116943359375,231.65176,0.0,test_data/Useful/Validation/Three eight at 1ft/WhatsApp Image 2024-08-23 at 10.43.17.jpeg,2937.0,1090.0,31.45928288255949
34,44.96,53.480000000000004,57.72,60.0,62.0,64.0,67.0,70.0,71.0,72.0,73.0,73.0,74.0,75.0,76.0,77.0,78.0,79.0,80.0,80.0,80.0,81.0,81.52000000000001,82.75999999999999,83.0,83.0,84.0,85.0,85.0,86.0,87.0,87.0,88.0,88.0,89.0,89.0,90.0,90.0,91.0,91.0,91.0,92.0,93.0,93.0,94.0,94.0,94.0,95.0,95.0,95.0,96.0,96.0,97.0,97.0,98.0,98.0,99.0,99.0,100.0,100.0,100.63999999999999,101.0,102.0,102.0,103.0,103.0,104.0,104.0,104.55999999999995,105.0,105.0,106.0,106.0,107.0,107.0,108.0,108.0,108.0,109.0,110.0,111.0,112.0,112.0,113.0,113.39999999999998,114.0,115.0,115.0,116.0,116.0,117.84000000000003,118.0,120.0,121.0,122.0,122.03999999999996,124.0,126.0,130.0,140.0,94.0,1000.2823529541492,1000.4588235318661,1000.5725490450859,1000.6549019813538,1000.7411764860153,2000.043137256056,2000.4000000059605,2000.5764706134796,2000.6862745285034,3000.9921568632126,171.40885162353516,179.09813842773437,184.02448272705078,187.890283203125,191.37494659423828,194.70162353515624,198.29019165039062,202.67666625976562,210.35366821289062,348.39697265625,232.24847,0.0,test_data/Useful/Validation/Three eight at 1ft/WhatsApp Image 2024-08-23 at 10.43.18.jpeg,2794.0,1061.0,32.26056503873656
35,47.480000000000004,52.96,57.0,59.0,63.0,64.44,66.0,67.0,71.0,72.0,72.64,73.0,74.12,75.0,76.0,76.84,77.0,78.0,78.56,79.0,80.0,80.28,81.0,81.75999999999999,82.0,83.0,83.48000000000002,84.0,85.0,85.19999999999999,86.0,86.0,87.0,87.0,87.39999999999998,88.0,88.0,89.0,89.36000000000001,90.0,90.0,91.0,91.0,91.56,92.0,93.0,93.27999999999997,94.0,94.0,94.0,95.0,95.0,95.72000000000003,96.0,96.0,97.0,97.67999999999995,98.0,98.0,99.0,99.0,100.0,100.0,101.0,101.0,102.0,102.0,103.0,103.0,104.0,104.0,104.0,105.0,105.0,106.0,106.0,106.0,107.0,107.0,108.0,109.0,109.0,110.0,110.15999999999997,111.0,112.0,113.0,113.12,114.0,115.60000000000002,117.0,118.0,118.0,119.0,120.0,122.0,123.27999999999997,126.0,130.0,139.0,94.0,1000.2901960909367,1000.4745098054409,1000.5921568870544,1000.6901960968971,1000.8745098114014,2000.3098039329052,2000.4901960790157,2000.6039215922356,2000.6941176652908,3000.988235294819,171.2738830566406,178.94532470703126,183.87180786132814,187.75152587890625,191.2201690673828,194.5596466064453,198.1560516357422,202.58251953125,210.40478820800783,348.19964599609375,232.32382,0.0,test_data/Useful/Validation/Three eight at 1ft/WhatsApp Image 2024-08-23 at 10.43.19 (1).jpeg,2834.0,1061.0,31.09039378070167
36,36.2,50.480000000000004,52.72,56.0,58.0,60.0,63.68000000000001,65.0,67.0,68.0,68.64,70.88,71.12,72.0,73.0,73.84,74.0,75.0,76.0,77.0,78.03999999999999,79.0,79.52000000000001,81.0,81.0,82.0,83.0,83.0,84.0,85.0,85.0,85.0,86.0,86.0,87.0,87.0,88.0,88.0,89.0,89.0,90.0,90.0,90.0,90.0,91.0,91.0,92.0,92.0,93.0,93.0,94.0,94.0,94.0,95.0,95.0,96.0,96.0,97.0,97.0,98.0,98.0,99.0,99.0,99.0,100.0,100.0,100.08000000000004,101.0,101.55999999999995,102.0,102.0,103.0,103.0,104.0,105.0,105.24000000000001,106.0,106.0,107.0,108.0,108.0,109.0,109.0,110.15999999999997,111.0,111.63999999999999,113.0,114.0,115.0,116.0,116.0,117.0,118.0,119.0,121.0,123.0,125.0,126.0,127.75999999999999,139.0,90.0,1000.2784313857555,1000.4549019634724,1000.5764706134796,1000.6666666865349,1000.8000000119209,2000.2627451121807,2000.4705882370472,2000.5921568870544,2000.6862745285034,3000.9647058844566,171.2452819824219,178.90447998046875,183.85634765625,187.78445434570312,191.24088287353516,194.6171875,198.1494140625,202.6146240234375,210.51138305664062,348.1971740722656,231.50528,0.0,test_data/Useful/Validation/Three eight at 1ft/WhatsApp Image 2024-08-23 at 10.43.19 (2).jpeg,2951.0,1070.0,29.055868557174257
37,46.24,52.480000000000004,57.0,59.0,64.0,64.0,66.0,67.0,68.16,69.0,70.0,70.0,71.0,71.36000000000001,72.0,73.0,74.08000000000001,76.0,77.0,78.0,79.0,80.0,80.52000000000001,81.0,82.0,83.0,83.0,84.0,84.0,85.0,85.0,86.0,86.0,87.0,88.0,88.0,89.0,89.12,90.0,91.0,91.0,91.0,91.0,92.0,93.0,93.0,93.27999999999997,94.0,95.0,95.0,96.0,96.0,97.0,97.0,97.0,98.0,98.0,98.0,99.0,100.0,100.0,101.0,101.0,102.0,102.0,103.0,103.0,104.0,105.0,105.0,106.0,106.0,107.0,107.0,107.0,108.0,108.0,109.0,110.0,110.0,111.0,111.0,112.0,112.0,112.39999999999998,114.0,114.0,115.0,116.0,117.0,117.0,119.0,119.32000000000005,121.0,122.79999999999995,125.0,126.0,127.51999999999998,132.0,139.0,91.0,1000.2823529541492,1000.4588235318661,1000.5764706134796,1000.6627451181412,1000.7647058963776,2000.1921568661928,2000.4549019634724,2000.5921568870544,2000.6941176652908,3000.9764705896378,171.39425659179688,179.0877685546875,184.00831604003906,187.88650512695312,191.36170959472656,194.67261352539063,198.23829650878906,202.63511657714844,210.2792205810547,348.3482360839844,230.81969,0.0,test_data/Useful/Validation/Three eight at 1ft/WhatsApp Image 2024-08-23 at 10.43.19.jpeg,2826.0,1065.0,34.11984350689984
38,40.0,47.44,51.0,54.0,58.2,60.879999999999995,63.68000000000001,65.0,65.0,66.0,67.0,68.0,70.0,70.0,71.0,72.0,73.0,74.0,74.56,75.0,76.0,76.0,77.0,78.0,79.0,79.0,80.0,80.0,81.0,81.0,82.0,82.0,83.0,84.0,84.0,85.0,85.0,86.0,86.0,87.0,87.0,87.0,88.0,88.56,89.0,90.0,90.0,91.0,92.0,92.0,93.0,93.0,94.0,94.0,95.0,95.0,96.0,96.0,97.0,97.0,97.0,98.0,98.0,98.0,98.0,99.0,99.0,100.0,100.0,100.79999999999995,101.0,101.0,102.0,103.0,104.0,105.0,105.48000000000002,106.0,106.0,107.0,107.44000000000005,108.0,109.0,110.0,110.0,111.0,112.0,112.0,113.0,114.0,115.0,116.0,118.0,119.55999999999995,121.0,123.0,125.0,127.0,130.76,140.0,98.0,1000.3333333432674,1000.5058823823929,1000.6549019813538,1000.7921568751335,2000.203921571374,2000.3882353007793,2000.517647087574,2000.6274510025978,2000.7294117808342,3001.0,172.8134536743164,180.45858764648438,185.38348388671875,189.29611206054688,192.7238311767578,196.03005981445312,199.5576919555664,203.981689453125,211.57659912109375,348.1420593261719,230.55695,0.0,test_data/Useful/Validation/Three eight at 1ft/WhatsApp Image 2024-08-23 at 10.43.20 (1).jpeg,3336.0,1207.0,28.126748508430243
39,28.240000000000002,43.44,49.0,52.0,57.2,61.44,63.0,64.0,65.0,66.0,67.0,69.0,70.12,71.0,72.0,73.0,73.08000000000001,74.0,75.0,76.0,77.0,77.0,78.0,79.0,79.0,80.0,81.0,81.0,82.0,82.19999999999999,83.0,83.0,84.0,85.0,86.0,86.0,87.0,88.0,88.0,88.60000000000002,89.0,89.07999999999998,90.0,90.0,90.0,91.0,91.0,92.0,92.0,93.0,94.0,94.0,95.0,95.0,95.20000000000005,96.0,96.0,96.0,97.0,97.0,98.0,98.0,99.0,99.0,99.0,100.0,100.0,100.0,101.0,101.0,102.0,102.27999999999997,103.0,103.75999999999999,104.0,105.0,106.0,107.0,107.0,108.0,109.0,109.0,109.0,110.15999999999997,111.0,112.0,113.0,113.0,114.0,114.0,115.0,117.0,118.0,118.55999999999995,120.0,121.0,123.0,125.51999999999998,130.0,137.0,96.0,1000.3176470696926,1000.4745098054409,1000.611764729023,1000.7294117808342,1000.8784313797951,2000.3019607961178,2000.4666666686535,2000.5960784554482,2000.7098039388657,3001.0,172.75603485107422,180.43917846679688,185.38668518066407,189.22105712890627,192.60679626464844,195.96533203125,199.5171356201172,203.9712371826172,211.5050048828125,348.16339111328125,230.73154,0.0,test_data/Useful/Validation/Three eight at 1ft/WhatsApp Image 2024-08-23 at 10.43.20 (2).jpeg,3256.0,1179.0,31.127261992356367
40,44.24,50.0,53.0,54.96,57.2,60.0,61.0,63.0,66.0,67.0,68.0,69.0,71.0,71.36000000000001,72.6,73.0,74.0,74.0,75.0,76.0,77.0,77.0,78.0,78.0,79.0,80.0,80.0,81.0,82.0,82.0,83.44,84.0,84.0,85.0,86.0,86.0,87.0,88.0,88.0,89.0,89.83999999999997,90.0,91.0,91.0,92.0,92.0,92.0,93.0,93.0,93.0,94.0,94.48000000000002,95.0,96.0,96.0,96.0,97.0,97.0,98.0,98.0,99.0,99.0,99.0,100.0,100.0,101.0,101.0,102.0,102.0,102.0,103.0,103.0,104.0,104.75999999999999,105.0,106.0,107.0,107.0,107.0,107.0,108.0,108.0,109.0,109.0,110.0,111.0,112.0,113.0,114.0,115.0,116.0,117.08000000000004,119.0,119.0,121.0,123.07999999999993,126.0,128.0,131.76,137.0,107.0,1000.2509804069996,1000.3960784375668,1000.5137255191803,1000.6156862974167,1000.7137255072594,2000.0039215688594,2000.380392163992,2000.5529412031174,2000.6705882549286,3000.984313726425,171.7362258911133,179.3608367919922,184.26361389160155,188.1815399169922,191.59310913085938,194.9031555175781,198.53567504882812,202.97030639648438,210.77491760253906,348.2510070800781,231.67361,0.0,test_data/Useful/Validation/Three eight at 1ft/WhatsApp Image 2024-08-23 at 10.43.38 (1).jpeg,3127.0,1151.0,29.398751054392047
41,43.24,47.480000000000004,51.0,54.0,57.0,58.0,59.0,61.92,63.0,65.0,66.0,67.0,69.0,70.36000000000001,71.0,72.0,73.08000000000001,74.0,76.0,76.0,77.0,78.0,78.0,79.0,79.0,80.0,80.0,81.0,82.0,82.0,83.0,83.0,84.0,84.0,84.0,85.0,85.0,86.0,86.0,87.0,88.0,89.0,89.0,89.0,90.0,90.0,91.0,91.0,92.0,92.0,93.0,93.0,93.0,94.0,94.20000000000005,95.0,96.0,96.0,97.0,97.0,98.0,98.0,99.0,100.0,100.0,101.0,102.0,102.0,102.0,102.0,103.0,104.0,104.0,104.0,105.0,105.24000000000001,106.0,106.72000000000003,107.0,107.0,108.0,109.0,109.0,110.0,111.0,111.63999999999999,112.0,114.0,115.0,115.0,116.0,117.0,118.0,119.0,121.0,121.03999999999996,123.0,125.0,127.75999999999999,139.0,102.0,1000.258823543787,1000.4039215743542,1000.5254902243614,1000.6274510025978,1000.7254902124405,2000.0980392172933,2000.3960784375668,2000.556862771511,2000.6745098233223,3000.9960784316063,171.67402191162108,179.4368896484375,184.43809509277344,188.28836059570312,191.67547607421875,195.02197875976563,198.5558822631836,203.02387084960938,210.53875732421875,348.3307189941406,230.75607,0.0,test_data/Useful/Validation/Three eight at 1ft/WhatsApp Image 2024-08-23 at 10.43.38 (2).jpeg,3153.0,1143.0,32.22911418077669
42,44.480000000000004,48.480000000000004,51.72,55.92,58.0,60.0,61.0,63.0,65.0,66.0,67.0,67.88,69.12,70.36000000000001,71.6,72.0,74.0,75.0,75.56,76.0,78.0,78.0,79.0,80.0,80.0,81.0,81.0,82.0,82.0,83.0,83.0,84.0,84.0,85.0,85.0,86.0,86.0,87.0,87.0,87.0,88.0,88.0,89.0,89.0,90.0,90.0,90.0,91.0,91.0,92.0,92.0,93.0,93.0,94.0,95.0,95.0,96.0,96.91999999999996,97.0,98.0,98.0,98.0,99.0,99.0,100.0,100.0,100.08000000000004,101.0,101.0,102.0,102.0,102.27999999999997,103.0,104.0,104.0,104.0,105.0,106.0,106.0,107.0,108.0,108.0,109.0,110.0,110.0,111.0,112.0,113.0,114.0,114.60000000000002,115.0,117.0,117.0,118.0,119.0,120.0,122.0,123.0,128.03999999999996,133.0,90.0,1000.2274509817362,1000.3607843220234,1000.4666666686535,1000.5607843399048,1000.6431372761726,1000.7215686440468,1000.905882358551,2000.4431372582912,2000.6352941393852,3000.9960784316063,171.78010101318358,179.45236511230468,184.3555908203125,188.269921875,191.74061584472656,195.0682830810547,198.65573120117188,203.0904998779297,210.66856384277344,348.28741455078125,230.26762,0.0,test_data/Useful/Validation/Three eight at 1ft/WhatsApp Image 2024-08-23 at 10.43.38.jpeg,3130.0,1115.0,32.572085871704445
43,41.24,48.480000000000004,53.0,56.0,59.0,60.44,63.0,66.0,68.0,68.0,69.0,71.0,71.0,72.0,73.0,74.0,74.08000000000001,75.0,76.0,77.0,77.03999999999999,78.0,79.52000000000001,80.0,81.0,81.0,82.0,83.0,84.0,84.19999999999999,85.0,85.0,85.0,86.0,87.0,87.0,88.0,88.0,88.0,89.0,89.0,90.0,90.0,91.0,91.0,92.0,92.0,93.0,93.0,94.0,94.0,95.0,95.0,95.96000000000004,96.0,97.0,97.0,97.0,97.15999999999997,98.0,99.0,99.0,100.0,100.0,101.0,101.0,101.0,102.0,102.0,103.0,103.0,104.0,104.0,105.0,105.0,106.0,107.0,107.0,107.96000000000004,108.0,109.0,109.0,110.0,111.0,112.0,112.0,113.88,114.0,115.0,116.0,117.0,117.08000000000004,118.0,119.0,120.0,121.0,121.0,124.0,128.0,133.0,101.0,1000.2509804069996,1000.392156869173,1000.5137255191803,1000.611764729023,1000.705882370472,1000.8862745165825,2000.364705890417,2000.54509806633,2000.6666666865349,3001.0,171.52108764648438,179.27938842773438,184.24496459960938,188.14207458496094,191.56049346923828,194.91220092773438,198.56869506835938,203.058349609375,210.84890747070312,348.2244567871094,231.24176,0.0,test_data/Useful/Validation/Three eight at 1ft/WhatsApp Image 2024-08-23 at 10.43.39 (1).jpeg,3105.0,1149.0,25.481432141401026
44,43.24,47.480000000000004,51.72,55.96,57.2,58.0,59.0,62.0,63.0,64.0,65.0,66.0,69.0,70.0,70.0,71.0,72.0,73.32,75.0,76.0,76.0,77.0,77.0,78.0,79.0,79.0,80.0,80.72000000000003,82.0,82.0,82.44,83.0,84.0,84.16000000000003,85.0,86.0,86.0,87.0,87.0,88.0,88.0,89.0,89.32,90.0,90.80000000000001,91.0,92.0,92.0,93.0,94.0,94.0,95.0,95.0,95.96000000000004,96.0,96.0,97.0,97.0,97.0,98.0,98.63999999999999,99.0,100.0,100.0,101.0,101.0,102.0,102.0,103.0,103.0,104.0,104.27999999999997,105.0,106.0,106.0,107.0,108.0,108.0,108.0,109.0,110.0,110.0,111.0,111.0,112.0,112.0,113.0,114.0,115.0,115.0,116.0,117.0,119.0,120.0,121.79999999999995,123.03999999999996,125.0,127.0,128.76,137.0,97.0,1000.2627451121807,1000.4078431427479,1000.5333333611488,1000.6352941393852,1000.7372549176216,2000.1686274558306,2000.4156862795353,2000.5686274766922,2000.678431391716,3001.0,171.50110778808593,179.22044372558594,184.22369079589845,188.17222595214844,191.6088104248047,194.9620361328125,198.56048583984375,202.99302673339844,210.68072509765625,348.300048828125,230.7598,0.0,test_data/Useful/Validation/Three eight at 1ft/WhatsApp Image 2024-08-23 at 10.43.39.jpeg,3147.0,1146.0,25.000943487621445
45,38.72,47.480000000000004,56.0,57.96,59.0,61.0,63.0,65.0,68.0,68.4,70.0,70.88,72.12,74.0,74.6,75.0,76.0,77.0,77.0,78.0,78.0,79.0,80.0,80.0,81.0,81.0,81.48000000000002,82.0,83.0,83.0,84.0,84.0,85.0,85.16000000000003,86.0,86.0,87.0,87.0,88.0,88.0,89.0,89.0,89.0,90.0,91.0,91.0,91.27999999999997,92.0,92.75999999999999,93.0,94.0,95.0,95.0,95.0,96.0,97.0,97.0,97.0,98.0,98.0,99.0,99.0,100.0,100.0,100.0,101.0,101.0,102.0,102.0,102.0,103.0,104.0,104.0,104.75999999999999,105.0,106.0,106.0,107.0,107.0,108.0,108.0,109.0,109.91999999999996,110.0,111.0,111.0,112.0,113.0,113.0,115.0,115.0,116.0,117.0,118.0,119.0,120.0,122.27999999999997,125.0,129.76,142.0,100.0,1000.2549019753933,1000.4039215743542,1000.5294117927551,1000.6313725709915,1000.7372549176216,2000.1568627506495,2000.4117647111416,2000.5647059082985,2000.6745098233223,3001.0,171.80111846923828,179.5676696777344,184.49303436279297,188.39134216308594,191.80075073242188,195.1559600830078,198.6865249633789,203.11711730957032,210.76101684570312,348.28973388671875,230.3649,0.0,test_data/Useful/Validation/Three eight at 1ft/WhatsApp Image 2024-08-23 at 10.43.40 (1).jpeg,3082.0,1125.0,29.34301559245506
46,47.96,54.0,56.44,59.0,62.0,62.44,63.68000000000001,65.0,66.0,68.0,68.0,69.88,71.0,72.0,73.0,73.84,75.08000000000001,76.0,77.0,77.80000000000001,78.0,79.0,79.52000000000001,80.0,80.0,81.24000000000001,82.0,82.0,83.0,84.0,85.0,85.0,86.0,86.0,86.0,87.0,87.0,87.0,87.0,88.0,88.83999999999997,89.0,89.0,90.0,90.0,91.0,91.0,92.0,93.0,93.0,93.0,94.0,94.0,94.0,95.0,95.0,95.0,96.0,96.0,97.0,97.0,98.0,98.0,99.0,99.0,100.0,100.0,101.0,101.0,102.0,102.0,103.0,103.0,104.0,104.0,105.0,105.0,105.0,106.0,107.0,107.0,108.0,109.0,109.15999999999997,111.0,111.0,112.0,113.0,114.0,114.60000000000002,115.0,116.08000000000004,117.32000000000005,119.0,119.0,121.0,123.0,124.0,127.75999999999999,133.0,87.0,1000.3294117748737,1000.4901960790157,1000.6156862974167,1000.7294117808342,2000.1450980454683,2000.3490196168423,2000.4823529422283,2000.5882353186607,2000.678431391716,3000.956862747669,171.383544921875,179.04037475585938,184.0402862548828,187.94082641601562,191.42791748046875,194.86663818359375,198.58987426757812,203.18328857421875,211.397216796875,348.0989990234375,230.21066,0.0,test_data/Useful/Validation/Three eight at 1ft/WhatsApp Image 2024-08-23 at 10.43.40 (2).jpeg,3116.0,1112.0,28.923424712523676
47,41.24,48.0,51.0,55.0,57.0,58.44,60.0,62.0,64.0,65.4,67.0,68.0,70.0,70.36000000000001,71.0,72.0,73.0,74.0,75.0,76.0,77.0,78.0,79.0,80.0,80.0,81.0,81.0,82.0,82.0,83.0,83.0,83.0,84.0,84.0,85.0,86.0,86.0,87.0,88.0,89.0,89.0,90.0,90.0,91.0,91.0,92.0,93.0,93.0,94.0,94.0,95.0,96.0,96.0,96.0,97.0,97.0,97.0,98.0,98.0,98.0,99.0,99.0,99.0,100.0,100.0,101.0,101.0,102.0,102.0,103.0,103.03999999999996,104.0,104.0,105.0,105.0,105.0,106.0,106.0,107.0,107.0,108.0,108.0,109.0,110.0,111.0,112.0,112.0,113.0,113.36000000000001,114.60000000000002,115.0,116.0,117.0,118.0,118.0,120.0,120.27999999999997,123.0,128.51999999999998,137.0,99.0,1000.2313725501299,1000.3607843220234,1000.4705882370472,1000.5647059082985,1000.6431372761726,1000.7294117808342,2000.0352941192687,2000.4509803950787,2000.6352941393852,3000.9803921580315,171.7290298461914,179.48766479492187,184.33067932128907,188.23815002441407,191.68502807617188,195.02638244628906,198.67193603515625,203.25604248046875,211.07565307617188,348.19061279296875,231.32475,0.0,test_data/Useful/Validation/Three eight at 1ft/WhatsApp Image 2024-08-23 at 10.43.40.jpeg,3141.0,1134.0,31.135583080926438
48,26.96,36.96,41.72,44.0,46.0,48.44,50.0,52.0,56.0,59.0,61.0,62.0,63.0,64.0,64.0,65.0,67.0,68.0,69.0,69.0,70.03999999999999,71.0,72.0,72.0,73.0,75.0,75.48000000000002,76.0,76.95999999999998,78.0,78.0,79.0,79.0,80.0,81.0,82.0,82.0,83.0,83.0,83.0,83.83999999999997,84.0,84.0,85.0,86.0,86.04000000000002,87.0,88.0,88.0,88.0,89.0,89.0,90.0,91.0,91.0,92.0,93.0,93.0,94.0,94.0,95.0,95.0,96.0,96.0,96.0,97.0,97.0,98.0,98.0,99.0,99.0,99.0,100.0,101.0,101.0,102.0,102.0,103.0,103.96000000000004,104.20000000000005,105.0,105.67999999999995,106.0,107.0,107.0,108.0,109.0,110.0,111.0,112.0,113.0,114.0,115.0,116.0,118.0,120.03999999999996,122.27999999999997,124.0,127.0,135.0,83.0,1000.4000000059605,1000.5764706134796,1000.7098039388657,1000.8352941274643,2000.2509804069996,2000.4627451002598,2000.6000000238419,2000.6980392336845,2000.7960784435272,3001.0,173.99896240234375,181.65628051757812,186.58494567871094,190.42662048339844,193.81365203857422,197.07762756347657,200.5419158935547,204.78372192382812,211.88226318359375,348.5697937011719,233.48405,0.0,test_data/Useful/Validation/Three eight at 1ft/WhatsApp Image 2024-08-23 at 10.43.41 (1).jpeg,3486.0,1193.0,32.05264609747849
49,25.48,34.480000000000004,39.72,44.96,47.0,49.44,51.68000000000001,54.0,56.0,57.0,58.0,59.0,60.120000000000005,62.0,63.0,64.0,65.0,66.0,67.0,67.0,68.03999999999999,70.0,71.0,71.75999999999999,72.0,73.0,74.0,74.0,75.0,76.0,76.0,77.0,78.0,78.0,79.0,80.0,80.88,81.0,81.0,82.0,83.0,84.0,84.0,85.0,85.80000000000001,86.0,86.27999999999997,87.0,87.0,88.0,88.0,89.0,89.0,89.0,90.0,90.0,91.0,91.0,92.0,92.0,93.0,94.0,94.0,95.0,95.0,95.0,96.0,96.0,97.0,98.0,98.0,99.0,99.0,100.0,100.0,101.0,102.0,102.0,103.0,103.0,104.0,104.0,105.0,106.0,106.0,107.0,108.0,110.0,110.0,112.0,113.0,114.0,115.0,116.0,117.0,119.03999999999996,122.0,124.0,126.75999999999999,137.0,87.0,1000.4274509847164,1000.6156862974167,1000.7529411911964,1000.9137254953384,2000.3450980484486,2000.5019608139992,2000.6196078658104,2000.705882370472,2000.800000011921,3001.0,173.6897705078125,181.4019775390625,186.3752655029297,190.25836181640625,193.62591552734375,196.9450225830078,200.4540252685547,204.82398986816406,212.11474609375,348.5325927734375,232.5033,0.0,test_data/Useful/Validation/Three eight at 1ft/WhatsApp Image 2024-08-23 at 10.43.41 (2).jpeg,3571.0,1235.0,26.496431797989736
50,25.48,40.44,44.0,45.96,48.0,50.44,54.0,55.92,57.0,59.0,59.0,60.879999999999995,62.0,63.0,64.0,64.0,65.0,67.0,67.0,69.0,69.0,70.0,71.0,71.0,72.0,72.24000000000001,73.0,74.0,75.0,75.0,76.0,77.0,77.92000000000002,78.0,79.0,80.0,81.0,81.0,82.0,82.0,83.0,84.0,84.32,85.0,86.0,87.0,87.0,88.0,88.75999999999999,89.0,89.0,89.0,90.0,91.0,91.0,92.0,92.0,93.0,93.0,94.0,94.0,95.0,95.0,96.0,96.0,96.0,97.0,97.0,98.0,99.0,99.0,99.0,100.0,100.0,101.0,101.0,102.0,102.0,103.0,103.0,105.0,106.0,106.0,107.0,107.0,108.0,108.88,109.0,110.0,111.0,112.0,113.0,115.0,116.0,117.79999999999995,120.0,122.0,124.0,126.0,136.0,89.0,1000.3960784375668,1000.5686274766922,1000.7019608020782,1000.8196078538895,2000.2078431397676,2000.4509803950787,2000.5882353186607,2000.6941176652908,2000.7921568751335,3001.0,173.81088256835938,181.47977294921876,186.43902282714842,190.27396240234376,193.6827392578125,197.02670288085938,200.53628540039062,204.792236328125,212.02017211914062,348.5509948730469,233.28178,0.0,test_data/Useful/Validation/Three eight at 1ft/WhatsApp Image 2024-08-23 at 10.43.41.jpeg,3570.0,1224.0,27.620350144029533
51,22.0,35.0,37.72,40.0,44.2,48.0,50.0,51.92,54.0,55.400000000000006,57.0,58.0,60.0,61.0,62.0,63.0,63.08000000000001,65.0,67.0,68.0,68.03999999999999,69.0,70.0,72.0,73.0,74.0,74.0,75.0,76.0,76.19999999999999,77.0,78.0,78.0,79.0,80.0,80.0,81.0,81.0,82.0,82.0,83.0,84.0,84.32,85.0,85.0,86.0,86.0,87.0,87.0,87.0,88.0,89.0,89.0,89.0,90.0,91.0,92.0,92.0,93.0,93.0,94.0,94.0,95.0,95.0,96.0,96.0,97.0,97.32000000000005,98.0,98.79999999999995,99.0,99.0,100.0,100.75999999999999,101.0,102.0,102.0,103.0,104.0,105.0,105.44000000000005,106.0,107.0,107.15999999999997,108.39999999999998,109.0,110.0,110.12,111.0,111.0,113.0,113.08000000000004,114.0,116.0,117.0,118.0,120.0,122.0,127.0,132.0,89.0,1000.4352941215038,1000.6196078658104,1000.7568627595901,1000.9176470637321,2000.3490196168423,2000.5058823823929,2000.6196078658104,2000.7098039388657,2000.800000011921,3001.0,173.93592681884766,181.4591064453125,186.4026641845703,190.23138427734375,193.64828491210938,196.95089721679688,200.49050903320312,204.84742736816406,212.1310272216797,348.5318298339844,232.7908,0.0,test_data/Useful/Validation/Three eight at 1ft/WhatsApp Image 2024-08-23 at 10.43.42 (1).jpeg,3575.0,1199.0,29.8834938111791
52,29.240000000000002,32.480000000000004,41.72,43.96,48.0,49.44,52.68000000000001,55.0,57.0,58.0,60.0,61.0,63.0,64.0,65.0,65.0,67.0,68.0,69.0,70.0,71.0,72.0,72.0,73.0,74.0,74.0,75.0,76.0,76.0,77.0,77.0,78.68,79.0,79.16000000000003,80.39999999999998,81.0,81.0,82.0,82.0,83.0,83.0,84.0,84.32,85.0,85.0,86.0,86.0,87.0,87.0,88.0,88.0,89.0,89.0,90.0,90.0,91.0,91.0,91.0,92.0,93.0,93.0,94.0,94.0,94.36000000000001,95.0,96.0,96.0,97.0,97.0,98.0,99.0,99.0,100.0,100.0,101.0,101.0,102.0,103.0,104.0,105.0,105.0,106.0,107.0,108.0,108.0,109.0,110.0,110.0,111.0,112.0,113.0,114.0,115.0,115.55999999999995,118.0,119.0,121.0,125.0,127.0,141.0,85.0,1000.3843137323856,1000.54509806633,1000.6745098233223,1000.7764706015587,1000.9215686321259,2000.3843137323856,2000.556862771511,2000.6745098233223,2000.784313738346,3001.0,173.96927490234376,181.60894165039062,186.51939697265624,190.40288085937502,193.7858123779297,197.02307739257813,200.51410064697265,204.8166229248047,211.944580078125,348.593017578125,232.1267,0.0,test_data/Useful/Validation/Three eight at 1ft/WhatsApp Image 2024-08-23 at 10.43.42.jpeg,3586.0,1226.0,38.11576497873719
53,34.24,39.0,44.0,45.96,49.0,51.0,52.68000000000001,54.0,55.16,58.0,58.64,60.0,61.120000000000005,63.0,64.0,64.0,66.0,67.0,67.56,68.0,69.0,70.0,70.52000000000001,71.0,72.0,73.24000000000001,74.0,75.0,76.95999999999998,78.0,78.0,79.0,79.92000000000002,80.0,81.0,81.0,82.0,82.0,83.0,83.0,84.0,84.0,84.32,85.0,85.0,85.04000000000002,86.0,87.0,87.0,87.0,88.0,89.0,89.0,90.0,90.0,91.0,91.0,92.0,93.0,93.0,94.0,94.0,95.0,95.0,96.0,96.0,97.0,98.0,98.0,99.0,99.0,100.0,100.0,101.0,101.0,102.0,103.0,103.0,104.0,105.0,105.0,106.0,106.0,107.0,108.0,108.0,110.0,110.0,111.0,112.0,113.0,114.0,116.0,117.0,118.79999999999995,120.0,122.27999999999997,124.0,126.0,139.0,85.0,1000.392156869173,1000.5607843399048,1000.6862745285034,1000.7960784435272,1000.9960784316063,2000.419607847929,2000.572549045086,2000.6862745285034,2000.7921568751335,3001.0,174.04502563476564,181.69794616699218,186.54339904785155,190.39024658203124,193.80113220214844,197.08505249023438,200.55067443847656,204.82847595214844,212.0579833984375,348.5895080566406,232.61865,0.0,test_data/Useful/Validation/Three eight at 1ft/WhatsApp Image 2024-08-23 at 10.43.43 (1).jpeg,3482.0,1196.0,25.525834478232724
54,23.72,30.44,38.44,43.0,48.0,50.44,52.68000000000001,55.0,57.0,58.0,59.0,60.0,61.120000000000005,62.0,63.0,64.0,65.0,65.32,66.0,67.0,68.0,68.0,70.0,70.0,72.0,73.0,73.0,74.0,75.0,75.0,76.0,77.0,77.0,78.0,78.39999999999998,80.0,81.0,81.0,81.0,82.0,83.0,83.0,84.0,84.0,84.0,85.0,86.0,87.0,87.0,87.0,88.0,88.0,89.0,89.0,90.0,91.0,91.0,91.91999999999996,92.0,93.0,93.0,94.0,95.0,96.0,96.0,97.0,97.0,97.32000000000005,98.0,99.0,99.03999999999996,100.0,100.0,100.75999999999999,101.0,102.0,103.0,103.0,104.0,105.0,105.0,105.0,106.0,107.0,107.39999999999998,108.0,108.0,109.0,111.0,111.60000000000002,112.0,113.0,114.0,115.0,116.0,117.0,119.0,121.0,126.27999999999997,131.0,100.0,1000.4352941215038,1000.6235294342041,1000.7607843279839,1000.9254902005196,2000.3568627536297,2000.5098039507866,2000.623529434204,2000.7137255072594,2000.8039215803146,3001.0,173.96990966796875,181.55111694335938,186.4433624267578,190.355078125,193.75104522705078,197.03335571289062,200.53271484375,204.7825927734375,212.10726928710938,348.5557556152344,233.90501,0.0,test_data/Useful/Validation/Three eight at 1ft/WhatsApp Image 2024-08-23 at 10.43.43 (2).jpeg,3526.0,1197.0,30.287933796170506
55,20.48,31.0,38.72,41.0,42.2,45.0,47.0,49.0,51.0,53.0,54.0,57.0,58.0,61.0,62.599999999999994,63.0,64.0,65.0,67.0,68.0,68.0,69.0,70.0,70.0,71.0,72.0,72.48000000000002,73.0,74.0,75.0,76.0,77.0,78.0,78.0,79.0,79.0,80.0,80.0,81.0,81.0,82.0,82.0,83.0,83.0,84.0,84.0,85.0,85.0,86.0,86.0,87.0,88.0,88.72000000000003,89.0,90.0,90.0,91.0,91.0,92.0,92.0,93.0,94.0,94.0,95.0,95.0,96.0,97.0,98.0,98.0,98.79999999999995,99.0,100.0,100.0,101.0,102.0,102.24000000000001,103.0,104.0,104.0,104.20000000000005,106.0,106.0,107.0,108.0,109.0,110.0,111.0,112.0,112.0,113.0,114.0,115.0,116.32000000000005,117.55999999999995,118.0,120.03999999999996,122.0,125.0,129.76,144.0,104.0,1000.4941176474094,1000.6980392336845,1000.866666674614,2000.3019607961178,2000.4549019634724,2000.5686274766922,2000.6549019813538,2000.7294117808342,2000.8156862854958,3001.0,173.8518524169922,181.48174743652345,186.39097595214844,190.29559936523438,193.72650146484375,197.0158935546875,200.49569549560547,204.86639404296875,212.12518310546875,348.49639892578125,233.53406,0.0,test_data/Useful/Validation/Three eight at 1ft/WhatsApp Image 2024-08-23 at 10.43.43.jpeg,3569.0,1177.0,31.574060123698462
56,24.0,33.96,38.72,42.0,45.2,48.44,50.0,51.0,54.0,54.0,56.0,57.0,59.0,60.0,61.0,62.0,64.0,65.0,66.56,67.0,68.0,68.0,70.0,70.0,71.0,72.0,73.0,74.0,75.0,75.0,76.0,76.0,77.0,77.0,78.0,79.0,79.0,79.0,80.0,80.0,80.83999999999997,81.0,82.0,83.0,83.0,84.0,84.0,85.0,85.0,86.0,86.24000000000001,87.0,87.72000000000003,88.0,89.0,89.0,89.67999999999995,90.0,90.15999999999997,91.0,92.0,92.0,93.0,93.0,94.0,94.0,95.0,96.0,96.55999999999995,97.0,98.0,98.0,99.0,100.0,100.0,100.0,101.0,101.0,102.0,103.0,104.44000000000005,105.0,105.0,106.0,106.0,107.0,108.0,109.0,110.0,111.0,112.0,112.08000000000004,114.0,116.0,118.0,119.03999999999996,122.27999999999997,124.51999999999998,128.0,139.0,100.0,1000.4588235318661,1000.6549019813538,1000.8039215803146,2000.188235297799,2000.4156862795353,2000.54509806633,2000.6431372761726,2000.7254902124405,2000.811764717102,3001.0,173.9813980102539,181.6279052734375,186.5093963623047,190.3376708984375,193.81351470947266,197.11220092773436,200.64700775146483,204.9720916748047,212.10336303710938,348.46112060546875,232.98065,0.0,test_data/Useful/Validation/Three eight at 1ft/WhatsApp Image 2024-08-23 at 10.43.44 (1).jpeg,3580.0,1177.0,32.446996504212606
57,24.0,29.0,32.72,37.0,43.0,48.0,50.0,51.92,53.16,55.0,56.0,58.0,60.0,61.0,61.599999999999994,63.0,66.0,67.0,68.0,69.0,70.0,70.0,71.0,72.0,73.0,74.0,74.0,75.0,76.0,77.0,77.0,78.0,79.0,79.0,80.0,80.0,81.0,81.0,81.36000000000001,82.0,83.0,83.0,84.0,84.0,84.0,85.0,86.0,86.0,87.0,87.0,88.0,88.0,89.0,89.0,90.0,91.0,91.67999999999995,92.0,92.0,93.0,93.0,93.88,94.0,94.0,95.0,95.0,96.0,96.0,97.0,97.0,98.0,98.27999999999997,99.0,100.0,100.0,101.0,101.0,102.0,103.0,104.0,104.0,105.0,105.91999999999996,106.15999999999997,107.0,109.0,110.0,112.0,112.36000000000001,113.0,114.0,115.0,116.0,118.0,119.0,121.0,123.0,126.51999999999998,129.0,138.0,93.0,1000.4392156898975,1000.6156862974167,1000.745098054409,1000.8784313797951,2000.3176470696926,2000.486274510622,2000.6078431606293,2000.7019608020782,2000.800000011921,3001.0,173.93267822265625,181.5487518310547,186.4578857421875,190.284912109375,193.71810913085938,197.01568603515625,200.61151123046875,204.928955078125,212.17279052734375,348.5146789550781,233.29752,0.0,test_data/Useful/Validation/Three eight at 1ft/WhatsApp Image 2024-08-23 at 10.43.44 (2).jpeg,3520.0,1162.0,30.154517411546113
58,21.0,26.0,33.0,39.92,43.2,46.0,49.68000000000001,53.0,55.0,56.0,56.64,58.0,58.120000000000005,59.360000000000014,60.599999999999994,63.0,64.0,65.0,66.0,67.0,68.0,68.0,69.0,70.0,71.0,71.0,72.0,73.0,74.0,75.19999999999999,77.0,77.68,78.0,79.0,80.0,80.63999999999999,81.0,82.0,82.0,83.0,84.0,84.0,84.32,85.0,85.80000000000001,86.0,87.0,87.0,87.0,88.0,88.24000000000001,89.0,90.0,91.0,91.0,92.0,93.0,93.0,94.0,95.0,96.0,96.0,96.12,97.0,97.0,98.0,98.0,99.0,100.0,100.0,101.0,101.0,102.0,102.0,102.0,103.0,103.0,104.0,104.0,104.20000000000005,106.0,106.0,106.0,107.15999999999997,108.0,109.0,110.0,110.12,111.36000000000001,113.0,114.84000000000003,115.08000000000004,116.32000000000005,118.0,119.0,120.0,121.0,123.0,125.0,131.0,87.0,1000.4156862795353,1000.5960784554482,1000.7333333492279,1000.8745098114014,2000.3176470696926,2000.4941176474094,2000.6156862974167,2000.7098039388657,2000.8039215803146,3001.0,174.03463439941407,181.641455078125,186.50918273925782,190.39022216796874,193.78648376464844,197.1139373779297,200.60748291015625,204.82534484863282,211.9652282714844,348.53582763671875,233.03876,0.0,test_data/Useful/Validation/Three eight at 1ft/WhatsApp Image 2024-08-23 at 10.43.44.jpeg,3524.0,1197.0,29.506333921255212
59,22.240000000000002,34.0,37.0,40.0,46.0,49.44,51.68000000000001,53.0,55.16,56.400000000000006,58.64,60.0,62.0,64.0,66.0,66.0,67.0,68.0,69.0,70.0,70.0,71.0,72.0,72.75999999999999,73.0,74.0,74.0,75.0,76.0,76.19999999999999,77.0,77.0,78.0,79.0,79.0,80.0,80.0,81.0,81.36000000000001,82.0,82.83999999999997,83.0,84.0,84.56,85.0,86.0,86.0,87.0,87.0,88.0,88.0,89.0,89.0,89.0,90.0,91.0,91.0,92.0,92.0,93.0,93.0,94.0,95.0,95.0,95.60000000000002,96.0,96.0,97.0,98.0,98.0,99.0,100.0,100.0,101.0,102.0,102.0,102.48000000000002,103.0,104.0,105.0,105.0,105.67999999999995,106.0,107.0,107.39999999999998,108.0,109.0,110.0,111.0,112.0,113.0,113.08000000000004,115.0,116.0,117.0,119.0,121.0,122.0,124.0,139.0,89.0,1000.4156862795353,1000.5960784554482,1000.7333333492279,1000.8705882430077,2000.3098039329052,2000.4941176474094,2000.6156862974167,2000.7098039388657,2000.8039215803146,3001.0,173.96725463867188,181.67291259765625,186.67294616699218,190.4972930908203,193.8835220336914,197.15614624023436,200.6122268676758,204.87394104003906,212.00518798828125,348.5481262207031,233.44664,0.0,test_data/Useful/Validation/Three eight at 1ft/WhatsApp Image 2024-08-23 at 10.43.45 (1).jpeg,3520.0,1213.0,30.834598249224456
60,45.24,49.480000000000004,52.0,54.96,56.0,57.44,60.68000000000001,62.0,62.16,64.0,65.0,67.0,67.0,68.0,69.0,70.0,70.0,71.0,72.0,73.0,73.0,74.0,75.0,76.0,76.0,77.0,77.0,78.0,79.0,79.0,79.0,80.0,81.0,81.16000000000003,82.0,82.0,83.0,83.0,84.0,84.0,85.0,85.0,86.0,86.0,87.0,87.0,88.0,88.0,88.0,89.0,89.0,89.0,90.0,90.0,91.0,91.0,91.0,92.0,92.0,93.0,94.0,94.0,95.0,96.0,96.0,97.0,97.0,98.0,98.0,98.0,99.0,99.0,100.0,100.0,100.0,101.0,102.0,102.0,103.0,103.0,104.0,104.0,105.0,105.15999999999997,106.39999999999998,107.0,108.0,108.0,108.36000000000001,109.0,110.0,111.0,111.0,112.0,113.0,114.0,118.0,122.51999999999998,127.0,141.0,91.0,1000.4549019634724,1000.6745098233223,1000.8235294222832,2000.1960784345865,2000.4431372582912,2000.5764706134796,2000.6745098233223,2000.7490196228027,2000.8313725590706,3001.0,174.23904876708986,181.9586944580078,186.92522430419922,190.81025085449218,194.26202392578125,197.55462036132812,201.0232696533203,205.2465057373047,212.65792846679688,348.29571533203125,232.34605,0.0,test_data/Useful/Validation/Three eight at 1ft/WhatsApp Image 2024-08-23 at 11.02.00.jpeg,3278.0,1152.0,30.261344105579425
61,41.0,45.0,51.0,52.0,55.0,56.879999999999995,59.0,61.0,62.0,63.0,64.64,65.0,66.0,67.0,68.0,69.0,69.0,70.0,71.0,72.0,72.0,73.0,74.0,74.0,75.0,75.0,76.0,76.0,77.0,77.19999999999999,78.0,78.0,79.0,79.0,80.0,81.0,81.0,81.0,82.0,82.0,83.0,83.0,84.0,84.0,84.80000000000001,85.0,86.0,86.0,87.0,88.0,88.0,89.0,89.0,90.0,90.0,90.0,90.67999999999995,91.0,92.0,92.0,93.0,93.0,94.0,94.0,94.0,95.0,95.0,96.0,97.0,97.0,98.0,99.0,99.0,100.0,100.0,100.24000000000001,101.0,102.0,102.0,103.0,103.44000000000005,104.0,105.0,106.0,106.0,106.63999999999999,108.0,109.0,109.0,110.0,111.0,112.0,113.0,114.55999999999995,116.0,117.0,119.27999999999997,122.0,123.75999999999999,133.0,90.0,1000.4392156898975,1000.6549019813538,1000.8039215803146,2000.1215686276555,2000.4235294163227,2000.5647059082985,2000.6666666865349,2000.745098054409,2000.8274509906769,3001.0,174.7218795776367,182.27325439453125,187.06869506835938,190.92796325683594,194.3094482421875,197.5382080078125,201.0125946044922,205.23220825195312,212.50250244140625,348.3091735839844,232.37695,0.0,test_data/Useful/Validation/Three eight at 1ft/WhatsApp Image 2024-08-23 at 11.02.06.jpeg,3350.0,1132.0,30.102805107531694
62,43.72,50.0,52.0,55.96,57.0,58.0,59.68000000000001,61.0,62.0,63.0,64.0,65.0,66.0,68.0,69.0,69.84,70.08000000000001,71.0,72.0,72.80000000000001,73.03999999999999,74.0,75.0,75.0,75.0,76.0,76.0,78.0,78.0,79.0,80.0,80.0,81.0,82.0,82.0,82.0,83.0,83.12,84.0,84.0,84.0,85.0,85.32,86.0,86.80000000000001,87.0,88.0,88.0,89.0,89.0,89.24000000000001,90.0,90.0,90.0,91.0,92.0,92.67999999999995,93.0,93.0,94.0,94.0,94.0,95.0,95.36000000000001,96.0,96.0,97.0,97.0,98.0,98.0,99.0,100.0,100.0,101.0,101.0,102.0,102.0,103.0,103.0,103.20000000000005,104.0,104.0,105.0,105.15999999999997,106.0,106.0,107.0,108.0,109.0,109.60000000000002,111.0,112.0,113.0,114.0,115.79999999999995,119.0,120.0,122.0,128.27999999999997,140.0,90.0,1000.4352941215038,1000.6470588445663,1000.7921568751335,1001.0,2000.4117647111416,2000.5607843399048,2000.6627451181412,2000.7411764860153,2000.8274509906769,3001.0,174.45731353759766,182.1881866455078,187.02782592773437,190.90147705078124,194.3127212524414,197.5691925048828,201.08891906738282,205.3391326904297,212.44326782226562,348.3739929199219,231.18134,0.0,test_data/Useful/Validation/Three eight at 1ft/WhatsApp Image 2024-08-23 at 11.02.10 (1).jpeg,3315.0,1158.0,32.23970674883423
63,40.24,45.480000000000004,50.72,53.0,55.0,57.879999999999995,59.68000000000001,61.0,62.16,63.0,64.0,65.0,66.12,67.0,67.0,68.0,69.0,70.0,71.0,72.0,73.0,73.0,74.0,74.0,75.0,75.24000000000001,76.0,77.0,77.0,78.0,78.0,79.0,80.0,80.16000000000003,81.0,82.0,82.0,83.0,83.0,83.0,84.0,85.0,85.0,85.56,86.0,86.0,87.0,87.0,88.0,88.0,89.0,90.0,91.0,91.0,91.20000000000005,92.0,92.67999999999995,93.0,94.0,94.0,95.0,95.0,96.0,97.0,97.0,97.0,98.0,98.32000000000005,99.0,99.0,100.0,101.0,101.0,102.0,102.0,103.0,103.0,104.0,104.0,105.0,106.0,106.0,107.0,107.0,108.0,108.0,109.0,110.0,110.36000000000001,111.60000000000002,112.0,113.0,114.0,115.0,115.79999999999995,117.0,119.27999999999997,121.51999999999998,125.27999999999997,133.0,83.0,1000.4392156898975,1000.6666666865349,1000.8235294222832,2000.2078431397676,2000.4509803950787,2000.584313750267,2000.6745098233223,2000.7529411911964,2000.8352941274643,3001.0,174.5221710205078,182.20657348632812,187.10916137695312,190.89151000976562,194.25421142578125,197.54092407226562,201.04542846679686,205.28868103027344,212.5332489013672,348.3136291503906,232.57892,0.0,test_data/Useful/Validation/Three eight at 1ft/WhatsApp Image 2024-08-23 at 11.02.10.jpeg,3292.0,1160.0,27.16908724862747
64,43.0,49.0,51.0,53.0,54.2,56.0,58.0,59.92,61.16,63.0,64.0,65.0,66.0,67.0,67.0,68.0,69.08000000000001,70.0,71.0,72.0,73.0,74.0,75.0,76.0,76.0,77.0,77.0,77.72000000000003,78.0,79.0,79.0,80.0,81.0,81.0,81.39999999999998,82.0,83.0,83.0,84.0,84.0,85.0,85.0,86.0,86.0,87.0,87.0,88.0,88.0,89.0,89.0,90.0,90.0,91.0,91.0,92.0,92.0,92.67999999999995,93.0,93.0,94.0,94.0,95.0,95.0,96.0,96.0,96.0,97.0,97.0,98.0,98.0,99.0,99.0,100.0,100.0,101.0,102.0,102.0,103.0,104.0,105.0,105.0,105.67999999999995,106.0,107.0,107.39999999999998,108.0,109.0,109.0,110.0,111.0,112.0,112.08000000000004,113.32000000000005,114.0,115.0,116.0,117.0,118.51999999999998,124.51999999999998,139.0,96.0,1000.4392156898975,1000.6588235497475,1000.8156862854958,2000.188235297799,2000.4431372582912,2000.5803921818733,2000.6745098233223,2000.7490196228027,2000.8352941274643,3001.0,174.46275939941407,182.052978515625,186.93648529052734,190.77976989746094,194.20364379882812,197.488427734375,200.94234924316405,205.2551513671875,212.63433837890625,348.33251953125,232.69727,0.0,test_data/Useful/Validation/Three eight at 1ft/WhatsApp Image 2024-08-23 at 11.02.11 (1).jpeg,3308.0,1154.0,29.262670000516867
65,39.0,42.0,48.16,52.0,55.0,56.0,57.0,58.0,59.0,60.0,61.0,62.0,64.0,65.0,66.0,67.0,68.0,69.0,70.0,71.0,72.0,72.0,74.0,74.0,75.0,75.0,76.0,76.0,77.0,78.0,79.0,80.0,80.0,81.0,81.39999999999998,82.0,82.88,83.0,84.0,84.0,85.0,85.0,86.0,86.0,87.0,87.0,88.0,88.0,89.0,89.0,90.0,90.0,90.0,91.0,91.0,92.0,92.0,92.0,93.0,93.0,94.0,94.88,95.0,96.0,96.0,97.0,97.0,97.0,98.0,98.79999999999995,99.0,99.27999999999997,100.0,101.0,102.0,102.0,102.0,103.0,103.0,104.0,105.0,105.0,105.91999999999996,107.0,108.0,108.0,109.0,109.0,110.0,111.0,112.0,112.0,113.0,114.55999999999995,115.79999999999995,118.0,120.0,123.0,125.75999999999999,135.0,92.0,1000.4627451002598,1000.6823529601097,1000.8431372642517,2000.2470588237047,2000.458823531866,2000.584313750267,2000.6745098233223,2000.7490196228027,2000.8313725590706,3001.0,174.41221618652344,182.0520812988281,186.9964126586914,190.85143432617187,194.2602996826172,197.59365844726562,201.04721069335938,205.2801513671875,212.53579711914062,348.31097412109375,231.35016,0.0,test_data/Useful/Validation/Three eight at 1ft/WhatsApp Image 2024-08-23 at 11.02.11 (2).jpeg,3265.0,1095.0,33.324362875604784
66,41.24,50.0,54.0,55.0,57.2,59.0,61.0,61.92,63.0,65.0,65.0,66.0,67.0,68.0,69.0,69.0,70.0,71.0,72.0,73.80000000000001,74.0,75.0,75.0,76.0,77.0,77.0,78.0,78.0,79.0,79.19999999999999,80.0,81.0,81.0,81.0,82.0,82.0,83.0,84.0,84.0,85.0,85.0,85.0,85.0,86.0,86.0,87.04000000000002,88.0,88.0,89.0,89.0,90.0,90.0,91.0,91.0,91.20000000000005,92.0,92.0,93.0,93.0,94.0,94.0,94.0,95.0,95.0,96.0,96.0,97.0,97.32000000000005,98.0,98.0,99.0,99.0,100.0,100.0,101.0,102.0,102.0,102.0,103.0,104.0,104.0,105.0,105.0,106.0,107.0,108.0,108.0,109.0,110.0,111.0,112.0,113.0,114.0,115.0,116.0,118.0,119.27999999999997,122.0,127.0,137.0,85.0,1000.4313725531101,1000.6431372761726,1000.7882353067398,1000.9921568632126,2000.4000000059605,2000.556862771511,2000.6588235497475,2000.7411764860153,2000.8235294222832,3001.0,174.65457763671876,182.15656433105468,187.09527130126952,190.91893310546874,194.29590606689453,197.56085205078125,201.01507568359375,205.2198486328125,212.42742919921875,348.2757568359375,232.1826,0.0,test_data/Useful/Validation/Three eight at 1ft/WhatsApp Image 2024-08-23 at 11.02.11.jpeg,3298.0,1170.0,30.11702367153855
67,40.0,48.0,51.0,54.0,58.0,59.0,60.68000000000001,62.92,64.0,65.0,65.0,66.0,67.0,69.0,69.0,70.0,71.0,72.0,72.0,72.80000000000001,73.0,74.0,75.0,75.0,76.0,76.0,77.0,77.72000000000003,78.0,79.0,79.0,80.0,80.0,80.0,81.0,81.63999999999999,82.0,82.0,83.0,84.0,85.0,85.0,86.0,86.0,87.0,87.0,87.0,88.0,88.0,88.0,89.0,89.0,89.72000000000003,90.0,91.0,91.0,91.0,92.0,93.0,93.0,93.0,94.0,94.0,95.0,95.0,96.0,96.0,97.0,97.0,98.0,98.0,99.0,99.0,100.0,100.0,101.0,102.48000000000002,103.0,104.0,104.20000000000005,105.0,106.0,106.0,106.15999999999997,107.0,108.0,109.0,110.0,110.0,111.0,111.84000000000003,113.0,114.0,115.0,116.79999999999995,118.03999999999996,120.27999999999997,124.0,129.0,139.0,87.0,1000.4980392158031,1000.7215686440468,1000.9019607901573,2000.3215686380863,2000.4901960790157,2000.6039215922356,2000.6862745285034,2000.7529411911964,2000.8352941274643,3001.0,174.56341552734375,182.20672607421875,187.0423583984375,190.86668395996094,194.23263549804688,197.45176696777344,200.9303436279297,205.1593780517578,212.3638916015625,348.2860107421875,231.39108,0.0,test_data/Useful/Validation/Three eight at 1ft/WhatsApp Image 2024-08-23 at 11.02.12 (1).jpeg,3240.0,1151.0,29.360199940242147
68,43.24,48.0,50.0,51.96,54.0,55.44,57.0,58.0,59.0,60.400000000000006,63.0,63.0,64.0,65.0,66.0,67.0,68.0,68.0,69.0,70.0,71.0,72.0,73.0,74.0,74.0,75.0,76.0,77.0,77.0,78.0,79.0,80.0,80.0,81.0,81.0,82.0,82.0,82.0,83.0,84.0,84.0,85.0,86.0,86.0,87.0,87.0,87.0,88.0,88.0,89.0,89.0,89.48000000000002,90.0,90.0,91.0,92.0,92.0,93.0,93.0,93.0,94.0,95.0,95.0,96.0,96.0,96.0,97.0,97.0,98.0,98.0,99.0,100.0,100.0,101.0,102.0,102.0,103.0,103.0,104.0,104.0,105.0,105.0,106.0,107.0,107.0,107.63999999999999,108.0,109.0,110.0,111.0,111.0,113.0,114.0,115.0,116.0,117.0,119.0,120.0,125.0,135.0,93.0,1000.4431372582912,1000.6627451181412,1000.8156862854958,2000.2000000029802,2000.4509803950787,2000.584313750267,2000.6745098233223,2000.7490196228027,2000.8352941274643,3001.0,174.34350128173827,182.08777160644533,186.9738006591797,190.8348602294922,194.2058563232422,197.4598846435547,200.927001953125,205.20552673339844,212.45445251464844,348.3226013183594,231.43614,0.0,test_data/Useful/Validation/Three eight at 1ft/WhatsApp Image 2024-08-23 at 11.02.12 (2).jpeg,3332.0,1184.0,27.32713615875132
69,40.24,48.0,52.0,53.96,55.0,56.44,57.68000000000001,59.0,61.0,62.0,63.0,63.0,65.0,67.0,68.0,69.0,69.08000000000001,70.0,71.0,73.0,74.0,74.0,75.0,76.0,77.0,77.24000000000001,78.0,78.0,79.0,79.0,80.0,80.0,80.0,81.0,81.0,81.0,82.0,82.0,83.0,84.0,84.0,85.0,86.0,86.56,87.0,88.0,88.27999999999997,89.0,90.0,90.0,90.0,91.0,91.0,91.0,92.0,92.0,92.67999999999995,93.0,93.0,94.0,94.0,94.0,95.0,95.0,96.0,96.0,96.08000000000004,97.0,97.0,98.0,98.0,98.0,99.0,99.75999999999999,100.0,100.0,101.0,101.72000000000003,102.0,103.0,103.0,103.67999999999995,105.0,105.0,106.0,106.63999999999999,107.0,108.0,109.0,110.0,110.0,111.0,112.0,113.0,114.0,116.0,117.27999999999997,119.51999999999998,127.0,135.0,90.0,1000.4901960790157,1000.7137255072594,1000.8941176533699,2000.3098039329052,2000.486274510622,2000.6000000238419,2000.6823529601097,2000.7529411911964,2000.8352941274643,3001.0,174.2790985107422,182.0751190185547,187.03779296875,190.9397735595703,194.32960510253906,197.5587158203125,201.01214599609375,205.2515869140625,212.41151428222656,348.2607421875,232.2986,0.0,test_data/Useful/Validation/Three eight at 1ft/WhatsApp Image 2024-08-23 at 11.02.12.jpeg,3317.0,1145.0,29.188060986187626
70,44.24,46.96,50.0,53.96,56.2,59.0,60.68000000000001,62.92,63.16,64.4,65.0,66.0,67.0,67.0,67.6,68.0,69.0,70.0,71.0,71.80000000000001,72.0,73.0,73.52000000000001,74.0,74.0,75.0,75.0,76.0,76.95999999999998,77.0,78.0,78.0,78.0,79.0,80.0,80.0,81.0,82.0,83.0,83.0,84.0,85.0,85.0,86.0,87.0,87.0,87.0,88.0,89.0,89.0,89.24000000000001,90.0,90.0,91.0,91.0,92.0,92.0,93.0,93.0,93.0,94.0,94.0,95.0,95.0,96.0,96.0,97.0,98.0,98.0,98.0,99.0,99.27999999999997,100.0,101.0,101.0,102.0,102.0,103.0,103.96000000000004,104.0,105.0,105.0,105.0,106.0,107.0,108.0,109.0,110.0,111.0,112.60000000000002,113.0,114.0,115.0,116.55999999999995,118.0,119.0,120.27999999999997,122.51999999999998,125.0,132.0,87.0,1000.4588235318661,1000.678431391716,1000.8352941274643,2000.2235294133425,2000.4509803950787,2000.5803921818733,2000.6745098233223,2000.7490196228027,2000.8313725590706,3001.0,174.5072250366211,182.14547424316407,187.06516876220704,190.9207275390625,194.3420867919922,197.61428527832032,201.06579284667967,205.34368896484375,212.50990295410156,348.2667236328125,231.75194,0.0,test_data/Useful/Validation/Three eight at 1ft/WhatsApp Image 2024-08-23 at 11.02.13 (1).jpeg,3251.0,1179.0,30.66673115492249
71,36.24,48.0,51.0,52.96,54.0,57.0,58.0,59.0,63.0,63.400000000000006,64.0,66.0,67.0,68.0,69.0,69.84,70.0,71.0,71.0,72.0,73.0,73.0,74.0,75.0,75.0,76.0,76.0,77.0,78.0,78.0,79.0,80.0,80.0,81.0,81.0,81.63999999999999,82.0,83.0,83.0,83.60000000000002,84.0,85.0,85.0,86.0,86.0,87.0,88.0,88.0,89.0,89.0,89.24000000000001,90.0,90.72000000000003,91.0,92.0,92.0,93.0,93.0,94.0,94.0,95.0,95.0,96.0,96.0,97.0,97.0,97.0,98.0,98.0,99.0,99.0,100.0,100.0,100.75999999999999,102.0,102.0,103.0,104.0,104.0,105.0,105.0,105.0,106.0,107.0,107.0,107.63999999999999,108.0,109.0,110.0,110.60000000000002,111.84000000000003,113.0,114.0,115.0,116.79999999999995,120.0,123.0,125.0,129.51999999999998,134.0,97.0,1000.4784313738346,1000.7019608020782,1000.866666674614,2000.2745098173618,2000.4666666686535,2000.5882353186607,2000.678431391716,2000.7490196228027,2000.8313725590706,3001.0,174.56106872558593,182.1934844970703,187.05197143554688,190.93071594238282,194.246826171875,197.53156433105468,200.9785614013672,205.1927032470703,212.40963745117188,348.25482177734375,232.03986,0.0,test_data/Useful/Validation/Three eight at 1ft/WhatsApp Image 2024-08-23 at 11.02.13 (2).jpeg,3232.0,1146.0,30.75544079132995
72,43.480000000000004,48.480000000000004,53.0,54.0,56.2,58.0,59.0,60.92,61.16,63.0,63.0,64.0,65.0,66.0,67.0,67.84,69.0,69.32,70.0,71.0,72.0,72.28,73.0,74.0,74.0,75.0,75.0,76.0,76.95999999999998,77.0,78.0,79.0,79.0,80.0,80.0,80.0,81.0,81.12,82.0,83.0,83.0,83.0,84.0,84.0,85.0,85.0,85.27999999999997,86.0,87.0,87.0,88.0,88.0,89.0,90.0,90.0,91.0,91.0,92.0,92.0,93.0,94.0,94.0,95.0,95.0,96.0,96.0,97.0,97.0,97.55999999999995,98.0,99.0,99.27999999999997,100.51999999999998,101.0,101.0,102.0,102.0,103.0,103.0,104.0,105.0,105.67999999999995,106.0,106.0,107.0,108.0,109.0,110.0,110.0,111.0,112.0,113.0,114.0,115.0,116.79999999999995,119.0,119.27999999999997,121.0,123.0,128.0,80.0,1000.4745098054409,1000.6941176652908,1000.8627451062202,2000.2784313857555,2000.4705882370472,2000.5921568870544,2000.678431391716,2000.7490196228027,2000.8313725590706,3001.0,174.4416961669922,182.07008361816406,186.98496856689454,190.8308868408203,194.19699096679688,197.46543884277344,200.982958984375,205.218505859375,212.5524139404297,348.251708984375,231.38924,0.0,test_data/Useful/Validation/Three eight at 1ft/WhatsApp Image 2024-08-23 at 11.02.13.jpeg,3300.0,1131.0,32.123778261917884
73,38.0,42.0,50.0,53.0,55.0,56.44,58.0,59.92,61.0,62.400000000000006,63.0,64.0,66.0,67.36000000000001,68.6,69.0,70.0,71.0,71.0,73.0,74.0,74.0,75.0,75.0,76.0,76.0,77.0,78.0,78.95999999999998,79.0,80.0,80.0,81.0,81.0,81.39999999999998,82.0,82.88,83.0,83.36000000000001,84.0,84.0,85.0,86.0,86.0,86.0,86.04000000000002,87.0,87.0,88.0,88.0,89.0,89.0,90.0,90.0,91.0,91.0,92.0,92.0,93.0,94.0,94.0,94.0,94.12,95.0,95.0,95.84000000000003,96.0,97.0,97.0,97.0,98.0,99.0,99.51999999999998,100.0,100.0,101.0,102.0,103.0,103.0,104.0,104.0,106.0,106.0,106.0,107.0,107.63999999999999,108.88,110.0,110.0,111.0,112.0,113.0,114.0,116.0,117.0,119.0,121.0,123.51999999999998,126.75999999999999,136.0,86.0,1000.4627451002598,1000.6823529601097,1000.8431372642517,2000.2470588237047,2000.4549019634724,2000.5803921818733,2000.6745098233223,2000.745098054409,2000.8274509906769,3001.0,174.3517608642578,181.9333953857422,186.90794982910157,190.78855590820314,194.2273712158203,197.5277557373047,201.01437377929688,205.27462768554688,212.4796905517578,348.22772216796875,232.1396,0.0,test_data/Useful/Validation/Three eight at 1ft/WhatsApp Image 2024-08-23 at 11.02.14 (1).jpeg,3212.0,1137.0,31.48196949452077
74,36.480000000000004,45.44,50.0,54.0,57.0,58.0,59.0,60.92,62.0,64.0,65.0,66.0,67.0,67.36000000000001,68.0,69.0,70.0,71.0,72.0,73.0,74.0,74.28,75.0,76.0,77.0,77.0,77.0,78.0,78.0,78.0,79.0,79.0,80.0,80.0,81.0,81.63999999999999,82.0,83.0,83.0,84.0,84.0,85.0,85.0,86.0,86.0,87.0,87.0,87.0,88.0,89.0,89.0,90.0,90.0,90.0,91.0,91.0,92.0,92.0,93.0,93.0,94.0,95.0,95.0,96.0,96.0,97.0,97.0,98.0,99.0,99.0,99.0,100.0,100.0,100.0,101.0,101.0,102.0,102.0,103.0,104.0,104.0,105.0,105.0,106.0,107.0,107.0,108.0,108.12,110.0,111.0,112.0,113.0,115.0,116.0,117.79999999999995,119.0,120.0,123.0,125.0,133.0,90.0,1000.4745098054409,1000.7019608020782,1000.8784313797951,2000.298039227724,2000.4784313738346,2000.5960784554482,2000.6823529601097,2000.7529411911964,2000.8352941274643,3001.0,174.36065368652345,182.04214477539062,187.00922546386718,190.91419982910156,194.30108642578125,197.54910888671876,201.0096893310547,205.27227783203125,212.5355682373047,348.2108154296875,231.65869,0.0,test_data/Useful/Validation/Three eight at 1ft/WhatsApp Image 2024-08-23 at 11.02.14 (2).jpeg,3262.0,1140.0,34.413005006914574
75,41.0,48.96,53.72,58.0,60.0,61.44,63.68000000000001,64.0,66.0,66.0,67.0,69.0,71.0,72.0,72.6,73.0,74.0,75.0,75.0,76.0,76.03999999999999,77.0,78.0,79.0,80.0,80.0,81.0,82.0,82.0,83.0,83.0,83.0,84.0,85.0,86.0,86.0,87.0,87.0,88.0,88.0,89.0,90.0,90.0,91.0,91.0,91.0,92.0,92.0,93.0,93.0,93.0,94.0,94.0,95.0,95.0,95.0,96.0,96.0,97.0,97.39999999999998,98.0,99.0,99.0,100.0,100.0,101.0,101.0,101.0,102.0,103.0,103.0,103.0,104.0,104.0,105.0,105.24000000000001,106.0,106.72000000000003,107.0,108.0,108.0,109.0,109.91999999999996,110.0,110.0,111.0,112.0,112.0,113.0,114.60000000000002,116.0,117.0,118.0,118.55999999999995,120.0,121.0,123.0,125.0,128.76,131.0,101.0,1000.3490196168423,1000.5568627715111,1000.6941176652908,1000.7803921699524,1000.8588235378265,1000.9450980424881,2000.2666666805744,2000.5921568870544,2000.7607843279839,3001.0,174.97185211181642,182.7373504638672,187.65874938964845,191.46203918457033,194.8456268310547,198.06092834472656,201.50650024414062,205.65182495117188,212.75604248046875,348.3511962890625,231.53464,0.0,test_data/Useful/Validation/Three eight at 1ft/WhatsApp Image 2024-08-23 at 11.02.14.jpeg,3191.0,1094.0,28.25214159277029
76,44.24,48.480000000000004,53.0,55.0,56.2,58.44,60.0,62.0,64.0,65.0,66.64,68.0,69.12,70.0,71.0,72.0,73.0,73.0,74.0,75.0,76.0,76.0,77.0,77.0,78.0,79.0,79.0,80.0,80.0,81.0,82.0,82.0,82.0,83.0,83.0,84.0,84.0,85.0,85.0,86.0,86.0,86.0,87.0,88.0,89.0,89.0,90.0,90.0,90.0,91.0,92.0,92.0,92.0,93.0,93.0,94.0,94.0,95.0,95.0,95.0,96.0,96.0,97.0,97.0,97.60000000000002,98.0,98.0,99.0,99.0,100.0,101.0,101.0,102.0,102.0,103.0,104.0,104.0,104.72000000000003,106.0,106.0,106.0,106.0,107.0,108.0,109.0,109.0,110.0,111.0,112.0,112.0,113.0,114.0,115.0,116.0,117.0,119.0,122.27999999999997,124.0,126.75999999999999,134.0,106.0,1000.2980392277241,1000.4941176474094,1000.6196078658104,1000.7372549176216,2000.1294117718935,2000.392156869173,2000.5372549295425,2000.6313725709915,2000.717647075653,3000.9764705896378,172.25462341308594,179.98268127441406,184.9094680786133,188.820166015625,192.2152557373047,195.46495361328124,198.97635192871093,203.38168334960938,210.8554229736328,348.28570556640625,229.85333,0.0,test_data/Useful/Validation/Three eight at 1ft/WhatsApp Image 2024-08-23 at 11.02.15 (1).jpeg,2932.0,1102.0,36.197458477590516
77,49.0,50.480000000000004,54.0,55.96,58.0,59.0,60.0,61.92,64.0,65.0,66.0,67.0,68.12,69.0,70.6,71.0,74.0,74.0,75.0,75.0,75.03999999999999,76.0,77.0,78.0,78.0,79.0,80.0,80.0,80.0,81.0,81.0,82.0,83.0,83.0,84.0,84.0,85.0,85.0,86.0,86.0,86.83999999999997,87.0,88.0,89.0,89.0,90.0,90.0,90.0,91.0,91.0,92.0,92.0,92.0,93.0,93.0,94.0,95.0,95.0,96.0,96.0,97.0,97.0,97.0,98.0,98.0,98.84000000000003,99.0,100.0,100.0,100.0,101.0,101.0,102.0,102.0,103.0,103.0,103.0,103.72000000000003,104.0,105.0,106.0,107.0,107.0,108.0,108.0,109.0,110.0,110.0,110.36000000000001,112.0,113.0,114.0,115.0,117.0,118.0,121.0,124.0,126.0,128.0,133.0,90.0,1000.3098039329052,1000.5019608139992,1000.6274510025978,1000.7529411911964,2000.188235297799,2000.4156862795353,2000.5490196347237,2000.6352941393852,2000.7215686440468,3001.0,172.2198486328125,179.90196228027344,184.815673828125,188.67153930664062,192.09458923339844,195.39894104003906,198.86253356933594,203.240966796875,210.59242248535156,348.30377197265625,231.88377,0.0,test_data/Useful/Validation/Three eight at 1ft/WhatsApp Image 2024-08-23 at 11.02.15 (2).jpeg,2784.0,1052.0,33.26350166087137
78,46.480000000000004,51.0,54.72,57.0,59.0,61.44,63.0,64.0,66.0,67.0,68.0,69.0,70.12,71.36000000000001,73.0,73.0,74.0,75.0,76.0,77.0,77.0,78.0,79.0,80.0,81.0,81.0,82.0,82.0,83.0,83.0,84.0,84.0,84.92000000000002,85.0,85.0,86.0,86.0,87.0,88.0,88.0,88.0,88.0,89.0,89.56,90.0,91.0,91.0,92.0,92.0,93.0,93.0,94.0,95.0,95.0,96.0,97.0,97.0,98.0,98.0,98.0,99.0,99.0,100.0,100.0,101.0,101.0,102.0,102.0,103.0,103.79999999999995,104.0,104.0,105.0,105.0,106.0,107.0,107.0,108.0,108.0,109.0,109.0,110.0,111.0,111.0,112.0,113.0,113.0,114.0,115.0,116.0,116.84000000000003,118.0,119.0,121.0,122.0,123.03999999999996,124.27999999999997,127.0,130.51999999999998,138.0,88.0,1000.3490196168423,1000.5607843399048,1000.6941176652908,1000.7843137383461,1000.8627451062202,1000.9647058844566,2000.3764705955982,2000.6313725709915,2000.7803921699524,3001.0,174.77816772460938,182.37619018554688,187.29066467285156,191.16802978515625,194.55441284179688,197.8313446044922,201.2822265625,205.4787353515625,212.5819549560547,348.4222106933594,233.02017,0.0,test_data/Useful/Validation/Three eight at 1ft/WhatsApp Image 2024-08-23 at 11.02.15.jpeg,3143.0,1098.0,32.4155671199334
79,41.480000000000004,49.0,52.0,57.84,60.0,61.0,62.0,63.0,65.0,66.0,67.0,68.0,69.0,70.0,71.0,72.0,72.0,73.0,74.0,75.0,75.0,76.0,77.0,77.0,78.0,78.24000000000001,79.0,79.0,80.0,80.0,82.0,82.68,83.0,83.0,84.0,84.0,85.0,85.12,86.0,86.0,87.0,87.0,88.0,88.0,89.0,89.04000000000002,90.0,90.51999999999998,91.0,91.0,92.0,92.0,93.0,94.0,94.0,95.0,95.0,95.0,96.0,96.0,96.0,97.0,97.0,98.0,98.60000000000002,99.0,99.0,100.0,100.0,101.0,101.0,102.0,102.0,103.0,103.0,103.0,104.0,104.0,105.0,105.0,106.0,107.0,107.0,108.0,109.0,109.63999999999999,110.0,111.0,111.0,112.0,113.0,114.08000000000004,115.32000000000005,116.0,118.0,120.0,122.0,124.0,126.75999999999999,133.0,95.0,1000.2980392277241,1000.4823529422283,1000.6078431606293,1000.7137255072594,2000.023529412225,2000.352941185236,2000.517647087574,2000.6196078658104,2000.7137255072594,3001.0,172.35574340820312,180.09478759765625,185.0333511352539,188.92324829101562,192.34300231933594,195.688232421875,199.21934509277344,203.62069702148438,211.19491577148438,348.15472412109375,230.8589,0.0,test_data/Useful/Validation/Three eight at 1ft/WhatsApp Image 2024-08-23 at 11.02.16 (1).jpeg,2866.0,1037.0,25.236345482025683
80,43.24,50.480000000000004,54.0,56.0,58.0,59.44,61.68000000000001,64.0,68.0,69.0,70.0,70.0,71.0,72.0,73.0,74.0,75.0,76.0,77.0,77.0,78.0,79.0,79.52000000000001,80.0,81.0,81.24000000000001,82.0,83.0,83.0,84.0,85.0,85.68,86.0,86.0,87.0,87.0,88.0,88.0,89.0,89.0,90.0,90.0,90.0,91.0,91.80000000000001,92.0,92.0,92.51999999999998,93.0,94.0,94.0,95.0,95.72000000000003,96.0,96.0,97.0,97.0,98.0,99.0,99.0,99.0,100.0,100.0,101.0,101.0,101.0,102.0,102.0,103.0,103.0,104.0,104.0,104.0,104.0,105.0,105.0,106.0,106.0,106.0,107.0,108.0,109.0,109.91999999999996,110.0,111.0,112.0,113.0,113.0,114.0,115.0,116.84000000000003,118.0,119.0,120.0,121.0,123.0,125.27999999999997,126.51999999999998,131.0,137.0,104.0,1000.2117647081614,1000.3960784375668,1000.5333333611488,1000.6352941393852,1000.7294117808342,1000.9529411792755,2000.4235294163227,2000.6078431606293,2000.717647075653,3001.0,172.2201690673828,179.94595336914062,184.91445617675782,188.76541442871093,192.17073822021484,195.45709838867188,198.95196685791015,203.2692138671875,210.5819091796875,348.3229064941406,235.65186,0.0,test_data/Useful/Validation/Three eight at 1ft/WhatsApp Image 2024-08-23 at 11.02.44 (1).jpeg,2831.0,1052.0,33.69265649898431
81,45.0,47.480000000000004,52.44,55.0,57.2,59.0,60.0,61.0,64.0,65.0,66.0,67.0,68.0,69.36000000000001,71.0,72.0,74.0,75.0,76.0,77.0,78.0,79.0,79.52000000000001,80.0,81.0,82.0,83.0,84.0,84.0,85.0,85.44,86.0,87.0,88.0,88.0,88.0,89.0,89.0,90.0,90.0,90.83999999999997,92.0,92.0,93.0,93.0,93.0,94.0,94.0,94.0,94.0,95.0,95.48000000000002,96.0,96.0,97.0,97.0,98.0,98.0,99.0,100.0,100.0,100.0,100.0,101.0,101.0,101.0,102.0,102.0,103.0,103.0,104.0,104.0,105.0,106.0,106.0,107.0,107.0,107.0,108.0,109.0,109.0,110.0,111.0,111.15999999999997,112.0,112.0,113.0,114.0,115.0,116.0,117.0,118.0,120.0,121.0,121.0,123.0,125.0,127.51999999999998,129.76,138.0,94.0,1000.2000000029802,1000.3725490272045,1000.5058823823929,1000.6078431606293,1000.6941176652908,1000.811764717102,2000.3333333432674,2000.584313750267,2000.705882370472,3000.988235294819,172.15396118164062,179.8590850830078,184.73980712890625,188.54119873046875,191.95184326171875,195.25460815429688,198.77438354492188,203.09950256347656,210.6248779296875,348.2701416015625,235.4368,0.0,test_data/Useful/Validation/Three eight at 1ft/WhatsApp Image 2024-08-23 at 11.02.44.jpeg,2803.0,1003.0,22.879639864129672
82,49.480000000000004,53.480000000000004,55.72,58.0,60.0,61.0,62.0,64.0,65.0,66.4,68.0,69.0,71.0,73.0,74.0,74.0,75.0,75.0,76.0,77.0,77.0,77.0,78.0,79.0,80.0,80.0,81.0,81.0,82.0,83.0,84.0,84.0,84.92000000000002,85.0,86.0,87.0,87.0,87.12,88.0,88.0,89.0,90.0,90.0,91.0,91.0,92.0,92.27999999999997,93.51999999999998,94.0,94.0,95.0,95.0,96.0,96.0,96.0,97.0,97.0,98.0,98.0,98.0,99.0,99.0,100.0,101.0,101.0,102.0,102.0,103.0,103.0,104.0,105.0,105.0,106.0,106.0,107.0,107.0,107.0,108.0,108.0,108.20000000000005,109.0,109.67999999999995,110.0,111.0,111.0,112.0,113.0,114.0,115.0,115.60000000000002,117.0,118.0,120.0,121.0,122.0,124.0,125.27999999999997,129.0,131.76,140.0,96.0,1000.2078431397676,1000.3882353007793,1000.5254902243614,1000.6274510025978,1000.7215686440468,1000.8980392217636,2000.4000000059605,2000.5960784554482,2000.705882370472,3001.0,172.16139221191406,179.9077362060547,184.8030776977539,188.71109008789062,192.1217041015625,195.38970947265625,198.86595153808594,203.17611694335938,210.61688385009765,348.2469482421875,236.12192,0.0,test_data/Useful/Validation/Three eight at 1ft/WhatsApp Image 2024-08-23 at 11.02.45 (1).jpeg,2758.0,1011.0,29.906667089639548
83,47.0,52.0,57.0,58.96,60.0,62.0,63.0,65.0,66.0,67.0,68.0,70.0,71.0,72.36000000000001,74.0,74.0,75.0,75.0,76.0,77.0,78.0,79.0,79.52000000000001,80.75999999999999,81.0,81.0,82.0,82.0,83.0,83.0,84.0,84.0,85.0,85.0,86.0,87.0,87.0,87.0,88.0,88.0,89.0,89.0,90.0,90.0,91.0,91.0,91.0,92.0,93.0,93.0,94.0,94.48000000000002,95.0,95.96000000000004,96.0,96.0,97.0,97.0,98.0,98.0,99.0,99.0,100.0,101.0,101.0,101.84000000000003,102.0,103.0,103.0,104.0,104.0,105.0,105.0,105.0,106.0,107.0,107.0,108.0,108.96000000000004,109.0,109.0,110.0,111.0,112.0,112.0,113.0,114.0,115.0,116.0,116.0,117.0,118.0,119.0,121.0,122.0,123.03999999999996,125.0,127.0,129.0,147.0,91.0,1000.1960784345865,1000.3686274588108,1000.5019608139992,1000.6039215922356,1000.6901960968971,1000.7921568751335,2000.2666666805744,2000.572549045086,2000.705882370472,3001.0,172.46002197265625,180.10369873046875,185.00184631347656,188.8650360107422,192.2494659423828,195.52426147460938,199.0349319458008,203.28501281738284,210.74745178222656,348.29833984375,235.7622,0.0,test_data/Useful/Validation/Three eight at 1ft/WhatsApp Image 2024-08-23 at 11.02.45 (2).jpeg,2805.0,1036.0,20.0
84,48.480000000000004,55.480000000000004,57.0,58.96,61.2,63.0,64.68,66.92,68.16,70.0,71.0,72.0,72.0,73.0,73.0,74.84,76.0,77.0,77.0,78.0,79.0,79.0,80.0,80.0,81.0,82.0,82.0,83.0,83.0,84.0,84.0,85.0,85.0,86.0,86.0,87.0,87.0,87.0,88.0,88.0,89.0,89.0,89.0,90.0,90.0,91.0,91.0,92.0,93.0,93.0,94.0,95.0,95.0,96.0,96.0,97.0,97.0,98.0,98.0,99.0,99.0,100.0,100.0,101.0,101.0,102.0,102.0,103.0,103.0,103.0,104.0,104.0,105.0,105.0,106.0,107.0,108.0,108.0,108.96000000000004,109.0,110.0,110.0,111.0,112.0,112.0,113.0,114.0,115.0,115.36000000000001,116.0,118.0,118.0,119.0,120.0,121.0,122.0,124.0,126.0,130.27999999999997,137.0,103.0,1000.2117647081614,1000.3960784375668,1000.5333333611488,1000.6352941393852,1000.7333333492279,1000.9254902005196,2000.4235294163227,2000.611764729023,2000.7215686440468,3001.0,172.4799346923828,180.07957458496094,184.93305358886718,188.77069091796875,192.207763671875,195.50193786621094,199.0082550048828,203.28982543945312,210.76773071289062,348.3032531738281,235.0776,0.0,test_data/Useful/Validation/Three eight at 1ft/WhatsApp Image 2024-08-23 at 11.02.45 (3).jpeg,2839.0,1035.0,29.402850925080607
85,49.24,54.0,58.0,60.96,62.0,64.0,65.0,67.0,68.16,69.0,70.0,71.0,72.0,74.0,74.6,75.0,77.0,77.32,78.0,79.0,79.0,80.0,81.0,81.0,82.0,83.0,83.0,84.0,84.0,85.0,86.0,86.0,87.0,88.0,88.39999999999998,89.0,89.0,90.0,90.36000000000001,91.0,91.0,92.0,92.0,92.0,93.0,93.04000000000002,94.0,94.0,95.0,95.0,96.0,96.0,96.0,97.0,98.0,98.0,98.0,98.91999999999996,99.0,99.0,100.0,100.0,101.0,102.0,102.60000000000002,103.0,103.0,104.0,104.0,105.0,105.0,105.0,106.0,106.0,107.0,107.0,108.0,108.0,108.0,109.0,110.0,110.0,111.0,112.0,112.0,113.0,113.0,114.0,115.0,116.0,117.0,119.0,119.0,120.0,122.0,124.0,126.27999999999997,127.51999999999998,130.51999999999998,135.0,98.0,1000.2000000029802,1000.3764705955982,1000.5098039507866,1000.611764729023,1000.6901960968971,1000.7882353067398,2000.243137255311,2000.5686274766922,2000.705882370472,3000.9960784316063,172.2150863647461,179.94776611328126,184.9075149536133,188.7472900390625,192.108642578125,195.36486206054687,198.850341796875,203.14227294921875,210.617919921875,348.3639831542969,235.78993,0.0,test_data/Useful/Validation/Three eight at 1ft/WhatsApp Image 2024-08-23 at 11.02.45.jpeg,2731.0,1029.0,31.05129222669809
86,48.24,51.44,57.0,59.96,62.0,63.44,64.68,66.92,67.16,68.4,70.64,71.0,72.0,72.36000000000001,74.0,74.84,75.0,76.0,77.0,77.80000000000001,78.0,79.0,80.0,80.0,81.0,81.0,82.0,83.0,83.0,84.0,84.0,85.0,85.0,86.0,86.0,86.0,87.0,87.0,88.0,88.0,89.0,89.0,90.0,91.0,91.0,92.0,92.27999999999997,93.0,93.0,94.0,94.0,95.0,95.0,96.0,97.0,97.0,97.0,98.0,98.0,99.0,99.0,100.0,101.0,102.0,102.0,102.0,103.0,103.0,103.55999999999995,104.0,105.0,105.0,106.0,107.0,107.0,107.24000000000001,108.0,108.0,109.0,109.0,110.0,110.0,111.0,112.0,113.0,113.63999999999999,115.0,116.0,117.0,117.0,118.0,119.0,120.0,121.0,122.0,123.0,124.27999999999997,126.0,128.0,140.0,103.0,1000.1960784345865,1000.3686274588108,1000.5019608139992,1000.6000000238419,1000.6823529601097,1000.7803921699524,2000.2078431397676,2000.5529412031174,2000.6980392336845,3001.0,172.35150604248048,180.02267456054688,184.91827087402345,188.7648712158203,192.17061614990234,195.41731872558594,198.9048309326172,203.20813598632813,210.60655212402344,348.2869873046875,235.65622,0.0,test_data/Useful/Validation/Three eight at 1ft/WhatsApp Image 2024-08-23 at 11.02.46 (1).jpeg,2820.0,1035.0,29.842347645632987
87,45.24,49.0,53.0,55.96,59.0,61.0,63.0,64.0,66.0,67.0,68.0,68.88,70.0,71.0,72.0,74.0,74.0,75.32,77.0,77.80000000000001,78.03999999999999,79.0,79.0,80.0,81.0,81.0,82.0,82.0,83.0,83.0,84.0,84.0,85.0,85.0,86.0,86.0,87.0,88.0,88.0,89.0,89.0,90.0,90.0,91.0,91.80000000000001,92.0,93.0,93.51999999999998,94.0,94.0,95.0,96.0,96.0,97.0,97.0,98.0,98.0,99.0,99.0,99.39999999999998,100.0,101.0,101.0,102.0,102.0,102.0,103.0,103.0,103.0,104.0,105.0,105.0,105.51999999999998,106.0,107.0,108.0,108.0,109.0,110.0,111.0,111.0,112.0,113.0,113.0,113.0,114.0,114.88,115.12,116.0,117.0,118.0,119.0,120.0,121.0,122.79999999999995,124.0,125.0,127.0,128.76,134.0,102.0,1000.2078431397676,1000.3803921639919,1000.5137255191803,1000.611764729023,1000.6941176652908,1000.8039215803146,2000.3176470696926,2000.5764706134796,2000.6980392336845,3000.9960784316063,171.95701599121094,179.74447631835938,184.6934844970703,188.5448455810547,191.9948501586914,195.29949951171875,198.7880874633789,203.12445068359375,210.74400329589844,348.2689208984375,235.75824,0.0,test_data/Useful/Validation/Three eight at 1ft/WhatsApp Image 2024-08-23 at 11.02.46.jpeg,2775.0,1027.0,28.097156750248093
88,43.0,49.96,54.0,57.0,60.0,61.0,63.0,66.0,67.0,68.4,70.0,71.0,72.0,73.0,74.0,74.0,76.0,77.0,77.0,78.0,79.0,79.28,80.0,81.0,81.0,82.0,82.0,83.0,83.0,85.0,85.44,86.0,87.0,87.0,87.39999999999998,88.0,89.0,89.0,90.0,90.0,91.0,91.0,91.32,92.0,92.0,93.0,93.0,93.51999999999998,94.0,94.0,95.0,95.0,96.0,96.0,96.0,97.0,97.0,97.0,98.0,99.0,99.0,100.0,100.0,101.0,101.0,102.0,102.0,103.0,103.0,104.0,104.0,105.0,105.0,105.0,106.0,107.0,107.0,108.0,108.96000000000004,109.0,110.0,110.0,111.0,112.0,112.39999999999998,113.0,114.0,115.0,116.0,116.60000000000002,118.0,119.0,120.0,122.0,122.79999999999995,124.03999999999996,126.0,128.0,130.0,139.0,97.0,1000.2156862765551,1000.3960784375668,1000.5333333611488,1000.6352941393852,1000.7333333492279,1000.9647058844566,2000.4313725531101,2000.6078431606293,2000.717647075653,3000.988235294819,172.2963836669922,179.96585083007812,184.88888549804688,188.75965881347656,192.1461181640625,195.46768188476562,198.91705932617188,203.16751098632812,210.6983642578125,348.3369445800781,235.1432,0.0,test_data/Useful/Validation/Three eight at 1ft/WhatsApp Image 2024-08-23 at 11.02.47 (1).jpeg,2827.0,1018.0,28.911206682846398
89,51.0,54.0,57.0,61.96,64.0,65.0,67.0,68.0,69.0,70.0,70.0,71.0,73.0,74.0,75.0,76.0,77.0,78.0,78.0,79.0,80.0,80.0,81.0,82.0,82.0,83.0,84.0,84.72000000000003,85.0,86.0,87.0,87.0,88.0,88.0,88.0,89.0,89.0,89.0,90.0,90.0,91.0,91.0,91.0,92.0,92.0,93.0,94.0,94.0,95.0,95.0,95.0,96.0,96.0,96.96000000000004,97.0,97.0,98.0,98.0,99.0,99.0,99.63999999999999,100.0,100.12,101.0,101.0,102.0,102.0,103.0,104.0,104.0,105.0,105.0,105.51999999999998,106.0,107.0,107.0,108.0,108.0,108.0,109.0,109.44000000000005,110.0,111.0,112.0,112.0,112.63999999999999,113.0,114.0,114.0,115.0,115.0,117.0,118.0,119.0,121.0,124.0,125.0,128.0,133.76,137.0,91.0,1000.1960784345865,1000.3686274588108,1000.5019608139992,1000.6000000238419,1000.6823529601097,1000.7803921699524,2000.2235294133425,2000.5490196347237,2000.6941176652908,3000.9960784316063,172.28580017089843,179.98060302734376,184.84859466552734,188.68734741210938,192.11454010009766,195.41953125,198.95532989501953,203.27247924804686,210.7241668701172,348.2613525390625,235.11934,0.0,test_data/Useful/Validation/Three eight at 1ft/WhatsApp Image 2024-08-23 at 11.02.47 (2).jpeg,2732.0,1033.0,22.287240717210974
90,46.24,52.480000000000004,56.72,60.0,63.0,64.0,65.68,67.0,68.0,69.0,70.0,72.0,73.0,74.0,74.0,75.84,76.0,77.0,78.0,79.0,80.0,81.0,81.0,82.0,83.0,83.0,83.0,84.0,84.0,85.0,85.0,86.0,86.0,87.0,87.0,88.0,88.0,88.0,89.0,89.60000000000002,90.0,91.0,91.0,92.0,92.0,92.0,93.0,93.0,94.0,94.0,95.0,95.48000000000002,96.0,96.0,97.0,97.0,97.0,98.0,98.0,99.0,100.0,100.0,101.0,102.0,102.0,103.0,104.0,104.0,105.0,105.0,106.0,106.0,106.0,107.0,107.0,108.0,108.0,108.0,109.0,109.0,110.0,110.0,111.0,111.15999999999997,112.0,113.0,113.0,114.0,114.0,115.60000000000002,116.84000000000003,117.0,118.0,119.55999999999995,120.79999999999995,122.0,123.0,126.51999999999998,130.51999999999998,137.0,88.0,1000.2196078449488,1000.4000000059605,1000.5333333611488,1000.6352941393852,1000.7333333492279,2000.06274510175,2000.4352941215038,2000.6039215922356,2000.705882370472,3001.0,172.105322265625,179.7836151123047,184.67971801757812,188.55909729003906,191.9636001586914,195.294677734375,198.76699829101562,203.0751190185547,210.6422119140625,348.22039794921875,235.79745,0.0,test_data/Useful/Validation/Three eight at 1ft/WhatsApp Image 2024-08-23 at 11.02.47.jpeg,2733.0,1040.0,30.412544219269826
91,46.44,53.0,56.0,57.96,60.0,62.44,63.0,65.0,66.0,67.0,69.0,70.0,72.0,74.0,74.0,75.0,76.0,76.0,77.0,78.0,79.0,79.0,80.0,80.0,81.0,82.0,83.0,83.0,83.0,84.0,85.0,85.0,85.92000000000002,86.0,86.39999999999998,87.0,87.88,88.0,88.0,89.0,89.0,90.0,90.0,90.0,91.0,91.0,92.0,92.0,92.0,93.0,94.0,94.48000000000002,95.0,96.0,96.0,97.0,97.0,98.0,98.0,98.39999999999998,99.0,100.0,100.0,101.0,101.0,101.0,102.0,102.0,103.0,103.0,103.0,104.0,104.0,105.0,105.0,106.0,107.48000000000002,108.72000000000003,109.0,110.0,110.44000000000005,111.0,111.0,112.0,113.0,114.0,114.0,115.0,115.0,116.0,117.0,118.0,119.0,120.0,121.0,122.03999999999996,125.0,126.0,130.76,137.0,92.0,1000.2823529541492,1000.4666666686535,1000.5921568870544,1000.6862745285034,1000.8313725590706,2000.2509804069996,2000.4705882370472,2000.611764729023,2000.705882370472,3000.9960784316063,171.86705017089844,179.52231140136718,184.4015350341797,188.29112548828124,191.7729034423828,195.11293029785156,198.66671752929688,203.0941162109375,210.88055419921875,348.10968017578125,236.1896,0.0,test_data/Useful/Validation/Three eight at 1ft/WhatsApp Image 2024-08-23 at 11.02.48 (1).jpeg,2705.0,1032.0,27.842111437719012
92,44.0,50.480000000000004,53.0,56.96,59.0,61.0,64.0,65.92,67.0,68.0,69.0,69.0,71.0,71.0,72.0,72.0,74.0,75.0,75.0,76.0,77.03999999999999,78.0,79.0,79.0,80.0,81.0,82.0,82.0,82.0,83.0,83.0,84.0,85.0,85.16000000000003,86.0,87.0,87.88,88.0,88.0,89.60000000000002,90.0,91.0,91.0,91.0,92.0,92.04000000000002,93.0,94.0,94.0,95.0,95.0,96.0,96.0,96.0,97.0,97.0,98.0,98.0,99.0,99.0,100.0,100.0,101.0,101.0,102.0,102.0,102.0,103.0,103.0,104.0,105.0,105.0,106.0,106.0,107.0,108.0,108.0,108.72000000000003,109.0,109.20000000000005,110.0,111.0,111.0,112.0,112.39999999999998,113.0,114.0,114.0,115.0,116.0,117.0,118.0,118.32000000000005,119.55999999999995,120.79999999999995,124.0,125.0,128.51999999999998,131.76,137.0,102.0,1000.2470588237047,1000.4235294163227,1000.54509806633,1000.6313725709915,1000.7137255072594,1000.8588235378265,2000.32549020648,2000.5607843399048,2000.6901960968971,3000.9921568632126,171.78887939453125,179.4412384033203,184.40478515625,188.332275390625,191.78147888183594,195.15911865234375,198.73919677734375,203.20518493652344,211.03890991210938,348.10711669921875,236.29898,0.0,test_data/Useful/Validation/Three eight at 1ft/WhatsApp Image 2024-08-23 at 11.02.48 (2).jpeg,2657.0,973.0,32.1855686562683
93,44.480000000000004,50.480000000000004,55.72,57.96,59.2,62.0,66.0,66.0,68.0,68.0,69.0,70.0,70.12,71.0,72.0,73.0,74.0,75.0,76.0,76.80000000000001,77.0,78.0,78.52000000000001,79.0,80.0,81.0,82.0,82.0,82.95999999999998,83.19999999999999,84.0,84.0,85.0,85.0,85.39999999999998,86.0,87.0,88.0,88.0,88.0,89.0,90.0,90.0,91.0,91.0,92.0,92.0,93.0,93.0,94.0,94.0,95.0,95.72000000000003,96.0,97.0,97.0,97.0,98.0,98.0,98.0,99.0,99.0,100.0,100.0,101.0,101.0,102.0,102.0,103.0,104.0,104.0,105.0,105.0,105.0,106.0,107.0,107.0,108.0,108.0,109.0,109.0,110.0,111.0,112.0,112.0,113.0,114.0,115.0,115.0,116.0,117.0,117.0,118.0,119.0,120.0,122.0,123.0,125.0,128.76,143.0,98.0,1000.2039215713739,1000.3843137323856,1000.5215686559677,1000.6235294342041,1000.7176470756531,1000.8901960849762,2000.392156869173,2000.5960784554482,2000.7098039388657,3001.0,172.3287811279297,180.0460968017578,184.97415161132812,188.83721923828125,192.2240447998047,195.46621704101562,198.971923828125,203.2137451171875,210.6137237548828,348.2452392578125,235.8023,0.0,test_data/Useful/Validation/Three eight at 1ft/WhatsApp Image 2024-08-23 at 11.02.48.jpeg,2833.0,1079.0,34.86523645573482
94,42.24,48.96,54.0,56.0,59.0,60.0,62.0,63.0,64.0,65.0,66.0,68.0,69.12,70.0,71.0,72.0,73.0,74.0,75.0,76.0,77.0,78.0,78.52000000000001,79.0,80.0,80.0,81.0,81.0,82.0,82.0,83.0,83.0,84.0,85.0,85.0,86.0,87.0,88.0,88.0,89.0,89.0,90.0,90.0,90.0,91.0,91.0,91.0,92.0,92.0,93.0,93.0,94.0,94.0,94.0,95.0,95.0,95.0,96.0,96.0,97.0,98.0,98.0,99.0,99.0,100.0,101.0,101.0,102.0,102.0,102.79999999999995,103.0,104.0,105.0,105.0,106.0,107.0,107.0,107.72000000000003,109.0,109.0,110.0,110.67999999999995,111.0,112.0,112.0,113.0,114.0,115.0,116.0,116.0,117.0,118.0,119.0,119.55999999999995,120.79999999999995,122.0,123.27999999999997,126.0,132.51999999999998,139.0,94.0,1000.258823543787,1000.4313725531101,1000.5568627715111,1000.6431372761726,1000.7333333492279,2000.0078431377187,2000.3764705955982,2000.5764706134796,2000.6941176652908,3001.0,171.634033203125,179.45008850097656,184.40380859375,188.37339782714844,191.76876068115234,195.14991455078126,198.72381591796875,203.2327117919922,211.06568908691406,348.09576416015625,236.59912,0.0,test_data/Useful/Validation/Three eight at 1ft/WhatsApp Image 2024-08-23 at 11.02.49 (1).jpeg,2837.0,1049.0,34.56498674931409
95,43.24,52.0,54.72,57.0,60.2,63.0,65.68,67.0,69.0,70.0,70.64,72.0,73.0,73.36000000000001,74.0,75.0,76.0,76.0,77.0,77.0,78.0,79.0,80.0,81.0,82.0,82.0,82.0,83.0,83.0,84.0,84.44,85.0,85.0,86.0,86.0,87.0,87.0,88.0,88.0,89.0,89.0,89.0,90.0,91.0,91.0,92.0,93.0,93.0,93.0,94.0,94.0,95.0,95.0,96.0,96.0,96.0,97.0,97.0,98.0,98.0,98.0,99.0,99.0,100.0,100.0,100.84000000000003,101.0,101.0,102.0,103.0,103.03999999999996,104.0,105.0,105.0,106.0,106.0,106.0,107.0,107.96000000000004,108.0,109.0,109.0,109.0,110.0,111.0,112.0,113.0,113.12,114.0,115.60000000000002,116.84000000000003,118.0,119.0,119.0,121.0,122.03999999999996,123.0,124.0,129.76,148.0,98.0,1000.2705882489681,1000.4549019634724,1000.5803921818733,1000.678431391716,1000.8039215803146,2000.2235294133425,2000.458823531866,2000.6078431606293,2000.705882370472,3000.9960784316063,172.02404174804687,179.7485107421875,184.65621032714844,188.52590637207032,191.92790985107422,195.25260009765626,198.84146118164062,203.2220916748047,210.96685791015625,348.1141662597656,236.82248,0.0,test_data/Useful/Validation/Three eight at 1ft/WhatsApp Image 2024-08-23 at 11.02.49 (2).jpeg,2733.0,1026.0,26.079679711003383
96,43.24,50.0,55.72,57.0,60.400000000000006,63.0,64.0,64.92,66.0,67.4,69.0,70.0,71.0,72.0,72.0,73.0,74.0,74.0,75.0,76.0,77.0,77.0,78.0,78.0,79.0,79.0,79.48000000000002,80.0,81.0,81.19999999999999,82.0,83.0,83.0,84.0,85.0,85.0,86.0,87.0,87.0,88.0,88.0,89.0,89.0,90.0,91.0,91.0,91.27999999999997,92.0,93.0,93.0,93.0,94.0,94.0,95.0,95.0,95.0,96.0,96.0,97.0,97.0,98.0,98.0,98.0,99.0,99.0,100.0,100.0,101.0,101.0,101.79999999999995,102.0,102.0,103.51999999999998,104.0,104.0,105.0,105.0,106.0,106.0,107.0,108.44000000000005,109.0,109.0,110.0,111.0,112.0,112.0,113.0,113.0,114.0,116.0,116.0,117.32000000000005,119.0,120.79999999999995,123.0,124.27999999999997,125.51999999999998,128.76,134.0,95.0,1000.2627451121807,1000.4392156898975,1000.5647059082985,1000.6549019813538,1000.7490196228027,2000.0901960805058,2000.4039215743542,2000.5882353186607,2000.6980392336845,3000.9921568632126,171.8115249633789,179.51755981445314,184.49331512451172,188.43270568847657,191.92986297607422,195.227294921875,198.78135681152344,203.336181640625,211.2142333984375,348.0437927246094,236.98915,0.0,test_data/Useful/Validation/Three eight at 1ft/WhatsApp Image 2024-08-23 at 11.02.49.jpeg,2828.0,1052.0,27.330695093193267
97,48.0,53.0,56.72,59.0,62.0,63.0,64.68,66.0,67.0,68.0,69.0,70.0,70.0,71.0,72.0,72.84,73.0,74.0,74.0,75.0,75.0,76.0,77.0,77.0,78.0,79.0,79.0,80.0,80.0,81.0,82.0,82.0,82.0,83.16000000000003,84.0,84.0,85.88,86.0,87.0,88.0,89.0,89.0,90.0,90.0,90.80000000000001,91.0,91.0,92.0,92.75999999999999,93.0,94.0,94.0,95.0,95.0,96.0,96.44000000000005,97.0,97.91999999999996,98.0,98.0,99.0,99.0,100.0,100.0,101.0,101.0,101.0,102.0,102.0,102.79999999999995,103.0,103.0,103.0,104.0,104.0,105.0,105.0,106.0,106.0,107.0,107.0,108.0,109.0,109.15999999999997,111.0,111.0,112.0,113.0,113.36000000000001,114.0,114.84000000000003,116.0,117.0,119.0,120.0,122.0,124.0,126.0,129.76,137.0,103.0,1000.2705882489681,1000.4549019634724,1000.5803921818733,1000.6705882549286,1000.7803921699524,2000.1725490242243,2000.4392156898975,2000.6039215922356,2000.7098039388657,3001.0,172.05381774902344,179.75614013671876,184.60543670654297,188.4506378173828,191.9530029296875,195.30191040039062,198.8469696044922,203.21292114257812,211.05609130859375,348.1256408691406,237.33778,0.0,test_data/Useful/Validation/Three eight at 1ft/WhatsApp Image 2024-08-23 at 11.02.50 (1).jpeg,2752.0,1069.0,30.01580322287114
98,37.480000000000004,48.96,54.44,58.0,60.0,62.0,63.0,65.92,66.16,68.0,70.0,71.0,72.0,72.36000000000001,73.0,74.0,75.0,76.0,76.0,76.80000000000001,77.0,78.0,79.0,79.0,80.0,80.0,81.0,82.0,82.0,83.0,84.0,84.0,85.0,85.0,85.39999999999998,86.0,86.0,87.0,87.0,87.0,88.0,89.0,89.0,89.0,90.0,90.0,90.27999999999997,91.0,92.0,92.0,93.0,93.0,93.0,94.0,94.0,94.44000000000005,95.0,95.0,96.0,96.39999999999998,97.0,97.0,98.0,98.36000000000001,99.0,99.84000000000003,100.0,101.0,101.0,101.0,102.0,103.0,103.0,103.0,104.0,104.0,105.0,105.0,106.0,107.0,107.0,108.0,109.0,109.0,110.0,111.0,111.88,113.0,114.0,114.60000000000002,115.0,116.0,117.0,117.0,119.79999999999995,122.0,126.0,128.0,132.76,146.0,101.0,1000.2000000029802,1000.3764705955982,1000.5137255191803,1000.6156862974167,1000.705882370472,1000.8431372642517,2000.3725490272045,2000.6000000238419,2000.7137255072594,3001.0,172.82932739257814,180.46226501464844,185.38739776611328,189.17363281250002,192.563720703125,195.84412536621093,199.25101318359376,203.54303283691405,210.7616424560547,348.14105224609375,236.6992,0.0,test_data/Useful/Validation/Three eight at 1ft/WhatsApp Image 2024-08-23 at 11.02.50 (2).jpeg,2785.0,1044.0,32.59927461050529
99,42.24,49.0,52.0,53.0,57.2,59.44,61.0,62.0,65.0,66.4,67.0,68.0,69.0,69.36000000000001,71.0,72.0,73.0,74.0,74.0,75.0,76.0,77.0,77.0,78.0,78.0,79.0,79.0,80.0,81.0,81.0,82.0,82.0,83.0,83.16000000000003,84.0,85.0,85.0,86.0,86.36000000000001,87.0,88.0,88.0,89.0,89.0,89.0,90.0,90.0,90.0,91.0,91.0,92.0,92.0,93.0,93.96000000000004,94.0,95.0,95.67999999999995,96.0,96.0,97.0,97.0,98.0,98.0,98.0,99.0,100.0,100.0,100.0,101.0,102.0,102.0,102.0,103.0,104.0,104.0,105.0,105.0,106.0,106.0,106.0,107.0,108.0,108.91999999999996,109.0,109.0,110.0,110.0,111.0,111.0,113.0,114.0,115.0,116.0,116.0,117.79999999999995,120.0,122.27999999999997,125.51999999999998,127.75999999999999,133.0,106.0,1000.2901960909367,1000.4784313738346,1000.6039215922356,1000.6980392336845,1000.8705882430077,2000.2784313857555,2000.4901960790157,2000.6274510025978,2000.717647075653,3001.0,171.9517822265625,179.64297790527343,184.54495239257812,188.43008422851562,191.93173217773438,195.30361938476562,198.83566284179688,203.24905395507812,211.00927734375,348.1497497558594,236.83519,0.0,test_data/Useful/Validation/Three eight at 1ft/WhatsApp Image 2024-08-23 at 11.02.50.jpeg,2771.0,1012.0,28.39339325902142
100,37.480000000000004,46.96,50.72,55.92,58.0,61.0,63.0,64.0,65.0,66.4,68.0,69.0,70.0,72.0,73.0,73.0,74.0,74.32,75.56,76.80000000000001,77.03999999999999,78.0,79.0,80.0,80.0,81.0,81.0,82.0,82.0,83.0,84.0,84.0,85.0,86.0,86.0,87.0,88.0,88.0,89.0,89.0,90.0,90.07999999999998,91.0,91.56,92.0,92.04000000000002,93.0,94.0,94.0,94.0,95.0,96.0,96.0,97.0,97.0,98.0,98.0,98.91999999999996,99.0,100.0,100.0,100.0,100.12,101.0,101.0,101.0,102.0,102.0,103.0,103.0,104.0,104.0,105.0,106.0,106.0,107.0,107.0,108.0,108.0,109.0,110.0,111.0,111.0,112.0,112.39999999999998,113.0,113.88,115.0,115.36000000000001,116.0,117.0,118.0,119.0,121.0,123.79999999999995,125.0,126.27999999999997,128.51999999999998,132.51999999999998,145.0,101.0,1000.2000000029802,1000.3764705955982,1000.5137255191803,1000.6156862974167,1000.7098039388657,1000.866666674614,2000.3843137323856,2000.5921568870544,2000.7098039388657,3000.988235294819,172.1430404663086,179.90147094726564,184.76939392089844,188.59926147460936,191.9973907470703,195.28845825195313,198.80154876708986,202.98486328125,210.34823608398438,348.33428955078125,236.72684,0.0,test_data/Useful/Validation/Three eight at 1ft/WhatsApp Image 2024-08-23 at 11.03.02 (2).jpeg,2794.0,1023.0,29.225553246883443
101,44.480000000000004,51.0,55.0,56.96,60.2,62.0,63.0,64.0,65.0,66.4,67.0,69.88,71.0,72.0,73.0,74.0,75.0,77.0,77.0,78.0,79.0,79.28,80.0,81.0,82.0,82.0,83.0,84.0,84.0,85.0,85.0,86.0,86.0,87.0,88.0,88.0,88.0,89.0,89.0,90.0,90.0,91.0,91.0,91.0,92.0,92.0,92.0,93.0,93.0,94.0,95.0,95.0,96.0,96.0,97.0,97.0,98.0,98.0,98.0,99.0,99.63999999999999,100.0,100.0,100.0,101.0,101.0,102.0,102.0,103.0,104.0,104.0,105.0,105.0,106.0,106.0,107.0,107.0,108.0,108.0,109.0,109.0,110.0,111.0,111.0,112.0,113.0,113.0,114.0,115.0,115.0,116.84000000000003,118.0,119.0,119.0,121.79999999999995,123.0,124.0,126.0,129.0,136.0,100.0,1000.2000000029802,1000.3764705955982,1000.5137255191803,1000.6156862974167,1000.7098039388657,1000.8862745165825,2000.3882353007793,2000.5960784554482,2000.7137255072594,3001.0,172.50375213623047,180.15758056640624,184.99295654296876,188.8836669921875,192.291015625,195.5639892578125,199.0403594970703,203.25132751464844,210.64328002929688,348.230224609375,236.54723,0.0,test_data/Useful/Validation/Three eight at 1ft/WhatsApp Image 2024-08-23 at 11.03.02.jpeg,2786.0,1048.0,30.141468474068592
102,46.0,51.480000000000004,53.72,56.0,60.0,62.0,62.0,64.0,66.0,67.4,69.0,69.0,70.12,71.0,72.6,74.0,74.0,75.0,76.0,77.0,77.03999999999999,78.0,79.0,80.0,80.0,81.0,81.0,82.0,82.0,83.0,84.0,85.0,85.0,86.0,86.39999999999998,87.0,87.0,88.0,88.0,89.0,90.0,90.0,90.0,91.0,91.0,92.0,93.0,93.0,94.0,94.0,95.0,95.0,96.0,96.0,97.0,97.0,98.0,98.0,98.15999999999997,99.0,99.0,100.0,101.0,101.0,102.0,102.84000000000003,103.0,104.0,104.0,105.0,105.0,105.0,106.0,106.0,106.0,107.0,107.0,108.0,108.0,109.0,109.0,110.0,110.91999999999996,111.0,112.0,112.63999999999999,113.0,114.0,115.0,116.0,117.0,117.08000000000004,118.0,119.0,120.79999999999995,123.0,124.0,126.51999999999998,129.0,136.0,106.0,1000.2039215713739,1000.3803921639919,1000.517647087574,1000.6156862974167,1000.7098039388657,1000.8549019694328,2000.3686274588108,2000.5882353186607,2000.705882370472,3001.0,172.146240234375,179.79103088378906,184.72616577148438,188.57672119140625,192.0125961303711,195.3087951660156,198.80333557128907,203.07481384277344,210.48606872558594,348.2665710449219,238.64966,0.0,test_data/Useful/Validation/Three eight at 1ft/WhatsApp Image 2024-08-23 at 11.03.03 (1).jpeg,2856.0,1055.0,28.718804556052184
103,45.0,48.0,52.0,55.0,57.0,61.0,63.0,65.0,67.0,68.0,69.0,70.0,72.0,73.0,74.0,74.0,75.0,77.32,78.0,78.80000000000001,79.0,80.0,81.0,81.0,82.0,82.0,82.48000000000002,83.0,84.0,84.0,85.0,85.0,85.0,86.0,86.0,87.0,87.0,87.0,88.0,89.0,89.0,90.0,90.0,91.0,91.0,91.0,92.0,92.0,93.0,93.0,94.0,94.0,94.0,94.96000000000004,95.0,96.0,97.0,97.0,98.0,98.0,98.0,99.0,100.0,100.0,101.0,102.0,103.0,103.0,103.0,104.0,105.0,105.0,105.0,106.75999999999999,107.0,107.0,108.0,108.0,108.0,109.0,110.0,111.0,112.0,112.0,112.39999999999998,113.0,114.0,115.0,115.0,116.0,116.0,117.0,118.32000000000005,120.0,121.0,122.03999999999996,125.0,127.0,129.0,139.0,85.0,1000.2117647081614,1000.392156869173,1000.5333333611488,1000.6392157077789,1000.745098054409,2000.1176470592618,2000.4549019634724,2000.6156862974167,2000.717647075653,3001.0,172.19394989013674,179.9069580078125,184.77184143066407,188.5807312011719,192.06417846679688,195.37747192382812,198.8518524169922,203.12900085449218,210.55587768554688,348.2231140136719,236.01755,0.0,test_data/Useful/Validation/Three eight at 1ft/WhatsApp Image 2024-08-23 at 11.03.03.jpeg,2782.0,1037.0,29.636301102627808
104,51.24,54.0,57.0,61.0,62.0,64.0,66.0,67.0,68.0,69.0,70.0,70.88,72.0,73.0,74.0,74.0,75.0,76.0,77.0,77.0,78.0,79.0,79.0,80.0,81.0,81.24000000000001,82.0,82.0,83.0,83.0,84.0,84.0,84.92000000000002,85.0,85.0,85.63999999999999,86.0,87.0,88.0,88.0,88.0,89.0,90.0,91.0,91.0,92.0,92.0,93.0,93.0,93.0,94.0,94.0,95.0,95.0,96.0,96.0,96.0,97.0,98.0,98.0,98.0,99.0,100.0,100.0,100.0,100.0,101.0,102.0,102.0,103.0,103.0,103.0,104.0,104.0,105.0,105.0,106.48000000000002,107.0,108.0,108.0,109.0,109.0,110.0,111.0,111.0,112.0,113.0,113.12,115.0,115.0,117.0,118.0,118.32000000000005,120.0,120.79999999999995,122.03999999999996,125.0,127.51999999999998,129.0,140.0,100.0,1000.1960784345865,1000.3647058904171,1000.4980392158031,1000.6000000238419,1000.6901960968971,1000.811764717102,2000.3450980484486,2000.5882353186607,2000.7098039388657,3000.9960784316063,172.4568328857422,180.06134033203125,184.99681091308594,188.8937530517578,192.29278564453125,195.58790588378906,199.1059326171875,203.386279296875,210.95750427246094,348.07916259765625,237.57315,0.0,test_data/Useful/Validation/Three eight at 1ft/WhatsApp Image 2024-08-23 at 11.06.26.jpeg,2727.0,1021.0,29.494276361807728
0,42.0,46.0,48.72,52.0,53.2,54.0,55.68000000000001,57.0,58.0,59.400000000000006,60.64,61.879999999999995,63.0,63.0,64.0,65.0,66.0,67.0,67.0,68.0,68.0,69.0,69.0,70.0,70.0,71.0,72.0,72.72000000000003,73.0,73.0,74.0,74.0,75.0,76.0,76.0,76.63999999999999,77.0,78.0,78.0,78.0,79.0,80.0,80.0,80.0,80.0,81.0,82.0,82.0,83.0,84.0,84.0,85.0,85.0,85.0,86.0,86.0,87.0,87.0,88.0,88.0,88.63999999999999,89.0,89.0,89.0,90.0,90.0,91.0,91.0,92.0,92.0,93.0,93.27999999999997,94.0,94.0,95.0,95.0,97.0,97.0,98.0,98.0,99.0,100.0,101.0,101.0,102.0,103.0,104.0,105.0,105.0,106.0,107.0,108.0,109.0,110.0,111.0,113.03999999999996,115.55999999999995,121.0,125.0,134.0,80.0,1000.4117647111416,1000.6745098233223,1000.811764717102,1000.9921568632126,2000.5764706134796,2000.7764706015587,3000.06274510175,3000.447058826685,3000.662745118141,3001.0,174.21897888183594,181.8998565673828,186.72705078125,190.56068420410156,193.91629028320312,197.06015014648438,200.38336181640625,204.3885498046875,211.11984252929688,348.1736755371094,239.19524,1.0,test_data/Useful/Validation/Three Quarter at 1 ft/IMG-20240821-WA0097.jpg,2388.0,913.0,31.558427521842486
1,30.240000000000002,34.96,41.0,43.0,45.0,49.0,50.0,51.92,54.0,54.0,55.64,57.0,58.0,59.0,60.0,61.0,61.0,62.0,63.0,63.0,65.0,66.0,66.52000000000001,67.0,68.0,68.0,69.0,70.0,71.0,71.0,72.0,72.0,73.0,73.16000000000003,74.0,75.0,75.0,76.0,76.0,76.0,77.0,77.0,78.0,78.0,79.0,79.0,81.0,81.0,81.0,82.0,82.0,83.0,83.0,84.0,84.0,84.0,85.0,85.0,86.0,86.0,87.0,87.0,87.0,88.36000000000001,89.0,90.0,90.0,91.0,91.0,92.0,92.0,93.0,93.0,93.75999999999999,94.0,94.0,95.0,95.0,96.0,97.0,98.0,98.0,99.0,100.0,100.0,101.0,102.0,102.0,103.0,104.0,104.84000000000003,105.08000000000004,108.0,109.0,110.0,111.0,112.27999999999997,114.0,119.0,135.0,76.0,1000.4156862795353,1000.6745098233223,1000.8000000119209,1000.9450980424881,2000.5960784554482,2000.8078431487083,3000.164705887437,3000.501960813999,3000.6823529601097,3001.0,174.02859191894532,181.71727294921874,186.559326171875,190.3555450439453,193.65370178222656,196.81735229492188,200.11167907714844,204.05813598632812,210.8294677734375,348.25018310546875,240.96936,1.0,test_data/Useful/Validation/Three Quarter at 1 ft/IMG-20240821-WA0098.jpg,2311.0,876.0,26.193748857735294
2,29.48,35.480000000000004,37.72,40.0,43.0,45.0,46.0,47.0,48.0,49.0,50.0,51.0,52.0,53.0,53.0,54.0,56.0,57.0,57.56,58.0,59.0,59.0,60.0,61.0,62.0,62.24000000000001,63.0,64.0,64.0,65.0,66.0,66.0,66.0,67.0,67.0,67.63999999999999,68.0,69.0,69.0,70.0,70.0,71.0,71.0,71.0,72.0,72.0,72.0,73.0,73.0,74.0,75.0,76.0,76.0,77.0,77.0,78.0,78.0,79.0,79.0,80.0,81.0,81.0,82.0,82.0,82.0,83.0,83.0,83.0,84.0,84.0,85.0,85.0,86.0,86.0,86.0,87.0,87.0,88.0,89.0,89.0,90.0,90.0,92.0,93.0,94.0,95.0,96.0,97.0,97.0,98.60000000000002,99.0,100.0,101.0,102.55999999999995,104.0,106.03999999999996,109.0,111.51999999999998,115.75999999999999,128.0,71.0,1000.5372549295425,1000.811764717102,1000.972549021244,2000.243137255311,2000.4627451002598,2000.611764729023,2000.7254902124405,2000.8627451062202,3000.2941176593304,3001.0,174.59102325439454,182.39873962402345,187.32518463134767,191.25905151367186,194.6340560913086,197.8680633544922,201.34414672851562,205.56541442871094,213.0912628173828,346.3953857421875,240.33676,1.0,test_data/Useful/Validation/Three Quarter at 1 ft/IMG-20240821-WA0099.jpg,2530.0,965.0,30.72126007858863
3,31.72,37.44,41.0,44.0,46.0,47.0,51.0,51.0,53.0,54.0,55.64,57.879999999999995,60.0,60.0,61.0,62.0,63.0,64.0,65.56,66.0,67.0,68.0,68.0,69.0,69.0,70.0,70.0,70.0,71.0,71.19999999999999,72.0,73.0,74.0,75.0,75.0,76.0,77.0,78.0,78.0,79.0,79.0,80.0,80.0,81.0,81.0,81.0,82.0,82.0,83.0,83.0,84.0,84.0,84.72000000000003,85.96000000000004,86.20000000000005,87.0,87.0,88.0,88.0,89.0,89.0,89.0,90.0,90.0,91.0,91.84000000000003,92.0,92.0,93.0,93.0,94.0,94.0,94.51999999999998,95.0,96.0,96.0,97.0,97.0,98.0,99.0,99.0,100.67999999999995,101.0,102.0,102.0,103.0,104.0,104.0,105.0,106.0,106.0,107.0,108.0,109.0,111.0,115.0,118.0,121.51999999999998,125.0,132.0,81.0,1000.392156869173,1000.65098041296,1000.7843137383461,1000.9019607901573,2000.5372549295425,2000.7960784435272,3000.149019613862,3000.4941176474094,3000.6823529601097,3001.0,174.28598022460938,182.03147583007814,186.87093505859374,190.73279418945313,194.06584930419922,197.20102233886718,200.5137481689453,204.51791381835938,211.1676025390625,348.1164245605469,238.95036,1.0,test_data/Useful/Validation/Three Quarter at 1 ft/IMG-20240821-WA0100.jpg,2343.0,887.0,27.588127704606045
4,29.240000000000002,33.0,36.0,41.96,44.2,47.44,49.0,51.0,52.0,53.0,54.0,55.0,56.0,57.0,58.0,59.0,60.0,61.0,62.0,63.0,64.0,64.0,65.0,66.0,66.0,67.0,67.0,68.0,68.0,69.0,70.0,70.0,71.0,71.16000000000003,72.0,72.0,73.0,73.0,74.0,74.0,75.0,76.0,76.0,77.0,77.0,78.0,78.0,79.0,79.75999999999999,80.0,80.0,81.0,82.0,82.0,83.0,83.0,84.0,84.0,85.0,85.0,86.0,86.0,87.0,87.0,88.0,88.0,89.0,89.0,89.0,90.0,91.0,92.0,92.0,92.0,92.0,93.0,93.0,94.0,94.0,95.0,95.0,96.0,97.0,97.0,98.0,99.0,100.0,100.12,101.36000000000001,102.0,103.0,105.0,106.0,107.0,108.0,110.0,112.55999999999995,118.0,121.0,132.0,92.0,1000.3176470696926,1000.584313750267,1000.7215686440468,1000.8588235378265,2000.4313725531101,2000.678431391716,3000.019607843831,3000.380392163992,3000.584313750267,3001.0,173.46046447753906,181.1873016357422,186.0874786376953,189.9513702392578,193.31802368164062,196.56206970214845,199.9583267211914,204.16934509277343,211.29881286621094,347.5384826660156,240.76738,1.0,test_data/Useful/Validation/Three Quarter at 1 ft/IMG-20240821-WA0101.jpg,2310.0,909.0,30.052032298880754
5,33.0,37.480000000000004,45.0,47.0,48.0,49.0,51.0,52.92,54.0,55.0,56.64,57.0,58.0,59.0,60.0,61.0,63.0,64.0,65.56,66.80000000000001,67.0,67.0,68.0,68.75999999999999,69.0,69.0,70.0,70.0,70.95999999999998,71.0,71.44,72.0,72.92000000000002,73.0,74.0,75.0,75.0,75.0,76.0,76.0,77.0,78.0,78.0,78.0,79.0,80.0,80.0,80.51999999999998,81.0,81.0,82.0,82.0,83.0,83.0,84.0,85.0,85.0,85.0,86.0,86.0,86.0,87.0,87.0,88.0,88.0,89.0,89.0,90.0,91.0,91.0,92.03999999999996,93.0,93.51999999999998,94.0,94.0,94.0,95.0,96.0,97.0,97.0,98.0,99.0,99.0,100.0,102.0,103.0,104.0,105.0,106.0,106.60000000000002,107.0,109.0,109.0,110.55999999999995,113.0,116.03999999999996,118.0,119.0,123.0,133.0,94.0,1000.392156869173,1000.6588235497475,1000.7882353067398,1000.9176470637321,2000.5490196347237,2000.7882353067398,3000.113725490868,3000.474509805441,3000.6745098233223,3001.0,174.3108367919922,181.93800354003906,186.78350830078125,190.60621643066406,193.93463134765625,197.09017944335938,200.38592529296875,204.40011596679688,210.86671447753906,348.26446533203125,238.44104,1.0,test_data/Useful/Validation/Three Quarter at 1 ft/IMG-20240821-WA0102.jpg,2439.0,879.0,31.1831814929415
6,24.96,33.0,35.0,36.96,39.0,43.0,44.68000000000001,45.92,48.0,48.400000000000006,50.0,52.0,53.0,54.0,54.599999999999994,55.0,56.08000000000001,57.31999999999999,59.0,59.80000000000001,61.0,61.28,62.0,62.75999999999999,63.0,63.0,64.0,64.72000000000003,65.0,66.0,66.0,67.0,67.0,68.0,68.39999999999998,69.0,70.0,70.0,71.0,71.60000000000002,72.0,72.0,73.0,73.0,73.0,74.0,75.0,75.0,76.0,76.0,77.0,78.0,78.0,78.0,79.0,79.0,80.0,80.0,81.15999999999997,82.0,83.0,83.0,84.0,84.0,85.0,85.0,86.0,87.0,87.55999999999995,88.0,88.03999999999996,89.0,89.0,90.0,91.0,91.0,92.0,93.0,93.0,94.0,94.0,95.0,95.0,96.0,97.0,97.63999999999999,99.0,99.0,100.0,101.0,102.0,104.0,105.0,105.55999999999995,108.0,110.0,112.55999999999995,116.0,118.75999999999999,128.0,78.0,1000.4431372582912,1000.6980392336845,1000.8156862854958,1000.9803921580315,2000.6352941393852,2000.8627451062202,3000.2470588237047,3000.5372549295425,3000.705882370472,3001.0,174.19976348876952,181.8301239013672,186.5969665527344,190.35577392578125,193.67086791992188,196.81865234375,200.09837646484374,203.98199157714845,210.5618438720703,348.2613830566406,242.22449,1.0,test_data/Useful/Validation/Three Quarter at 1 ft/IMG-20240821-WA0103.jpg,2197.0,843.0,33.83739679215837
7,30.96,37.480000000000004,40.0,42.0,43.0,45.44,47.0,49.92,51.16,52.0,53.64,54.0,55.0,56.0,57.0,58.0,59.0,59.0,60.0,61.0,62.0,62.0,63.0,63.0,64.0,65.0,65.48000000000002,66.0,67.0,68.0,69.0,69.0,69.92000000000002,71.0,71.0,72.0,72.0,73.0,73.0,74.0,75.0,75.0,75.0,76.0,76.0,77.0,77.0,78.0,79.0,79.0,80.0,80.0,81.0,81.96000000000004,82.0,82.0,83.0,83.0,83.15999999999997,84.0,85.0,85.0,86.0,86.0,87.0,87.0,88.0,88.0,89.0,90.0,90.0,90.0,91.0,91.75999999999999,92.0,93.0,93.0,93.72000000000003,94.0,94.0,95.0,96.0,96.0,96.0,97.0,98.0,98.0,99.0,100.0,101.0,103.0,105.0,105.32000000000005,107.0,108.79999999999995,111.0,112.0,114.0,120.51999999999998,128.0,82.0,1000.4901960790157,1000.7176470756531,1000.8274509906769,2000.0470588244498,2000.6000000238419,2000.800000011921,3000.1686274558306,3000.517647087574,3000.694117665291,3001.0,174.04332885742187,181.6416015625,186.46713256835938,190.26760864257812,193.6037368774414,196.80563354492188,200.14747619628906,204.15921020507812,210.8292999267578,348.25537109375,241.3086,1.0,test_data/Useful/Validation/Three Quarter at 1 ft/IMG-20240821-WA0104.jpg,2235.0,813.0,31.979209123144617
8,22.240000000000002,27.92,31.72,35.96,37.2,40.0,45.68000000000001,47.0,48.16,50.0,52.0,52.879999999999995,55.0,56.0,57.0,58.0,58.0,59.0,60.0,61.0,61.03999999999999,62.0,62.0,63.0,64.0,65.0,66.0,66.0,66.0,67.0,67.0,67.0,68.0,68.0,68.0,69.0,70.0,70.0,71.0,71.0,71.0,72.0,73.0,73.0,74.0,74.0,75.0,75.0,76.0,76.0,77.0,77.0,78.0,79.0,80.0,80.0,81.0,81.0,82.0,82.39999999999998,83.0,84.0,84.0,84.0,85.0,86.0,86.0,87.0,88.0,88.0,89.0,90.0,90.0,90.0,91.0,91.0,91.48000000000002,92.0,93.0,94.0,95.0,95.67999999999995,97.0,98.0,99.0,99.63999999999999,100.88,101.0,102.0,103.0,104.0,105.0,106.0,108.0,109.0,111.03999999999996,112.0,114.51999999999998,118.75999999999999,128.0,71.0,1000.4901960790157,1000.7254902124405,1000.8431372642517,2000.101960785687,2000.6000000238419,2000.7960784435272,3000.117647059262,3000.501960813999,3000.690196096897,3001.0,174.05044555664062,181.7115936279297,186.5196533203125,190.30926513671875,193.61746215820312,196.7601318359375,200.02139282226562,204.008544921875,210.54945373535156,348.3677978515625,241.17328,1.0,test_data/Useful/Validation/Three Quarter at 1 ft/IMG-20240821-WA0105.jpg,2175.0,840.0,28.633857371579303
9,32.0,36.0,39.0,41.96,44.0,45.0,46.0,46.92,47.16,49.0,50.0,51.879999999999995,54.0,55.360000000000014,57.0,57.84,58.0,59.0,60.0,60.0,61.0,61.0,62.0,63.0,64.0,64.0,65.0,66.0,66.0,67.0,68.0,68.0,69.0,70.0,71.0,71.0,71.0,72.0,72.0,73.0,73.0,74.0,74.0,75.0,76.0,76.04000000000002,77.0,78.0,79.0,79.0,80.0,80.0,81.0,81.0,82.0,82.0,82.67999999999995,83.0,83.0,84.0,84.0,84.88,85.0,86.0,87.0,87.0,88.0,89.0,89.0,89.0,90.0,90.27999999999997,91.0,91.0,92.0,93.0,93.0,93.0,94.0,95.0,95.0,96.0,97.0,97.0,98.0,98.63999999999999,100.0,100.0,101.0,103.0,104.0,106.0,107.32000000000005,109.0,109.79999999999995,112.03999999999996,115.0,116.0,119.75999999999999,130.0,71.0,1000.447058826685,1000.7019608020782,1000.8196078538895,1001.0,2000.6196078658104,2000.8274509906769,3000.188235297799,3000.5137255191803,3000.694117665291,3001.0,174.4773406982422,182.01242370605468,186.8859878540039,190.669775390625,193.97208404541016,197.1213806152344,200.39266052246094,204.36708068847656,210.82431030273438,348.2967834472656,243.10957,1.0,test_data/Useful/Validation/Three Quarter at 1 ft/IMG-20240821-WA0106.jpg,2209.0,807.0,34.39736707937371
10,25.48,33.96,39.0,40.0,45.0,47.0,49.0,50.0,51.0,52.0,53.64,55.0,56.0,58.0,59.0,59.84,60.08000000000001,61.0,62.0,63.0,63.0,64.0,64.0,65.0,66.0,66.0,67.0,67.72000000000003,68.0,68.0,69.0,69.0,70.0,71.0,71.0,72.0,72.88,73.0,73.0,74.0,74.0,75.0,76.0,76.0,77.0,77.0,78.0,78.0,79.0,79.0,80.0,81.0,81.0,82.0,82.0,83.0,83.0,83.0,84.0,84.0,84.0,85.0,85.0,85.0,86.0,86.0,87.0,87.0,88.0,89.0,90.0,90.0,91.0,91.0,92.0,93.0,93.0,94.0,95.0,96.0,97.0,98.0,98.0,99.0,100.0,100.0,101.0,102.0,103.0,103.60000000000002,105.0,105.0,106.0,107.0,108.79999999999995,110.03999999999996,114.27999999999997,118.51999999999998,120.0,127.0,83.0,1000.4666666686535,1000.7137255072594,1000.8352941274643,2000.0470588244498,2000.5921568870544,2000.7921568751335,3000.090196080506,3000.4901960790157,3000.6823529601097,3001.0,174.3175506591797,181.98818969726562,186.77076721191406,190.6399383544922,193.89276885986328,197.07325744628906,200.31376190185546,204.24664306640625,210.78237915039062,348.359619140625,242.23294,1.0,test_data/Useful/Validation/Three Quarter at 1 ft/IMG-20240821-WA0107.jpg,2231.0,810.0,28.743219823386678
11,25.0,31.0,34.0,38.0,40.0,43.0,47.0,48.0,49.16,52.0,53.0,54.0,55.0,56.0,58.0,59.0,59.0,61.0,62.0,62.0,63.0,64.0,65.0,65.0,66.0,67.24000000000001,68.48000000000002,69.0,69.0,70.0,71.0,71.0,71.0,72.0,72.0,73.0,73.0,73.0,74.0,74.0,75.0,75.0,76.0,76.0,77.0,77.04000000000002,78.0,78.0,79.0,79.0,79.0,80.0,80.0,81.0,81.0,81.44000000000005,82.0,82.0,83.0,84.0,84.0,84.88,85.0,85.36000000000001,86.0,86.0,87.0,88.0,88.0,88.0,89.0,89.0,90.0,90.0,91.0,91.0,92.0,92.72000000000003,93.0,94.0,95.0,96.0,96.0,97.0,98.0,99.0,100.0,100.0,101.0,102.0,104.0,104.0,106.0,107.0,109.0,110.03999999999996,112.0,114.0,116.0,136.0,88.0,1000.4274509847164,1000.6901960968971,1000.8156862854958,1000.9647058844566,2000.5333333611488,2000.7647058963776,3000.043137256056,3000.4549019634724,3000.6745098233223,3001.0,174.22618408203124,181.93992614746094,186.86766967773437,190.6737823486328,194.03831481933594,197.19571533203126,200.4510498046875,204.34095764160156,210.87332153320312,348.3268737792969,241.28432,1.0,test_data/Useful/Validation/Three Quarter at 1 ft/IMG-20240821-WA0109.jpg,2307.0,853.0,34.398917711909384
12,29.48,34.480000000000004,38.0,41.0,43.2,46.44,48.0,50.92,53.0,54.0,55.0,56.0,56.0,57.0,58.0,59.0,59.0,60.0,61.0,61.80000000000001,62.0,63.0,63.0,64.0,65.0,66.0,67.0,67.0,67.0,68.0,69.0,69.0,69.0,70.0,70.0,70.0,71.0,71.0,72.0,72.0,73.0,73.0,73.32,74.56,75.0,76.0,76.0,76.51999999999998,77.0,78.0,78.0,79.0,79.0,79.0,80.0,80.0,80.0,81.0,81.15999999999997,82.0,82.0,83.0,84.0,84.0,85.0,85.0,86.0,86.0,87.0,88.0,88.0,88.0,89.0,89.0,90.0,90.0,91.48000000000002,92.0,92.0,93.0,94.0,94.0,95.0,95.15999999999997,96.0,96.63999999999999,97.0,98.0,99.0,100.0,102.0,103.0,105.0,107.0,109.0,112.03999999999996,115.27999999999997,118.0,120.75999999999999,129.0,69.0,1000.4313725531101,1000.6941176652908,1000.8156862854958,1000.9647058844566,2000.5607843399048,2000.784313738346,3000.086274512112,3000.486274510622,3000.6862745285034,3001.0,174.13088989257812,181.7919921875,186.65179443359375,190.4238739013672,193.77488708496094,196.95053100585938,200.24460601806638,204.13761291503909,210.71334838867188,348.4362487792969,242.69652,1.0,test_data/Useful/Validation/Three Quarter at 1 ft/IMG-20240821-WA0110.jpg,2255.0,806.0,30.65034756776453
13,29.48,34.480000000000004,38.0,41.0,43.2,46.44,48.0,50.92,53.0,54.0,55.0,56.0,56.0,57.0,58.0,59.0,59.0,60.0,61.0,61.80000000000001,62.0,63.0,63.0,64.0,65.0,66.0,67.0,67.0,67.0,68.0,69.0,69.0,69.0,70.0,70.0,70.0,71.0,71.0,72.0,72.0,73.0,73.0,73.32,74.56,75.0,76.0,76.0,76.51999999999998,77.0,78.0,78.0,79.0,79.0,79.0,80.0,80.0,80.0,81.0,81.15999999999997,82.0,82.0,83.0,84.0,84.0,85.0,85.0,86.0,86.0,87.0,88.0,88.0,88.0,89.0,89.0,90.0,90.0,91.48000000000002,92.0,92.0,93.0,94.0,94.0,95.0,95.15999999999997,96.0,96.63999999999999,97.0,98.0,99.0,100.0,102.0,103.0,105.0,107.0,109.0,112.03999999999996,115.27999999999997,118.0,120.75999999999999,129.0,69.0,1000.4313725531101,1000.6941176652908,1000.8156862854958,1000.9647058844566,2000.5607843399048,2000.784313738346,3000.086274512112,3000.486274510622,3000.6862745285034,3001.0,174.13088989257812,181.7919921875,186.65179443359375,190.4238739013672,193.77488708496094,196.95053100585938,200.24460601806638,204.13761291503909,210.71334838867188,348.4362487792969,242.69652,1.0,test_data/Useful/Validation/Three Quarter at 1 ft/IMG-20240821-WA0112.jpg,2255.0,806.0,31.523227481433615
14,28.48,34.480000000000004,37.72,41.96,44.0,46.0,47.0,48.0,50.16,52.0,54.0,56.0,57.0,57.0,58.0,59.0,60.0,60.0,60.56,61.0,62.0,63.0,63.52000000000001,64.0,65.0,65.0,65.0,66.0,66.95999999999998,68.0,68.0,69.0,69.0,70.0,71.0,71.0,72.0,73.0,73.0,74.0,74.83999999999997,75.0,75.0,76.0,76.0,76.0,77.0,77.0,78.0,78.0,79.0,79.0,80.0,80.0,81.0,82.0,82.0,83.0,83.0,84.0,84.0,85.0,85.0,86.0,87.0,87.0,88.0,88.32000000000005,89.0,90.0,90.0,91.0,91.51999999999998,92.0,93.0,93.0,94.0,95.0,95.0,95.20000000000005,96.0,97.0,98.0,99.0,99.39999999999998,100.0,101.0,102.0,103.0,104.0,105.0,106.0,107.0,109.0,110.0,113.03999999999996,116.0,119.51999999999998,122.75999999999999,132.0,75.0,1000.4823529422283,1000.7215686440468,1000.8352941274643,2000.0274509806186,2000.5803921818733,2000.7960784435272,3000.117647059262,3000.501960813999,3000.690196096897,3001.0,174.1635284423828,181.7884521484375,186.6441650390625,190.47552490234375,193.77810668945312,196.96652221679688,200.2241668701172,204.15554504394532,210.76954040527346,348.3360290527344,242.1459,1.0,test_data/Useful/Validation/Three Quarter at 1 ft/IMG-20240821-WA0113.jpg,2210.0,819.0,32.91921618965744
15,33.0,40.0,42.0,44.0,48.0,50.44,51.68000000000001,52.92,54.0,55.0,56.0,57.0,58.0,59.0,60.0,60.0,62.0,62.0,62.56,63.0,64.0,65.0,66.0,66.0,67.0,67.24000000000001,68.0,69.0,69.0,70.0,70.0,70.68,71.0,72.0,72.0,72.63999999999999,73.0,73.12,74.0,74.0,75.0,75.0,76.0,76.0,76.0,77.0,77.0,78.0,79.0,79.0,79.0,80.0,80.0,81.0,81.0,82.0,82.0,83.0,83.0,84.0,84.0,85.0,86.0,86.0,86.0,86.0,87.0,87.0,88.0,89.0,89.0,90.0,91.0,91.0,91.0,92.0,92.0,92.0,92.0,93.0,94.0,94.0,95.0,96.0,97.0,98.63999999999999,100.0,100.0,101.0,102.0,103.0,104.0,106.0,107.0,108.0,109.0,111.0,116.0,118.51999999999998,144.0,86.0,1000.4980392158031,1000.7294117808342,1000.8509804010391,2000.1921568661928,2000.6274510025978,2000.8156862854958,3000.1529411822557,3000.5098039507866,3000.690196096897,3001.0,174.28648376464844,181.9380310058594,186.8009292602539,190.60763854980468,193.9295196533203,197.12012329101563,200.4678497314453,204.40365600585938,211.04063415527344,348.28912353515625,241.6652,1.0,test_data/Useful/Validation/Three Quarter at 1 ft/IMG-20240821-WA0114.jpg,2271.0,835.0,28.930075165848
16,26.72,36.0,40.0,41.96,43.2,46.44,48.68000000000001,51.0,52.0,53.0,54.64,55.0,57.0,58.0,59.0,60.0,60.0,61.0,62.0,63.0,63.03999999999999,64.0,65.0,66.0,66.0,67.0,67.0,68.0,69.0,69.0,69.0,70.0,70.0,71.0,71.0,72.0,72.0,73.0,73.0,74.0,74.0,75.0,76.0,76.0,77.0,77.0,78.0,78.0,78.0,79.0,80.0,80.0,80.0,81.0,81.0,82.0,83.0,83.0,83.0,84.0,85.0,85.0,85.0,86.0,87.0,87.0,88.0,88.0,89.0,89.0,90.0,90.0,91.0,92.0,92.0,93.0,93.0,94.0,94.0,95.0,95.0,96.0,96.0,97.0,98.0,99.0,100.0,101.0,102.0,103.0,104.0,105.0,106.0,106.55999999999995,107.79999999999995,110.0,112.0,115.0,119.0,135.0,85.0,1000.4705882370472,1000.7176470756531,1000.839215695858,2000.0941176488996,2000.6156862974167,2000.811764717102,3000.137254908681,3000.501960813999,3000.690196096897,3001.0,174.3780532836914,182.05260009765624,186.93657531738282,190.7072296142578,194.06857299804688,197.20953369140625,200.51902770996094,204.44261169433594,211.00479125976562,348.3120422363281,241.85068,1.0,test_data/Useful/Validation/Three Quarter at 1 ft/IMG-20240821-WA0115.jpg,2293.0,823.0,27.63511614273767
17,37.24,41.0,43.0,45.0,47.0,48.44,49.0,51.0,52.0,54.0,55.0,56.0,57.0,58.0,59.0,60.0,61.0,61.31999999999999,63.0,63.0,64.0,64.0,65.0,65.75999999999999,66.0,67.0,68.0,69.0,70.0,70.0,71.0,71.0,72.0,73.0,73.0,74.0,74.0,75.0,75.0,75.60000000000002,76.0,76.0,77.0,77.0,78.0,78.0,79.0,79.0,79.0,80.0,81.0,81.0,81.0,82.0,82.20000000000005,83.0,83.0,84.0,84.0,84.39999999999998,85.0,86.0,86.0,86.0,87.0,87.0,88.0,88.32000000000005,89.0,89.79999999999995,91.0,91.0,92.0,92.0,93.0,93.24000000000001,94.0,95.0,95.0,96.0,96.44000000000005,97.0,98.0,99.0,100.0,100.0,101.0,102.0,102.0,103.0,104.0,105.0,107.0,108.55999999999995,111.0,113.0,115.0,117.0,120.0,130.0,81.0,1000.4745098054409,1000.7176470756531,1000.839215695858,2000.0823529437184,2000.6000000238419,2000.7960784435272,3000.1058823540807,3000.4941176474094,3000.6862745285034,3001.0,174.27276611328125,181.9332733154297,186.74526977539062,190.58013916015625,193.91626739501953,197.08702392578124,200.40567016601562,204.3858184814453,211.0008544921875,348.33428955078125,242.56075,1.0,test_data/Useful/Validation/Three Quarter at 1 ft/IMG-20240821-WA0117.jpg,2280.0,902.0,29.302266850183106
18,33.24,38.0,41.72,44.0,47.0,49.0,50.0,51.0,52.0,53.0,55.0,56.0,57.0,57.0,58.0,59.0,60.0,60.0,61.0,61.80000000000001,63.0,64.0,64.0,64.75999999999999,66.0,66.0,67.0,67.72000000000003,68.0,69.0,69.0,69.0,70.0,70.0,70.0,71.0,72.0,72.0,73.0,73.0,74.0,74.0,74.0,75.0,76.0,76.0,77.0,77.0,78.0,79.0,79.0,79.48000000000002,80.0,81.0,81.0,82.0,82.0,83.0,83.0,83.39999999999998,84.0,85.0,85.0,86.0,86.0,87.0,87.0,88.0,88.0,89.0,90.0,90.0,91.0,91.0,92.0,93.0,94.0,95.0,95.0,96.0,97.0,98.0,98.0,99.0,100.0,101.0,102.0,102.0,103.0,103.60000000000002,105.0,106.0,107.0,108.0,108.79999999999995,111.0,111.27999999999997,115.0,117.75999999999999,126.0,69.0,1000.4901960790157,1000.7294117808342,1000.8470588326454,2000.1686274558306,2000.6196078658104,2000.811764717102,3000.1529411822557,3000.5098039507866,3000.694117665291,3001.0,174.0801239013672,181.6353485107422,186.52957153320312,190.35784912109375,193.71446228027344,196.90533447265625,200.20870971679688,204.17677307128906,210.7103271484375,348.39892578125,243.0226,1.0,test_data/Useful/Validation/Three Quarter at 1 ft/IMG-20240821-WA0121.jpg,2228.0,831.0,27.45749624782404
19,17.240000000000002,24.48,29.0,31.0,34.0,36.44,38.0,40.92,42.0,44.0,45.0,46.0,47.120000000000005,49.0,49.599999999999994,51.0,51.0,52.0,54.0,54.0,55.0,55.0,56.0,56.0,57.0,58.0,58.0,59.0,59.0,60.0,60.0,60.68000000000001,61.0,61.0,61.0,62.0,62.879999999999995,64.0,64.0,65.0,65.83999999999997,66.0,67.0,67.0,68.0,68.04000000000002,69.0,70.0,70.0,70.0,71.0,71.0,72.0,72.0,73.0,73.0,73.0,73.0,74.0,75.0,75.0,76.0,76.12,77.0,77.0,78.0,78.0,79.0,79.0,80.0,80.0,81.0,81.0,81.0,82.0,83.0,84.0,84.0,85.0,85.0,85.44000000000005,86.0,87.0,88.0,88.0,89.0,91.0,92.0,93.0,94.0,95.0,96.0,97.0,98.0,99.0,102.0,103.27999999999997,105.0,112.75999999999999,119.0,73.0,1000.5411764979362,1000.8156862854958,1000.9803921580315,2000.3568627536297,2000.556862771511,2000.6980392336845,2000.8431372642517,3000.1529411822557,3000.5490196347237,3001.0,174.24078521728515,181.98531799316407,186.7770568847656,190.6095428466797,194.0159912109375,197.33529663085938,200.8271942138672,205.11862182617188,212.6559600830078,345.9612731933594,245.19019,1.0,test_data/Useful/Validation/Three Quarter at 1 ft/IMG-20240821-WA0124.jpg,2270.0,936.0,24.755242273448538
20,11.24,19.0,24.0,25.0,27.0,28.0,32.0,34.0,36.0,37.0,39.0,40.879999999999995,42.0,43.0,44.0,46.0,47.0,47.31999999999999,48.0,49.0,51.0,51.0,53.0,53.75999999999999,54.0,55.0,56.0,56.72000000000003,57.0,57.0,58.0,58.0,59.0,59.160000000000025,60.0,61.0,61.0,62.0,62.0,63.0,63.0,64.0,65.0,65.0,66.0,66.0,67.0,67.0,67.0,68.0,69.0,69.0,70.0,70.0,71.0,72.0,72.0,73.0,73.0,74.0,74.0,75.0,75.0,76.0,77.0,77.0,78.0,78.0,79.0,79.0,79.03999999999996,80.0,80.51999999999998,81.0,81.0,82.24000000000001,83.0,84.0,85.0,86.0,87.0,87.67999999999995,88.0,89.15999999999997,91.0,92.0,93.0,94.0,95.0,98.60000000000002,100.0,101.0,103.0,104.0,105.0,107.0,108.27999999999997,112.51999999999998,118.75999999999999,136.0,57.0,1000.5137255191803,1000.7254902124405,1000.8352941274643,2000.32549020648,2000.8627451062202,3000.188235297799,3000.4509803950787,3000.6156862974167,3000.745098054409,3001.0,175.41378479003907,183.06106262207032,187.9187973022461,191.70981140136718,194.93997192382812,198.02542724609376,201.20404052734375,204.96893310546875,210.93478393554688,347.91693115234375,246.09033,1.0,test_data/Useful/Validation/Three Quarter at 1 ft/IMG-20240821-WA0237.jpg,2239.0,775.0,32.424214711523064
21,18.0,21.48,27.72,30.0,31.200000000000003,34.0,35.68000000000001,37.0,39.0,40.400000000000006,42.0,43.0,43.0,44.0,45.0,46.0,46.0,47.0,48.0,49.0,49.0,50.0,50.0,51.0,52.0,53.0,53.0,54.0,55.0,55.0,55.0,56.0,56.920000000000016,57.0,58.0,58.0,58.0,58.120000000000005,60.0,60.60000000000002,61.0,62.0,62.0,63.0,64.0,65.0,65.0,66.0,67.0,67.0,68.0,69.0,69.0,69.96000000000004,70.0,71.0,71.67999999999995,72.0,72.0,73.0,73.0,73.0,74.0,75.0,75.0,76.0,77.0,77.0,78.0,78.79999999999995,80.0,80.0,81.0,82.0,82.0,83.24000000000001,84.0,85.0,86.0,86.20000000000005,87.44000000000005,88.0,89.0,90.0,91.0,92.0,92.0,93.0,95.0,95.60000000000002,97.0,98.0,98.32000000000005,100.0,102.0,106.03999999999996,109.27999999999997,113.0,114.75999999999999,122.0,58.0,1000.486274510622,1000.7098039388657,1000.8235294222832,2000.2274509817362,2000.7803921699524,3000.101960785687,3000.403921574354,3000.584313750267,3000.7254902124405,3001.0,174.63519287109375,182.21742248535156,187.0311309814453,190.79342041015624,194.05364990234375,197.16751098632812,200.39077758789062,204.1322479248047,210.09779357910156,348.26336669921875,247.40466,1.0,test_data/Useful/Validation/Three Quarter at 1 ft/IMG-20240821-WA0238.jpg,2165.0,748.0,33.71938625105828
22,19.48,27.48,30.72,35.0,37.0,38.0,39.68000000000001,41.0,43.0,44.0,44.64,46.0,47.0,48.0,49.0,50.0,50.08000000000001,51.0,52.0,52.80000000000001,53.0,54.0,55.0,55.0,56.0,57.0,57.0,58.0,58.0,59.0,60.0,60.68000000000001,61.0,62.0,62.0,63.0,63.0,63.0,64.0,64.0,65.0,66.0,66.0,67.0,67.0,68.0,69.0,69.0,70.0,70.0,71.0,72.0,72.0,73.0,73.0,73.44000000000005,74.0,74.0,75.0,75.0,76.0,76.0,77.0,78.0,78.0,79.0,79.0,80.0,80.0,81.0,82.0,82.0,83.0,84.0,84.0,84.24000000000001,85.0,86.0,86.96000000000004,87.0,88.0,88.0,90.0,91.0,91.0,92.63999999999999,93.0,94.12,95.0,96.0,97.0,98.08000000000004,100.32000000000005,102.0,102.79999999999995,105.0,108.0,113.0,118.03999999999996,127.0,63.0,1000.5019608139992,1000.7254902124405,1000.839215695858,2000.4078431427479,2000.7921568751335,3000.101960785687,3000.407843142748,3000.5882353186607,3000.729411780834,3001.0,174.673828125,182.14413452148438,186.99930877685546,190.80263061523436,194.0612335205078,197.19898681640626,200.41768646240234,204.21844482421875,210.386474609375,348.15692138671875,244.83566,1.0,test_data/Useful/Validation/Three Quarter at 1 ft/IMG-20240821-WA0239.jpg,2190.0,777.0,31.681907565390194
23,16.0,24.0,28.72,30.96,34.0,36.44,39.0,40.0,40.16,42.0,42.64,44.0,45.0,46.0,47.0,47.0,48.0,48.31999999999999,49.56,50.0,51.0,51.28,52.0,52.0,53.0,54.0,54.0,55.0,55.0,56.0,56.44,57.68000000000001,58.0,58.0,59.0,59.0,60.0,60.0,61.0,61.0,62.0,63.0,64.0,64.0,65.0,65.0,66.0,66.0,67.0,68.0,69.0,69.0,69.72000000000003,70.0,71.0,72.0,72.0,73.0,74.0,74.0,75.0,75.0,76.0,77.0,77.0,78.0,79.0,79.0,80.0,80.0,80.0,81.0,82.0,82.75999999999999,83.0,84.0,84.0,84.0,85.0,86.0,86.0,87.0,88.0,89.0,89.0,90.0,91.0,92.0,92.36000000000001,94.0,94.84000000000003,97.0,99.32000000000005,101.0,103.0,104.03999999999996,107.0,109.51999999999998,115.0,123.0,84.0,1000.5137255191803,1000.7294117808342,1000.839215695858,2000.4941176474094,2000.8235294222832,3000.149019613862,3000.43137255311,3000.600000023842,3000.733333349228,3001.0,174.45433044433594,182.1121826171875,186.92889404296875,190.66964721679688,193.958740234375,197.08876037597656,200.2545166015625,204.00723266601562,210.03114318847656,348.28143310546875,248.19498,1.0,test_data/Useful/Validation/Three Quarter at 1 ft/IMG-20240821-WA0240.jpg,2161.0,747.0,28.37154890206999
24,17.0,21.48,24.72,27.92,29.200000000000003,33.0,35.0,36.0,37.0,38.400000000000006,39.0,40.879999999999995,42.0,43.0,44.0,44.0,45.0,46.0,47.0,48.0,48.03999999999999,49.0,50.0,51.0,51.0,52.0,53.0,54.0,54.0,55.0,55.0,57.0,57.0,58.0,59.0,59.0,60.0,60.0,61.0,61.60000000000002,62.0,63.0,63.0,64.0,64.0,65.0,65.0,66.51999999999998,67.0,68.0,68.0,68.0,69.0,69.0,70.0,71.0,71.0,72.0,72.0,73.0,73.0,74.0,74.0,75.0,75.0,76.0,76.0,76.0,77.0,77.0,78.0,79.0,79.0,80.0,80.0,82.0,83.0,84.0,84.0,85.20000000000005,86.0,87.0,88.0,89.0,90.0,90.63999999999999,92.0,92.12,93.0,94.60000000000002,97.0,98.0,98.32000000000005,101.0,102.0,103.0,105.27999999999997,108.0,113.51999999999998,130.0,68.0,1000.5019608139992,1000.7137255072594,1000.8156862854958,2000.2549019753933,2000.784313738346,3000.1215686276555,3000.4235294163227,3000.5921568870544,3000.7254902124405,3001.0,174.0304718017578,181.63221740722656,186.47994995117188,190.26361694335938,193.56822204589844,196.6853485107422,199.9002227783203,203.72747802734375,209.9969482421875,348.14727783203125,247.51921,1.0,test_data/Useful/Validation/Three Quarter at 1 ft/IMG-20240821-WA0241.jpg,2133.0,712.0,28.54755158624679
25,18.72,25.0,28.0,29.96,32.2,33.44,36.68000000000001,38.0,41.0,41.0,42.0,43.0,45.0,45.360000000000014,47.0,48.0,48.08000000000001,49.31999999999999,51.0,51.0,52.0,52.28,54.0,55.0,55.0,55.0,55.0,57.0,58.0,58.0,59.0,60.0,60.0,61.0,61.0,62.0,63.0,63.0,64.0,64.0,65.0,65.0,66.0,66.0,67.0,68.0,68.0,69.0,69.75999999999999,70.0,71.0,72.0,72.0,73.0,74.0,74.0,75.0,75.91999999999996,76.0,77.0,78.0,78.0,79.0,79.0,80.0,80.0,82.0,82.0,83.0,83.0,84.0,84.0,84.0,85.0,86.0,87.0,88.0,88.0,89.0,90.0,90.0,91.0,91.91999999999996,92.0,93.0,94.0,95.0,95.0,96.0,97.0,98.0,100.0,102.0,103.55999999999995,105.0,107.0,108.27999999999997,111.0,118.0,130.0,55.0,1000.4823529422283,1000.7098039388657,1000.8196078538895,2000.058823529631,2000.7529411911964,3000.06274510175,3000.3843137323856,3000.5764706134796,3000.721568644047,3001.0,174.7310577392578,182.3140106201172,187.1529541015625,190.9391632080078,194.1781997680664,197.25617065429688,200.48402099609376,204.3035888671875,210.4245147705078,348.1197814941406,245.86646,1.0,test_data/Useful/Validation/Three Quarter at 1 ft/IMG-20240821-WA0242.jpg,2199.0,789.0,33.95948347278353
26,19.48,22.48,28.0,31.0,33.2,35.44,37.0,38.0,39.0,40.400000000000006,42.0,43.0,45.0,46.0,46.599999999999994,47.0,48.0,48.0,49.0,49.80000000000001,51.0,52.0,53.0,53.0,54.0,55.0,55.0,56.72000000000003,57.0,58.0,59.0,60.0,60.0,60.160000000000025,61.0,62.0,62.0,63.0,64.0,64.0,65.0,65.0,66.0,66.0,67.0,67.0,68.0,68.0,69.0,70.0,70.0,71.0,71.0,72.0,72.0,73.0,74.0,74.0,75.0,76.0,76.0,77.0,78.0,79.0,79.0,80.0,80.0,81.0,82.0,82.0,83.0,83.0,84.0,85.0,85.0,86.0,87.0,87.0,88.96000000000004,90.0,90.44000000000005,91.0,91.0,92.0,93.0,93.0,94.0,95.0,96.0,97.0,98.0,100.0,102.0,103.0,104.0,105.03999999999996,107.0,110.0,116.0,131.0,65.0,1000.4941176474094,1000.7215686440468,1000.8274509906769,2000.2549019753933,2000.7803921699524,3000.0941176488996,3000.407843142748,3000.5882353186607,3000.729411780834,3001.0,174.46693420410156,182.1593017578125,186.97879028320312,190.75904846191406,194.02200317382812,197.09512939453126,200.31009674072266,204.10780334472656,210.3134002685547,348.2060241699219,245.4473,1.0,test_data/Useful/Validation/Three Quarter at 1 ft/IMG-20240821-WA0243.jpg,2191.0,773.0,34.33661999485515
27,20.0,26.48,29.0,30.96,33.2,35.0,36.68000000000001,37.0,38.0,40.0,42.0,43.0,44.0,45.0,46.0,47.0,48.08000000000001,49.0,50.0,51.0,51.03999999999999,53.0,53.0,54.0,54.0,55.0,55.0,56.0,56.0,57.0,57.0,58.0,58.0,59.0,59.0,59.639999999999986,61.0,61.120000000000005,62.0,63.0,63.0,64.0,65.0,66.0,66.0,67.0,67.0,68.0,68.0,69.0,69.0,70.0,70.0,71.0,72.0,72.0,73.0,73.0,74.0,74.39999999999998,75.0,76.0,76.0,77.0,78.0,78.0,79.0,80.0,80.0,81.0,81.0,82.0,82.0,83.0,83.0,84.0,84.0,85.0,85.96000000000004,86.0,87.0,88.0,89.0,90.0,91.0,92.0,94.0,95.12,96.0,97.0,98.0,99.0,100.32000000000005,102.55999999999995,106.0,109.03999999999996,112.0,115.07999999999993,121.75999999999999,142.0,83.0,1000.4745098054409,1000.7019608020782,1000.811764717102,2000.0039215688594,2000.7411764860153,3000.054901961237,3000.3725490272045,3000.568627476692,3000.717647075653,3001.0,174.4119415283203,181.98703002929688,186.76596069335938,190.52880859375,193.7971420288086,196.87053527832032,200.03994750976562,203.840673828125,209.96671142578126,348.3038024902344,247.0008,1.0,test_data/Useful/Validation/Three Quarter at 1 ft/IMG-20240821-WA0244.jpg,2149.0,750.0,30.155451945563325
28,24.0,26.48,30.0,32.0,33.2,35.0,36.0,37.0,39.0,40.0,41.0,42.0,43.0,44.0,45.0,46.84,48.0,49.0,49.0,50.0,51.0,51.0,52.0,52.0,53.0,55.0,56.0,57.0,58.0,58.0,59.0,59.0,60.0,61.0,61.39999999999998,62.0,63.0,63.0,64.0,65.0,65.0,66.0,66.32,67.0,67.80000000000001,68.0,69.0,69.0,70.0,70.0,71.0,72.0,72.0,73.0,74.0,74.0,74.67999999999995,75.0,75.0,76.0,76.0,77.0,77.0,78.0,78.60000000000002,79.84000000000003,80.0,80.0,81.0,81.0,82.0,82.0,83.0,83.0,84.0,84.0,85.0,86.0,87.0,88.0,89.0,89.0,89.0,90.0,91.0,92.0,93.0,94.0,94.0,96.0,97.0,98.0,99.32000000000005,101.55999999999995,104.0,107.0,111.0,113.51999999999998,118.0,131.0,84.0,1000.4901960790157,1000.7176470756531,1000.8274509906769,2000.2196078449488,2000.7686274647713,3000.0784313753247,3000.3960784375668,3000.584313750267,3000.729411780834,3001.0,174.62381439208986,182.15875244140625,186.99990844726562,190.76602172851562,194.03707885742188,197.10684204101562,200.3269470214844,204.11655883789064,210.1658935546875,348.2950439453125,246.19128,1.0,test_data/Useful/Validation/Three Quarter at 1 ft/IMG-20240821-WA0245.jpg,2136.0,715.0,34.88603827498739
29,18.0,23.0,27.72,32.0,33.0,35.0,37.0,38.0,40.0,41.0,42.0,43.0,44.0,45.0,46.0,47.84,48.0,49.0,50.0,52.0,53.0,53.0,54.0,54.0,56.0,57.0,57.0,57.0,58.0,59.0,59.0,60.0,61.0,61.0,62.0,62.0,63.0,63.0,63.360000000000014,64.0,64.0,65.0,65.0,66.0,67.0,67.0,68.0,69.0,69.0,70.0,70.24000000000001,71.0,71.72000000000003,72.96000000000004,73.0,74.0,74.0,75.0,75.0,76.0,76.63999999999999,77.0,78.0,78.0,79.0,79.0,80.0,80.0,81.0,81.0,82.0,83.0,83.0,84.0,84.0,85.0,85.0,86.0,87.0,88.0,88.0,89.0,90.0,90.15999999999997,91.0,92.0,93.0,94.0,95.0,96.0,98.0,99.0,100.0,101.0,102.0,104.03999999999996,108.0,110.51999999999998,115.75999999999999,127.0,63.0,1000.4745098054409,1000.705882370472,1000.811764717102,1000.9803921580315,2000.7372549176216,3000.054901961237,3000.376470595598,3000.572549045086,3000.721568644047,3001.0,174.55689544677733,182.0997772216797,186.9117889404297,190.68601989746094,193.9901123046875,197.04637145996094,200.2488555908203,203.96072387695312,209.96456909179688,348.34320068359375,245.11275,1.0,test_data/Useful/Validation/Three Quarter at 1 ft/IMG-20240821-WA0246.jpg,2200.0,755.0,28.90199926764248
30,16.48,21.96,31.72,33.96,36.0,37.0,38.0,39.0,41.16,43.0,44.64,45.0,46.0,47.0,48.0,49.0,50.0,50.0,51.0,51.0,52.0,52.0,53.0,54.0,54.0,55.0,55.0,56.0,57.0,57.0,58.0,58.0,59.0,60.0,61.0,61.0,62.0,62.0,63.0,64.0,65.0,65.07999999999998,66.0,67.0,67.0,68.0,69.0,69.0,69.75999999999999,70.0,70.24000000000001,71.0,71.0,72.0,72.0,73.0,73.0,74.0,74.0,75.0,76.0,76.0,76.12,77.0,77.0,78.0,79.0,79.0,80.0,80.0,81.0,82.0,83.0,83.0,84.0,85.0,86.0,86.0,87.0,87.0,88.0,89.0,90.0,91.0,91.0,92.0,93.0,94.0,95.36000000000001,96.60000000000002,97.0,98.0,100.0,101.55999999999995,103.79999999999995,106.0,108.0,110.51999999999998,113.75999999999999,131.0,77.0,1000.4901960790157,1000.7137255072594,1000.8196078538895,2000.0078431377187,2000.7607843279839,3000.0784313753247,3000.3960784375668,3000.5803921818733,3000.7254902124405,3001.0,174.53534545898438,182.20278625488282,187.0064498901367,190.7767303466797,194.0806427001953,197.198974609375,200.38408966064452,204.18319091796874,210.25489807128906,348.20892333984375,244.72093,1.0,test_data/Useful/Validation/Three Quarter at 1 ft/IMG-20240821-WA0247.jpg,2161.0,771.0,29.927273733269708
31,19.240000000000002,22.96,25.72,32.96,34.2,36.0,38.0,40.0,41.0,42.0,43.0,45.0,45.120000000000005,46.0,47.0,48.0,49.0,50.0,51.0,51.0,52.0,53.0,53.0,54.0,55.0,56.0,56.0,56.72000000000003,57.0,57.19999999999999,58.0,58.0,59.0,60.0,60.0,61.0,61.0,62.0,63.0,63.0,64.0,64.0,64.32,65.0,65.80000000000001,66.0,67.0,67.0,67.0,68.0,68.0,69.0,70.0,70.0,71.0,71.0,72.0,72.0,72.0,73.0,74.0,75.0,76.0,76.0,77.0,77.84000000000003,78.0,79.0,79.0,80.0,81.0,81.0,82.0,82.0,83.0,84.0,85.0,85.0,86.0,87.0,88.0,89.0,90.0,91.0,92.0,93.0,94.0,95.0,96.0,97.0,97.0,99.0,99.0,101.0,103.79999999999995,105.0,107.0,112.51999999999998,119.0,130.0,71.0,1000.6000000238419,1000.7568627595901,1000.8549019694328,2000.2941176593304,2000.717647075653,3000.0784313753247,3000.435294121504,3000.6039215922356,3000.7254902124405,3001.0,173.49313354492188,181.20263671875,186.12252807617188,189.92799377441406,193.2737579345703,196.47067260742188,199.86270141601562,203.94595336914062,210.7229766845703,347.92523193359375,246.37094,1.0,test_data/Useful/Validation/Three Quarter at 1 ft/IMG-20240821-WA0248.jpg,2170.0,763.0,27.52030375904704
32,16.0,26.0,29.0,33.0,35.0,37.0,39.0,41.0,42.0,43.0,44.0,44.879999999999995,45.0,46.0,46.599999999999994,48.0,49.08000000000001,50.0,51.0,51.0,52.0,52.0,53.0,53.0,54.0,55.0,56.0,56.72000000000003,57.0,58.0,58.44,59.0,60.0,61.0,61.39999999999998,62.0,62.879999999999995,63.0,63.0,64.0,64.0,64.0,65.0,65.0,66.0,66.0,67.0,67.0,68.0,68.0,69.0,69.0,70.0,70.0,71.0,71.0,72.0,72.0,72.15999999999997,73.0,73.0,74.0,74.0,75.0,75.0,76.0,76.0,77.0,78.0,79.0,79.0,80.0,80.51999999999998,81.0,82.0,82.24000000000001,83.0,84.0,84.0,85.0,85.44000000000005,86.0,87.0,88.0,89.0,90.0,91.0,92.0,93.0,94.0,95.84000000000003,97.0,98.0,100.0,101.0,102.0,104.27999999999997,107.51999999999998,115.0,127.0,64.0,1000.611764729023,1000.7647058963776,1000.8823529481888,2000.4039215743542,2000.7137255072594,3000.019607843831,3000.392156869173,3000.5803921818733,3000.7098039388657,3001.0,173.2046112060547,180.90060729980468,185.7665252685547,189.62186279296876,193.00071716308594,196.257568359375,199.603759765625,203.66119384765625,210.61355590820312,347.9352111816406,247.15865,1.0,test_data/Useful/Validation/Three Quarter at 1 ft/IMG-20240821-WA0249.jpg,2146.0,793.0,25.333804923080955
33,16.0,23.0,26.72,30.0,33.0,36.0,38.0,38.0,40.0,41.0,42.64,43.0,44.0,45.360000000000014,47.0,48.0,48.0,49.0,49.0,50.0,51.0,52.0,52.52000000000001,53.0,54.0,55.0,56.0,56.0,57.0,57.0,58.0,58.0,59.0,59.0,60.0,60.0,61.0,61.0,62.0,63.0,63.0,65.0,65.0,65.56,66.0,67.0,67.0,68.0,69.0,70.0,70.0,70.0,71.0,71.0,72.0,72.0,73.0,73.0,74.0,74.39999999999998,75.0,75.0,76.0,76.0,76.0,77.0,77.0,78.0,78.55999999999995,79.0,79.03999999999996,80.0,80.0,81.0,81.0,82.0,83.0,83.0,84.0,84.0,85.0,86.0,87.0,87.0,88.0,89.0,90.0,91.0,92.36000000000001,93.60000000000002,96.84000000000003,98.08000000000004,100.0,101.0,102.0,103.0,105.0,108.0,111.75999999999999,134.0,77.0,1000.6078431606293,1000.7607843279839,1000.8627451062202,2000.3882353007793,2000.7254902124405,3000.0509803928435,3000.4156862795353,3000.5882353186607,3000.7098039388657,3001.0,173.31494140625,180.91851806640625,185.80083465576172,189.62823486328125,193.01637268066406,196.30250549316406,199.67510986328125,203.79873657226562,210.74136352539062,347.9034118652344,246.33838,1.0,test_data/Useful/Validation/Three Quarter at 1 ft/IMG-20240821-WA0250.jpg,2181.0,795.0,28.794388810096997
34,18.0,23.0,27.72,32.0,33.0,35.0,37.0,38.0,40.0,41.0,42.0,43.0,44.0,45.0,46.0,47.84,48.0,49.0,50.0,52.0,53.0,53.0,54.0,54.0,56.0,57.0,57.0,57.0,58.0,59.0,59.0,60.0,61.0,61.0,62.0,62.0,63.0,63.0,63.360000000000014,64.0,64.0,65.0,65.0,66.0,67.0,67.0,68.0,69.0,69.0,70.0,70.24000000000001,71.0,71.72000000000003,72.96000000000004,73.0,74.0,74.0,75.0,75.0,76.0,76.63999999999999,77.0,78.0,78.0,79.0,79.0,80.0,80.0,81.0,81.0,82.0,83.0,83.0,84.0,84.0,85.0,85.0,86.0,87.0,88.0,88.0,89.0,90.0,90.15999999999997,91.0,92.0,93.0,94.0,95.0,96.0,98.0,99.0,100.0,101.0,102.0,104.03999999999996,108.0,110.51999999999998,115.75999999999999,127.0,63.0,1000.4745098054409,1000.705882370472,1000.811764717102,1000.9803921580315,2000.7372549176216,3000.054901961237,3000.376470595598,3000.572549045086,3000.721568644047,3001.0,174.55689544677733,182.0997772216797,186.9117889404297,190.68601989746094,193.9901123046875,197.04637145996094,200.2488555908203,203.96072387695312,209.96456909179688,348.34320068359375,245.11275,1.0,test_data/Useful/Validation/Three Quarter at 1 ft/IMG-20240821-WA0251.jpg,2200.0,755.0,28.173320925842972
35,24.0,26.48,30.0,32.0,33.2,35.0,36.0,37.0,39.0,40.0,41.0,42.0,43.0,44.0,45.0,46.84,48.0,49.0,49.0,50.0,51.0,51.0,52.0,52.0,53.0,55.0,56.0,57.0,58.0,58.0,59.0,59.0,60.0,61.0,61.39999999999998,62.0,63.0,63.0,64.0,65.0,65.0,66.0,66.32,67.0,67.80000000000001,68.0,69.0,69.0,70.0,70.0,71.0,72.0,72.0,73.0,74.0,74.0,74.67999999999995,75.0,75.0,76.0,76.0,77.0,77.0,78.0,78.60000000000002,79.84000000000003,80.0,80.0,81.0,81.0,82.0,82.0,83.0,83.0,84.0,84.0,85.0,86.0,87.0,88.0,89.0,89.0,89.0,90.0,91.0,92.0,93.0,94.0,94.0,96.0,97.0,98.0,99.32000000000005,101.55999999999995,104.0,107.0,111.0,113.51999999999998,118.0,131.0,84.0,1000.4901960790157,1000.7176470756531,1000.8274509906769,2000.2196078449488,2000.7686274647713,3000.0784313753247,3000.3960784375668,3000.584313750267,3000.729411780834,3001.0,174.62381439208986,182.15875244140625,186.99990844726562,190.76602172851562,194.03707885742188,197.10684204101562,200.3269470214844,204.11655883789064,210.1658935546875,348.2950439453125,246.19128,1.0,test_data/Useful/Validation/Three Quarter at 1 ft/IMG-20240821-WA0252.jpg,2136.0,715.0,29.801528148316393
36,17.240000000000002,25.0,30.0,31.0,33.0,35.0,37.68000000000001,39.92,42.0,42.400000000000006,44.0,45.0,46.0,47.0,48.0,48.0,49.0,50.0,51.0,52.0,54.0,54.0,55.0,56.0,56.0,56.0,57.0,58.0,58.0,59.0,60.0,60.0,61.0,61.0,62.0,62.0,63.0,63.0,64.0,64.0,65.0,66.0,66.0,67.0,67.0,68.0,69.0,69.0,70.0,70.0,71.0,71.0,72.0,72.0,72.20000000000005,73.44000000000005,74.0,74.91999999999996,75.0,76.0,77.0,77.0,78.0,78.36000000000001,79.0,79.84000000000003,80.0,81.0,81.0,82.0,82.0,83.0,84.0,84.0,85.0,86.0,86.48000000000002,87.0,88.0,89.0,89.0,90.0,90.91999999999996,91.15999999999997,92.0,93.0,93.0,94.0,95.0,96.0,98.0,98.08000000000004,101.0,102.0,104.0,106.03999999999996,109.0,113.0,118.51999999999998,133.0,66.0,1000.4901960790157,1000.7098039388657,1000.811764717102,1000.9607843160629,2000.6705882549286,3000.023529412225,3000.3568627536297,3000.5647059082985,3000.717647075653,3001.0,174.85176696777344,182.56090087890624,187.29322814941406,191.09805297851562,194.41331481933594,197.51974487304688,200.71826171875,204.5046844482422,210.66256713867188,348.1610107421875,245.57869,1.0,test_data/Useful/Validation/Three Quarter at 1 ft/IMG-20240821-WA0253.jpg,2206.0,766.0,33.456552288836036
37,16.0,23.0,26.72,30.0,33.0,36.0,38.0,38.0,40.0,41.0,42.64,43.0,44.0,45.360000000000014,47.0,48.0,48.0,49.0,49.0,50.0,51.0,52.0,52.52000000000001,53.0,54.0,55.0,56.0,56.0,57.0,57.0,58.0,58.0,59.0,59.0,60.0,60.0,61.0,61.0,62.0,63.0,63.0,65.0,65.0,65.56,66.0,67.0,67.0,68.0,69.0,70.0,70.0,70.0,71.0,71.0,72.0,72.0,73.0,73.0,74.0,74.39999999999998,75.0,75.0,76.0,76.0,76.0,77.0,77.0,78.0,78.55999999999995,79.0,79.03999999999996,80.0,80.0,81.0,81.0,82.0,83.0,83.0,84.0,84.0,85.0,86.0,87.0,87.0,88.0,89.0,90.0,91.0,92.36000000000001,93.60000000000002,96.84000000000003,98.08000000000004,100.0,101.0,102.0,103.0,105.0,108.0,111.75999999999999,134.0,77.0,1000.6078431606293,1000.7607843279839,1000.8627451062202,2000.3882353007793,2000.7254902124405,3000.0509803928435,3000.4156862795353,3000.5882353186607,3000.7098039388657,3001.0,173.31494140625,180.91851806640625,185.80083465576172,189.62823486328125,193.01637268066406,196.30250549316406,199.67510986328125,203.79873657226562,210.74136352539062,347.9034118652344,246.33838,1.0,test_data/Useful/Validation/Three Quarter at 1 ft/IMG-20240821-WA0254.jpg,2181.0,795.0,29.978105915708873
38,14.48,19.0,22.0,23.0,29.0,31.0,32.0,35.0,36.16,39.0,40.0,41.0,42.0,44.0,45.0,45.84,46.0,46.0,47.0,47.0,48.0,49.0,49.0,50.0,50.0,51.0,51.0,52.0,52.0,53.0,54.0,54.0,55.0,56.0,57.0,57.0,58.0,58.0,59.0,60.0,60.839999999999975,61.0,62.0,62.0,63.0,64.0,64.0,65.0,65.0,66.0,66.0,66.0,67.0,67.0,68.0,69.0,69.0,70.0,71.0,71.39999999999998,72.0,73.0,74.0,74.36000000000001,75.0,76.0,76.0,76.0,77.0,77.0,78.0,79.0,79.0,80.0,80.0,81.0,81.0,83.0,83.96000000000004,85.0,85.44000000000005,86.67999999999995,87.0,89.0,90.0,91.0,92.0,93.0,94.0,95.60000000000002,97.0,99.0,99.0,100.55999999999995,102.0,103.0,105.0,109.03999999999996,114.51999999999998,127.0,66.0,1000.4039215743542,1000.6549019813538,1000.7882353067398,2000.4039215743542,2000.7137255072594,3000.054901961237,3000.3176470696926,3000.4941176474094,3000.635294139385,3001.0,174.6772003173828,182.22293090820312,187.02943420410156,190.8151092529297,194.1405487060547,197.2958221435547,200.5487258911133,204.4391815185547,210.67069091796876,347.33856201171875,247.687,1.0,test_data/Useful/Validation/Three Quarter at 1 ft/IMG-20240821-WA0255.jpg,2121.0,779.0,32.083776473810055
39,14.0,23.96,26.72,30.96,33.2,34.0,36.0,37.0,38.0,40.0,41.0,42.0,43.0,44.360000000000014,46.0,46.84,48.0,49.0,50.0,50.0,51.0,51.28,52.0,53.0,54.0,54.24000000000001,55.0,55.72000000000003,57.0,57.0,58.0,59.0,59.0,60.0,61.0,61.0,62.0,63.0,64.0,64.0,65.0,65.0,65.0,66.0,66.0,66.04000000000002,67.0,67.0,68.0,68.0,70.0,70.0,71.0,71.0,71.0,72.0,72.0,73.0,73.0,74.0,74.0,74.88,75.0,75.0,76.0,77.0,78.0,78.0,79.0,79.0,79.0,80.0,81.0,82.0,83.0,84.0,85.0,86.0,86.0,88.0,89.0,89.0,90.0,91.0,93.0,93.63999999999999,95.0,96.0,97.0,98.0,99.0,101.0,102.32000000000005,104.0,105.79999999999995,107.0,111.27999999999997,116.0,120.0,138.0,79.0,1000.5294117927551,1000.7372549176216,1000.8470588326454,2000.3490196168423,2000.745098054409,3000.0509803928435,3000.380392163992,3000.572549045086,3000.717647075653,3001.0,174.53668670654298,182.12090759277345,187.04291381835938,190.78883361816406,194.07672119140625,197.18519592285156,200.38964385986327,204.2061767578125,210.35464477539062,348.17852783203125,245.47122,1.0,test_data/Useful/Validation/Three Quarter at 1 ft/IMG-20240821-WA0256.jpg,2134.0,725.0,29.142888960620503
40,19.240000000000002,24.48,28.0,30.0,34.0,36.0,38.0,39.0,40.0,41.0,42.0,44.0,45.0,45.0,46.0,48.0,49.0,49.0,50.0,50.80000000000001,51.0,53.0,54.0,54.0,55.0,55.0,56.0,57.0,57.0,58.0,58.0,59.0,59.0,60.0,60.0,61.0,62.0,62.0,63.0,63.0,64.0,64.0,64.0,65.0,66.0,66.0,67.0,67.0,68.0,69.0,69.0,69.48000000000002,70.0,70.96000000000004,71.0,72.0,72.0,73.0,73.0,74.0,75.0,76.0,76.0,77.36000000000001,78.0,79.0,80.0,81.32000000000005,82.0,83.0,84.0,84.27999999999997,85.0,85.75999999999999,86.0,87.0,87.0,88.0,89.0,90.0,91.0,92.0,92.0,92.0,93.0,94.0,95.0,96.0,97.0,99.0,100.0,102.0,103.0,104.55999999999995,105.79999999999995,108.03999999999996,112.27999999999997,114.51999999999998,120.79999999999995,139.0,92.0,1000.3019607961178,1000.5490196347237,1000.705882370472,1000.811764717102,1000.9529411792755,2000.2705882489681,2000.4941176474094,2000.6588235497475,2000.7921568751335,3001.0,175.56344604492188,183.26870727539062,188.0391082763672,191.75800170898438,195.01821899414062,198.1472198486328,201.35216369628907,205.10855407714843,211.1129150390625,347.5227355957031,247.02332,1.0,test_data/Useful/Validation/Three Quarter at 1 ft/WhatsApp Image 2024-08-21 at 14.16.45.jpeg,2353.0,855.0,31.915697233504478
41,21.240000000000002,27.0,29.72,32.0,34.0,35.0,37.0,38.0,39.0,39.400000000000006,40.64,41.0,42.0,43.0,44.0,45.0,47.0,47.0,48.0,49.0,50.0,50.0,51.0,51.75999999999999,52.0,53.24000000000001,54.48000000000002,55.0,56.0,57.0,58.0,58.0,59.0,60.0,60.39999999999998,61.0,62.0,62.120000000000005,63.0,64.0,64.83999999999997,65.0,66.0,66.56,67.0,68.0,69.0,69.0,70.0,70.0,71.0,71.0,72.0,73.0,73.20000000000005,74.0,75.0,75.0,76.0,77.0,77.0,78.0,79.0,79.0,79.0,80.0,81.0,82.0,83.0,83.0,84.0,84.0,85.0,86.0,87.0,87.0,88.0,89.0,90.0,91.0,91.0,92.0,93.0,94.0,94.39999999999998,95.0,97.0,98.0,99.0,100.0,101.0,103.0,104.0,104.55999999999995,106.0,108.03999999999996,110.0,112.51999999999998,115.0,128.0,87.0,1000.2901960909367,1000.5294117927551,1000.6862745285034,1000.7921568751335,1000.9098039269447,2000.2274509817362,2000.4784313738346,2000.65098041296,2000.7886274635796,3001.0,175.4038848876953,183.0683135986328,187.9379119873047,191.6596221923828,194.89991760253906,198.02346801757812,201.25473022460938,205.018701171875,211.044677734375,347.4666748046875,243.26605,1.0,test_data/Useful/Validation/Three Quarter at 1 ft/WhatsApp Image 2024-08-21 at 14.16.46 (1).jpeg,2269.0,821.0,33.33785833012906
42,17.0,21.48,24.72,28.0,31.0,33.0,34.0,37.0,39.0,41.0,42.64,44.0,45.0,46.0,47.0,47.0,49.0,49.0,50.0,50.80000000000001,51.0,52.0,52.0,53.0,53.0,54.0,55.0,56.0,56.0,57.0,58.0,58.0,59.0,60.0,60.39999999999998,61.0,61.879999999999995,62.0,63.0,64.0,64.0,65.0,66.0,67.0,67.0,68.0,68.0,68.0,69.0,69.0,70.0,70.0,71.0,71.0,72.0,72.0,73.0,74.0,75.0,75.0,76.0,76.0,77.0,77.36000000000001,79.0,79.0,80.0,80.0,81.0,81.0,82.0,82.0,84.0,85.0,86.0,86.0,87.0,87.0,88.0,89.0,89.0,91.0,92.0,92.0,93.0,94.0,96.0,96.0,97.0,98.0,99.0,100.0,101.0,102.55999999999995,105.0,106.0,109.55999999999995,114.0,116.75999999999999,132.0,68.0,1000.2784313857555,1000.5137255191803,1000.6705882549286,1000.7764706015587,1000.8823529481888,2000.1411764770746,2000.447058826685,2000.6352941393852,2000.784313738346,3001.0,175.53594360351562,183.1347869873047,187.99051208496093,191.76231079101564,195.0322494506836,198.17308654785157,201.35623168945312,205.09291076660156,211.10812377929688,347.4552001953125,244.37723,1.0,test_data/Useful/Validation/Three Quarter at 1 ft/WhatsApp Image 2024-08-21 at 14.16.46 (2).jpeg,2294.0,840.0,30.94442982221164
43,18.96,23.48,27.0,29.0,32.0,34.0,36.0,38.0,40.0,41.0,42.0,43.0,44.0,45.0,46.0,46.0,47.0,49.0,50.0,51.0,52.03999999999999,53.28,54.0,55.0,55.0,56.0,56.0,56.72000000000003,57.0,58.0,59.0,59.0,60.0,60.0,60.39999999999998,61.0,61.879999999999995,62.0,63.0,63.0,64.0,64.0,65.0,66.0,66.0,67.0,68.0,69.0,70.0,70.0,71.0,72.0,72.0,73.0,74.0,74.0,74.67999999999995,75.0,75.15999999999997,76.39999999999998,77.0,77.0,78.0,79.0,79.0,80.0,81.0,81.0,82.0,83.79999999999995,84.0,84.0,85.0,86.0,87.0,87.0,87.0,88.0,88.0,89.0,90.0,90.0,91.0,93.0,94.0,95.0,95.0,97.0,98.0,100.0,101.0,103.0,104.0,106.0,107.0,108.03999999999996,111.27999999999997,118.0,120.75999999999999,140.0,87.0,1000.2941176593304,1000.5333333611488,1000.6823529601097,1000.7843137383461,1000.8901960849762,2000.1725490242243,2000.4627451002598,2000.6431372761726,2000.784313738346,3001.0,175.50750732421875,183.1057312011719,187.92567596435546,191.7191925048828,194.9695053100586,198.06685791015624,201.27088775634766,205.01580810546875,211.06895446777344,347.5753479003906,243.89713,1.0,test_data/Useful/Validation/Three Quarter at 1 ft/WhatsApp Image 2024-08-21 at 14.16.46 (3).jpeg,2337.0,831.0,35.29781363369958
44,21.0,25.0,27.72,31.96,34.0,36.0,37.0,38.84,39.16,42.0,43.0,44.0,46.0,47.0,48.0,48.0,49.0,49.0,50.0,51.0,52.0,53.0,53.0,54.0,55.0,56.0,56.0,57.0,57.0,58.0,59.0,59.0,60.0,60.160000000000025,61.0,61.0,62.0,63.0,64.0,65.0,65.0,66.0,66.0,67.0,67.0,68.0,68.0,69.0,69.75999999999999,70.0,71.0,71.48000000000002,72.0,72.96000000000004,73.0,74.0,74.0,75.0,76.0,76.39999999999998,77.0,78.0,78.0,79.0,79.0,80.0,81.0,82.0,82.0,83.0,83.0,84.0,85.0,85.0,85.0,86.0,87.0,87.0,88.0,89.0,90.0,91.0,91.0,93.0,94.0,96.0,96.88,98.0,98.0,99.0,101.0,102.08000000000004,103.0,104.0,106.0,109.0,110.27999999999997,115.51999999999998,124.27999999999997,137.0,67.0,1000.2784313857555,1000.5137255191803,1000.6705882549286,1000.7764706015587,1000.8784313797951,2000.1294117718935,2000.4509803950787,2000.6431372761726,2000.7960784435272,3001.0,175.6760482788086,183.2992706298828,188.07872924804687,191.842236328125,195.14608764648438,198.2512634277344,201.44654693603516,205.1874542236328,211.17626953125,347.53314208984375,246.08583,1.0,test_data/Useful/Validation/Three Quarter at 1 ft/WhatsApp Image 2024-08-21 at 14.16.46.jpeg,2263.0,813.0,32.8008715265199
45,21.240000000000002,27.0,29.72,32.0,34.0,35.0,37.0,38.0,39.0,39.400000000000006,40.64,41.0,42.0,43.0,44.0,45.0,47.0,47.0,48.0,49.0,50.0,50.0,51.0,51.75999999999999,52.0,53.24000000000001,54.48000000000002,55.0,56.0,57.0,58.0,58.0,59.0,60.0,60.39999999999998,61.0,62.0,62.120000000000005,63.0,64.0,64.83999999999997,65.0,66.0,66.56,67.0,68.0,69.0,69.0,70.0,70.0,71.0,71.0,72.0,73.0,73.20000000000005,74.0,75.0,75.0,76.0,77.0,77.0,78.0,79.0,79.0,79.0,80.0,81.0,82.0,83.0,83.0,84.0,84.0,85.0,86.0,87.0,87.0,88.0,89.0,90.0,91.0,91.0,92.0,93.0,94.0,94.39999999999998,95.0,97.0,98.0,99.0,100.0,101.0,103.0,104.0,104.55999999999995,106.0,108.03999999999996,110.0,112.51999999999998,115.0,128.0,87.0,1000.2901960909367,1000.5294117927551,1000.6862745285034,1000.7921568751335,1000.9098039269447,2000.2274509817362,2000.4784313738346,2000.65098041296,2000.7886274635796,3001.0,175.4038848876953,183.0683135986328,187.9379119873047,191.6596221923828,194.89991760253906,198.02346801757812,201.25473022460938,205.018701171875,211.044677734375,347.4666748046875,243.26605,1.0,test_data/Useful/Validation/Three Quarter at 1 ft/WhatsApp Image 2024-08-21 at 14.16.47 (1).jpeg,2269.0,821.0,29.80390809323359
46,18.96,23.48,27.0,29.0,32.0,34.0,36.0,38.0,40.0,41.0,42.0,43.0,44.0,45.0,46.0,46.0,47.0,49.0,50.0,51.0,52.03999999999999,53.28,54.0,55.0,55.0,56.0,56.0,56.72000000000003,57.0,58.0,59.0,59.0,60.0,60.0,60.39999999999998,61.0,61.879999999999995,62.0,63.0,63.0,64.0,64.0,65.0,66.0,66.0,67.0,68.0,69.0,70.0,70.0,71.0,72.0,72.0,73.0,74.0,74.0,74.67999999999995,75.0,75.15999999999997,76.39999999999998,77.0,77.0,78.0,79.0,79.0,80.0,81.0,81.0,82.0,83.79999999999995,84.0,84.0,85.0,86.0,87.0,87.0,87.0,88.0,88.0,89.0,90.0,90.0,91.0,93.0,94.0,95.0,95.0,97.0,98.0,100.0,101.0,103.0,104.0,106.0,107.0,108.03999999999996,111.27999999999997,118.0,120.75999999999999,140.0,87.0,1000.2941176593304,1000.5333333611488,1000.6823529601097,1000.7843137383461,1000.8901960849762,2000.1725490242243,2000.4627451002598,2000.6431372761726,2000.784313738346,3001.0,175.50750732421875,183.1057312011719,187.92567596435546,191.7191925048828,194.9695053100586,198.06685791015624,201.27088775634766,205.01580810546875,211.06895446777344,347.5753479003906,243.89713,1.0,test_data/Useful/Validation/Three Quarter at 1 ft/WhatsApp Image 2024-08-21 at 14.16.47 (2).jpeg,2337.0,831.0,31.51187061388296
47,21.0,23.48,27.0,31.96,34.0,35.44,37.0,38.0,40.0,41.0,41.64,43.879999999999995,44.120000000000005,45.360000000000014,46.0,47.0,48.0,49.0,50.0,50.0,52.0,53.0,53.52000000000001,54.0,55.0,56.0,57.0,57.0,57.95999999999998,58.0,59.0,59.0,60.0,60.0,61.0,61.0,62.0,62.0,63.0,64.0,64.0,65.0,65.0,66.0,66.80000000000001,67.0,68.27999999999997,69.0,70.0,71.0,71.0,72.0,72.0,73.0,73.0,74.0,74.0,75.0,75.0,76.0,76.0,76.88,77.0,78.0,79.0,79.0,79.0,80.0,81.0,82.0,82.0,83.0,83.0,84.0,85.0,86.0,87.0,87.0,88.0,89.0,90.0,91.0,91.91999999999996,92.0,93.0,94.0,95.0,95.0,96.0,97.0,99.0,101.0,103.32000000000005,106.55999999999995,108.0,110.03999999999996,112.27999999999997,117.0,121.75999999999999,141.0,79.0,1000.2784313857555,1000.5058823823929,1000.6627451181412,1000.772549033165,1000.8784313797951,2000.1294117718935,2000.4392156898975,2000.6274510025978,2000.7764706015587,3001.0,175.52469482421876,183.10126953125,187.95442657470704,191.74859313964845,195.04515075683594,198.139013671875,201.34503479003905,205.12046813964844,211.30860900878906,347.3921203613281,243.92749,1.0,test_data/Useful/Validation/Three Quarter at 1 ft/WhatsApp Image 2024-08-21 at 14.16.47 (3).jpeg,2413.0,877.0,23.172179888463127
48,17.0,21.48,24.72,28.0,31.0,33.0,34.0,37.0,39.0,41.0,42.64,44.0,45.0,46.0,47.0,47.0,49.0,49.0,50.0,50.80000000000001,51.0,52.0,52.0,53.0,53.0,54.0,55.0,56.0,56.0,57.0,58.0,58.0,59.0,60.0,60.39999999999998,61.0,61.879999999999995,62.0,63.0,64.0,64.0,65.0,66.0,67.0,67.0,68.0,68.0,68.0,69.0,69.0,70.0,70.0,71.0,71.0,72.0,72.0,73.0,74.0,75.0,75.0,76.0,76.0,77.0,77.36000000000001,79.0,79.0,80.0,80.0,81.0,81.0,82.0,82.0,84.0,85.0,86.0,86.0,87.0,87.0,88.0,89.0,89.0,91.0,92.0,92.0,93.0,94.0,96.0,96.0,97.0,98.0,99.0,100.0,101.0,102.55999999999995,105.0,106.0,109.55999999999995,114.0,116.75999999999999,132.0,68.0,1000.2784313857555,1000.5137255191803,1000.6705882549286,1000.7764706015587,1000.8823529481888,2000.1411764770746,2000.447058826685,2000.6352941393852,2000.784313738346,3001.0,175.53594360351562,183.1347869873047,187.99051208496093,191.76231079101564,195.0322494506836,198.17308654785157,201.35623168945312,205.09291076660156,211.10812377929688,347.4552001953125,244.37723,1.0,test_data/Useful/Validation/Three Quarter at 1 ft/WhatsApp Image 2024-08-21 at 14.16.47.jpeg,2294.0,840.0,27.99300549087056
49,21.0,23.48,27.0,31.96,34.0,35.44,37.0,38.0,40.0,41.0,41.64,43.879999999999995,44.120000000000005,45.360000000000014,46.0,47.0,48.0,49.0,50.0,50.0,52.0,53.0,53.52000000000001,54.0,55.0,56.0,57.0,57.0,57.95999999999998,58.0,59.0,59.0,60.0,60.0,61.0,61.0,62.0,62.0,63.0,64.0,64.0,65.0,65.0,66.0,66.80000000000001,67.0,68.27999999999997,69.0,70.0,71.0,71.0,72.0,72.0,73.0,73.0,74.0,74.0,75.0,75.0,76.0,76.0,76.88,77.0,78.0,79.0,79.0,79.0,80.0,81.0,82.0,82.0,83.0,83.0,84.0,85.0,86.0,87.0,87.0,88.0,89.0,90.0,91.0,91.91999999999996,92.0,93.0,94.0,95.0,95.0,96.0,97.0,99.0,101.0,103.32000000000005,106.55999999999995,108.0,110.03999999999996,112.27999999999997,117.0,121.75999999999999,141.0,79.0,1000.2784313857555,1000.5058823823929,1000.6627451181412,1000.772549033165,1000.8784313797951,2000.1294117718935,2000.4392156898975,2000.6274510025978,2000.7764706015587,3001.0,175.52469482421876,183.10126953125,187.95442657470704,191.74859313964845,195.04515075683594,198.139013671875,201.34503479003905,205.12046813964844,211.30860900878906,347.3921203613281,243.92749,1.0,test_data/Useful/Validation/Three Quarter at 1 ft/WhatsApp Image 2024-08-21 at 14.16.48 (1).jpeg,2413.0,877.0,35.24436550183511
50,20.0,27.48,30.0,33.0,35.2,38.0,38.68000000000001,40.92,41.0,42.0,43.0,44.0,45.120000000000005,46.0,47.0,48.0,49.0,49.31999999999999,51.0,52.0,53.0,54.0,55.0,56.0,56.0,57.24000000000001,58.48000000000002,59.0,60.0,60.0,61.0,61.0,62.0,63.0,63.0,64.0,65.0,65.0,66.0,66.0,67.0,67.07999999999998,68.0,68.0,69.0,69.04000000000002,70.0,70.0,71.0,71.0,72.0,73.0,73.0,74.0,75.0,75.0,76.0,76.0,77.0,77.0,78.0,78.0,79.0,79.0,80.0,80.84000000000003,81.08000000000004,82.0,82.0,83.0,84.0,84.0,85.0,85.0,86.0,87.0,87.0,88.0,88.0,89.0,89.44000000000005,90.67999999999995,91.91999999999996,92.0,93.0,94.0,95.0,96.0,97.0,98.0,99.0,100.08000000000004,101.32000000000005,102.55999999999995,104.0,107.0,109.27999999999997,112.51999999999998,116.0,124.0,68.0,1000.3490196168423,1000.5882353186607,1000.7254902124405,1000.8274509906769,2000.0039215688594,2000.3098039329052,2000.5098039507866,2000.6627451181412,2000.7882353067398,3001.0,175.09072875976562,182.67478942871094,187.55865478515625,191.35570068359374,194.62529754638672,197.7499542236328,200.97515869140625,204.8064422607422,211.02288818359375,347.4725036621094,244.87373,1.0,test_data/Useful/Validation/Three Quarter at 1 ft/WhatsApp Image 2024-08-21 at 14.16.48 (2).jpeg,2301.0,830.0,33.529357380395936
51,22.0,26.48,30.72,33.0,35.0,37.0,39.0,41.0,42.0,43.0,44.0,45.879999999999995,46.0,47.0,48.0,49.0,50.0,51.0,52.0,53.0,53.03999999999999,54.0,55.0,55.0,56.0,57.0,57.0,57.0,58.0,59.0,60.0,60.0,61.0,61.160000000000025,62.0,63.0,63.0,64.0,65.0,65.0,66.0,66.0,67.0,67.0,68.0,68.0,68.0,69.0,70.0,70.0,71.0,71.48000000000002,72.0,72.0,73.0,74.0,74.0,75.0,76.0,76.0,77.0,78.0,78.12,79.0,80.0,80.0,81.0,81.0,82.0,83.0,83.0,84.0,84.51999999999998,85.0,85.0,86.0,86.0,88.0,88.0,89.0,90.0,91.0,92.0,93.0,94.0,94.0,95.0,95.0,97.0,98.0,99.0,100.08000000000004,103.0,104.0,106.0,109.03999999999996,112.0,116.0,119.0,141.0,57.0,1000.3215686380863,1000.5607843399048,1000.7098039388657,1000.811764717102,1000.9647058844566,2000.2627451121807,2000.4784313738346,2000.6352941393852,2000.7686274647713,3001.0,175.41537170410157,183.09115600585938,187.90489196777344,191.62335205078125,194.8710479736328,197.99424743652344,201.19549560546875,204.94196472167968,211.13067626953125,347.40167236328125,244.32442,1.0,test_data/Useful/Validation/Three Quarter at 1 ft/WhatsApp Image 2024-08-21 at 14.16.48 (3).jpeg,2286.0,835.0,35.18513927036257
52,20.0,27.48,30.0,33.0,35.2,38.0,38.68000000000001,40.92,41.0,42.0,43.0,44.0,45.120000000000005,46.0,47.0,48.0,49.0,49.31999999999999,51.0,52.0,53.0,54.0,55.0,56.0,56.0,57.24000000000001,58.48000000000002,59.0,60.0,60.0,61.0,61.0,62.0,63.0,63.0,64.0,65.0,65.0,66.0,66.0,67.0,67.07999999999998,68.0,68.0,69.0,69.04000000000002,70.0,70.0,71.0,71.0,72.0,73.0,73.0,74.0,75.0,75.0,76.0,76.0,77.0,77.0,78.0,78.0,79.0,79.0,80.0,80.84000000000003,81.08000000000004,82.0,82.0,83.0,84.0,84.0,85.0,85.0,86.0,87.0,87.0,88.0,88.0,89.0,89.44000000000005,90.67999999999995,91.91999999999996,92.0,93.0,94.0,95.0,96.0,97.0,98.0,99.0,100.08000000000004,101.32000000000005,102.55999999999995,104.0,107.0,109.27999999999997,112.51999999999998,116.0,124.0,68.0,1000.3490196168423,1000.5882353186607,1000.7254902124405,1000.8274509906769,2000.0039215688594,2000.3098039329052,2000.5098039507866,2000.6627451181412,2000.7882353067398,3001.0,175.09072875976562,182.67478942871094,187.55865478515625,191.35570068359374,194.62529754638672,197.7499542236328,200.97515869140625,204.8064422607422,211.02288818359375,347.4725036621094,244.87373,1.0,test_data/Useful/Validation/Three Quarter at 1 ft/WhatsApp Image 2024-08-21 at 14.16.48.jpeg,2301.0,830.0,32.519422090337486
53,18.0,22.48,28.0,31.0,33.0,35.0,37.0,39.0,41.0,41.400000000000006,44.0,45.0,46.0,46.0,47.0,47.0,48.08000000000001,49.0,50.0,51.0,52.0,53.0,53.0,54.0,55.0,55.0,56.0,57.0,57.95999999999998,59.0,60.0,61.0,61.0,61.0,62.0,63.0,63.0,65.0,66.0,66.0,67.0,68.0,68.0,68.0,69.0,69.0,69.27999999999997,70.0,71.0,71.0,72.0,72.0,73.0,73.0,74.0,74.0,75.0,75.0,76.0,76.0,77.0,77.0,78.0,78.0,79.0,80.0,81.0,81.0,82.0,83.0,83.0,85.0,85.0,85.0,86.0,86.0,87.0,88.0,88.0,90.0,91.0,92.0,92.0,93.0,95.0,96.0,97.0,97.12,99.0,102.0,103.0,104.0,105.0,105.55999999999995,108.79999999999995,110.03999999999996,113.0,116.0,121.75999999999999,136.0,68.0,1000.352941185236,1000.5921568870544,1000.7294117808342,1000.839215695858,2000.0196078438312,2000.3294117748737,2000.517647087574,2000.6588235497475,2000.7803921699524,3001.0,175.21526184082032,182.88255310058594,187.728515625,191.53948974609375,194.8293914794922,197.9130859375,201.08984375,204.88515930175782,211.10698394775392,347.43548583984375,244.47191,1.0,test_data/Useful/Validation/Three Quarter at 1 ft/WhatsApp Image 2024-08-21 at 14.16.49 (1).jpeg,2300.0,835.0,29.72296285509969
54,24.0,27.96,31.0,34.0,36.2,39.0,40.0,41.0,43.0,44.0,45.0,46.879999999999995,47.0,49.0,49.0,50.0,51.08000000000001,52.0,53.0,54.0,55.0,55.0,56.0,57.0,58.0,59.0,59.0,59.72000000000003,60.0,61.0,61.0,62.0,62.0,63.0,63.0,64.0,64.0,65.0,66.0,66.0,67.0,67.0,68.0,69.0,69.0,70.0,71.0,71.0,72.0,72.0,73.0,74.0,74.0,74.0,75.0,75.0,75.0,76.0,77.0,77.0,77.63999999999999,78.0,79.0,80.0,80.0,80.0,81.0,81.0,82.0,82.0,82.0,83.0,84.0,85.0,85.0,86.0,87.0,87.0,88.0,89.0,90.0,91.0,92.0,93.0,94.0,95.0,96.0,97.12,98.0,99.0,100.0,101.0,102.32000000000005,103.55999999999995,105.0,108.0,111.0,114.0,118.0,133.0,82.0,1000.3294117748737,1000.5725490450859,1000.7176470756531,1000.8235294222832,1001.0,2000.2901960909367,2000.5019608139992,2000.6549019813538,2000.7882353067398,3001.0,175.35549926757812,182.90496520996095,187.7457244873047,191.50333251953126,194.79801177978516,197.844287109375,201.03069763183595,204.85557556152344,211.04110717773438,347.51715087890625,242.75311,1.0,test_data/Useful/Validation/Three Quarter at 1 ft/WhatsApp Image 2024-08-21 at 14.16.49 (2).jpeg,2252.0,854.0,30.573607020655896
55,18.0,22.48,28.0,31.0,33.0,35.0,37.0,39.0,41.0,41.400000000000006,44.0,45.0,46.0,46.0,47.0,47.0,48.08000000000001,49.0,50.0,51.0,52.0,53.0,53.0,54.0,55.0,55.0,56.0,57.0,57.95999999999998,59.0,60.0,61.0,61.0,61.0,62.0,63.0,63.0,65.0,66.0,66.0,67.0,68.0,68.0,68.0,69.0,69.0,69.27999999999997,70.0,71.0,71.0,72.0,72.0,73.0,73.0,74.0,74.0,75.0,75.0,76.0,76.0,77.0,77.0,78.0,78.0,79.0,80.0,81.0,81.0,82.0,83.0,83.0,85.0,85.0,85.0,86.0,86.0,87.0,88.0,88.0,90.0,91.0,92.0,92.0,93.0,95.0,96.0,97.0,97.12,99.0,102.0,103.0,104.0,105.0,105.55999999999995,108.79999999999995,110.03999999999996,113.0,116.0,121.75999999999999,136.0,68.0,1000.352941185236,1000.5921568870544,1000.7294117808342,1000.839215695858,2000.0196078438312,2000.3294117748737,2000.517647087574,2000.6588235497475,2000.7803921699524,3001.0,175.21526184082032,182.88255310058594,187.728515625,191.53948974609375,194.8293914794922,197.9130859375,201.08984375,204.88515930175782,211.10698394775392,347.43548583984375,244.47191,1.0,test_data/Useful/Validation/Three Quarter at 1 ft/WhatsApp Image 2024-08-21 at 14.16.49 (3).jpeg,2300.0,835.0,30.325968344560806
56,24.0,27.96,31.0,34.0,36.2,39.0,40.0,41.0,43.0,44.0,45.0,46.879999999999995,47.0,49.0,49.0,50.0,51.08000000000001,52.0,53.0,54.0,55.0,55.0,56.0,57.0,58.0,59.0,59.0,59.72000000000003,60.0,61.0,61.0,62.0,62.0,63.0,63.0,64.0,64.0,65.0,66.0,66.0,67.0,67.0,68.0,69.0,69.0,70.0,71.0,71.0,72.0,72.0,73.0,74.0,74.0,74.0,75.0,75.0,75.0,76.0,77.0,77.0,77.63999999999999,78.0,79.0,80.0,80.0,80.0,81.0,81.0,82.0,82.0,82.0,83.0,84.0,85.0,85.0,86.0,87.0,87.0,88.0,89.0,90.0,91.0,92.0,93.0,94.0,95.0,96.0,97.12,98.0,99.0,100.0,101.0,102.32000000000005,103.55999999999995,105.0,108.0,111.0,114.0,118.0,133.0,82.0,1000.3294117748737,1000.5725490450859,1000.7176470756531,1000.8235294222832,1001.0,2000.2901960909367,2000.5019608139992,2000.6549019813538,2000.7882353067398,3001.0,175.35549926757812,182.90496520996095,187.7457244873047,191.50333251953126,194.79801177978516,197.844287109375,201.03069763183595,204.85557556152344,211.04110717773438,347.51715087890625,242.75311,1.0,test_data/Useful/Validation/Three Quarter at 1 ft/WhatsApp Image 2024-08-21 at 14.16.49.jpeg,2252.0,854.0,29.030937406522636
57,22.0,26.48,30.72,33.0,35.0,37.0,39.0,41.0,42.0,43.0,44.0,45.879999999999995,46.0,47.0,48.0,49.0,50.0,51.0,52.0,53.0,53.03999999999999,54.0,55.0,55.0,56.0,57.0,57.0,57.0,58.0,59.0,60.0,60.0,61.0,61.160000000000025,62.0,63.0,63.0,64.0,65.0,65.0,66.0,66.0,67.0,67.0,68.0,68.0,68.0,69.0,70.0,70.0,71.0,71.48000000000002,72.0,72.0,73.0,74.0,74.0,75.0,76.0,76.0,77.0,78.0,78.12,79.0,80.0,80.0,81.0,81.0,82.0,83.0,83.0,84.0,84.51999999999998,85.0,85.0,86.0,86.0,88.0,88.0,89.0,90.0,91.0,92.0,93.0,94.0,94.0,95.0,95.0,97.0,98.0,99.0,100.08000000000004,103.0,104.0,106.0,109.03999999999996,112.0,116.0,119.0,141.0,57.0,1000.3215686380863,1000.5607843399048,1000.7098039388657,1000.811764717102,1000.9647058844566,2000.2627451121807,2000.4784313738346,2000.6352941393852,2000.7686274647713,3001.0,175.41537170410157,183.09115600585938,187.90489196777344,191.62335205078125,194.8710479736328,197.99424743652344,201.19549560546875,204.94196472167968,211.13067626953125,347.40167236328125,244.32442,1.0,test_data/Useful/Validation/Three Quarter at 1 ft/WhatsApp Image 2024-08-21 at 14.16.50 (1).jpeg,2286.0,835.0,32.10988323853703
58,18.96,25.48,28.72,31.0,33.0,35.44,38.0,40.0,41.0,41.0,42.64,44.0,45.0,46.360000000000014,47.0,48.0,49.0,50.0,51.56,52.80000000000001,53.0,54.0,55.52000000000001,56.0,57.0,57.24000000000001,58.48000000000002,59.0,59.0,60.0,60.0,61.0,62.0,62.0,63.0,63.0,64.0,64.0,64.0,65.0,66.0,67.0,67.32,68.0,68.0,69.0,69.0,70.0,71.0,71.0,72.0,73.0,73.0,73.96000000000004,74.0,75.0,75.0,76.0,76.0,77.0,77.63999999999999,78.0,78.0,79.0,80.0,80.0,81.0,82.0,82.0,83.0,84.0,85.0,85.0,85.75999999999999,86.0,87.0,88.0,89.72000000000003,90.0,91.0,92.0,93.0,93.0,94.0,95.39999999999998,96.0,97.88,98.0,99.0,100.0,101.0,103.0,103.32000000000005,106.0,108.0,110.0,112.0,114.0,121.0,136.0,68.0,1000.3137255012989,1000.5568627715111,1000.6980392336845,1000.8039215803146,1000.9568627476692,2000.2470588237047,2000.4627451002598,2000.623529434204,2000.7647058963776,3001.0,175.3988464355469,183.08675537109374,187.8666961669922,191.67023620605468,194.95249938964844,198.07191467285156,201.2960205078125,205.05052185058594,211.07398986816406,347.3861999511719,243.23174,1.0,test_data/Useful/Validation/Three Quarter at 1 ft/WhatsApp Image 2024-08-21 at 14.16.50 (2).jpeg,2300.0,846.0,28.895766792803983
59,19.0,22.48,28.72,31.0,34.0,35.0,36.0,37.0,38.16,39.0,41.0,41.0,42.0,43.0,43.599999999999994,44.0,45.0,46.0,47.0,47.0,48.0,49.0,50.0,51.0,52.0,52.0,53.0,53.0,54.0,54.0,54.0,55.0,56.0,57.0,57.0,57.0,58.0,58.120000000000005,59.0,60.0,61.0,61.0,62.0,62.0,63.0,64.0,64.27999999999997,65.0,65.0,66.0,66.0,67.0,67.72000000000003,68.0,69.0,69.0,70.0,71.0,71.0,71.0,72.0,73.0,73.0,74.0,74.0,74.0,75.0,76.0,76.0,76.0,77.0,77.27999999999997,78.0,79.0,79.0,80.0,80.0,81.0,82.0,83.0,84.0,84.0,85.0,86.0,87.0,88.0,89.0,90.12,92.0,93.60000000000002,95.0,96.08000000000004,97.32000000000005,99.0,102.0,103.0,104.0,107.51999999999998,111.0,131.0,74.0,1000.3490196168423,1000.5686274766922,1000.6980392336845,1000.7803921699524,1000.905882358551,2000.298039227724,2000.5058823823929,2000.65098041296,2000.7607843279839,3001.0,173.40721130371094,180.95889282226562,185.901123046875,189.81109619140625,193.24888610839844,196.55697631835938,200.03878784179688,204.41847229003906,211.51028442382812,347.0670166015625,247.95363,1.0,test_data/Useful/Validation/Three Quarter at 1 ft/WhatsApp Image 2024-08-21 at 14.16.50 (3).jpeg,2235.0,867.0,30.475670415242593
60,29.48,34.480000000000004,38.0,41.0,43.2,46.44,48.0,50.92,53.0,54.0,55.0,56.0,56.0,57.0,58.0,59.0,59.0,60.0,61.0,61.80000000000001,62.0,63.0,63.0,64.0,65.0,66.0,67.0,67.0,67.0,68.0,69.0,69.0,69.0,70.0,70.0,70.0,71.0,71.0,72.0,72.0,73.0,73.0,73.32,74.56,75.0,76.0,76.0,76.51999999999998,77.0,78.0,78.0,79.0,79.0,79.0,80.0,80.0,80.0,81.0,81.15999999999997,82.0,82.0,83.0,84.0,84.0,85.0,85.0,86.0,86.0,87.0,88.0,88.0,88.0,89.0,89.0,90.0,90.0,91.48000000000002,92.0,92.0,93.0,94.0,94.0,95.0,95.15999999999997,96.0,96.63999999999999,97.0,98.0,99.0,100.0,102.0,103.0,105.0,107.0,109.0,112.03999999999996,115.27999999999997,118.0,120.75999999999999,129.0,69.0,1000.4313725531101,1000.6941176652908,1000.8156862854958,1000.9647058844566,2000.5607843399048,2000.784313738346,3000.086274512112,3000.486274510622,3000.6862745285034,3001.0,174.13088989257812,181.7919921875,186.65179443359375,190.4238739013672,193.77488708496094,196.95053100585938,200.24460601806638,204.13761291503909,210.71334838867188,348.4362487792969,242.69652,1.0,test_data/Useful/Validation/Three Quarter at 1 ft/WhatsApp Image 2024-08-21 at 14.17.07.jpeg,2255.0,806.0,31.950652500919645
61,25.0,31.0,34.0,38.0,40.0,43.0,47.0,48.0,49.16,52.0,53.0,54.0,55.0,56.0,58.0,59.0,59.0,61.0,62.0,62.0,63.0,64.0,65.0,65.0,66.0,67.24000000000001,68.48000000000002,69.0,69.0,70.0,71.0,71.0,71.0,72.0,72.0,73.0,73.0,73.0,74.0,74.0,75.0,75.0,76.0,76.0,77.0,77.04000000000002,78.0,78.0,79.0,79.0,79.0,80.0,80.0,81.0,81.0,81.44000000000005,82.0,82.0,83.0,84.0,84.0,84.88,85.0,85.36000000000001,86.0,86.0,87.0,88.0,88.0,88.0,89.0,89.0,90.0,90.0,91.0,91.0,92.0,92.72000000000003,93.0,94.0,95.0,96.0,96.0,97.0,98.0,99.0,100.0,100.0,101.0,102.0,104.0,104.0,106.0,107.0,109.0,110.03999999999996,112.0,114.0,116.0,136.0,88.0,1000.4274509847164,1000.6901960968971,1000.8156862854958,1000.9647058844566,2000.5333333611488,2000.7647058963776,3000.043137256056,3000.4549019634724,3000.6745098233223,3001.0,174.22618408203124,181.93992614746094,186.86766967773437,190.6737823486328,194.03831481933594,197.19571533203126,200.4510498046875,204.34095764160156,210.87332153320312,348.3268737792969,241.28432,1.0,test_data/Useful/Validation/Three Quarter at 1 ft/WhatsApp Image 2024-08-21 at 14.17.08 (1).jpeg,2307.0,853.0,27.392130164963614
62,30.96,37.480000000000004,40.0,42.0,43.0,45.44,47.0,49.92,51.16,52.0,53.64,54.0,55.0,56.0,57.0,58.0,59.0,59.0,60.0,61.0,62.0,62.0,63.0,63.0,64.0,65.0,65.48000000000002,66.0,67.0,68.0,69.0,69.0,69.92000000000002,71.0,71.0,72.0,72.0,73.0,73.0,74.0,75.0,75.0,75.0,76.0,76.0,77.0,77.0,78.0,79.0,79.0,80.0,80.0,81.0,81.96000000000004,82.0,82.0,83.0,83.0,83.15999999999997,84.0,85.0,85.0,86.0,86.0,87.0,87.0,88.0,88.0,89.0,90.0,90.0,90.0,91.0,91.75999999999999,92.0,93.0,93.0,93.72000000000003,94.0,94.0,95.0,96.0,96.0,96.0,97.0,98.0,98.0,99.0,100.0,101.0,103.0,105.0,105.32000000000005,107.0,108.79999999999995,111.0,112.0,114.0,120.51999999999998,128.0,82.0,1000.4901960790157,1000.7176470756531,1000.8274509906769,2000.0470588244498,2000.6000000238419,2000.800000011921,3000.1686274558306,3000.517647087574,3000.694117665291,3001.0,174.04332885742187,181.6416015625,186.46713256835938,190.26760864257812,193.6037368774414,196.80563354492188,200.14747619628906,204.15921020507812,210.8292999267578,348.25537109375,241.3086,1.0,test_data/Useful/Validation/Three Quarter at 1 ft/WhatsApp Image 2024-08-21 at 14.17.08 (2).jpeg,2235.0,813.0,27.51434424682129
63,29.48,34.480000000000004,38.0,41.0,43.2,46.44,48.0,50.92,53.0,54.0,55.0,56.0,56.0,57.0,58.0,59.0,59.0,60.0,61.0,61.80000000000001,62.0,63.0,63.0,64.0,65.0,66.0,67.0,67.0,67.0,68.0,69.0,69.0,69.0,70.0,70.0,70.0,71.0,71.0,72.0,72.0,73.0,73.0,73.32,74.56,75.0,76.0,76.0,76.51999999999998,77.0,78.0,78.0,79.0,79.0,79.0,80.0,80.0,80.0,81.0,81.15999999999997,82.0,82.0,83.0,84.0,84.0,85.0,85.0,86.0,86.0,87.0,88.0,88.0,88.0,89.0,89.0,90.0,90.0,91.48000000000002,92.0,92.0,93.0,94.0,94.0,95.0,95.15999999999997,96.0,96.63999999999999,97.0,98.0,99.0,100.0,102.0,103.0,105.0,107.0,109.0,112.03999999999996,115.27999999999997,118.0,120.75999999999999,129.0,69.0,1000.4313725531101,1000.6941176652908,1000.8156862854958,1000.9647058844566,2000.5607843399048,2000.784313738346,3000.086274512112,3000.486274510622,3000.6862745285034,3001.0,174.13088989257812,181.7919921875,186.65179443359375,190.4238739013672,193.77488708496094,196.95053100585938,200.24460601806638,204.13761291503909,210.71334838867188,348.4362487792969,242.69652,1.0,test_data/Useful/Validation/Three Quarter at 1 ft/WhatsApp Image 2024-08-21 at 14.17.08.jpeg,2255.0,806.0,33.061349663422035
64,28.48,34.480000000000004,37.72,41.96,44.0,46.0,47.0,48.0,50.16,52.0,54.0,56.0,57.0,57.0,58.0,59.0,60.0,60.0,60.56,61.0,62.0,63.0,63.52000000000001,64.0,65.0,65.0,65.0,66.0,66.95999999999998,68.0,68.0,69.0,69.0,70.0,71.0,71.0,72.0,73.0,73.0,74.0,74.83999999999997,75.0,75.0,76.0,76.0,76.0,77.0,77.0,78.0,78.0,79.0,79.0,80.0,80.0,81.0,82.0,82.0,83.0,83.0,84.0,84.0,85.0,85.0,86.0,87.0,87.0,88.0,88.32000000000005,89.0,90.0,90.0,91.0,91.51999999999998,92.0,93.0,93.0,94.0,95.0,95.0,95.20000000000005,96.0,97.0,98.0,99.0,99.39999999999998,100.0,101.0,102.0,103.0,104.0,105.0,106.0,107.0,109.0,110.0,113.03999999999996,116.0,119.51999999999998,122.75999999999999,132.0,75.0,1000.4823529422283,1000.7215686440468,1000.8352941274643,2000.0274509806186,2000.5803921818733,2000.7960784435272,3000.117647059262,3000.501960813999,3000.690196096897,3001.0,174.1635284423828,181.7884521484375,186.6441650390625,190.47552490234375,193.77810668945312,196.96652221679688,200.2241668701172,204.15554504394532,210.76954040527346,348.3360290527344,242.1459,1.0,test_data/Useful/Validation/Three Quarter at 1 ft/WhatsApp Image 2024-08-21 at 14.17.09 (1).jpeg,2210.0,819.0,26.634625161159633
65,25.48,33.96,39.0,40.0,45.0,47.0,49.0,50.0,51.0,52.0,53.64,55.0,56.0,58.0,59.0,59.84,60.08000000000001,61.0,62.0,63.0,63.0,64.0,64.0,65.0,66.0,66.0,67.0,67.72000000000003,68.0,68.0,69.0,69.0,70.0,71.0,71.0,72.0,72.88,73.0,73.0,74.0,74.0,75.0,76.0,76.0,77.0,77.0,78.0,78.0,79.0,79.0,80.0,81.0,81.0,82.0,82.0,83.0,83.0,83.0,84.0,84.0,84.0,85.0,85.0,85.0,86.0,86.0,87.0,87.0,88.0,89.0,90.0,90.0,91.0,91.0,92.0,93.0,93.0,94.0,95.0,96.0,97.0,98.0,98.0,99.0,100.0,100.0,101.0,102.0,103.0,103.60000000000002,105.0,105.0,106.0,107.0,108.79999999999995,110.03999999999996,114.27999999999997,118.51999999999998,120.0,127.0,83.0,1000.4666666686535,1000.7137255072594,1000.8352941274643,2000.0470588244498,2000.5921568870544,2000.7921568751335,3000.090196080506,3000.4901960790157,3000.6823529601097,3001.0,174.3175506591797,181.98818969726562,186.77076721191406,190.6399383544922,193.89276885986328,197.07325744628906,200.31376190185546,204.24664306640625,210.78237915039062,348.359619140625,242.23294,1.0,test_data/Useful/Validation/Three Quarter at 1 ft/WhatsApp Image 2024-08-21 at 14.17.09.jpeg,2231.0,810.0,28.32844776494572
66,33.0,40.0,42.0,44.0,48.0,50.44,51.68000000000001,52.92,54.0,55.0,56.0,57.0,58.0,59.0,60.0,60.0,62.0,62.0,62.56,63.0,64.0,65.0,66.0,66.0,67.0,67.24000000000001,68.0,69.0,69.0,70.0,70.0,70.68,71.0,72.0,72.0,72.63999999999999,73.0,73.12,74.0,74.0,75.0,75.0,76.0,76.0,76.0,77.0,77.0,78.0,79.0,79.0,79.0,80.0,80.0,81.0,81.0,82.0,82.0,83.0,83.0,84.0,84.0,85.0,86.0,86.0,86.0,86.0,87.0,87.0,88.0,89.0,89.0,90.0,91.0,91.0,91.0,92.0,92.0,92.0,92.0,93.0,94.0,94.0,95.0,96.0,97.0,98.63999999999999,100.0,100.0,101.0,102.0,103.0,104.0,106.0,107.0,108.0,109.0,111.0,116.0,118.51999999999998,144.0,86.0,1000.4980392158031,1000.7294117808342,1000.8509804010391,2000.1921568661928,2000.6274510025978,2000.8156862854958,3000.1529411822557,3000.5098039507866,3000.690196096897,3001.0,174.28648376464844,181.9380310058594,186.8009292602539,190.60763854980468,193.9295196533203,197.12012329101563,200.4678497314453,204.40365600585938,211.04063415527344,348.28912353515625,241.6652,1.0,test_data/Useful/Validation/Three Quarter at 1 ft/WhatsApp Image 2024-08-21 at 14.17.10 (1).jpeg,2271.0,835.0,32.231765480916714
67,26.72,36.0,40.0,41.96,43.2,46.44,48.68000000000001,51.0,52.0,53.0,54.64,55.0,57.0,58.0,59.0,60.0,60.0,61.0,62.0,63.0,63.03999999999999,64.0,65.0,66.0,66.0,67.0,67.0,68.0,69.0,69.0,69.0,70.0,70.0,71.0,71.0,72.0,72.0,73.0,73.0,74.0,74.0,75.0,76.0,76.0,77.0,77.0,78.0,78.0,78.0,79.0,80.0,80.0,80.0,81.0,81.0,82.0,83.0,83.0,83.0,84.0,85.0,85.0,85.0,86.0,87.0,87.0,88.0,88.0,89.0,89.0,90.0,90.0,91.0,92.0,92.0,93.0,93.0,94.0,94.0,95.0,95.0,96.0,96.0,97.0,98.0,99.0,100.0,101.0,102.0,103.0,104.0,105.0,106.0,106.55999999999995,107.79999999999995,110.0,112.0,115.0,119.0,135.0,85.0,1000.4705882370472,1000.7176470756531,1000.839215695858,2000.0941176488996,2000.6156862974167,2000.811764717102,3000.137254908681,3000.501960813999,3000.690196096897,3001.0,174.3780532836914,182.05260009765624,186.93657531738282,190.7072296142578,194.06857299804688,197.20953369140625,200.51902770996094,204.44261169433594,211.00479125976562,348.3120422363281,241.85068,1.0,test_data/Useful/Validation/Three Quarter at 1 ft/WhatsApp Image 2024-08-21 at 14.17.10 (2).jpeg,2293.0,823.0,29.67578508711592
68,33.0,40.0,42.0,44.0,48.0,50.44,51.68000000000001,52.92,54.0,55.0,56.0,57.0,58.0,59.0,60.0,60.0,62.0,62.0,62.56,63.0,64.0,65.0,66.0,66.0,67.0,67.24000000000001,68.0,69.0,69.0,70.0,70.0,70.68,71.0,72.0,72.0,72.63999999999999,73.0,73.12,74.0,74.0,75.0,75.0,76.0,76.0,76.0,77.0,77.0,78.0,79.0,79.0,79.0,80.0,80.0,81.0,81.0,82.0,82.0,83.0,83.0,84.0,84.0,85.0,86.0,86.0,86.0,86.0,87.0,87.0,88.0,89.0,89.0,90.0,91.0,91.0,91.0,92.0,92.0,92.0,92.0,93.0,94.0,94.0,95.0,96.0,97.0,98.63999999999999,100.0,100.0,101.0,102.0,103.0,104.0,106.0,107.0,108.0,109.0,111.0,116.0,118.51999999999998,144.0,86.0,1000.4980392158031,1000.7294117808342,1000.8509804010391,2000.1921568661928,2000.6274510025978,2000.8156862854958,3000.1529411822557,3000.5098039507866,3000.690196096897,3001.0,174.28648376464844,181.9380310058594,186.8009292602539,190.60763854980468,193.9295196533203,197.12012329101563,200.4678497314453,204.40365600585938,211.04063415527344,348.28912353515625,241.6652,1.0,test_data/Useful/Validation/Three Quarter at 1 ft/WhatsApp Image 2024-08-21 at 14.17.10 (3).jpeg,2271.0,835.0,28.35732741448312
69,28.48,34.480000000000004,37.72,41.96,44.0,46.0,47.0,48.0,50.16,52.0,54.0,56.0,57.0,57.0,58.0,59.0,60.0,60.0,60.56,61.0,62.0,63.0,63.52000000000001,64.0,65.0,65.0,65.0,66.0,66.95999999999998,68.0,68.0,69.0,69.0,70.0,71.0,71.0,72.0,73.0,73.0,74.0,74.83999999999997,75.0,75.0,76.0,76.0,76.0,77.0,77.0,78.0,78.0,79.0,79.0,80.0,80.0,81.0,82.0,82.0,83.0,83.0,84.0,84.0,85.0,85.0,86.0,87.0,87.0,88.0,88.32000000000005,89.0,90.0,90.0,91.0,91.51999999999998,92.0,93.0,93.0,94.0,95.0,95.0,95.20000000000005,96.0,97.0,98.0,99.0,99.39999999999998,100.0,101.0,102.0,103.0,104.0,105.0,106.0,107.0,109.0,110.0,113.03999999999996,116.0,119.51999999999998,122.75999999999999,132.0,75.0,1000.4823529422283,1000.7215686440468,1000.8352941274643,2000.0274509806186,2000.5803921818733,2000.7960784435272,3000.117647059262,3000.501960813999,3000.690196096897,3001.0,174.1635284423828,181.7884521484375,186.6441650390625,190.47552490234375,193.77810668945312,196.96652221679688,200.2241668701172,204.15554504394532,210.76954040527346,348.3360290527344,242.1459,1.0,test_data/Useful/Validation/Three Quarter at 1 ft/WhatsApp Image 2024-08-21 at 14.17.10.jpeg,2210.0,819.0,24.994394875009558
70,37.24,41.0,43.0,45.0,47.0,48.44,49.0,51.0,52.0,54.0,55.0,56.0,57.0,58.0,59.0,60.0,61.0,61.31999999999999,63.0,63.0,64.0,64.0,65.0,65.75999999999999,66.0,67.0,68.0,69.0,70.0,70.0,71.0,71.0,72.0,73.0,73.0,74.0,74.0,75.0,75.0,75.60000000000002,76.0,76.0,77.0,77.0,78.0,78.0,79.0,79.0,79.0,80.0,81.0,81.0,81.0,82.0,82.20000000000005,83.0,83.0,84.0,84.0,84.39999999999998,85.0,86.0,86.0,86.0,87.0,87.0,88.0,88.32000000000005,89.0,89.79999999999995,91.0,91.0,92.0,92.0,93.0,93.24000000000001,94.0,95.0,95.0,96.0,96.44000000000005,97.0,98.0,99.0,100.0,100.0,101.0,102.0,102.0,103.0,104.0,105.0,107.0,108.55999999999995,111.0,113.0,115.0,117.0,120.0,130.0,81.0,1000.4745098054409,1000.7176470756531,1000.839215695858,2000.0823529437184,2000.6000000238419,2000.7960784435272,3000.1058823540807,3000.4941176474094,3000.6862745285034,3001.0,174.27276611328125,181.9332733154297,186.74526977539062,190.58013916015625,193.91626739501953,197.08702392578124,200.40567016601562,204.3858184814453,211.0008544921875,348.33428955078125,242.56075,1.0,test_data/Useful/Validation/Three Quarter at 1 ft/WhatsApp Image 2024-08-21 at 14.17.11.jpeg,2280.0,902.0,33.468282210500774
71,37.24,41.0,43.0,45.0,47.0,48.44,49.0,51.0,52.0,54.0,55.0,56.0,57.0,58.0,59.0,60.0,61.0,61.31999999999999,63.0,63.0,64.0,64.0,65.0,65.75999999999999,66.0,67.0,68.0,69.0,70.0,70.0,71.0,71.0,72.0,73.0,73.0,74.0,74.0,75.0,75.0,75.60000000000002,76.0,76.0,77.0,77.0,78.0,78.0,79.0,79.0,79.0,80.0,81.0,81.0,81.0,82.0,82.20000000000005,83.0,83.0,84.0,84.0,84.39999999999998,85.0,86.0,86.0,86.0,87.0,87.0,88.0,88.32000000000005,89.0,89.79999999999995,91.0,91.0,92.0,92.0,93.0,93.24000000000001,94.0,95.0,95.0,96.0,96.44000000000005,97.0,98.0,99.0,100.0,100.0,101.0,102.0,102.0,103.0,104.0,105.0,107.0,108.55999999999995,111.0,113.0,115.0,117.0,120.0,130.0,81.0,1000.4745098054409,1000.7176470756531,1000.839215695858,2000.0823529437184,2000.6000000238419,2000.7960784435272,3000.1058823540807,3000.4941176474094,3000.6862745285034,3001.0,174.27276611328125,181.9332733154297,186.74526977539062,190.58013916015625,193.91626739501953,197.08702392578124,200.40567016601562,204.3858184814453,211.0008544921875,348.33428955078125,242.56075,1.0,test_data/Useful/Validation/Three Quarter at 1 ft/WhatsApp Image 2024-08-21 at 14.17.14 (1).jpeg,2280.0,902.0,29.659786985699146
72,33.24,38.0,41.72,44.0,47.0,49.0,50.0,51.0,52.0,53.0,55.0,56.0,57.0,57.0,58.0,59.0,60.0,60.0,61.0,61.80000000000001,63.0,64.0,64.0,64.75999999999999,66.0,66.0,67.0,67.72000000000003,68.0,69.0,69.0,69.0,70.0,70.0,70.0,71.0,72.0,72.0,73.0,73.0,74.0,74.0,74.0,75.0,76.0,76.0,77.0,77.0,78.0,79.0,79.0,79.48000000000002,80.0,81.0,81.0,82.0,82.0,83.0,83.0,83.39999999999998,84.0,85.0,85.0,86.0,86.0,87.0,87.0,88.0,88.0,89.0,90.0,90.0,91.0,91.0,92.0,93.0,94.0,95.0,95.0,96.0,97.0,98.0,98.0,99.0,100.0,101.0,102.0,102.0,103.0,103.60000000000002,105.0,106.0,107.0,108.0,108.79999999999995,111.0,111.27999999999997,115.0,117.75999999999999,126.0,69.0,1000.4901960790157,1000.7294117808342,1000.8470588326454,2000.1686274558306,2000.6196078658104,2000.811764717102,3000.1529411822557,3000.5098039507866,3000.694117665291,3001.0,174.0801239013672,181.6353485107422,186.52957153320312,190.35784912109375,193.71446228027344,196.90533447265625,200.20870971679688,204.17677307128906,210.7103271484375,348.39892578125,243.0226,1.0,test_data/Useful/Validation/Three Quarter at 1 ft/WhatsApp Image 2024-08-21 at 14.17.14 (2).jpeg,2228.0,831.0,29.95173719759992
73,26.72,36.0,40.0,41.96,43.2,46.44,48.68000000000001,51.0,52.0,53.0,54.64,55.0,57.0,58.0,59.0,60.0,60.0,61.0,62.0,63.0,63.03999999999999,64.0,65.0,66.0,66.0,67.0,67.0,68.0,69.0,69.0,69.0,70.0,70.0,71.0,71.0,72.0,72.0,73.0,73.0,74.0,74.0,75.0,76.0,76.0,77.0,77.0,78.0,78.0,78.0,79.0,80.0,80.0,80.0,81.0,81.0,82.0,83.0,83.0,83.0,84.0,85.0,85.0,85.0,86.0,87.0,87.0,88.0,88.0,89.0,89.0,90.0,90.0,91.0,92.0,92.0,93.0,93.0,94.0,94.0,95.0,95.0,96.0,96.0,97.0,98.0,99.0,100.0,101.0,102.0,103.0,104.0,105.0,106.0,106.55999999999995,107.79999999999995,110.0,112.0,115.0,119.0,135.0,85.0,1000.4705882370472,1000.7176470756531,1000.839215695858,2000.0941176488996,2000.6156862974167,2000.811764717102,3000.137254908681,3000.501960813999,3000.690196096897,3001.0,174.3780532836914,182.05260009765624,186.93657531738282,190.7072296142578,194.06857299804688,197.20953369140625,200.51902770996094,204.44261169433594,211.00479125976562,348.3120422363281,241.85068,1.0,test_data/Useful/Validation/Three Quarter at 1 ft/WhatsApp Image 2024-08-21 at 14.17.14.jpeg,2293.0,823.0,31.04963226558649
74,33.24,38.0,41.72,44.0,47.0,49.0,50.0,51.0,52.0,53.0,55.0,56.0,57.0,57.0,58.0,59.0,60.0,60.0,61.0,61.80000000000001,63.0,64.0,64.0,64.75999999999999,66.0,66.0,67.0,67.72000000000003,68.0,69.0,69.0,69.0,70.0,70.0,70.0,71.0,72.0,72.0,73.0,73.0,74.0,74.0,74.0,75.0,76.0,76.0,77.0,77.0,78.0,79.0,79.0,79.48000000000002,80.0,81.0,81.0,82.0,82.0,83.0,83.0,83.39999999999998,84.0,85.0,85.0,86.0,86.0,87.0,87.0,88.0,88.0,89.0,90.0,90.0,91.0,91.0,92.0,93.0,94.0,95.0,95.0,96.0,97.0,98.0,98.0,99.0,100.0,101.0,102.0,102.0,103.0,103.60000000000002,105.0,106.0,107.0,108.0,108.79999999999995,111.0,111.27999999999997,115.0,117.75999999999999,126.0,69.0,1000.4901960790157,1000.7294117808342,1000.8470588326454,2000.1686274558306,2000.6196078658104,2000.811764717102,3000.1529411822557,3000.5098039507866,3000.694117665291,3001.0,174.0801239013672,181.6353485107422,186.52957153320312,190.35784912109375,193.71446228027344,196.90533447265625,200.20870971679688,204.17677307128906,210.7103271484375,348.39892578125,243.0226,1.0,test_data/Useful/Validation/Three Quarter at 1 ft/WhatsApp Image 2024-08-21 at 14.17.15 (1).jpeg,2228.0,831.0,34.466729418208175
75,21.48,26.96,32.72,34.0,36.400000000000006,40.0,41.0,42.92,44.16,45.400000000000006,46.0,46.879999999999995,47.120000000000005,48.0,49.0,50.84,52.0,53.0,53.56,54.80000000000001,55.0,56.0,56.0,56.75999999999999,57.0,58.0,58.0,59.0,60.0,60.0,61.0,61.0,62.920000000000016,63.0,64.0,65.0,65.0,66.0,66.0,67.0,67.0,68.0,69.0,70.0,71.0,71.0,71.0,72.0,72.0,73.0,74.0,75.0,75.0,76.0,76.0,77.0,77.67999999999995,78.0,78.15999999999997,79.0,79.0,80.0,80.0,81.0,82.0,82.0,83.0,84.0,84.0,85.0,85.0,86.0,86.0,87.0,87.0,88.0,88.48000000000002,89.0,90.0,91.20000000000005,92.0,92.0,93.0,94.0,94.0,95.0,96.0,97.0,98.0,98.60000000000002,99.0,100.0,102.0,104.0,105.0,109.0,112.0,116.0,121.27999999999997,133.0,85.0,1000.4980392158031,1000.7215686440468,1000.8313725590706,2000.1215686276555,2000.639215707779,2000.8235294222832,3000.215686276555,3000.533333361149,3000.6980392336845,3001.0,174.0434112548828,181.6428985595703,186.46551513671875,190.25595092773438,193.57603454589844,196.7684326171875,200.0709228515625,203.97076416015625,210.4132080078125,348.13311767578125,244.17279,1.0,test_data/Useful/Validation/Three Quarter at 1 ft/WhatsApp Image 2024-08-21 at 14.17.15 (2).jpeg,2142.0,815.0,30.580956050637965
76,25.48,33.96,39.0,40.0,45.0,47.0,49.0,50.0,51.0,52.0,53.64,55.0,56.0,58.0,59.0,59.84,60.08000000000001,61.0,62.0,63.0,63.0,64.0,64.0,65.0,66.0,66.0,67.0,67.72000000000003,68.0,68.0,69.0,69.0,70.0,71.0,71.0,72.0,72.88,73.0,73.0,74.0,74.0,75.0,76.0,76.0,77.0,77.0,78.0,78.0,79.0,79.0,80.0,81.0,81.0,82.0,82.0,83.0,83.0,83.0,84.0,84.0,84.0,85.0,85.0,85.0,86.0,86.0,87.0,87.0,88.0,89.0,90.0,90.0,91.0,91.0,92.0,93.0,93.0,94.0,95.0,96.0,97.0,98.0,98.0,99.0,100.0,100.0,101.0,102.0,103.0,103.60000000000002,105.0,105.0,106.0,107.0,108.79999999999995,110.03999999999996,114.27999999999997,118.51999999999998,120.0,127.0,83.0,1000.4666666686535,1000.7137255072594,1000.8352941274643,2000.0470588244498,2000.5921568870544,2000.7921568751335,3000.090196080506,3000.4901960790157,3000.6823529601097,3001.0,174.3175506591797,181.98818969726562,186.77076721191406,190.6399383544922,193.89276885986328,197.07325744628906,200.31376190185546,204.24664306640625,210.78237915039062,348.359619140625,242.23294,1.0,test_data/Useful/Validation/Three Quarter at 1 ft/WhatsApp Image 2024-08-21 at 14.17.15.jpeg,2231.0,810.0,28.96347321112078
77,21.0,25.48,30.72,34.96,36.2,38.44,41.0,42.0,44.0,45.400000000000006,46.0,46.879999999999995,48.0,49.0,50.0,50.0,51.0,52.0,53.0,54.0,55.0,56.0,57.0,58.0,59.0,60.0,60.0,61.0,61.0,62.0,63.0,63.0,64.0,64.0,64.0,65.0,65.0,65.12,67.0,68.0,68.0,69.0,69.32,71.0,71.0,72.0,72.0,72.0,73.0,73.0,74.0,74.48000000000002,75.0,76.0,76.0,77.0,77.0,77.0,78.0,78.0,79.0,79.0,80.0,81.0,81.0,82.0,82.0,83.0,83.0,84.0,85.0,85.27999999999997,86.0,87.0,88.0,88.0,89.0,89.0,90.0,91.20000000000005,93.0,94.0,95.0,95.0,96.0,97.0,98.0,98.0,99.0,100.0,102.0,104.0,105.0,106.0,107.0,108.03999999999996,113.0,116.51999999999998,120.75999999999999,133.0,72.0,1000.54509806633,1000.745098054409,1000.8549019694328,2000.2196078449488,2000.6313725709915,2000.8078431487083,3000.176470592618,3000.529411792755,3000.6980392336845,3001.0,174.0828094482422,181.76593017578125,186.6407012939453,190.47157287597656,193.81666564941406,196.9473419189453,200.24131774902344,204.13755798339844,210.64617919921875,348.06396484375,244.7306,1.0,test_data/Useful/Validation/Three Quarter at 1 ft/WhatsApp Image 2024-08-21 at 14.17.17.jpeg,2141.0,819.0,30.920924373347713
78,21.0,25.48,30.72,34.96,36.2,38.44,41.0,42.0,44.0,45.400000000000006,46.0,46.879999999999995,48.0,49.0,50.0,50.0,51.0,52.0,53.0,54.0,55.0,56.0,57.0,58.0,59.0,60.0,60.0,61.0,61.0,62.0,63.0,63.0,64.0,64.0,64.0,65.0,65.0,65.12,67.0,68.0,68.0,69.0,69.32,71.0,71.0,72.0,72.0,72.0,73.0,73.0,74.0,74.48000000000002,75.0,76.0,76.0,77.0,77.0,77.0,78.0,78.0,79.0,79.0,80.0,81.0,81.0,82.0,82.0,83.0,83.0,84.0,85.0,85.27999999999997,86.0,87.0,88.0,88.0,89.0,89.0,90.0,91.20000000000005,93.0,94.0,95.0,95.0,96.0,97.0,98.0,98.0,99.0,100.0,102.0,104.0,105.0,106.0,107.0,108.03999999999996,113.0,116.51999999999998,120.75999999999999,133.0,72.0,1000.54509806633,1000.745098054409,1000.8549019694328,2000.2196078449488,2000.6313725709915,2000.8078431487083,3000.176470592618,3000.529411792755,3000.6980392336845,3001.0,174.0828094482422,181.76593017578125,186.6407012939453,190.47157287597656,193.81666564941406,196.9473419189453,200.24131774902344,204.13755798339844,210.64617919921875,348.06396484375,244.7306,1.0,test_data/Useful/Validation/Three Quarter at 1 ft/WhatsApp Image 2024-08-21 at 14.17.18 (1).jpeg,2141.0,819.0,33.89030024988938
79,21.48,26.96,32.72,34.0,36.400000000000006,40.0,41.0,42.92,44.16,45.400000000000006,46.0,46.879999999999995,47.120000000000005,48.0,49.0,50.84,52.0,53.0,53.56,54.80000000000001,55.0,56.0,56.0,56.75999999999999,57.0,58.0,58.0,59.0,60.0,60.0,61.0,61.0,62.920000000000016,63.0,64.0,65.0,65.0,66.0,66.0,67.0,67.0,68.0,69.0,70.0,71.0,71.0,71.0,72.0,72.0,73.0,74.0,75.0,75.0,76.0,76.0,77.0,77.67999999999995,78.0,78.15999999999997,79.0,79.0,80.0,80.0,81.0,82.0,82.0,83.0,84.0,84.0,85.0,85.0,86.0,86.0,87.0,87.0,88.0,88.48000000000002,89.0,90.0,91.20000000000005,92.0,92.0,93.0,94.0,94.0,95.0,96.0,97.0,98.0,98.60000000000002,99.0,100.0,102.0,104.0,105.0,109.0,112.0,116.0,121.27999999999997,133.0,85.0,1000.4980392158031,1000.7215686440468,1000.8313725590706,2000.1215686276555,2000.639215707779,2000.8235294222832,3000.215686276555,3000.533333361149,3000.6980392336845,3001.0,174.0434112548828,181.6428985595703,186.46551513671875,190.25595092773438,193.57603454589844,196.7684326171875,200.0709228515625,203.97076416015625,210.4132080078125,348.13311767578125,244.17279,1.0,test_data/Useful/Validation/Three Quarter at 1 ft/WhatsApp Image 2024-08-21 at 14.17.18.jpeg,2142.0,815.0,26.882302497874097
80,15.24,21.48,23.0,27.0,29.0,30.0,31.0,32.0,36.16,38.400000000000006,39.0,40.0,41.120000000000005,43.0,43.599999999999994,45.0,46.0,47.0,47.0,48.0,49.0,49.0,50.0,51.0,51.0,52.0,52.0,53.0,53.95999999999998,54.19999999999999,56.0,57.0,58.0,58.0,59.0,59.0,59.0,60.0,60.0,61.0,61.0,62.0,62.0,63.0,63.0,64.0,65.0,65.0,66.0,67.0,68.0,68.0,69.0,70.0,70.0,70.0,71.0,72.0,72.0,73.0,73.0,74.0,75.0,75.0,76.0,76.0,77.0,77.0,78.0,79.0,79.0,80.0,81.0,81.0,82.0,82.0,82.0,83.0,84.0,85.0,86.0,87.0,88.91999999999996,90.0,91.0,91.0,92.0,94.0,94.0,96.0,97.0,98.0,99.0,101.0,103.79999999999995,107.0,108.27999999999997,111.51999999999998,120.0,128.0,82.0,1000.5019608139992,1000.7098039388657,1000.8196078538895,2000.1647058874369,2000.8274509906769,3000.1686274558306,3000.4431372582912,3000.6078431606293,3000.7411764860153,3001.0,174.8633575439453,182.40065002441406,187.19964599609375,190.99322509765625,194.2392578125,197.3228759765625,200.49583435058594,204.1850128173828,210.1258087158203,348.13360595703125,247.51697,1.0,test_data/Useful/Validation/Three Quarter at 1 ft/WhatsApp Image 2024-08-21 at 14.19.02 (1).jpeg,2125.0,750.0,29.422684183677003
81,15.24,21.48,23.0,27.0,29.0,30.0,31.0,32.0,36.16,38.400000000000006,39.0,40.0,41.120000000000005,43.0,43.599999999999994,45.0,46.0,47.0,47.0,48.0,49.0,49.0,50.0,51.0,51.0,52.0,52.0,53.0,53.95999999999998,54.19999999999999,56.0,57.0,58.0,58.0,59.0,59.0,59.0,60.0,60.0,61.0,61.0,62.0,62.0,63.0,63.0,64.0,65.0,65.0,66.0,67.0,68.0,68.0,69.0,70.0,70.0,70.0,71.0,72.0,72.0,73.0,73.0,74.0,75.0,75.0,76.0,76.0,77.0,77.0,78.0,79.0,79.0,80.0,81.0,81.0,82.0,82.0,82.0,83.0,84.0,85.0,86.0,87.0,88.91999999999996,90.0,91.0,91.0,92.0,94.0,94.0,96.0,97.0,98.0,99.0,101.0,103.79999999999995,107.0,108.27999999999997,111.51999999999998,120.0,128.0,82.0,1000.5019608139992,1000.7098039388657,1000.8196078538895,2000.1647058874369,2000.8274509906769,3000.1686274558306,3000.4431372582912,3000.6078431606293,3000.7411764860153,3001.0,174.8633575439453,182.40065002441406,187.19964599609375,190.99322509765625,194.2392578125,197.3228759765625,200.49583435058594,204.1850128173828,210.1258087158203,348.13360595703125,247.51697,1.0,test_data/Useful/Validation/Three Quarter at 1 ft/WhatsApp Image 2024-08-21 at 14.19.02.jpeg,2125.0,750.0,25.961982316116007
82,13.72,19.0,21.72,25.0,28.0,30.319999999999993,32.0,34.0,36.0,37.0,39.0,40.0,41.0,42.0,43.0,44.0,45.08000000000001,46.0,47.0,48.0,49.0,50.0,51.0,52.0,52.0,53.0,54.0,55.0,55.95999999999998,57.0,57.0,58.0,59.0,59.0,60.0,61.0,61.0,62.0,62.360000000000014,63.0,64.0,64.0,64.0,65.0,65.0,66.0,66.0,67.0,67.0,68.0,68.0,69.0,69.0,70.0,70.0,71.0,71.0,71.0,72.0,72.0,73.0,74.0,74.0,75.0,75.0,76.0,78.0,78.0,78.0,79.0,80.0,80.0,81.0,82.0,83.0,84.0,84.0,84.0,85.0,86.0,87.0,87.67999999999995,88.0,89.0,90.0,91.0,92.0,94.0,94.0,95.0,96.84000000000003,98.0,99.32000000000005,101.0,102.0,104.0,108.0,110.51999999999998,115.51999999999998,131.0,71.0,1000.5019608139992,1000.7098039388657,1000.8196078538895,2000.031372550875,2000.7882353067398,3000.113725490868,3000.419607847929,3000.596078455448,3000.733333349228,3001.0,174.49860076904298,182.09518432617188,186.9973571777344,190.7578125,194.04953002929688,197.16299438476562,200.3663787841797,204.06655883789062,210.09591674804688,348.1935119628906,245.84898,1.0,test_data/Useful/Validation/Three Quarter at 1 ft/WhatsApp Image 2024-08-21 at 14.19.03 (1).jpeg,2125.0,723.0,30.2441840618708
83,13.72,19.0,21.72,25.0,28.0,30.319999999999993,32.0,34.0,36.0,37.0,39.0,40.0,41.0,42.0,43.0,44.0,45.08000000000001,46.0,47.0,48.0,49.0,50.0,51.0,52.0,52.0,53.0,54.0,55.0,55.95999999999998,57.0,57.0,58.0,59.0,59.0,60.0,61.0,61.0,62.0,62.360000000000014,63.0,64.0,64.0,64.0,65.0,65.0,66.0,66.0,67.0,67.0,68.0,68.0,69.0,69.0,70.0,70.0,71.0,71.0,71.0,72.0,72.0,73.0,74.0,74.0,75.0,75.0,76.0,78.0,78.0,78.0,79.0,80.0,80.0,81.0,82.0,83.0,84.0,84.0,84.0,85.0,86.0,87.0,87.67999999999995,88.0,89.0,90.0,91.0,92.0,94.0,94.0,95.0,96.84000000000003,98.0,99.32000000000005,101.0,102.0,104.0,108.0,110.51999999999998,115.51999999999998,131.0,71.0,1000.5019608139992,1000.7098039388657,1000.8196078538895,2000.031372550875,2000.7882353067398,3000.113725490868,3000.419607847929,3000.596078455448,3000.733333349228,3001.0,174.49860076904298,182.09518432617188,186.9973571777344,190.7578125,194.04953002929688,197.16299438476562,200.3663787841797,204.06655883789062,210.09591674804688,348.1935119628906,245.84898,1.0,test_data/Useful/Validation/Three Quarter at 1 ft/WhatsApp Image 2024-08-21 at 14.19.03 (2).jpeg,2125.0,723.0,34.97767776863902
84,17.240000000000002,23.48,26.0,27.96,32.2,34.0,36.0,36.92,39.0,40.0,41.0,42.0,43.0,44.0,45.0,45.84,46.0,47.0,47.0,47.80000000000001,49.0,49.0,50.0,51.0,51.0,52.0,53.0,53.0,54.0,55.0,56.0,56.0,57.0,58.0,58.0,59.0,59.0,60.0,61.0,61.0,62.0,62.079999999999984,63.0,64.0,64.0,65.0,65.27999999999997,66.0,66.0,67.0,67.24000000000001,68.0,69.0,70.0,70.0,70.0,71.0,71.91999999999996,72.0,73.0,73.0,74.0,75.0,76.0,76.0,76.0,77.0,77.0,78.0,78.0,79.0,80.0,80.0,81.0,81.0,82.0,82.0,83.0,84.0,85.0,85.0,86.0,87.0,87.0,89.39999999999998,91.0,91.88,93.0,94.36000000000001,95.0,96.0,97.08000000000004,99.0,100.0,100.0,102.03999999999996,105.0,106.51999999999998,115.27999999999997,142.0,70.0,1000.4823529422283,1000.7019608020782,1000.811764717102,1001.0,2000.7803921699524,3000.117647059262,3000.4156862795353,3000.5921568870544,3000.729411780834,3001.0,174.58017272949218,182.1820831298828,187.01132202148438,190.75448608398438,194.035400390625,197.134619140625,200.3604766845703,204.17458801269532,210.17886352539062,348.1781311035156,247.11365,1.0,test_data/Useful/Validation/Three Quarter at 1 ft/WhatsApp Image 2024-08-21 at 14.19.03 (3).jpeg,2188.0,723.0,27.690679524277193
85,17.240000000000002,23.48,26.0,27.96,32.2,34.0,36.0,36.92,39.0,40.0,41.0,42.0,43.0,44.0,45.0,45.84,46.0,47.0,47.0,47.80000000000001,49.0,49.0,50.0,51.0,51.0,52.0,53.0,53.0,54.0,55.0,56.0,56.0,57.0,58.0,58.0,59.0,59.0,60.0,61.0,61.0,62.0,62.079999999999984,63.0,64.0,64.0,65.0,65.27999999999997,66.0,66.0,67.0,67.24000000000001,68.0,69.0,70.0,70.0,70.0,71.0,71.91999999999996,72.0,73.0,73.0,74.0,75.0,76.0,76.0,76.0,77.0,77.0,78.0,78.0,79.0,80.0,80.0,81.0,81.0,82.0,82.0,83.0,84.0,85.0,85.0,86.0,87.0,87.0,89.39999999999998,91.0,91.88,93.0,94.36000000000001,95.0,96.0,97.08000000000004,99.0,100.0,100.0,102.03999999999996,105.0,106.51999999999998,115.27999999999997,142.0,70.0,1000.4823529422283,1000.7019608020782,1000.811764717102,1001.0,2000.7803921699524,3000.117647059262,3000.4156862795353,3000.5921568870544,3000.729411780834,3001.0,174.58017272949218,182.1820831298828,187.01132202148438,190.75448608398438,194.035400390625,197.134619140625,200.3604766845703,204.17458801269532,210.17886352539062,348.1781311035156,247.11365,1.0,test_data/Useful/Validation/Three Quarter at 1 ft/WhatsApp Image 2024-08-21 at 14.19.03.jpeg,2188.0,723.0,30.079182583083103
86,15.0,23.96,27.0,28.96,31.0,32.44,35.0,36.92,38.0,39.0,41.0,42.0,43.0,44.0,46.0,46.84,47.0,48.0,49.0,50.0,51.0,52.0,52.0,53.0,53.0,54.0,55.0,55.0,56.0,56.0,57.0,58.0,58.0,59.0,59.0,59.0,60.0,60.120000000000005,61.0,61.0,61.0,62.0,63.0,63.0,64.0,64.0,64.0,65.0,66.0,66.0,67.0,67.0,67.0,68.0,68.0,69.0,70.0,70.0,71.0,72.0,72.0,73.0,74.0,75.0,75.0,76.0,76.0,76.0,77.0,78.0,78.0,79.0,80.0,80.0,81.0,82.0,83.0,83.72000000000003,84.96000000000004,85.0,86.0,87.0,88.0,89.0,90.0,91.0,92.0,93.0,93.36000000000001,94.60000000000002,95.84000000000003,96.08000000000004,99.32000000000005,100.55999999999995,102.0,105.0,108.27999999999997,109.51999999999998,114.0,128.0,59.0,1000.5137255191803,1000.7215686440468,1000.8313725590706,2000.3882353007793,2000.811764717102,3000.137254908681,3000.4274509847164,3000.596078455448,3000.729411780834,3001.0,174.37574768066406,181.9931640625,186.83944702148438,190.6051483154297,193.88897705078125,197.0447540283203,200.2464126586914,204.08591918945314,210.1172637939453,348.13580322265625,247.60074,1.0,test_data/Useful/Validation/Three Quarter at 1 ft/WhatsApp Image 2024-08-21 at 14.19.04 (1).jpeg,2143.0,757.0,31.56478958227175
87,15.0,23.96,27.0,28.96,31.0,32.44,35.0,36.92,38.0,39.0,41.0,42.0,43.0,44.0,46.0,46.84,47.0,48.0,49.0,50.0,51.0,52.0,52.0,53.0,53.0,54.0,55.0,55.0,56.0,56.0,57.0,58.0,58.0,59.0,59.0,59.0,60.0,60.120000000000005,61.0,61.0,61.0,62.0,63.0,63.0,64.0,64.0,64.0,65.0,66.0,66.0,67.0,67.0,67.0,68.0,68.0,69.0,70.0,70.0,71.0,72.0,72.0,73.0,74.0,75.0,75.0,76.0,76.0,76.0,77.0,78.0,78.0,79.0,80.0,80.0,81.0,82.0,83.0,83.72000000000003,84.96000000000004,85.0,86.0,87.0,88.0,89.0,90.0,91.0,92.0,93.0,93.36000000000001,94.60000000000002,95.84000000000003,96.08000000000004,99.32000000000005,100.55999999999995,102.0,105.0,108.27999999999997,109.51999999999998,114.0,128.0,59.0,1000.5137255191803,1000.7215686440468,1000.8313725590706,2000.3882353007793,2000.811764717102,3000.137254908681,3000.4274509847164,3000.596078455448,3000.729411780834,3001.0,174.37574768066406,181.9931640625,186.83944702148438,190.6051483154297,193.88897705078125,197.0447540283203,200.2464126586914,204.08591918945314,210.1172637939453,348.13580322265625,247.60074,1.0,test_data/Useful/Validation/Three Quarter at 1 ft/WhatsApp Image 2024-08-21 at 14.19.04.jpeg,2143.0,757.0,31.257312322799557
88,16.48,20.48,22.72,25.96,28.0,31.439999999999998,34.0,36.0,37.0,38.0,40.0,40.0,41.0,42.360000000000014,43.0,44.0,45.0,46.0,46.56,48.0,49.0,50.0,51.0,51.0,52.0,53.0,54.0,55.0,55.0,56.0,57.0,57.0,58.0,59.0,60.0,60.0,60.0,61.0,61.0,62.0,62.0,63.0,63.31999999999999,64.0,65.0,65.0,66.0,66.0,67.0,67.0,67.0,68.0,69.0,69.0,70.0,70.0,71.0,71.0,72.0,73.0,73.0,73.88,74.0,74.0,75.0,75.0,76.0,76.0,77.0,78.0,78.0,79.0,79.51999999999998,80.0,81.0,82.0,82.0,83.0,83.0,84.20000000000005,85.44000000000005,86.0,87.0,88.0,89.0,90.0,91.0,92.12,93.0,94.60000000000002,97.0,99.0,100.0,101.55999999999995,104.0,106.0,108.0,111.0,115.0,131.0,62.0,1000.5098039507866,1000.7215686440468,1000.8352941274643,2000.474509805441,2000.8156862854958,3000.1411764770746,3000.43137255311,3000.596078455448,3000.729411780834,3001.0,174.3397689819336,181.98187866210938,186.82230682373046,190.5547882080078,193.8585968017578,196.922216796875,200.14124298095703,203.92315368652345,210.04449462890625,348.19427490234375,246.75977,1.0,test_data/Useful/Validation/Three Quarter at 1 ft/WhatsApp Image 2024-08-21 at 14.19.05.jpeg,2187.0,771.0,33.882290890260386
89,13.48,21.0,25.0,27.0,32.0,34.0,35.0,37.0,38.0,39.0,41.0,41.879999999999995,43.0,44.0,45.0,46.0,47.0,47.0,48.0,48.0,49.0,50.0,50.0,50.0,51.0,52.0,53.0,53.0,54.0,55.0,56.0,56.0,57.0,58.0,59.0,59.0,59.0,60.0,60.0,60.0,61.0,61.0,62.0,63.0,63.0,64.0,64.27999999999997,65.0,66.0,66.0,67.0,67.48000000000002,68.0,69.0,69.0,70.0,71.0,71.0,71.15999999999997,72.0,72.0,73.0,73.12,74.0,75.0,75.0,76.0,76.0,77.0,78.0,79.0,79.27999999999997,80.51999999999998,81.0,81.0,82.0,82.0,83.0,84.0,85.0,85.0,86.67999999999995,88.0,89.0,89.0,90.0,91.0,93.0,94.0,96.0,98.84000000000003,99.08000000000004,101.32000000000005,104.0,106.0,108.0,110.0,112.51999999999998,118.75999999999999,128.0,60.0,1000.5058823823929,1000.7176470756531,1000.8313725590706,2000.3960784375668,2000.866666674614,3000.2000000029802,3000.458823531866,3000.6156862974167,3000.7411764860153,3001.0,174.72199096679688,182.37645874023437,187.1525085449219,190.93279418945312,194.16360473632812,197.29213256835936,200.47792053222656,204.21951293945312,210.17391967773438,348.25726318359375,246.55908,1.0,test_data/Useful/Validation/Three Quarter at 1 ft/WhatsApp Image 2024-08-21 at 14.19.06 (1).jpeg,2208.0,750.0,28.68420269557533
90,13.48,21.0,25.0,27.0,32.0,34.0,35.0,37.0,38.0,39.0,41.0,41.879999999999995,43.0,44.0,45.0,46.0,47.0,47.0,48.0,48.0,49.0,50.0,50.0,50.0,51.0,52.0,53.0,53.0,54.0,55.0,56.0,56.0,57.0,58.0,59.0,59.0,59.0,60.0,60.0,60.0,61.0,61.0,62.0,63.0,63.0,64.0,64.27999999999997,65.0,66.0,66.0,67.0,67.48000000000002,68.0,69.0,69.0,70.0,71.0,71.0,71.15999999999997,72.0,72.0,73.0,73.12,74.0,75.0,75.0,76.0,76.0,77.0,78.0,79.0,79.27999999999997,80.51999999999998,81.0,81.0,82.0,82.0,83.0,84.0,85.0,85.0,86.67999999999995,88.0,89.0,89.0,90.0,91.0,93.0,94.0,96.0,98.84000000000003,99.08000000000004,101.32000000000005,104.0,106.0,108.0,110.0,112.51999999999998,118.75999999999999,128.0,60.0,1000.5058823823929,1000.7176470756531,1000.8313725590706,2000.3960784375668,2000.866666674614,3000.2000000029802,3000.458823531866,3000.6156862974167,3000.7411764860153,3001.0,174.72199096679688,182.37645874023437,187.1525085449219,190.93279418945312,194.16360473632812,197.29213256835936,200.47792053222656,204.21951293945312,210.17391967773438,348.25726318359375,246.55908,1.0,test_data/Useful/Validation/Three Quarter at 1 ft/WhatsApp Image 2024-08-21 at 14.19.06 (2).jpeg,2208.0,750.0,28.104103298911106
91,14.48,21.48,25.0,26.0,29.0,32.0,34.0,36.0,36.16,37.80000000000001,40.0,41.879999999999995,43.0,45.0,46.0,46.0,47.0,48.0,48.56,49.0,50.0,51.0,52.0,53.0,53.0,54.0,54.0,55.0,56.0,56.0,56.44,57.0,57.0,58.0,59.0,59.0,59.0,60.0,60.360000000000014,61.0,61.0,62.0,62.0,63.0,63.0,64.0,64.0,65.0,65.0,66.0,66.0,67.0,67.72000000000003,68.0,69.0,69.0,70.0,70.0,71.0,72.0,72.0,73.0,73.0,74.0,75.0,76.0,77.0,77.32000000000005,78.0,79.0,79.03999999999996,80.0,81.0,82.0,83.0,83.0,84.0,85.0,85.96000000000004,86.0,86.44000000000005,87.0,88.0,89.0,89.39999999999998,90.0,91.0,91.0,93.0,95.0,96.0,97.08000000000004,98.0,99.55999999999995,101.0,103.03999999999996,105.27999999999997,110.0,114.0,128.0,59.0,1000.4941176474094,1000.7098039388657,1000.8235294222832,2000.2784313857555,2000.8039215803146,3000.133333340287,3000.4235294163227,3000.596078455448,3000.729411780834,3001.0,174.6260223388672,182.2413330078125,187.07648620605468,190.77667236328125,194.0534896850586,197.155615234375,200.3525588989258,204.0940185546875,210.0577133178711,348.2479248046875,246.80673,1.0,test_data/Useful/Validation/Three Quarter at 1 ft/WhatsApp Image 2024-08-21 at 14.19.06.jpeg,2215.0,755.0,27.810213603172528
92,19.0,25.0,30.0,32.0,33.0,35.0,38.0,39.92,41.0,41.400000000000006,43.0,44.0,44.120000000000005,45.360000000000014,46.0,47.84,49.0,49.31999999999999,50.0,51.0,52.0,52.0,52.0,53.0,54.0,54.0,55.0,55.0,56.0,57.0,57.0,58.0,58.0,59.0,59.39999999999998,60.0,61.0,62.0,62.0,62.0,62.839999999999975,63.0,64.0,64.0,65.0,65.0,66.0,66.0,66.0,67.0,68.0,68.0,69.0,69.0,70.0,70.0,71.0,71.91999999999996,72.0,73.0,74.0,74.0,75.0,75.0,75.0,76.0,77.0,78.0,78.0,79.0,79.0,80.0,80.0,81.75999999999999,83.0,84.0,85.0,86.0,86.96000000000004,88.0,88.0,89.0,90.0,91.0,92.0,92.0,93.0,93.12,95.0,96.0,97.0,99.0,100.0,101.0,102.0,104.0,107.0,110.0,115.0,128.0,75.0,1000.4901960790157,1000.7098039388657,1000.8196078538895,2000.2352941185236,2000.8039215803146,3000.1411764770746,3000.4274509847164,3000.596078455448,3000.733333349228,3001.0,174.71702423095704,182.3028137207031,187.08799743652344,190.85281372070312,194.14474487304688,197.20751037597657,200.39726867675782,204.1789581298828,210.09326171875,348.1953430175781,245.97963,1.0,test_data/Useful/Validation/Three Quarter at 1 ft/WhatsApp Image 2024-08-21 at 14.19.07 (1).jpeg,2115.0,753.0,30.547475732512392
93,19.0,25.0,30.0,32.0,33.0,35.0,38.0,39.92,41.0,41.400000000000006,43.0,44.0,44.120000000000005,45.360000000000014,46.0,47.84,49.0,49.31999999999999,50.0,51.0,52.0,52.0,52.0,53.0,54.0,54.0,55.0,55.0,56.0,57.0,57.0,58.0,58.0,59.0,59.39999999999998,60.0,61.0,62.0,62.0,62.0,62.839999999999975,63.0,64.0,64.0,65.0,65.0,66.0,66.0,66.0,67.0,68.0,68.0,69.0,69.0,70.0,70.0,71.0,71.91999999999996,72.0,73.0,74.0,74.0,75.0,75.0,75.0,76.0,77.0,78.0,78.0,79.0,79.0,80.0,80.0,81.75999999999999,83.0,84.0,85.0,86.0,86.96000000000004,88.0,88.0,89.0,90.0,91.0,92.0,92.0,93.0,93.12,95.0,96.0,97.0,99.0,100.0,101.0,102.0,104.0,107.0,110.0,115.0,128.0,75.0,1000.4901960790157,1000.7098039388657,1000.8196078538895,2000.2352941185236,2000.8039215803146,3000.1411764770746,3000.4274509847164,3000.596078455448,3000.733333349228,3001.0,174.71702423095704,182.3028137207031,187.08799743652344,190.85281372070312,194.14474487304688,197.20751037597657,200.39726867675782,204.1789581298828,210.09326171875,348.1953430175781,245.97963,1.0,test_data/Useful/Validation/Three Quarter at 1 ft/WhatsApp Image 2024-08-21 at 14.19.07 (2).jpeg,2115.0,753.0,29.00125176356906
94,18.0,22.48,25.0,28.0,32.0,34.0,35.0,37.0,38.0,39.0,40.0,41.879999999999995,42.0,43.0,44.0,44.0,45.08000000000001,46.0,46.56,47.80000000000001,48.0,50.0,51.0,51.0,52.0,53.0,53.0,53.0,55.0,55.0,56.0,56.68000000000001,57.0,58.0,58.0,59.0,59.0,60.0,61.0,61.0,62.0,63.0,63.0,64.0,64.0,65.0,66.0,66.0,67.0,67.0,67.0,68.0,68.0,69.0,69.20000000000005,70.0,71.0,71.0,72.0,72.0,73.0,73.0,74.0,75.0,76.0,76.0,77.0,78.0,79.0,80.0,80.0,81.0,81.51999999999998,82.0,83.0,83.0,84.0,84.72000000000003,85.0,86.0,87.44000000000005,88.0,90.0,90.15999999999997,91.0,92.0,93.0,95.0,95.0,97.0,97.84000000000003,100.0,101.0,102.0,103.79999999999995,105.0,107.27999999999997,110.0,115.51999999999998,130.0,67.0,1000.5019608139992,1000.7137255072594,1000.8196078538895,1001.0,2000.8156862854958,3000.164705887437,3000.4509803950787,3000.6156862974167,3000.7411764860153,3001.0,175.2457275390625,182.67477416992188,187.5037063598633,191.29356689453124,194.59400177001953,197.67713623046876,200.80127563476563,204.5668518066406,210.52696228027344,348.1520080566406,246.11804,1.0,test_data/Useful/Validation/Three Quarter at 1 ft/WhatsApp Image 2024-08-21 at 14.19.07.jpeg,2229.0,780.0,29.424092784836102
95,13.24,17.48,22.72,25.96,28.0,31.0,33.0,35.0,36.16,38.400000000000006,40.0,41.0,43.0,44.0,45.0,46.0,47.0,47.0,48.0,48.0,49.0,50.0,51.0,52.0,52.0,53.0,53.0,54.0,54.0,55.0,56.0,57.0,57.0,58.0,58.0,58.0,59.0,60.0,61.0,61.0,61.0,62.0,63.0,63.0,64.0,64.0,65.0,65.0,66.0,67.0,67.0,67.0,68.0,68.0,69.20000000000005,70.0,71.0,71.0,72.0,72.0,72.0,73.0,74.0,74.0,75.0,75.0,76.0,76.32000000000005,77.0,78.0,79.0,80.0,80.0,80.75999999999999,81.0,82.0,82.0,83.0,84.0,84.20000000000005,86.0,87.0,88.0,89.0,89.39999999999998,91.0,92.0,94.0,94.36000000000001,95.0,96.0,98.08000000000004,101.0,102.0,104.0,106.0,108.27999999999997,111.0,114.0,127.0,71.0,1000.4901960790157,1000.705882370472,1000.8196078538895,2000.1960784345865,2000.784313738346,3000.117647059262,3000.4156862795353,3000.5921568870544,3000.729411780834,3001.0,174.51497497558594,182.0761688232422,186.93093872070312,190.6143035888672,193.89441680908203,197.00503540039062,200.22886657714844,203.9669647216797,209.96324157714844,348.22760009765625,246.05827,1.0,test_data/Useful/Validation/Three Quarter at 1 ft/WhatsApp Image 2024-08-21 at 14.19.08 (1).jpeg,2200.0,752.0,27.32174707316023
96,18.0,22.48,25.0,28.0,32.0,34.0,35.0,37.0,38.0,39.0,40.0,41.879999999999995,42.0,43.0,44.0,44.0,45.08000000000001,46.0,46.56,47.80000000000001,48.0,50.0,51.0,51.0,52.0,53.0,53.0,53.0,55.0,55.0,56.0,56.68000000000001,57.0,58.0,58.0,59.0,59.0,60.0,61.0,61.0,62.0,63.0,63.0,64.0,64.0,65.0,66.0,66.0,67.0,67.0,67.0,68.0,68.0,69.0,69.20000000000005,70.0,71.0,71.0,72.0,72.0,73.0,73.0,74.0,75.0,76.0,76.0,77.0,78.0,79.0,80.0,80.0,81.0,81.51999999999998,82.0,83.0,83.0,84.0,84.72000000000003,85.0,86.0,87.44000000000005,88.0,90.0,90.15999999999997,91.0,92.0,93.0,95.0,95.0,97.0,97.84000000000003,100.0,101.0,102.0,103.79999999999995,105.0,107.27999999999997,110.0,115.51999999999998,130.0,67.0,1000.5019608139992,1000.7137255072594,1000.8196078538895,1001.0,2000.8156862854958,3000.164705887437,3000.4509803950787,3000.6156862974167,3000.7411764860153,3001.0,175.2457275390625,182.67477416992188,187.5037063598633,191.29356689453124,194.59400177001953,197.67713623046876,200.80127563476563,204.5668518066406,210.52696228027344,348.1520080566406,246.11804,1.0,test_data/Useful/Validation/Three Quarter at 1 ft/WhatsApp Image 2024-08-21 at 14.19.08.jpeg,2229.0,780.0,37.39532663830888
97,16.48,20.48,22.72,25.96,28.0,31.439999999999998,34.0,36.0,37.0,38.0,40.0,40.0,41.0,42.360000000000014,43.0,44.0,45.0,46.0,46.56,48.0,49.0,50.0,51.0,51.0,52.0,53.0,54.0,55.0,55.0,56.0,57.0,57.0,58.0,59.0,60.0,60.0,60.0,61.0,61.0,62.0,62.0,63.0,63.31999999999999,64.0,65.0,65.0,66.0,66.0,67.0,67.0,67.0,68.0,69.0,69.0,70.0,70.0,71.0,71.0,72.0,73.0,73.0,73.88,74.0,74.0,75.0,75.0,76.0,76.0,77.0,78.0,78.0,79.0,79.51999999999998,80.0,81.0,82.0,82.0,83.0,83.0,84.20000000000005,85.44000000000005,86.0,87.0,88.0,89.0,90.0,91.0,92.12,93.0,94.60000000000002,97.0,99.0,100.0,101.55999999999995,104.0,106.0,108.0,111.0,115.0,131.0,62.0,1000.5098039507866,1000.7215686440468,1000.8352941274643,2000.474509805441,2000.8156862854958,3000.1411764770746,3000.43137255311,3000.596078455448,3000.729411780834,3001.0,174.3397689819336,181.98187866210938,186.82230682373046,190.5547882080078,193.8585968017578,196.922216796875,200.14124298095703,203.92315368652345,210.04449462890625,348.19427490234375,246.75977,1.0,test_data/Useful/Validation/Three Quarter at 1 ft/WhatsApp Image 2024-08-21 at 14.19.27 (1).jpeg,2187.0,771.0,30.398324848101822
98,13.24,17.48,22.72,25.96,28.0,31.0,33.0,35.0,36.16,38.400000000000006,40.0,41.0,43.0,44.0,45.0,46.0,47.0,47.0,48.0,48.0,49.0,50.0,51.0,52.0,52.0,53.0,53.0,54.0,54.0,55.0,56.0,57.0,57.0,58.0,58.0,58.0,59.0,60.0,61.0,61.0,61.0,62.0,63.0,63.0,64.0,64.0,65.0,65.0,66.0,67.0,67.0,67.0,68.0,68.0,69.20000000000005,70.0,71.0,71.0,72.0,72.0,72.0,73.0,74.0,74.0,75.0,75.0,76.0,76.32000000000005,77.0,78.0,79.0,80.0,80.0,80.75999999999999,81.0,82.0,82.0,83.0,84.0,84.20000000000005,86.0,87.0,88.0,89.0,89.39999999999998,91.0,92.0,94.0,94.36000000000001,95.0,96.0,98.08000000000004,101.0,102.0,104.0,106.0,108.27999999999997,111.0,114.0,127.0,71.0,1000.4901960790157,1000.705882370472,1000.8196078538895,2000.1960784345865,2000.784313738346,3000.117647059262,3000.4156862795353,3000.5921568870544,3000.729411780834,3001.0,174.51497497558594,182.0761688232422,186.93093872070312,190.6143035888672,193.89441680908203,197.00503540039062,200.22886657714844,203.9669647216797,209.96324157714844,348.22760009765625,246.05827,1.0,test_data/Useful/Validation/Three Quarter at 1 ft/WhatsApp Image 2024-08-21 at 14.19.27.jpeg,2200.0,752.0,29.408021925396135
99,14.48,21.0,24.0,26.96,28.0,31.0,32.0,34.0,35.16,37.400000000000006,39.0,39.0,42.0,42.0,43.0,44.0,45.0,46.31999999999999,47.0,48.0,49.0,50.0,50.0,51.0,52.0,53.0,54.0,54.0,54.0,55.0,56.0,57.0,57.0,58.0,58.39999999999998,59.639999999999986,60.0,61.0,62.0,62.60000000000002,63.0,64.0,64.0,65.0,66.0,66.0,67.0,67.0,68.0,68.0,69.0,70.0,70.0,70.0,71.0,72.0,72.0,73.0,74.0,74.0,74.0,75.0,76.0,77.0,77.0,78.0,79.0,80.0,80.0,82.0,82.0,83.0,83.0,83.0,84.0,85.0,86.0,86.0,87.0,87.20000000000005,88.0,89.0,90.0,91.0,92.0,93.0,94.0,95.0,96.0,98.0,99.0,100.0,101.0,103.0,104.79999999999995,106.07999999999993,109.27999999999997,112.51999999999998,119.0,133.0,74.0,1000.517647087574,1000.7254902124405,1000.839215695858,2000.4549019634724,2000.8235294222832,3000.1450980454683,3000.43137255311,3000.600000023842,3000.7372549176216,3001.0,174.86061096191406,182.46603393554688,187.34507904052734,191.1013977050781,194.42454528808594,197.53670349121094,200.6940673828125,204.4593505859375,210.41265869140625,348.135498046875,246.1994,1.0,test_data/Useful/Validation/Three Quarter at 1 ft/WhatsApp Image 2024-08-21 at 14.19.28.jpeg,2152.0,750.0,37.99543260018004
100,15.24,25.92,30.72,34.0,35.2,36.44,38.68000000000001,40.0,42.0,43.400000000000006,44.0,45.0,46.0,47.0,48.0,49.0,50.0,51.0,52.0,53.0,54.0,55.0,55.0,56.0,57.0,57.0,58.0,58.0,59.0,60.0,60.0,61.0,61.0,62.0,63.0,63.0,64.0,64.12,65.0,65.0,66.0,66.0,67.0,68.0,69.0,69.0,70.0,70.0,70.0,70.0,71.0,72.0,72.0,73.0,73.0,73.0,74.0,74.0,75.0,75.0,76.0,77.0,77.0,78.0,78.60000000000002,79.0,80.0,80.32000000000005,81.0,82.0,82.03999999999996,83.0,84.0,85.0,86.0,87.0,88.0,88.0,89.0,90.0,92.0,92.0,93.0,93.0,94.0,96.0,97.0,97.0,98.0,99.0,99.84000000000003,101.0,102.32000000000005,104.0,105.0,106.0,108.27999999999997,109.51999999999998,114.51999999999998,124.0,70.0,1000.4549019634724,1000.6941176652908,1000.8039215803146,1000.9411764740944,2000.6705882549286,3000.0352941192687,3000.3490196168423,3000.556862771511,3000.7137255072594,3001.0,175.27509613037108,182.84142150878907,187.68414001464845,191.47431640625,194.7042694091797,197.77725219726562,201.01510620117188,204.78619384765625,210.72463989257812,347.9678955078125,245.92963,1.0,test_data/Useful/Validation/Three Quarter at 1 ft/WhatsApp Image 2024-08-21 at 14.19.49 (1).jpeg,2224.0,795.0,31.333504270397484
101,15.24,21.0,25.72,28.0,29.200000000000003,32.44,36.68000000000001,39.0,40.0,42.0,43.0,44.0,45.0,46.0,47.0,48.0,49.0,50.0,51.0,51.80000000000001,53.0,55.0,55.52000000000001,56.0,57.0,58.0,58.0,59.0,60.0,60.0,61.0,61.0,61.0,62.0,62.0,63.0,63.0,64.0,64.36000000000001,65.0,66.0,67.0,67.32,68.0,69.0,70.0,70.0,70.0,71.0,72.0,72.0,73.0,73.0,73.0,73.20000000000005,74.0,74.67999999999995,75.0,76.0,77.0,77.0,77.0,77.12,78.0,79.0,79.0,80.0,80.0,81.0,81.0,82.0,83.0,83.0,84.0,85.0,86.24000000000001,87.0,87.0,88.0,89.0,89.0,90.0,91.0,92.0,92.39999999999998,93.0,94.88,96.0,97.36000000000001,99.0,100.84000000000003,101.08000000000004,103.0,106.0,107.0,109.0,110.0,112.51999999999998,119.51999999999998,128.0,73.0,1000.4745098054409,1000.7098039388657,1000.8235294222832,2000.1098039224744,2000.7254902124405,3000.0352941192687,3000.3450980484486,3000.5529412031174,3000.7098039388657,3001.0,174.962841796875,182.50547790527344,187.3248291015625,191.13031005859375,194.42413330078125,197.48837280273438,200.69458465576173,204.43607482910156,210.42545318603518,348.2020568847656,246.36177,1.0,test_data/Useful/Validation/Three Quarter at 1 ft/WhatsApp Image 2024-08-21 at 14.19.49 (2).jpeg,2150.0,754.0,28.513137541413183
102,15.96,24.0,28.0,31.0,33.2,36.44,38.0,39.0,41.0,42.400000000000006,43.64,44.0,45.0,46.0,47.0,48.84,49.0,50.0,51.0,52.0,53.0,54.0,55.0,55.0,56.0,57.0,58.0,59.0,59.0,61.0,61.0,62.0,62.0,62.160000000000025,63.0,63.0,64.0,64.0,65.0,65.0,66.0,66.0,67.32,68.0,68.0,69.0,69.0,70.0,70.0,71.0,72.0,72.0,73.0,73.0,73.0,74.0,74.0,74.91999999999996,76.0,76.0,77.0,77.0,78.0,79.0,79.0,79.84000000000003,80.0,81.0,81.0,82.0,83.0,83.27999999999997,84.0,84.0,85.0,85.0,86.0,87.0,87.96000000000004,88.0,89.0,90.0,91.0,92.0,93.0,94.0,95.0,95.0,97.0,98.0,99.0,100.0,101.32000000000005,103.55999999999995,106.79999999999995,109.03999999999996,112.27999999999997,114.0,119.51999999999998,131.0,73.0,1000.4784313738346,1000.705882370472,1000.811764717102,1000.9568627476692,2000.6980392336845,3000.043137256056,3000.368627458811,3000.568627476692,3000.721568644047,3001.0,175.18946990966796,182.77804565429688,187.56632080078126,191.30477905273438,194.5687255859375,197.66329956054688,200.86203002929688,204.578125,210.62283325195312,348.1350402832031,244.86366,1.0,test_data/Useful/Validation/Three Quarter at 1 ft/WhatsApp Image 2024-08-21 at 14.19.49.jpeg,2215.0,789.0,31.653519347737156
103,13.0,21.48,25.0,27.96,31.0,33.0,34.68000000000001,37.0,39.16,41.0,43.0,44.0,45.0,46.0,47.0,48.0,49.0,50.0,51.0,51.0,52.03999999999999,53.0,54.0,55.0,56.0,56.0,57.0,57.0,57.0,58.0,58.0,59.0,59.0,60.0,61.0,61.0,62.0,63.0,63.360000000000014,64.0,64.83999999999997,65.0,66.0,66.0,66.80000000000001,67.0,68.0,68.0,69.0,69.0,70.0,71.0,71.0,71.96000000000004,72.0,73.0,73.0,73.91999999999996,74.0,74.0,75.0,76.0,77.0,77.0,78.0,79.0,80.0,80.0,81.0,82.0,82.0,83.0,83.0,83.75999999999999,84.0,85.0,85.0,86.0,87.0,88.0,89.0,90.0,91.0,92.0,93.0,94.0,95.0,97.0,98.0,99.0,99.0,100.08000000000004,102.0,103.0,103.79999999999995,106.03999999999996,108.0,109.51999999999998,113.75999999999999,135.0,57.0,1000.4941176474094,1000.7215686440468,1000.8352941274643,2000.2392156869173,2000.7137255072594,3000.0156862754375,3000.3176470696926,3000.5411764979362,3000.7019608020782,3001.0,175.01690826416015,182.58822631835938,187.4368438720703,191.2232208251953,194.4927215576172,197.62128601074218,200.82334594726564,204.6051788330078,210.5540771484375,348.1101989746094,245.3679,1.0,test_data/Useful/Validation/Three Quarter at 1 ft/WhatsApp Image 2024-08-21 at 14.19.50 (1).jpeg,2253.0,777.0,33.26479731922532
104,13.0,21.48,25.0,27.96,31.0,33.0,34.68000000000001,37.0,39.16,41.0,43.0,44.0,45.0,46.0,47.0,48.0,49.0,50.0,51.0,51.0,52.03999999999999,53.0,54.0,55.0,56.0,56.0,57.0,57.0,57.0,58.0,58.0,59.0,59.0,60.0,61.0,61.0,62.0,63.0,63.360000000000014,64.0,64.83999999999997,65.0,66.0,66.0,66.80000000000001,67.0,68.0,68.0,69.0,69.0,70.0,71.0,71.0,71.96000000000004,72.0,73.0,73.0,73.91999999999996,74.0,74.0,75.0,76.0,77.0,77.0,78.0,79.0,80.0,80.0,81.0,82.0,82.0,83.0,83.0,83.75999999999999,84.0,85.0,85.0,86.0,87.0,88.0,89.0,90.0,91.0,92.0,93.0,94.0,95.0,97.0,98.0,99.0,99.0,100.08000000000004,102.0,103.0,103.79999999999995,106.03999999999996,108.0,109.51999999999998,113.75999999999999,135.0,57.0,1000.4941176474094,1000.7215686440468,1000.8352941274643,2000.2392156869173,2000.7137255072594,3000.0156862754375,3000.3176470696926,3000.5411764979362,3000.7019608020782,3001.0,175.01690826416015,182.58822631835938,187.4368438720703,191.2232208251953,194.4927215576172,197.62128601074218,200.82334594726564,204.6051788330078,210.5540771484375,348.1101989746094,245.3679,1.0,test_data/Useful/Validation/Three Quarter at 1 ft/WhatsApp Image 2024-08-21 at 14.19.50.jpeg,2253.0,777.0,30.628121660564773
