,perc_1,perc_2,perc_3,perc_4,perc_5,perc_6,perc_7,perc_8,perc_9,perc_10,perc_11,perc_12,perc_13,perc_14,perc_15,perc_16,perc_17,perc_18,perc_19,perc_20,perc_21,perc_22,perc_23,perc_24,perc_25,perc_26,perc_27,perc_28,perc_29,perc_30,perc_31,perc_32,perc_33,perc_34,perc_35,perc_36,perc_37,perc_38,perc_39,perc_40,perc_41,perc_42,perc_43,perc_44,perc_45,perc_46,perc_47,perc_48,perc_49,perc_50,perc_51,perc_52,perc_53,perc_54,perc_55,perc_56,perc_57,perc_58,perc_59,perc_60,perc_61,perc_62,perc_63,perc_64,perc_65,perc_66,perc_67,perc_68,perc_69,perc_70,perc_71,perc_72,perc_73,perc_74,perc_75,perc_76,perc_77,perc_78,perc_79,perc_80,perc_81,perc_82,perc_83,perc_84,perc_85,perc_86,perc_87,perc_88,perc_89,perc_90,perc_91,perc_92,perc_93,perc_94,perc_95,perc_96,perc_97,perc_98,perc_99,perc_100,mode,color_percentile_10,color_percentile_20,color_percentile_30,color_percentile_40,color_percentile_50,color_percentile_60,color_percentile_70,color_percentile_80,color_percentile_90,color_percentile_100,fourier_distribution_10,fourier_distribution_20,fourier_distribution_30,fourier_distribution_40,fourier_distribution_50,fourier_distribution_60,fourier_distribution_70,fourier_distribution_80,fourier_distribution_90,fourier_distribution_100,fourier_median,class,image_name,no_of_connected_components,kept_components,distance
0,0.0,0.0,0.0,0.0,0.0,0.0,0.0,0.0,0.0,0.0,0.0,0.0,0.0,0.0,0.0,0.0,0.0,0.0,0.0,0.0,0.0,0.0,0.0,0.0,0.0,0.0,0.0,0.0,0.0,0.0,0.0,0.0,0.0,0.0,0.0,0.0,0.0,0.0,0.0,0.0,0.0,0.0,0.0,0.0,0.0,0.0,0.0,0.0,0.0,0.0,0.0,0.0,0.0,0.0,0.0,0.0,0.0,1.0,2.0,2.0,3.0,3.0,4.0,5.0,5.0,6.0,6.0,7.32000000000005,8.0,9.0,9.0,10.0,10.0,11.0,12.0,12.0,13.0,13.0,14.0,14.0,15.0,16.0,16.0,16.159999999999968,17.0,17.0,18.0,19.0,20.0,21.0,22.0,23.0,24.0,25.0,26.0,27.0,29.0,31.0,32.75999999999999,43.0,0.0,1000.5058823823929,1000.6431372761726,1000.7411764860153,1000.8470588326454,1000.9921568632126,2000.8470588326454,3000.458823531866,3000.65098041296,3000.78823530674,3001.0,151.2403564453125,158.93569946289062,163.79595947265625,167.64324951171875,171.03216552734375,174.26207580566407,177.72869110107422,182.04139709472656,191.57449340820312,347.7230529785156,237.88864,0.0,test_data/Useful/Validation/rice-at-1-ft/20241108_084833.jpg,2131.0,187.0,31.754627519611553
1,0.0,0.0,0.0,0.0,0.0,0.0,0.0,0.0,0.0,0.0,0.0,0.0,0.0,0.0,0.0,0.0,0.0,0.0,0.0,0.0,0.0,0.0,0.0,0.0,0.0,0.0,0.0,0.0,0.0,0.0,0.0,0.0,0.0,0.0,0.0,0.0,0.0,0.0,0.0,0.0,0.0,0.0,0.0,0.0,0.0,0.0,0.0,0.0,0.0,0.0,0.0,1.0,2.0,2.0,3.0,3.0,4.0,4.0,4.159999999999968,5.0,5.639999999999986,6.0,6.0,7.0,7.600000000000023,8.0,9.0,9.0,9.0,9.0,10.0,10.0,11.0,11.759999999999991,12.0,13.0,13.0,14.0,14.0,15.0,15.0,16.0,16.91999999999996,17.0,17.0,18.0,18.0,19.0,20.0,21.0,22.0,23.0,24.0,26.0,27.0,29.0,31.0,35.039999999999964,40.75999999999999,52.0,0.0,1000.5490196347237,1000.6666666865349,1000.7490196228027,1000.8352941274643,1000.9803921580315,2000.9921568632126,3000.533333361149,3000.6745098233223,3000.772549033165,3001.0,148.99676513671875,156.79896545410156,161.81924438476562,165.68243408203125,169.0611114501953,172.39891052246094,175.95303344726562,180.58937072753906,191.8294677734375,347.76043701171875,237.63489,0.0,test_data/Useful/Validation/rice-at-1-ft/20241108_084837_001.jpg,2164.0,199.0,33.6935872213217
2,0.0,0.0,0.0,0.0,0.0,0.0,0.0,0.0,0.0,0.0,0.0,0.0,0.0,0.0,0.0,0.0,0.0,0.0,0.0,0.0,0.0,0.0,0.0,0.0,0.0,0.0,0.0,0.0,0.0,0.0,0.0,0.0,0.0,0.0,0.0,0.0,0.0,0.0,0.0,0.0,0.0,0.0,0.0,0.0,0.0,0.0,0.0,0.0,0.0,0.0,0.0,0.0,0.0,0.0,1.0,2.0,2.0,3.0,3.0,3.3999999999999773,4.0,4.8799999999999955,5.0,6.0,6.0,7.0,8.0,8.0,8.0,8.0,9.0,9.0,10.0,11.0,12.0,12.0,13.0,13.720000000000027,14.0,15.0,15.0,16.0,16.0,17.0,17.0,18.0,18.0,19.0,20.0,20.600000000000023,21.0,22.0,23.0,24.0,25.0,26.039999999999964,29.279999999999973,30.519999999999982,35.75999999999999,47.0,0.0,1000.54509806633,1000.6627451181412,1000.7490196228027,1000.839215695858,1000.9882352948189,2000.9372549057007,3000.5254902243614,3000.6705882549286,3000.772549033165,3001.0,150.1780242919922,157.81678771972656,162.6632843017578,166.4997100830078,169.9068603515625,173.16976928710938,176.68018493652343,181.2548828125,192.07125854492188,347.75128173828125,237.76984,0.0,test_data/Useful/Validation/rice-at-1-ft/20241108_084837_002.jpg,2158.0,188.0,32.46570079200356
3,0.0,0.0,0.0,0.0,0.0,0.0,0.0,0.0,0.0,0.0,0.0,0.0,0.0,0.0,0.0,0.0,0.0,0.0,0.0,0.0,0.0,0.0,0.0,0.0,0.0,0.0,0.0,0.0,0.0,0.0,0.0,0.0,0.0,0.0,0.0,0.0,0.0,0.0,0.0,0.0,0.0,0.0,0.0,0.0,0.0,0.0,0.0,0.0,0.0,0.0,0.0,0.0,0.0,0.0,0.0,0.0,0.0,0.9199999999999591,1.0,1.0,2.0,2.8799999999999955,3.0,3.0,4.0,5.0,5.080000000000041,6.0,6.0,7.0,8.0,8.0,9.0,10.0,10.0,10.0,11.0,12.0,12.0,13.0,13.440000000000055,14.0,15.0,15.0,16.0,16.0,16.0,17.0,18.0,18.0,19.0,20.0,22.0,23.0,24.0,26.0,28.0,31.039999999999964,34.75999999999999,55.0,0.0,1000.5372549295425,1000.6627451181412,1000.7529411911964,1000.8509804010391,2000.149019613862,2000.960784316063,3000.5137255191803,3000.666666686535,3000.7764706015587,3001.0,151.449755859375,159.04978942871094,163.8760543823242,167.71287231445314,171.10535430908203,174.3419921875,177.7811294555664,182.162109375,192.0941162109375,347.73553466796875,237.1856,0.0,test_data/Useful/Validation/rice-at-1-ft/20241108_084837_003.jpg,2188.0,168.0,27.602314928410642
4,0.0,0.0,0.0,0.0,0.0,0.0,0.0,0.0,0.0,0.0,0.0,0.0,0.0,0.0,0.0,0.0,0.0,0.0,0.0,0.0,0.0,0.0,0.0,0.0,0.0,0.0,0.0,0.0,0.0,0.0,0.0,0.0,0.0,0.0,0.0,0.0,0.0,0.0,0.0,0.0,0.0,0.0,0.0,0.0,0.0,0.0,0.0,0.0,0.0,0.0,0.0,0.0,0.0,0.0,0.0,0.0,0.0,0.0,0.0,0.0,0.0,0.0,1.0,1.0,2.0,3.0,3.0,4.0,4.0,5.0,6.0,6.0,7.0,8.0,8.0,9.0,9.0,10.0,11.0,11.0,12.0,12.67999999999995,14.0,14.0,15.0,15.0,16.0,16.0,17.0,18.0,18.0,19.08000000000004,20.0,21.0,24.0,27.0,29.279999999999973,32.51999999999998,35.0,45.0,0.0,1000.5294117927551,1000.6588235497475,1000.7529411911964,1000.8509804010391,2000.1568627506495,2000.9568627476692,3000.5098039507866,3000.666666686535,3000.7764706015587,3001.0,151.58872985839844,159.2822723388672,164.09041442871094,167.88876037597657,171.29302215576172,174.55106201171876,177.94056091308593,182.38460693359374,192.1814727783203,347.7272033691406,236.91196,0.0,test_data/Useful/Validation/rice-at-1-ft/20241108_084837_004.jpg,2192.0,155.0,31.2361596911072
5,0.0,0.0,0.0,0.0,0.0,0.0,0.0,0.0,0.0,0.0,0.0,0.0,0.0,0.0,0.0,0.0,0.0,0.0,0.0,0.0,0.0,0.0,0.0,0.0,0.0,0.0,0.0,0.0,0.0,0.0,0.0,0.0,0.0,0.0,0.0,0.0,0.0,0.0,0.0,0.0,0.0,0.0,0.0,0.0,0.0,0.0,0.0,0.0,0.0,0.0,0.0,0.0,0.0,0.0,0.0,0.0,0.0,0.0,1.0,1.0,2.0,3.0,3.0,4.0,4.0,5.0,5.0,6.0,7.0,7.0,8.0,9.0,9.0,10.0,11.0,11.0,12.0,12.0,13.0,13.0,14.0,14.0,15.0,16.0,16.0,16.0,16.879999999999995,17.0,17.0,18.0,19.0,20.0,20.32000000000005,22.0,23.0,24.039999999999964,27.0,29.0,34.0,43.0,0.0,1000.5333333611488,1000.6627451181412,1000.7529411911964,1000.8509804010391,2000.1686274558306,2000.9529411792755,3000.5098039507866,3000.666666686535,3000.7764706015587,3001.0,151.15240020751952,158.78240356445312,163.63671875,167.46572875976562,170.89956665039062,174.13885803222655,177.65450439453124,182.07308349609374,191.89019775390625,347.73431396484375,237.09694,0.0,test_data/Useful/Validation/rice-at-1-ft/20241108_084837_005.jpg,2179.0,168.0,29.471530157355126
6,0.0,0.0,0.0,0.0,0.0,0.0,0.0,0.0,0.0,0.0,0.0,0.0,0.0,0.0,0.0,0.0,0.0,0.0,0.0,0.0,0.0,0.0,0.0,0.0,0.0,0.0,0.0,0.0,0.0,0.0,0.0,0.0,0.0,0.0,0.0,0.0,0.0,0.0,0.0,0.0,0.0,0.0,0.0,0.0,0.0,0.0,0.0,0.0,0.0,0.0,0.0,0.0,0.0,0.0,0.0,0.0,0.0,0.0,0.15999999999996817,1.0,1.0,2.0,2.0,2.0,3.0,3.0,4.0,5.0,6.0,6.0,7.0,7.0,7.0,8.0,9.0,10.0,10.0,10.0,11.0,11.200000000000045,12.0,13.0,14.0,15.0,15.0,16.0,16.0,16.0,17.360000000000014,18.0,18.840000000000032,20.0,21.0,22.559999999999945,24.0,26.0,28.0,30.0,32.0,46.0,0.0,1000.5333333611488,1000.6588235497475,1000.7529411911964,1000.8509804010391,2000.1411764770746,3000.043137256056,3000.5137255191803,3000.666666686535,3000.7764706015587,3001.0,151.05437927246095,158.75558166503907,163.67706298828125,167.50465393066406,170.90689086914062,174.15528869628906,177.61048889160156,182.0128631591797,192.02630615234375,347.7302551269531,237.21681,0.0,test_data/Useful/Validation/rice-at-1-ft/20241108_084837_006.jpg,2179.0,156.0,29.78048409109095
7,0.0,0.0,0.0,0.0,0.0,0.0,0.0,0.0,0.0,0.0,0.0,0.0,0.0,0.0,0.0,0.0,0.0,0.0,0.0,0.0,0.0,0.0,0.0,0.0,0.0,0.0,0.0,0.0,0.0,0.0,0.0,0.0,0.0,0.0,0.0,0.0,0.0,0.0,0.0,0.0,0.0,0.0,0.0,0.0,0.0,0.0,0.0,0.0,0.0,0.0,0.0,0.0,0.0,0.0,0.0,0.0,0.0,1.0,2.0,2.0,2.0,3.0,4.0,4.0,5.0,5.0,6.0,6.32000000000005,7.0,7.0,8.0,8.0,9.0,9.0,9.0,10.0,11.0,11.0,12.0,12.200000000000045,13.0,14.0,15.0,15.0,15.0,16.0,16.0,18.0,19.0,19.0,20.0,21.0,22.0,24.559999999999945,26.0,27.0,29.0,30.0,32.75999999999999,48.0,0.0,1000.5333333611488,1000.6588235497475,1000.7490196228027,1000.8431372642517,2000.0823529437184,3000.023529412225,3000.517647087574,3000.666666686535,3000.772549033165,3001.0,150.93075714111328,158.66110229492188,163.60391540527343,167.43540954589844,170.77082061767578,174.00722961425782,177.42008666992186,181.81613159179688,191.90782165527344,347.7325134277344,237.48268,0.0,test_data/Useful/Validation/rice-at-1-ft/20241108_084837_007.jpg,2168.0,178.0,28.303000831703248
8,0.0,0.0,0.0,0.0,0.0,0.0,0.0,0.0,0.0,0.0,0.0,0.0,0.0,0.0,0.0,0.0,0.0,0.0,0.0,0.0,0.0,0.0,0.0,0.0,0.0,0.0,0.0,0.0,0.0,0.0,0.0,0.0,0.0,0.0,0.0,0.0,0.0,0.0,0.0,0.0,0.0,0.0,0.0,0.0,0.0,0.0,0.0,0.0,0.0,0.0,0.0,0.0,0.0,0.0,0.0,0.0,0.0,1.0,1.0,1.3999999999999773,2.0,3.0,3.0,3.0,3.6000000000000227,4.0,5.0,5.0,6.0,6.0,7.0,8.0,8.0,9.0,10.0,10.0,11.0,12.0,12.960000000000036,13.0,14.0,14.0,15.0,15.0,15.0,16.0,16.0,17.0,17.360000000000014,19.0,20.0,20.0,21.0,22.0,24.799999999999955,26.039999999999964,28.279999999999973,33.51999999999998,36.0,52.0,0.0,1000.5294117927551,1000.6549019813538,1000.745098054409,1000.839215695858,1000.9843137264252,2000.8980392217636,3000.501960813999,3000.6588235497475,3000.772549033165,3001.0,150.70375061035156,158.30697631835938,163.2020263671875,167.01873779296875,170.40155029296875,173.64419555664062,177.10647583007812,181.60018615722657,191.87156066894534,347.72088623046875,237.52687,0.0,test_data/Useful/Validation/rice-at-1-ft/20241108_084837_008.jpg,2213.0,169.0,29.719604271629986
9,0.0,0.0,0.0,0.0,0.0,0.0,0.0,0.0,0.0,0.0,0.0,0.0,0.0,0.0,0.0,0.0,0.0,0.0,0.0,0.0,0.0,0.0,0.0,0.0,0.0,0.0,0.0,0.0,0.0,0.0,0.0,0.0,0.0,0.0,0.0,0.0,0.0,0.0,0.0,0.0,0.0,0.0,0.0,0.0,0.0,0.0,0.0,0.0,0.0,0.0,0.0,0.0,0.0,0.0,0.0,0.0,0.0,0.0,1.0,1.0,2.0,3.0,4.0,4.0,5.0,6.0,6.0,7.0,8.0,8.0,8.0,9.0,10.0,10.0,10.0,11.0,11.0,12.0,13.0,13.0,14.0,15.0,15.0,15.0,15.0,16.0,17.0,17.0,18.0,18.0,19.0,19.08000000000004,21.0,22.0,22.0,23.039999999999964,27.0,30.0,34.0,53.0,0.0,1000.5294117927551,1000.6549019813538,1000.745098054409,1000.8431372642517,1001.0,2000.89411765337,3000.4941176474094,3000.6588235497475,3000.772549033165,3001.0,150.6801971435547,158.33700866699218,163.2818176269531,167.0803985595703,170.51414489746094,173.77600708007813,177.2526077270508,181.66595764160155,191.8329528808594,347.720947265625,237.57002,0.0,test_data/Useful/Validation/rice-at-1-ft/20241108_084837_009.jpg,2188.0,167.0,32.57190324892077
10,0.0,0.0,0.0,0.0,0.0,0.0,0.0,0.0,0.0,0.0,0.0,0.0,0.0,0.0,0.0,0.0,0.0,0.0,0.0,0.0,0.0,0.0,0.0,0.0,0.0,0.0,0.0,0.0,0.0,0.0,0.0,0.0,0.0,0.0,0.0,0.0,0.0,0.0,0.0,0.0,0.0,0.0,0.0,0.0,0.0,0.0,0.0,0.0,0.0,0.0,0.0,0.0,0.0,0.0,0.0,0.0,0.0,0.0,1.0,2.0,2.0,2.0,3.0,3.0,4.0,4.0,5.0,5.32000000000005,6.0,7.0,7.0,8.0,8.0,9.0,9.0,10.0,10.0,11.0,12.0,12.0,13.0,14.0,15.0,15.0,16.0,16.0,16.0,17.0,17.0,18.0,19.0,20.0,21.32000000000005,23.0,24.0,25.0,29.0,32.51999999999998,39.0,46.0,0.0,1000.5333333611488,1000.6588235497475,1000.745098054409,1000.8431372642517,2000.0470588244498,2000.8980392217636,3000.498039215803,3000.6588235497475,3000.772549033165,3001.0,150.79358978271486,158.45940551757812,163.3599090576172,167.16408996582032,170.5644989013672,173.8482421875,177.37237854003905,181.86054077148438,192.08878173828126,347.7235107421875,237.31906,0.0,test_data/Useful/Validation/rice-at-1-ft/20241108_084837_010.jpg,2179.0,166.0,27.41333014136825
11,0.0,0.0,0.0,0.0,0.0,0.0,0.0,0.0,0.0,0.0,0.0,0.0,0.0,0.0,0.0,0.0,0.0,0.0,0.0,0.0,0.0,0.0,0.0,0.0,0.0,0.0,0.0,0.0,0.0,0.0,0.0,0.0,0.0,0.0,0.0,0.0,0.0,0.0,0.0,0.0,0.0,0.0,0.0,0.0,0.0,0.0,0.0,0.0,0.0,0.0,0.0,0.0,0.0,0.0,0.0,0.0,1.0,1.0,2.0,2.3999999999999773,3.0,3.0,4.0,5.0,5.0,6.0,7.0,7.0,8.0,8.799999999999955,9.0,10.0,10.0,11.0,11.0,12.0,12.0,12.0,13.0,14.0,14.0,15.0,15.0,16.0,16.0,16.639999999999986,17.0,17.0,18.0,19.0,20.0,21.0,22.0,23.0,24.0,26.039999999999964,29.0,33.0,36.0,65.0,0.0,1000.5372549295425,1000.6588235497475,1000.7490196228027,1000.8431372642517,2000.1411764770746,2000.9568627476692,3000.517647087574,3000.666666686535,3000.7686274647713,3001.0,150.11190795898438,157.8929229736328,162.7743377685547,166.63844604492186,170.0102310180664,173.27801513671875,176.80879669189454,181.33755493164062,192.05445861816406,347.7267761230469,237.2349,0.0,test_data/Useful/Validation/rice-at-1-ft/20241108_084837_011.jpg,2226.0,178.0,30.049443298621785
12,0.0,0.0,0.0,0.0,0.0,0.0,0.0,0.0,0.0,0.0,0.0,0.0,0.0,0.0,0.0,0.0,0.0,0.0,0.0,0.0,0.0,0.0,0.0,0.0,0.0,0.0,0.0,0.0,0.0,0.0,0.0,0.0,0.0,0.0,0.0,0.0,0.0,0.0,0.0,0.0,0.0,0.0,0.0,0.0,0.0,0.0,0.0,0.0,0.0,0.0,0.0,0.0,0.0,0.0,0.0,0.0,1.0,1.0,2.0,3.0,3.0,3.0,5.0,5.0,5.0,6.0,7.0,8.0,8.559999999999945,9.0,10.0,10.0,10.519999999999982,11.0,12.0,13.0,13.0,13.0,14.0,14.200000000000045,15.0,15.0,15.0,15.0,16.0,16.0,17.0,18.0,19.0,19.600000000000023,21.0,23.0,24.32000000000005,25.0,26.799999999999955,28.039999999999964,31.0,36.0,39.0,53.0,0.0,1000.5372549295425,1000.6588235497475,1000.7490196228027,1000.8431372642517,2000.149019613862,2000.945098042488,3000.5215686559677,3000.666666686535,3000.7686274647713,3001.0,149.7536865234375,157.37452392578126,162.21757049560546,166.1068908691406,169.5355224609375,172.86697998046876,176.46597747802733,181.07127075195314,192.2109832763672,347.7248840332031,237.40906,0.0,test_data/Useful/Validation/rice-at-1-ft/20241108_084837_012.jpg,2207.0,185.0,34.69533326798078
13,0.0,0.0,0.0,0.0,0.0,0.0,0.0,0.0,0.0,0.0,0.0,0.0,0.0,0.0,0.0,0.0,0.0,0.0,0.0,0.0,0.0,0.0,0.0,0.0,0.0,0.0,0.0,0.0,0.0,0.0,0.0,0.0,0.0,0.0,0.0,0.0,0.0,0.0,0.0,0.0,0.0,0.0,0.0,0.0,0.0,0.0,0.0,0.0,0.0,0.0,0.0,1.0,1.0,2.0,2.0,3.0,4.0,4.0,5.0,6.0,6.639999999999986,7.0,8.0,8.0,9.0,10.0,10.0,11.0,11.0,12.0,13.0,13.0,13.0,14.0,14.0,14.0,15.0,15.0,15.0,16.0,16.0,17.0,18.0,18.159999999999968,19.0,19.639999999999986,20.0,21.0,22.0,23.0,23.0,24.0,25.0,26.0,27.799999999999955,31.0,32.0,37.51999999999998,40.75999999999999,61.0,0.0,1000.54509806633,1000.6627451181412,1000.745098054409,1000.8352941274643,1001.0,2000.9137254953384,3000.529411792755,3000.6705882549286,3000.7686274647713,3001.0,147.4347686767578,155.15386962890625,160.15890502929688,164.2083740234375,167.69683837890625,171.19360961914063,175.01117401123048,180.042724609375,192.27542114257812,347.73590087890625,237.11838,0.0,test_data/Useful/Validation/rice-at-1-ft/20241108_084837_013.jpg,2195.0,216.0,28.59263977287303
14,0.0,0.0,0.0,0.0,0.0,0.0,0.0,0.0,0.0,0.0,0.0,0.0,0.0,0.0,0.0,0.0,0.0,0.0,0.0,0.0,0.0,0.0,0.0,0.0,0.0,0.0,0.0,0.0,0.0,0.0,0.0,0.0,0.0,0.0,0.0,0.0,0.0,0.0,0.0,0.0,0.0,0.0,0.0,0.0,0.0,0.0,0.0,0.0,0.0,0.0,1.0,1.0,1.0,2.0,2.2000000000000455,3.0,3.0,4.0,4.159999999999968,5.0,6.0,6.0,7.0,7.0,8.0,9.0,9.0,9.0,10.0,10.0,11.0,11.0,12.0,12.0,12.0,13.240000000000009,14.0,15.0,15.0,15.0,16.0,16.67999999999995,17.0,18.0,18.0,19.0,19.0,19.120000000000005,20.0,21.0,22.0,23.0,24.0,26.0,28.0,31.0,32.559999999999945,38.039999999999964,42.75999999999999,73.0,0.0,1000.54509806633,1000.6588235497475,1000.7411764860153,1000.8313725590706,1000.9529411792755,2000.89411765337,3000.529411792755,3000.6705882549286,3000.7647058963776,3001.0,145.79830932617188,153.64552307128906,158.55604248046876,162.6151916503906,166.2549591064453,169.93765258789062,173.93356323242188,179.35635375976562,192.20846557617188,347.75091552734375,237.83026,0.0,test_data/Useful/Validation/rice-at-1-ft/20241108_084837_014.jpg,2189.0,207.0,28.823097805708834
15,0.0,0.0,0.0,0.0,0.0,0.0,0.0,0.0,0.0,0.0,0.0,0.0,0.0,0.0,0.0,0.0,0.0,0.0,0.0,0.0,0.0,0.0,0.0,0.0,0.0,0.0,0.0,0.0,0.0,0.0,0.0,0.0,0.0,0.0,0.0,0.0,0.0,0.0,0.0,0.0,0.0,0.0,0.0,0.0,0.0,0.0,0.0,0.0,1.0,2.0,2.0,2.0,3.0,4.0,5.0,5.0,5.0,6.0,6.0,7.0,7.0,7.0,8.0,8.0,8.600000000000023,9.0,10.0,10.0,11.0,11.0,12.0,12.0,13.0,13.0,13.0,14.240000000000009,15.0,16.0,16.0,17.0,17.0,17.0,18.0,19.0,20.0,20.639999999999986,21.0,22.0,23.0,23.0,24.0,25.0,26.0,27.0,29.0,31.0,33.83999999999992,38.0,43.0,61.0,0.0,1000.5411764979362,1000.6549019813538,1000.7333333492279,1000.8235294222832,1000.9294117689133,2000.866666674614,3000.5137255191803,3000.666666686535,3000.7647058963776,3001.0,145.99891662597656,153.82185974121094,158.87041778564452,162.93316650390625,166.53966522216797,170.12847900390625,174.0904083251953,179.42488403320314,192.16067504882812,347.7386779785156,238.15384,0.0,test_data/Useful/Validation/rice-at-1-ft/20241108_084837_015.jpg,2164.0,228.0,32.45000099744958
16,0.0,0.0,0.0,0.0,0.0,0.0,0.0,0.0,0.0,0.0,0.0,0.0,0.0,0.0,0.0,0.0,0.0,0.0,0.0,0.0,0.0,0.0,0.0,0.0,0.0,0.0,0.0,0.0,0.0,0.0,0.0,0.0,0.0,0.0,0.0,0.0,0.0,0.0,0.0,0.0,0.0,0.0,0.0,0.0,0.0,0.0,0.0,0.0,0.0,0.0,1.0,1.0,1.0,2.0,2.0,3.0,3.67999999999995,4.0,4.159999999999968,5.0,5.0,6.0,6.0,7.0,7.0,8.0,8.0,8.32000000000005,9.0,10.0,10.0,11.0,12.0,12.0,13.0,14.0,15.0,15.0,15.0,16.0,16.0,17.0,18.0,18.0,19.0,20.0,20.0,21.0,22.0,23.0,24.0,25.08000000000004,27.0,28.0,30.0,32.0,33.0,35.039999999999964,37.75999999999999,69.0,0.0,1000.5411764979362,1000.6549019813538,1000.7333333492279,1000.8274509906769,1000.9411764740944,2000.8627451062202,3000.5137255191803,3000.666666686535,3000.7647058963776,3001.0,146.2167205810547,154.0516815185547,159.05450439453125,163.1173553466797,166.74301147460938,170.30120849609375,174.3656448364258,179.76028747558593,192.51571655273438,347.73773193359375,238.43004,0.0,test_data/Useful/Validation/rice-at-1-ft/20241108_084837_016.jpg,2163.0,216.0,30.229125876607693
17,0.0,0.0,0.0,0.0,0.0,0.0,0.0,0.0,0.0,0.0,0.0,0.0,0.0,0.0,0.0,0.0,0.0,0.0,0.0,0.0,0.0,0.0,0.0,0.0,0.0,0.0,0.0,0.0,0.0,0.0,0.0,0.0,0.0,0.0,0.0,0.0,0.0,0.0,0.0,0.0,0.0,0.0,0.0,0.0,0.0,0.0,0.0,0.0,0.0,0.0,0.0,1.0,2.0,2.0,3.0,3.0,3.67999999999995,4.0,5.0,5.0,5.0,6.0,6.1200000000000045,7.0,7.0,8.0,8.0,9.0,9.0,9.0,10.0,10.0,12.0,12.0,12.0,13.0,13.0,14.0,14.0,15.0,16.0,16.0,16.91999999999996,17.0,18.0,19.0,20.0,21.0,22.0,22.0,24.0,24.0,25.0,27.0,30.0,32.0,34.0,36.0,41.75999999999999,54.0,0.0,1000.5411764979362,1000.6549019813538,1000.7333333492279,1000.8235294222832,1000.9294117689133,2000.8588235378265,3000.5137255191803,3000.662745118141,3000.7647058963776,3001.0,145.05853271484375,152.971435546875,158.04368591308594,162.19188842773437,165.9493408203125,169.68093872070312,173.83892822265625,179.35284423828125,192.28350830078125,347.74725341796875,238.27864,0.0,test_data/Useful/Validation/rice-at-1-ft/20241108_084837_017.jpg,2180.0,213.0,29.69972067367332
18,0.0,0.0,0.0,0.0,0.0,0.0,0.0,0.0,0.0,0.0,0.0,0.0,0.0,0.0,0.0,0.0,0.0,0.0,0.0,0.0,0.0,0.0,0.0,0.0,0.0,0.0,0.0,0.0,0.0,0.0,0.0,0.0,0.0,0.0,0.0,0.0,0.0,0.0,0.0,0.0,0.0,0.0,0.0,0.0,0.0,0.0,0.0,0.0,0.0,0.0,1.0,1.0,2.0,2.9600000000000364,3.0,3.0,4.0,4.0,4.159999999999968,5.0,5.0,6.0,6.0,7.0,7.0,8.0,9.0,9.0,10.0,10.0,11.0,12.0,12.0,13.0,13.0,13.0,14.0,14.0,14.960000000000036,15.0,15.0,16.0,16.0,17.0,17.0,18.0,18.0,19.0,20.0,21.0,21.0,22.0,23.0,24.0,25.0,28.0,30.0,36.51999999999998,42.0,52.0,0.0,1000.5411764979362,1000.6549019813538,1000.7333333492279,1000.8235294222832,1000.9215686321259,2000.8627451062202,3000.5137255191803,3000.666666686535,3000.7647058963776,3001.0,145.9646759033203,153.75616455078125,158.8011474609375,162.79469604492186,166.4078369140625,170.00192260742188,173.96328735351562,179.39157104492188,192.2294464111328,347.7510070800781,238.60352,0.0,test_data/Useful/Validation/rice-at-1-ft/20241108_084837_018.jpg,2178.0,208.0,34.87127135758165
19,0.0,0.0,0.0,0.0,0.0,0.0,0.0,0.0,0.0,0.0,0.0,0.0,0.0,0.0,0.0,0.0,0.0,0.0,0.0,0.0,0.0,0.0,0.0,0.0,0.0,0.0,0.0,0.0,0.0,0.0,0.0,0.0,0.0,0.0,0.0,0.0,0.0,0.0,0.0,0.0,0.0,0.0,0.0,0.0,0.0,0.0,0.0,0.0,0.0,0.0,0.0,0.0,1.0,2.0,3.0,3.0,3.0,4.0,4.0,5.0,5.0,5.0,6.0,6.0,7.0,7.0,8.0,8.0,9.0,9.799999999999955,10.0,11.0,12.0,13.0,13.0,14.0,14.0,15.0,15.0,15.0,16.0,16.0,17.0,17.0,18.0,18.0,19.0,20.0,21.0,21.0,23.0,24.0,25.0,26.0,28.0,30.0,31.0,32.51999999999998,41.51999999999998,68.0,0.0,1000.5411764979362,1000.65098041296,1000.7294117808342,1000.8196078538895,1000.9098039269447,2000.8509804010391,3000.505882382393,3000.662745118141,3000.7647058963776,3001.0,145.05453643798828,152.85309448242188,157.95325317382813,162.02611083984374,165.72512817382812,169.31808166503905,173.34852600097656,178.67408752441406,191.52044677734375,347.7566833496094,238.56235,0.0,test_data/Useful/Validation/rice-at-1-ft/20241108_084837_019.jpg,2129.0,211.0,25.99037505552583
20,0.0,0.0,0.0,0.0,0.0,0.0,0.0,0.0,0.0,0.0,0.0,0.0,0.0,0.0,0.0,0.0,0.0,0.0,0.0,0.0,0.0,0.0,0.0,0.0,0.0,0.0,0.0,0.0,0.0,0.0,0.0,0.0,0.0,0.0,0.0,0.0,0.0,0.0,0.0,0.0,0.0,0.0,0.0,0.0,0.0,0.0,0.0,0.0,0.0,0.0,0.0,1.0,1.0,2.0,3.0,3.0,4.0,4.0,5.0,5.0,6.0,7.0,7.1200000000000045,8.0,8.0,9.0,9.0,10.0,10.559999999999945,11.0,12.0,13.0,14.0,14.0,15.0,15.240000000000009,16.0,17.0,17.0,18.0,18.0,19.0,20.0,21.0,22.0,22.0,23.0,24.0,25.0,26.0,28.840000000000032,30.0,30.0,31.0,33.59999999999991,36.0,38.83999999999992,44.51999999999998,48.0,71.0,0.0,1000.5803921818733,1000.6823529601097,1000.7686274647713,1000.8627451062202,2000.1960784345865,3000.1411764770746,3000.584313750267,3000.6980392336845,3000.7921568751335,3001.0,148.64492797851562,156.38848266601562,161.37383270263672,165.40609130859374,169.05345153808594,172.66986083984375,176.6468078613281,181.88818359375,193.6050262451172,347.887939453125,237.47406,0.0,test_data/Useful/Validation/rice-at-1-ft/20241108_084837_050.jpg,2211.0,230.0,29.594603239706593
21,0.0,0.0,0.0,0.0,0.0,0.0,0.0,0.0,0.0,0.0,0.0,0.0,0.0,0.0,0.0,0.0,0.0,0.0,0.0,0.0,0.0,0.0,0.0,0.0,0.0,0.0,0.0,0.0,0.0,0.0,0.0,0.0,0.0,0.0,0.0,0.0,0.0,0.0,0.0,0.0,0.0,0.0,0.0,0.0,0.0,0.0,0.0,0.0,0.0,0.0,0.0,0.0,0.0,1.0,1.0,2.0,2.0,3.0,5.0,5.0,6.0,6.0,7.0,7.0,8.0,8.840000000000032,9.0,10.0,10.559999999999945,11.0,11.0,12.0,12.0,13.0,14.0,14.0,15.0,15.0,16.0,17.0,18.0,18.0,19.0,19.159999999999968,20.0,21.0,22.0,24.0,25.0,26.0,28.0,29.0,31.0,33.0,34.0,36.039999999999964,38.559999999999945,42.039999999999964,50.799999999999955,68.0,0.0,1000.584313750267,1000.6862745285034,1000.7686274647713,1000.8627451062202,2000.23137255013,3000.1568627506495,3000.5882353186607,3000.6980392336845,3000.7921568751335,3001.0,148.6953094482422,156.498193359375,161.47905578613282,165.5008087158203,169.0957794189453,172.65196228027344,176.6246795654297,181.93118286132812,193.76121520996094,347.89306640625,237.76076,0.0,test_data/Useful/Validation/rice-at-1-ft/20241108_084837_051.jpg,2204.0,212.0,28.564977964025214
22,0.0,0.0,0.0,0.0,0.0,0.0,0.0,0.0,0.0,0.0,0.0,0.0,0.0,0.0,0.0,0.0,0.0,0.0,0.0,0.0,0.0,0.0,0.0,0.0,0.0,0.0,0.0,0.0,0.0,0.0,0.0,0.0,0.0,0.0,0.0,0.0,0.0,0.0,0.0,0.0,0.0,0.0,0.0,0.0,0.0,0.0,0.0,0.0,0.0,0.0,0.0,0.0,1.0,1.0,2.0,3.0,3.0,4.0,4.0,5.0,6.0,6.0,7.0,7.0,8.0,9.0,9.0,10.0,10.559999999999945,11.0,12.0,12.279999999999973,13.519999999999982,14.0,14.0,15.0,15.0,16.0,16.0,17.0,17.0,17.0,18.0,18.159999999999968,20.0,20.0,21.0,21.0,22.0,23.600000000000023,24.840000000000032,27.0,29.0,31.0,32.0,35.039999999999964,38.27999999999997,44.0,51.0,62.0,0.0,1000.584313750267,1000.6862745285034,1000.7686274647713,1000.8627451062202,2000.258823543787,3000.1725490242243,3000.5882353186607,3000.6980392336845,3000.7921568751335,3001.0,148.85126647949218,156.5838195800781,161.57409210205077,165.58767395019532,169.18919372558594,172.746875,176.68465728759764,181.93536682128908,193.67605590820312,347.8885498046875,237.6779,0.0,test_data/Useful/Validation/rice-at-1-ft/20241108_084837_052.jpg,2187.0,215.0,25.215074916983273
23,0.0,0.0,0.0,0.0,0.0,0.0,0.0,0.0,0.0,0.0,0.0,0.0,0.0,0.0,0.0,0.0,0.0,0.0,0.0,0.0,0.0,0.0,0.0,0.0,0.0,0.0,0.0,0.0,0.0,0.0,0.0,0.0,0.0,0.0,0.0,0.0,0.0,0.0,0.0,0.0,0.0,0.0,0.0,0.0,0.0,0.0,0.0,0.0,0.0,0.0,0.0,0.0,0.0,0.0,1.0,1.0,2.0,3.0,4.0,5.0,5.639999999999986,6.0,6.1200000000000045,7.0,8.0,8.0,9.0,9.0,10.0,11.0,11.0,12.0,12.0,13.759999999999991,14.0,15.0,16.0,16.0,16.0,17.0,17.0,18.0,18.0,19.0,19.0,19.639999999999986,21.0,22.0,24.0,25.600000000000023,26.0,27.08000000000004,29.0,30.0,33.0,34.039999999999964,37.0,39.51999999999998,45.51999999999998,67.0,0.0,1000.584313750267,1000.6862745285034,1000.7686274647713,1000.8627451062202,2000.1921568661928,3000.1294117718935,3000.5803921818733,3000.694117665291,3000.7921568751335,3001.0,149.8711898803711,157.6383819580078,162.62815856933594,166.58786010742188,170.11927032470703,173.49461669921874,177.28016052246093,182.2466796875,193.75091552734375,347.8932189941406,236.4547,0.0,test_data/Useful/Validation/rice-at-1-ft/20241108_084837_053.jpg,2218.0,209.0,27.393122042926247
24,0.0,0.0,0.0,0.0,0.0,0.0,0.0,0.0,0.0,0.0,0.0,0.0,0.0,0.0,0.0,0.0,0.0,0.0,0.0,0.0,0.0,0.0,0.0,0.0,0.0,0.0,0.0,0.0,0.0,0.0,0.0,0.0,0.0,0.0,0.0,0.0,0.0,0.0,0.0,0.0,0.0,0.0,0.0,0.0,0.0,0.0,0.0,0.0,0.0,0.0,0.0,1.0,1.0,1.9600000000000364,2.0,3.0,3.0,4.0,4.0,5.0,6.0,6.0,7.0,9.0,9.0,10.0,10.0,10.0,11.0,12.0,12.0,13.0,14.0,14.759999999999991,15.0,15.240000000000009,16.0,16.0,17.0,17.0,18.0,19.0,19.0,20.0,21.0,21.639999999999986,22.0,23.0,24.360000000000014,25.600000000000023,26.0,28.0,29.32000000000005,33.0,34.0,37.0,39.27999999999997,43.0,49.51999999999998,68.0,0.0,1000.584313750267,1000.6862745285034,1000.7686274647713,1000.8627451062202,2000.2000000029802,3000.1215686276555,3000.5764706134796,3000.694117665291,3000.7921568751335,3001.0,150.0572265625,157.73034057617187,162.71102905273438,166.64002990722656,170.24495697021484,173.68502197265624,177.52295684814453,182.53705139160158,193.88674926757812,347.8953857421875,236.3022,0.0,test_data/Useful/Validation/rice-at-1-ft/20241108_084837_054.jpg,2162.0,229.0,29.901831456320167
25,0.0,0.0,0.0,0.0,0.0,0.0,0.0,0.0,0.0,0.0,0.0,0.0,0.0,0.0,0.0,0.0,0.0,0.0,0.0,0.0,0.0,0.0,0.0,0.0,0.0,0.0,0.0,0.0,0.0,0.0,0.0,0.0,0.0,0.0,0.0,0.0,0.0,0.0,0.0,0.0,0.0,0.0,0.0,0.0,0.0,0.0,0.0,0.0,0.0,0.0,0.0,0.0,0.0,0.0,1.0,2.0,2.0,3.0,4.0,5.0,5.0,6.0,6.0,7.0,7.0,8.0,8.0,9.0,10.0,11.0,11.0,12.0,12.0,13.0,15.0,15.0,15.0,16.0,16.0,17.0,17.440000000000055,18.0,19.0,20.0,21.0,21.0,21.0,23.0,24.0,24.0,25.0,26.160000000000082,29.0,31.0,33.0,35.039999999999964,37.559999999999945,42.559999999999945,53.559999999999945,64.0,0.0,1000.5803921818733,1000.6862745285034,1000.7647058963776,1000.8588235378265,1001.0,2000.9803921580315,3000.568627476692,3000.694117665291,3000.7921568751335,3001.0,149.9336380004883,157.69253845214843,162.59778747558593,166.570556640625,170.1346206665039,173.56698608398438,177.25091400146485,182.13416137695313,193.54661560058594,347.9089050292969,236.77779,0.0,test_data/Useful/Validation/rice-at-1-ft/20241108_084837_055.jpg,2184.0,212.0,25.417705477206354
26,0.0,0.0,0.0,0.0,0.0,0.0,0.0,0.0,0.0,0.0,0.0,0.0,0.0,0.0,0.0,0.0,0.0,0.0,0.0,0.0,0.0,0.0,0.0,0.0,0.0,0.0,0.0,0.0,0.0,0.0,0.0,0.0,0.0,0.0,0.0,0.0,0.0,0.0,0.0,0.0,0.0,0.0,0.0,0.0,0.0,0.0,0.0,0.0,0.0,0.0,0.0,0.4800000000000182,1.0,2.0,2.0,3.0,4.0,4.0,5.0,5.0,6.0,6.0,6.0,7.0,7.0,8.0,8.0,9.0,9.0,10.0,10.0,12.0,12.519999999999982,13.0,13.0,14.0,15.0,15.0,16.0,16.0,17.0,18.0,18.0,20.0,20.0,21.0,21.0,22.0,23.0,24.0,25.0,26.0,28.0,29.0,30.0,32.039999999999964,34.559999999999945,39.039999999999964,46.51999999999998,65.0,0.0,1000.5803921818733,1000.6823529601097,1000.7647058963776,1000.8549019694328,1001.0,2000.9254902005196,3000.5647059082985,3000.690196096897,3000.78823530674,3001.0,150.0818618774414,157.75711059570312,162.7124786376953,166.66400146484375,170.12677001953125,173.5154571533203,177.24996948242188,182.16796875,193.66448974609375,347.9142761230469,236.91846,0.0,test_data/Useful/Validation/rice-at-1-ft/20241108_084837_056.jpg,2265.0,215.0,29.626205791850396
27,0.0,0.0,0.0,0.0,0.0,0.0,0.0,0.0,0.0,0.0,0.0,0.0,0.0,0.0,0.0,0.0,0.0,0.0,0.0,0.0,0.0,0.0,0.0,0.0,0.0,0.0,0.0,0.0,0.0,0.0,0.0,0.0,0.0,0.0,0.0,0.0,0.0,0.0,0.0,0.0,0.0,0.0,0.0,0.0,0.0,0.0,0.0,0.0,0.0,0.0,0.0,0.0,0.0,1.0,2.0,2.0,2.0,3.0,4.0,4.0,5.0,5.0,6.0,6.0,7.0,7.0,8.0,8.0,9.0,9.0,10.0,11.0,12.0,13.0,14.0,14.240000000000009,15.0,15.0,16.0,16.200000000000045,17.0,18.67999999999995,19.0,20.0,20.0,21.0,22.0,22.0,23.0,24.0,25.0,27.0,27.0,29.0,31.0,33.0,36.27999999999997,41.039999999999964,47.75999999999999,73.0,0.0,1000.5647059082985,1000.6705882549286,1000.7529411911964,1000.8431372642517,1000.972549021244,2000.8823529481888,3000.5411764979362,3000.678431391716,3000.7764706015587,3001.0,149.36754150390624,157.07103881835937,162.0337677001953,165.94566345214844,169.40707397460938,172.8542938232422,176.55899047851562,181.57916259765625,193.06724548339844,347.85784912109375,237.00531,0.0,test_data/Useful/Validation/rice-at-1-ft/20241108_084837_057.jpg,2248.0,209.0,29.21415251828783
28,0.0,0.0,0.0,0.0,0.0,0.0,0.0,0.0,0.0,0.0,0.0,0.0,0.0,0.0,0.0,0.0,0.0,0.0,0.0,0.0,0.0,0.0,0.0,0.0,0.0,0.0,0.0,0.0,0.0,0.0,0.0,0.0,0.0,0.0,0.0,0.0,0.0,0.0,0.0,0.0,0.0,0.0,0.0,0.0,0.0,0.0,0.0,0.0,0.0,0.0,0.0,0.0,0.0,0.0,1.0,2.0,3.0,3.0,3.159999999999968,4.0,4.0,5.0,6.0,6.0,7.0,7.0,8.0,9.0,10.0,10.0,11.0,11.0,12.0,12.0,12.0,13.0,14.0,15.0,15.0,16.0,16.0,17.0,17.0,18.0,18.0,19.0,20.0,20.0,21.0,21.600000000000023,24.0,25.0,27.0,29.559999999999945,31.0,33.0,34.559999999999945,38.0,41.0,64.0,0.0,1000.5568627715111,1000.6627451181412,1000.7411764860153,1000.8313725590706,1000.9529411792755,2000.8627451062202,3000.5254902243614,3000.666666686535,3000.7647058963776,3001.0,148.61486053466797,156.20670471191406,161.10700378417968,165.04891967773438,168.55978393554688,172.0167236328125,175.7860107421875,180.7933349609375,192.7281036376953,347.8004150390625,237.19923,0.0,test_data/Useful/Validation/rice-at-1-ft/20241108_084837_058.jpg,2270.0,203.0,32.986053620280885
29,0.0,0.0,0.0,0.0,0.0,0.0,0.0,0.0,0.0,0.0,0.0,0.0,0.0,0.0,0.0,0.0,0.0,0.0,0.0,0.0,0.0,0.0,0.0,0.0,0.0,0.0,0.0,0.0,0.0,0.0,0.0,0.0,0.0,0.0,0.0,0.0,0.0,0.0,0.0,0.0,0.0,0.0,0.0,0.0,0.0,0.0,0.0,0.0,0.0,0.0,0.0,0.0,0.0,0.0,1.0,1.0,1.0,2.0,3.0,3.0,4.0,5.0,5.1200000000000045,6.0,6.600000000000023,7.0,8.0,9.0,9.559999999999945,10.0,11.0,11.0,12.0,13.0,13.0,13.240000000000009,14.0,15.0,16.0,16.0,16.0,17.0,17.0,18.0,18.0,19.0,20.0,21.0,22.0,22.600000000000023,24.0,25.0,26.0,26.559999999999945,29.0,31.039999999999964,36.0,40.0,45.0,60.0,0.0,1000.5490196347237,1000.6588235497475,1000.7333333492279,1000.8235294222832,1000.9450980424881,2000.8549019694328,3000.517647087574,3000.6588235497475,3000.75686275959,3001.0,148.3376892089844,156.12649536132812,161.03150939941406,165.00171508789063,168.52043914794922,171.95970153808594,175.74172973632812,180.78956604003906,192.80325317382812,347.75177001953125,236.71146,0.0,test_data/Useful/Validation/rice-at-1-ft/20241108_084837_059.jpg,2272.0,197.0,30.952630057362644
30,0.0,0.0,0.0,0.0,0.0,0.0,0.0,0.0,0.0,0.0,0.0,0.0,0.0,0.0,0.0,0.0,0.0,0.0,0.0,0.0,0.0,0.0,0.0,0.0,0.0,0.0,0.0,0.0,0.0,0.0,0.0,0.0,0.0,0.0,0.0,0.0,0.0,0.0,0.0,0.0,0.0,0.0,0.0,0.0,0.0,0.0,0.0,0.0,0.0,0.0,0.2400000000000091,1.0,2.0,2.0,2.0,3.0,3.0,4.0,5.0,5.0,5.0,6.0,7.0,7.0,8.0,8.0,9.0,9.0,9.0,10.0,10.0,11.0,11.0,12.0,12.0,13.0,14.0,15.0,15.0,16.0,16.0,16.0,17.0,18.0,18.0,19.0,19.0,20.0,21.0,22.0,23.0,24.0,25.0,27.0,28.0,31.0,35.559999999999945,38.51999999999998,44.51999999999998,66.0,0.0,1000.5411764979362,1000.65098041296,1000.7254902124405,1000.8156862854958,1000.9294117689133,2000.8274509906769,3000.501960813999,3000.65098041296,3000.7490196228027,3001.0,148.2987518310547,155.9353790283203,160.91087341308594,164.89114379882812,168.36541748046875,171.78489990234374,175.51672821044923,180.49492187500002,192.80030822753906,347.70928955078125,237.06699,0.0,test_data/Useful/Validation/rice-at-1-ft/20241108_084837_060.jpg,2318.0,207.0,29.88521866763225
31,0.0,0.0,0.0,0.0,0.0,0.0,0.0,0.0,0.0,0.0,0.0,0.0,0.0,0.0,0.0,0.0,0.0,0.0,0.0,0.0,0.0,0.0,0.0,0.0,0.0,0.0,0.0,0.0,0.0,0.0,0.0,0.0,0.0,0.0,0.0,0.0,0.0,0.0,0.0,0.0,0.0,0.0,0.0,0.0,0.0,0.0,0.0,0.0,0.0,0.0,0.0,0.0,0.0,0.0,0.0,0.0,1.0,1.0,2.0,2.3999999999999773,3.0,4.0,4.1200000000000045,6.0,6.600000000000023,7.0,8.0,8.32000000000005,9.0,9.0,10.0,11.0,11.519999999999982,12.0,13.0,13.240000000000009,14.0,14.720000000000027,15.0,16.0,17.0,17.0,17.91999999999996,18.0,19.0,19.639999999999986,20.0,21.120000000000005,22.360000000000014,23.600000000000023,25.0,27.0,28.0,29.0,30.0,31.0,32.0,37.51999999999998,43.51999999999998,55.0,0.0,1000.54509806633,1000.6549019813538,1000.7294117808342,1000.8196078538895,1000.9450980424881,2000.8509804010391,3000.5098039507866,3000.6549019813538,3000.7529411911964,3001.0,148.00078430175782,155.72443237304688,160.68414306640625,164.61280517578126,168.13934326171875,171.56155395507812,175.35549926757812,180.3664093017578,192.53189086914062,347.7113342285156,237.44179,0.0,test_data/Useful/Validation/rice-at-1-ft/20241108_084837_061.jpg,2283.0,200.0,29.795406057836082
32,0.0,0.0,0.0,0.0,0.0,0.0,0.0,0.0,0.0,0.0,0.0,0.0,0.0,0.0,0.0,0.0,0.0,0.0,0.0,0.0,0.0,0.0,0.0,0.0,0.0,0.0,0.0,0.0,0.0,0.0,0.0,0.0,0.0,0.0,0.0,0.0,0.0,0.0,0.0,0.0,0.0,0.0,0.0,0.0,0.0,0.0,0.0,0.0,0.0,0.0,0.0,0.0,0.0,0.0,0.0,1.0,1.67999999999995,2.0,3.0,3.0,4.0,4.8799999999999955,5.0,6.0,7.0,7.0,8.0,8.0,8.0,9.0,10.0,10.0,11.519999999999982,12.0,13.0,13.0,14.0,15.0,15.0,16.0,16.0,17.0,17.0,18.0,18.0,19.0,20.0,21.0,22.0,23.0,24.0,25.0,26.0,27.0,29.0,31.039999999999964,34.27999999999997,37.51999999999998,40.75999999999999,58.0,0.0,1000.54509806633,1000.65098041296,1000.7294117808342,1000.8196078538895,1000.9411764740944,2000.8431372642517,3000.505882382393,3000.65098041296,3000.7529411911964,3001.0,148.19029235839844,156.0115966796875,160.99920654296875,164.94400024414062,168.45587158203125,171.9168243408203,175.63819885253906,180.5480194091797,192.34030151367188,347.72137451171875,237.1206,0.0,test_data/Useful/Validation/rice-at-1-ft/20241108_084837_062.jpg,2334.0,203.0,28.673172495396525
33,0.0,0.0,0.0,0.0,0.0,0.0,0.0,0.0,0.0,0.0,0.0,0.0,0.0,0.0,0.0,0.0,0.0,0.0,0.0,0.0,0.0,0.0,0.0,0.0,0.0,0.0,0.0,0.0,0.0,0.0,0.0,0.0,0.0,0.0,0.0,0.0,0.0,0.0,0.0,0.0,0.0,0.0,0.0,0.0,0.0,0.0,0.0,0.0,0.0,0.0,0.0,0.0,0.0,0.0,1.0,1.0,2.0,2.919999999999959,3.0,4.0,4.0,5.0,5.1200000000000045,6.0,7.0,8.0,8.0,9.0,10.0,10.0,11.0,11.0,12.0,12.0,12.0,13.0,13.0,14.0,14.0,15.0,15.0,16.0,16.0,17.0,17.0,18.0,19.0,20.0,20.0,21.0,22.0,23.0,24.0,26.0,27.799999999999955,29.039999999999964,32.0,35.0,38.75999999999999,47.0,0.0,1000.5490196347237,1000.65098041296,1000.7294117808342,1000.8196078538895,1000.933333337307,2000.8313725590706,3000.501960813999,3000.65098041296,3000.7490196228027,3001.0,148.14636688232423,155.80978393554688,160.74392395019532,164.64334106445312,168.19515991210938,171.54335021972656,175.27860412597656,180.2307891845703,192.42941284179688,347.7296142578125,237.05515,0.0,test_data/Useful/Validation/rice-at-1-ft/20241108_084837_063.jpg,2321.0,194.0,28.562109691248544
34,0.0,0.0,0.0,0.0,0.0,0.0,0.0,0.0,0.0,0.0,0.0,0.0,0.0,0.0,0.0,0.0,0.0,0.0,0.0,0.0,0.0,0.0,0.0,0.0,0.0,0.0,0.0,0.0,0.0,0.0,0.0,0.0,0.0,0.0,0.0,0.0,0.0,0.0,0.0,0.0,0.0,0.0,0.0,0.0,0.0,0.0,0.0,0.0,0.0,0.0,0.0,0.0,0.0,0.0,0.0,0.0,0.0,1.0,1.0,2.0,2.0,3.0,4.0,4.0,5.0,6.0,7.0,8.0,8.0,9.0,9.039999999999964,10.0,11.0,12.0,12.0,13.0,14.0,15.0,15.0,15.0,16.0,16.0,17.0,17.0,18.0,19.0,19.0,20.0,21.0,22.0,23.0,24.0,25.0,27.0,28.0,30.039999999999964,32.0,36.0,39.0,45.0,0.0,1000.5490196347237,1000.6549019813538,1000.7333333492279,1000.8196078538895,1000.9372549057007,2000.839215695858,3000.501960813999,3000.65098041296,3000.7529411911964,3001.0,148.16610717773438,155.96054077148438,160.89705963134764,164.80259704589844,168.23480987548828,171.65321350097656,175.3312530517578,180.22991943359375,192.37579345703125,347.7395324707031,236.80754,0.0,test_data/Useful/Validation/rice-at-1-ft/20241108_084837_064.jpg,2246.0,186.0,30.15454373399343
35,0.0,0.0,0.0,0.0,0.0,0.0,0.0,0.0,0.0,0.0,0.0,0.0,0.0,0.0,0.0,0.0,0.0,0.0,0.0,0.0,0.0,0.0,0.0,0.0,0.0,0.0,0.0,0.0,0.0,0.0,0.0,0.0,0.0,0.0,0.0,0.0,0.0,0.0,0.0,0.0,0.0,0.0,0.0,0.0,0.0,0.0,0.0,0.0,0.0,0.0,0.0,0.0,0.0,0.0,0.0,0.0,1.0,1.0,2.0,2.3999999999999773,3.0,3.0,4.0,5.0,5.0,6.0,6.0,7.0,8.0,8.0,9.0,10.0,11.0,11.759999999999991,12.0,13.0,14.0,15.0,15.0,15.0,15.0,16.0,16.0,17.0,17.0,18.0,19.0,19.120000000000005,20.0,20.600000000000023,21.0,22.0,24.0,25.559999999999945,27.0,29.0,33.27999999999997,41.59999999999991,46.0,70.0,0.0,1000.5490196347237,1000.6549019813538,1000.7294117808342,1000.8196078538895,1000.9372549057007,2000.8431372642517,3000.505882382393,3000.6549019813538,3000.7490196228027,3001.0,147.64302978515624,155.41014709472657,160.35615234375,164.23877563476563,167.79086303710938,171.22249450683594,174.9691131591797,180.0424377441406,192.5178634643555,347.73944091796875,237.05919,0.0,test_data/Useful/Validation/rice-at-1-ft/20241108_084837_065.jpg,2263.0,195.0,27.075260119996415
36,0.0,0.0,0.0,0.0,0.0,0.0,0.0,0.0,0.0,0.0,0.0,0.0,0.0,0.0,0.0,0.0,0.0,0.0,0.0,0.0,0.0,0.0,0.0,0.0,0.0,0.0,0.0,0.0,0.0,0.0,0.0,0.0,0.0,0.0,0.0,0.0,0.0,0.0,0.0,0.0,0.0,0.0,0.0,0.0,0.0,0.0,0.0,0.0,0.0,0.0,0.0,0.0,0.0,0.0,0.0,0.0,0.0,0.0,1.0,2.0,3.0,3.0,4.0,5.0,5.0,6.840000000000032,7.0,8.0,8.0,9.0,9.0,10.0,11.0,12.0,13.0,13.0,13.0,14.0,15.0,15.0,16.0,17.0,17.0,19.0,19.0,19.0,20.0,21.120000000000005,22.0,23.0,23.840000000000032,26.0,26.0,28.0,30.0,31.0,34.0,37.0,41.75999999999999,52.0,0.0,1000.5529412031174,1000.6588235497475,1000.7333333492279,1000.8235294222832,1000.9529411792755,2000.8549019694328,3000.517647087574,3000.6549019813538,3000.7529411911964,3001.0,147.39083862304688,155.09336853027344,160.0756851196289,164.02850341796875,167.5304412841797,170.9311065673828,174.75808715820312,179.86526489257812,192.4375762939453,347.74786376953125,237.396,0.0,test_data/Useful/Validation/rice-at-1-ft/20241108_084837_066.jpg,2249.0,196.0,25.70045769012367
37,0.0,0.0,0.0,0.0,0.0,0.0,0.0,0.0,0.0,0.0,0.0,0.0,0.0,0.0,0.0,0.0,0.0,0.0,0.0,0.0,0.0,0.0,0.0,0.0,0.0,0.0,0.0,0.0,0.0,0.0,0.0,0.0,0.0,0.0,0.0,0.0,0.0,0.0,0.0,0.0,0.0,0.0,0.0,0.0,0.0,0.0,0.0,0.0,0.0,0.0,0.0,0.0,0.0,0.0,0.0,0.0,0.0,0.0,1.0,2.0,2.0,3.0,4.0,5.0,6.0,6.0,7.0,7.0,8.0,9.0,10.0,10.0,11.0,12.0,13.0,13.0,14.0,14.720000000000027,15.0,15.0,16.0,16.0,17.0,17.0,18.0,18.0,20.0,20.0,21.360000000000014,22.0,24.0,25.0,27.0,29.0,31.0,32.039999999999964,35.0,36.51999999999998,41.51999999999998,52.0,0.0,1000.5568627715111,1000.6588235497475,1000.7372549176216,1000.8274509906769,1000.9647058844566,2000.9019607901573,3000.533333361149,3000.662745118141,3000.7529411911964,3001.0,147.49187622070312,155.14435424804688,160.1421920776367,164.0803985595703,167.59186553955078,171.01935119628905,174.72718353271483,179.7626495361328,192.40447998046875,347.7456970214844,237.82808,0.0,test_data/Useful/Validation/rice-at-1-ft/20241108_084837_067.jpg,2259.0,194.0,28.92294105696951
38,0.0,0.0,0.0,0.0,0.0,0.0,0.0,0.0,0.0,0.0,0.0,0.0,0.0,0.0,0.0,0.0,0.0,0.0,0.0,0.0,0.0,0.0,0.0,0.0,0.0,0.0,0.0,0.0,0.0,0.0,0.0,0.0,0.0,0.0,0.0,0.0,0.0,0.0,0.0,0.0,0.0,0.0,0.0,0.0,0.0,0.0,0.0,0.0,0.0,0.0,0.0,0.0,0.0,1.0,2.0,3.0,3.0,4.0,4.0,5.0,5.0,5.0,6.0,6.0,7.0,7.0,7.0,8.0,8.0,9.0,9.0,10.0,10.0,10.759999999999991,12.0,13.0,14.0,14.0,15.0,15.0,16.0,16.0,17.0,17.159999999999968,18.0,19.0,20.0,20.0,21.0,22.0,23.0,25.0,26.0,27.0,27.0,29.0,31.279999999999973,33.51999999999998,38.51999999999998,60.0,0.0,1000.5529412031174,1000.6588235497475,1000.7333333492279,1000.8235294222832,1000.9607843160629,2000.89411765337,3000.533333361149,3000.662745118141,3000.7529411911964,3001.0,147.1799758911133,154.91435546875,160.00375366210938,163.93820190429688,167.44479370117188,170.9619903564453,174.81076049804688,180.02334594726562,192.3990478515625,347.7575378417969,237.51794,0.0,test_data/Useful/Validation/rice-at-1-ft/20241108_084837_068.jpg,2253.0,200.0,31.36288856013627
39,0.0,0.0,0.0,0.0,0.0,0.0,0.0,0.0,0.0,0.0,0.0,0.0,0.0,0.0,0.0,0.0,0.0,0.0,0.0,0.0,0.0,0.0,0.0,0.0,0.0,0.0,0.0,0.0,0.0,0.0,0.0,0.0,0.0,0.0,0.0,0.0,0.0,0.0,0.0,0.0,0.0,0.0,0.0,0.0,0.0,0.0,0.0,0.0,0.0,0.0,0.0,0.0,0.0,0.0,0.0,0.0,0.0,1.0,1.0,2.0,2.6399999999999864,3.0,3.1200000000000045,4.0,5.0,5.0,6.0,7.0,7.0,8.0,9.0,9.0,11.0,11.0,11.0,12.0,12.0,13.720000000000027,14.0,15.0,15.0,15.67999999999995,16.0,16.0,17.0,17.639999999999986,18.0,20.0,21.0,22.600000000000023,23.0,25.0,27.0,29.0,30.0,31.039999999999964,35.0,36.51999999999998,39.75999999999999,61.0,0.0,1000.5647059082985,1000.6666666865349,1000.745098054409,1000.839215695858,2000.2745098173618,3000.1254902035,3000.5529412031174,3000.6705882549286,3000.760784327984,3001.0,146.21734771728515,153.98662109375002,159.0064697265625,162.98958435058594,166.62936401367188,170.17987060546875,174.0723876953125,179.33480834960938,192.13034057617188,347.7621765136719,237.27121,0.0,test_data/Useful/Validation/rice-at-1-ft/20241108_084837_069.jpg,2290.0,186.0,27.583506011916583
40,0.0,0.0,0.0,0.0,0.0,0.0,0.0,0.0,0.0,0.0,0.0,0.0,0.0,0.0,0.0,0.0,0.0,0.0,0.0,0.0,0.0,0.0,0.0,0.0,0.0,0.0,0.0,0.0,0.0,0.0,0.0,0.0,0.0,0.0,0.0,0.0,0.0,0.0,0.0,0.0,0.0,0.0,0.0,0.0,0.0,0.0,0.0,0.0,0.0,0.0,0.0,0.0,0.0,0.0,0.0,0.0,0.0,1.0,1.0,2.0,2.0,3.0,4.0,5.0,5.0,6.0,7.0,7.0,8.0,8.0,10.0,10.279999999999973,11.0,12.0,13.0,13.0,14.0,14.0,15.0,15.0,15.0,15.0,16.0,17.0,17.0,18.0,19.0,20.0,20.0,21.0,22.0,23.0,25.0,26.0,28.0,29.0,31.559999999999945,36.039999999999964,39.0,63.0,0.0,1000.5686274766922,1000.6705882549286,1000.7529411911964,1000.8470588326454,2000.3490196168423,3000.1725490242243,3000.556862771511,3000.6705882549286,3000.760784327984,3001.0,146.7248992919922,154.42018127441406,159.39073181152344,163.381591796875,166.966552734375,170.51123046875,174.43429565429688,179.67820739746094,192.47732543945312,347.7581481933594,236.99057,0.0,test_data/Useful/Validation/rice-at-1-ft/20241108_084837_070.jpg,2285.0,194.0,21.91738627110566
41,0.0,0.0,0.0,0.0,0.0,0.0,0.0,0.0,0.0,0.0,0.0,0.0,0.0,0.0,0.0,0.0,0.0,0.0,0.0,0.0,0.0,0.0,0.0,0.0,0.0,0.0,0.0,0.0,0.0,0.0,0.0,0.0,0.0,0.0,0.0,0.0,0.0,0.0,0.0,0.0,0.0,0.0,0.0,0.0,0.0,0.0,0.0,0.0,0.0,0.0,0.0,0.0,0.0,0.0,0.0,0.0,1.0,1.0,2.0,3.0,4.0,4.0,5.0,5.360000000000014,6.0,7.0,8.0,8.0,8.0,9.0,10.0,10.0,11.0,12.0,13.0,13.240000000000009,14.0,15.0,15.0,15.0,15.0,16.0,16.0,17.0,17.0,18.0,18.879999999999995,20.0,20.0,21.600000000000023,22.0,23.0,23.0,25.0,26.0,30.039999999999964,35.0,39.0,46.039999999999964,51.0,0.0,1000.5725490450859,1000.6745098233223,1000.7568627595901,1000.8509804010391,2000.3725490272045,3000.203921571374,3000.5647059082985,3000.6745098233223,3000.760784327984,3001.0,146.65074157714844,154.44967651367188,159.44951171875,163.39376831054688,167.01802825927734,170.57888488769532,174.54257202148438,179.85227966308594,192.67343139648438,347.7676086425781,236.92307,0.0,test_data/Useful/Validation/rice-at-1-ft/20241108_084837_071.jpg,2312.0,197.0,31.50326560782739
42,0.0,0.0,0.0,0.0,0.0,0.0,0.0,0.0,0.0,0.0,0.0,0.0,0.0,0.0,0.0,0.0,0.0,0.0,0.0,0.0,0.0,0.0,0.0,0.0,0.0,0.0,0.0,0.0,0.0,0.0,0.0,0.0,0.0,0.0,0.0,0.0,0.0,0.0,0.0,0.0,0.0,0.0,0.0,0.0,0.0,0.0,0.0,0.0,0.0,0.0,0.0,0.0,0.0,0.0,0.0,0.0,0.0,1.0,1.1599999999999682,2.0,3.0,3.0,4.0,5.0,5.0,6.0,7.0,8.0,8.0,9.0,9.0,10.0,10.0,11.0,13.0,14.0,14.0,15.0,15.0,15.200000000000045,16.0,17.0,17.0,18.0,18.0,19.0,20.0,21.0,22.0,23.0,23.0,24.08000000000004,25.32000000000005,28.0,30.0,32.0,33.27999999999997,36.0,40.0,58.0,0.0,1000.5725490450859,1000.678431391716,1000.7607843279839,1000.8549019694328,2000.3843137323856,3000.2235294133425,3000.5647059082985,3000.6745098233223,3000.760784327984,3001.0,146.99637451171876,154.69285888671874,159.7225357055664,163.7501434326172,167.28485107421875,170.82928466796875,174.70887756347656,179.9962615966797,192.73529052734375,347.7610778808594,236.98676,0.0,test_data/Useful/Validation/rice-at-1-ft/20241108_084837_072.jpg,2325.0,194.0,29.986095123715693
43,0.0,0.0,0.0,0.0,0.0,0.0,0.0,0.0,0.0,0.0,0.0,0.0,0.0,0.0,0.0,0.0,0.0,0.0,0.0,0.0,0.0,0.0,0.0,0.0,0.0,0.0,0.0,0.0,0.0,0.0,0.0,0.0,0.0,0.0,0.0,0.0,0.0,0.0,0.0,0.0,0.0,0.0,0.0,0.0,0.0,0.0,0.0,0.0,0.0,0.0,0.0,0.0,0.0,0.0,1.0,1.0,2.0,2.0,3.0,4.0,4.0,5.0,5.0,6.0,6.600000000000023,7.0,7.0,8.0,9.0,9.0,10.0,10.0,11.0,11.0,12.0,13.0,13.0,14.0,15.0,15.0,16.0,16.0,16.91999999999996,17.0,18.0,19.0,20.0,21.0,21.0,22.0,23.0,24.0,25.0,27.0,28.0,31.0,32.0,36.51999999999998,39.75999999999999,57.0,0.0,1000.5803921818733,1000.6823529601097,1000.7647058963776,1000.8588235378265,2000.4509803950787,3000.23137255013,3000.568627476692,3000.6745098233223,3000.760784327984,3001.0,146.66927947998047,154.45237731933594,159.4121856689453,163.43783569335938,167.06515502929688,170.64532470703125,174.56870880126954,179.92354736328124,192.75723266601562,347.7666015625,237.26561,0.0,test_data/Useful/Validation/rice-at-1-ft/20241108_084837_073.jpg,2348.0,191.0,28.82118467921936
44,0.0,0.0,0.0,0.0,0.0,0.0,0.0,0.0,0.0,0.0,0.0,0.0,0.0,0.0,0.0,0.0,0.0,0.0,0.0,0.0,0.0,0.0,0.0,0.0,0.0,0.0,0.0,0.0,0.0,0.0,0.0,0.0,0.0,0.0,0.0,0.0,0.0,0.0,0.0,0.0,0.0,0.0,0.0,0.0,0.0,0.0,0.0,0.0,0.0,0.0,0.0,0.0,0.0,1.0,1.2000000000000455,2.0,2.0,3.0,3.0,4.0,4.639999999999986,5.0,5.0,5.0,6.0,6.0,7.0,8.0,9.0,9.0,10.0,11.0,12.0,12.759999999999991,13.0,14.0,14.0,14.720000000000027,15.0,15.0,16.0,16.0,17.0,17.0,18.0,18.0,19.879999999999995,20.120000000000005,22.0,22.0,22.840000000000032,24.0,24.0,25.0,26.0,28.039999999999964,30.0,32.0,39.0,49.0,0.0,1000.5803921818733,1000.6823529601097,1000.7686274647713,1000.8627451062202,2000.4627451002598,3000.2509804069996,3000.568627476692,3000.678431391716,3000.760784327984,3001.0,146.5143585205078,154.35223388671875,159.30487365722655,163.40355224609377,167.00401306152344,170.59222412109375,174.5557861328125,179.88111877441406,192.80985412597656,347.7650451660156,236.74828,0.0,test_data/Useful/Validation/rice-at-1-ft/20241108_084837_074.jpg,2361.0,193.0,29.534219489288418
45,0.0,0.0,0.0,0.0,0.0,0.0,0.0,0.0,0.0,0.0,0.0,0.0,0.0,0.0,0.0,0.0,0.0,0.0,0.0,0.0,0.0,0.0,0.0,0.0,0.0,0.0,0.0,0.0,0.0,0.0,0.0,0.0,0.0,0.0,0.0,0.0,0.0,0.0,0.0,0.0,0.0,0.0,0.0,0.0,0.0,0.0,0.0,0.0,0.0,0.0,0.0,0.0,0.0,0.0,0.0,0.0,0.0,1.0,2.0,2.0,2.0,3.0,3.1200000000000045,4.0,5.0,5.0,6.0,6.0,7.0,7.0,8.039999999999964,9.0,9.0,10.0,11.0,11.0,12.0,13.0,13.0,14.0,14.440000000000055,15.0,15.0,16.0,16.0,17.0,18.0,19.0,20.0,21.0,22.0,22.0,23.0,24.0,26.0,29.0,30.279999999999973,33.51999999999998,40.0,48.0,0.0,1000.5803921818733,1000.6823529601097,1000.7686274647713,1000.8627451062202,2000.4392156898975,3000.2078431397676,3000.5647059082985,3000.6745098233223,3000.760784327984,3001.0,146.08075561523438,153.86963806152343,159.01076049804686,163.05530395507813,166.71541595458984,170.36276245117188,174.43309326171874,179.9044647216797,193.0225830078125,347.771240234375,236.33096,0.0,test_data/Useful/Validation/rice-at-1-ft/20241108_084837_075.jpg,2399.0,182.0,31.349114391473446
46,0.0,0.0,0.0,0.0,0.0,0.0,0.0,0.0,0.0,0.0,0.0,0.0,0.0,0.0,0.0,0.0,0.0,0.0,0.0,0.0,0.0,0.0,0.0,0.0,0.0,0.0,0.0,0.0,0.0,0.0,0.0,0.0,0.0,0.0,0.0,0.0,0.0,0.0,0.0,0.0,0.0,0.0,0.0,0.0,0.0,0.0,0.0,0.0,0.0,0.0,0.0,0.0,0.0,0.0,0.0,0.0,0.0,0.0,0.0,1.0,1.6399999999999864,2.0,2.0,3.0,4.0,5.0,5.0,5.0,7.0,7.0,8.0,8.0,9.0,9.759999999999991,11.0,11.0,12.0,12.0,12.0,13.0,14.0,15.0,15.0,16.0,16.0,17.0,17.0,18.0,19.0,20.0,21.840000000000032,22.0,23.0,25.0,27.0,28.0,31.0,34.559999999999945,41.75999999999999,49.0,0.0,1000.5882353186607,1000.6862745285034,1000.772549033165,1000.8627451062202,2000.4274509847164,3000.215686276555,3000.568627476692,3000.678431391716,3000.760784327984,3001.0,146.44146728515625,154.24102478027345,159.24543151855468,163.24501037597656,166.82748413085938,170.3535125732422,174.28493194580076,179.75173339843752,192.91521301269532,347.7917175292969,236.64053,0.0,test_data/Useful/Validation/rice-at-1-ft/20241108_084837_076.jpg,2401.0,177.0,33.5627805979638
47,0.0,0.0,0.0,0.0,0.0,0.0,0.0,0.0,0.0,0.0,0.0,0.0,0.0,0.0,0.0,0.0,0.0,0.0,0.0,0.0,0.0,0.0,0.0,0.0,0.0,0.0,0.0,0.0,0.0,0.0,0.0,0.0,0.0,0.0,0.0,0.0,0.0,0.0,0.0,0.0,0.0,0.0,0.0,0.0,0.0,0.0,0.0,0.0,0.0,0.0,0.0,0.0,0.0,0.0,0.0,0.0,0.0,0.0,0.0,0.0,0.0,0.0,1.0,1.0,1.0,2.0,3.0,3.32000000000005,4.0,5.0,6.0,7.0,7.0,8.0,8.0,9.0,9.480000000000018,10.0,11.0,12.0,13.0,14.0,15.0,16.0,16.0,17.0,18.0,19.0,20.0,21.0,22.0,23.0,23.32000000000005,24.0,26.799999999999955,28.039999999999964,30.279999999999973,34.559999999999945,38.0,47.0,0.0,1000.5960784554482,1000.6941176652908,1000.7803921699524,1000.8705882430077,2000.4823529422283,3000.2470588237047,3000.5764706134796,3000.6823529601097,3000.7647058963776,3001.0,146.48984375,154.2023712158203,159.24255828857423,163.294921875,166.92537689208984,170.5196105957031,174.50306854248046,179.9548522949219,193.20773315429688,347.802001953125,236.302,0.0,test_data/Useful/Validation/rice-at-1-ft/20241108_084837_077.jpg,2461.0,162.0,28.996228970141413
48,0.0,0.0,0.0,0.0,0.0,0.0,0.0,0.0,0.0,0.0,0.0,0.0,0.0,0.0,0.0,0.0,0.0,0.0,0.0,0.0,0.0,0.0,0.0,0.0,0.0,0.0,0.0,0.0,0.0,0.0,0.0,0.0,0.0,0.0,0.0,0.0,0.0,0.0,0.0,0.0,0.0,0.0,0.0,0.0,0.0,0.0,0.0,0.0,0.0,0.0,0.0,0.0,0.0,0.0,0.0,0.0,0.0,1.0,1.1599999999999682,2.0,2.0,3.0,3.0,3.3600000000000136,4.0,4.840000000000032,6.0,6.0,7.0,7.0,8.0,8.0,9.0,9.0,10.0,11.0,11.0,12.0,13.0,13.0,14.0,14.67999999999995,15.0,15.0,16.0,16.0,17.0,17.0,18.0,18.0,19.0,20.0,22.0,23.559999999999945,24.799999999999955,27.039999999999964,29.0,32.0,39.51999999999998,74.0,0.0,1000.6000000238419,1000.6980392336845,1000.7882353067398,1000.8784313797951,2000.5137255191803,3000.2784313857555,3000.5803921818733,3000.6862745285034,3000.7686274647713,3001.0,147.43726196289063,155.1399139404297,160.1420867919922,164.10941467285156,167.6932373046875,171.18899536132812,175.0631072998047,180.3577453613281,193.2766571044922,347.814208984375,236.41309,0.0,test_data/Useful/Validation/rice-at-1-ft/20241108_084837_078.jpg,2461.0,174.0,29.654291732365298
49,0.0,0.0,0.0,0.0,0.0,0.0,0.0,0.0,0.0,0.0,0.0,0.0,0.0,0.0,0.0,0.0,0.0,0.0,0.0,0.0,0.0,0.0,0.0,0.0,0.0,0.0,0.0,0.0,0.0,0.0,0.0,0.0,0.0,0.0,0.0,0.0,0.0,0.0,0.0,0.0,0.0,0.0,0.0,0.0,0.0,0.0,0.0,0.0,0.0,0.0,0.0,0.0,0.0,0.0,0.0,0.0,0.0,0.0,0.0,0.0,0.0,1.0,2.0,3.0,4.0,4.0,4.080000000000041,5.0,6.0,6.0,7.0,8.0,8.0,8.759999999999991,9.0,9.0,10.0,11.0,11.0,12.200000000000045,13.0,13.0,14.0,15.0,15.0,16.0,16.0,17.0,18.0,18.0,19.0,20.0,21.0,22.0,23.0,26.0,28.0,30.519999999999982,35.75999999999999,69.0,0.0,1000.6039215922356,1000.7019608020782,1000.7921568751335,1000.8823529481888,2000.5372549295425,3000.2666666805744,3000.5803921818733,3000.6823529601097,3000.7686274647713,3001.0,147.22791595458983,155.03834228515626,160.06494140625,164.04513549804688,167.68008422851562,171.26466369628906,175.1761749267578,180.58383178710938,193.458740234375,347.806884765625,236.04575,0.0,test_data/Useful/Validation/rice-at-1-ft/20241108_084837_079.jpg,2446.0,161.0,35.50980279635315
50,0.0,0.0,0.0,0.0,0.0,0.0,0.0,0.0,0.0,0.0,0.0,0.0,0.0,0.0,0.0,0.0,0.0,0.0,0.0,0.0,0.0,0.0,0.0,0.0,0.0,0.0,0.0,0.0,0.0,0.0,0.0,0.0,0.0,0.0,0.0,0.0,0.0,0.0,0.0,0.0,0.0,0.0,0.0,0.0,0.0,0.0,0.0,1.0,1.0,2.0,2.0,3.0,3.7200000000000273,4.0,4.0,5.0,5.0,5.0,6.0,6.399999999999977,7.0,8.0,8.0,9.0,9.0,10.0,10.0,11.0,12.0,12.0,13.0,14.0,14.0,15.0,15.0,15.0,15.480000000000018,16.0,16.0,16.0,16.0,17.0,17.0,18.0,19.0,19.0,20.0,20.0,20.0,21.0,22.0,23.0,24.0,25.559999999999945,27.0,29.0,31.279999999999973,35.0,37.75999999999999,50.0,0.0,1000.486274510622,1000.6156862974167,1000.705882370472,1000.8274509906769,1000.9882352948189,2000.9137254953384,3000.43137255311,3000.584313750267,3000.6823529601097,3001.0,147.58157348632812,155.2724609375,160.1516876220703,163.99240112304688,167.39356994628906,170.73800659179688,174.3878631591797,179.171728515625,190.92442169189454,347.3237609863281,238.3529,0.0,test_data/Useful/Validation/rice-at-1-ft/20241108_084919_017.jpg,1924.0,213.0,32.1857630007713
51,0.0,0.0,0.0,0.0,0.0,0.0,0.0,0.0,0.0,0.0,0.0,0.0,0.0,0.0,0.0,0.0,0.0,0.0,0.0,0.0,0.0,0.0,0.0,0.0,0.0,0.0,0.0,0.0,0.0,0.0,0.0,0.0,0.0,0.0,0.0,0.0,0.0,0.0,0.0,0.0,0.0,0.0,0.0,0.0,0.0,0.0,0.0,1.0,1.0,2.0,2.0,3.0,3.0,4.0,4.0,5.0,6.0,6.0,7.0,8.0,9.0,9.0,10.0,11.0,11.0,12.0,12.0,13.0,13.0,13.0,14.0,14.0,15.0,15.0,15.0,16.0,16.0,17.0,17.0,17.200000000000045,18.0,19.0,19.0,20.0,20.399999999999977,21.0,21.0,22.0,23.0,23.600000000000023,25.0,26.0,27.0,28.0,29.799999999999955,30.039999999999964,32.0,34.0,37.75999999999999,71.0,0.0,1000.486274510622,1000.6156862974167,1000.7098039388657,1000.8274509906769,2000.06274510175,3000.019607843831,3000.4392156898975,3000.584313750267,3000.6823529601097,3001.0,147.15519256591796,154.90819396972657,159.91275024414062,163.76116333007812,167.22454071044922,170.626220703125,174.362548828125,179.22634887695312,190.94078063964844,347.31951904296875,238.1652,0.0,test_data/Useful/Validation/rice-at-1-ft/20241108_084919_018.jpg,1917.0,233.0,26.603666720538794
52,0.0,0.0,0.0,0.0,0.0,0.0,0.0,0.0,0.0,0.0,0.0,0.0,0.0,0.0,0.0,0.0,0.0,0.0,0.0,0.0,0.0,0.0,0.0,0.0,0.0,0.0,0.0,0.0,0.0,0.0,0.0,0.0,0.0,0.0,0.0,0.0,0.0,0.0,0.0,0.0,0.0,0.0,0.0,0.0,1.0,1.0,2.0,3.0,3.0,4.0,4.0,4.0,5.0,5.0,6.0,6.0,6.0,7.0,8.0,8.0,9.0,9.0,10.0,10.0,10.600000000000023,11.0,12.0,12.0,12.0,13.0,13.0,13.0,14.0,14.0,15.0,15.0,16.0,16.0,16.0,17.0,17.0,18.0,18.0,19.0,20.0,20.0,21.0,22.0,22.0,23.0,24.0,25.0,26.0,28.0,29.0,30.039999999999964,33.0,35.0,38.75999999999999,52.0,0.0,1000.4901960790157,1000.6156862974167,1000.7098039388657,1000.8313725590706,2000.1176470592618,3000.086274512112,3000.4549019634724,3000.5882353186607,3000.6823529601097,3001.0,146.94579162597657,154.67872314453126,159.652880859375,163.58802795410156,167.0997772216797,170.51805114746094,174.2412109375,179.17123413085938,191.1499786376953,347.31475830078125,238.55913,0.0,test_data/Useful/Validation/rice-at-1-ft/20241108_084919_019.jpg,1954.0,226.0,25.74541911590412
53,0.0,0.0,0.0,0.0,0.0,0.0,0.0,0.0,0.0,0.0,0.0,0.0,0.0,0.0,0.0,0.0,0.0,0.0,0.0,0.0,0.0,0.0,0.0,0.0,0.0,0.0,0.0,0.0,0.0,0.0,0.0,0.0,0.0,0.0,0.0,0.0,0.0,0.0,0.0,0.0,0.0,0.0,1.0,1.0,2.0,2.0,3.0,3.0,4.0,4.0,4.0,5.0,5.0,6.0,6.0,7.0,7.0,8.0,8.0,8.0,9.0,9.0,10.0,10.0,10.0,11.0,11.0,12.0,12.0,12.0,13.0,13.0,14.0,14.0,15.0,15.0,16.0,16.0,16.0,17.0,17.0,18.0,18.0,19.0,20.0,20.0,20.0,21.0,22.0,23.0,23.0,24.0,25.0,26.559999999999945,27.799999999999955,29.039999999999964,32.27999999999997,36.0,41.51999999999998,60.0,0.0,1000.4980392158031,1000.6235294342041,1000.7215686440468,1000.8470588326454,2000.364705890417,3000.149019613862,3000.46274510026,3000.5921568870544,3000.6862745285034,3001.0,147.42127990722656,155.17259521484377,160.08186950683594,163.9347717285156,167.3896026611328,170.75906372070312,174.4326934814453,179.38536071777344,190.9565887451172,347.2958679199219,238.07405,0.0,test_data/Useful/Validation/rice-at-1-ft/20241108_084919_020.jpg,1957.0,230.0,36.48352621852995
54,0.0,0.0,0.0,0.0,0.0,0.0,0.0,0.0,0.0,0.0,0.0,0.0,0.0,0.0,0.0,0.0,0.0,0.0,0.0,0.0,0.0,0.0,0.0,0.0,0.0,0.0,0.0,0.0,0.0,0.0,0.0,0.0,0.0,0.0,0.0,0.0,0.0,0.0,0.0,0.0,0.0,0.0,0.0,0.0,1.0,2.0,2.0,3.0,3.0,4.0,4.0,5.0,5.0,5.0,6.0,7.0,7.0,8.0,8.0,9.0,9.0,10.0,10.0,10.0,11.0,11.0,11.0,11.32000000000005,12.0,12.0,13.0,13.0,14.0,14.0,15.0,15.0,15.0,16.0,16.0,17.0,17.0,17.0,18.0,19.0,19.0,20.0,20.0,21.0,21.0,22.0,23.0,24.0,25.32000000000005,27.0,28.0,29.0,31.279999999999973,34.0,38.75999999999999,50.0,0.0,1000.4980392158031,1000.6235294342041,1000.7254902124405,1000.8509804010391,2000.4274509847164,3000.1529411822557,3000.4666666686535,3000.5921568870544,3000.6862745285034,3001.0,147.0310302734375,154.82632446289062,159.8013671875,163.72171936035156,167.25137329101562,170.6260559082031,174.30528564453124,179.14260864257812,191.11849212646484,347.30010986328125,238.57507,0.0,test_data/Useful/Validation/rice-at-1-ft/20241108_084919_021.jpg,1963.0,229.0,24.73180130041628
55,0.0,0.0,0.0,0.0,0.0,0.0,0.0,0.0,0.0,0.0,0.0,0.0,0.0,0.0,0.0,0.0,0.0,0.0,0.0,0.0,0.0,0.0,0.0,0.0,0.0,0.0,0.0,0.0,0.0,0.0,0.0,0.0,0.0,0.0,0.0,0.0,0.0,0.0,0.0,0.0,0.0,1.0,1.0,1.0,1.0,2.0,2.0,2.0,3.0,3.0,3.0,4.0,4.0,5.0,5.0,5.0,6.0,6.0,6.0,7.0,7.0,7.0,8.0,9.0,10.0,10.0,10.0,11.0,11.0,12.0,13.0,13.0,14.0,14.0,15.0,15.0,16.0,16.0,16.0,17.0,17.0,18.0,18.0,19.0,19.0,19.0,20.0,20.0,21.360000000000014,22.0,23.0,24.08000000000004,26.0,28.0,28.799999999999955,30.0,34.0,37.51999999999998,42.0,58.0,0.0,1000.4980392158031,1000.6274510025978,1000.7294117808342,1000.8549019694328,2000.4980392158031,3000.1843137294054,3000.474509805441,3000.596078455448,3000.690196096897,3001.0,147.06007385253906,154.75503540039062,159.6979217529297,163.58665466308594,167.0443878173828,170.4286346435547,174.13038635253906,178.9718780517578,190.968505859375,347.2976989746094,238.6933,0.0,test_data/Useful/Validation/rice-at-1-ft/20241108_084919_022.jpg,1913.0,230.0,32.13382476529361
56,0.0,0.0,0.0,0.0,0.0,0.0,0.0,0.0,0.0,0.0,0.0,0.0,0.0,0.0,0.0,0.0,0.0,0.0,0.0,0.0,0.0,0.0,0.0,0.0,0.0,0.0,0.0,0.0,0.0,0.0,0.0,0.0,0.0,0.0,0.0,0.0,0.0,0.0,0.0,0.0,0.0,0.0,0.0,0.0,1.0,1.0,2.0,2.0,2.759999999999991,3.0,4.0,4.0,5.0,5.0,6.0,6.0,6.67999999999995,7.0,7.0,7.0,8.0,8.879999999999995,9.0,9.0,10.0,10.0,11.0,11.0,12.0,12.0,13.0,13.0,14.0,14.0,15.0,15.0,15.480000000000018,16.0,16.0,17.0,17.0,18.0,18.0,18.159999999999968,19.0,20.0,20.0,20.120000000000005,21.360000000000014,23.0,24.0,25.0,25.32000000000005,26.559999999999945,28.0,29.039999999999964,30.279999999999973,34.51999999999998,38.0,56.0,0.0,1000.4980392158031,1000.6235294342041,1000.7294117808342,1000.8509804010391,2000.5058823823929,3000.188235297799,3000.474509805441,3000.600000023842,3000.690196096897,3001.0,147.29464569091797,155.06985473632812,160.06829833984375,163.89059753417968,167.3285903930664,170.6456756591797,174.26052856445312,179.10678100585938,190.96127319335938,347.291748046875,238.64745,0.0,test_data/Useful/Validation/rice-at-1-ft/20241108_084919_023.jpg,1911.0,226.0,27.925668141219816
57,0.0,0.0,0.0,0.0,0.0,0.0,0.0,0.0,0.0,0.0,0.0,0.0,0.0,0.0,0.0,0.0,0.0,0.0,0.0,0.0,0.0,0.0,0.0,0.0,0.0,0.0,0.0,0.0,0.0,0.0,0.0,0.0,0.0,0.0,0.0,0.0,0.0,0.0,0.0,0.0,0.0,0.0,0.0,0.0,0.0,1.0,1.0,1.0,2.0,2.0,3.0,3.0,4.0,4.0,4.2000000000000455,5.0,5.0,6.0,6.0,7.0,7.0,8.0,8.0,9.0,10.0,10.0,10.0,11.0,11.0,11.799999999999955,12.0,12.279999999999973,13.0,14.0,14.0,14.240000000000009,15.0,15.0,16.0,16.0,17.0,17.0,18.0,19.0,19.0,20.0,22.0,23.0,24.0,24.0,25.0,25.0,26.0,28.0,30.0,33.0,34.27999999999997,37.51999999999998,42.75999999999999,50.0,0.0,1000.4980392158031,1000.6235294342041,1000.7294117808342,1000.8509804010391,2000.5058823823929,3000.1803921610117,3000.470588237047,3000.596078455448,3000.690196096897,3001.0,146.9925537109375,154.6118194580078,159.53472900390625,163.44605407714843,166.9211883544922,170.31920471191407,174.01376342773438,178.8816680908203,191.04171752929688,347.2878723144531,239.2505,0.0,test_data/Useful/Validation/rice-at-1-ft/20241108_084919_024.jpg,1901.0,224.0,30.77116962181918
58,0.0,0.0,0.0,0.0,0.0,0.0,0.0,0.0,0.0,0.0,0.0,0.0,0.0,0.0,0.0,0.0,0.0,0.0,0.0,0.0,0.0,0.0,0.0,0.0,0.0,0.0,0.0,0.0,0.0,0.0,0.0,0.0,0.0,0.0,0.0,0.0,0.0,0.0,0.0,0.0,0.0,0.0,0.0,0.0,0.0,1.0,1.0,1.0,2.0,3.0,3.0,4.0,4.0,5.0,5.0,6.0,6.0,7.0,7.0,8.0,9.0,9.0,9.0,9.0,10.0,10.0,11.0,11.0,12.0,12.0,13.0,13.0,14.0,14.0,15.0,15.0,15.0,16.0,16.0,17.0,17.0,17.67999999999995,18.0,19.0,20.0,21.0,21.0,22.0,22.0,23.0,24.0,24.0,26.0,28.0,29.799999999999955,31.0,32.27999999999997,34.51999999999998,40.75999999999999,58.0,0.0,1000.4980392158031,1000.6274510025978,1000.7294117808342,1000.8549019694328,2000.5411764979362,3000.188235297799,3000.470588237047,3000.596078455448,3000.694117665291,3001.0,147.3472900390625,155.134521484375,160.0600799560547,163.96421813964844,167.4064483642578,170.78085327148438,174.4398651123047,179.22622680664062,191.00645446777344,347.2723388671875,238.72922,0.0,test_data/Useful/Validation/rice-at-1-ft/20241108_084919_025.jpg,1959.0,229.0,33.135034713649674
59,0.0,0.0,0.0,0.0,0.0,0.0,0.0,0.0,0.0,0.0,0.0,0.0,0.0,0.0,0.0,0.0,0.0,0.0,0.0,0.0,0.0,0.0,0.0,0.0,0.0,0.0,0.0,0.0,0.0,0.0,0.0,0.0,0.0,0.0,0.0,0.0,0.0,0.0,0.0,0.0,0.0,0.0,0.0,0.0,0.0,1.0,1.0,2.0,2.759999999999991,3.0,4.0,4.0,5.0,5.960000000000036,6.0,6.0,6.0,6.0,7.0,7.0,8.0,8.0,9.0,9.0,9.0,10.0,11.0,11.0,11.559999999999945,12.0,12.039999999999964,13.0,13.0,14.0,15.0,15.0,16.0,16.0,17.0,18.0,18.0,18.67999999999995,19.0,19.0,20.0,21.0,21.0,22.0,22.0,23.0,23.840000000000032,24.08000000000004,26.32000000000005,28.0,29.799999999999955,31.0,32.0,34.0,38.0,44.0,0.0,1000.4980392158031,1000.6274510025978,1000.7372549176216,1000.8588235378265,2000.6039215922356,3000.2078431397676,3000.4784313738346,3000.600000023842,3000.6980392336845,3001.0,147.6985321044922,155.38099670410156,160.3058624267578,164.2227020263672,167.6088409423828,170.9755859375,174.59320068359375,179.29678344726562,191.015869140625,347.2757263183594,238.45038,0.0,test_data/Useful/Validation/rice-at-1-ft/20241108_084919_026.jpg,1978.0,230.0,24.23355864741118
60,0.0,0.0,0.0,0.0,0.0,0.0,0.0,0.0,0.0,0.0,0.0,0.0,0.0,0.0,0.0,0.0,0.0,0.0,0.0,0.0,0.0,0.0,0.0,0.0,0.0,0.0,0.0,0.0,0.0,0.0,0.0,0.0,0.0,0.0,0.0,0.0,0.0,0.0,0.0,0.0,0.0,0.0,0.0,0.0,0.0,1.0,1.0,2.0,2.0,3.0,3.0,3.0,4.0,5.0,5.0,6.0,6.0,7.0,7.159999999999968,8.0,8.0,9.0,9.0,10.0,10.600000000000023,11.0,12.0,12.0,13.0,13.0,13.0,14.0,14.0,15.0,15.0,16.0,16.0,16.0,17.0,17.0,18.0,18.0,18.0,19.0,19.0,20.0,21.0,21.0,22.0,22.600000000000023,23.0,24.08000000000004,26.0,27.0,28.0,29.0,31.279999999999973,35.0,38.75999999999999,47.0,0.0,1000.5058823823929,1000.6352941393852,1000.7490196228027,1000.8705882430077,2000.6862745285034,3000.2509804069996,3000.4941176474094,3000.6078431606293,3000.7019608020782,3001.0,147.58841552734376,155.24512939453126,160.27365112304688,164.1578826904297,167.62596130371094,170.9709930419922,174.56947021484376,179.240478515625,191.14620971679688,347.28179931640625,238.50375,0.0,test_data/Useful/Validation/rice-at-1-ft/20241108_084919_027.jpg,2006.0,229.0,29.56015503522065
61,0.0,0.0,0.0,0.0,0.0,0.0,0.0,0.0,0.0,0.0,0.0,0.0,0.0,0.0,0.0,0.0,0.0,0.0,0.0,0.0,0.0,0.0,0.0,0.0,0.0,0.0,0.0,0.0,0.0,0.0,0.0,0.0,0.0,0.0,0.0,0.0,0.0,0.0,0.0,0.0,0.0,0.0,0.0,0.0,0.0,0.0,1.0,1.0,2.0,2.0,3.0,4.0,4.0,5.0,5.0,5.440000000000055,6.0,7.0,7.0,7.0,8.0,8.0,9.0,9.0,10.0,10.0,11.0,12.0,12.0,13.0,13.0,13.279999999999973,14.0,14.0,15.0,15.0,15.0,15.720000000000027,16.0,16.200000000000045,17.0,17.0,17.91999999999996,18.0,19.0,19.0,19.0,20.120000000000005,22.0,23.0,23.0,24.08000000000004,25.0,26.559999999999945,28.0,31.039999999999964,33.0,36.51999999999998,40.75999999999999,54.0,0.0,1000.5058823823929,1000.6392157077789,1000.7490196228027,1000.8745098114014,2000.7215686440468,3000.2666666805744,3000.498039215803,3000.611764729023,3000.7019608020782,3001.0,147.37648315429686,155.1412109375,160.09592895507814,163.96484375,167.37811279296875,170.77088623046876,174.46683807373046,179.26260681152343,191.24769592285156,347.2886657714844,238.76755,0.0,test_data/Useful/Validation/rice-at-1-ft/20241108_084919_028.jpg,2034.0,226.0,34.08975252543623
62,0.0,0.0,0.0,0.0,0.0,0.0,0.0,0.0,0.0,0.0,0.0,0.0,0.0,0.0,0.0,0.0,0.0,0.0,0.0,0.0,0.0,0.0,0.0,0.0,0.0,0.0,0.0,0.0,0.0,0.0,0.0,0.0,0.0,0.0,0.0,0.0,0.0,0.0,0.0,0.0,0.0,0.0,0.0,0.0,0.8000000000000114,1.0,1.0,2.0,2.0,2.0,2.240000000000009,3.0,4.0,4.0,5.0,5.0,6.0,6.0,7.0,7.0,7.0,8.0,8.120000000000005,9.0,10.0,10.0,11.0,11.0,11.0,12.0,12.0,13.0,14.0,14.0,14.0,15.0,15.0,16.0,16.0,17.0,17.0,17.67999999999995,18.0,18.159999999999968,19.0,19.0,20.0,20.120000000000005,22.0,23.0,24.0,24.0,25.0,27.0,29.0,30.0,32.0,34.0,36.75999999999999,60.0,0.0,1000.517647087574,1000.65098041296,1000.7686274647713,1000.905882358551,2000.8039215803146,3000.313725501299,3000.517647087574,3000.6196078658104,3000.7098039388657,3001.0,147.63223266601562,155.32395935058594,160.28343200683594,164.16152954101562,167.63368225097656,170.98733520507812,174.6329345703125,179.38878173828127,191.33495941162113,347.2755432128906,238.41452,0.0,test_data/Useful/Validation/rice-at-1-ft/20241108_084919_029.jpg,2049.0,220.0,32.87313283170322
63,0.0,0.0,0.0,0.0,0.0,0.0,0.0,0.0,0.0,0.0,0.0,0.0,0.0,0.0,0.0,0.0,0.0,0.0,0.0,0.0,0.0,0.0,0.0,0.0,0.0,0.0,0.0,0.0,0.0,0.0,0.0,0.0,0.0,0.0,0.0,0.0,0.0,0.0,0.0,0.0,0.0,0.0,0.0,0.0,0.0,0.0,1.0,1.0,2.0,3.0,3.0,4.0,4.0,4.960000000000036,5.0,6.0,6.0,7.0,7.0,7.0,8.0,8.0,9.0,10.0,10.0,10.0,11.0,11.0,12.0,12.0,13.0,13.279999999999973,14.0,14.0,15.0,15.0,15.480000000000018,16.0,16.0,17.0,17.0,18.0,18.0,19.0,19.399999999999977,20.0,20.0,21.0,21.360000000000014,22.0,23.0,24.0,25.0,26.0,27.799999999999955,30.0,31.279999999999973,34.039999999999964,37.75999999999999,47.0,0.0,1000.5215686559677,1000.6549019813538,1000.7764706015587,1000.9176470637321,2000.8235294222832,3000.3294117748737,3000.5215686559677,3000.6196078658104,3000.7098039388657,3001.0,147.76846313476562,155.43862915039062,160.39215087890625,164.22979736328125,167.65799713134766,171.04541625976563,174.68222045898438,179.51622314453124,191.24220275878906,347.26348876953125,238.66428,0.0,test_data/Useful/Validation/rice-at-1-ft/20241108_084919_030.jpg,2064.0,223.0,36.192490363892475
64,0.0,0.0,0.0,0.0,0.0,0.0,0.0,0.0,0.0,0.0,0.0,0.0,0.0,0.0,0.0,0.0,0.0,0.0,0.0,0.0,0.0,0.0,0.0,0.0,0.0,0.0,0.0,0.0,0.0,0.0,0.0,0.0,0.0,0.0,0.0,0.0,0.0,0.0,0.0,0.0,0.0,0.0,0.0,0.0,0.0,0.0,0.0,0.0,0.0,1.0,1.0,1.0,2.0,3.0,3.0,4.0,5.0,5.0,6.0,6.0,7.0,7.0,8.0,8.360000000000014,9.0,10.0,10.0,10.0,10.559999999999945,11.0,12.0,12.0,13.0,13.0,14.0,14.0,15.0,15.0,15.960000000000036,16.0,16.0,17.0,17.0,18.0,19.0,19.0,20.0,21.0,22.0,22.0,23.0,24.0,25.0,26.0,29.0,30.0,32.0,35.51999999999998,43.039999999999964,58.0,0.0,1000.5294117927551,1000.6627451181412,1000.7882353067398,1000.972549021244,2000.866666674614,3000.352941185236,3000.529411792755,3000.627451002598,3000.7137255072594,3001.0,147.7130889892578,155.37176513671875,160.33749389648438,164.24407958984375,167.66165161132812,171.02761840820312,174.65965270996094,179.53345336914066,191.2745544433594,347.26458740234375,238.17107,0.0,test_data/Useful/Validation/rice-at-1-ft/20241108_084919_031.jpg,2017.0,213.0,27.422926691167394
65,0.0,0.0,0.0,0.0,0.0,0.0,0.0,0.0,0.0,0.0,0.0,0.0,0.0,0.0,0.0,0.0,0.0,0.0,0.0,0.0,0.0,0.0,0.0,0.0,0.0,0.0,0.0,0.0,0.0,0.0,0.0,0.0,0.0,0.0,0.0,0.0,0.0,0.0,0.0,0.0,0.0,0.0,0.0,0.0,0.0,0.0,0.0,0.0,0.0,0.0,1.0,2.0,2.0,2.0,3.0,4.0,4.0,4.919999999999959,5.0,6.0,7.0,7.0,8.0,9.0,9.0,9.0,10.0,10.0,11.0,11.0,12.0,12.0,12.0,13.0,14.0,14.0,15.0,15.0,15.0,16.0,16.0,16.67999999999995,17.0,18.0,18.0,19.0,19.0,20.0,21.0,21.0,21.0,22.0,23.0,26.0,28.0,31.0,33.27999999999997,37.0,46.51999999999998,61.0,0.0,1000.5333333611488,1000.6705882549286,1000.8000000119209,2000.313725501299,3000.058823529631,3000.376470595598,3000.5372549295425,3000.6313725709915,3000.717647075653,3001.0,148.5909881591797,156.18702392578126,161.07961730957032,164.91954650878907,168.3351821899414,171.66885375976562,175.2848663330078,180.02230834960938,191.57672119140625,347.2427673339844,238.19368,0.0,test_data/Useful/Validation/rice-at-1-ft/20241108_084919_032.jpg,2129.0,211.0,28.8084129474271
66,0.0,0.0,0.0,0.0,0.0,0.0,0.0,0.0,0.0,0.0,0.0,0.0,0.0,0.0,0.0,0.0,0.0,0.0,0.0,0.0,0.0,0.0,0.0,0.0,0.0,0.0,0.0,0.0,0.0,0.0,0.0,0.0,0.0,0.0,0.0,0.0,0.0,0.0,0.0,0.0,0.0,0.0,0.0,0.0,0.0,0.0,0.0,0.0,0.0,0.0,1.0,1.0,1.7200000000000273,2.0,2.0,3.0,4.0,4.919999999999959,5.0,5.399999999999977,6.0,7.0,7.0,7.360000000000014,8.0,9.0,9.0,10.0,10.0,11.0,11.0,11.0,12.0,13.0,13.0,14.0,14.0,15.0,15.0,16.0,17.0,17.0,18.0,18.0,19.0,19.639999999999986,20.0,20.0,22.0,23.0,24.0,25.0,25.32000000000005,27.0,29.799999999999955,30.079999999999927,36.0,36.51999999999998,41.0,71.0,0.0,1000.5333333611488,1000.6705882549286,1000.8039215803146,2000.3882353007793,3000.074509806931,3000.380392163992,3000.5411764979362,3000.6313725709915,3000.717647075653,3001.0,148.58399658203126,156.14779663085938,161.0787353515625,164.9517822265625,168.42950439453125,171.7896728515625,175.37893676757812,180.20319213867188,191.92608642578125,347.2346496582031,238.42287,0.0,test_data/Useful/Validation/rice-at-1-ft/20241108_084919_033.jpg,2140.0,208.0,29.451426905214078
67,0.0,0.0,0.0,0.0,0.0,0.0,0.0,0.0,0.0,0.0,0.0,0.0,0.0,0.0,0.0,0.0,0.0,0.0,0.0,0.0,0.0,0.0,0.0,0.0,0.0,0.0,0.0,0.0,0.0,0.0,0.0,0.0,0.0,0.0,0.0,0.0,0.0,0.0,0.0,0.0,0.0,0.0,0.0,0.0,0.0,0.0,0.0,0.0,1.0,1.0,2.0,2.480000000000018,3.0,3.9600000000000364,4.0,4.440000000000055,5.0,6.0,6.0,7.0,7.0,8.0,8.0,8.360000000000014,9.0,9.0,10.0,11.0,11.559999999999945,12.0,12.0,13.0,14.0,14.0,15.0,15.0,15.0,16.0,16.0,17.0,17.0,17.0,18.0,19.0,19.0,20.0,20.0,21.0,22.0,23.0,24.0,25.0,26.0,27.559999999999945,29.0,31.039999999999964,32.27999999999997,35.0,43.0,56.0,0.0,1000.5333333611488,1000.678431391716,1000.8078431487083,2000.4705882370472,3000.0941176488996,3000.3843137323856,3000.5411764979362,3000.6313725709915,3000.717647075653,3001.0,148.51129608154298,156.19448852539062,161.06109313964845,164.92410888671876,168.37176513671875,171.7053680419922,175.3258270263672,180.08063354492188,191.75987548828124,347.2176818847656,237.75354,0.0,test_data/Useful/Validation/rice-at-1-ft/20241108_084919_034.jpg,2187.0,228.0,30.817391640381263
68,0.0,0.0,0.0,0.0,0.0,0.0,0.0,0.0,0.0,0.0,0.0,0.0,0.0,0.0,0.0,0.0,0.0,0.0,0.0,0.0,0.0,0.0,0.0,0.0,0.0,0.0,0.0,0.0,0.0,0.0,0.0,0.0,0.0,0.0,0.0,0.0,0.0,0.0,0.0,0.0,0.0,0.0,0.0,0.0,0.0,0.0,0.0,0.0,1.0,2.0,2.0,3.0,3.0,3.0,4.0,4.0,4.0,5.0,6.0,6.0,7.0,7.0,8.0,8.0,9.0,9.0,10.0,11.0,11.0,11.799999999999955,12.0,13.0,14.0,14.0,15.0,15.0,15.480000000000018,16.0,16.0,17.0,17.0,18.0,18.0,19.0,19.0,20.0,21.0,22.0,22.0,23.0,24.0,25.0,26.0,27.0,28.0,30.0,31.0,34.0,42.27999999999997,52.0,0.0,1000.5372549295425,1000.678431391716,1000.811764717102,2000.5019608139992,3000.1098039224744,3000.392156869173,3000.5411764979362,3000.6313725709915,3000.721568644047,3001.0,148.35462951660156,156.0225372314453,160.91506958007812,164.8303955078125,168.29977416992188,171.6513214111328,175.23214721679688,179.95651245117188,191.78775024414062,347.20587158203125,237.78662,0.0,test_data/Useful/Validation/rice-at-1-ft/20241108_084919_035.jpg,2188.0,223.0,28.28723906110257
69,0.0,0.0,0.0,0.0,0.0,0.0,0.0,0.0,0.0,0.0,0.0,0.0,0.0,0.0,0.0,0.0,0.0,0.0,0.0,0.0,0.0,0.0,0.0,0.0,0.0,0.0,0.0,0.0,0.0,0.0,0.0,0.0,0.0,0.0,0.0,0.0,0.0,0.0,0.0,0.0,0.0,0.0,0.0,0.0,0.0,0.0,0.0,0.0,0.0,0.0,1.0,1.0,2.0,3.0,3.0,3.4400000000000546,4.0,4.0,5.0,5.0,6.0,6.0,7.0,8.0,8.0,9.0,9.0,10.0,11.0,11.0,13.0,13.0,14.0,14.0,14.0,15.0,15.0,16.0,16.0,16.0,17.0,17.0,17.0,18.0,19.0,19.0,20.0,20.0,21.0,22.0,23.0,24.0,24.0,25.0,26.0,29.0,30.0,34.559999999999945,41.0,69.0,0.0,1000.54509806633,1000.6862745285034,1000.8196078538895,2000.6078431606293,3000.160784319043,3000.4117647111416,3000.54509806633,3000.635294139385,3000.721568644047,3001.0,148.5154571533203,156.22169494628906,161.22116088867188,165.12457275390625,168.54122924804688,171.87567749023438,175.5573928833008,180.23082580566407,191.6724853515625,347.1807861328125,237.49225,0.0,test_data/Useful/Validation/rice-at-1-ft/20241108_084919_036.jpg,2226.0,211.0,28.471220621025942
70,0.0,0.0,0.0,0.0,0.0,0.0,0.0,0.0,0.0,0.0,0.0,0.0,0.0,0.0,0.0,0.0,0.0,0.0,0.0,0.0,0.0,0.0,0.0,0.0,0.0,0.0,0.0,0.0,0.0,0.0,0.0,0.0,0.0,0.0,0.0,0.0,0.0,0.0,0.0,0.0,0.0,0.0,0.0,0.0,0.0,0.0,0.0,0.0,1.0,1.0,2.0,2.0,3.0,4.0,4.0,5.0,5.0,5.919999999999959,6.0,6.0,7.0,7.0,8.0,8.0,9.0,9.0,10.0,10.32000000000005,11.0,11.0,12.0,13.0,13.0,14.0,15.0,15.0,15.0,15.0,16.0,16.0,16.0,17.0,17.0,18.0,18.0,19.0,19.0,20.0,21.0,22.0,23.0,24.0,25.32000000000005,28.559999999999945,30.0,31.039999999999964,33.0,36.51999999999998,41.75999999999999,51.0,0.0,1000.486274510622,1000.611764729023,1000.6941176652908,1000.772549033165,1000.8862745165825,2000.811764717102,3000.4117647111416,3000.600000023842,3000.7137255072594,3001.0,146.087158203125,153.7609375,158.7978515625,162.7766571044922,166.3754425048828,169.88864135742188,173.72549438476562,178.85696411132812,190.95558166503906,347.4380798339844,239.91321,0.0,test_data/Useful/Validation/rice-at-1-ft/20241108_084919_077.jpg,1912.0,215.0,28.717038049163445
71,0.0,0.0,0.0,0.0,0.0,0.0,0.0,0.0,0.0,0.0,0.0,0.0,0.0,0.0,0.0,0.0,0.0,0.0,0.0,0.0,0.0,0.0,0.0,0.0,0.0,0.0,0.0,0.0,0.0,0.0,0.0,0.0,0.0,0.0,0.0,0.0,0.0,0.0,0.0,0.0,0.0,0.0,0.0,0.0,0.0,0.0,0.0,0.0,0.0,0.0,0.0,0.4800000000000182,1.0,1.0,2.0,3.0,4.0,4.0,5.0,5.0,5.0,6.0,6.0,7.0,7.0,8.0,8.080000000000041,9.0,9.559999999999945,10.0,10.0,11.0,12.0,12.0,13.0,13.0,14.0,14.0,14.0,15.0,16.0,16.67999999999995,17.0,17.0,18.0,19.0,19.879999999999995,20.120000000000005,21.360000000000014,23.0,23.0,24.0,26.0,27.0,28.59999999999991,30.039999999999964,33.0,35.0,40.0,55.0,0.0,1000.486274510622,1000.611764729023,1000.6941176652908,1000.772549033165,1000.8823529481888,2000.800000011921,3000.4000000059605,3000.600000023842,3000.7137255072594,3001.0,146.864111328125,154.60035095214843,159.61084899902343,163.55467529296874,167.0497055053711,170.44577026367188,174.19973754882812,179.160888671875,190.89735412597656,347.4518127441406,239.57104,0.0,test_data/Useful/Validation/rice-at-1-ft/20241108_084919_078.jpg,1861.0,195.0,30.44367758818796
72,0.0,0.0,0.0,0.0,0.0,0.0,0.0,0.0,0.0,0.0,0.0,0.0,0.0,0.0,0.0,0.0,0.0,0.0,0.0,0.0,0.0,0.0,0.0,0.0,0.0,0.0,0.0,0.0,0.0,0.0,0.0,0.0,0.0,0.0,0.0,0.0,0.0,0.0,0.0,0.0,0.0,0.0,0.0,0.0,0.0,0.0,0.0,0.0,0.0,0.0,1.0,2.0,2.0,3.0,3.0,4.0,4.0,5.0,5.0,6.0,6.0,7.0,7.0,8.0,9.0,9.0,9.080000000000041,10.0,10.0,11.0,11.0,12.0,13.0,14.0,15.0,15.0,15.480000000000018,16.0,16.0,17.0,17.0,18.0,18.0,19.0,19.0,20.0,20.0,21.0,21.0,22.0,23.0,24.0,25.0,27.0,28.799999999999955,32.0,34.0,39.51999999999998,42.51999999999998,54.0,0.0,1000.4823529422283,1000.611764729023,1000.6901960968971,1000.7686274647713,1000.8705882430077,2000.772549033165,3000.3843137323856,3000.596078455448,3000.7098039388657,3001.0,147.072119140625,154.8312225341797,159.7999725341797,163.71873474121094,167.24713897705078,170.70564880371094,174.51258087158203,179.53824768066409,191.32022094726562,347.4498291015625,239.10286,0.0,test_data/Useful/Validation/rice-at-1-ft/20241108_084919_079.jpg,1899.0,213.0,30.80986140442318
73,0.0,0.0,0.0,0.0,0.0,0.0,0.0,0.0,0.0,0.0,0.0,0.0,0.0,0.0,0.0,0.0,0.0,0.0,0.0,0.0,0.0,0.0,0.0,0.0,0.0,0.0,0.0,0.0,0.0,0.0,0.0,0.0,0.0,0.0,0.0,0.0,0.0,0.0,0.0,0.0,0.0,0.0,0.0,0.0,0.0,0.0,0.0,0.0,0.0,1.0,1.0,2.0,2.0,3.0,3.2000000000000455,4.440000000000055,5.0,6.0,6.0,7.0,7.0,7.0,8.0,9.0,9.0,10.0,10.0,11.0,11.0,12.0,12.0,13.0,13.519999999999982,14.0,14.0,15.0,16.0,16.0,16.960000000000036,17.0,17.0,18.0,18.0,19.0,19.0,20.0,20.0,21.120000000000005,22.0,23.0,24.0,25.0,26.0,27.0,28.0,29.0,31.279999999999973,32.51999999999998,38.75999999999999,59.0,0.0,1000.4823529422283,1000.611764729023,1000.6901960968971,1000.7686274647713,1000.8705882430077,2000.7568627595901,3000.380392163992,3000.596078455448,3000.7098039388657,3001.0,147.1990966796875,155.03460693359375,160.0053253173828,163.90872192382812,167.35635375976562,170.78577880859376,174.4865463256836,179.36686096191406,191.29925079345705,347.4322814941406,239.26042,0.0,test_data/Useful/Validation/rice-at-1-ft/20241108_084919_080.jpg,1888.0,213.0,28.36098225657736
74,0.0,0.0,0.0,0.0,0.0,0.0,0.0,0.0,0.0,0.0,0.0,0.0,0.0,0.0,0.0,0.0,0.0,0.0,0.0,0.0,0.0,0.0,0.0,0.0,0.0,0.0,0.0,0.0,0.0,0.0,0.0,0.0,0.0,0.0,0.0,0.0,0.0,0.0,0.0,0.0,0.0,0.0,0.0,0.0,0.0,0.0,0.0,0.0,0.0,0.0,0.0,1.0,1.0,2.0,3.0,3.0,3.0,4.0,4.0,5.0,5.0,6.0,7.0,7.0,8.0,8.0,9.0,9.0,10.0,10.0,11.0,12.0,12.0,13.0,13.0,14.240000000000009,15.0,15.0,16.0,16.0,17.0,17.0,17.0,18.0,18.0,18.639999999999986,19.879999999999995,20.0,22.0,22.0,24.0,25.0,25.32000000000005,27.0,29.0,30.039999999999964,35.27999999999997,39.51999999999998,47.0,61.0,0.0,1000.486274510622,1000.611764729023,1000.6901960968971,1000.7686274647713,1000.8784313797951,2000.7529411911964,3000.376470595598,3000.5921568870544,3000.7098039388657,3001.0,148.26287231445312,156.01788330078125,160.99732971191406,164.96905517578125,168.50692749023438,171.96795654296875,175.71412048339843,180.65538330078124,192.24503479003906,347.42730712890625,238.94838,0.0,test_data/Useful/Validation/rice-at-1-ft/20241108_084919_081.jpg,1927.0,206.0,30.372220037455502
75,0.0,0.0,0.0,0.0,0.0,0.0,0.0,0.0,0.0,0.0,0.0,0.0,0.0,0.0,0.0,0.0,0.0,0.0,0.0,0.0,0.0,0.0,0.0,0.0,0.0,0.0,0.0,0.0,0.0,0.0,0.0,0.0,0.0,0.0,0.0,0.0,0.0,0.0,0.0,0.0,0.0,0.0,0.0,0.0,0.0,0.0,0.0,0.0,1.0,1.0,2.0,3.0,3.0,3.0,4.0,4.0,5.0,6.0,6.0,7.0,7.0,8.0,8.0,8.0,9.0,9.840000000000032,10.0,11.0,11.0,11.0,12.0,13.0,13.0,13.0,14.0,15.0,15.0,15.0,16.0,16.0,17.0,17.0,18.0,18.0,19.0,19.0,20.0,21.0,22.0,23.0,24.0,25.0,26.0,27.0,29.799999999999955,32.0,36.0,38.0,42.0,67.0,0.0,1000.486274510622,1000.611764729023,1000.6901960968971,1000.772549033165,1000.8862745165825,2000.772549033165,3000.3882353007793,3000.596078455448,3000.7098039388657,3001.0,149.0347442626953,156.85401916503906,161.71844482421875,165.57264709472656,169.01904296875,172.371875,175.96387329101563,180.8169891357422,192.20535278320312,347.4205017089844,239.15384,0.0,test_data/Useful/Validation/rice-at-1-ft/20241108_084919_082.jpg,1906.0,221.0,35.33993332387809
76,0.0,0.0,0.0,0.0,0.0,0.0,0.0,0.0,0.0,0.0,0.0,0.0,0.0,0.0,0.0,0.0,0.0,0.0,0.0,0.0,0.0,0.0,0.0,0.0,0.0,0.0,0.0,0.0,0.0,0.0,0.0,0.0,0.0,0.0,0.0,0.0,0.0,0.0,0.0,0.0,0.0,0.0,0.0,0.0,0.0,0.0,0.0,0.0,1.0,1.0,2.0,2.480000000000018,3.0,3.0,4.0,4.0,4.0,5.0,6.0,6.399999999999977,7.0,7.0,8.0,8.0,9.0,10.0,10.0,10.32000000000005,11.0,12.0,12.0,13.0,13.0,14.0,14.0,15.0,15.0,16.0,16.0,16.0,17.0,17.67999999999995,18.0,18.0,19.0,19.639999999999986,20.0,22.0,23.0,24.0,25.0,26.0,27.0,28.0,29.0,31.0,35.0,40.559999999999945,43.0,51.0,0.0,1000.4901960790157,1000.6156862974167,1000.6941176652908,1000.7803921699524,1000.8941176533699,2000.784313738346,3000.407843142748,3000.6039215922356,3000.7137255072594,3001.0,148.9658660888672,156.73002014160156,161.7096435546875,165.63687133789062,169.14645385742188,172.5715789794922,176.32505798339844,181.22944030761718,192.6833953857422,347.4407958984375,239.38107,0.0,test_data/Useful/Validation/rice-at-1-ft/20241108_084919_083.jpg,1925.0,213.0,26.145340947737594
77,0.0,0.0,0.0,0.0,0.0,0.0,0.0,0.0,0.0,0.0,0.0,0.0,0.0,0.0,0.0,0.0,0.0,0.0,0.0,0.0,0.0,0.0,0.0,0.0,0.0,0.0,0.0,0.0,0.0,0.0,0.0,0.0,0.0,0.0,0.0,0.0,0.0,0.0,0.0,0.0,0.0,0.0,0.0,0.0,0.0,0.0,0.0,0.0,0.0,1.0,1.240000000000009,2.0,2.0,3.0,3.0,3.0,4.0,4.919999999999959,5.0,6.0,6.0,7.0,7.0,8.0,9.0,9.0,10.0,10.0,11.0,12.0,12.0,13.0,13.0,14.0,14.0,15.0,15.0,16.0,16.0,17.0,17.440000000000055,18.0,18.91999999999996,19.0,20.0,20.0,21.0,22.0,23.0,24.0,25.0,25.08000000000004,27.0,29.0,31.0,33.039999999999964,37.0,40.0,43.0,63.0,0.0,1000.4941176474094,1000.6196078658104,1000.6980392336845,1000.7843137383461,1000.8980392217636,2000.7921568751335,3000.4117647111416,3000.6039215922356,3000.7137255072594,3001.0,149.73629608154297,157.4845428466797,162.36558532714844,166.21084594726562,169.68014526367188,173.00880432128906,176.63243560791017,181.4185791015625,192.85813903808594,347.4523620605469,239.3334,0.0,test_data/Useful/Validation/rice-at-1-ft/20241108_084919_084.jpg,1920.0,208.0,33.23573976347997
78,0.0,0.0,0.0,0.0,0.0,0.0,0.0,0.0,0.0,0.0,0.0,0.0,0.0,0.0,0.0,0.0,0.0,0.0,0.0,0.0,0.0,0.0,0.0,0.0,0.0,0.0,0.0,0.0,0.0,0.0,0.0,0.0,0.0,0.0,0.0,0.0,0.0,0.0,0.0,0.0,0.0,0.0,0.0,0.0,0.0,0.0,0.0,0.0,0.0,1.0,2.0,2.0,3.0,3.0,4.0,4.0,5.0,5.0,6.0,6.0,6.0,7.0,8.0,8.360000000000014,9.0,10.0,10.0,11.0,12.0,13.0,13.0,14.0,14.0,15.0,16.0,16.0,16.0,17.0,17.0,18.0,18.0,18.0,19.0,19.0,20.0,20.0,21.0,21.0,21.360000000000014,22.600000000000023,23.0,24.0,25.32000000000005,27.0,30.59999999999991,33.039999999999964,36.0,39.51999999999998,44.0,67.0,0.0,1000.4980392158031,1000.6196078658104,1000.6980392336845,1000.7882353067398,1000.9137254953384,2000.7960784435272,3000.4156862795353,3000.6078431606293,3000.7137255072594,3001.0,150.5458557128906,158.1060821533203,163.05314178466796,166.98929443359376,170.47476196289062,173.84356689453125,177.47725830078124,182.25247192382812,193.13679962158204,347.45330810546875,239.07652,0.0,test_data/Useful/Validation/rice-at-1-ft/20241108_084919_085.jpg,1947.0,217.0,30.644205330366614
79,0.0,0.0,0.0,0.0,0.0,0.0,0.0,0.0,0.0,0.0,0.0,0.0,0.0,0.0,0.0,0.0,0.0,0.0,0.0,0.0,0.0,0.0,0.0,0.0,0.0,0.0,0.0,0.0,0.0,0.0,0.0,0.0,0.0,0.0,0.0,0.0,0.0,0.0,0.0,0.0,0.0,0.0,0.0,0.0,0.0,0.0,0.0,1.0,1.0,2.0,2.0,2.0,3.0,3.0,4.0,4.0,5.0,5.0,6.0,7.0,7.0,8.0,8.120000000000005,9.0,9.0,10.0,10.0,11.0,11.0,12.0,13.0,13.0,14.0,15.0,15.0,15.0,16.0,16.0,17.0,17.0,18.0,18.0,19.0,19.0,19.0,20.0,20.879999999999995,22.0,23.0,25.0,25.0,27.0,28.0,30.0,31.0,33.039999999999964,36.27999999999997,40.0,45.75999999999999,57.0,0.0,1000.5019608139992,1000.6235294342041,1000.7019608020782,1000.7921568751335,1000.9176470637321,2000.7960784435272,3000.4235294163227,3000.611764729023,3000.7137255072594,3001.0,150.4021240234375,158.04379272460938,162.97055053710938,166.89801025390625,170.36302185058594,173.69476318359375,177.41604614257812,182.2209014892578,193.2168426513672,347.46063232421875,239.16487,0.0,test_data/Useful/Validation/rice-at-1-ft/20241108_084919_086.jpg,1936.0,229.0,28.736932425217127
80,0.0,0.0,0.0,0.0,0.0,0.0,0.0,0.0,0.0,0.0,0.0,0.0,0.0,0.0,0.0,0.0,0.0,0.0,0.0,0.0,0.0,0.0,0.0,0.0,0.0,0.0,0.0,0.0,0.0,0.0,0.0,0.0,0.0,0.0,0.0,0.0,0.0,0.0,0.0,0.0,0.0,0.0,0.0,0.0,0.0,0.0,0.0,1.0,1.0,2.0,2.240000000000009,3.0,3.0,4.0,4.0,4.0,5.0,5.919999999999959,6.0,6.0,7.0,7.0,8.0,8.0,9.0,10.0,10.0,11.0,11.0,11.799999999999955,12.0,13.0,13.0,14.0,15.0,15.0,15.0,15.0,16.0,16.0,17.0,17.0,18.0,18.0,19.0,20.0,20.0,21.0,22.0,23.0,24.0,27.0,28.0,30.0,31.0,33.07999999999993,36.0,40.0,43.75999999999999,60.0,0.0,1000.5019608139992,1000.6235294342041,1000.7019608020782,1000.7882353067398,1000.9176470637321,2000.772549033165,3000.403921574354,3000.6078431606293,3000.7137255072594,3001.0,151.0643310546875,158.73068237304688,163.61627807617188,167.53575744628907,170.934814453125,174.240966796875,177.90650939941406,182.5856170654297,193.30242919921875,347.4623107910156,238.66219,0.0,test_data/Useful/Validation/rice-at-1-ft/20241108_084919_087.jpg,1940.0,218.0,29.578422948458403
81,0.0,0.0,0.0,0.0,0.0,0.0,0.0,0.0,0.0,0.0,0.0,0.0,0.0,0.0,0.0,0.0,0.0,0.0,0.0,0.0,0.0,0.0,0.0,0.0,0.0,0.0,0.0,0.0,0.0,0.0,0.0,0.0,0.0,0.0,0.0,0.0,0.0,0.0,0.0,0.0,0.0,0.0,0.0,0.0,0.0,0.0,1.0,2.0,2.0,2.0,3.0,3.0,3.7200000000000273,4.0,5.0,5.0,6.0,6.0,7.0,7.0,8.0,8.0,9.0,10.0,10.0,11.0,11.0,11.0,12.0,12.799999999999955,13.0,13.0,14.0,15.0,16.0,16.0,16.480000000000018,17.0,17.0,18.0,18.0,19.0,19.91999999999996,20.0,21.0,22.0,23.0,24.0,25.0,25.0,26.0,27.0,28.0,29.559999999999945,31.0,32.039999999999964,35.0,37.0,44.0,72.0,0.0,1000.5019608139992,1000.6235294342041,1000.6980392336845,1000.7843137383461,1000.9019607901573,2000.7411764860153,3000.3882353007793,3000.600000023842,3000.7098039388657,3001.0,150.83197021484375,158.56834411621094,163.4837646484375,167.4188995361328,170.90228271484375,174.29058837890625,177.93313446044922,182.66053466796876,193.6988983154297,347.4854736328125,239.0989,0.0,test_data/Useful/Validation/rice-at-1-ft/20241108_084919_088.jpg,1970.0,240.0,26.893035533845048
82,0.0,0.0,0.0,0.0,0.0,0.0,0.0,0.0,0.0,0.0,0.0,0.0,0.0,0.0,0.0,0.0,0.0,0.0,0.0,0.0,0.0,0.0,0.0,0.0,0.0,0.0,0.0,0.0,0.0,0.0,0.0,0.0,0.0,0.0,0.0,0.0,0.0,0.0,0.0,0.0,0.0,0.0,0.0,0.0,0.0,0.0,0.0,0.0,1.0,1.0,2.0,3.0,3.0,4.0,4.0,4.0,5.0,5.0,6.0,7.0,7.0,8.0,8.0,9.0,9.0,9.0,10.0,11.0,11.0,11.0,12.0,13.0,13.0,14.0,15.0,15.0,15.0,16.0,16.0,17.0,17.0,18.0,18.0,19.0,19.0,20.0,21.879999999999995,22.120000000000005,23.0,24.0,25.0,27.0,28.0,29.0,30.799999999999955,31.039999999999964,35.0,42.51999999999998,47.0,75.0,0.0,1000.5019608139992,1000.6235294342041,1000.7019608020782,1000.7882353067398,1000.9098039269447,2000.7529411911964,3000.4000000059605,3000.6039215922356,3000.7098039388657,3001.0,151.01842803955077,158.60458679199218,163.55726623535156,167.42796325683594,170.85992431640625,174.2056427001953,177.8855743408203,182.7082061767578,193.76693725585938,347.4835205078125,238.53065,0.0,test_data/Useful/Validation/rice-at-1-ft/20241108_084919_089.jpg,2005.0,223.0,29.54872458054671
83,0.0,0.0,0.0,0.0,0.0,0.0,0.0,0.0,0.0,0.0,0.0,0.0,0.0,0.0,0.0,0.0,0.0,0.0,0.0,0.0,0.0,0.0,0.0,0.0,0.0,0.0,0.0,0.0,0.0,0.0,0.0,0.0,0.0,0.0,0.0,0.0,0.0,0.0,0.0,0.0,0.0,0.0,0.0,0.0,0.0,0.0,1.0,1.0,2.0,2.0,3.0,3.0,3.0,4.0,5.0,5.0,6.0,6.0,6.0,7.0,7.0,8.0,8.0,8.0,9.0,9.0,10.0,10.0,11.0,11.0,12.0,12.0,13.0,14.0,14.0,15.0,15.0,16.0,16.0,17.0,17.0,18.0,18.0,19.0,19.0,20.0,21.0,22.0,22.360000000000014,24.0,26.0,28.0,29.32000000000005,30.559999999999945,34.799999999999955,37.07999999999993,42.27999999999997,44.51999999999998,48.0,69.0,0.0,1000.5098039507866,1000.6274510025978,1000.7098039388657,1000.8039215803146,1000.9490196108818,2000.8078431487083,3000.43137255311,3000.611764729023,3000.7137255072594,3001.0,151.79002075195314,159.4595947265625,164.32478942871094,168.16595153808595,171.56659698486328,174.86541748046875,178.434814453125,183.08773803710938,194.0657958984375,347.4658508300781,239.15755,0.0,test_data/Useful/Validation/rice-at-1-ft/20241108_084919_090.jpg,1939.0,229.0,23.978859033124067
84,0.0,0.0,0.0,0.0,0.0,0.0,0.0,0.0,0.0,0.0,0.0,0.0,0.0,0.0,0.0,0.0,0.0,0.0,0.0,0.0,0.0,0.0,0.0,0.0,0.0,0.0,0.0,0.0,0.0,0.0,0.0,0.0,0.0,0.0,0.0,0.0,0.0,0.0,0.0,0.0,0.0,0.0,0.0,0.0,0.0,0.0,0.0,1.0,1.0,2.0,2.0,3.0,3.0,4.0,4.0,5.0,5.0,5.0,6.0,6.0,6.639999999999986,7.0,8.0,8.0,9.0,10.0,10.0,11.0,11.0,12.0,13.0,13.0,14.0,14.759999999999991,15.0,16.0,16.0,16.0,17.0,17.0,18.0,18.0,19.0,20.0,20.0,21.0,21.0,22.0,23.0,24.0,25.0,27.0,28.32000000000005,30.559999999999945,31.799999999999955,34.0,39.0,42.51999999999998,53.51999999999998,65.0,0.0,1000.5098039507866,1000.6313725709915,1000.7098039388657,1000.8078431487083,1000.9607843160629,2000.8235294222832,3000.447058826685,3000.6156862974167,3000.7137255072594,3001.0,151.93215942382812,159.58468627929688,164.48617553710938,168.38226318359375,171.80914306640625,175.11129760742188,178.73369140625,183.3266571044922,194.09478759765625,347.46923828125,238.47675,0.0,test_data/Useful/Validation/rice-at-1-ft/20241108_084919_091.jpg,1935.0,229.0,29.95620123008381
85,0.0,0.0,0.0,0.0,0.0,0.0,0.0,0.0,0.0,0.0,0.0,0.0,0.0,0.0,0.0,0.0,0.0,0.0,0.0,0.0,0.0,0.0,0.0,0.0,0.0,0.0,0.0,0.0,0.0,0.0,0.0,0.0,0.0,0.0,0.0,0.0,0.0,0.0,0.0,0.0,0.0,0.0,0.0,0.0,0.0,0.0,0.0,0.0,0.0,1.0,1.0,1.0,2.0,2.0,3.0,4.0,4.0,5.0,5.0,6.0,6.0,7.0,7.0,7.0,8.0,8.840000000000032,10.0,11.0,12.0,12.0,13.0,13.0,13.0,14.0,14.0,15.0,16.0,16.0,16.0,17.0,17.0,18.0,18.0,19.0,19.0,20.0,21.0,23.0,24.0,25.0,26.0,28.08000000000004,29.32000000000005,31.559999999999945,32.799999999999955,36.0,39.27999999999997,44.51999999999998,52.51999999999998,61.0,0.0,1000.517647087574,1000.6352941393852,1000.7176470756531,1000.8196078538895,1000.9960784316063,2000.8745098114014,3000.46274510026,3000.6196078658104,3000.717647075653,3001.0,152.71449127197266,160.56699829101564,165.38469543457032,169.21902465820312,172.63180541992188,175.86940002441406,179.43373260498046,183.93328857421875,194.42059326171875,347.45697021484375,238.72809,0.0,test_data/Useful/Validation/rice-at-1-ft/20241108_084919_092.jpg,1933.0,225.0,29.733350618769343
86,0.0,0.0,0.0,0.0,0.0,0.0,0.0,0.0,0.0,0.0,0.0,0.0,0.0,0.0,0.0,0.0,0.0,0.0,0.0,0.0,0.0,0.0,0.0,0.0,0.0,0.0,0.0,0.0,0.0,0.0,0.0,0.0,0.0,0.0,0.0,0.0,0.0,0.0,0.0,0.0,0.0,0.0,0.0,0.0,0.0,0.0,0.0,0.0,0.0,0.0,0.2400000000000091,1.0,2.0,2.0,2.0,3.0,3.0,4.0,4.159999999999968,5.0,5.0,6.0,7.0,8.0,8.0,9.0,11.0,11.0,11.0,12.0,13.0,13.0,13.519999999999982,14.0,14.0,15.0,15.0,15.0,16.0,16.0,17.0,18.0,18.0,19.0,20.0,21.0,22.0,23.0,24.360000000000014,25.0,27.0,29.0,29.0,31.0,33.0,38.0,40.0,44.51999999999998,47.75999999999999,60.0,0.0,1000.5137255191803,1000.6352941393852,1000.7176470756531,1000.8274509906769,1001.0,2000.8980392217636,3000.4666666686535,3000.6196078658104,3000.721568644047,3001.0,153.61921081542968,161.30697631835938,166.1863555908203,170.018310546875,173.43011474609375,176.69970703125,180.13189697265625,184.58432006835938,194.72628784179688,347.4530029296875,238.54791,0.0,test_data/Useful/Validation/rice-at-1-ft/20241108_084919_093.jpg,1980.0,219.0,34.221803004180074
87,0.0,0.0,0.0,0.0,0.0,0.0,0.0,0.0,0.0,0.0,0.0,0.0,0.0,0.0,0.0,0.0,0.0,0.0,0.0,0.0,0.0,0.0,0.0,0.0,0.0,0.0,0.0,0.0,0.0,0.0,0.0,0.0,0.0,0.0,0.0,0.0,0.0,0.0,0.0,0.0,0.0,0.0,0.0,0.0,0.0,0.0,0.0,0.0,0.0,0.0,0.0,1.0,1.0,1.0,2.0,3.0,3.0,4.0,4.0,5.0,5.0,6.0,6.0,6.0,7.0,8.0,8.0,9.0,10.0,10.799999999999955,11.039999999999964,12.0,12.0,13.0,13.0,14.0,15.0,15.0,16.0,16.0,16.0,17.0,18.0,18.0,19.0,20.0,21.0,22.0,23.0,24.0,25.0,25.0,27.32000000000005,29.0,31.799999999999955,34.0,36.27999999999997,38.0,50.319999999999936,75.0,0.0,1000.517647087574,1000.6392157077789,1000.7254902124405,1000.8352941274643,1001.0,2001.0,3000.474509805441,3000.623529434204,3000.7254902124405,3001.0,153.41022491455078,161.00616455078125,165.88253784179688,169.78475952148438,173.15615844726562,176.42210083007814,179.9016357421875,184.37216796875,194.46563110351565,347.4730224609375,238.79388,0.0,test_data/Useful/Validation/rice-at-1-ft/20241108_084919_094.jpg,1958.0,214.0,28.973538670254193
88,0.0,0.0,0.0,0.0,0.0,0.0,0.0,0.0,0.0,0.0,0.0,0.0,0.0,0.0,0.0,0.0,0.0,0.0,0.0,0.0,0.0,0.0,0.0,0.0,0.0,0.0,0.0,0.0,0.0,0.0,0.0,0.0,0.0,0.0,0.0,0.0,0.0,0.0,0.0,0.0,0.0,0.0,0.0,0.0,0.0,0.0,0.0,0.0,0.0,0.0,0.0,0.0,0.0,1.0,1.0,2.0,2.67999999999995,3.0,3.159999999999968,4.0,4.0,5.0,6.0,7.0,7.0,7.0,8.0,9.0,9.0,10.0,11.0,11.279999999999973,12.0,13.0,13.0,14.0,15.0,15.0,15.960000000000036,16.0,17.0,17.0,18.0,19.0,19.0,20.0,21.0,22.0,23.0,24.0,25.0,26.0,27.0,28.0,31.0,34.0,38.0,42.0,48.0,86.0,0.0,1000.5254902243614,1000.6470588445663,1000.7372549176216,1000.8509804010391,2000.176470592618,3000.1450980454683,3000.505882382393,3000.635294139385,3000.729411780834,3001.0,153.051025390625,160.77081604003908,165.62318725585936,169.45089721679688,172.82157135009766,176.05515747070314,179.51097869873047,184.00827941894534,194.29077606201173,347.46929931640625,238.24527,0.0,test_data/Useful/Validation/rice-at-1-ft/20241108_084919_095.jpg,1974.0,206.0,27.784938078607073
89,0.0,0.0,0.0,0.0,0.0,0.0,0.0,0.0,0.0,0.0,0.0,0.0,0.0,0.0,0.0,0.0,0.0,0.0,0.0,0.0,0.0,0.0,0.0,0.0,0.0,0.0,0.0,0.0,0.0,0.0,0.0,0.0,0.0,0.0,0.0,0.0,0.0,0.0,0.0,0.0,0.0,0.0,0.0,0.0,0.0,0.0,0.0,0.0,0.0,0.0,0.0,0.0,0.0,1.0,1.0,2.4400000000000546,3.0,4.0,4.0,4.0,5.0,6.0,6.1200000000000045,7.0,8.0,9.0,9.0,10.0,11.0,11.0,12.0,12.0,12.0,13.0,13.0,14.0,15.0,16.0,16.0,17.0,18.0,18.0,19.0,19.0,20.0,20.0,21.0,22.0,22.360000000000014,25.0,25.840000000000032,27.0,29.0,30.0,31.0,33.039999999999964,36.27999999999997,40.51999999999998,45.0,69.0,0.0,1000.5294117927551,1000.65098041296,1000.745098054409,1000.866666674614,2000.4392156898975,3000.1960784345865,3000.517647087574,3000.639215707779,3000.733333349228,3001.0,153.38885498046875,161.12991333007812,165.96566314697264,169.83973083496093,173.25253295898438,176.5044189453125,179.92552642822267,184.27764587402345,194.38861083984375,347.4674072265625,238.01102,0.0,test_data/Useful/Validation/rice-at-1-ft/20241108_084919_096.jpg,1957.0,210.0,28.033646836672613
90,0.0,0.0,0.0,0.0,0.0,0.0,0.0,0.0,0.0,0.0,0.0,0.0,0.0,0.0,0.0,0.0,0.0,0.0,0.0,0.0,0.0,0.0,0.0,0.0,0.0,0.0,0.0,0.0,0.0,0.0,0.0,0.0,0.0,0.0,0.0,0.0,0.0,0.0,0.0,0.0,0.0,0.0,0.0,0.0,0.0,0.0,0.0,0.0,0.0,1.0,1.0,2.0,2.0,3.0,3.0,3.4400000000000546,5.0,5.0,6.0,6.0,6.0,7.0,7.0,8.0,8.0,8.0,9.0,10.0,10.0,11.0,12.0,12.279999999999973,13.0,13.0,14.0,14.0,15.0,15.0,15.0,16.0,16.0,17.0,17.0,18.0,19.0,19.0,20.0,21.0,22.0,23.0,24.0,26.0,28.0,29.0,30.799999999999955,33.0,34.0,38.0,45.799999999999955,76.0,0.0,1000.5764706134796,1000.6980392336845,1000.8549019694328,2000.1529411822557,3000.0784313753247,3000.4117647111416,3000.5647059082985,3000.6470588445663,3000.721568644047,3001.0,150.5672607421875,158.17428588867188,163.0587615966797,166.86830139160156,170.35040283203125,173.708984375,177.35308837890625,182.09035644531252,193.8721466064453,347.3755187988281,237.77692,0.0,test_data/Useful/Validation/rice-at-1-ft/20241108_085007_047.jpg,2333.0,221.0,26.294669390609904
91,0.0,0.0,0.0,0.0,0.0,0.0,0.0,0.0,0.0,0.0,0.0,0.0,0.0,0.0,0.0,0.0,0.0,0.0,0.0,0.0,0.0,0.0,0.0,0.0,0.0,0.0,0.0,0.0,0.0,0.0,0.0,0.0,0.0,0.0,0.0,0.0,0.0,0.0,0.0,0.0,0.0,0.0,0.0,0.0,0.0,0.0,0.0,0.0,0.0,0.0,0.2400000000000091,1.0,1.0,2.0,2.0,3.0,3.0,4.0,4.0,4.0,5.0,6.0,6.0,7.0,7.0,8.0,9.0,9.32000000000005,10.0,11.0,12.0,12.0,12.0,13.0,13.0,14.0,14.0,15.0,15.0,16.0,16.0,17.0,17.0,17.159999999999968,18.0,19.639999999999986,21.0,21.120000000000005,22.0,23.600000000000023,24.840000000000032,26.0,29.0,30.0,31.799999999999955,34.0,36.0,39.0,46.75999999999999,68.0,0.0,1000.5764706134796,1000.6941176652908,1000.8431372642517,1001.0,2000.9529411792755,3000.4000000059605,3000.560784339905,3000.6431372761726,3000.7137255072594,3001.0,150.99239196777344,158.6115264892578,163.5565185546875,167.4237060546875,170.84213256835938,174.1707000732422,177.82213439941407,182.58262023925784,194.25469970703125,347.37640380859375,237.63687,0.0,test_data/Useful/Validation/rice-at-1-ft/20241108_085007_048.jpg,2301.0,216.0,33.726962583707966
92,0.0,0.0,0.0,0.0,0.0,0.0,0.0,0.0,0.0,0.0,0.0,0.0,0.0,0.0,0.0,0.0,0.0,0.0,0.0,0.0,0.0,0.0,0.0,0.0,0.0,0.0,0.0,0.0,0.0,0.0,0.0,0.0,0.0,0.0,0.0,0.0,0.0,0.0,0.0,0.0,0.0,0.0,0.0,0.0,0.0,0.0,0.0,0.0,0.0,0.0,1.0,1.0,2.0,2.0,3.0,4.0,4.0,4.919999999999959,5.0,6.0,6.0,7.0,7.0,8.0,8.0,9.0,9.080000000000041,10.0,10.0,11.0,11.0,12.0,13.0,13.0,13.0,14.0,15.0,15.0,15.0,16.0,16.0,17.0,17.91999999999996,18.0,18.0,19.0,20.0,21.0,22.0,23.0,24.0,26.0,27.0,29.0,30.799999999999955,32.039999999999964,36.0,38.0,46.0,54.0,0.0,1000.5725490450859,1000.6901960968971,1000.8313725590706,1001.0,2000.8862745165825,3000.3882353007793,3000.556862771511,3000.639215707779,3000.7137255072594,3001.0,151.09361267089844,158.7656036376953,163.6941665649414,167.5301025390625,170.95435333251953,174.27503662109376,177.80386047363282,182.47972412109374,193.87863159179688,347.38861083984375,237.49585,0.0,test_data/Useful/Validation/rice-at-1-ft/20241108_085007_049.jpg,2266.0,216.0,30.396777541393124
93,0.0,0.0,0.0,0.0,0.0,0.0,0.0,0.0,0.0,0.0,0.0,0.0,0.0,0.0,0.0,0.0,0.0,0.0,0.0,0.0,0.0,0.0,0.0,0.0,0.0,0.0,0.0,0.0,0.0,0.0,0.0,0.0,0.0,0.0,0.0,0.0,0.0,0.0,0.0,0.0,0.0,0.0,0.0,0.0,0.0,0.0,0.0,0.0,0.0,0.0,0.0,0.0,0.0,1.0,1.0,2.0,2.0,2.919999999999959,3.0,3.0,4.0,4.0,5.0,5.360000000000014,6.600000000000023,7.0,8.0,8.32000000000005,9.0,10.0,11.0,11.0,11.519999999999982,12.0,13.0,13.0,14.0,15.0,15.0,16.0,16.0,17.0,17.0,18.0,18.0,18.639999999999986,20.0,20.0,20.360000000000014,22.0,22.840000000000032,24.0,28.0,28.0,29.0,32.039999999999964,34.27999999999997,39.51999999999998,42.75999999999999,69.0,0.0,1000.5686274766922,1000.6901960968971,1000.8313725590706,1001.0,2000.839215695858,3000.376470595598,3000.5529412031174,3000.639215707779,3000.7137255072594,3001.0,150.96266174316406,158.67491149902344,163.62164916992188,167.5343994140625,171.00253295898438,174.29342956542968,177.93984985351562,182.69481201171877,194.00723266601562,347.3806457519531,237.19331,0.0,test_data/Useful/Validation/rice-at-1-ft/20241108_085007_050.jpg,2297.0,197.0,31.84717285947702
94,0.0,0.0,0.0,0.0,0.0,0.0,0.0,0.0,0.0,0.0,0.0,0.0,0.0,0.0,0.0,0.0,0.0,0.0,0.0,0.0,0.0,0.0,0.0,0.0,0.0,0.0,0.0,0.0,0.0,0.0,0.0,0.0,0.0,0.0,0.0,0.0,0.0,0.0,0.0,0.0,0.0,0.0,0.0,0.0,0.0,0.0,0.0,0.0,0.0,0.0,0.0,0.0,1.0,1.0,2.0,2.4400000000000546,3.0,4.0,4.0,5.0,5.639999999999986,6.0,7.0,8.0,8.0,8.0,9.0,9.0,10.0,11.0,11.039999999999964,12.0,13.0,14.0,14.0,15.0,15.0,16.0,16.0,17.0,17.0,18.0,18.0,18.159999999999968,19.0,20.0,21.0,22.0,23.0,24.0,24.0,26.0,27.0,28.0,30.0,32.039999999999964,35.27999999999997,38.51999999999998,42.75999999999999,64.0,0.0,1000.5686274766922,1000.6862745285034,1000.8274509906769,1001.0,2000.7960784435272,3000.3607843220234,3000.5490196347237,3000.639215707779,3000.7137255072594,3001.0,151.0404296875,158.6841613769531,163.74688720703125,167.65798950195312,171.15419006347656,174.49918518066406,178.12842254638673,182.9427947998047,194.2001190185547,347.39166259765625,237.24062,0.0,test_data/Useful/Validation/rice-at-1-ft/20241108_085007_051.jpg,2309.0,219.0,33.55195548220348
95,0.0,0.0,0.0,0.0,0.0,0.0,0.0,0.0,0.0,0.0,0.0,0.0,0.0,0.0,0.0,0.0,0.0,0.0,0.0,0.0,0.0,0.0,0.0,0.0,0.0,0.0,0.0,0.0,0.0,0.0,0.0,0.0,0.0,0.0,0.0,0.0,0.0,0.0,0.0,0.0,0.0,0.0,0.0,0.0,0.0,0.0,0.0,0.0,0.0,0.0,0.0,0.0,0.0,0.0,1.0,1.0,2.0,2.0,3.0,3.0,4.0,4.0,5.0,6.0,7.0,8.0,8.0,9.0,9.0,10.799999999999955,11.0,11.279999999999973,12.0,12.759999999999991,13.0,14.0,14.0,15.0,15.0,16.0,16.440000000000055,17.0,17.0,18.0,18.0,19.0,20.0,21.0,22.0,22.0,24.0,24.0,25.0,27.559999999999945,29.0,31.0,33.0,37.559999999999945,41.75999999999999,52.0,0.0,1000.5647059082985,1000.6823529601097,1000.8156862854958,1000.9882352948189,2000.7529411911964,3000.3450980484486,3000.5411764979362,3000.635294139385,3000.7137255072594,3001.0,151.11361694335938,158.79571533203125,163.69630432128906,167.57127380371094,171.0245361328125,174.40574645996094,178.05280456542968,182.79676818847656,193.9891357421875,347.39434814453125,236.84164,0.0,test_data/Useful/Validation/rice-at-1-ft/20241108_085007_052.jpg,2351.0,202.0,28.145052930500956
96,0.0,0.0,0.0,0.0,0.0,0.0,0.0,0.0,0.0,0.0,0.0,0.0,0.0,0.0,0.0,0.0,0.0,0.0,0.0,0.0,0.0,0.0,0.0,0.0,0.0,0.0,0.0,0.0,0.0,0.0,0.0,0.0,0.0,0.0,0.0,0.0,0.0,0.0,0.0,0.0,0.0,0.0,0.0,0.0,0.0,0.0,0.0,0.0,0.0,0.0,0.0,1.0,1.0,2.0,3.0,3.0,4.0,5.0,5.0,6.0,6.0,7.0,8.0,8.0,8.0,9.0,10.0,10.0,10.0,11.0,11.0,12.0,13.0,13.0,14.0,15.0,15.0,15.0,16.0,16.0,17.0,17.0,18.0,19.0,19.0,20.0,21.0,22.0,23.0,23.600000000000023,25.0,26.08000000000004,27.32000000000005,29.559999999999945,32.0,32.0,34.0,37.51999999999998,41.75999999999999,56.0,0.0,1000.5647059082985,1000.6823529601097,1000.8156862854958,1000.9764705896378,2000.7019608020782,3000.3215686380863,3000.533333361149,3000.6313725709915,3000.7098039388657,3001.0,150.40234832763673,158.160546875,163.1017593383789,167.0141174316406,170.50718688964844,173.90968322753906,177.56637573242188,182.39173889160156,194.00143432617188,347.4273376464844,237.21916,0.0,test_data/Useful/Validation/rice-at-1-ft/20241108_085007_053.jpg,2358.0,226.0,29.0840538351339
97,0.0,0.0,0.0,0.0,0.0,0.0,0.0,0.0,0.0,0.0,0.0,0.0,0.0,0.0,0.0,0.0,0.0,0.0,0.0,0.0,0.0,0.0,0.0,0.0,0.0,0.0,0.0,0.0,0.0,0.0,0.0,0.0,0.0,0.0,0.0,0.0,0.0,0.0,0.0,0.0,0.0,0.0,0.0,0.0,0.0,0.0,0.0,0.0,0.0,0.0,0.0,0.0,0.0,1.0,1.0,2.0,2.0,3.0,3.0,4.0,4.0,5.0,5.0,6.0,6.0,7.0,7.080000000000041,8.0,9.0,9.799999999999955,10.0,11.0,11.0,12.0,13.0,13.0,14.0,15.0,15.0,16.0,16.440000000000055,17.0,17.0,18.0,18.399999999999977,19.0,19.879999999999995,20.120000000000005,22.0,22.0,23.0,24.0,25.0,26.0,28.0,30.0,32.0,34.51999999999998,39.75999999999999,62.0,0.0,1000.5647059082985,1000.6823529601097,1000.8156862854958,1000.9764705896378,2000.7019608020782,3000.3215686380863,3000.533333361149,3000.6313725709915,3000.7098039388657,3001.0,149.88487243652344,157.65721130371094,162.57803344726562,166.51388549804688,169.9727020263672,173.39027404785156,177.12533569335938,182.0191650390625,193.89077758789062,347.436767578125,237.16504,0.0,test_data/Useful/Validation/rice-at-1-ft/20241108_085007_054.jpg,2358.0,205.0,30.98048684574374
98,0.0,0.0,0.0,0.0,0.0,0.0,0.0,0.0,0.0,0.0,0.0,0.0,0.0,0.0,0.0,0.0,0.0,0.0,0.0,0.0,0.0,0.0,0.0,0.0,0.0,0.0,0.0,0.0,0.0,0.0,0.0,0.0,0.0,0.0,0.0,0.0,0.0,0.0,0.0,0.0,0.0,0.0,0.0,0.0,0.0,0.0,0.0,0.0,0.0,0.0,0.0,0.4800000000000182,1.0,2.0,3.0,3.0,4.0,4.919999999999959,5.0,6.0,6.0,7.0,7.0,8.0,8.0,9.0,9.0,10.0,10.0,10.0,11.0,11.0,11.0,12.0,12.0,13.0,13.0,14.0,15.0,15.0,15.0,16.0,16.0,17.0,18.0,18.0,19.0,20.0,21.0,21.600000000000023,23.840000000000032,25.0,26.0,27.0,29.0,32.039999999999964,35.0,38.0,41.51999999999998,62.0,0.0,1000.5686274766922,1000.6862745285034,1000.8156862854958,1000.9764705896378,2000.7019608020782,3000.32549020648,3000.533333361149,3000.6313725709915,3000.7098039388657,3001.0,149.92942810058594,157.6789093017578,162.65745544433594,166.4976806640625,169.9533462524414,173.32522583007812,177.03447570800782,181.91911315917972,193.55096435546875,347.4483947753906,236.92432,0.0,test_data/Useful/Validation/rice-at-1-ft/20241108_085007_055.jpg,2339.0,211.0,30.543586316481946
99,0.0,0.0,0.0,0.0,0.0,0.0,0.0,0.0,0.0,0.0,0.0,0.0,0.0,0.0,0.0,0.0,0.0,0.0,0.0,0.0,0.0,0.0,0.0,0.0,0.0,0.0,0.0,0.0,0.0,0.0,0.0,0.0,0.0,0.0,0.0,0.0,0.0,0.0,0.0,0.0,0.0,0.0,0.0,0.0,0.0,0.0,0.0,0.5199999999999818,1.0,1.0,2.0,2.0,3.0,3.0,3.0,4.0,4.0,5.0,5.0,6.0,6.0,7.0,7.0,8.0,8.0,8.0,9.0,9.0,10.0,10.799999999999955,11.0,11.0,11.0,12.759999999999991,14.0,14.0,15.0,15.0,15.0,16.0,16.0,16.67999999999995,17.0,18.0,19.0,19.0,20.0,21.0,21.0,22.0,22.840000000000032,24.0,25.0,26.0,28.0,29.039999999999964,33.0,35.0,41.75999999999999,56.0,0.0,1000.5686274766922,1000.6862745285034,1000.8196078538895,1000.9803921580315,2000.7019608020782,3000.3176470696926,3000.533333361149,3000.6313725709915,3000.7098039388657,3001.0,149.55583648681642,157.25481567382812,162.2774444580078,166.2340087890625,169.70806884765625,173.10411071777344,176.804931640625,181.7411651611328,193.7684783935547,347.46112060546875,236.8963,0.0,test_data/Useful/Validation/rice-at-1-ft/20241108_085007_056.jpg,2346.0,213.0,27.13317083485172
100,0.0,0.0,0.0,0.0,0.0,0.0,0.0,0.0,0.0,0.0,0.0,0.0,0.0,0.0,0.0,0.0,0.0,0.0,0.0,0.0,0.0,0.0,0.0,0.0,0.0,0.0,0.0,0.0,0.0,0.0,0.0,0.0,0.0,0.0,0.0,0.0,0.0,0.0,0.0,0.0,0.0,0.0,0.0,0.0,0.0,0.0,0.0,0.0,0.0,0.0,0.0,0.0,1.0,2.0,2.0,2.0,3.0,4.0,5.0,5.0,5.0,5.8799999999999955,6.0,7.0,7.0,8.0,8.080000000000041,9.0,10.0,10.799999999999955,11.0,11.0,12.0,13.0,13.0,14.0,14.0,15.0,15.0,15.0,16.0,17.0,17.0,18.0,19.0,20.0,20.0,21.0,22.0,23.0,23.0,24.0,25.0,26.0,28.0,29.0,33.0,36.0,39.51999999999998,53.0,0.0,1000.5529412031174,1000.6745098233223,1000.811764717102,1000.9686274528503,2000.6745098233223,3000.2941176593304,3000.5137255191803,3000.6156862974167,3000.6980392336845,3001.0,148.78278198242188,156.59869384765625,161.54981994628906,165.41375732421875,168.92127990722656,172.37908935546875,176.09156494140626,181.12266235351564,193.446044921875,347.3807373046875,237.20645,0.0,test_data/Useful/Validation/rice-at-1-ft/20241108_085007_057.jpg,2349.0,206.0,29.37685852428564
101,0.0,0.0,0.0,0.0,0.0,0.0,0.0,0.0,0.0,0.0,0.0,0.0,0.0,0.0,0.0,0.0,0.0,0.0,0.0,0.0,0.0,0.0,0.0,0.0,0.0,0.0,0.0,0.0,0.0,0.0,0.0,0.0,0.0,0.0,0.0,0.0,0.0,0.0,0.0,0.0,0.0,0.0,0.0,0.0,0.0,0.0,0.0,0.0,0.0,0.0,1.0,2.0,2.7200000000000273,3.0,4.0,4.0,4.67999999999995,5.0,6.0,6.0,7.0,7.0,7.0,8.0,8.0,9.0,9.0,9.0,10.0,10.799999999999955,11.0,11.0,12.0,12.759999999999991,13.0,13.0,14.0,14.0,15.0,15.0,15.0,16.0,16.0,17.0,17.399999999999977,18.0,18.0,19.120000000000005,20.360000000000014,22.0,23.0,24.0,24.32000000000005,26.559999999999945,28.0,30.0,34.0,35.51999999999998,38.75999999999999,57.0,0.0,1000.5294117927551,1000.6549019813538,1000.7803921699524,1000.933333337307,2000.5764706134796,3000.2549019753933,3000.486274510622,3000.600000023842,3000.6823529601097,3001.0,148.417578125,156.19798278808594,161.149169921875,165.0660400390625,168.581787109375,171.9566650390625,175.6616683959961,180.5986785888672,193.06826782226562,347.2947692871094,237.1733,0.0,test_data/Useful/Validation/rice-at-1-ft/20241108_085007_058.jpg,2368.0,210.0,28.34178861315675
102,0.0,0.0,0.0,0.0,0.0,0.0,0.0,0.0,0.0,0.0,0.0,0.0,0.0,0.0,0.0,0.0,0.0,0.0,0.0,0.0,0.0,0.0,0.0,0.0,0.0,0.0,0.0,0.0,0.0,0.0,0.0,0.0,0.0,0.0,0.0,0.0,0.0,0.0,0.0,0.0,0.0,0.0,0.0,0.0,0.0,0.0,0.0,0.0,1.0,1.0,2.0,2.0,3.0,3.0,3.2000000000000455,4.0,4.0,4.919999999999959,5.0,6.0,6.0,7.0,7.0,8.0,9.0,9.840000000000032,10.0,11.0,11.0,12.0,12.0,13.0,13.0,14.0,14.0,15.0,16.0,16.0,16.0,16.0,17.0,17.0,18.0,18.0,19.0,19.0,20.0,20.0,21.360000000000014,23.0,24.0,24.0,25.0,26.0,27.799999999999955,30.0,32.0,33.51999999999998,37.51999999999998,50.0,0.0,1000.5254902243614,1000.65098041296,1000.7764706015587,1000.9294117689133,2000.5372549295425,3000.2352941185236,3000.4784313738346,3000.5921568870544,3000.678431391716,3001.0,148.4235076904297,156.1841278076172,161.06385803222656,164.98681640625,168.41619110107422,171.83410034179687,175.52040100097656,180.36627197265625,192.86805725097656,347.2804260253906,237.27798,0.0,test_data/Useful/Validation/rice-at-1-ft/20241108_085007_059.jpg,2372.0,219.0,30.881771004310885
103,0.0,0.0,0.0,0.0,0.0,0.0,0.0,0.0,0.0,0.0,0.0,0.0,0.0,0.0,0.0,0.0,0.0,0.0,0.0,0.0,0.0,0.0,0.0,0.0,0.0,0.0,0.0,0.0,0.0,0.0,0.0,0.0,0.0,0.0,0.0,0.0,0.0,0.0,0.0,0.0,0.0,0.0,0.0,0.0,0.0,0.0,0.0,0.0,0.0,1.0,2.0,2.0,2.0,3.0,4.0,4.0,4.0,5.0,6.0,6.0,7.0,7.0,8.0,8.0,9.0,9.0,9.0,10.0,11.0,12.0,12.039999999999964,13.0,13.0,14.0,14.0,15.0,15.0,15.0,16.0,16.0,16.0,17.0,17.0,17.159999999999968,18.0,19.0,19.0,20.0,21.0,22.0,24.0,26.0,26.32000000000005,27.0,28.799999999999955,31.0,33.0,36.07999999999993,40.0,76.0,0.0,1000.5215686559677,1000.6431372761726,1000.7686274647713,1000.9176470637321,2000.5019608139992,3000.215686276555,3000.4666666686535,3000.584313750267,3000.6705882549286,3001.0,147.6524658203125,155.49166870117188,160.41567993164062,164.4219207763672,167.9527587890625,171.40281677246094,175.18780975341798,180.1989776611328,192.6967010498047,347.2430419921875,237.52357,0.0,test_data/Useful/Validation/rice-at-1-ft/20241108_085007_060.jpg,2360.0,215.0,24.08304869063895
104,0.0,0.0,0.0,0.0,0.0,0.0,0.0,0.0,0.0,0.0,0.0,0.0,0.0,0.0,0.0,0.0,0.0,0.0,0.0,0.0,0.0,0.0,0.0,0.0,0.0,0.0,0.0,0.0,0.0,0.0,0.0,0.0,0.0,0.0,0.0,0.0,0.0,0.0,0.0,0.0,0.0,0.0,0.0,0.0,0.0,0.0,0.0,0.5199999999999818,1.0,2.0,2.0,3.0,3.0,4.0,4.0,4.0,5.0,5.0,6.0,7.0,8.0,8.0,9.0,9.0,10.0,10.0,11.0,11.0,11.0,12.0,12.0,13.0,13.0,14.0,15.0,15.0,15.0,16.0,16.0,17.0,17.0,18.0,18.0,18.159999999999968,19.0,19.0,20.0,20.120000000000005,21.0,21.0,22.0,24.0,25.0,26.559999999999945,28.0,30.0,33.0,34.51999999999998,42.75999999999999,66.0,0.0,1000.5215686559677,1000.6431372761726,1000.772549033165,1000.9176470637321,2000.4823529422283,3000.1960784345865,3000.4549019634724,3000.5764706134796,3000.662745118141,3001.0,147.87548828125,155.47799682617188,160.4792022705078,164.464453125,167.95487213134766,171.40543518066406,175.26541595458986,180.38170166015624,193.19464111328125,347.2142028808594,237.44818,0.0,test_data/Useful/Validation/rice-at-1-ft/20241108_085007_061.jpg,2420.0,231.0,33.2308802992089
0,0.0,0.0,0.0,0.0,0.0,0.0,0.0,0.0,0.0,0.0,0.0,0.0,0.0,0.0,0.0,0.0,0.0,0.0,0.0,0.0,0.0,0.0,0.0,0.0,0.0,0.0,0.0,0.0,0.0,0.0,0.0,0.0,0.0,0.0,0.0,0.0,0.0,0.0,0.0,0.0,0.0,0.0,0.0,0.0,0.0,0.0,0.0,0.0,0.0,0.0,0.0,0.0,0.0,0.0,0.0,0.0,0.0,0.0,0.0,0.0,0.0,0.0,0.0,0.0,0.0,0.0,0.0,0.0,0.0,0.0,0.0,0.0,0.0,0.0,0.0,0.0,0.0,0.0,0.0,0.0,0.0,0.0,0.0,0.0,0.0,0.0,0.0,0.0,2.0,4.0,6.0,8.080000000000041,11.0,13.0,14.0,15.0,16.279999999999973,18.519999999999982,24.0,39.0,0.0,1000.3686274588108,1000.5254902243614,1000.6156862974167,1000.7019608020782,1000.8862745165825,2000.3725490272045,2000.6705882549286,3000.376470595598,3000.611764729023,3001.0,154.73228759765624,162.39784240722656,167.20584106445312,171.07765197753906,174.5486297607422,177.80849609375,181.3416000366211,185.84893798828125,195.5640411376953,347.00250244140625,227.27522,0.0,test_data/Useful/Validation/rice-at-2-ft/20241108_085554_008.jpg,2953.0,50.0,61.75462751961155
1,0.0,0.0,0.0,0.0,0.0,0.0,0.0,0.0,0.0,0.0,0.0,0.0,0.0,0.0,0.0,0.0,0.0,0.0,0.0,0.0,0.0,0.0,0.0,0.0,0.0,0.0,0.0,0.0,0.0,0.0,0.0,0.0,0.0,0.0,0.0,0.0,0.0,0.0,0.0,0.0,0.0,0.0,0.0,0.0,0.0,0.0,0.0,0.0,0.0,0.0,0.0,0.0,0.0,0.0,0.0,0.0,0.0,0.0,0.0,0.0,0.0,0.0,0.0,0.0,0.0,0.0,0.0,0.0,0.0,0.0,0.0,0.0,0.0,0.0,0.0,0.0,0.0,0.0,0.0,0.0,0.0,0.0,0.0,0.0,0.0,0.0,0.0,1.1200000000000045,3.3600000000000136,5.0,6.0,8.0,10.0,12.0,15.0,16.039999999999964,19.0,21.039999999999964,25.0,51.0,0.0,1000.3725490272045,1000.5294117927551,1000.6196078658104,1000.705882370472,1000.8901960849762,2000.380392163992,2000.6705882549286,3000.376470595598,3000.6078431606293,3001.0,154.71873016357424,162.2610321044922,167.1483612060547,171.03445434570312,174.45773315429688,177.73300170898438,181.2554931640625,185.6992950439453,195.4165802001953,346.9993591308594,227.72844,0.0,test_data/Useful/Validation/rice-at-2-ft/20241108_085554_009.jpg,2959.0,54.0,63.6935872213217
2,0.0,0.0,0.0,0.0,0.0,0.0,0.0,0.0,0.0,0.0,0.0,0.0,0.0,0.0,0.0,0.0,0.0,0.0,0.0,0.0,0.0,0.0,0.0,0.0,0.0,0.0,0.0,0.0,0.0,0.0,0.0,0.0,0.0,0.0,0.0,0.0,0.0,0.0,0.0,0.0,0.0,0.0,0.0,0.0,0.0,0.0,0.0,0.0,0.0,0.0,0.0,0.0,0.0,0.0,0.0,0.0,0.0,0.0,0.0,0.0,0.0,0.0,0.0,0.0,0.0,0.0,0.0,0.0,0.0,0.0,0.0,0.0,0.0,0.0,0.0,0.0,0.0,0.0,0.0,0.0,0.0,0.0,0.0,0.0,0.0,0.0,0.8799999999999955,2.0,3.0,5.0,6.840000000000032,9.0,9.0,11.0,14.0,15.039999999999964,17.279999999999973,20.0,26.75999999999999,43.0,0.0,1000.3686274588108,1000.5254902243614,1000.6196078658104,1000.705882370472,1000.8901960849762,2000.3882353007793,2000.678431391716,3000.3843137323856,3000.611764729023,3001.0,154.65011291503907,162.31787719726563,167.21279602050782,171.02639770507812,174.46673583984375,177.76235961914062,181.27244567871094,185.77679443359375,195.63058471679688,347.001953125,227.7933,0.0,test_data/Useful/Validation/rice-at-2-ft/20241108_085554_010.jpg,2990.0,52.0,62.46570079200356
3,0.0,0.0,0.0,0.0,0.0,0.0,0.0,0.0,0.0,0.0,0.0,0.0,0.0,0.0,0.0,0.0,0.0,0.0,0.0,0.0,0.0,0.0,0.0,0.0,0.0,0.0,0.0,0.0,0.0,0.0,0.0,0.0,0.0,0.0,0.0,0.0,0.0,0.0,0.0,0.0,0.0,0.0,0.0,0.0,0.0,0.0,0.0,0.0,0.0,0.0,0.0,0.0,0.0,0.0,0.0,0.0,0.0,0.0,0.0,0.0,0.0,0.0,0.0,0.0,0.0,0.0,0.0,0.0,0.0,0.0,0.0,0.0,0.0,0.0,0.0,0.0,0.0,0.0,0.0,0.0,0.0,0.0,0.0,0.0,0.0,0.0,0.0,0.0,0.0,0.0,1.8400000000000318,5.0,6.32000000000005,8.559999999999945,10.0,14.0,15.279999999999973,20.0,23.0,53.0,0.0,1000.3686274588108,1000.5254902243614,1000.6156862974167,1000.7019608020782,1000.8784313797951,2000.364705890417,2000.6705882549286,3000.376470595598,3000.6078431606293,3001.0,154.621337890625,162.3904266357422,167.20452880859375,171.11636352539062,174.4872283935547,177.74640808105468,181.2822998046875,185.7667419433594,195.49330139160156,347.00164794921875,227.69559,0.0,test_data/Useful/Validation/rice-at-2-ft/20241108_085554_011.jpg,2997.0,40.0,57.60231492841064
4,0.0,0.0,0.0,0.0,0.0,0.0,0.0,0.0,0.0,0.0,0.0,0.0,0.0,0.0,0.0,0.0,0.0,0.0,0.0,0.0,0.0,0.0,0.0,0.0,0.0,0.0,0.0,0.0,0.0,0.0,0.0,0.0,0.0,0.0,0.0,0.0,0.0,0.0,0.0,0.0,0.0,0.0,0.0,0.0,0.0,0.0,0.0,0.0,0.0,0.0,0.0,0.0,0.0,0.0,0.0,0.0,0.0,0.0,0.0,0.0,0.0,0.0,0.0,0.0,0.0,0.0,0.0,0.0,0.0,0.0,0.0,0.0,0.0,0.0,0.0,0.0,0.0,0.0,0.0,0.0,0.0,0.0,0.0,0.0,0.0,0.0,0.0,1.0,1.3600000000000136,4.600000000000023,6.0,7.080000000000041,9.0,11.559999999999945,14.0,16.0,17.0,21.0,24.75999999999999,51.0,0.0,1000.3686274588108,1000.5254902243614,1000.6156862974167,1000.7019608020782,1000.8784313797951,2000.3686274588108,2000.6705882549286,3000.3725490272045,3000.6078431606293,3001.0,154.63616485595702,162.26565551757812,167.15699310302733,171.01060791015624,174.46900939941406,177.7797088623047,181.2847900390625,185.79824829101562,195.6491241455078,347.0047607421875,227.61472,0.0,test_data/Useful/Validation/rice-at-2-ft/20241108_085554_012.jpg,2920.0,52.0,61.236159691107204
5,0.0,0.0,0.0,0.0,0.0,0.0,0.0,0.0,0.0,0.0,0.0,0.0,0.0,0.0,0.0,0.0,0.0,0.0,0.0,0.0,0.0,0.0,0.0,0.0,0.0,0.0,0.0,0.0,0.0,0.0,0.0,0.0,0.0,0.0,0.0,0.0,0.0,0.0,0.0,0.0,0.0,0.0,0.0,0.0,0.0,0.0,0.0,0.0,0.0,0.0,0.0,0.0,0.0,0.0,0.0,0.0,0.0,0.0,0.0,0.0,0.0,0.0,0.0,0.0,0.0,0.0,0.0,0.0,0.0,0.0,0.0,0.0,0.0,0.0,0.0,0.0,0.0,0.0,0.0,0.0,0.0,0.0,0.0,0.0,0.0,0.0,0.0,1.0,2.0,4.0,6.0,7.0,8.0,9.0,11.0,13.0,15.0,18.0,21.0,46.0,0.0,1000.3647058904171,1000.5215686559677,1000.6078431606293,1000.6823529601097,1000.8235294222832,2000.2509804069996,2000.6196078658104,3000.2823529541492,3000.5921568870544,3001.0,154.34800415039064,161.83225708007814,166.78565979003906,170.6424102783203,174.0655059814453,177.317041015625,180.9189666748047,185.47203063964844,195.71896362304688,347.0486755371094,228.26082,0.0,test_data/Useful/Validation/rice-at-2-ft/20241108_085554_019.jpg,3098.0,42.0,59.471530157355126
6,0.0,0.0,0.0,0.0,0.0,0.0,0.0,0.0,0.0,0.0,0.0,0.0,0.0,0.0,0.0,0.0,0.0,0.0,0.0,0.0,0.0,0.0,0.0,0.0,0.0,0.0,0.0,0.0,0.0,0.0,0.0,0.0,0.0,0.0,0.0,0.0,0.0,0.0,0.0,0.0,0.0,0.0,0.0,0.0,0.0,0.0,0.0,0.0,0.0,0.0,0.0,0.0,0.0,0.0,0.0,0.0,0.0,0.0,0.0,0.0,0.0,0.0,0.0,0.0,0.0,0.0,0.0,0.0,0.0,0.0,0.0,0.0,0.0,0.0,0.0,0.0,0.0,0.0,0.0,0.0,0.0,0.0,0.0,0.0,0.0,1.0,1.8799999999999955,5.0,6.0,7.600000000000023,9.0,9.0,10.32000000000005,13.0,15.0,16.0,17.0,18.519999999999982,22.75999999999999,34.0,0.0,1000.3607843220234,1000.517647087574,1000.6078431606293,1000.6862745285034,1000.8352941274643,2000.2745098173618,2000.623529434204,3000.2549019753933,3000.5882353186607,3001.0,154.4596405029297,162.12221984863282,167.05369567871094,170.94522094726562,174.3193359375,177.63949584960938,181.19981384277344,185.76414489746094,195.89535522460938,347.047119140625,228.09,0.0,test_data/Useful/Validation/rice-at-2-ft/20241108_085554_020.jpg,3140.0,56.0,59.780484091090955
7,0.0,0.0,0.0,0.0,0.0,0.0,0.0,0.0,0.0,0.0,0.0,0.0,0.0,0.0,0.0,0.0,0.0,0.0,0.0,0.0,0.0,0.0,0.0,0.0,0.0,0.0,0.0,0.0,0.0,0.0,0.0,0.0,0.0,0.0,0.0,0.0,0.0,0.0,0.0,0.0,0.0,0.0,0.0,0.0,0.0,0.0,0.0,0.0,0.0,0.0,0.0,0.0,0.0,0.0,0.0,0.0,0.0,0.0,0.0,0.0,0.0,0.0,0.0,0.0,0.0,0.0,0.0,0.0,0.0,0.0,0.0,0.0,0.0,0.0,0.0,0.0,0.0,0.0,0.0,0.0,0.0,0.0,0.0,0.0,0.0,0.0,1.8799999999999955,4.0,5.0,7.0,8.0,10.0,12.0,14.0,15.0,17.0,18.0,19.0,21.0,50.0,0.0,1000.3647058904171,1000.5215686559677,1000.6078431606293,1000.6862745285034,1000.8352941274643,2000.2745098173618,2000.6196078658104,3000.2509804069996,3000.5882353186607,3001.0,154.37887573242188,161.96632385253906,166.85447692871094,170.75963134765627,174.18781280517578,177.43887634277343,180.97447204589844,185.47015380859375,195.76133728027344,347.05670166015625,227.87158,0.0,test_data/Useful/Validation/rice-at-2-ft/20241108_085554_021.jpg,3090.0,56.0,58.303000831703244
8,0.0,0.0,0.0,0.0,0.0,0.0,0.0,0.0,0.0,0.0,0.0,0.0,0.0,0.0,0.0,0.0,0.0,0.0,0.0,0.0,0.0,0.0,0.0,0.0,0.0,0.0,0.0,0.0,0.0,0.0,0.0,0.0,0.0,0.0,0.0,0.0,0.0,0.0,0.0,0.0,0.0,0.0,0.0,0.0,0.0,0.0,0.0,0.0,0.0,0.0,0.0,0.0,0.0,0.0,0.0,0.0,0.0,0.0,0.0,0.0,0.0,0.0,0.0,0.0,0.0,0.0,0.0,0.0,0.0,0.0,0.0,0.0,0.0,0.0,0.0,0.0,0.0,0.0,0.0,0.0,0.0,0.0,0.0,0.0,0.0,0.0,0.0,0.0,1.3600000000000136,3.0,5.0,7.0,9.0,10.0,12.799999999999955,15.0,19.0,20.519999999999982,23.0,39.0,0.0,1000.3725490272045,1000.5254902243614,1000.6156862974167,1000.6941176652908,1000.8588235378265,2000.3215686380863,2000.6313725709915,3000.258823543787,3000.5921568870544,3001.0,154.1666046142578,161.87244873046876,166.74923553466797,170.6584014892578,174.07135009765625,177.35867309570312,180.9413299560547,185.4596435546875,195.7197265625,347.06072998046875,227.93661,0.0,test_data/Useful/Validation/rice-at-2-ft/20241108_085554_022.jpg,3148.0,48.0,59.71960427162998
9,0.0,0.0,0.0,0.0,0.0,0.0,0.0,0.0,0.0,0.0,0.0,0.0,0.0,0.0,0.0,0.0,0.0,0.0,0.0,0.0,0.0,0.0,0.0,0.0,0.0,0.0,0.0,0.0,0.0,0.0,0.0,0.0,0.0,0.0,0.0,0.0,0.0,0.0,0.0,0.0,0.0,0.0,0.0,0.0,0.0,0.0,0.0,0.0,0.0,0.0,0.0,0.0,0.0,0.0,0.0,0.0,0.0,0.0,0.0,0.0,0.0,0.0,0.0,0.0,0.0,0.0,0.0,0.0,0.0,0.0,0.0,0.0,0.0,0.0,0.0,0.0,0.0,0.0,0.0,0.0,0.0,0.0,0.0,0.0,0.0,0.0,1.0,3.0,4.0,5.0,7.840000000000032,9.080000000000041,11.0,12.559999999999945,14.799999999999955,17.0,18.0,20.519999999999982,23.75999999999999,35.0,0.0,1000.3725490272045,1000.5254902243614,1000.6156862974167,1000.6941176652908,1000.8627451062202,2000.3372549116611,2000.6431372761726,3000.2823529541492,3000.596078455448,3001.0,154.5312057495117,162.188525390625,167.08805236816406,170.9070587158203,174.36199951171875,177.6925048828125,181.167919921875,185.69506225585937,195.79942321777344,347.0663757324219,227.70444,0.0,test_data/Useful/Validation/rice-at-2-ft/20241108_085554_023.jpg,3120.0,52.0,62.57190324892077
10,0.0,0.0,0.0,0.0,0.0,0.0,0.0,0.0,0.0,0.0,0.0,0.0,0.0,0.0,0.0,0.0,0.0,0.0,0.0,0.0,0.0,0.0,0.0,0.0,0.0,0.0,0.0,0.0,0.0,0.0,0.0,0.0,0.0,0.0,0.0,0.0,0.0,0.0,0.0,0.0,0.0,0.0,0.0,0.0,0.0,0.0,0.0,0.0,0.0,0.0,0.0,0.0,0.0,0.0,0.0,0.0,0.0,0.0,0.0,0.0,0.0,0.0,0.0,0.0,0.0,0.0,0.0,0.0,0.0,0.0,0.0,0.0,0.0,0.0,0.0,0.0,0.0,0.0,0.0,0.0,0.0,1.0,2.0,2.159999999999968,3.0,4.0,6.0,7.0,8.0,8.0,10.0,11.080000000000041,13.0,14.0,15.0,17.0,18.0,19.0,25.519999999999982,37.0,0.0,1000.3882353007793,1000.5372549295425,1000.6196078658104,1000.6980392336845,1000.8745098114014,2000.3686274588108,2000.6666666865349,3000.341176480055,3000.6039215922356,3001.0,153.84546813964843,161.51714477539065,166.44180297851562,170.35499572753906,173.76287841796875,177.08116149902344,180.71983337402344,185.37213134765625,195.94808959960938,347.0995788574219,228.19308,0.0,test_data/Useful/Validation/rice-at-2-ft/20241108_085554_030.jpg,3162.0,67.0,57.41333014136825
11,0.0,0.0,0.0,0.0,0.0,0.0,0.0,0.0,0.0,0.0,0.0,0.0,0.0,0.0,0.0,0.0,0.0,0.0,0.0,0.0,0.0,0.0,0.0,0.0,0.0,0.0,0.0,0.0,0.0,0.0,0.0,0.0,0.0,0.0,0.0,0.0,0.0,0.0,0.0,0.0,0.0,0.0,0.0,0.0,0.0,0.0,0.0,0.0,0.0,0.0,0.0,0.0,0.0,0.0,0.0,0.0,0.0,0.0,0.0,0.0,0.0,0.0,0.0,0.0,0.0,0.0,0.0,0.0,0.0,0.0,0.0,0.0,0.0,0.0,0.0,0.0,0.0,0.0,0.0,0.0,0.0,0.0,0.0,0.15999999999996817,1.0,2.0,3.0,4.1200000000000045,6.0,8.0,8.0,11.0,12.0,13.0,15.0,15.0,16.0,18.519999999999982,21.0,50.0,0.0,1000.3843137323856,1000.5372549295425,1000.6196078658104,1000.6980392336845,1000.8745098114014,2000.3764705955982,2000.6666666865349,3000.3294117748737,3000.6039215922356,3001.0,154.06663513183594,161.886962890625,166.81768798828125,170.64695739746094,174.04212951660156,177.3355255126953,180.87625427246093,185.45130615234376,195.89045867919924,347.097412109375,227.60817,0.0,test_data/Useful/Validation/rice-at-2-ft/20241108_085554_031.jpg,3093.0,60.0,60.04944329862178
12,0.0,0.0,0.0,0.0,0.0,0.0,0.0,0.0,0.0,0.0,0.0,0.0,0.0,0.0,0.0,0.0,0.0,0.0,0.0,0.0,0.0,0.0,0.0,0.0,0.0,0.0,0.0,0.0,0.0,0.0,0.0,0.0,0.0,0.0,0.0,0.0,0.0,0.0,0.0,0.0,0.0,0.0,0.0,0.0,0.0,0.0,0.0,0.0,0.0,0.0,0.0,0.0,0.0,0.0,0.0,0.0,0.0,0.0,0.0,0.0,0.0,0.0,0.0,0.0,0.0,0.0,0.0,0.0,0.0,0.0,0.0,0.0,0.0,0.0,0.0,0.0,0.0,0.0,0.0,0.0,0.0,0.0,0.0,0.0,0.0,0.0,2.0,3.0,4.0,6.0,7.840000000000032,9.080000000000041,11.0,12.0,14.0,15.039999999999964,17.0,18.0,21.0,31.0,0.0,1000.4000000059605,1000.54509806633,1000.6313725709915,1000.7137255072594,1000.9098039269447,2000.4117647111416,2000.6823529601097,3000.3568627536297,3000.6078431606293,3001.0,154.35641479492188,162.0083770751953,166.9054412841797,170.7513427734375,174.19471740722656,177.48883056640625,181.04971313476562,185.6001434326172,195.97531127929688,347.107177734375,227.59026,0.0,test_data/Useful/Validation/rice-at-2-ft/20241108_085554_032.jpg,3110.0,51.0,64.69533326798077
13,0.0,0.0,0.0,0.0,0.0,0.0,0.0,0.0,0.0,0.0,0.0,0.0,0.0,0.0,0.0,0.0,0.0,0.0,0.0,0.0,0.0,0.0,0.0,0.0,0.0,0.0,0.0,0.0,0.0,0.0,0.0,0.0,0.0,0.0,0.0,0.0,0.0,0.0,0.0,0.0,0.0,0.0,0.0,0.0,0.0,0.0,0.0,0.0,0.0,0.0,0.0,0.0,0.0,0.0,0.0,0.0,0.0,0.0,0.0,0.0,0.0,0.0,0.0,0.0,0.0,0.0,0.0,0.0,0.0,0.0,0.0,0.0,0.0,0.0,0.0,0.0,0.0,0.0,0.0,0.0,0.0,0.0,0.0,0.0,0.0,1.0,2.8799999999999955,4.0,6.0,8.0,9.0,11.0,12.0,13.0,14.0,15.0,16.0,17.519999999999982,21.0,33.0,0.0,1000.4000000059605,1000.54509806633,1000.6313725709915,1000.7176470756531,1000.9176470637321,2000.419607847929,2000.6823529601097,3000.3607843220234,3000.6078431606293,3001.0,154.24014282226562,161.87425231933594,166.806884765625,170.7292938232422,174.16836547851562,177.46559143066406,180.97975158691406,185.62887573242188,195.79989624023438,347.1081848144531,227.37186,0.0,test_data/Useful/Validation/rice-at-2-ft/20241108_085554_033.jpg,3101.0,57.0,58.592639772873035
14,0.0,0.0,0.0,0.0,0.0,0.0,0.0,0.0,0.0,0.0,0.0,0.0,0.0,0.0,0.0,0.0,0.0,0.0,0.0,0.0,0.0,0.0,0.0,0.0,0.0,0.0,0.0,0.0,0.0,0.0,0.0,0.0,0.0,0.0,0.0,0.0,0.0,0.0,0.0,0.0,0.0,0.0,0.0,0.0,0.0,0.0,0.0,0.0,0.0,0.0,0.0,0.0,0.0,0.0,0.0,0.0,0.0,0.0,0.0,0.0,0.0,0.0,0.0,0.0,0.0,0.0,0.0,0.0,0.0,0.0,0.0,0.0,0.0,0.0,0.0,0.0,0.0,0.0,0.0,0.0,0.0,0.0,0.0,0.0,0.0,0.0,1.0,2.0,3.3600000000000136,5.0,6.0,8.0,9.32000000000005,11.0,13.0,15.0,16.0,18.0,21.519999999999982,37.0,0.0,1000.4078431427479,1000.5529412031174,1000.6392157077789,1000.7294117808342,1000.9450980424881,2000.447058826685,2000.6941176652908,3000.3843137323856,3000.611764729023,3001.0,154.33102416992188,161.9763946533203,166.87721252441406,170.75515747070312,174.17562866210938,177.49972534179688,181.05064392089844,185.6524444580078,195.75433654785155,347.110107421875,227.20322,0.0,test_data/Useful/Validation/rice-at-2-ft/20241108_085554_034.jpg,3098.0,52.0,58.823097805708834
15,0.0,0.0,0.0,0.0,0.0,0.0,0.0,0.0,0.0,0.0,0.0,0.0,0.0,0.0,0.0,0.0,0.0,0.0,0.0,0.0,0.0,0.0,0.0,0.0,0.0,0.0,0.0,0.0,0.0,0.0,0.0,0.0,0.0,0.0,0.0,0.0,0.0,0.0,0.0,0.0,0.0,0.0,0.0,0.0,0.0,0.0,0.0,0.0,0.0,0.0,0.0,0.0,0.0,0.0,0.0,0.0,0.0,0.0,0.0,0.0,0.0,0.0,0.0,0.0,0.0,0.0,0.0,0.0,0.0,0.0,0.0,0.0,0.0,0.0,0.0,0.0,0.0,0.0,0.0,0.0,0.0,1.0,1.0,2.0,3.0,4.0,5.0,7.0,8.0,9.0,9.0,11.0,12.32000000000005,14.0,15.0,16.0,17.279999999999973,21.0,24.75999999999999,40.0,0.0,1000.3764705955982,1000.5294117927551,1000.611764729023,1000.6823529601097,1000.811764717102,1000.9686274528503,2000.458823531866,2000.8235294222832,3000.556862771511,3001.0,153.63304138183594,161.30538940429688,166.27438354492188,170.1604461669922,173.59246826171875,176.86676025390625,180.42920532226563,185.02464599609377,195.49560546875,347.2753601074219,229.77058,0.0,test_data/Useful/Validation/rice-at-2-ft/20241108_085554_057.jpg,3070.0,66.0,62.45000099744958
16,0.0,0.0,0.0,0.0,0.0,0.0,0.0,0.0,0.0,0.0,0.0,0.0,0.0,0.0,0.0,0.0,0.0,0.0,0.0,0.0,0.0,0.0,0.0,0.0,0.0,0.0,0.0,0.0,0.0,0.0,0.0,0.0,0.0,0.0,0.0,0.0,0.0,0.0,0.0,0.0,0.0,0.0,0.0,0.0,0.0,0.0,0.0,0.0,0.0,0.0,0.0,0.0,0.0,0.0,0.0,0.0,0.0,0.0,0.0,0.0,0.0,0.0,0.0,0.0,0.0,0.0,0.0,0.0,0.0,0.0,0.0,0.0,0.0,0.0,0.0,0.0,0.0,0.0,0.0,0.0,1.4400000000000546,2.67999999999995,3.919999999999959,4.0,5.0,6.0,7.0,8.120000000000005,9.0,10.0,11.840000000000032,14.0,14.32000000000005,15.0,16.799999999999955,17.0,18.0,20.0,25.0,38.0,0.0,1000.3764705955982,1000.5294117927551,1000.611764729023,1000.6823529601097,1000.8078431487083,1000.9607843160629,2000.4431372582912,2000.8078431487083,3000.5529412031174,3001.0,153.5214614868164,161.0774383544922,166.03622436523438,169.95968322753907,173.37158966064453,176.7057312011719,180.2641845703125,184.91616516113282,195.31615295410157,347.2860412597656,229.59349,0.0,test_data/Useful/Validation/rice-at-2-ft/20241108_085554_058.jpg,3057.0,78.0,60.2291258766077
17,0.0,0.0,0.0,0.0,0.0,0.0,0.0,0.0,0.0,0.0,0.0,0.0,0.0,0.0,0.0,0.0,0.0,0.0,0.0,0.0,0.0,0.0,0.0,0.0,0.0,0.0,0.0,0.0,0.0,0.0,0.0,0.0,0.0,0.0,0.0,0.0,0.0,0.0,0.0,0.0,0.0,0.0,0.0,0.0,0.0,0.0,0.0,0.0,0.0,0.0,0.0,0.0,0.0,0.0,0.0,0.0,0.0,0.0,0.0,0.0,0.0,0.0,0.0,0.0,0.0,0.0,0.0,0.0,0.0,0.0,0.0,0.0,0.0,0.0,0.0,0.0,0.0,0.0,0.0,0.0,0.0,0.0,0.0,1.1599999999999682,3.0,4.0,5.0,7.0,8.0,10.0,10.0,12.0,13.0,14.0,15.0,16.0,18.0,18.519999999999982,26.279999999999973,41.0,0.0,1000.3725490272045,1000.5294117927551,1000.611764729023,1000.6823529601097,1000.8039215803146,1000.9607843160629,2000.4392156898975,2000.7921568751335,3000.5490196347237,3001.0,153.54849243164062,161.23599243164062,166.11488342285156,170.06629943847656,173.51112365722656,176.72850036621094,180.29183959960938,184.95895385742188,195.5365753173828,347.2864990234375,229.36728,0.0,test_data/Useful/Validation/rice-at-2-ft/20241108_085554_059.jpg,3058.0,68.0,59.69972067367332
18,0.0,0.0,0.0,0.0,0.0,0.0,0.0,0.0,0.0,0.0,0.0,0.0,0.0,0.0,0.0,0.0,0.0,0.0,0.0,0.0,0.0,0.0,0.0,0.0,0.0,0.0,0.0,0.0,0.0,0.0,0.0,0.0,0.0,0.0,0.0,0.0,0.0,0.0,0.0,0.0,0.0,0.0,0.0,0.0,0.0,0.0,0.0,0.0,0.0,0.0,0.0,0.0,0.0,0.0,0.0,0.0,0.0,0.0,0.0,0.0,0.0,0.0,0.0,0.0,0.0,0.0,0.0,0.0,0.0,0.0,0.0,0.0,0.0,0.0,0.0,0.0,0.0,0.0,0.0,0.0,0.0,0.0,0.0,0.15999999999996817,2.0,3.0,4.0,6.0,7.360000000000014,8.600000000000023,10.0,10.080000000000041,11.32000000000005,13.0,14.0,15.039999999999964,18.0,19.0,22.75999999999999,37.0,0.0,1000.3764705955982,1000.5294117927551,1000.611764729023,1000.6823529601097,1000.8039215803146,1000.9607843160629,2000.4431372582912,2000.784313738346,3000.5490196347237,3001.0,153.53304138183594,161.11587524414062,166.08506774902344,169.90350341796875,173.34373474121094,176.63722534179686,180.2218795776367,184.92525024414064,195.5323028564453,347.2930603027344,228.91113,0.0,test_data/Useful/Validation/rice-at-2-ft/20241108_085554_060.jpg,3069.0,61.0,64.87127135758165
19,0.0,0.0,0.0,0.0,0.0,0.0,0.0,0.0,0.0,0.0,0.0,0.0,0.0,0.0,0.0,0.0,0.0,0.0,0.0,0.0,0.0,0.0,0.0,0.0,0.0,0.0,0.0,0.0,0.0,0.0,0.0,0.0,0.0,0.0,0.0,0.0,0.0,0.0,0.0,0.0,0.0,0.0,0.0,0.0,0.0,0.0,0.0,0.0,0.0,0.0,0.0,0.0,0.0,0.0,0.0,0.0,0.0,0.0,0.0,0.0,0.0,0.0,0.0,0.0,0.0,0.0,0.0,0.0,0.0,0.0,0.0,0.0,0.0,0.0,0.0,0.0,0.0,0.0,0.0,0.0,0.0,0.0,1.0,2.0,3.0,4.0,5.8799999999999955,7.0,8.0,9.600000000000023,12.0,13.0,14.0,15.0,15.0,17.0,19.279999999999973,21.0,25.0,42.0,0.0,1000.3764705955982,1000.5294117927551,1000.611764729023,1000.6823529601097,1000.8078431487083,1000.9607843160629,2000.458823531866,2000.7921568751335,3000.5490196347237,3001.0,153.09195251464843,160.9029571533203,165.7965850830078,169.692138671875,173.11607360839844,176.4705810546875,180.09507751464844,184.7299041748047,195.4595947265625,347.2926025390625,229.06262,0.0,test_data/Useful/Validation/rice-at-2-ft/20241108_085554_061.jpg,3085.0,70.0,55.99037505552583
20,0.0,0.0,0.0,0.0,0.0,0.0,0.0,0.0,0.0,0.0,0.0,0.0,0.0,0.0,0.0,0.0,0.0,0.0,0.0,0.0,0.0,0.0,0.0,0.0,0.0,0.0,0.0,0.0,0.0,0.0,0.0,0.0,0.0,0.0,0.0,0.0,0.0,0.0,0.0,0.0,0.0,0.0,0.0,0.0,0.0,0.0,0.0,0.0,0.0,0.0,0.0,0.0,0.0,0.0,0.0,0.0,0.0,0.0,0.0,0.0,0.0,0.0,0.0,0.0,0.0,0.0,0.0,0.0,0.0,0.0,0.0,0.0,0.0,0.0,0.0,0.0,0.0,0.0,0.0,0.0,1.0,2.0,3.0,5.0,6.0,8.0,8.0,10.0,11.0,13.0,13.840000000000032,15.0,15.0,16.0,16.0,17.0,18.279999999999973,21.0,24.0,38.0,0.0,1000.3764705955982,1000.5333333611488,1000.6156862974167,1000.6901960968971,1000.8235294222832,1000.972549021244,2000.4941176474094,2000.8196078538895,3000.5490196347237,3001.0,152.90776824951172,160.55373840332032,165.45213317871094,169.304931640625,172.75711059570312,176.06475524902342,179.6516571044922,184.39090270996093,195.41529693603516,347.3107604980469,230.56657,0.0,test_data/Useful/Validation/rice-at-2-ft/20241108_085554_068.jpg,3089.0,77.0,59.59460323970659
21,0.0,0.0,0.0,0.0,0.0,0.0,0.0,0.0,0.0,0.0,0.0,0.0,0.0,0.0,0.0,0.0,0.0,0.0,0.0,0.0,0.0,0.0,0.0,0.0,0.0,0.0,0.0,0.0,0.0,0.0,0.0,0.0,0.0,0.0,0.0,0.0,0.0,0.0,0.0,0.0,0.0,0.0,0.0,0.0,0.0,0.0,0.0,0.0,0.0,0.0,0.0,0.0,0.0,0.0,0.0,0.0,0.0,0.0,0.0,0.0,0.0,0.0,0.0,0.0,0.0,0.0,0.0,0.0,0.0,0.0,0.0,0.0,0.0,0.0,0.0,0.0,0.0,1.0,2.0,3.0,3.0,4.0,5.0,6.0,7.0,8.0,10.0,11.0,12.0,13.0,14.0,15.0,15.0,16.0,17.0,18.0,19.0,21.0,26.0,38.0,0.0,1000.3764705955982,1000.5333333611488,1000.6156862974167,1000.6901960968971,1000.8313725590706,1000.9764705896378,2000.5333333611488,2000.866666674614,3000.560784339905,3001.0,152.40790252685548,160.05419921875,164.96098937988282,168.83453369140625,172.2718505859375,175.65647888183594,179.2813262939453,183.99070739746094,195.42787170410156,347.3227233886719,229.987,0.0,test_data/Useful/Validation/rice-at-2-ft/20241108_085554_069.jpg,3071.0,87.0,58.56497796402522
22,0.0,0.0,0.0,0.0,0.0,0.0,0.0,0.0,0.0,0.0,0.0,0.0,0.0,0.0,0.0,0.0,0.0,0.0,0.0,0.0,0.0,0.0,0.0,0.0,0.0,0.0,0.0,0.0,0.0,0.0,0.0,0.0,0.0,0.0,0.0,0.0,0.0,0.0,0.0,0.0,0.0,0.0,0.0,0.0,0.0,0.0,0.0,0.0,0.0,0.0,0.0,0.0,0.0,0.0,0.0,0.0,0.0,0.0,0.0,0.0,0.0,0.0,0.0,0.0,0.0,0.0,0.0,0.0,0.0,0.0,0.0,0.0,0.0,0.0,0.0,0.0,0.0,0.0,0.9600000000000364,1.0,2.0,3.67999999999995,4.0,5.0,6.0,7.639999999999986,8.0,9.0,10.0,10.0,11.0,12.0,12.32000000000005,14.0,15.0,16.039999999999964,18.0,20.519999999999982,25.75999999999999,36.0,0.0,1000.3803921639919,1000.5333333611488,1000.6156862974167,1000.6901960968971,1000.8313725590706,1000.9803921580315,2000.5372549295425,2000.878431379795,3000.560784339905,3001.0,152.5581787109375,160.3174591064453,165.30165100097656,169.16189575195312,172.6080551147461,175.9139190673828,179.54159240722657,184.21780090332032,195.34912109375,347.31658935546875,230.13315,0.0,test_data/Useful/Validation/rice-at-2-ft/20241108_085554_070.jpg,3149.0,73.0,55.215074916983276
23,0.0,0.0,0.0,0.0,0.0,0.0,0.0,0.0,0.0,0.0,0.0,0.0,0.0,0.0,0.0,0.0,0.0,0.0,0.0,0.0,0.0,0.0,0.0,0.0,0.0,0.0,0.0,0.0,0.0,0.0,0.0,0.0,0.0,0.0,0.0,0.0,0.0,0.0,0.0,0.0,0.0,0.0,0.0,0.0,0.0,0.0,0.0,0.0,0.0,0.0,0.0,0.0,0.0,0.0,0.0,0.0,0.0,0.0,0.0,0.0,0.0,0.0,0.0,0.0,0.0,0.0,0.0,0.0,0.0,0.0,0.0,0.0,0.0,0.0,0.0,0.0,0.0,0.0,0.0,1.0,2.0,3.0,3.0,5.0,5.399999999999977,7.0,8.0,9.0,10.0,11.0,13.0,14.0,15.0,16.0,17.0,19.0,20.0,22.0,24.0,44.0,0.0,1000.392156869173,1000.54509806633,1000.6235294342041,1000.705882370472,1000.8588235378265,1001.0,2000.572549045086,2000.9647058844566,3000.568627476692,3001.0,152.49526824951172,160.22647094726562,165.1981689453125,169.01438598632814,172.45996856689453,175.8339630126953,179.4430953979492,184.1506530761719,195.25131225585938,347.3153991699219,229.9228,0.0,test_data/Useful/Validation/rice-at-2-ft/20241108_085554_071.jpg,3109.0,82.0,57.39312204292625
24,0.0,0.0,0.0,0.0,0.0,0.0,0.0,0.0,0.0,0.0,0.0,0.0,0.0,0.0,0.0,0.0,0.0,0.0,0.0,0.0,0.0,0.0,0.0,0.0,0.0,0.0,0.0,0.0,0.0,0.0,0.0,0.0,0.0,0.0,0.0,0.0,0.0,0.0,0.0,0.0,0.0,0.0,0.0,0.0,0.0,0.0,0.0,0.0,0.0,0.0,0.0,0.0,0.0,0.0,0.0,0.0,0.0,0.0,0.0,0.0,0.0,0.0,0.0,0.0,0.0,0.0,0.0,0.0,0.0,0.0,0.0,0.0,0.0,0.0,0.0,0.0,0.0,1.0,2.0,3.0,3.4400000000000546,4.0,6.0,7.0,8.0,9.0,10.0,11.120000000000005,12.0,13.600000000000023,15.0,16.0,16.0,17.0,18.0,18.039999999999964,20.279999999999973,23.519999999999982,29.519999999999982,39.0,0.0,1000.392156869173,1000.54509806633,1000.6274510025978,1000.705882370472,1000.8549019694328,1001.0,2000.5764706134796,3000.086274512112,3000.572549045086,3001.0,152.74798583984375,160.3418212890625,165.19287109375,169.10934143066407,172.50746154785156,175.85618591308594,179.4998016357422,184.2067108154297,195.34417724609375,347.3135681152344,230.05222,0.0,test_data/Useful/Validation/rice-at-2-ft/20241108_085554_072.jpg,3169.0,93.0,59.90183145632017
25,0.0,0.0,0.0,0.0,0.0,0.0,0.0,0.0,0.0,0.0,0.0,0.0,0.0,0.0,0.0,0.0,0.0,0.0,0.0,0.0,0.0,0.0,0.0,0.0,0.0,0.0,0.0,0.0,0.0,0.0,0.0,0.0,0.0,0.0,0.0,0.0,0.0,0.0,0.0,0.0,0.0,0.0,0.0,0.0,0.0,0.0,0.0,0.0,0.0,0.0,0.0,0.0,0.0,0.0,0.0,0.0,0.0,0.0,0.0,0.0,0.0,0.0,0.0,0.0,0.0,0.0,0.0,0.0,0.0,0.0,0.0,0.0,0.0,0.0,0.0,1.0,2.0,3.0,3.0,4.0,5.0,5.0,6.0,6.0,7.0,8.0,9.0,10.0,10.360000000000014,11.0,12.0,13.0,15.0,15.0,16.0,17.0,19.0,20.0,22.75999999999999,44.0,0.0,1000.3960784375668,1000.5490196347237,1000.6352941393852,1000.7294117808342,1000.8862745165825,2000.1921568661928,2000.6745098233223,3000.32549020648,3000.5921568870544,3001.0,152.83067321777344,160.52621459960938,165.4092559814453,169.24557495117188,172.6559295654297,175.91958923339843,179.5593002319336,184.32695922851562,195.28871154785156,347.30950927734375,230.65485,0.0,test_data/Useful/Validation/rice-at-2-ft/20241108_085554_079.jpg,3186.0,86.0,55.417705477206354
26,0.0,0.0,0.0,0.0,0.0,0.0,0.0,0.0,0.0,0.0,0.0,0.0,0.0,0.0,0.0,0.0,0.0,0.0,0.0,0.0,0.0,0.0,0.0,0.0,0.0,0.0,0.0,0.0,0.0,0.0,0.0,0.0,0.0,0.0,0.0,0.0,0.0,0.0,0.0,0.0,0.0,0.0,0.0,0.0,0.0,0.0,0.0,0.0,0.0,0.0,0.0,0.0,0.0,0.0,0.0,0.0,0.0,0.0,0.0,0.0,0.0,0.0,0.0,0.0,0.0,0.0,0.0,0.0,0.0,0.0,0.0,0.0,0.0,0.0,0.0,0.0,0.0,1.0,2.0,2.0,3.0,3.0,5.0,5.0,6.0,7.0,8.0,10.0,10.0,11.600000000000023,13.0,13.0,14.32000000000005,15.0,16.0,17.0,19.0,21.0,31.0,46.0,0.0,1000.3960784375668,1000.5490196347237,1000.6352941393852,1000.7294117808342,1000.8862745165825,2000.203921571374,2000.678431391716,3000.337254911661,3000.596078455448,3001.0,152.54978942871094,160.21255493164062,165.11883544921875,169.009521484375,172.41778564453125,175.76499938964844,179.38436889648438,184.09323120117188,195.25209045410156,347.31304931640625,230.57127,0.0,test_data/Useful/Validation/rice-at-2-ft/20241108_085554_080.jpg,3181.0,83.0,59.626205791850396
27,0.0,0.0,0.0,0.0,0.0,0.0,0.0,0.0,0.0,0.0,0.0,0.0,0.0,0.0,0.0,0.0,0.0,0.0,0.0,0.0,0.0,0.0,0.0,0.0,0.0,0.0,0.0,0.0,0.0,0.0,0.0,0.0,0.0,0.0,0.0,0.0,0.0,0.0,0.0,0.0,0.0,0.0,0.0,0.0,0.0,0.0,0.0,0.0,0.0,0.0,0.0,0.0,0.0,0.0,0.0,0.0,0.0,0.0,0.0,0.0,0.0,0.0,0.0,0.0,0.0,0.0,0.0,0.0,0.0,0.0,0.0,0.0,0.0,0.0,0.0,0.0,0.0,1.0,2.0,3.0,4.0,5.0,5.0,6.0,7.0,8.0,9.0,10.0,11.360000000000014,12.0,14.0,15.0,15.0,16.0,17.0,18.0,20.0,22.519999999999982,26.0,41.0,0.0,1000.3960784375668,1000.5490196347237,1000.6352941393852,1000.7254902124405,1000.8823529481888,2000.1686274558306,2000.6823529601097,3000.337254911661,3000.596078455448,3001.0,152.3783721923828,160.15057373046875,165.01837158203125,168.89382934570312,172.29147338867188,175.61856079101562,179.2337646484375,183.94454956054688,195.0433578491211,347.3152160644531,230.81909,0.0,test_data/Useful/Validation/rice-at-2-ft/20241108_085554_081.jpg,3174.0,86.0,59.21415251828783
28,0.0,0.0,0.0,0.0,0.0,0.0,0.0,0.0,0.0,0.0,0.0,0.0,0.0,0.0,0.0,0.0,0.0,0.0,0.0,0.0,0.0,0.0,0.0,0.0,0.0,0.0,0.0,0.0,0.0,0.0,0.0,0.0,0.0,0.0,0.0,0.0,0.0,0.0,0.0,0.0,0.0,0.0,0.0,0.0,0.0,0.0,0.0,0.0,0.0,0.0,0.0,0.0,0.0,0.0,0.0,0.0,0.0,0.0,0.0,0.0,0.0,0.0,0.0,0.0,0.0,0.0,0.0,0.0,0.0,0.0,0.0,0.0,0.0,0.0,0.0,0.0,0.0,1.0,2.0,3.0,4.0,4.0,5.0,6.0,7.0,8.0,9.0,11.0,12.0,13.0,14.0,15.0,15.0,15.0,16.0,17.0,19.279999999999973,23.0,28.0,39.0,0.0,1000.3960784375668,1000.5490196347237,1000.6352941393852,1000.7254902124405,1000.8784313797951,2000.1529411822557,2000.6862745285034,3000.3490196168423,3000.596078455448,3001.0,152.4522705078125,160.0302276611328,164.97667083740234,168.85552062988282,172.2934799194336,175.64649047851563,179.2513900756836,183.92923278808595,195.2581787109375,347.31317138671875,231.43402,0.0,test_data/Useful/Validation/rice-at-2-ft/20241108_085554_082.jpg,3168.0,88.0,62.986053620280885
29,0.0,0.0,0.0,0.0,0.0,0.0,0.0,0.0,0.0,0.0,0.0,0.0,0.0,0.0,0.0,0.0,0.0,0.0,0.0,0.0,0.0,0.0,0.0,0.0,0.0,0.0,0.0,0.0,0.0,0.0,0.0,0.0,0.0,0.0,0.0,0.0,0.0,0.0,0.0,0.0,0.0,0.0,0.0,0.0,0.0,0.0,0.0,0.0,0.0,0.0,0.0,0.0,0.0,0.0,0.0,0.0,0.0,0.0,0.0,0.0,0.0,0.0,0.0,0.0,0.0,0.0,0.0,0.0,0.0,0.0,0.0,0.0,0.0,0.0,0.0,1.0,2.0,2.7200000000000273,3.0,4.2000000000000455,5.0,6.0,7.0,8.0,8.0,9.0,10.879999999999995,12.0,13.0,14.0,15.0,15.0,16.32000000000005,17.559999999999945,18.799999999999955,20.0,22.279999999999973,25.0,32.75999999999999,42.0,0.0,1000.392156869173,1000.5490196347237,1000.6352941393852,1000.7254902124405,1000.8823529481888,2000.176470592618,2000.6862745285034,3000.341176480055,3000.600000023842,3001.0,152.3074951171875,159.9298858642578,164.90056915283202,168.80213317871093,172.20208740234375,175.56949462890626,179.18069305419922,183.92497558593752,194.98455810546875,347.32177734375,231.65881,0.0,test_data/Useful/Validation/rice-at-2-ft/20241108_085554_083.jpg,3123.0,99.0,60.95263005736265
30,0.0,0.0,0.0,0.0,0.0,0.0,0.0,0.0,0.0,0.0,0.0,0.0,0.0,0.0,0.0,0.0,0.0,0.0,0.0,0.0,0.0,0.0,0.0,0.0,0.0,0.0,0.0,0.0,0.0,0.0,0.0,0.0,0.0,0.0,0.0,0.0,0.0,0.0,0.0,0.0,0.0,0.0,0.0,0.0,0.0,0.0,0.0,0.0,0.0,0.0,0.0,0.0,0.0,0.0,0.0,0.0,0.0,0.0,0.0,0.0,0.0,0.0,0.0,0.0,0.0,0.0,0.0,0.0,0.0,0.0,0.0,0.0,0.0,0.0,0.0,0.0,0.0,1.0,1.0,3.0,4.0,4.67999999999995,6.0,6.0,7.0,8.0,9.0,10.120000000000005,11.0,12.0,12.840000000000032,14.0,15.0,16.0,16.0,17.039999999999964,18.0,20.519999999999982,24.75999999999999,41.0,0.0,1000.4078431427479,1000.5607843399048,1000.6470588445663,1000.7568627595901,1000.9176470637321,2000.3960784375668,2000.7529411911964,3000.403921574354,3000.6156862974167,3001.0,152.85426330566406,160.5438262939453,165.37770233154296,169.21329345703126,172.65644073486328,176.00204467773438,179.64947204589845,184.27080688476562,195.13912963867188,347.2660827636719,230.59988,0.0,test_data/Useful/Validation/rice-at-2-ft/20241108_085554_090.jpg,3077.0,88.0,59.88521866763225
31,0.0,0.0,0.0,0.0,0.0,0.0,0.0,0.0,0.0,0.0,0.0,0.0,0.0,0.0,0.0,0.0,0.0,0.0,0.0,0.0,0.0,0.0,0.0,0.0,0.0,0.0,0.0,0.0,0.0,0.0,0.0,0.0,0.0,0.0,0.0,0.0,0.0,0.0,0.0,0.0,0.0,0.0,0.0,0.0,0.0,0.0,0.0,0.0,0.0,0.0,0.0,0.0,0.0,0.0,0.0,0.0,0.0,0.0,0.0,0.0,0.0,0.0,0.0,0.0,0.0,0.0,0.0,0.0,0.0,0.0,0.0,0.0,0.0,0.0,0.0,1.0,2.0,2.0,3.0,4.0,4.440000000000055,5.0,6.0,7.0,7.399999999999977,8.0,9.0,9.120000000000005,10.0,11.0,12.0,13.0,13.0,14.0,15.0,17.0,18.0,21.0,27.519999999999982,42.0,0.0,1000.4000000059605,1000.5568627715111,1000.6431372761726,1000.7529411911964,1000.9137254953384,2000.419607847929,2000.784313738346,3000.4274509847164,3000.6196078658104,3001.0,152.63037109375,160.31133422851562,165.24933776855468,169.1360626220703,172.55740356445312,175.88027954101562,179.47084045410156,184.1880645751953,195.04029846191406,347.25421142578125,230.54045,0.0,test_data/Useful/Validation/rice-at-2-ft/20241108_085554_091.jpg,3191.0,87.0,59.79540605783608
32,0.0,0.0,0.0,0.0,0.0,0.0,0.0,0.0,0.0,0.0,0.0,0.0,0.0,0.0,0.0,0.0,0.0,0.0,0.0,0.0,0.0,0.0,0.0,0.0,0.0,0.0,0.0,0.0,0.0,0.0,0.0,0.0,0.0,0.0,0.0,0.0,0.0,0.0,0.0,0.0,0.0,0.0,0.0,0.0,0.0,0.0,0.0,0.0,0.0,0.0,0.0,0.0,0.0,0.0,0.0,0.0,0.0,0.0,0.0,0.0,0.0,0.0,0.0,0.0,0.0,0.0,0.0,0.0,0.0,0.0,0.0,0.0,0.0,0.0,0.0,0.0,0.0,0.0,0.0,1.0,2.0,3.0,3.919999999999959,5.0,6.0,7.0,8.0,9.0,10.0,11.0,13.0,14.0,15.0,16.0,17.0,18.0,19.279999999999973,23.519999999999982,31.75999999999999,52.0,0.0,1000.4039215743542,1000.5607843399048,1000.65098041296,1000.7686274647713,1000.9411764740944,2000.4980392158031,2000.8156862854958,3000.435294121504,3000.623529434204,3001.0,152.7162307739258,160.5230224609375,165.44903717041015,169.3726379394531,172.83319091796875,176.14892578125,179.7018051147461,184.28751525878906,195.15167236328125,347.23663330078125,230.84,0.0,test_data/Useful/Validation/rice-at-2-ft/20241108_085554_092.jpg,3156.0,84.0,58.67317249539653
33,0.0,0.0,0.0,0.0,0.0,0.0,0.0,0.0,0.0,0.0,0.0,0.0,0.0,0.0,0.0,0.0,0.0,0.0,0.0,0.0,0.0,0.0,0.0,0.0,0.0,0.0,0.0,0.0,0.0,0.0,0.0,0.0,0.0,0.0,0.0,0.0,0.0,0.0,0.0,0.0,0.0,0.0,0.0,0.0,0.0,0.0,0.0,0.0,0.0,0.0,0.0,0.0,0.0,0.0,0.0,0.0,0.0,0.0,0.0,0.0,0.0,0.0,0.0,0.0,0.0,0.0,0.0,0.0,0.0,0.0,0.0,0.0,0.0,0.0,0.0,0.0,0.0,0.0,1.0,2.0,2.0,3.0,4.0,5.0,6.0,7.0,8.0,9.0,11.0,12.0,13.0,14.080000000000041,15.0,17.0,18.0,19.0,20.0,22.0,26.75999999999999,39.0,0.0,1000.4039215743542,1000.5607843399048,1000.65098041296,1000.7686274647713,1000.9411764740944,2000.4941176474094,2000.811764717102,3000.435294121504,3000.623529434204,3001.0,152.9698944091797,160.7071075439453,165.59619140625,169.45367736816405,172.86810302734375,176.1695098876953,179.75445556640625,184.4126739501953,195.22244262695312,347.22186279296875,230.32591,0.0,test_data/Useful/Validation/rice-at-2-ft/20241108_085554_093.jpg,3174.0,85.0,58.562109691248544
34,0.0,0.0,0.0,0.0,0.0,0.0,0.0,0.0,0.0,0.0,0.0,0.0,0.0,0.0,0.0,0.0,0.0,0.0,0.0,0.0,0.0,0.0,0.0,0.0,0.0,0.0,0.0,0.0,0.0,0.0,0.0,0.0,0.0,0.0,0.0,0.0,0.0,0.0,0.0,0.0,0.0,0.0,0.0,0.0,0.0,0.0,0.0,0.0,0.0,0.0,0.0,0.0,0.0,0.0,0.0,0.0,0.0,0.0,0.0,0.0,0.0,0.0,0.0,0.0,0.0,0.0,0.0,0.0,0.0,0.0,0.0,0.0,0.0,0.0,0.0,0.0,0.0,0.0,0.0,1.0,1.4400000000000546,3.0,4.919999999999959,6.0,7.0,7.0,8.879999999999995,9.120000000000005,10.0,12.0,12.0,13.0,14.0,15.0,16.0,17.039999999999964,18.279999999999973,21.519999999999982,30.519999999999982,59.0,0.0,1000.4117647111416,1000.5647059082985,1000.6549019813538,1000.7764706015587,1000.9568627476692,2000.5098039507866,2000.811764717102,3000.43137255311,3000.6196078658104,3001.0,153.19036865234375,160.92039489746094,165.80551147460938,169.67303466796875,173.11460876464844,176.3511962890625,179.9291534423828,184.53714599609376,195.046875,347.2189636230469,230.2635,0.0,test_data/Useful/Validation/rice-at-2-ft/20241108_085554_094.jpg,3113.0,83.0,60.154543733993435
35,0.0,0.0,0.0,0.0,0.0,0.0,0.0,0.0,0.0,0.0,0.0,0.0,0.0,0.0,0.0,0.0,0.0,0.0,0.0,0.0,0.0,0.0,0.0,0.0,0.0,0.0,0.0,0.0,0.0,0.0,0.0,0.0,0.0,0.0,0.0,0.0,0.0,0.0,0.0,0.0,0.0,0.0,0.0,0.0,0.0,0.0,0.0,0.0,0.0,0.0,0.0,0.0,0.0,0.0,0.0,0.0,0.0,0.0,0.0,0.0,0.0,0.0,0.0,0.0,0.0,0.0,0.0,0.0,0.0,0.0,0.0,0.0,0.0,0.0,0.0,0.0,0.0,0.0,0.0,0.0,0.0,0.0,0.0,0.0,0.0,0.0,0.0,1.1200000000000045,3.0,4.0,5.0,8.0,11.0,11.0,13.0,15.0,16.279999999999973,19.519999999999982,23.0,37.0,0.0,1000.3764705955982,1000.5254902243614,1000.6078431606293,1000.6862745285034,1000.8235294222832,1001.0,2000.556862771511,3000.149019613862,3000.5803921818733,3001.0,154.0135498046875,161.7634735107422,166.66000366210938,170.49530029296875,173.9193572998047,177.22006225585938,180.80465698242188,185.3873046875,195.65489196777344,347.1484375,228.70216,0.0,test_data/Useful/Validation/rice-at-2-ft/20241108_085653_027.jpg,3105.0,47.0,57.075260119996415
36,0.0,0.0,0.0,0.0,0.0,0.0,0.0,0.0,0.0,0.0,0.0,0.0,0.0,0.0,0.0,0.0,0.0,0.0,0.0,0.0,0.0,0.0,0.0,0.0,0.0,0.0,0.0,0.0,0.0,0.0,0.0,0.0,0.0,0.0,0.0,0.0,0.0,0.0,0.0,0.0,0.0,0.0,0.0,0.0,0.0,0.0,0.0,0.0,0.0,0.0,0.0,0.0,0.0,0.0,0.0,0.0,0.0,0.0,0.0,0.0,0.0,0.0,0.0,0.0,0.0,0.0,0.0,0.0,0.0,0.0,0.0,0.0,0.0,0.0,0.0,0.0,0.0,0.0,0.0,0.0,0.0,0.0,0.0,0.0,0.0,0.0,1.0,3.0,4.0,5.0,7.0,8.0,9.0,12.0,13.799999999999955,15.0,16.279999999999973,18.519999999999982,24.75999999999999,36.0,0.0,1000.3725490272045,1000.5254902243614,1000.6078431606293,1000.6862745285034,1000.8235294222832,1001.0,2000.5607843399048,3000.164705887437,3000.5803921818733,3001.0,154.10950012207033,161.85103759765624,166.78729705810548,170.59714965820314,174.02509307861328,177.33014526367188,180.81956176757814,185.3669616699219,195.60086059570312,347.1463623046875,228.56055,0.0,test_data/Useful/Validation/rice-at-2-ft/20241108_085653_028.jpg,3131.0,51.0,55.70045769012367
37,0.0,0.0,0.0,0.0,0.0,0.0,0.0,0.0,0.0,0.0,0.0,0.0,0.0,0.0,0.0,0.0,0.0,0.0,0.0,0.0,0.0,0.0,0.0,0.0,0.0,0.0,0.0,0.0,0.0,0.0,0.0,0.0,0.0,0.0,0.0,0.0,0.0,0.0,0.0,0.0,0.0,0.0,0.0,0.0,0.0,0.0,0.0,0.0,0.0,0.0,0.0,0.0,0.0,0.0,0.0,0.0,0.0,0.0,0.0,0.0,0.0,0.0,0.0,0.0,0.0,0.0,0.0,0.0,0.0,0.0,0.0,0.0,0.0,0.0,0.0,0.0,0.0,0.0,0.0,0.0,0.0,0.0,0.0,0.0,0.0,1.0,1.8799999999999955,3.0,4.0,4.0,6.0,7.0,8.0,10.559999999999945,12.0,14.0,17.0,17.519999999999982,21.0,31.0,0.0,1000.3764705955982,1000.5294117927551,1000.611764729023,1000.6901960968971,1000.8352941274643,2000.0352941192687,2000.572549045086,3000.1803921610117,3000.5803921818733,3001.0,154.1329833984375,161.84994506835938,166.775390625,170.59683837890626,174.03916931152344,177.35110473632812,180.8818359375,185.42510986328125,195.5895233154297,347.1481018066406,228.80226,0.0,test_data/Useful/Validation/rice-at-2-ft/20241108_085653_029.jpg,3143.0,47.0,58.922941056969506
38,0.0,0.0,0.0,0.0,0.0,0.0,0.0,0.0,0.0,0.0,0.0,0.0,0.0,0.0,0.0,0.0,0.0,0.0,0.0,0.0,0.0,0.0,0.0,0.0,0.0,0.0,0.0,0.0,0.0,0.0,0.0,0.0,0.0,0.0,0.0,0.0,0.0,0.0,0.0,0.0,0.0,0.0,0.0,0.0,0.0,0.0,0.0,0.0,0.0,0.0,0.0,0.0,0.0,0.0,0.0,0.0,0.0,0.0,0.0,0.0,0.0,0.0,0.0,0.0,0.0,0.0,0.0,0.0,0.0,0.0,0.0,0.0,0.0,0.0,0.0,0.0,0.0,0.0,0.0,0.0,0.0,0.0,0.0,0.0,0.39999999999997726,1.6399999999999864,2.8799999999999955,4.0,4.360000000000014,6.0,7.0,9.0,10.32000000000005,11.0,13.0,15.0,16.279999999999973,17.0,19.0,29.0,0.0,1000.3725490272045,1000.5254902243614,1000.611764729023,1000.6901960968971,1000.8352941274643,2000.0352941192687,2000.572549045086,3000.1803921610117,3000.5803921818733,3001.0,154.06297302246094,161.76544799804688,166.67391967773438,170.58853149414062,174.02752685546875,177.332861328125,180.9607696533203,185.49789428710938,195.50941467285156,347.147705078125,228.41316,0.0,test_data/Useful/Validation/rice-at-2-ft/20241108_085653_030.jpg,3081.0,51.0,61.36288856013627
39,0.0,0.0,0.0,0.0,0.0,0.0,0.0,0.0,0.0,0.0,0.0,0.0,0.0,0.0,0.0,0.0,0.0,0.0,0.0,0.0,0.0,0.0,0.0,0.0,0.0,0.0,0.0,0.0,0.0,0.0,0.0,0.0,0.0,0.0,0.0,0.0,0.0,0.0,0.0,0.0,0.0,0.0,0.0,0.0,0.0,0.0,0.0,0.0,0.0,0.0,0.0,0.0,0.0,0.0,0.0,0.0,0.0,0.0,0.0,0.0,0.0,0.0,0.0,0.0,0.0,0.0,0.0,0.0,0.0,0.0,0.0,0.0,0.0,0.0,0.0,0.0,0.0,0.0,0.0,0.0,0.0,0.0,0.0,0.0,0.0,0.0,0.8799999999999955,2.0,4.0,5.0,6.0,7.0,8.0,10.0,12.0,13.0,15.0,17.0,23.75999999999999,34.0,0.0,1000.3764705955982,1000.5294117927551,1000.611764729023,1000.6941176652908,1000.839215695858,2000.06274510175,2000.5764706134796,3000.2000000029802,3000.584313750267,3001.0,153.9492416381836,161.7625274658203,166.66322326660156,170.5691680908203,174.02142333984375,177.3652801513672,180.93471984863282,185.43861389160156,195.61260986328125,347.14996337890625,228.2538,0.0,test_data/Useful/Validation/rice-at-2-ft/20241108_085653_031.jpg,3104.0,47.0,57.58350601191658
40,0.0,0.0,0.0,0.0,0.0,0.0,0.0,0.0,0.0,0.0,0.0,0.0,0.0,0.0,0.0,0.0,0.0,0.0,0.0,0.0,0.0,0.0,0.0,0.0,0.0,0.0,0.0,0.0,0.0,0.0,0.0,0.0,0.0,0.0,0.0,0.0,0.0,0.0,0.0,0.0,0.0,0.0,0.0,0.0,0.0,0.0,0.0,0.0,0.0,0.0,0.0,0.0,0.0,0.0,0.0,0.0,0.0,0.0,0.0,0.0,0.0,0.0,0.0,0.0,0.0,0.0,0.0,0.0,0.0,0.0,0.0,0.0,0.0,0.0,0.0,0.0,0.0,0.0,0.0,0.0,0.0,0.0,0.0,0.0,0.0,1.0,2.0,4.0,5.0,6.0,6.0,9.0,9.32000000000005,10.0,12.0,14.039999999999964,16.0,17.0,23.0,30.0,0.0,1000.3803921639919,1000.5333333611488,1000.6156862974167,1000.6980392336845,1000.8549019694328,2000.1215686276555,2000.5921568870544,3000.2352941185236,3000.5882353186607,3001.0,154.03461151123048,161.8213897705078,166.70315399169922,170.59027709960938,173.9965362548828,177.28140258789062,180.8590545654297,185.41400146484375,195.42668304443364,347.1427001953125,228.5314,0.0,test_data/Useful/Validation/rice-at-2-ft/20241108_085653_032.jpg,3101.0,50.0,51.917386271105656
41,0.0,0.0,0.0,0.0,0.0,0.0,0.0,0.0,0.0,0.0,0.0,0.0,0.0,0.0,0.0,0.0,0.0,0.0,0.0,0.0,0.0,0.0,0.0,0.0,0.0,0.0,0.0,0.0,0.0,0.0,0.0,0.0,0.0,0.0,0.0,0.0,0.0,0.0,0.0,0.0,0.0,0.0,0.0,0.0,0.0,0.0,0.0,0.0,0.0,0.0,0.0,0.0,0.0,0.0,0.0,0.0,0.0,0.0,0.0,0.0,0.0,0.0,0.0,0.0,0.0,0.0,0.0,0.0,0.0,0.0,0.0,0.0,0.0,0.0,0.0,0.0,0.0,0.0,0.0,0.0,0.0,0.0,0.0,0.0,0.0,0.0,0.0,1.0,2.3600000000000136,4.0,5.0,7.080000000000041,10.0,11.0,12.0,16.0,18.0,19.519999999999982,22.0,30.0,0.0,1000.3843137323856,1000.5372549295425,1000.6235294342041,1000.7137255072594,1000.8823529481888,2000.243137255311,2000.623529434204,3000.2784313857555,3000.5921568870544,3001.0,154.10585021972656,161.88368225097656,166.7989501953125,170.6663818359375,174.12222290039062,177.4167022705078,180.90111236572267,185.46690368652344,195.46908569335938,347.1390075683594,228.52538,0.0,test_data/Useful/Validation/rice-at-2-ft/20241108_085653_033.jpg,3078.0,48.0,61.50326560782739
42,0.0,0.0,0.0,0.0,0.0,0.0,0.0,0.0,0.0,0.0,0.0,0.0,0.0,0.0,0.0,0.0,0.0,0.0,0.0,0.0,0.0,0.0,0.0,0.0,0.0,0.0,0.0,0.0,0.0,0.0,0.0,0.0,0.0,0.0,0.0,0.0,0.0,0.0,0.0,0.0,0.0,0.0,0.0,0.0,0.0,0.0,0.0,0.0,0.0,0.0,0.0,0.0,0.0,0.0,0.0,0.0,0.0,0.0,0.0,0.0,0.0,0.0,0.0,0.0,0.0,0.0,0.0,0.0,0.0,0.0,0.0,0.0,0.0,0.0,0.0,0.0,0.0,0.0,0.0,0.0,0.0,0.0,0.0,0.0,0.0,0.0,0.0,0.0,0.0,1.2000000000000455,2.840000000000032,4.080000000000041,7.0,9.0,11.0,13.0,14.279999999999973,16.0,16.0,27.0,0.0,1000.3960784375668,1000.54509806633,1000.6352941393852,1000.7411764860153,1000.9176470637321,2000.364705890417,2000.6980392336845,3000.3960784375668,3000.6078431606293,3001.0,154.05355834960938,161.77860107421876,166.68218688964845,170.61734619140626,174.08103942871094,177.34381103515625,180.92367553710938,185.46435546875,195.3878936767578,347.1134033203125,228.5811,0.0,test_data/Useful/Validation/rice-at-2-ft/20241108_085653_038.jpg,3094.0,38.0,59.98609512371569
43,0.0,0.0,0.0,0.0,0.0,0.0,0.0,0.0,0.0,0.0,0.0,0.0,0.0,0.0,0.0,0.0,0.0,0.0,0.0,0.0,0.0,0.0,0.0,0.0,0.0,0.0,0.0,0.0,0.0,0.0,0.0,0.0,0.0,0.0,0.0,0.0,0.0,0.0,0.0,0.0,0.0,0.0,0.0,0.0,0.0,0.0,0.0,0.0,0.0,0.0,0.0,0.0,0.0,0.0,0.0,0.0,0.0,0.0,0.0,0.0,0.0,0.0,0.0,0.0,0.0,0.0,0.0,0.0,0.0,0.0,0.0,0.0,0.0,0.0,0.0,0.0,0.0,0.0,0.0,0.0,0.0,0.0,0.0,0.0,0.0,0.0,0.0,0.0,1.0,2.0,4.840000000000032,6.080000000000041,8.32000000000005,11.559999999999945,13.0,15.0,15.0,16.0,17.0,32.0,0.0,1000.392156869173,1000.5411764979362,1000.6313725709915,1000.7333333492279,1000.9098039269447,2000.3450980484486,2000.6980392336845,3000.3960784375668,3000.6078431606293,3001.0,154.18341827392578,161.7614990234375,166.70442657470704,170.64154052734375,174.0363006591797,177.33574523925782,180.85081329345704,185.42371826171876,195.51907348632812,347.11859130859375,228.7352,0.0,test_data/Useful/Validation/rice-at-2-ft/20241108_085653_039.jpg,3106.0,45.0,58.82118467921936
44,0.0,0.0,0.0,0.0,0.0,0.0,0.0,0.0,0.0,0.0,0.0,0.0,0.0,0.0,0.0,0.0,0.0,0.0,0.0,0.0,0.0,0.0,0.0,0.0,0.0,0.0,0.0,0.0,0.0,0.0,0.0,0.0,0.0,0.0,0.0,0.0,0.0,0.0,0.0,0.0,0.0,0.0,0.0,0.0,0.0,0.0,0.0,0.0,0.0,0.0,0.0,0.0,0.0,0.0,0.0,0.0,0.0,0.0,0.0,0.0,0.0,0.0,0.0,0.0,0.0,0.0,0.0,0.0,0.0,0.0,0.0,0.0,0.0,0.0,0.0,0.0,0.0,0.0,0.0,0.0,0.0,0.0,0.0,0.0,0.0,0.0,0.0,0.0,0.0,2.0,3.0,5.080000000000041,8.0,10.0,12.0,15.0,16.279999999999973,17.519999999999982,20.519999999999982,32.0,0.0,1000.392156869173,1000.5411764979362,1000.6313725709915,1000.7294117808342,1000.905882358551,2000.3490196168423,2000.7137255072594,3000.4117647111416,3000.6078431606293,3001.0,154.09226989746094,161.74734497070312,166.6730499267578,170.52874755859375,173.98247528076172,177.2710418701172,180.81817474365235,185.38685607910156,195.41563415527344,347.1226501464844,229.13048,0.0,test_data/Useful/Validation/rice-at-2-ft/20241108_085653_040.jpg,3086.0,42.0,59.53421948928842
45,0.0,0.0,0.0,0.0,0.0,0.0,0.0,0.0,0.0,0.0,0.0,0.0,0.0,0.0,0.0,0.0,0.0,0.0,0.0,0.0,0.0,0.0,0.0,0.0,0.0,0.0,0.0,0.0,0.0,0.0,0.0,0.0,0.0,0.0,0.0,0.0,0.0,0.0,0.0,0.0,0.0,0.0,0.0,0.0,0.0,0.0,0.0,0.0,0.0,0.0,0.0,0.0,0.0,0.0,0.0,0.0,0.0,0.0,0.0,0.0,0.0,0.0,0.0,0.0,0.0,0.0,0.0,0.0,0.0,0.0,0.0,0.0,0.0,0.0,0.0,0.0,0.0,0.0,0.0,0.0,0.0,0.0,0.0,0.0,0.0,0.0,1.0,2.0,3.0,5.0,6.840000000000032,8.0,9.32000000000005,11.559999999999945,13.799999999999955,15.0,16.0,17.0,17.75999999999999,28.0,0.0,1000.3960784375668,1000.54509806633,1000.6352941393852,1000.7411764860153,1000.9215686321259,2000.3843137323856,2000.7254902124405,3000.4117647111416,3000.611764729023,3001.0,154.09398651123047,161.73388671875,166.61541748046875,170.5236328125,173.96514892578125,177.29073181152344,180.8256072998047,185.46070556640626,195.38160705566406,347.1119384765625,228.4765,0.0,test_data/Useful/Validation/rice-at-2-ft/20241108_085653_041.jpg,3078.0,49.0,61.34911439147345
46,0.0,0.0,0.0,0.0,0.0,0.0,0.0,0.0,0.0,0.0,0.0,0.0,0.0,0.0,0.0,0.0,0.0,0.0,0.0,0.0,0.0,0.0,0.0,0.0,0.0,0.0,0.0,0.0,0.0,0.0,0.0,0.0,0.0,0.0,0.0,0.0,0.0,0.0,0.0,0.0,0.0,0.0,0.0,0.0,0.0,0.0,0.0,0.0,0.0,0.0,0.0,0.0,0.0,0.0,0.0,0.0,0.0,0.0,0.0,0.0,0.0,0.0,0.0,0.0,0.0,0.0,0.0,0.0,0.0,0.0,0.0,0.0,0.0,0.0,0.0,0.0,0.0,0.0,0.0,0.0,0.0,0.0,0.0,0.0,0.0,1.0,1.8799999999999955,3.0,4.0,5.0,6.0,7.080000000000041,9.0,11.559999999999945,12.799999999999955,15.0,15.0,17.0,19.0,34.0,0.0,1000.3960784375668,1000.54509806633,1000.6352941393852,1000.7411764860153,1000.9215686321259,2000.392156869173,2000.7372549176216,3000.4235294163227,3000.611764729023,3001.0,154.0865264892578,161.67019653320312,166.6317596435547,170.46852111816406,173.83932495117188,177.14486694335938,180.76412963867188,185.30210876464844,195.5079345703125,347.11614990234375,228.28337,0.0,test_data/Useful/Validation/rice-at-2-ft/20241108_085653_042.jpg,3093.0,49.0,63.5627805979638
47,0.0,0.0,0.0,0.0,0.0,0.0,0.0,0.0,0.0,0.0,0.0,0.0,0.0,0.0,0.0,0.0,0.0,0.0,0.0,0.0,0.0,0.0,0.0,0.0,0.0,0.0,0.0,0.0,0.0,0.0,0.0,0.0,0.0,0.0,0.0,0.0,0.0,0.0,0.0,0.0,0.0,0.0,0.0,0.0,0.0,0.0,0.0,0.0,0.0,0.0,0.0,0.0,0.0,0.0,0.0,0.0,0.0,0.0,0.0,0.0,0.0,0.0,0.0,0.0,0.0,0.0,0.0,0.0,0.0,0.0,0.0,0.0,0.0,0.0,0.0,0.0,0.0,0.0,0.0,0.0,0.0,0.0,0.0,0.0,0.0,0.0,0.0,2.0,3.3600000000000136,4.0,6.0,8.080000000000041,10.0,11.0,13.0,15.0,15.0,16.519999999999982,18.0,33.0,0.0,1000.3882353007793,1000.5411764979362,1000.6313725709915,1000.7411764860153,1000.9176470637321,2000.3882353007793,2000.7490196228027,3000.4235294163227,3000.611764729023,3001.0,154.02761840820312,161.6470184326172,166.59048461914062,170.46047668457032,173.83767700195312,177.12428588867186,180.67586517333984,185.22747497558595,195.3404281616211,347.1131896972656,229.08878,0.0,test_data/Useful/Validation/rice-at-2-ft/20241108_085653_043.jpg,3133.0,48.0,58.996228970141416
48,0.0,0.0,0.0,0.0,0.0,0.0,0.0,0.0,0.0,0.0,0.0,0.0,0.0,0.0,0.0,0.0,0.0,0.0,0.0,0.0,0.0,0.0,0.0,0.0,0.0,0.0,0.0,0.0,0.0,0.0,0.0,0.0,0.0,0.0,0.0,0.0,0.0,0.0,0.0,0.0,0.0,0.0,0.0,0.0,0.0,0.0,0.0,0.0,0.0,0.0,0.0,0.0,0.0,0.0,0.0,0.0,0.0,0.0,0.0,0.0,0.0,0.0,0.0,0.0,0.0,0.0,0.0,0.0,0.0,0.0,0.0,0.0,0.0,0.0,0.0,0.0,0.0,0.0,0.0,0.0,0.0,0.0,0.0,0.0,0.0,0.0,0.0,2.0,3.0,5.0,7.0,7.0,8.0,10.0,11.0,13.079999999999927,15.279999999999973,16.0,18.75999999999999,29.0,0.0,1000.3882353007793,1000.5411764979362,1000.6313725709915,1000.7411764860153,1000.9176470637321,2000.4000000059605,2000.7529411911964,3000.4235294163227,3000.611764729023,3001.0,153.91492919921876,161.52078247070312,166.41812133789062,170.36919860839845,173.7325210571289,177.10081787109374,180.6597473144531,185.19961547851562,195.39915466308594,347.10552978515625,229.0544,0.0,test_data/Useful/Validation/rice-at-2-ft/20241108_085653_044.jpg,3110.0,45.0,59.6542917323653
49,0.0,0.0,0.0,0.0,0.0,0.0,0.0,0.0,0.0,0.0,0.0,0.0,0.0,0.0,0.0,0.0,0.0,0.0,0.0,0.0,0.0,0.0,0.0,0.0,0.0,0.0,0.0,0.0,0.0,0.0,0.0,0.0,0.0,0.0,0.0,0.0,0.0,0.0,0.0,0.0,0.0,0.0,0.0,0.0,0.0,0.0,0.0,0.0,0.0,0.0,0.0,0.0,0.0,0.0,0.0,0.0,0.0,0.0,0.0,0.0,0.0,0.0,0.0,0.0,0.0,0.0,0.0,0.0,0.0,0.0,0.0,0.0,0.0,0.0,0.0,0.0,0.0,0.0,0.0,0.0,0.0,0.0,0.0,1.0,3.0,4.0,5.0,6.0,7.0,8.0,9.0,10.0,11.0,12.0,14.0,16.039999999999964,17.0,18.0,20.75999999999999,40.0,0.0,1000.3882353007793,1000.54509806633,1000.6431372761726,1000.7647058963776,1000.9568627476692,2000.486274510622,2000.878431379795,3000.447058826685,3000.6196078658104,3001.0,153.85800170898438,161.65920715332032,166.54031372070312,170.37940673828126,173.75839233398438,177.04066772460936,180.6214599609375,185.174169921875,195.2168426513672,347.1011047363281,229.47684,0.0,test_data/Useful/Validation/rice-at-2-ft/20241108_085653_049.jpg,3084.0,61.0,65.50980279635314
50,0.0,0.0,0.0,0.0,0.0,0.0,0.0,0.0,0.0,0.0,0.0,0.0,0.0,0.0,0.0,0.0,0.0,0.0,0.0,0.0,0.0,0.0,0.0,0.0,0.0,0.0,0.0,0.0,0.0,0.0,0.0,0.0,0.0,0.0,0.0,0.0,0.0,0.0,0.0,0.0,0.0,0.0,0.0,0.0,0.0,0.0,0.0,0.0,0.0,0.0,0.0,0.0,0.0,0.0,0.0,0.0,0.0,0.0,0.0,0.0,0.0,0.0,0.0,0.0,0.0,0.0,0.0,0.0,0.0,0.0,0.0,0.0,0.0,0.0,0.0,0.0,0.0,0.0,0.0,0.0,0.0,0.67999999999995,1.0,2.0,3.0,4.0,6.0,7.0,7.360000000000014,8.0,10.0,11.0,14.0,14.559999999999945,15.0,16.0,16.279999999999973,18.0,21.0,33.0,0.0,1000.3882353007793,1000.54509806633,1000.6431372761726,1000.7607843279839,1000.9529411792755,2000.4823529422283,2000.9372549057007,3000.4549019634724,3000.6196078658104,3001.0,153.82272338867188,161.439208984375,166.3360595703125,170.20993041992188,173.64962768554688,176.94454956054688,180.45571899414062,185.08364868164062,195.3760986328125,347.0932312011719,229.55688,0.0,test_data/Useful/Validation/rice-at-2-ft/20241108_085653_050.jpg,3078.0,66.0,62.1857630007713
51,0.0,0.0,0.0,0.0,0.0,0.0,0.0,0.0,0.0,0.0,0.0,0.0,0.0,0.0,0.0,0.0,0.0,0.0,0.0,0.0,0.0,0.0,0.0,0.0,0.0,0.0,0.0,0.0,0.0,0.0,0.0,0.0,0.0,0.0,0.0,0.0,0.0,0.0,0.0,0.0,0.0,0.0,0.0,0.0,0.0,0.0,0.0,0.0,0.0,0.0,0.0,0.0,0.0,0.0,0.0,0.0,0.0,0.0,0.0,0.0,0.0,0.0,0.0,0.0,0.0,0.0,0.0,0.0,0.0,0.0,0.0,0.0,0.0,0.0,0.0,0.0,0.0,0.0,0.0,0.0,0.0,0.0,1.0,2.0,3.0,4.0,5.0,6.0,7.360000000000014,8.0,9.0,10.0,11.32000000000005,13.0,14.0,15.0,15.279999999999973,16.519999999999982,22.519999999999982,28.0,0.0,1000.3882353007793,1000.54509806633,1000.6392157077789,1000.7607843279839,1000.9490196108818,2000.474509805441,2000.9686274528503,3000.4549019634724,3000.623529434204,3001.0,153.85148010253906,161.62511596679687,166.53167572021485,170.41400146484375,173.83187866210938,177.16322326660156,180.7090301513672,185.27230224609374,195.37384185791018,347.08343505859375,229.7252,0.0,test_data/Useful/Validation/rice-at-2-ft/20241108_085653_051.jpg,3040.0,60.0,56.6036667205388
52,0.0,0.0,0.0,0.0,0.0,0.0,0.0,0.0,0.0,0.0,0.0,0.0,0.0,0.0,0.0,0.0,0.0,0.0,0.0,0.0,0.0,0.0,0.0,0.0,0.0,0.0,0.0,0.0,0.0,0.0,0.0,0.0,0.0,0.0,0.0,0.0,0.0,0.0,0.0,0.0,0.0,0.0,0.0,0.0,0.0,0.0,0.0,0.0,0.0,0.0,0.0,0.0,0.0,0.0,0.0,0.0,0.0,0.0,0.0,0.0,0.0,0.0,0.0,0.0,0.0,0.0,0.0,0.0,0.0,0.0,0.0,0.0,0.0,0.0,0.0,0.0,0.0,0.0,0.0,0.0,0.0,1.0,2.0,3.0,5.0,5.639999999999986,6.8799999999999955,7.0,8.0,9.600000000000023,11.0,13.0,14.0,15.0,16.0,17.0,17.0,19.0,24.0,28.0,0.0,1000.3960784375668,1000.5490196347237,1000.6431372761726,1000.7607843279839,1000.9490196108818,2000.4784313738346,2001.0,3000.458823531866,3000.6196078658104,3001.0,153.54568939208986,161.28895263671876,166.23501892089843,170.1131103515625,173.473388671875,176.82186889648438,180.40325927734375,184.94873046875,195.33956909179688,347.08819580078125,229.29001,0.0,test_data/Useful/Validation/rice-at-2-ft/20241108_085653_052.jpg,3085.0,70.0,55.74541911590412
53,0.0,0.0,0.0,0.0,0.0,0.0,0.0,0.0,0.0,0.0,0.0,0.0,0.0,0.0,0.0,0.0,0.0,0.0,0.0,0.0,0.0,0.0,0.0,0.0,0.0,0.0,0.0,0.0,0.0,0.0,0.0,0.0,0.0,0.0,0.0,0.0,0.0,0.0,0.0,0.0,0.0,0.0,0.0,0.0,0.0,0.0,0.0,0.0,0.0,0.0,0.0,0.0,0.0,0.0,0.0,0.0,0.0,0.0,0.0,0.0,0.0,0.0,0.0,0.0,0.0,0.0,0.0,0.0,0.0,0.0,0.0,0.0,0.0,0.0,0.0,0.0,0.0,0.0,0.0,0.0,0.0,0.0,1.0,2.0,3.0,3.0,4.8799999999999955,5.1200000000000045,6.0,8.600000000000023,9.840000000000032,11.0,11.32000000000005,13.0,15.0,15.0,16.0,18.0,20.0,32.0,0.0,1000.3882353007793,1000.54509806633,1000.6392157077789,1000.7529411911964,1000.9450980424881,2000.4784313738346,3000.023529412225,3000.46274510026,3000.623529434204,3001.0,153.87469635009765,161.44876708984376,166.36373596191407,170.27510986328124,173.64378356933594,176.9588623046875,180.47723388671875,185.04470825195312,195.1153564453125,347.084228515625,229.37498,0.0,test_data/Useful/Validation/rice-at-2-ft/20241108_085653_053.jpg,3082.0,61.0,66.48352621852996
54,0.0,0.0,0.0,0.0,0.0,0.0,0.0,0.0,0.0,0.0,0.0,0.0,0.0,0.0,0.0,0.0,0.0,0.0,0.0,0.0,0.0,0.0,0.0,0.0,0.0,0.0,0.0,0.0,0.0,0.0,0.0,0.0,0.0,0.0,0.0,0.0,0.0,0.0,0.0,0.0,0.0,0.0,0.0,0.0,0.0,0.0,0.0,0.0,0.0,0.0,0.0,0.0,0.0,0.0,0.0,0.0,0.0,0.0,0.0,0.0,0.0,0.0,0.0,0.0,0.0,0.0,0.0,0.0,0.0,0.0,0.0,0.0,0.0,0.0,0.0,0.0,0.0,0.0,0.0,0.0,0.0,0.0,0.9199999999999591,2.0,2.3999999999999773,3.6399999999999864,4.0,5.1200000000000045,7.0,8.0,9.0,10.0,11.0,13.0,14.0,15.0,16.279999999999973,18.0,22.75999999999999,35.0,0.0,1000.3960784375668,1000.5490196347237,1000.6431372761726,1000.7568627595901,1000.9490196108818,2000.4941176474094,3000.074509806931,3000.470588237047,3000.623529434204,3001.0,153.5664520263672,161.35162353515625,166.26129150390625,170.0480499267578,173.51829528808594,176.7755126953125,180.34027557373045,184.91480407714843,195.2586669921875,347.08758544921875,228.95181,0.0,test_data/Useful/Validation/rice-at-2-ft/20241108_085653_054.jpg,3063.0,60.0,54.73180130041628
55,0.0,0.0,0.0,0.0,0.0,0.0,0.0,0.0,0.0,0.0,0.0,0.0,0.0,0.0,0.0,0.0,0.0,0.0,0.0,0.0,0.0,0.0,0.0,0.0,0.0,0.0,0.0,0.0,0.0,0.0,0.0,0.0,0.0,0.0,0.0,0.0,0.0,0.0,0.0,0.0,0.0,0.0,0.0,0.0,0.0,0.0,0.0,0.0,0.0,0.0,0.0,0.0,0.0,0.0,0.0,0.0,0.0,0.0,0.0,0.0,0.0,0.0,0.0,0.0,0.0,0.0,0.0,0.0,0.0,0.0,0.0,0.0,0.0,0.0,0.0,0.0,0.0,0.0,0.0,0.0,0.0,0.0,1.0,2.0,3.0,4.0,5.8799999999999955,7.0,7.0,8.0,9.0,10.0,11.0,12.0,14.799999999999955,15.039999999999964,16.279999999999973,18.519999999999982,22.0,46.0,0.0,1000.3960784375668,1000.5529412031174,1000.6431372761726,1000.7647058963776,1000.9607843160629,2000.5019608139992,3000.0666666701436,3000.470588237047,3000.623529434204,3001.0,153.7635040283203,161.4775390625,166.32699584960938,170.18296813964844,173.54922485351562,176.87673950195312,180.47003173828125,184.96708068847656,195.23573303222656,347.0803527832031,229.30234,0.0,test_data/Useful/Validation/rice-at-2-ft/20241108_085653_055.jpg,3044.0,63.0,62.13382476529361
56,0.0,0.0,0.0,0.0,0.0,0.0,0.0,0.0,0.0,0.0,0.0,0.0,0.0,0.0,0.0,0.0,0.0,0.0,0.0,0.0,0.0,0.0,0.0,0.0,0.0,0.0,0.0,0.0,0.0,0.0,0.0,0.0,0.0,0.0,0.0,0.0,0.0,0.0,0.0,0.0,0.0,0.0,0.0,0.0,0.0,0.0,0.0,0.0,0.0,0.0,0.0,0.0,0.0,0.0,0.0,0.0,0.0,0.0,0.0,0.0,0.0,0.0,0.0,0.0,0.0,0.0,0.0,0.0,0.0,0.0,0.0,0.0,0.0,0.0,2.0,3.0,4.0,5.0,5.0,6.0,6.440000000000055,8.0,8.0,9.0,10.0,11.0,12.0,12.0,13.0,14.0,15.0,15.0,16.0,17.0,19.0,20.0,22.279999999999973,24.0,31.0,42.0,0.0,1000.4588235318661,1000.5960784554482,1000.6823529601097,1000.7764706015587,2000.364705890417,2000.800000011921,3000.4274509847164,3000.6078431606293,3000.7137255072594,3001.0,152.37100219726562,160.16043090820312,165.11017913818358,168.95948791503906,172.33494567871094,175.7076904296875,179.2900833129883,184.04359130859376,195.29278259277345,347.37322998046875,231.44797,0.0,test_data/Useful/Validation/rice-at-2-ft/20241108_085653_089.jpg,3144.0,112.0,57.925668141219816
57,0.0,0.0,0.0,0.0,0.0,0.0,0.0,0.0,0.0,0.0,0.0,0.0,0.0,0.0,0.0,0.0,0.0,0.0,0.0,0.0,0.0,0.0,0.0,0.0,0.0,0.0,0.0,0.0,0.0,0.0,0.0,0.0,0.0,0.0,0.0,0.0,0.0,0.0,0.0,0.0,0.0,0.0,0.0,0.0,0.0,0.0,0.0,0.0,0.0,0.0,0.0,0.0,0.0,0.0,0.0,0.0,0.0,0.0,0.0,0.0,0.0,0.0,0.0,0.0,0.0,0.0,0.0,0.0,0.0,0.0,0.0,0.0,0.0,0.0,0.0,1.0,1.4800000000000182,2.7200000000000273,3.0,4.0,5.0,6.0,7.0,8.0,8.0,9.0,10.0,12.0,13.0,13.600000000000023,14.0,15.0,16.0,16.0,17.0,18.0,20.0,22.0,31.75999999999999,39.0,0.0,1000.4666666686535,1000.6039215922356,1000.6862745285034,1000.7803921699524,2000.32549020648,2000.8039215803146,3000.43137255311,3000.611764729023,3000.721568644047,3001.0,152.26876831054688,159.919189453125,164.82357788085938,168.70263671875,172.1383056640625,175.46572875976562,179.08953857421875,183.789306640625,195.09491271972655,347.4236755371094,231.49594,0.0,test_data/Useful/Validation/rice-at-2-ft/20241108_085653_090.jpg,3130.0,99.0,60.77116962181918
58,0.0,0.0,0.0,0.0,0.0,0.0,0.0,0.0,0.0,0.0,0.0,0.0,0.0,0.0,0.0,0.0,0.0,0.0,0.0,0.0,0.0,0.0,0.0,0.0,0.0,0.0,0.0,0.0,0.0,0.0,0.0,0.0,0.0,0.0,0.0,0.0,0.0,0.0,0.0,0.0,0.0,0.0,0.0,0.0,0.0,0.0,0.0,0.0,0.0,0.0,0.0,0.0,0.0,0.0,0.0,0.0,0.0,0.0,0.0,0.0,0.0,0.0,0.0,0.0,0.0,0.0,0.0,0.0,0.0,0.0,0.0,1.0,1.5199999999999818,2.0,3.0,3.0,3.480000000000018,4.0,5.0,6.0,6.0,7.0,7.919999999999959,9.159999999999968,10.0,12.0,12.0,14.0,15.0,15.0,16.0,16.0,17.0,18.0,20.0,21.0,22.279999999999973,25.0,29.75999999999999,60.0,0.0,1000.4666666686535,1000.6039215922356,1000.6862745285034,1000.7764706015587,2000.3294117748737,2000.811764717102,3000.4392156898975,3000.6156862974167,3000.721568644047,3001.0,152.10787963867188,159.79493713378906,164.6739959716797,168.6044921875,171.97756958007812,175.37713623046875,178.9499053955078,183.68093872070312,195.0296630859375,347.43511962890625,231.83792,0.0,test_data/Useful/Validation/rice-at-2-ft/20241108_085653_091.jpg,3133.0,115.0,63.135034713649674
59,0.0,0.0,0.0,0.0,0.0,0.0,0.0,0.0,0.0,0.0,0.0,0.0,0.0,0.0,0.0,0.0,0.0,0.0,0.0,0.0,0.0,0.0,0.0,0.0,0.0,0.0,0.0,0.0,0.0,0.0,0.0,0.0,0.0,0.0,0.0,0.0,0.0,0.0,0.0,0.0,0.0,0.0,0.0,0.0,0.0,0.0,0.0,0.0,0.0,0.0,0.0,0.0,0.0,0.0,0.0,0.0,0.0,0.0,0.0,0.0,0.0,0.0,0.0,0.0,0.0,0.0,0.0,0.0,0.0,0.0,0.0,0.0,0.0,0.7599999999999909,1.0,2.0,3.0,4.0,4.0,4.0,5.0,6.0,7.0,8.0,9.0,10.0,11.0,12.0,13.360000000000014,15.0,15.0,16.0,16.0,17.0,18.0,19.0,20.279999999999973,23.039999999999964,31.0,46.0,0.0,1000.4627451002598,1000.6000000238419,1000.6862745285034,1000.772549033165,2000.3058823645115,2000.800000011921,3000.4235294163227,3000.611764729023,3000.721568644047,3001.0,151.99138336181642,159.68540649414064,164.63494873046875,168.5254669189453,171.93124389648438,175.2383575439453,178.8605987548828,183.67091369628906,194.956298828125,347.43402099609375,231.64316,0.0,test_data/Useful/Validation/rice-at-2-ft/20241108_085653_092.jpg,3176.0,106.0,54.23355864741118
60,0.0,0.0,0.0,0.0,0.0,0.0,0.0,0.0,0.0,0.0,0.0,0.0,0.0,0.0,0.0,0.0,0.0,0.0,0.0,0.0,0.0,0.0,0.0,0.0,0.0,0.0,0.0,0.0,0.0,0.0,0.0,0.0,0.0,0.0,0.0,0.0,0.0,0.0,0.0,0.0,0.0,0.0,0.0,0.0,0.0,0.0,0.0,0.0,0.0,0.0,0.0,0.0,0.0,0.0,0.0,0.0,0.0,0.0,0.0,0.0,0.0,0.0,0.0,0.0,0.0,0.0,0.0,0.0,1.0,1.0,2.0,3.0,3.0,4.0,4.0,5.0,5.0,5.720000000000027,6.0,7.0,8.0,9.0,10.0,11.0,11.399999999999977,12.639999999999986,13.0,14.0,15.0,15.0,15.0,16.0,17.0,18.0,18.799999999999955,20.0,22.0,24.519999999999982,27.0,46.0,0.0,1000.4627451002598,1000.6000000238419,1000.6862745285034,1000.7764706015587,2000.32549020648,2000.8078431487083,3000.435294121504,3000.6156862974167,3000.721568644047,3001.0,151.8490753173828,159.49029541015625,164.4567108154297,168.32460021972656,171.73040771484375,175.05938720703125,178.67835845947266,183.53946228027343,194.97808837890625,347.4443359375,231.42743,0.0,test_data/Useful/Validation/rice-at-2-ft/20241108_085653_093.jpg,3091.0,124.0,59.560155035220646
61,0.0,0.0,0.0,0.0,0.0,0.0,0.0,0.0,0.0,0.0,0.0,0.0,0.0,0.0,0.0,0.0,0.0,0.0,0.0,0.0,0.0,0.0,0.0,0.0,0.0,0.0,0.0,0.0,0.0,0.0,0.0,0.0,0.0,0.0,0.0,0.0,0.0,0.0,0.0,0.0,0.0,0.0,0.0,0.0,0.0,0.0,0.0,0.0,0.0,0.0,0.0,0.0,0.0,0.0,0.0,0.0,0.0,0.0,0.0,0.0,0.0,0.0,0.0,0.0,0.0,0.0,0.0,0.0,0.0,0.0,0.0,0.0,0.0,1.0,2.0,2.0,2.0,3.0,3.0,4.2000000000000455,5.0,6.0,7.0,8.0,9.0,10.0,10.0,12.0,13.0,13.0,14.0,15.0,16.0,16.0,17.0,18.039999999999964,19.0,20.0,24.0,41.0,0.0,1000.447058826685,1000.5960784554482,1000.6823529601097,1000.7686274647713,1000.9098039269447,2000.7764706015587,3000.3725490272045,3000.6078431606293,3000.729411780834,3001.0,152.82464599609375,160.560791015625,165.47652435302734,169.38278198242188,172.81202697753906,176.12824401855468,179.6963653564453,184.3511535644531,195.08384704589844,347.50360107421875,231.43161,0.0,test_data/Useful/Validation/rice-at-2-ft/20241108_085653_100.jpg,3111.0,95.0,64.08975252543624
62,0.0,0.0,0.0,0.0,0.0,0.0,0.0,0.0,0.0,0.0,0.0,0.0,0.0,0.0,0.0,0.0,0.0,0.0,0.0,0.0,0.0,0.0,0.0,0.0,0.0,0.0,0.0,0.0,0.0,0.0,0.0,0.0,0.0,0.0,0.0,0.0,0.0,0.0,0.0,0.0,0.0,0.0,0.0,0.0,0.0,0.0,0.0,0.0,0.0,0.0,0.0,0.0,0.0,0.0,0.0,0.0,0.0,0.0,0.0,0.0,0.0,0.0,0.0,0.0,0.0,0.0,0.0,0.0,0.0,0.0,0.0,0.0,0.0,0.0,0.0,0.0,0.0,0.0,0.0,1.0,2.0,3.0,4.0,5.0,5.0,7.0,8.0,9.0,10.0,10.0,12.0,12.0,13.0,14.0,16.0,18.0,20.0,22.0,27.75999999999999,38.0,0.0,1000.447058826685,1000.584313750267,1000.678431391716,1000.8039215803146,1000.8980392217636,2000.215686276555,2000.5529412031174,2000.784313738346,3000.5137255191803,3001.0,153.12643432617188,160.78231811523438,165.6831512451172,169.60870361328125,173.07730102539062,176.37860107421875,179.9705810546875,184.60684204101562,195.07798156738284,347.3803405761719,229.83047,0.0,test_data/Useful/Validation/rice-at-2-ft/20241108_085738_001.jpg,3006.0,78.0,62.87313283170322
63,0.0,0.0,0.0,0.0,0.0,0.0,0.0,0.0,0.0,0.0,0.0,0.0,0.0,0.0,0.0,0.0,0.0,0.0,0.0,0.0,0.0,0.0,0.0,0.0,0.0,0.0,0.0,0.0,0.0,0.0,0.0,0.0,0.0,0.0,0.0,0.0,0.0,0.0,0.0,0.0,0.0,0.0,0.0,0.0,0.0,0.0,0.0,0.0,0.0,0.0,0.0,0.0,0.0,0.0,0.0,0.0,0.0,0.0,0.0,0.0,0.0,0.0,0.0,0.0,0.0,0.0,0.0,0.0,0.0,0.0,0.0,0.0,0.0,0.0,0.0,0.0,0.0,0.0,0.0,0.20000000000004547,1.0,2.67999999999995,4.0,4.159999999999968,6.0,8.0,8.0,9.0,10.0,11.0,12.0,14.0,15.0,16.0,17.0,18.0,20.279999999999973,24.0,25.75999999999999,38.0,0.0,1000.4313725531101,1000.5725490450859,1000.6705882549286,1000.7882353067398,1000.8901960849762,2000.1647058874369,2000.556862771511,2000.8039215803146,3000.5215686559677,3001.0,153.44721527099608,161.0720458984375,166.0322479248047,169.88318786621093,173.3849639892578,176.71478271484375,180.29922485351562,184.85983276367188,195.19055938720706,347.3756103515625,229.10446,0.0,test_data/Useful/Validation/rice-at-2-ft/20241108_085738_002.jpg,3048.0,78.0,66.19249036389247
64,0.0,0.0,0.0,0.0,0.0,0.0,0.0,0.0,0.0,0.0,0.0,0.0,0.0,0.0,0.0,0.0,0.0,0.0,0.0,0.0,0.0,0.0,0.0,0.0,0.0,0.0,0.0,0.0,0.0,0.0,0.0,0.0,0.0,0.0,0.0,0.0,0.0,0.0,0.0,0.0,0.0,0.0,0.0,0.0,0.0,0.0,0.0,0.0,0.0,0.0,0.0,0.0,0.0,0.0,0.0,0.0,0.0,0.0,0.0,0.0,0.0,0.0,0.0,0.0,0.0,0.0,0.0,0.0,0.0,0.0,0.0,0.0,0.0,0.0,0.0,0.0,0.0,0.0,0.0,1.0,2.0,3.0,4.0,4.159999999999968,6.0,7.0,8.0,8.120000000000005,9.0,10.600000000000023,12.0,13.0,14.0,15.0,16.0,17.0,18.0,21.0,25.75999999999999,50.0,0.0,1000.4313725531101,1000.5725490450859,1000.6705882549286,1000.7921568751335,1000.8941176533699,2000.1921568661928,2000.5647059082985,2000.811764717102,3000.5215686559677,3001.0,153.35877075195313,161.073486328125,166.0069122314453,169.88318481445313,173.2686004638672,176.5755615234375,180.13418579101562,184.76171875,195.02639770507812,347.38214111328125,229.5793,0.0,test_data/Useful/Validation/rice-at-2-ft/20241108_085738_003.jpg,3051.0,75.0,57.42292669116739
65,0.0,0.0,0.0,0.0,0.0,0.0,0.0,0.0,0.0,0.0,0.0,0.0,0.0,0.0,0.0,0.0,0.0,0.0,0.0,0.0,0.0,0.0,0.0,0.0,0.0,0.0,0.0,0.0,0.0,0.0,0.0,0.0,0.0,0.0,0.0,0.0,0.0,0.0,0.0,0.0,0.0,0.0,0.0,0.0,0.0,0.0,0.0,0.0,0.0,0.0,0.0,0.0,0.0,0.0,0.0,0.0,0.0,0.0,0.0,0.0,0.0,0.0,0.0,0.0,0.0,0.0,0.0,0.0,0.0,0.0,0.0,0.0,0.0,0.0,0.0,0.0,0.0,0.0,2.0,3.0,4.0,5.0,6.0,6.0,7.0,7.639999999999986,8.0,9.0,10.0,11.0,11.840000000000032,13.0,14.32000000000005,15.0,16.0,17.039999999999964,20.0,22.519999999999982,28.0,49.0,0.0,1000.4352941215038,1000.5764706134796,1000.6705882549286,1000.7921568751335,1000.8941176533699,2000.1960784345865,2000.5647059082985,2000.8196078538895,3000.5254902243614,3001.0,153.56939697265625,161.188232421875,166.04074096679688,169.8887939453125,173.32247924804688,176.6549530029297,180.22743225097656,184.81226501464843,195.17030334472656,347.3811340332031,229.84344,0.0,test_data/Useful/Validation/rice-at-2-ft/20241108_085738_004.jpg,3028.0,84.0,58.8084129474271
66,0.0,0.0,0.0,0.0,0.0,0.0,0.0,0.0,0.0,0.0,0.0,0.0,0.0,0.0,0.0,0.0,0.0,0.0,0.0,0.0,0.0,0.0,0.0,0.0,0.0,0.0,0.0,0.0,0.0,0.0,0.0,0.0,0.0,0.0,0.0,0.0,0.0,0.0,0.0,0.0,0.0,0.0,0.0,0.0,0.0,0.0,0.0,0.0,0.0,0.0,0.0,0.0,0.0,0.0,0.0,0.0,0.0,0.0,0.0,0.0,0.0,0.0,0.0,0.0,0.0,0.0,0.0,0.0,0.0,0.0,0.0,0.0,0.0,0.0,0.0,0.0,0.0,0.0,1.0,2.0,3.0,5.0,6.0,6.0,7.0,8.0,9.0,10.0,10.360000000000014,12.0,13.0,14.0,15.0,16.0,17.0,17.0,19.0,22.0,24.75999999999999,44.0,0.0,1000.4352941215038,1000.5764706134796,1000.6745098233223,1000.7921568751335,1000.8941176533699,2000.215686276555,2000.5764706134796,2000.8352941274643,3000.533333361149,3001.0,153.32965087890625,161.06388244628906,165.98094024658204,169.8583740234375,173.2923126220703,176.60213623046874,180.2263641357422,184.8221435546875,195.1236114501953,347.38787841796875,229.41795,0.0,test_data/Useful/Validation/rice-at-2-ft/20241108_085738_011.jpg,3045.0,85.0,59.45142690521408
67,0.0,0.0,0.0,0.0,0.0,0.0,0.0,0.0,0.0,0.0,0.0,0.0,0.0,0.0,0.0,0.0,0.0,0.0,0.0,0.0,0.0,0.0,0.0,0.0,0.0,0.0,0.0,0.0,0.0,0.0,0.0,0.0,0.0,0.0,0.0,0.0,0.0,0.0,0.0,0.0,0.0,0.0,0.0,0.0,0.0,0.0,0.0,0.0,0.0,0.0,0.0,0.0,0.0,0.0,0.0,0.0,0.0,0.0,0.0,0.0,0.0,0.0,0.0,0.0,0.0,0.0,0.0,0.0,0.0,0.0,0.0,0.0,0.0,0.0,0.0,0.0,0.0,0.0,0.0,1.0,2.4400000000000546,3.67999999999995,5.919999999999959,6.159999999999968,7.0,8.0,9.0,10.0,11.0,11.600000000000023,13.0,13.080000000000041,15.0,15.559999999999945,17.0,19.0,21.0,23.0,26.75999999999999,37.0,0.0,1000.4352941215038,1000.5764706134796,1000.6705882549286,1000.7921568751335,1000.8941176533699,2000.2000000029802,2000.5686274766922,2000.8274509906769,3000.529411792755,3001.0,153.3693054199219,161.06414794921875,166.0010528564453,169.88897705078125,173.30355834960938,176.6314727783203,180.2331787109375,184.84835510253907,195.2767288208008,347.38726806640625,229.2708,0.0,test_data/Useful/Validation/rice-at-2-ft/20241108_085738_012.jpg,3045.0,82.0,60.81739164038127
68,0.0,0.0,0.0,0.0,0.0,0.0,0.0,0.0,0.0,0.0,0.0,0.0,0.0,0.0,0.0,0.0,0.0,0.0,0.0,0.0,0.0,0.0,0.0,0.0,0.0,0.0,0.0,0.0,0.0,0.0,0.0,0.0,0.0,0.0,0.0,0.0,0.0,0.0,0.0,0.0,0.0,0.0,0.0,0.0,0.0,0.0,0.0,0.0,0.0,0.0,0.0,0.0,0.0,0.0,0.0,0.0,0.0,0.0,0.0,0.0,0.0,0.0,0.0,0.0,0.0,0.0,0.0,0.0,0.0,0.0,0.0,0.0,0.0,0.0,0.0,0.0,0.0,1.0,2.0,3.0,5.0,5.0,6.0,7.0,8.0,9.0,10.879999999999995,11.0,12.360000000000014,13.0,14.840000000000032,15.0,16.0,18.0,19.0,20.039999999999964,24.0,28.0,30.75999999999999,57.0,0.0,1000.4352941215038,1000.5764706134796,1000.6705882549286,1000.7921568751335,1000.8941176533699,2000.1960784345865,2000.5686274766922,2000.8196078538895,3000.529411792755,3001.0,153.488037109375,161.13526916503906,166.02981567382812,169.9114227294922,173.34825134277344,176.67691040039062,180.21715393066407,184.88136596679686,195.1595230102539,347.3861999511719,228.93951,0.0,test_data/Useful/Validation/rice-at-2-ft/20241108_085738_013.jpg,3062.0,98.0,58.28723906110257
69,0.0,0.0,0.0,0.0,0.0,0.0,0.0,0.0,0.0,0.0,0.0,0.0,0.0,0.0,0.0,0.0,0.0,0.0,0.0,0.0,0.0,0.0,0.0,0.0,0.0,0.0,0.0,0.0,0.0,0.0,0.0,0.0,0.0,0.0,0.0,0.0,0.0,0.0,0.0,0.0,0.0,0.0,0.0,0.0,0.0,0.0,0.0,0.0,0.0,0.0,0.0,0.0,0.0,0.0,0.0,0.0,0.0,0.0,0.0,0.0,0.0,0.0,0.0,0.0,0.0,0.0,0.0,0.0,0.0,0.0,0.0,0.0,0.0,0.0,0.0,0.0,0.0,0.0,0.0,0.0,1.0,1.0,2.0,3.159999999999968,5.0,6.0,7.0,8.0,10.0,11.0,12.840000000000032,15.0,15.0,16.0,17.0,18.039999999999964,20.279999999999973,24.0,27.75999999999999,39.0,0.0,1000.4352941215038,1000.5764706134796,1000.6705882549286,1000.7882353067398,1000.8901960849762,2000.188235297799,2000.5647059082985,2000.8196078538895,3000.529411792755,3001.0,153.41036071777344,161.19667053222656,166.12474060058594,169.94503784179688,173.41238403320312,176.70849609375,180.30457458496093,184.86146545410156,195.20651245117188,347.3823547363281,229.74702,0.0,test_data/Useful/Validation/rice-at-2-ft/20241108_085738_014.jpg,3105.0,78.0,58.47122062102594
70,0.0,0.0,0.0,0.0,0.0,0.0,0.0,0.0,0.0,0.0,0.0,0.0,0.0,0.0,0.0,0.0,0.0,0.0,0.0,0.0,0.0,0.0,0.0,0.0,0.0,0.0,0.0,0.0,0.0,0.0,0.0,0.0,0.0,0.0,0.0,0.0,0.0,0.0,0.0,0.0,0.0,0.0,0.0,0.0,0.0,0.0,0.0,0.0,0.0,0.0,0.0,0.0,0.0,0.0,0.0,0.0,0.0,0.0,0.0,0.0,0.0,0.0,0.0,0.0,0.0,0.0,0.0,0.0,0.0,0.0,0.0,0.0,0.0,0.0,0.0,0.0,0.0,0.0,0.0,1.0,2.0,2.0,3.0,5.0,6.0,7.0,9.0,10.0,10.0,11.0,13.0,15.0,15.32000000000005,17.0,18.0,20.0,22.0,24.0,27.75999999999999,45.0,0.0,1000.4313725531101,1000.5725490450859,1000.6705882549286,1000.7882353067398,1000.8901960849762,2000.176470592618,2000.5607843399048,2000.800000011921,3000.5254902243614,3001.0,153.27199096679686,161.03289794921875,165.94444274902344,169.85931396484375,173.2874755859375,176.60025024414062,180.18226623535156,184.7738037109375,195.1205596923828,347.38690185546875,229.9266,0.0,test_data/Useful/Validation/rice-at-2-ft/20241108_085738_015.jpg,3029.0,84.0,58.71703804916345
71,0.0,0.0,0.0,0.0,0.0,0.0,0.0,0.0,0.0,0.0,0.0,0.0,0.0,0.0,0.0,0.0,0.0,0.0,0.0,0.0,0.0,0.0,0.0,0.0,0.0,0.0,0.0,0.0,0.0,0.0,0.0,0.0,0.0,0.0,0.0,0.0,0.0,0.0,0.0,0.0,0.0,0.0,0.0,0.0,0.0,0.0,0.0,0.0,0.0,0.0,0.0,0.0,0.0,0.0,0.0,0.0,0.0,0.0,0.0,0.0,0.0,0.0,0.0,0.0,0.0,0.0,0.0,0.0,0.0,0.0,0.0,0.0,0.0,0.0,0.0,0.0,0.0,1.0,2.0,3.0,4.0,4.67999999999995,6.0,6.0,7.0,8.639999999999986,10.0,11.0,12.0,13.0,15.0,15.0,16.0,17.0,19.0,20.0,22.0,27.0,33.0,39.0,0.0,1000.4313725531101,1000.5725490450859,1000.6588235497475,1000.7607843279839,1000.866666674614,1000.972549021244,2000.486274510622,2000.6980392336845,3000.4823529422283,3001.0,153.1447998046875,160.74203491210938,165.66302490234375,169.50823974609375,172.9616470336914,176.2813720703125,179.92847747802733,184.48392028808593,194.89166412353515,347.42962646484375,229.63916,0.0,test_data/Useful/Validation/rice-at-2-ft/20241108_085738_022.jpg,3038.0,93.0,60.44367758818796
72,0.0,0.0,0.0,0.0,0.0,0.0,0.0,0.0,0.0,0.0,0.0,0.0,0.0,0.0,0.0,0.0,0.0,0.0,0.0,0.0,0.0,0.0,0.0,0.0,0.0,0.0,0.0,0.0,0.0,0.0,0.0,0.0,0.0,0.0,0.0,0.0,0.0,0.0,0.0,0.0,0.0,0.0,0.0,0.0,0.0,0.0,0.0,0.0,0.0,0.0,0.0,0.0,0.0,0.0,0.0,0.0,0.0,0.0,0.0,0.0,0.0,0.0,0.0,0.0,0.0,0.0,0.0,0.0,0.0,0.0,0.0,0.0,0.0,0.0,0.0,0.0,0.0,0.0,1.0,2.0,3.0,4.0,5.0,7.0,8.0,9.0,10.0,11.0,12.0,12.0,14.0,15.0,16.0,17.559999999999945,19.0,20.0,22.0,24.519999999999982,32.0,47.0,0.0,1000.4313725531101,1000.5686274766922,1000.6588235497475,1000.7568627595901,1000.8627451062202,1000.9607843160629,2000.4784313738346,2000.6901960968971,3000.470588237047,3001.0,153.18999481201172,160.91514587402344,165.77725219726562,169.6135711669922,173.03704833984375,176.31463623046875,179.95034790039062,184.63046264648438,195.15869140625,347.4378662109375,229.9544,0.0,test_data/Useful/Validation/rice-at-2-ft/20241108_085738_023.jpg,3065.0,90.0,60.80986140442318
73,0.0,0.0,0.0,0.0,0.0,0.0,0.0,0.0,0.0,0.0,0.0,0.0,0.0,0.0,0.0,0.0,0.0,0.0,0.0,0.0,0.0,0.0,0.0,0.0,0.0,0.0,0.0,0.0,0.0,0.0,0.0,0.0,0.0,0.0,0.0,0.0,0.0,0.0,0.0,0.0,0.0,0.0,0.0,0.0,0.0,0.0,0.0,0.0,0.0,0.0,0.0,0.0,0.0,0.0,0.0,0.0,0.0,0.0,0.0,0.0,0.0,0.0,0.0,0.0,0.0,0.0,0.0,0.0,0.0,0.0,0.0,0.0,0.0,0.0,0.0,0.0,1.0,1.0,1.9600000000000364,2.0,3.0,3.0,5.0,6.0,7.0,9.0,10.0,11.0,13.0,14.0,15.0,16.0,17.0,17.0,18.0,19.0,21.279999999999973,27.0,30.519999999999982,46.0,0.0,1000.4274509847164,1000.5686274766922,1000.6549019813538,1000.7490196228027,1000.8549019694328,1000.9450980424881,2000.4549019634724,2000.678431391716,3000.470588237047,3001.0,152.94497680664062,160.55422973632812,165.4979248046875,169.4098663330078,172.859375,176.17623901367188,179.78766174316405,184.37743530273437,194.98468017578125,347.4484558105469,230.13394,0.0,test_data/Useful/Validation/rice-at-2-ft/20241108_085738_024.jpg,3032.0,93.0,58.36098225657736
74,0.0,0.0,0.0,0.0,0.0,0.0,0.0,0.0,0.0,0.0,0.0,0.0,0.0,0.0,0.0,0.0,0.0,0.0,0.0,0.0,0.0,0.0,0.0,0.0,0.0,0.0,0.0,0.0,0.0,0.0,0.0,0.0,0.0,0.0,0.0,0.0,0.0,0.0,0.0,0.0,0.0,0.0,0.0,0.0,0.0,0.0,0.0,0.0,0.0,0.0,0.0,0.0,0.0,0.0,0.0,0.0,0.0,0.0,0.0,0.0,0.0,0.0,0.0,0.0,0.0,0.0,0.0,0.0,0.0,0.0,0.0,0.0,0.0,0.0,0.0,0.0,1.0,2.0,3.0,3.0,4.0,4.0,6.0,7.0,8.0,8.639999999999986,9.0,11.0,12.0,12.600000000000023,14.0,15.0,15.32000000000005,17.0,18.0,20.039999999999964,21.279999999999973,25.0,30.519999999999982,50.0,0.0,1000.4313725531101,1000.5686274766922,1000.65098041296,1000.745098054409,1000.8509804010391,1000.9372549057007,2000.4274509847164,2000.6588235497475,3000.4274509847164,3001.0,152.73211669921875,160.40960693359375,165.32463836669922,169.18551025390624,172.6188735961914,175.93507080078126,179.54116973876953,184.19110107421875,195.13665771484375,347.46795654296875,229.61266,0.0,test_data/Useful/Validation/rice-at-2-ft/20241108_085738_025.jpg,3055.0,92.0,60.3722200374555
75,0.0,0.0,0.0,0.0,0.0,0.0,0.0,0.0,0.0,0.0,0.0,0.0,0.0,0.0,0.0,0.0,0.0,0.0,0.0,0.0,0.0,0.0,0.0,0.0,0.0,0.0,0.0,0.0,0.0,0.0,0.0,0.0,0.0,0.0,0.0,0.0,0.0,0.0,0.0,0.0,0.0,0.0,0.0,0.0,0.0,0.0,0.0,0.0,0.0,0.0,0.0,0.0,0.0,0.0,0.0,0.0,0.0,0.0,0.0,0.0,0.0,0.0,0.0,0.0,0.0,0.0,0.0,0.0,0.0,0.0,0.0,0.0,0.0,0.0,0.0,0.0,0.0,0.0,0.9600000000000364,2.0,3.0,4.0,5.0,7.159999999999968,8.0,8.0,9.879999999999995,11.0,12.360000000000014,14.0,15.0,16.0,16.0,18.0,18.0,19.0,21.0,22.0,23.75999999999999,36.0,0.0,1000.4274509847164,1000.5647059082985,1000.65098041296,1000.7411764860153,1000.8431372642517,1000.9294117689133,2000.4078431427479,2000.6549019813538,3000.403921574354,3001.0,152.7418991088867,160.42157897949218,165.31739501953126,169.15067443847656,172.56390380859375,175.8606750488281,179.46619567871093,184.10618286132814,194.88980102539062,347.4767761230469,229.9891,0.0,test_data/Useful/Validation/rice-at-2-ft/20241108_085738_026.jpg,3022.0,86.0,65.3399333238781
76,0.0,0.0,0.0,0.0,0.0,0.0,0.0,0.0,0.0,0.0,0.0,0.0,0.0,0.0,0.0,0.0,0.0,0.0,0.0,0.0,0.0,0.0,0.0,0.0,0.0,0.0,0.0,0.0,0.0,0.0,0.0,0.0,0.0,0.0,0.0,0.0,0.0,0.0,0.0,0.0,0.0,0.0,0.0,0.0,0.0,0.0,0.0,0.0,0.0,0.0,0.0,0.0,0.0,0.0,0.0,0.0,0.0,0.0,0.0,0.0,0.0,0.0,0.0,0.0,0.0,0.0,0.0,0.0,0.0,0.0,0.0,0.0,0.0,0.0,0.0,0.0,0.0,0.0,0.0,0.0,0.0,0.0,0.0,0.0,0.0,0.0,0.0,1.0,2.0,4.0,5.0,7.0,9.0,10.0,13.0,15.0,16.0,18.519999999999982,23.0,32.0,0.0,1000.3725490272045,1000.5254902243614,1000.6039215922356,1000.6627451181412,1000.7137255072594,2000.0117647061124,2000.5882353186607,2000.7803921699524,3000.600000023842,3001.0,153.66451263427734,161.28446044921876,166.2925567626953,170.16415405273438,173.56906127929688,176.8916015625,180.40532531738282,184.83863830566406,194.58702087402344,347.1237487792969,229.64645,0.0,test_data/Useful/Validation/rice-at-2-ft/20241108_085738_060.jpg,2840.0,49.0,56.145340947737594
77,0.0,0.0,0.0,0.0,0.0,0.0,0.0,0.0,0.0,0.0,0.0,0.0,0.0,0.0,0.0,0.0,0.0,0.0,0.0,0.0,0.0,0.0,0.0,0.0,0.0,0.0,0.0,0.0,0.0,0.0,0.0,0.0,0.0,0.0,0.0,0.0,0.0,0.0,0.0,0.0,0.0,0.0,0.0,0.0,0.0,0.0,0.0,0.0,0.0,0.0,0.0,0.0,0.0,0.0,0.0,0.0,0.0,0.0,0.0,0.0,0.0,0.0,0.0,0.0,0.0,0.0,0.0,0.0,0.0,0.0,0.0,0.0,0.0,0.0,0.0,0.0,0.0,0.0,0.0,0.0,0.0,0.0,0.0,0.0,0.0,1.0,2.0,4.0,5.0,6.0,7.840000000000032,9.0,10.32000000000005,12.0,12.799999999999955,15.0,15.0,17.0,21.519999999999982,34.0,0.0,1000.3764705955982,1000.5254902243614,1000.6039215922356,1000.6588235497475,1000.7098039388657,1000.8588235378265,2000.584313750267,2000.8313725590706,3000.6039215922356,3001.0,153.34503173828125,160.95197143554688,165.87197875976562,169.74658203125,173.13108825683594,176.42971801757812,179.97283935546875,184.49664306640625,194.59230804443362,347.1207275390625,229.93585,0.0,test_data/Useful/Validation/rice-at-2-ft/20241108_085738_061.jpg,2869.0,54.0,63.23573976347997
78,0.0,0.0,0.0,0.0,0.0,0.0,0.0,0.0,0.0,0.0,0.0,0.0,0.0,0.0,0.0,0.0,0.0,0.0,0.0,0.0,0.0,0.0,0.0,0.0,0.0,0.0,0.0,0.0,0.0,0.0,0.0,0.0,0.0,0.0,0.0,0.0,0.0,0.0,0.0,0.0,0.0,0.0,0.0,0.0,0.0,0.0,0.0,0.0,0.0,0.0,0.0,0.0,0.0,0.0,0.0,0.0,0.0,0.0,0.0,0.0,0.0,0.0,0.0,0.0,0.0,0.0,0.0,0.0,0.0,0.0,0.0,0.0,0.0,0.0,0.0,0.0,0.0,0.0,0.0,0.0,0.0,0.0,0.0,0.0,0.0,0.0,0.0,0.0,0.0,1.0,2.840000000000032,5.080000000000041,6.0,9.559999999999945,12.799999999999955,15.0,15.0,16.0,17.75999999999999,32.0,0.0,1000.3725490272045,1000.5215686559677,1000.6000000238419,1000.6549019813538,1000.7098039388657,1000.8274509906769,2000.5921568870544,3000.1843137294054,3000.6156862974167,3001.0,153.97872161865234,161.64224243164062,166.5962371826172,170.426513671875,173.77886962890625,177.05196228027344,180.56786499023437,185.03269653320314,194.67697143554688,347.11328125,229.40274,0.0,test_data/Useful/Validation/rice-at-2-ft/20241108_085738_062.jpg,2833.0,42.0,60.64420533036662
79,0.0,0.0,0.0,0.0,0.0,0.0,0.0,0.0,0.0,0.0,0.0,0.0,0.0,0.0,0.0,0.0,0.0,0.0,0.0,0.0,0.0,0.0,0.0,0.0,0.0,0.0,0.0,0.0,0.0,0.0,0.0,0.0,0.0,0.0,0.0,0.0,0.0,0.0,0.0,0.0,0.0,0.0,0.0,0.0,0.0,0.0,0.0,0.0,0.0,0.0,0.0,0.0,0.0,0.0,0.0,0.0,0.0,0.0,0.0,0.0,0.0,0.0,0.0,0.0,0.0,0.0,0.0,0.0,0.0,0.0,0.0,0.0,0.0,0.0,0.0,0.0,0.0,0.0,0.0,0.0,0.0,0.0,0.0,0.0,0.0,0.0,0.8799999999999955,1.0,2.3600000000000136,3.0,5.0,6.0,8.0,9.0,10.0,12.039999999999964,14.279999999999973,16.0,19.519999999999982,26.0,0.0,1000.3764705955982,1000.5215686559677,1000.6000000238419,1000.6549019813538,1000.705882370472,1000.8156862854958,2000.5960784554482,3000.2352941185236,3000.6196078658104,3001.0,153.68763732910156,161.30770874023438,166.2288055419922,170.08218383789062,173.48458862304688,176.76467895507812,180.27061462402344,184.79447021484376,194.56707763671875,347.1053771972656,229.49579,0.0,test_data/Useful/Validation/rice-at-2-ft/20241108_085738_063.jpg,2851.0,42.0,58.73693242521713
80,0.0,0.0,0.0,0.0,0.0,0.0,0.0,0.0,0.0,0.0,0.0,0.0,0.0,0.0,0.0,0.0,0.0,0.0,0.0,0.0,0.0,0.0,0.0,0.0,0.0,0.0,0.0,0.0,0.0,0.0,0.0,0.0,0.0,0.0,0.0,0.0,0.0,0.0,0.0,0.0,0.0,0.0,0.0,0.0,0.0,0.0,0.0,0.0,0.0,0.0,0.0,0.0,0.0,0.0,0.0,0.0,0.0,0.0,0.0,0.0,0.0,0.0,0.0,0.0,0.0,0.0,0.0,0.0,0.0,0.0,0.0,0.0,0.0,0.0,0.0,0.0,0.0,0.0,0.0,0.0,0.0,0.0,0.0,0.0,0.0,0.0,0.0,1.0,2.0,4.0,5.0,6.0,8.32000000000005,11.0,13.0,15.039999999999964,16.0,18.0,22.0,34.0,0.0,1000.3843137323856,1000.5254902243614,1000.5960784554482,1000.65098041296,1000.7019608020782,1000.7921568751335,2000.5921568870544,3000.2627451121807,3000.6196078658104,3001.0,153.09976196289062,160.82557678222656,165.77614135742186,169.64016723632812,173.0372314453125,176.3303985595703,179.8660888671875,184.4217529296875,194.5948028564453,347.12078857421875,230.14212,0.0,test_data/Useful/Validation/rice-at-2-ft/20241108_085738_064.jpg,2932.0,50.0,59.5784229484584
81,0.0,0.0,0.0,0.0,0.0,0.0,0.0,0.0,0.0,0.0,0.0,0.0,0.0,0.0,0.0,0.0,0.0,0.0,0.0,0.0,0.0,0.0,0.0,0.0,0.0,0.0,0.0,0.0,0.0,0.0,0.0,0.0,0.0,0.0,0.0,0.0,0.0,0.0,0.0,0.0,0.0,0.0,0.0,0.0,0.0,0.0,0.0,0.0,0.0,0.0,0.0,0.0,0.0,0.0,0.0,0.0,0.0,0.0,0.0,0.0,0.0,0.0,0.0,0.0,0.0,0.0,0.0,0.0,0.0,0.0,0.0,0.0,0.0,0.0,0.0,0.0,0.0,0.0,0.0,0.0,0.0,0.0,0.0,1.0,2.0,3.0,5.0,6.0,7.0,8.0,9.0,11.0,12.0,13.559999999999945,14.0,16.0,17.0,18.0,20.0,33.0,0.0,1000.4117647111416,1000.54509806633,1000.6156862974167,1000.6705882549286,1000.7176470756531,1000.839215695858,2000.6313725709915,3000.298039227724,3000.639215707779,3001.0,152.82391357421875,160.66710510253907,165.59173126220702,169.4523712158203,172.82455444335938,176.1142120361328,179.68975830078125,184.27687377929686,194.56061401367188,347.2539978027344,230.01723,0.0,test_data/Useful/Validation/rice-at-2-ft/20241108_085738_065.jpg,2917.0,63.0,56.89303553384505
82,0.0,0.0,0.0,0.0,0.0,0.0,0.0,0.0,0.0,0.0,0.0,0.0,0.0,0.0,0.0,0.0,0.0,0.0,0.0,0.0,0.0,0.0,0.0,0.0,0.0,0.0,0.0,0.0,0.0,0.0,0.0,0.0,0.0,0.0,0.0,0.0,0.0,0.0,0.0,0.0,0.0,0.0,0.0,0.0,0.0,0.0,0.0,0.0,0.0,0.0,0.0,0.0,0.0,0.0,0.0,0.0,0.0,0.0,0.0,0.0,0.0,0.0,0.0,0.0,0.0,0.0,0.0,0.0,0.0,0.0,0.0,0.0,0.0,0.0,0.0,0.0,0.0,0.0,0.0,0.0,0.0,0.0,0.0,0.0,0.0,0.0,0.0,0.0,1.3600000000000136,3.6000000000000227,4.0,6.080000000000041,8.32000000000005,12.0,14.799999999999955,16.039999999999964,19.279999999999973,24.519999999999982,35.039999999999964,51.0,0.0,1000.4823529422283,1000.5960784554482,1000.6627451181412,1000.7137255072594,1000.7647058963776,1000.9843137264252,2000.6823529601097,3000.4000000059605,3000.678431391716,3001.0,154.18787841796876,161.86370849609375,166.72843170166016,170.61172485351562,174.02223205566406,177.33702087402344,180.85928344726562,185.34982299804688,195.62197875976562,347.55517578125,229.70404,0.0,test_data/Useful/Validation/rice-at-2-ft/20241108_085738_071.jpg,2610.0,50.0,59.54872458054671
83,0.0,0.0,0.0,0.0,0.0,0.0,0.0,0.0,0.0,0.0,0.0,0.0,0.0,0.0,0.0,0.0,0.0,0.0,0.0,0.0,0.0,0.0,0.0,0.0,0.0,0.0,0.0,0.0,0.0,0.0,0.0,0.0,0.0,0.0,0.0,0.0,0.0,0.0,0.0,0.0,0.0,0.0,0.0,0.0,0.0,0.0,0.0,0.0,0.0,0.0,0.0,0.0,0.0,0.0,0.0,0.0,0.0,0.0,0.0,0.0,0.0,0.0,0.0,0.0,0.0,0.0,0.0,0.0,0.0,0.0,0.0,0.0,0.0,0.0,0.0,0.0,0.0,0.0,0.0,0.0,0.0,0.0,0.0,0.0,0.0,0.0,0.0,0.12000000000000455,3.0,6.0,7.840000000000032,9.080000000000041,11.0,13.0,14.0,15.039999999999964,18.279999999999973,22.0,32.51999999999998,92.0,0.0,1000.486274510622,1000.6000000238419,1000.6627451181412,1000.7098039388657,1000.7647058963776,1000.9411764740944,2000.678431391716,3000.407843142748,3000.6823529601097,3001.0,154.1343994140625,161.79322814941406,166.69619750976562,170.56558227539062,173.97222137451172,177.23071899414063,180.8103515625,185.3013488769531,195.68174743652344,347.5588684082031,229.66537,0.0,test_data/Useful/Validation/rice-at-2-ft/20241108_085738_072.jpg,2602.0,56.0,53.97885903312407
84,0.0,0.0,0.0,0.0,0.0,0.0,0.0,0.0,0.0,0.0,0.0,0.0,0.0,0.0,0.0,0.0,0.0,0.0,0.0,0.0,0.0,0.0,0.0,0.0,0.0,0.0,0.0,0.0,0.0,0.0,0.0,0.0,0.0,0.0,0.0,0.0,0.0,0.0,0.0,0.0,0.0,0.0,0.0,0.0,0.0,0.0,0.0,0.0,0.0,0.0,0.0,0.0,0.0,0.0,0.0,0.0,0.0,0.0,0.0,0.0,0.0,0.0,0.0,0.0,0.0,0.0,0.0,0.0,0.0,0.0,0.0,0.0,0.0,0.0,0.0,0.0,0.0,0.0,0.0,0.0,0.0,0.0,0.0,0.0,0.0,0.0,0.0,1.0,3.0,5.0,8.0,10.0,11.32000000000005,12.559999999999945,14.799999999999955,17.0,19.279999999999973,23.039999999999964,40.0,69.0,0.0,1000.486274510622,1000.6000000238419,1000.6627451181412,1000.7137255072594,1000.7647058963776,1000.9294117689133,2000.6745098233223,3000.3882353007793,3000.678431391716,3001.0,154.1111572265625,161.7793701171875,166.6931411743164,170.52320556640626,173.98986053466797,177.2940704345703,180.83112030029298,185.39743041992188,195.92164611816406,347.5650329589844,229.71814,0.0,test_data/Useful/Validation/rice-at-2-ft/20241108_085738_073.jpg,2606.0,61.0,59.956201230083806
85,0.0,0.0,0.0,0.0,0.0,0.0,0.0,0.0,0.0,0.0,0.0,0.0,0.0,0.0,0.0,0.0,0.0,0.0,0.0,0.0,0.0,0.0,0.0,0.0,0.0,0.0,0.0,0.0,0.0,0.0,0.0,0.0,0.0,0.0,0.0,0.0,0.0,0.0,0.0,0.0,0.0,0.0,0.0,0.0,0.0,0.0,0.0,0.0,0.0,0.0,0.0,0.0,0.0,0.0,0.0,0.0,0.0,0.0,0.0,0.0,0.0,0.0,0.0,0.0,0.0,0.0,0.0,0.0,0.0,0.0,0.0,0.0,0.0,0.0,0.0,0.0,0.0,0.0,0.0,0.0,0.0,0.0,0.0,0.0,0.0,1.2799999999999727,3.0,5.0,6.0,7.600000000000023,9.840000000000032,11.0,12.0,14.559999999999945,17.0,19.0,21.279999999999973,26.0,38.0,53.0,0.0,1000.4823529422283,1000.6000000238419,1000.6666666865349,1000.7176470756531,1000.772549033165,1000.9411764740944,2000.6627451181412,3000.298039227724,3000.6745098233223,3001.0,155.24835205078125,162.8130310058594,167.79728240966796,171.61534423828127,174.98567962646484,178.29537048339844,181.77511138916014,186.20904846191405,196.14793395996094,347.56243896484375,228.835,0.0,test_data/Useful/Validation/rice-at-2-ft/20241108_085738_074.jpg,2442.0,64.0,59.73335061876934
86,0.0,0.0,0.0,0.0,0.0,0.0,0.0,0.0,0.0,0.0,0.0,0.0,0.0,0.0,0.0,0.0,0.0,0.0,0.0,0.0,0.0,0.0,0.0,0.0,0.0,0.0,0.0,0.0,0.0,0.0,0.0,0.0,0.0,0.0,0.0,0.0,0.0,0.0,0.0,0.0,0.0,0.0,0.0,0.0,0.0,0.0,0.0,0.0,0.0,0.0,0.0,0.0,0.0,0.0,0.0,0.0,0.0,0.0,0.0,0.0,0.0,0.0,0.0,0.0,0.0,0.0,0.0,0.0,0.0,0.0,0.0,0.0,0.0,0.0,0.0,0.0,0.0,0.0,0.0,0.0,0.0,0.0,0.0,0.0,0.0,0.0,0.0,0.0,0.0,0.6000000000000227,2.840000000000032,6.080000000000041,8.32000000000005,13.11999999999989,16.799999999999955,18.0,19.559999999999945,24.519999999999982,36.799999999999955,78.0,0.0,1000.4823529422283,1000.6000000238419,1000.6627451181412,1000.7137255072594,1000.7686274647713,1000.9019607901573,2000.639215707779,3000.1803921610117,3000.666666686535,3001.0,155.1378631591797,162.8140869140625,167.7053680419922,171.54214172363282,174.96090698242188,178.1920379638672,181.68048553466798,186.146533203125,196.2193145751953,347.57098388671875,229.22087,0.0,test_data/Useful/Validation/rice-at-2-ft/20241108_085738_075.jpg,2403.0,52.0,64.22180300418007
87,0.0,0.0,0.0,0.0,0.0,0.0,0.0,0.0,0.0,0.0,0.0,0.0,0.0,0.0,0.0,0.0,0.0,0.0,0.0,0.0,0.0,0.0,0.0,0.0,0.0,0.0,0.0,0.0,0.0,0.0,0.0,0.0,0.0,0.0,0.0,0.0,0.0,0.0,0.0,0.0,0.0,0.0,0.0,0.0,0.0,0.0,0.0,0.0,0.0,0.0,0.0,0.0,0.0,0.0,0.0,0.0,0.0,0.0,0.0,0.0,0.0,0.0,0.0,0.0,0.0,0.0,0.0,0.0,0.0,0.0,0.0,0.0,0.0,0.0,0.0,0.0,0.0,0.0,0.0,0.0,0.0,0.0,0.0,0.0,0.0,0.0,0.0,1.1200000000000045,3.0,5.0,6.0,8.080000000000041,10.32000000000005,12.559999999999945,16.0,18.0,23.279999999999973,27.519999999999982,42.0,79.0,0.0,1000.4901960790157,1000.6039215922356,1000.6666666865349,1000.7176470756531,1000.772549033165,1000.9137254953384,2000.6274510025978,2000.839215695858,3000.662745118141,3001.0,155.1220458984375,162.8272216796875,167.6629211425781,171.47667541503907,174.8800811767578,178.1623077392578,181.63873443603515,186.23613586425782,196.4688720703125,347.5933837890625,229.24986,0.0,test_data/Useful/Validation/rice-at-2-ft/20241108_085738_076.jpg,2348.0,60.0,58.97353867025419
88,0.0,0.0,0.0,0.0,0.0,0.0,0.0,0.0,0.0,0.0,0.0,0.0,0.0,0.0,0.0,0.0,0.0,0.0,0.0,0.0,0.0,0.0,0.0,0.0,0.0,0.0,0.0,0.0,0.0,0.0,0.0,0.0,0.0,0.0,0.0,0.0,0.0,0.0,0.0,0.0,0.0,0.0,0.0,0.0,0.0,0.0,0.0,0.0,0.0,0.0,0.0,0.0,0.0,0.0,0.0,0.0,0.0,0.0,0.0,0.0,0.0,0.0,0.0,0.0,0.0,0.0,0.0,0.0,0.0,0.0,0.0,0.0,0.0,0.0,0.0,0.0,0.0,0.0,0.0,0.0,0.0,0.0,0.0,0.0,0.0,0.0,0.0,3.0,5.0,8.0,9.0,12.080000000000041,14.0,15.559999999999945,17.0,18.039999999999964,21.0,24.039999999999964,32.51999999999998,45.0,0.0,1000.4313725531101,1000.5568627715111,1000.6313725709915,1000.6862745285034,1000.7490196228027,1000.8627451062202,2000.3607843220234,2000.6705882549286,3000.5529412031174,3001.0,152.58949584960936,160.25384521484375,165.15821838378906,168.97607421875,172.40443420410156,175.66214294433593,179.14578094482422,183.70266723632812,194.32579193115234,347.45343017578125,227.56798,0.0,test_data/Useful/Validation/rice-at-2-ft/20241108_085738_082.jpg,1955.0,61.0,57.78493807860707
89,0.0,0.0,0.0,0.0,0.0,0.0,0.0,0.0,0.0,0.0,0.0,0.0,0.0,0.0,0.0,0.0,0.0,0.0,0.0,0.0,0.0,0.0,0.0,0.0,0.0,0.0,0.0,0.0,0.0,0.0,0.0,0.0,0.0,0.0,0.0,0.0,0.0,0.0,0.0,0.0,0.0,0.0,0.0,0.0,0.0,0.0,0.0,0.0,0.0,0.0,0.0,0.0,0.0,0.0,0.0,0.0,0.0,0.0,0.0,0.0,0.0,0.0,0.0,0.0,0.0,0.0,0.0,0.0,0.0,0.0,0.0,0.0,0.0,0.0,0.0,0.0,0.0,0.0,0.0,0.0,0.0,0.0,0.0,0.0,0.0,0.0,0.0,1.0,2.3600000000000136,4.600000000000023,6.0,7.0,9.0,12.559999999999945,15.0,16.039999999999964,18.0,21.519999999999982,27.519999999999982,48.0,0.0,1000.419607847929,1000.5490196347237,1000.6274510025978,1000.6823529601097,1000.7490196228027,1000.8588235378265,2000.286274522543,2000.65098041296,3000.5215686559677,3001.0,152.8966827392578,160.56002807617188,165.45587158203125,169.28378295898438,172.70806884765625,175.99036865234376,179.4897933959961,183.91441650390627,194.00829010009767,347.4336242675781,228.2177,0.0,test_data/Useful/Validation/rice-at-2-ft/20241108_085738_083.jpg,1918.0,51.0,58.03364683667261
90,0.0,0.0,0.0,0.0,0.0,0.0,0.0,0.0,0.0,0.0,0.0,0.0,0.0,0.0,0.0,0.0,0.0,0.0,0.0,0.0,0.0,0.0,0.0,0.0,0.0,0.0,0.0,0.0,0.0,0.0,0.0,0.0,0.0,0.0,0.0,0.0,0.0,0.0,0.0,0.0,0.0,0.0,0.0,0.0,0.0,0.0,0.0,0.0,0.0,0.0,0.0,0.0,0.0,0.0,0.0,0.0,0.0,0.0,0.0,0.0,0.0,0.0,0.0,0.0,0.0,0.0,0.0,0.0,0.0,0.0,0.0,0.0,0.0,0.0,0.0,0.0,0.0,0.0,0.0,0.0,0.0,0.0,0.0,0.0,0.0,0.0,0.8799999999999955,2.0,4.0,5.0,6.0,8.0,10.0,13.559999999999945,15.0,16.039999999999964,19.0,24.519999999999982,33.51999999999998,47.0,0.0,1000.4156862795353,1000.5490196347237,1000.6235294342041,1000.6823529601097,1000.7490196228027,1000.8588235378265,2000.2470588237047,2000.6431372761726,3000.5137255191803,3001.0,152.912109375,160.6868896484375,165.5105438232422,169.3395233154297,172.77273559570312,176.0671844482422,179.6363067626953,184.02133178710938,193.9265579223633,347.4197082519531,227.74304,0.0,test_data/Useful/Validation/rice-at-2-ft/20241108_085738_084.jpg,1922.0,54.0,56.294669390609904
91,0.0,0.0,0.0,0.0,0.0,0.0,0.0,0.0,0.0,0.0,0.0,0.0,0.0,0.0,0.0,0.0,0.0,0.0,0.0,0.0,0.0,0.0,0.0,0.0,0.0,0.0,0.0,0.0,0.0,0.0,0.0,0.0,0.0,0.0,0.0,0.0,0.0,0.0,0.0,0.0,0.0,0.0,0.0,0.0,0.0,0.0,0.0,0.0,0.0,0.0,0.0,0.0,0.0,0.0,0.0,0.0,0.0,0.0,0.0,0.0,0.0,0.0,0.0,0.0,0.0,0.0,0.0,0.0,0.0,0.0,0.0,0.0,0.0,0.0,0.0,0.0,0.0,0.0,0.0,0.0,0.0,0.0,0.0,0.0,0.0,0.6399999999999864,3.759999999999991,5.0,7.360000000000014,9.0,9.840000000000032,11.0,13.32000000000005,14.559999999999945,15.799999999999955,17.039999999999964,20.559999999999945,23.519999999999982,28.519999999999982,44.0,0.0,1000.4117647111416,1000.54509806633,1000.6235294342041,1000.6823529601097,1000.7529411911964,1000.8588235378265,2000.1607843190432,2000.639215707779,3000.498039215803,3001.0,153.0078582763672,160.67237854003906,165.5689239501953,169.4390106201172,172.81686401367188,176.096923828125,179.64987182617188,184.15586853027344,194.17086791992188,347.45513916015625,227.98369,0.0,test_data/Useful/Validation/rice-at-2-ft/20241108_085738_085.jpg,1951.0,60.0,63.726962583707966
92,0.0,0.0,0.0,0.0,0.0,0.0,0.0,0.0,0.0,0.0,0.0,0.0,0.0,0.0,0.0,0.0,0.0,0.0,0.0,0.0,0.0,0.0,0.0,0.0,0.0,0.0,0.0,0.0,0.0,0.0,0.0,0.0,0.0,0.0,0.0,0.0,0.0,0.0,0.0,0.0,0.0,0.0,0.0,0.0,0.0,0.0,0.0,0.0,0.0,0.0,0.0,0.0,0.0,0.0,0.0,0.0,0.0,0.0,0.0,0.0,0.0,0.0,0.0,0.0,0.0,0.0,0.0,0.0,0.0,0.0,0.0,0.0,0.0,0.0,0.0,0.0,0.0,0.0,0.0,0.0,0.0,0.0,0.0,1.0,2.0,3.0,4.8799999999999955,7.0,8.0,10.0,11.840000000000032,14.080000000000041,15.0,16.0,17.0,21.0,24.279999999999973,27.519999999999982,31.0,47.0,0.0,1000.4156862795353,1000.5490196347237,1000.6274510025978,1000.6862745285034,1000.7529411911964,1000.8588235378265,2000.149019613862,2000.6313725709915,3000.4666666686535,3001.0,152.76333618164062,160.5111846923828,165.43710327148438,169.26980590820312,172.6394805908203,175.938232421875,179.48928833007812,183.96958923339844,194.0068389892578,347.46844482421875,228.01775,0.0,test_data/Useful/Validation/rice-at-2-ft/20241108_085738_086.jpg,1954.0,77.0,60.39677754139312
93,0.0,0.0,0.0,0.0,0.0,0.0,0.0,0.0,0.0,0.0,0.0,0.0,0.0,0.0,0.0,0.0,0.0,0.0,0.0,0.0,0.0,0.0,0.0,0.0,0.0,0.0,0.0,0.0,0.0,0.0,0.0,0.0,0.0,0.0,0.0,0.0,0.0,0.0,0.0,0.0,0.0,0.0,0.0,0.0,0.0,0.0,0.0,0.0,0.0,0.0,0.0,0.0,0.0,0.0,0.0,0.0,0.0,0.0,0.0,0.0,0.0,0.0,0.0,0.0,0.0,0.0,0.0,0.0,0.0,0.0,0.0,0.0,0.0,0.0,0.0,0.0,0.0,0.0,0.0,0.0,0.0,0.0,0.0,0.0,0.0,1.0,3.8799999999999955,6.0,7.0,8.0,10.0,11.0,12.0,14.0,15.0,16.0,19.559999999999945,24.519999999999982,30.519999999999982,46.0,0.0,1000.419607847929,1000.5529412031174,1000.6313725709915,1000.6901960968971,1000.7607843279839,1000.866666674614,2000.1725490242243,2000.6313725709915,3000.4509803950787,3001.0,152.92857818603517,160.47354125976562,165.36761474609375,169.2243194580078,172.6429901123047,175.92315063476562,179.42334442138673,183.9702117919922,194.29659271240234,347.4862976074219,228.30675,0.0,test_data/Useful/Validation/rice-at-2-ft/20241108_085738_087.jpg,2001.0,62.0,61.84717285947702
94,0.0,0.0,0.0,0.0,0.0,0.0,0.0,0.0,0.0,0.0,0.0,0.0,0.0,0.0,0.0,0.0,0.0,0.0,0.0,0.0,0.0,0.0,0.0,0.0,0.0,0.0,0.0,0.0,0.0,0.0,0.0,0.0,0.0,0.0,0.0,0.0,0.0,0.0,0.0,0.0,0.0,0.0,0.0,0.0,0.0,0.0,0.0,0.0,0.0,0.0,0.0,0.0,0.0,0.0,0.0,0.0,0.0,0.0,0.0,0.0,0.0,0.0,0.0,0.0,0.0,0.0,0.0,0.0,0.0,0.0,0.0,0.0,0.0,0.0,0.0,0.0,0.0,0.0,0.0,0.0,0.0,1.0,2.0,3.0,3.0,4.639999999999986,6.0,7.1200000000000045,9.0,10.0,11.840000000000032,13.0,15.0,15.0,15.0,16.0,17.0,19.0,26.279999999999973,40.0,0.0,1000.3372549116611,1000.4823529422283,1000.5647059082985,1000.6235294342041,1000.678431391716,1000.7529411911964,1000.8980392217636,2000.3411764800549,2000.6745098233223,3001.0,153.31792449951172,161.02804870605468,166.01524353027344,169.90175170898436,173.33821868896484,176.62783813476562,180.23577880859375,184.93453369140624,195.51446533203125,347.2546691894531,228.57358,0.0,test_data/Useful/Validation/rice-at-2-ft/20241108_085836_021.jpg,3134.0,73.0,63.55195548220348
95,0.0,0.0,0.0,0.0,0.0,0.0,0.0,0.0,0.0,0.0,0.0,0.0,0.0,0.0,0.0,0.0,0.0,0.0,0.0,0.0,0.0,0.0,0.0,0.0,0.0,0.0,0.0,0.0,0.0,0.0,0.0,0.0,0.0,0.0,0.0,0.0,0.0,0.0,0.0,0.0,0.0,0.0,0.0,0.0,0.0,0.0,0.0,0.0,0.0,0.0,0.0,0.0,0.0,0.0,0.0,0.0,0.0,0.0,0.0,0.0,0.0,0.0,0.0,0.0,0.0,0.0,0.0,0.0,0.0,0.0,0.0,0.0,0.0,0.0,0.0,0.0,0.0,0.0,0.0,0.0,0.0,1.0,1.0,2.0,3.0,4.0,5.0,6.0,7.0,9.0,10.0,12.0,14.0,15.0,16.0,19.0,19.0,23.0,27.75999999999999,40.0,0.0,1000.3372549116611,1000.486274510622,1000.5686274766922,1000.6274510025978,1000.6823529601097,1000.7607843279839,1000.9098039269447,2000.3882353007793,2000.6901960968971,3001.0,153.3294219970703,160.93978576660157,165.81290283203126,169.76332092285156,173.2176742553711,176.61807861328126,180.20643615722656,184.90106201171875,195.6989288330078,347.264892578125,228.57393,0.0,test_data/Useful/Validation/rice-at-2-ft/20241108_085836_022.jpg,3077.0,71.0,58.14505293050096
96,0.0,0.0,0.0,0.0,0.0,0.0,0.0,0.0,0.0,0.0,0.0,0.0,0.0,0.0,0.0,0.0,0.0,0.0,0.0,0.0,0.0,0.0,0.0,0.0,0.0,0.0,0.0,0.0,0.0,0.0,0.0,0.0,0.0,0.0,0.0,0.0,0.0,0.0,0.0,0.0,0.0,0.0,0.0,0.0,0.0,0.0,0.0,0.0,0.0,0.0,0.0,0.0,0.0,0.0,0.0,0.0,0.0,0.0,0.0,0.0,0.0,0.0,0.0,0.0,0.0,0.0,0.0,0.0,0.0,0.0,0.0,0.0,0.0,0.0,0.0,0.0,0.0,0.0,0.0,0.0,0.44000000000005457,2.0,3.0,3.0,5.0,6.0,7.0,8.0,9.0,11.0,11.840000000000032,12.0,13.0,14.0,15.0,16.0,18.0,19.519999999999982,24.279999999999973,38.0,0.0,1000.3372549116611,1000.486274510622,1000.5686274766922,1000.6313725709915,1000.6862745285034,1000.772549033165,1000.9215686321259,2000.4117647111416,2000.6941176652908,3001.0,153.466716003418,161.17589721679687,165.98324737548828,169.88443908691406,173.33990478515625,176.69341125488282,180.30884704589843,185.0208251953125,195.6480712890625,347.2659606933594,228.16626,0.0,test_data/Useful/Validation/rice-at-2-ft/20241108_085836_023.jpg,3099.0,73.0,59.0840538351339
97,0.0,0.0,0.0,0.0,0.0,0.0,0.0,0.0,0.0,0.0,0.0,0.0,0.0,0.0,0.0,0.0,0.0,0.0,0.0,0.0,0.0,0.0,0.0,0.0,0.0,0.0,0.0,0.0,0.0,0.0,0.0,0.0,0.0,0.0,0.0,0.0,0.0,0.0,0.0,0.0,0.0,0.0,0.0,0.0,0.0,0.0,0.0,0.0,0.0,0.0,0.0,0.0,0.0,0.0,0.0,0.0,0.0,0.0,0.0,0.0,0.0,0.0,0.0,0.0,0.0,0.0,0.0,0.0,0.0,0.0,0.0,0.0,0.0,0.0,0.0,0.0,0.0,0.0,0.0,0.0,0.0,0.0,1.0,1.0,2.0,3.6399999999999864,4.0,7.0,8.0,9.0,10.840000000000032,11.080000000000041,12.6400000000001,15.0,15.0,17.0,18.0,19.0,20.0,31.0,0.0,1000.3372549116611,1000.4901960790157,1000.5686274766922,1000.6313725709915,1000.6862745285034,1000.772549033165,1000.9215686321259,2000.4039215743542,2000.6980392336845,3001.0,153.42798461914063,161.1994171142578,166.10755920410156,169.9238037109375,173.37168884277344,176.718212890625,180.3295440673828,184.99505004882812,195.60720825195312,347.263671875,228.09517,0.0,test_data/Useful/Validation/rice-at-2-ft/20241108_085836_024.jpg,3110.0,66.0,60.98048684574374
98,0.0,0.0,0.0,0.0,0.0,0.0,0.0,0.0,0.0,0.0,0.0,0.0,0.0,0.0,0.0,0.0,0.0,0.0,0.0,0.0,0.0,0.0,0.0,0.0,0.0,0.0,0.0,0.0,0.0,0.0,0.0,0.0,0.0,0.0,0.0,0.0,0.0,0.0,0.0,0.0,0.0,0.0,0.0,0.0,0.0,0.0,0.0,0.0,0.0,0.0,0.0,0.0,0.0,0.0,0.0,0.0,0.0,0.0,0.0,0.0,0.0,0.0,0.0,0.0,0.0,0.0,0.0,0.0,0.0,0.0,0.0,0.0,0.0,0.0,0.0,0.0,0.0,0.0,0.0,0.0,0.0,0.0,0.0,0.15999999999996817,1.3999999999999773,3.0,4.0,5.0,6.360000000000014,8.0,9.0,10.0,12.0,13.559999999999945,15.0,15.0,16.0,18.519999999999982,22.0,45.0,0.0,1000.3411764800549,1000.4901960790157,1000.5725490450859,1000.6352941393852,1000.6901960968971,1000.7803921699524,1000.9372549057007,2000.4274509847164,2000.7019608020782,3001.0,153.49925231933594,161.19602661132814,166.19853973388672,170.0538360595703,173.46206665039062,176.76311950683595,180.3994918823242,185.07037353515625,195.62725830078125,347.2697448730469,228.23245,0.0,test_data/Useful/Validation/rice-at-2-ft/20241108_085836_025.jpg,3088.0,59.0,60.54358631648194
99,0.0,0.0,0.0,0.0,0.0,0.0,0.0,0.0,0.0,0.0,0.0,0.0,0.0,0.0,0.0,0.0,0.0,0.0,0.0,0.0,0.0,0.0,0.0,0.0,0.0,0.0,0.0,0.0,0.0,0.0,0.0,0.0,0.0,0.0,0.0,0.0,0.0,0.0,0.0,0.0,0.0,0.0,0.0,0.0,0.0,0.0,0.0,0.0,0.0,0.0,0.0,0.0,0.0,0.0,0.0,0.0,0.0,0.0,0.0,0.0,0.0,0.0,0.0,0.0,0.0,0.0,0.0,0.0,0.0,0.0,0.0,0.0,0.0,0.0,0.0,0.0,0.0,0.0,0.0,0.0,0.0,0.0,0.0,0.0,0.0,1.0,1.0,3.0,5.0,6.0,7.840000000000032,9.0,10.0,11.0,12.799999999999955,13.039999999999964,15.0,16.0,17.75999999999999,29.0,0.0,1000.3450980484486,1000.4941176474094,1000.5803921818733,1000.6392157077789,1000.6980392336845,1000.8039215803146,1000.9647058844566,2000.4627451002598,2000.7098039388657,3001.0,154.03622589111328,161.76133728027344,166.66671752929688,170.50503540039062,173.97713470458984,177.29397583007812,180.7879638671875,185.40887451171875,195.44183349609375,347.2977294921875,226.87677,0.0,test_data/Useful/Validation/rice-at-2-ft/20241108_085836_032.jpg,3016.0,49.0,57.133170834851725
100,0.0,0.0,0.0,0.0,0.0,0.0,0.0,0.0,0.0,0.0,0.0,0.0,0.0,0.0,0.0,0.0,0.0,0.0,0.0,0.0,0.0,0.0,0.0,0.0,0.0,0.0,0.0,0.0,0.0,0.0,0.0,0.0,0.0,0.0,0.0,0.0,0.0,0.0,0.0,0.0,0.0,0.0,0.0,0.0,0.0,0.0,0.0,0.0,0.0,0.0,0.0,0.0,0.0,0.0,0.0,0.0,0.0,0.0,0.0,0.0,0.0,0.0,0.0,0.0,0.0,0.0,0.0,0.0,0.0,0.0,0.0,0.0,0.0,0.0,0.0,0.0,0.0,0.0,0.0,0.0,0.0,0.0,0.0,0.0,0.0,0.0,0.0,1.1200000000000045,3.0,5.0,7.0,8.0,9.0,11.0,12.799999999999955,15.0,16.0,17.0,22.519999999999982,33.0,0.0,1000.3450980484486,1000.4941176474094,1000.5764706134796,1000.6392157077789,1000.6980392336845,1000.7960784435272,1000.9568627476692,2000.4549019634724,2000.7098039388657,3001.0,153.81211853027344,161.49278564453124,166.4955093383789,170.41102905273436,173.82054138183594,177.1124267578125,180.64342498779297,185.25140380859375,195.50491333007812,347.3054504394531,226.8363,0.0,test_data/Useful/Validation/rice-at-2-ft/20241108_085836_033.jpg,3018.0,50.0,59.376858524285645
101,0.0,0.0,0.0,0.0,0.0,0.0,0.0,0.0,0.0,0.0,0.0,0.0,0.0,0.0,0.0,0.0,0.0,0.0,0.0,0.0,0.0,0.0,0.0,0.0,0.0,0.0,0.0,0.0,0.0,0.0,0.0,0.0,0.0,0.0,0.0,0.0,0.0,0.0,0.0,0.0,0.0,0.0,0.0,0.0,0.0,0.0,0.0,0.0,0.0,0.0,0.0,0.0,0.0,0.0,0.0,0.0,0.0,0.0,0.0,0.0,0.0,0.0,0.0,0.0,0.0,0.0,0.0,0.0,0.0,0.0,0.0,0.0,0.0,0.0,0.0,0.0,0.0,0.0,0.0,0.0,0.0,0.0,0.0,0.0,0.0,0.0,0.0,1.1200000000000045,3.0,4.0,5.0,7.0,9.32000000000005,13.0,14.0,16.0,16.0,18.0,22.519999999999982,50.0,0.0,1000.3176470696926,1000.4705882370472,1000.5568627715111,1000.6196078658104,1000.678431391716,1000.7764706015587,1000.9411764740944,2000.4039215743542,2000.6862745285034,3001.0,154.03009033203125,161.79451904296874,166.70649261474608,170.59562072753906,173.99307250976562,177.26686096191406,180.77487182617188,185.43618774414062,195.62734985351562,347.152099609375,227.11887,0.0,test_data/Useful/Validation/rice-at-2-ft/20241108_085836_034.jpg,3030.0,52.0,58.34178861315675
102,0.0,0.0,0.0,0.0,0.0,0.0,0.0,0.0,0.0,0.0,0.0,0.0,0.0,0.0,0.0,0.0,0.0,0.0,0.0,0.0,0.0,0.0,0.0,0.0,0.0,0.0,0.0,0.0,0.0,0.0,0.0,0.0,0.0,0.0,0.0,0.0,0.0,0.0,0.0,0.0,0.0,0.0,0.0,0.0,0.0,0.0,0.0,0.0,0.0,0.0,0.0,0.0,0.0,0.0,0.0,0.0,0.0,0.0,0.0,0.0,0.0,0.0,0.0,0.0,0.0,0.0,0.0,0.0,0.0,0.0,0.0,0.0,0.0,0.0,0.0,0.0,0.0,0.0,0.0,0.0,0.0,0.0,0.0,0.0,0.0,2.0,3.0,4.0,5.0,6.600000000000023,8.0,9.0,11.0,12.0,15.0,15.0,16.0,17.0,19.75999999999999,40.0,0.0,1000.3058823645115,1000.4588235318661,1000.54509806633,1000.6078431606293,1000.6745098233223,1000.7843137383461,1000.9294117689133,2000.3843137323856,2000.6588235497475,3001.0,153.7653381347656,161.3730010986328,166.36976623535156,170.1796417236328,173.58370971679688,176.91773986816406,180.4996337890625,185.07476806640625,195.35595703125,347.06451416015625,227.7641,0.0,test_data/Useful/Validation/rice-at-2-ft/20241108_085836_035.jpg,2976.0,58.0,60.881771004310885
103,0.0,0.0,0.0,0.0,0.0,0.0,0.0,0.0,0.0,0.0,0.0,0.0,0.0,0.0,0.0,0.0,0.0,0.0,0.0,0.0,0.0,0.0,0.0,0.0,0.0,0.0,0.0,0.0,0.0,0.0,0.0,0.0,0.0,0.0,0.0,0.0,0.0,0.0,0.0,0.0,0.0,0.0,0.0,0.0,0.0,0.0,0.0,0.0,0.0,0.0,0.0,0.0,0.0,0.0,0.0,0.0,0.0,0.0,0.0,0.0,0.0,0.0,0.0,0.0,0.0,0.0,0.0,0.0,0.0,0.0,0.0,0.0,0.0,0.0,0.0,0.0,0.0,0.0,0.0,0.0,0.0,1.0,2.0,3.0,4.0,5.0,6.0,7.0,8.0,8.600000000000023,10.0,11.0,12.32000000000005,14.0,15.0,16.0,17.0,18.519999999999982,24.75999999999999,42.0,0.0,1000.3137255012989,1000.4627451002598,1000.54509806633,1000.6078431606293,1000.6705882549286,1000.7803921699524,1000.9215686321259,2000.3607843220234,2000.65098041296,3001.0,153.2196258544922,160.86475830078126,165.80758666992188,169.63479614257812,173.06734466552734,176.46860961914064,180.0338119506836,184.62164916992188,195.2227264404297,347.0836181640625,228.28424,0.0,test_data/Useful/Validation/rice-at-2-ft/20241108_085836_036.jpg,3018.0,69.0,54.08304869063895
104,0.0,0.0,0.0,0.0,0.0,0.0,0.0,0.0,0.0,0.0,0.0,0.0,0.0,0.0,0.0,0.0,0.0,0.0,0.0,0.0,0.0,0.0,0.0,0.0,0.0,0.0,0.0,0.0,0.0,0.0,0.0,0.0,0.0,0.0,0.0,0.0,0.0,0.0,0.0,0.0,0.0,0.0,0.0,0.0,0.0,0.0,0.0,0.0,0.0,0.0,0.0,0.0,0.0,0.0,0.0,0.0,0.0,0.0,0.0,0.0,0.0,0.0,0.0,0.0,0.0,0.0,0.0,0.0,0.0,0.0,0.0,0.0,0.0,0.0,0.0,0.0,0.0,0.0,0.0,0.0,0.0,0.0,0.9199999999999591,1.0,2.0,3.0,4.0,7.0,8.0,10.0,11.0,14.0,15.0,16.0,16.0,17.0,17.279999999999973,19.0,22.75999999999999,54.0,0.0,1000.3176470696926,1000.4666666686535,1000.5529412031174,1000.6156862974167,1000.678431391716,1000.7921568751335,1000.9176470637321,2000.364705890417,2000.6549019813538,3001.0,152.61705780029297,160.28807067871094,165.2054901123047,169.11536560058593,172.5301055908203,175.91049194335938,179.5419464111328,184.22850036621094,195.02011108398438,347.13397216796875,229.11966,0.0,test_data/Useful/Validation/rice-at-2-ft/20241108_085836_043.jpg,3061.0,71.0,63.2308802992089
0,0.0,0.0,0.0,0.0,0.0,0.0,0.0,0.0,0.0,0.0,0.0,0.0,0.0,0.0,0.0,0.0,0.0,0.0,0.0,0.0,0.0,0.0,0.0,0.0,0.0,0.0,0.0,0.0,0.0,0.0,0.0,0.0,0.0,0.0,0.0,0.0,0.0,0.0,0.0,0.0,0.0,0.0,0.0,0.0,0.0,0.0,0.0,0.0,0.0,0.0,0.0,0.0,0.0,0.0,0.0,0.0,0.0,0.0,0.0,0.0,0.0,0.0,0.0,0.0,0.0,0.0,0.0,0.0,0.0,0.0,0.0,0.0,0.0,0.0,0.0,0.0,0.0,0.0,0.0,0.0,0.0,0.0,0.0,0.0,0.0,0.0,0.0,0.0,0.0,0.0,0.0,0.0,0.0,0.0,0.0,0.0,0.0,0.0,0.0,0.0,0.0,1000.6431372761726,1000.6901960968971,1000.7215686440468,1000.7490196228027,1000.7686274647713,1000.7921568751335,1000.811764717102,1000.839215695858,1000.8705882430077,3001.0,154.91046142578125,162.70068359375,167.64312744140625,171.57791137695312,175.12518310546875,178.4130859375,181.85745239257812,186.02438354492188,192.6769805908203,348.0546569824219,213.98212,3.0,test_data/Useful/Validation/sharp sand at 1ft/20241020_165659_051.jpg,158.0,0.0,27.019106040214645
1,0.0,0.0,0.0,0.0,0.0,0.0,0.0,0.0,0.0,0.0,0.0,0.0,0.0,0.0,0.0,0.0,0.0,0.0,0.0,0.0,0.0,0.0,0.0,0.0,0.0,0.0,0.0,0.0,0.0,0.0,0.0,0.0,0.0,0.0,0.0,0.0,0.0,0.0,0.0,0.0,0.0,0.0,0.0,0.0,0.0,0.0,0.0,0.0,0.0,0.0,0.0,0.0,0.0,0.0,0.0,0.0,0.0,0.0,0.0,0.0,0.0,0.0,0.0,0.0,0.0,0.0,0.0,0.0,0.0,0.0,0.0,0.0,0.0,0.0,0.0,0.0,0.0,0.0,0.0,0.0,0.0,0.0,0.0,0.0,0.0,0.0,0.0,0.0,0.0,0.0,0.0,0.0,0.0,0.0,0.0,0.0,0.0,0.0,0.0,0.0,0.0,1000.6431372761726,1000.6901960968971,1000.7215686440468,1000.7490196228027,1000.7686274647713,1000.7921568751335,1000.811764717102,1000.839215695858,1000.8705882430077,3001.0,155.22965240478516,163.03634033203124,167.9924545288086,171.88841552734374,175.31749725341797,178.54212646484376,182.0024871826172,186.04646911621094,192.36205139160157,348.0438232421875,214.04855,3.0,test_data/Useful/Validation/sharp sand at 1ft/20241020_165659_052.jpg,122.0,0.0,26.80979758355843
2,0.0,0.0,0.0,0.0,0.0,0.0,0.0,0.0,0.0,0.0,0.0,0.0,0.0,0.0,0.0,0.0,0.0,0.0,0.0,0.0,0.0,0.0,0.0,0.0,0.0,0.0,0.0,0.0,0.0,0.0,0.0,0.0,0.0,0.0,0.0,0.0,0.0,0.0,0.0,0.0,0.0,0.0,0.0,0.0,0.0,0.0,0.0,0.0,0.0,0.0,0.0,0.0,0.0,0.0,0.0,0.0,0.0,0.0,0.0,0.0,0.0,0.0,0.0,0.0,0.0,0.0,0.0,0.0,0.0,0.0,0.0,0.0,0.0,0.0,0.0,0.0,0.0,0.0,0.0,0.0,0.0,0.0,0.0,0.0,0.0,0.0,0.0,0.0,0.0,0.0,0.0,0.0,0.0,0.0,0.0,0.0,0.0,0.0,0.0,0.0,0.0,1000.6431372761726,1000.6941176652908,1000.7254902124405,1000.7490196228027,1000.7686274647713,1000.7921568751335,1000.811764717102,1000.8352941274643,1000.866666674614,3001.0,155.6370391845703,163.42556762695312,168.3323974609375,172.15518188476562,175.573486328125,178.83790588378906,182.2191619873047,186.190380859375,192.41158294677734,348.0435791015625,214.67737,3.0,test_data/Useful/Validation/sharp sand at 1ft/20241020_165659_054.jpg,134.0,0.0,28.085772252705134
3,0.0,0.0,0.0,0.0,0.0,0.0,0.0,0.0,0.0,0.0,0.0,0.0,0.0,0.0,0.0,0.0,0.0,0.0,0.0,0.0,0.0,0.0,0.0,0.0,0.0,0.0,0.0,0.0,0.0,0.0,0.0,0.0,0.0,0.0,0.0,0.0,0.0,0.0,0.0,0.0,0.0,0.0,0.0,0.0,0.0,0.0,0.0,0.0,0.0,0.0,0.0,0.0,0.0,0.0,0.0,0.0,0.0,0.0,0.0,0.0,0.0,0.0,0.0,0.0,0.0,0.0,0.0,0.0,0.0,0.0,0.0,0.0,0.0,0.0,0.0,0.0,0.0,0.0,0.0,0.0,0.0,0.0,0.0,0.0,0.0,0.0,0.0,0.0,0.0,0.0,0.0,0.0,0.0,0.0,0.0,0.0,0.0,0.0,0.0,0.0,0.0,1000.6392157077789,1000.6901960968971,1000.7215686440468,1000.7490196228027,1000.772549033165,1000.7921568751335,1000.8156862854958,1000.839215695858,1000.8745098114014,3001.0,156.71507873535157,164.51910400390625,169.49339294433594,173.3553466796875,176.75619506835938,179.94063720703124,183.29412841796875,187.08726501464844,192.85272216796875,348.03515625,213.28479,3.0,test_data/Useful/Validation/sharp sand at 1ft/20241020_165659_055.jpg,108.0,0.0,33.184766066972905
4,0.0,0.0,0.0,0.0,0.0,0.0,0.0,0.0,0.0,0.0,0.0,0.0,0.0,0.0,0.0,0.0,0.0,0.0,0.0,0.0,0.0,0.0,0.0,0.0,0.0,0.0,0.0,0.0,0.0,0.0,0.0,0.0,0.0,0.0,0.0,0.0,0.0,0.0,0.0,0.0,0.0,0.0,0.0,0.0,0.0,0.0,0.0,0.0,0.0,0.0,0.0,0.0,0.0,0.0,0.0,0.0,0.0,0.0,0.0,0.0,0.0,0.0,0.0,0.0,0.0,0.0,0.0,0.0,0.0,0.0,0.0,0.0,0.0,0.0,0.0,0.0,0.0,0.0,0.0,0.0,0.0,0.0,0.0,0.0,0.0,0.0,0.0,0.0,0.0,0.0,0.0,0.0,0.0,0.0,0.0,0.0,0.0,0.0,0.0,0.0,0.0,1000.5686274766922,1000.6313725709915,1000.6666666865349,1000.6980392336845,1000.7294117808342,1000.7568627595901,1000.7882353067398,1000.8274509906769,1000.8823529481888,3000.984313726425,159.1844024658203,166.9617462158203,171.8537139892578,175.76072692871094,179.15574645996094,182.30874633789062,185.5487823486328,189.14695739746094,194.22909545898438,347.692626953125,210.50294,3.0,test_data/Useful/Validation/sharp sand at 1ft/20241020_165711_059.jpg,67.0,0.0,29.52778754584024
5,0.0,0.0,0.0,0.0,0.0,0.0,0.0,0.0,0.0,0.0,0.0,0.0,0.0,0.0,0.0,0.0,0.0,0.0,0.0,0.0,0.0,0.0,0.0,0.0,0.0,0.0,0.0,0.0,0.0,0.0,0.0,0.0,0.0,0.0,0.0,0.0,0.0,0.0,0.0,0.0,0.0,0.0,0.0,0.0,0.0,0.0,0.0,0.0,0.0,0.0,0.0,0.0,0.0,0.0,0.0,0.0,0.0,0.0,0.0,0.0,0.0,0.0,0.0,0.0,0.0,0.0,0.0,0.0,0.0,0.0,0.0,0.0,0.0,0.0,0.0,0.0,0.0,0.0,0.0,0.0,0.0,0.0,0.0,0.0,0.0,0.0,0.0,0.0,0.0,0.0,0.0,0.0,0.0,0.0,0.0,0.0,0.0,0.0,0.0,0.0,0.0,1000.5764706134796,1000.6352941393852,1000.6705882549286,1000.7019608020782,1000.7294117808342,1000.7568627595901,1000.7882353067398,1000.8235294222832,1000.8745098114014,3000.972549021244,159.0673080444336,166.83961181640626,171.79002380371094,175.70541381835938,179.07339477539062,182.23707580566406,185.40428924560547,189.00920715332032,194.06312561035156,347.6999206542969,209.96799,3.0,test_data/Useful/Validation/sharp sand at 1ft/20241020_165711_060.jpg,52.0,0.0,33.2811854360524
6,0.0,0.0,0.0,0.0,0.0,0.0,0.0,0.0,0.0,0.0,0.0,0.0,0.0,0.0,0.0,0.0,0.0,0.0,0.0,0.0,0.0,0.0,0.0,0.0,0.0,0.0,0.0,0.0,0.0,0.0,0.0,0.0,0.0,0.0,0.0,0.0,0.0,0.0,0.0,0.0,0.0,0.0,0.0,0.0,0.0,0.0,0.0,0.0,0.0,0.0,0.0,0.0,0.0,0.0,0.0,0.0,0.0,0.0,0.0,0.0,0.0,0.0,0.0,0.0,0.0,0.0,0.0,0.0,0.0,0.0,0.0,0.0,0.0,0.0,0.0,0.0,0.0,0.0,0.0,0.0,0.0,0.0,0.0,0.0,0.0,0.0,0.0,0.0,0.0,0.0,0.0,0.0,0.0,0.0,0.0,0.0,0.0,0.0,0.0,0.0,0.0,1000.5764706134796,1000.6313725709915,1000.6705882549286,1000.7019608020782,1000.7294117808342,1000.7568627595901,1000.7882353067398,1000.8235294222832,1000.8745098114014,3000.956862747669,159.17214965820312,166.94032287597656,171.89492797851562,175.77255249023438,179.14503479003906,182.29763793945312,185.49666748046874,189.10340881347656,194.1577911376953,347.69659423828125,210.09024,3.0,test_data/Useful/Validation/sharp sand at 1ft/20241020_165711_061.jpg,56.0,0.0,23.775437944363368
7,0.0,0.0,0.0,0.0,0.0,0.0,0.0,0.0,0.0,0.0,0.0,0.0,0.0,0.0,0.0,0.0,0.0,0.0,0.0,0.0,0.0,0.0,0.0,0.0,0.0,0.0,0.0,0.0,0.0,0.0,0.0,0.0,0.0,0.0,0.0,0.0,0.0,0.0,0.0,0.0,0.0,0.0,0.0,0.0,0.0,0.0,0.0,0.0,0.0,0.0,0.0,0.0,0.0,0.0,0.0,0.0,0.0,0.0,0.0,0.0,0.0,0.0,0.0,0.0,0.0,0.0,0.0,0.0,0.0,0.0,0.0,0.0,0.0,0.0,0.0,0.0,0.0,0.0,0.0,0.0,0.0,0.0,0.0,0.0,0.0,0.0,0.0,0.0,0.0,0.0,0.0,0.0,0.0,0.0,0.0,0.0,0.0,0.0,0.0,0.0,0.0,1000.5764706134796,1000.6352941393852,1000.6705882549286,1000.7019608020782,1000.7254902124405,1000.7568627595901,1000.7843137383461,1000.8196078538895,1000.8705882430077,3000.949019610882,159.10633850097656,166.83233642578125,171.83639526367188,175.6742706298828,179.05250549316406,182.21658325195312,185.408935546875,189.02456665039062,194.10800323486328,347.6927490234375,210.58435,3.0,test_data/Useful/Validation/sharp sand at 1ft/20241020_165711_062.jpg,52.0,0.0,32.10189902642944
8,0.0,0.0,0.0,0.0,0.0,0.0,0.0,0.0,0.0,0.0,0.0,0.0,0.0,0.0,0.0,0.0,0.0,0.0,0.0,0.0,0.0,0.0,0.0,0.0,0.0,0.0,0.0,0.0,0.0,0.0,0.0,0.0,0.0,0.0,0.0,0.0,0.0,0.0,0.0,0.0,0.0,0.0,0.0,0.0,0.0,0.0,0.0,0.0,0.0,0.0,0.0,0.0,0.0,0.0,0.0,0.0,0.0,0.0,0.0,0.0,0.0,0.0,0.0,0.0,0.0,0.0,0.0,0.0,0.0,0.0,0.0,0.0,0.0,0.0,0.0,0.0,0.0,0.0,0.0,0.0,0.0,0.0,0.0,0.0,0.0,0.0,0.0,0.0,0.0,0.0,0.0,0.0,0.0,0.0,0.0,0.0,0.0,0.0,0.0,0.0,0.0,1000.5764706134796,1000.6352941393852,1000.6705882549286,1000.6980392336845,1000.7254902124405,1000.7529411911964,1000.7843137383461,1000.8196078538895,1000.8705882430077,3000.9372549057007,159.0867462158203,166.85235595703125,171.8528289794922,175.72055053710938,179.0718231201172,182.23915100097656,185.46096801757812,189.0733184814453,194.09280395507812,347.68341064453125,210.57243,3.0,test_data/Useful/Validation/sharp sand at 1ft/20241020_165711_063.jpg,52.0,0.0,35.02391589650862
9,0.0,0.0,0.0,0.0,0.0,0.0,0.0,0.0,0.0,0.0,0.0,0.0,0.0,0.0,0.0,0.0,0.0,0.0,0.0,0.0,0.0,0.0,0.0,0.0,0.0,0.0,0.0,0.0,0.0,0.0,0.0,0.0,0.0,0.0,0.0,0.0,0.0,0.0,0.0,0.0,0.0,0.0,0.0,0.0,0.0,0.0,0.0,0.0,0.0,0.0,0.0,0.0,0.0,0.0,0.0,0.0,0.0,0.0,0.0,0.0,0.0,0.0,0.0,0.0,0.0,0.0,0.0,0.0,0.0,0.0,0.0,0.0,0.0,0.0,0.0,0.0,0.0,0.0,0.0,0.0,0.0,0.0,0.0,0.0,0.0,0.0,0.0,0.0,0.0,0.0,0.0,0.0,0.0,0.0,0.0,0.0,0.0,0.0,0.0,25.0,0.0,1000.5764706134796,1000.6313725709915,1000.6705882549286,1000.6980392336845,1000.7254902124405,1000.7529411911964,1000.7843137383461,1000.8196078538895,1000.866666674614,3000.9647058844566,159.09234619140625,166.75787353515625,171.7407989501953,175.6569030761719,179.01317596435547,182.1825378417969,185.4085678100586,189.03663635253906,194.1221466064453,347.6736145019531,210.21996,3.0,test_data/Useful/Validation/sharp sand at 1ft/20241020_165711_064.jpg,54.0,1.0,28.80799766772635
10,0.0,0.0,0.0,0.0,0.0,0.0,0.0,0.0,0.0,0.0,0.0,0.0,0.0,0.0,0.0,0.0,0.0,0.0,0.0,0.0,0.0,0.0,0.0,0.0,0.0,0.0,0.0,0.0,0.0,0.0,0.0,0.0,0.0,0.0,0.0,0.0,0.0,0.0,0.0,0.0,0.0,0.0,0.0,0.0,0.0,0.0,0.0,0.0,0.0,0.0,0.0,0.0,0.0,0.0,0.0,0.0,0.0,0.0,0.0,0.0,0.0,0.0,0.0,0.0,0.0,0.0,0.0,0.0,0.0,0.0,0.0,0.0,0.0,0.0,0.0,0.0,0.0,0.0,0.0,0.0,0.0,0.0,0.0,0.0,0.0,0.0,0.0,0.0,0.0,0.0,0.0,0.0,0.0,0.0,0.0,0.0,0.0,0.0,0.0,15.0,0.0,1000.5803921818733,1000.6352941393852,1000.6705882549286,1000.6980392336845,1000.7254902124405,1000.7529411911964,1000.7803921699524,1000.8156862854958,1000.8627451062202,3000.960784316063,158.773974609375,166.58047790527343,171.6016632080078,175.49097290039063,178.9026870727539,182.0722198486328,185.344482421875,188.93690490722656,194.01864624023438,347.68035888671875,210.49176,3.0,test_data/Useful/Validation/sharp sand at 1ft/20241020_165711_065.jpg,72.0,1.0,36.971390838259616
11,0.0,0.0,0.0,0.0,0.0,0.0,0.0,0.0,0.0,0.0,0.0,0.0,0.0,0.0,0.0,0.0,0.0,0.0,0.0,0.0,0.0,0.0,0.0,0.0,0.0,0.0,0.0,0.0,0.0,0.0,0.0,0.0,0.0,0.0,0.0,0.0,0.0,0.0,0.0,0.0,0.0,0.0,0.0,0.0,0.0,0.0,0.0,0.0,0.0,0.0,0.0,0.0,0.0,0.0,0.0,0.0,0.0,0.0,0.0,0.0,0.0,0.0,0.0,0.0,0.0,0.0,0.0,0.0,0.0,0.0,0.0,0.0,0.0,0.0,0.0,0.0,0.0,0.0,0.0,0.0,0.0,0.0,0.0,0.0,0.0,0.0,0.0,0.0,0.0,0.0,0.0,0.0,0.0,0.0,0.0,0.0,0.0,0.0,0.0,12.0,0.0,1000.6431372761726,1000.6941176652908,1000.7294117808342,1000.7529411911964,1000.7803921699524,1000.8039215803146,1000.8313725590706,1000.8627451062202,1000.905882358551,3001.0,158.63668823242188,166.40875244140625,171.4111328125,175.21853637695312,178.63233947753906,181.84112548828125,185.06295013427734,188.68548583984375,193.72369232177735,348.0445556640625,211.17706,3.0,test_data/Useful/Validation/sharp sand at 1ft/20241020_165711_069.jpg,61.0,1.0,27.000898110373594
12,0.0,0.0,0.0,0.0,0.0,0.0,0.0,0.0,0.0,0.0,0.0,0.0,0.0,0.0,0.0,0.0,0.0,0.0,0.0,0.0,0.0,0.0,0.0,0.0,0.0,0.0,0.0,0.0,0.0,0.0,0.0,0.0,0.0,0.0,0.0,0.0,0.0,0.0,0.0,0.0,0.0,0.0,0.0,0.0,0.0,0.0,0.0,0.0,0.0,0.0,0.0,0.0,0.0,0.0,0.0,0.0,0.0,0.0,0.0,0.0,0.0,0.0,0.0,0.0,0.0,0.0,0.0,0.0,0.0,0.0,0.0,0.0,0.0,0.0,0.0,0.0,0.0,0.0,0.0,0.0,0.0,0.0,0.0,0.0,0.0,0.0,0.0,0.0,0.0,0.0,0.0,0.0,0.0,0.0,0.0,0.0,0.0,0.0,0.0,28.0,0.0,1000.6470588445663,1000.6980392336845,1000.7294117808342,1000.7568627595901,1000.7803921699524,1000.8078431487083,1000.8352941274643,1000.866666674614,1000.9098039269447,3001.0,158.7519989013672,166.39895629882812,171.32943267822264,175.19581604003906,178.5971221923828,181.78572692871094,185.01357879638672,188.63558959960938,193.773193359375,348.06695556640625,211.42404,3.0,test_data/Useful/Validation/sharp sand at 1ft/20241020_165711_070.jpg,59.0,1.0,28.322559712223065
13,0.0,0.0,0.0,0.0,0.0,0.0,0.0,0.0,0.0,0.0,0.0,0.0,0.0,0.0,0.0,0.0,0.0,0.0,0.0,0.0,0.0,0.0,0.0,0.0,0.0,0.0,0.0,0.0,0.0,0.0,0.0,0.0,0.0,0.0,0.0,0.0,0.0,0.0,0.0,0.0,0.0,0.0,0.0,0.0,0.0,0.0,0.0,0.0,0.0,0.0,0.0,0.0,0.0,0.0,0.0,0.0,0.0,0.0,0.0,0.0,0.0,0.0,0.0,0.0,0.0,0.0,0.0,0.0,0.0,0.0,0.0,0.0,0.0,0.0,0.0,0.0,0.0,0.0,0.0,0.0,0.0,0.0,0.0,0.0,0.0,0.0,0.0,0.0,0.0,0.0,0.0,0.0,0.0,0.0,0.0,0.0,0.0,0.0,0.0,16.0,0.0,1000.6470588445663,1000.6980392336845,1000.7294117808342,1000.7568627595901,1000.7803921699524,1000.8039215803146,1000.8313725590706,1000.8627451062202,1000.9098039269447,3001.0,158.59469604492188,166.42086791992188,171.42477416992188,175.28291931152344,178.6866226196289,181.88681640625,185.09359893798828,188.67293701171874,193.7834686279297,348.06097412109375,211.65945,3.0,test_data/Useful/Validation/sharp sand at 1ft/20241020_165711_071.jpg,54.0,1.0,23.989693735028183
14,0.0,0.0,0.0,0.0,0.0,0.0,0.0,0.0,0.0,0.0,0.0,0.0,0.0,0.0,0.0,0.0,0.0,0.0,0.0,0.0,0.0,0.0,0.0,0.0,0.0,0.0,0.0,0.0,0.0,0.0,0.0,0.0,0.0,0.0,0.0,0.0,0.0,0.0,0.0,0.0,0.0,0.0,0.0,0.0,0.0,0.0,0.0,0.0,0.0,0.0,0.0,0.0,0.0,0.0,0.0,0.0,0.0,0.0,0.0,0.0,0.0,0.0,0.0,0.0,0.0,0.0,0.0,0.0,0.0,0.0,0.0,0.0,0.0,0.0,0.0,0.0,0.0,0.0,0.0,0.0,0.0,0.0,0.0,0.0,0.0,0.0,0.0,0.0,0.0,0.0,0.0,0.0,0.0,0.0,0.0,0.0,0.0,0.0,0.0,20.0,0.0,1000.6431372761726,1000.6941176652908,1000.7294117808342,1000.7529411911964,1000.7803921699524,1000.8039215803146,1000.8313725590706,1000.8627451062202,1000.9098039269447,3001.0,158.59292602539062,166.43858337402344,171.42391967773438,175.28387451171875,178.68704223632812,181.83265686035156,185.07244873046875,188.73468017578125,193.84458923339844,348.0574035644531,211.58109,3.0,test_data/Useful/Validation/sharp sand at 1ft/20241020_165711_072.jpg,59.0,1.0,28.901822648614562
15,0.0,0.0,0.0,0.0,0.0,0.0,0.0,0.0,0.0,0.0,0.0,0.0,0.0,0.0,0.0,0.0,0.0,0.0,0.0,0.0,0.0,0.0,0.0,0.0,0.0,0.0,0.0,0.0,0.0,0.0,0.0,0.0,0.0,0.0,0.0,0.0,0.0,0.0,0.0,0.0,0.0,0.0,0.0,0.0,0.0,0.0,0.0,0.0,0.0,0.0,0.0,0.0,0.0,0.0,0.0,0.0,0.0,0.0,0.0,0.0,0.0,0.0,0.0,0.0,0.0,0.0,0.0,0.0,0.0,0.0,0.0,0.0,0.0,0.0,0.0,0.0,0.0,0.0,0.0,0.0,0.0,0.0,0.0,0.0,0.0,0.0,0.0,0.0,0.0,0.0,0.0,0.0,0.0,0.0,0.0,0.0,0.0,0.0,0.0,15.0,0.0,1000.6470588445663,1000.6941176652908,1000.7294117808342,1000.7568627595901,1000.7803921699524,1000.8039215803146,1000.8313725590706,1000.8627451062202,1000.905882358551,3001.0,158.6970474243164,166.36212463378905,171.31207275390625,175.18142700195312,178.5227813720703,181.73273315429688,184.98592376708984,188.61859741210938,193.76128540039062,348.05926513671875,212.38756,3.0,test_data/Useful/Validation/sharp sand at 1ft/20241020_165711_073.jpg,69.0,1.0,26.2311194255527
16,0.0,0.0,0.0,0.0,0.0,0.0,0.0,0.0,0.0,0.0,0.0,0.0,0.0,0.0,0.0,0.0,0.0,0.0,0.0,0.0,0.0,0.0,0.0,0.0,0.0,0.0,0.0,0.0,0.0,0.0,0.0,0.0,0.0,0.0,0.0,0.0,0.0,0.0,0.0,0.0,0.0,0.0,0.0,0.0,0.0,0.0,0.0,0.0,0.0,0.0,0.0,0.0,0.0,0.0,0.0,0.0,0.0,0.0,0.0,0.0,0.0,0.0,0.0,0.0,0.0,0.0,0.0,0.0,0.0,0.0,0.0,0.0,0.0,0.0,0.0,0.0,0.0,0.0,0.0,0.0,0.0,0.0,0.0,0.0,0.0,0.0,0.0,0.0,0.0,0.0,0.0,0.0,0.0,0.0,0.0,0.0,0.0,0.0,0.0,0.0,0.0,1000.6392157077789,1000.6901960968971,1000.7254902124405,1000.7529411911964,1000.7764706015587,1000.8039215803146,1000.8313725590706,1000.8627451062202,1000.9098039269447,3001.0,158.84435119628907,166.56149291992188,171.5242919921875,175.35150146484375,178.71310424804688,181.84859619140624,185.07254333496093,188.7354736328125,193.80087280273438,348.04608154296875,211.86713,3.0,test_data/Useful/Validation/sharp sand at 1ft/20241020_165711_074.jpg,74.0,0.0,36.12275835900074
17,0.0,0.0,0.0,0.0,0.0,0.0,0.0,0.0,0.0,0.0,0.0,0.0,0.0,0.0,0.0,0.0,0.0,0.0,0.0,0.0,0.0,0.0,0.0,0.0,0.0,0.0,0.0,0.0,0.0,0.0,0.0,0.0,0.0,0.0,0.0,0.0,0.0,0.0,0.0,0.0,0.0,0.0,0.0,0.0,0.0,0.0,0.0,0.0,0.0,0.0,0.0,0.0,0.0,0.0,0.0,0.0,0.0,0.0,0.0,0.0,0.0,0.0,0.0,0.0,0.0,0.0,0.0,0.0,0.0,0.0,0.0,0.0,0.0,0.0,0.0,0.0,0.0,0.0,0.0,0.0,0.0,0.0,0.0,0.0,0.0,0.0,0.0,0.0,0.0,0.0,0.0,0.0,0.0,0.0,0.0,0.0,0.0,0.0,0.0,0.0,0.0,1000.6392157077789,1000.6901960968971,1000.7254902124405,1000.7529411911964,1000.7764706015587,1000.8039215803146,1000.8313725590706,1000.8627451062202,1000.9098039269447,3001.0,158.83029174804688,166.52647399902344,171.459228515625,175.35133056640626,178.7280502319336,181.860205078125,185.02963256835938,188.70232849121095,193.7758285522461,348.049072265625,211.74823,3.0,test_data/Useful/Validation/sharp sand at 1ft/20241020_165711_075.jpg,57.0,0.0,31.785866858836116
18,0.0,0.0,0.0,0.0,0.0,0.0,0.0,0.0,0.0,0.0,0.0,0.0,0.0,0.0,0.0,0.0,0.0,0.0,0.0,0.0,0.0,0.0,0.0,0.0,0.0,0.0,0.0,0.0,0.0,0.0,0.0,0.0,0.0,0.0,0.0,0.0,0.0,0.0,0.0,0.0,0.0,0.0,0.0,0.0,0.0,0.0,0.0,0.0,0.0,0.0,0.0,0.0,0.0,0.0,0.0,0.0,0.0,0.0,0.0,0.0,0.0,0.0,0.0,0.0,0.0,0.0,0.0,0.0,0.0,0.0,0.0,0.0,0.0,0.0,0.0,0.0,0.0,0.0,0.0,0.0,0.0,0.0,0.0,0.0,0.0,0.0,0.0,0.0,0.0,0.0,0.0,0.0,0.0,0.0,0.0,0.0,0.0,0.0,0.0,9.0,0.0,1000.6352941393852,1000.6901960968971,1000.7215686440468,1000.7490196228027,1000.7764706015587,1000.8000000119209,1000.8274509906769,1000.8627451062202,1000.9098039269447,3001.0,158.84185943603515,166.53440856933594,171.45181274414062,175.40096130371094,178.75330352783203,181.90508117675782,185.10928344726562,188.71307983398438,193.82603149414064,348.0383605957031,211.5961,3.0,test_data/Useful/Validation/sharp sand at 1ft/20241020_165711_079.jpg,79.0,1.0,34.676378770700246
19,0.0,0.0,0.0,0.0,0.0,0.0,0.0,0.0,0.0,0.0,0.0,0.0,0.0,0.0,0.0,0.0,0.0,0.0,0.0,0.0,0.0,0.0,0.0,0.0,0.0,0.0,0.0,0.0,0.0,0.0,0.0,0.0,0.0,0.0,0.0,0.0,0.0,0.0,0.0,0.0,0.0,0.0,0.0,0.0,0.0,0.0,0.0,0.0,0.0,0.0,0.0,0.0,0.0,0.0,0.0,0.0,0.0,0.0,0.0,0.0,0.0,0.0,0.0,0.0,0.0,0.0,0.0,0.0,0.0,0.0,0.0,0.0,0.0,0.0,0.0,0.0,0.0,0.0,0.0,0.0,0.0,0.0,0.0,0.0,0.0,0.0,0.0,0.0,0.0,0.0,0.0,0.0,0.0,0.0,0.0,0.0,0.0,0.0,0.0,19.0,0.0,1000.65098041296,1000.6980392336845,1000.7294117808342,1000.7529411911964,1000.7764706015587,1000.8000000119209,1000.8235294222832,1000.8549019694328,1000.8980392217636,3000.988235294819,158.35211181640625,166.11977844238282,171.02407989501953,174.8904571533203,178.22600555419922,181.424462890625,184.66788024902343,188.3296112060547,193.49203643798828,348.05987548828125,212.32698,3.0,test_data/Useful/Validation/sharp sand at 1ft/20241020_165711_080.jpg,83.0,1.0,35.53729076420935
20,0.0,0.0,0.0,0.0,0.0,0.0,0.0,0.0,0.0,0.0,0.0,0.0,0.0,0.0,0.0,0.0,0.0,0.0,0.0,0.0,0.0,0.0,0.0,0.0,0.0,0.0,0.0,0.0,0.0,0.0,0.0,0.0,0.0,0.0,0.0,0.0,0.0,0.0,0.0,0.0,0.0,0.0,0.0,0.0,0.0,0.0,0.0,0.0,0.0,0.0,0.0,0.0,0.0,0.0,0.0,0.0,0.0,0.0,0.0,0.0,0.0,0.0,0.0,0.0,0.0,0.0,0.0,0.0,0.0,0.0,0.0,0.0,0.0,0.0,0.0,0.0,0.0,0.0,0.0,0.0,0.0,0.0,0.0,0.0,0.0,0.0,0.0,0.0,0.0,0.0,0.0,0.0,0.0,0.0,0.0,0.0,0.0,0.0,0.0,0.0,0.0,1000.6392157077789,1000.6901960968971,1000.7254902124405,1000.7490196228027,1000.7764706015587,1000.8000000119209,1000.8274509906769,1000.8588235378265,1000.905882358551,3001.0,158.65473022460938,166.3475341796875,171.2647247314453,175.14442443847656,178.4535369873047,181.61012268066406,184.88784790039062,188.522705078125,193.66714477539062,348.03912353515625,211.05238,3.0,test_data/Useful/Validation/sharp sand at 1ft/20241020_165711_081.jpg,53.0,0.0,26.672684727845237
21,0.0,0.0,0.0,0.0,0.0,0.0,0.0,0.0,0.0,0.0,0.0,0.0,0.0,0.0,0.0,0.0,0.0,0.0,0.0,0.0,0.0,0.0,0.0,0.0,0.0,0.0,0.0,0.0,0.0,0.0,0.0,0.0,0.0,0.0,0.0,0.0,0.0,0.0,0.0,0.0,0.0,0.0,0.0,0.0,0.0,0.0,0.0,0.0,0.0,0.0,0.0,0.0,0.0,0.0,0.0,0.0,0.0,0.0,0.0,0.0,0.0,0.0,0.0,0.0,0.0,0.0,0.0,0.0,0.0,0.0,0.0,0.0,0.0,0.0,0.0,0.0,0.0,0.0,0.0,0.0,0.0,0.0,0.0,0.0,0.0,0.0,0.0,0.0,0.0,0.0,0.0,0.0,0.0,0.0,0.0,0.0,0.0,0.0,0.0,17.0,0.0,1000.6470588445663,1000.6941176652908,1000.7254902124405,1000.7529411911964,1000.7764706015587,1000.8000000119209,1000.8235294222832,1000.8549019694328,1000.9019607901573,3001.0,158.28225708007812,165.9876708984375,170.94851684570312,174.86599731445312,178.26605224609375,181.49801330566407,184.71427001953126,188.37804565429687,193.53323974609376,348.04510498046875,211.28334,3.0,test_data/Useful/Validation/sharp sand at 1ft/20241020_165711_082.jpg,86.0,1.0,25.394245171095914
22,0.0,0.0,0.0,0.0,0.0,0.0,0.0,0.0,0.0,0.0,0.0,0.0,0.0,0.0,0.0,0.0,0.0,0.0,0.0,0.0,0.0,0.0,0.0,0.0,0.0,0.0,0.0,0.0,0.0,0.0,0.0,0.0,0.0,0.0,0.0,0.0,0.0,0.0,0.0,0.0,0.0,0.0,0.0,0.0,0.0,0.0,0.0,0.0,0.0,0.0,0.0,0.0,0.0,0.0,0.0,0.0,0.0,0.0,0.0,0.0,0.0,0.0,0.0,0.0,0.0,0.0,0.0,0.0,0.0,0.0,0.0,0.0,0.0,0.0,0.0,0.0,0.0,0.0,0.0,0.0,0.0,0.0,0.0,0.0,0.0,0.0,0.0,0.0,0.0,0.0,0.0,0.0,0.0,0.0,0.0,0.0,0.0,0.0,0.0,16.0,0.0,1000.6431372761726,1000.6941176652908,1000.7254902124405,1000.7490196228027,1000.7764706015587,1000.8000000119209,1000.8235294222832,1000.8549019694328,1000.9019607901573,3000.9960784316063,158.41953887939454,166.02460327148438,171.00557861328124,174.86729125976564,178.25115966796875,181.4134979248047,184.64075317382813,188.27198486328126,193.53759307861327,348.03253173828125,211.49777,3.0,test_data/Useful/Validation/sharp sand at 1ft/20241020_165711_083.jpg,71.0,1.0,34.973729574958256
23,0.0,0.0,0.0,0.0,0.0,0.0,0.0,0.0,0.0,0.0,0.0,0.0,0.0,0.0,0.0,0.0,0.0,0.0,0.0,0.0,0.0,0.0,0.0,0.0,0.0,0.0,0.0,0.0,0.0,0.0,0.0,0.0,0.0,0.0,0.0,0.0,0.0,0.0,0.0,0.0,0.0,0.0,0.0,0.0,0.0,0.0,0.0,0.0,0.0,0.0,0.0,0.0,0.0,0.0,0.0,0.0,0.0,0.0,0.0,0.0,0.0,0.0,0.0,0.0,0.0,0.0,0.0,0.0,0.0,0.0,0.0,0.0,0.0,0.0,0.0,0.0,0.0,0.0,0.0,0.0,0.0,0.0,0.0,0.0,0.0,0.0,0.0,0.0,0.0,0.0,0.0,0.0,0.0,0.0,0.0,0.0,0.0,0.0,0.0,0.0,0.0,1000.6470588445663,1000.6941176652908,1000.7254902124405,1000.7529411911964,1000.7764706015587,1000.8000000119209,1000.8235294222832,1000.8549019694328,1000.8980392217636,3000.9960784316063,158.35560455322266,166.0436248779297,170.9228500366211,174.78565063476563,178.14910125732422,181.34779357910156,184.55728149414062,188.2020263671875,193.42739868164062,348.0456848144531,212.21083,3.0,test_data/Useful/Validation/sharp sand at 1ft/20241020_165711_084.jpg,69.0,0.0,27.27191937837743
24,0.0,0.0,0.0,0.0,0.0,0.0,0.0,0.0,0.0,0.0,0.0,0.0,0.0,0.0,0.0,0.0,0.0,0.0,0.0,0.0,0.0,0.0,0.0,0.0,0.0,0.0,0.0,0.0,0.0,0.0,0.0,0.0,0.0,0.0,0.0,0.0,0.0,0.0,0.0,0.0,0.0,0.0,0.0,0.0,0.0,0.0,0.0,0.0,0.0,0.0,0.0,0.0,0.0,0.0,0.0,0.0,0.0,0.0,0.0,0.0,0.0,0.0,0.0,0.0,0.0,0.0,0.0,0.0,0.0,0.0,0.0,0.0,0.0,0.0,0.0,0.0,0.0,0.0,0.0,0.0,0.0,0.0,0.0,0.0,0.0,0.0,0.0,0.0,0.0,0.0,0.0,0.0,0.0,0.0,0.0,0.0,0.0,0.0,0.0,0.0,0.0,1000.6431372761726,1000.6941176652908,1000.7254902124405,1000.7529411911964,1000.7764706015587,1000.8000000119209,1000.8235294222832,1000.8549019694328,1000.9019607901573,3001.0,158.15565795898436,165.93612670898438,170.9482421875,174.84457397460938,178.27186584472656,181.4242706298828,184.6513671875,188.2523193359375,193.43179321289062,348.0311279296875,211.94449,3.0,test_data/Useful/Validation/sharp sand at 1ft/20241020_165711_085.jpg,85.0,0.0,31.141636620393484
25,0.0,0.0,0.0,0.0,0.0,0.0,0.0,0.0,0.0,0.0,0.0,0.0,0.0,0.0,0.0,0.0,0.0,0.0,0.0,0.0,0.0,0.0,0.0,0.0,0.0,0.0,0.0,0.0,0.0,0.0,0.0,0.0,0.0,0.0,0.0,0.0,0.0,0.0,0.0,0.0,0.0,0.0,0.0,0.0,0.0,0.0,0.0,0.0,0.0,0.0,0.0,0.0,0.0,0.0,0.0,0.0,0.0,0.0,0.0,0.0,0.0,0.0,0.0,0.0,0.0,0.0,0.0,0.0,0.0,0.0,0.0,0.0,0.0,0.0,0.0,0.0,0.0,0.0,0.0,0.0,0.0,0.0,0.0,0.0,0.0,0.0,0.0,0.0,0.0,0.0,0.0,0.0,0.0,0.0,0.0,0.0,0.0,0.0,0.0,0.0,0.0,1000.5137255191803,1000.5960784554482,1000.6588235497475,1000.7098039388657,1000.7568627595901,1000.8039215803146,1000.8549019694328,1000.9098039269447,1000.972549021244,2001.0,159.67807006835938,167.4529266357422,172.44772338867188,176.363037109375,179.70089721679688,182.9527160644531,186.22235565185548,189.9209716796875,195.29396057128906,347.5456237792969,212.33685,3.0,test_data/Useful/Validation/sharp sand at 1ft/20241020_165856(0).jpg,152.0,0.0,28.60124643305993
26,0.0,0.0,0.0,0.0,0.0,0.0,0.0,0.0,0.0,0.0,0.0,0.0,0.0,0.0,0.0,0.0,0.0,0.0,0.0,0.0,0.0,0.0,0.0,0.0,0.0,0.0,0.0,0.0,0.0,0.0,0.0,0.0,0.0,0.0,0.0,0.0,0.0,0.0,0.0,0.0,0.0,0.0,0.0,0.0,0.0,0.0,0.0,0.0,0.0,0.0,0.0,0.0,0.0,0.0,0.0,0.0,0.0,0.0,0.0,0.0,0.0,0.0,0.0,0.0,0.0,0.0,0.0,0.0,0.0,0.0,0.0,0.0,0.0,0.0,0.0,0.0,0.0,0.0,0.0,0.0,0.0,0.0,0.0,0.0,0.0,0.0,0.0,0.0,0.0,0.0,0.0,0.0,0.0,0.0,0.0,0.0,0.0,0.0,0.0,0.0,0.0,1000.5764706134796,1000.65098041296,1000.705882370472,1000.7529411911964,1000.7960784435272,1000.839215695858,1000.8862745165825,1000.9372549057007,1000.9921568632126,2001.0,159.45284271240234,167.20232543945312,172.25215911865234,176.2223327636719,179.59982299804688,182.77397766113282,186.06820983886718,189.73963317871093,195.14202575683595,347.8260498046875,213.58047,3.0,test_data/Useful/Validation/sharp sand at 1ft/20241020_165856.jpg,227.0,0.0,30.315243954683112
27,0.0,0.0,0.0,0.0,0.0,0.0,0.0,0.0,0.0,0.0,0.0,0.0,0.0,0.0,0.0,0.0,0.0,0.0,0.0,0.0,0.0,0.0,0.0,0.0,0.0,0.0,0.0,0.0,0.0,0.0,0.0,0.0,0.0,0.0,0.0,0.0,0.0,0.0,0.0,0.0,0.0,0.0,0.0,0.0,0.0,0.0,0.0,0.0,0.0,0.0,0.0,0.0,0.0,0.0,0.0,0.0,0.0,0.0,0.0,0.0,0.0,0.0,0.0,0.0,0.0,0.0,0.0,0.0,0.0,0.0,0.0,0.0,0.0,0.0,0.0,0.0,0.0,0.0,0.0,0.0,0.0,0.0,0.0,0.0,0.0,0.0,0.0,0.0,0.0,0.0,0.0,0.0,0.0,0.0,0.0,0.0,0.0,0.0,0.0,0.0,0.0,1000.5725490450859,1000.6431372761726,1000.6901960968971,1000.7254902124405,1000.7568627595901,1000.7921568751335,1000.8313725590706,1000.8745098114014,1000.9294117689133,2001.0,158.77956848144532,166.611328125,171.5874481201172,175.48925170898437,178.8761444091797,182.1020263671875,185.4138229370117,189.15559997558594,194.6767303466797,347.6268005371094,213.16632,3.0,test_data/Useful/Validation/sharp sand at 1ft/20241020_165857.jpg,233.0,0.0,28.716687256462762
28,0.0,0.0,0.0,0.0,0.0,0.0,0.0,0.0,0.0,0.0,0.0,0.0,0.0,0.0,0.0,0.0,0.0,0.0,0.0,0.0,0.0,0.0,0.0,0.0,0.0,0.0,0.0,0.0,0.0,0.0,0.0,0.0,0.0,0.0,0.0,0.0,0.0,0.0,0.0,0.0,0.0,0.0,0.0,0.0,0.0,0.0,0.0,0.0,0.0,0.0,0.0,0.0,0.0,0.0,0.0,0.0,0.0,0.0,0.0,0.0,0.0,0.0,0.0,0.0,0.0,0.0,0.0,0.0,0.0,0.0,0.0,0.0,0.0,0.0,0.0,0.0,0.0,0.0,0.0,0.0,0.0,0.0,0.0,0.0,0.0,0.0,0.0,0.0,0.0,0.0,0.0,0.0,0.0,0.0,0.0,0.0,0.0,0.0,0.0,22.0,0.0,1000.5686274766922,1000.6470588445663,1000.7019608020782,1000.7411764860153,1000.7843137383461,1000.8235294222832,1000.8627451062202,1000.9098039269447,1000.9686274528503,2001.0,158.74102630615235,166.52644653320314,171.50254821777344,175.3425750732422,178.72784423828125,181.93181762695312,185.18446350097656,188.98855590820312,194.78555297851562,347.8158264160156,218.96758,3.0,test_data/Useful/Validation/sharp sand at 1ft/20241020_165858(0).jpg,369.0,1.0,31.30246716904814
29,0.0,0.0,0.0,0.0,0.0,0.0,0.0,0.0,0.0,0.0,0.0,0.0,0.0,0.0,0.0,0.0,0.0,0.0,0.0,0.0,0.0,0.0,0.0,0.0,0.0,0.0,0.0,0.0,0.0,0.0,0.0,0.0,0.0,0.0,0.0,0.0,0.0,0.0,0.0,0.0,0.0,0.0,0.0,0.0,0.0,0.0,0.0,0.0,0.0,0.0,0.0,0.0,0.0,0.0,0.0,0.0,0.0,0.0,0.0,0.0,0.0,0.0,0.0,0.0,0.0,0.0,0.0,0.0,0.0,0.0,0.0,0.0,0.0,0.0,0.0,0.0,0.0,0.0,0.0,0.0,0.0,0.0,0.0,0.0,0.0,0.0,0.0,0.0,0.0,0.0,0.0,0.0,0.0,0.0,0.0,0.0,0.0,0.0,0.0,0.0,0.0,1000.5803921818733,1000.65098041296,1000.6980392336845,1000.7333333492279,1000.7686274647713,1000.8039215803146,1000.8431372642517,1000.8901960849762,1000.9490196108818,2001.0,159.08917388916015,166.82673950195314,171.7620651245117,175.66246032714844,179.03794860839844,182.2708312988281,185.53419494628906,189.3211212158203,194.89224243164062,347.755615234375,217.34097,3.0,test_data/Useful/Validation/sharp sand at 1ft/20241020_165858.jpg,325.0,0.0,28.333179522979552
30,0.0,0.0,0.0,0.0,0.0,0.0,0.0,0.0,0.0,0.0,0.0,0.0,0.0,0.0,0.0,0.0,0.0,0.0,0.0,0.0,0.0,0.0,0.0,0.0,0.0,0.0,0.0,0.0,0.0,0.0,0.0,0.0,0.0,0.0,0.0,0.0,0.0,0.0,0.0,0.0,0.0,0.0,0.0,0.0,0.0,0.0,0.0,0.0,0.0,0.0,0.0,0.0,0.0,0.0,0.0,0.0,0.0,0.0,0.0,0.0,0.0,0.0,0.0,0.0,0.0,0.0,0.0,0.0,0.0,0.0,0.0,0.0,0.0,0.0,0.0,0.0,0.0,0.0,0.0,0.0,0.0,0.0,0.0,0.0,0.0,0.0,0.0,0.0,0.0,0.0,0.0,0.0,0.0,0.0,0.0,0.0,0.0,0.0,0.0,0.0,0.0,1000.5764706134796,1000.65098041296,1000.7019608020782,1000.7411764860153,1000.7803921699524,1000.8196078538895,1000.8627451062202,1000.9098039269447,1000.9686274528503,2001.0,159.08961181640626,166.86070251464844,171.86565704345702,175.75172729492186,179.07200622558594,182.25149536132812,185.533203125,189.3267059326172,194.86190795898438,347.8178405761719,217.28568,3.0,test_data/Useful/Validation/sharp sand at 1ft/20241020_165859.jpg,275.0,0.0,32.58589843976377
31,0.0,0.0,0.0,0.0,0.0,0.0,0.0,0.0,0.0,0.0,0.0,0.0,0.0,0.0,0.0,0.0,0.0,0.0,0.0,0.0,0.0,0.0,0.0,0.0,0.0,0.0,0.0,0.0,0.0,0.0,0.0,0.0,0.0,0.0,0.0,0.0,0.0,0.0,0.0,0.0,0.0,0.0,0.0,0.0,0.0,0.0,0.0,0.0,0.0,0.0,0.0,0.0,0.0,0.0,0.0,0.0,0.0,0.0,0.0,0.0,0.0,0.0,0.0,0.0,0.0,0.0,0.0,0.0,0.0,0.0,0.0,0.0,0.0,0.0,0.0,0.0,0.0,0.0,0.0,0.0,0.0,0.0,0.0,0.0,0.0,0.0,0.0,0.0,0.0,0.0,0.0,0.0,0.0,0.0,0.0,0.0,0.0,0.0,0.0,0.0,0.0,1000.5333333611488,1000.6196078658104,1000.678431391716,1000.7215686440468,1000.7686274647713,1000.8156862854958,1000.8588235378265,1000.905882358551,1000.9607843160629,2001.0,158.96897888183594,166.73745727539062,171.69711303710938,175.5623016357422,178.93215942382812,182.14844360351563,185.43084716796875,189.3160125732422,195.20521545410156,347.5515441894531,214.87027,3.0,test_data/Useful/Validation/sharp sand at 1ft/20241020_165902.jpg,566.0,0.0,27.747722764347827
32,0.0,0.0,0.0,0.0,0.0,0.0,0.0,0.0,0.0,0.0,0.0,0.0,0.0,0.0,0.0,0.0,0.0,0.0,0.0,0.0,0.0,0.0,0.0,0.0,0.0,0.0,0.0,0.0,0.0,0.0,0.0,0.0,0.0,0.0,0.0,0.0,0.0,0.0,0.0,0.0,0.0,0.0,0.0,0.0,0.0,0.0,0.0,0.0,0.0,0.0,0.0,0.0,0.0,0.0,0.0,0.0,0.0,0.0,0.0,0.0,0.0,0.0,0.0,0.0,0.0,0.0,0.0,0.0,0.0,0.0,0.0,0.0,0.0,0.0,0.0,0.0,0.0,0.0,0.0,0.0,0.0,0.0,0.0,0.0,0.0,0.0,0.0,0.0,0.0,0.0,0.0,0.0,0.0,0.0,0.0,0.0,0.0,0.0,0.0,12.0,0.0,1000.5647059082985,1000.6470588445663,1000.6980392336845,1000.7372549176216,1000.7764706015587,1000.8078431487083,1000.8431372642517,1000.8784313797951,1000.9254902005196,1001.0,157.71866607666016,165.4152038574219,170.38563079833983,174.3319519042969,177.7822265625,181.0281524658203,184.34655151367187,188.19912719726562,194.32437133789062,347.5848693847656,216.22183,3.0,test_data/Useful/Validation/sharp sand at 1ft/20241020_165903(0).jpg,428.0,1.0,32.809137099339466
33,0.0,0.0,0.0,0.0,0.0,0.0,0.0,0.0,0.0,0.0,0.0,0.0,0.0,0.0,0.0,0.0,0.0,0.0,0.0,0.0,0.0,0.0,0.0,0.0,0.0,0.0,0.0,0.0,0.0,0.0,0.0,0.0,0.0,0.0,0.0,0.0,0.0,0.0,0.0,0.0,0.0,0.0,0.0,0.0,0.0,0.0,0.0,0.0,0.0,0.0,0.0,0.0,0.0,0.0,0.0,0.0,0.0,0.0,0.0,0.0,0.0,0.0,0.0,0.0,0.0,0.0,0.0,0.0,0.0,0.0,0.0,0.0,0.0,0.0,0.0,0.0,0.0,0.0,0.0,0.0,0.0,0.0,0.0,0.0,0.0,0.0,0.0,0.0,0.0,0.0,0.0,0.0,0.0,0.0,0.0,0.0,0.0,0.0,0.0,0.0,0.0,1000.5254902243614,1000.6196078658104,1000.6862745285034,1000.7372549176216,1000.7882353067398,1000.8352941274643,1000.8823529481888,1000.933333337307,1000.9843137264252,2001.0,158.91295776367187,166.70028686523438,171.68067016601563,175.53533020019532,178.9650421142578,182.15245971679687,185.46072998046876,189.24982299804688,195.11972351074218,347.6388854980469,217.44177,3.0,test_data/Useful/Validation/sharp sand at 1ft/20241020_165903.jpg,395.0,0.0,26.063568317592637
34,0.0,0.0,0.0,0.0,0.0,0.0,0.0,0.0,0.0,0.0,0.0,0.0,0.0,0.0,0.0,0.0,0.0,0.0,0.0,0.0,0.0,0.0,0.0,0.0,0.0,0.0,0.0,0.0,0.0,0.0,0.0,0.0,0.0,0.0,0.0,0.0,0.0,0.0,0.0,0.0,0.0,0.0,0.0,0.0,0.0,0.0,0.0,0.0,0.0,0.0,0.0,0.0,0.0,0.0,0.0,0.0,0.0,0.0,0.0,0.0,0.0,0.0,0.0,0.0,0.0,0.0,0.0,0.0,0.0,0.0,0.0,0.0,0.0,0.0,0.0,0.0,0.0,0.0,0.0,0.0,0.0,0.0,0.0,0.0,0.0,0.0,0.0,0.0,0.0,0.0,0.0,0.0,0.0,0.0,0.0,0.0,0.0,1.5199999999999818,10.759999999999991,20.0,0.0,1000.6352941393852,1000.6901960968971,1000.7254902124405,1000.7529411911964,1000.7764706015587,1000.7960784435272,1000.8156862854958,1000.839215695858,1000.8627451062202,2001.0,148.29928588867188,155.954833984375,161.02084350585938,165.0318145751953,168.58163452148438,172.0690185546875,175.93345947265624,180.89642028808595,190.83875579833986,347.6675720214844,221.90573,3.0,test_data/Useful/Validation/sharp sand at 1ft/20241020_165904.jpg,393.0,6.0,28.581407247453495
35,0.0,0.0,0.0,0.0,0.0,0.0,0.0,0.0,0.0,0.0,0.0,0.0,0.0,0.0,0.0,0.0,0.0,0.0,0.0,0.0,0.0,0.0,0.0,0.0,0.0,0.0,0.0,0.0,0.0,0.0,0.0,0.0,0.0,0.0,0.0,0.0,0.0,0.0,0.0,0.0,0.0,0.0,0.0,0.0,0.0,0.0,0.0,0.0,0.0,0.0,0.0,0.0,0.0,0.0,0.0,0.0,0.0,0.0,0.0,0.0,0.0,0.0,0.0,0.0,0.0,0.0,0.0,0.0,0.0,0.0,0.0,0.0,0.0,0.0,0.0,0.0,0.0,0.0,0.0,0.0,0.0,0.0,0.0,0.0,0.0,0.0,0.0,0.0,0.0,0.0,0.0,0.0,0.0,0.0,0.0,0.0,0.0,0.0,0.0,0.0,0.0,1000.5019608139992,1000.5882353186607,1000.6470588445663,1000.6901960968971,1000.7294117808342,1000.772549033165,1000.8156862854958,1000.8588235378265,1000.9137254953384,2000.945098042488,159.01536560058594,166.7605743408203,171.7689666748047,175.67412109375,179.0937042236328,182.29379272460938,185.6018829345703,189.45497131347656,195.17184448242188,347.29840087890625,213.10258,3.0,test_data/Useful/Validation/sharp sand at 1ft/20241020_165905.jpg,346.0,0.0,27.068326580056898
36,0.0,0.0,0.0,0.0,0.0,0.0,0.0,0.0,0.0,0.0,0.0,0.0,0.0,0.0,0.0,0.0,0.0,0.0,0.0,0.0,0.0,0.0,0.0,0.0,0.0,0.0,0.0,0.0,0.0,0.0,0.0,0.0,0.0,0.0,0.0,0.0,0.0,0.0,0.0,0.0,0.0,0.0,0.0,0.0,0.0,0.0,0.0,0.0,0.0,0.0,0.0,0.0,0.0,0.0,0.0,0.0,0.0,0.0,0.0,0.0,0.0,0.0,0.0,0.0,0.0,0.0,0.0,0.0,0.0,0.0,0.0,0.0,0.0,0.0,0.0,0.0,0.0,0.0,0.0,0.0,0.0,0.0,0.0,0.0,0.0,0.0,0.0,0.0,0.0,0.0,0.0,0.0,0.0,0.0,0.0,0.0,0.0,0.0,0.0,0.0,0.0,1000.5725490450859,1000.6431372761726,1000.6862745285034,1000.7215686440468,1000.7529411911964,1000.7843137383461,1000.8196078538895,1000.8627451062202,1000.9254902005196,2001.0,159.3029022216797,166.98114624023438,171.98511657714843,175.81827087402345,179.16317749023438,182.3538818359375,185.60833740234375,189.34320068359375,194.80086364746094,347.6646423339844,214.64468,3.0,test_data/Useful/Validation/sharp sand at 1ft/20241020_165906(0).jpg,227.0,0.0,30.802221548167402
37,0.0,0.0,0.0,0.0,0.0,0.0,0.0,0.0,0.0,0.0,0.0,0.0,0.0,0.0,0.0,0.0,0.0,0.0,0.0,0.0,0.0,0.0,0.0,0.0,0.0,0.0,0.0,0.0,0.0,0.0,0.0,0.0,0.0,0.0,0.0,0.0,0.0,0.0,0.0,0.0,0.0,0.0,0.0,0.0,0.0,0.0,0.0,0.0,0.0,0.0,0.0,0.0,0.0,0.0,0.0,0.0,0.0,0.0,0.0,0.0,0.0,0.0,0.0,0.0,0.0,0.0,0.0,0.0,0.0,0.0,0.0,0.0,0.0,0.0,0.0,0.0,0.0,0.0,0.0,0.0,0.0,0.0,0.0,0.0,0.0,0.0,0.0,0.0,0.0,0.0,0.0,0.0,0.0,0.0,0.0,0.0,0.0,0.0,0.0,21.0,0.0,1000.4588235318661,1000.5411764979362,1000.5960784554482,1000.6470588445663,1000.6980392336845,1000.7490196228027,1000.8039215803146,1000.8627451062202,1000.933333337307,2001.0,158.5634002685547,166.30023193359375,171.24035186767577,175.1111633300781,178.5511016845703,181.7549072265625,185.14635162353517,188.987841796875,194.9801498413086,347.2584533691406,219.93196,3.0,test_data/Useful/Validation/sharp sand at 1ft/20241020_170042.jpg,568.0,1.0,28.294648633101556
38,0.0,0.0,0.0,0.0,0.0,0.0,0.0,0.0,0.0,0.0,0.0,0.0,0.0,0.0,0.0,0.0,0.0,0.0,0.0,0.0,0.0,0.0,0.0,0.0,0.0,0.0,0.0,0.0,0.0,0.0,0.0,0.0,0.0,0.0,0.0,0.0,0.0,0.0,0.0,0.0,0.0,0.0,0.0,0.0,0.0,0.0,0.0,0.0,0.0,0.0,0.0,0.0,0.0,0.0,0.0,0.0,0.0,0.0,0.0,0.0,0.0,0.0,0.0,0.0,0.0,0.0,0.0,0.0,0.0,0.0,0.0,0.0,0.0,0.0,0.0,0.0,0.0,0.0,0.0,0.0,0.0,0.0,0.0,0.0,0.0,0.0,0.0,0.0,0.0,0.0,0.0,0.0,0.0,0.0,0.0,0.0,0.0,0.0,0.0,16.0,0.0,1000.4274509847164,1000.5019608139992,1000.5568627715111,1000.6078431606293,1000.6588235497475,1000.7176470756531,1000.7803921699524,1000.8470588326454,1000.9176470637321,2001.0,157.32648315429688,165.00982666015625,169.9179229736328,173.84397888183594,177.21237182617188,180.38131713867188,183.73490142822266,187.65673828125,193.89834594726562,347.07177734375,222.94571,3.0,test_data/Useful/Validation/sharp sand at 1ft/20241020_170043(0).jpg,587.0,1.0,31.83901527994215
39,0.0,0.0,0.0,0.0,0.0,0.0,0.0,0.0,0.0,0.0,0.0,0.0,0.0,0.0,0.0,0.0,0.0,0.0,0.0,0.0,0.0,0.0,0.0,0.0,0.0,0.0,0.0,0.0,0.0,0.0,0.0,0.0,0.0,0.0,0.0,0.0,0.0,0.0,0.0,0.0,0.0,0.0,0.0,0.0,0.0,0.0,0.0,0.0,0.0,0.0,0.0,0.0,0.0,0.0,0.0,0.0,0.0,0.0,0.0,0.0,0.0,0.0,0.0,0.0,0.0,0.0,0.0,0.0,0.0,0.0,0.0,0.0,0.0,0.0,0.0,0.0,0.0,0.0,0.0,0.0,0.0,0.0,0.0,0.0,0.0,0.0,0.0,0.0,0.0,0.0,0.0,0.0,0.0,0.0,0.0,0.0,0.0,0.0,0.0,0.0,0.0,1000.4313725531101,1000.5058823823929,1000.5647059082985,1000.6156862974167,1000.6666666865349,1000.7254902124405,1000.7882353067398,1000.8509804010391,1000.9254902005196,2001.0,157.56505889892577,165.2938690185547,170.25128173828125,174.1371307373047,177.55313110351562,180.81346130371094,184.08306884765625,187.99522399902344,194.19236755371094,347.11663818359375,223.53683,3.0,test_data/Useful/Validation/sharp sand at 1ft/20241020_170043.jpg,544.0,0.0,30.80863545506591
40,0.0,0.0,0.0,0.0,0.0,0.0,0.0,0.0,0.0,0.0,0.0,0.0,0.0,0.0,0.0,0.0,0.0,0.0,0.0,0.0,0.0,0.0,0.0,0.0,0.0,0.0,0.0,0.0,0.0,0.0,0.0,0.0,0.0,0.0,0.0,0.0,0.0,0.0,0.0,0.0,0.0,0.0,0.0,0.0,0.0,0.0,0.0,0.0,0.0,0.0,0.0,0.0,0.0,0.0,0.0,0.0,0.0,0.0,0.0,0.0,0.0,0.0,0.0,0.0,0.0,0.0,0.0,0.0,0.0,0.0,0.0,0.0,0.0,0.0,0.0,0.0,0.0,0.0,0.0,0.0,0.0,0.0,0.0,0.0,0.0,0.0,0.0,0.0,0.0,0.0,0.0,0.0,0.0,0.0,0.0,0.0,0.0,0.0,0.0,21.0,0.0,1000.419607847929,1000.4941176474094,1000.5529412031174,1000.6078431606293,1000.6588235497475,1000.7176470756531,1000.7803921699524,1000.8470588326454,1000.9176470637321,2001.0,156.4873275756836,164.19363708496093,169.1124267578125,172.90127563476562,176.34994506835938,179.56939697265625,182.85479736328125,186.78251037597656,193.29221801757814,347.0751647949219,223.9453,3.0,test_data/Useful/Validation/sharp sand at 1ft/20241020_170044.jpg,578.0,3.0,27.219325794147146
41,0.0,0.0,0.0,0.0,0.0,0.0,0.0,0.0,0.0,0.0,0.0,0.0,0.0,0.0,0.0,0.0,0.0,0.0,0.0,0.0,0.0,0.0,0.0,0.0,0.0,0.0,0.0,0.0,0.0,0.0,0.0,0.0,0.0,0.0,0.0,0.0,0.0,0.0,0.0,0.0,0.0,0.0,0.0,0.0,0.0,0.0,0.0,0.0,0.0,0.0,0.0,0.0,0.0,0.0,0.0,0.0,0.0,0.0,0.0,0.0,0.0,0.0,0.0,0.0,0.0,0.0,0.0,0.0,0.0,0.0,0.0,0.0,0.0,0.0,0.0,0.0,0.0,0.0,0.0,0.0,0.0,0.0,0.0,0.0,0.0,0.0,0.0,0.0,0.0,0.0,0.0,0.0,0.0,0.0,0.0,0.0,0.0,0.0,6.039999999999964,16.0,0.0,1000.4117647111416,1000.486274510622,1000.5490196347237,1000.6000000238419,1000.65098041296,1000.7098039388657,1000.772549033165,1000.8431372642517,1000.9176470637321,2001.0,157.13617858886718,164.84845581054688,169.73121185302733,173.5858123779297,176.95653533935547,180.14485778808594,183.41919708251953,187.22653198242188,193.53323364257812,347.04119873046875,223.24783,3.0,test_data/Useful/Validation/sharp sand at 1ft/20241020_170045.jpg,566.0,5.0,28.303704656935768
42,0.0,0.0,0.0,0.0,0.0,0.0,0.0,0.0,0.0,0.0,0.0,0.0,0.0,0.0,0.0,0.0,0.0,0.0,0.0,0.0,0.0,0.0,0.0,0.0,0.0,0.0,0.0,0.0,0.0,0.0,0.0,0.0,0.0,0.0,0.0,0.0,0.0,0.0,0.0,0.0,0.0,0.0,0.0,0.0,0.0,0.0,0.0,0.0,0.0,0.0,0.0,0.0,0.0,0.0,0.0,0.0,0.0,0.0,0.0,0.0,0.0,0.0,0.0,0.0,0.0,0.0,0.0,0.0,0.0,0.0,0.0,0.0,0.0,0.0,0.0,0.0,0.0,0.0,0.0,0.0,0.0,0.0,0.0,0.0,0.0,0.0,0.0,0.0,0.0,0.0,0.0,0.0,0.0,0.0,0.0,0.0,0.0,0.0,0.0,19.0,0.0,1000.5019608139992,1000.5725490450859,1000.6274510025978,1000.6745098233223,1000.7215686440468,1000.7764706015587,1000.8352941274643,1000.8980392217636,1000.9647058844566,3001.0,157.612255859375,165.3426971435547,170.23980712890625,174.09653930664064,177.525390625,180.72747802734375,184.05696868896484,187.91264953613282,194.01974639892578,347.51080322265625,222.658,3.0,test_data/Useful/Validation/sharp sand at 1ft/20241020_170046(0).jpg,494.0,1.0,29.700017333931815
43,0.0,0.0,0.0,0.0,0.0,0.0,0.0,0.0,0.0,0.0,0.0,0.0,0.0,0.0,0.0,0.0,0.0,0.0,0.0,0.0,0.0,0.0,0.0,0.0,0.0,0.0,0.0,0.0,0.0,0.0,0.0,0.0,0.0,0.0,0.0,0.0,0.0,0.0,0.0,0.0,0.0,0.0,0.0,0.0,0.0,0.0,0.0,0.0,0.0,0.0,0.0,0.0,0.0,0.0,0.0,0.0,0.0,0.0,0.0,0.0,0.0,0.0,0.0,0.0,0.0,0.0,0.0,0.0,0.0,0.0,0.0,0.0,0.0,0.0,0.0,0.0,0.0,0.0,0.0,0.0,0.0,0.0,0.0,0.0,0.0,0.0,0.0,0.0,0.0,0.0,0.0,0.0,0.0,0.0,0.0,0.0,0.0,0.0,0.0,21.0,0.0,1000.4823529422283,1000.5568627715111,1000.611764729023,1000.6588235497475,1000.705882370472,1000.7607843279839,1000.8274509906769,1000.8980392217636,1000.972549021244,2001.0,157.89089965820312,165.57827758789062,170.53138732910156,174.34774780273438,177.7063217163086,180.91795349121094,184.16769561767578,188.055126953125,194.1764923095703,347.44805908203125,222.41393,3.0,test_data/Useful/Validation/sharp sand at 1ft/20241020_170046.jpg,518.0,2.0,28.924826098660883
44,0.0,0.0,0.0,0.0,0.0,0.0,0.0,0.0,0.0,0.0,0.0,0.0,0.0,0.0,0.0,0.0,0.0,0.0,0.0,0.0,0.0,0.0,0.0,0.0,0.0,0.0,0.0,0.0,0.0,0.0,0.0,0.0,0.0,0.0,0.0,0.0,0.0,0.0,0.0,0.0,0.0,0.0,0.0,0.0,0.0,0.0,0.0,0.0,0.0,0.0,0.0,0.0,0.0,0.0,0.0,0.0,0.0,0.0,0.0,0.0,0.0,0.0,0.0,0.0,0.0,0.0,0.0,0.0,0.0,0.0,0.0,0.0,0.0,0.0,0.0,0.0,0.0,0.0,0.0,0.0,0.0,0.0,0.0,0.0,0.0,0.0,0.0,0.0,0.0,0.0,0.0,0.0,0.0,0.0,0.0,0.0,0.0,0.0,0.0,22.0,0.0,1000.4745098054409,1000.5529412031174,1000.611764729023,1000.6627451181412,1000.7176470756531,1000.772549033165,1000.839215695858,1000.9098039269447,1000.9764705896378,3001.0,157.4610595703125,165.1829376220703,170.1522674560547,174.01968383789062,177.4325180053711,180.64195556640624,183.9408432006836,187.7703796386719,193.91039581298827,347.4519348144531,220.89575,3.0,test_data/Useful/Validation/sharp sand at 1ft/20241020_170047.jpg,480.0,2.0,30.253670819360114
45,0.0,0.0,0.0,0.0,0.0,0.0,0.0,0.0,0.0,0.0,0.0,0.0,0.0,0.0,0.0,0.0,0.0,0.0,0.0,0.0,0.0,0.0,0.0,0.0,0.0,0.0,0.0,0.0,0.0,0.0,0.0,0.0,0.0,0.0,0.0,0.0,0.0,0.0,0.0,0.0,0.0,0.0,0.0,0.0,0.0,0.0,0.0,0.0,0.0,0.0,0.0,0.0,0.0,0.0,0.0,0.0,0.0,0.0,0.0,0.0,0.0,0.0,0.0,0.0,0.0,0.0,0.0,0.0,0.0,0.0,0.0,0.0,0.0,0.0,0.0,0.0,0.0,0.0,0.0,0.0,0.0,0.0,0.0,0.0,0.0,0.0,0.0,0.0,0.0,0.0,0.0,0.0,0.0,0.0,0.0,0.0,0.0,0.0,0.0,23.0,0.0,1000.5019608139992,1000.5764706134796,1000.6352941393852,1000.6862745285034,1000.7333333492279,1000.7882353067398,1000.8470588326454,1000.9137254953384,1000.9803921580315,2001.0,157.8455062866211,165.33955078125,170.27461853027344,174.12124633789062,177.4812469482422,180.67718505859375,183.9657440185547,187.78035888671874,193.76844482421876,347.5760498046875,218.93906,3.0,test_data/Useful/Validation/sharp sand at 1ft/20241020_170048(0).jpg,352.0,2.0,31.4816123447236
46,0.0,0.0,0.0,0.0,0.0,0.0,0.0,0.0,0.0,0.0,0.0,0.0,0.0,0.0,0.0,0.0,0.0,0.0,0.0,0.0,0.0,0.0,0.0,0.0,0.0,0.0,0.0,0.0,0.0,0.0,0.0,0.0,0.0,0.0,0.0,0.0,0.0,0.0,0.0,0.0,0.0,0.0,0.0,0.0,0.0,0.0,0.0,0.0,0.0,0.0,0.0,0.0,0.0,0.0,0.0,0.0,0.0,0.0,0.0,0.0,0.0,0.0,0.0,0.0,0.0,0.0,0.0,0.0,0.0,0.0,0.0,0.0,0.0,0.0,0.0,0.0,0.0,0.0,0.0,0.0,0.0,0.0,0.0,0.0,0.0,0.0,0.0,0.0,0.0,0.0,0.0,0.0,0.0,0.0,0.0,0.0,0.0,0.0,0.0,20.0,0.0,1000.486274510622,1000.5647059082985,1000.6235294342041,1000.6705882549286,1000.7215686440468,1000.7764706015587,1000.839215695858,1000.9019607901573,1000.9686274528503,3000.7019608020782,156.44009704589843,164.15994262695312,169.13204956054688,172.97530822753907,176.40341186523438,179.5875701904297,182.91429901123047,186.8411102294922,193.18732147216798,347.4911193847656,220.61563,3.0,test_data/Useful/Validation/sharp sand at 1ft/20241020_170048.jpg,506.0,2.0,30.135772488176123
47,0.0,0.0,0.0,0.0,0.0,0.0,0.0,0.0,0.0,0.0,0.0,0.0,0.0,0.0,0.0,0.0,0.0,0.0,0.0,0.0,0.0,0.0,0.0,0.0,0.0,0.0,0.0,0.0,0.0,0.0,0.0,0.0,0.0,0.0,0.0,0.0,0.0,0.0,0.0,0.0,0.0,0.0,0.0,0.0,0.0,0.0,0.0,0.0,0.0,0.0,0.0,0.0,0.0,0.0,0.0,0.0,0.0,0.0,0.0,0.0,0.0,0.0,0.0,0.0,0.0,0.0,0.0,0.0,0.0,0.0,0.0,0.0,0.0,0.0,0.0,0.0,0.0,0.0,0.0,0.0,0.0,0.0,0.0,0.0,0.0,0.0,0.0,0.0,0.0,0.0,0.0,0.0,0.0,0.0,0.0,0.0,0.0,0.0,0.0,0.0,0.0,1000.5137255191803,1000.5921568870544,1000.6470588445663,1000.6941176652908,1000.7411764860153,1000.7921568751335,1000.8470588326454,1000.9137254953384,1000.9803921580315,2001.0,158.753271484375,166.38729553222657,171.30430603027344,175.11881408691406,178.4862518310547,181.71200561523438,184.97937927246093,188.74973449707034,194.39837646484375,347.61944580078125,217.30798,3.0,test_data/Useful/Validation/sharp sand at 1ft/20241020_170049.jpg,209.0,0.0,32.98825372461936
48,0.0,0.0,0.0,0.0,0.0,0.0,0.0,0.0,0.0,0.0,0.0,0.0,0.0,0.0,0.0,0.0,0.0,0.0,0.0,0.0,0.0,0.0,0.0,0.0,0.0,0.0,0.0,0.0,0.0,0.0,0.0,0.0,0.0,0.0,0.0,0.0,0.0,0.0,0.0,0.0,0.0,0.0,0.0,0.0,0.0,0.0,0.0,0.0,0.0,0.0,0.0,0.0,0.0,0.0,0.0,0.0,0.0,0.0,0.0,0.0,0.0,0.0,0.0,0.0,0.0,0.0,0.0,0.0,0.0,0.0,0.0,0.0,0.0,0.0,0.0,0.0,0.0,0.0,0.0,0.0,0.0,0.0,0.0,0.0,0.0,0.0,0.0,0.0,0.0,0.0,0.0,0.0,0.0,0.0,0.0,0.0,0.0,0.0,11.519999999999982,22.0,0.0,1000.5019608139992,1000.5803921818733,1000.6392157077789,1000.6901960968971,1000.7372549176216,1000.7882353067398,1000.8470588326454,1000.9137254953384,1000.9843137264252,3001.0,158.59407958984374,166.24940795898436,171.13339538574218,174.96664733886718,178.34766387939453,181.44752502441406,184.682373046875,188.4591827392578,194.1973876953125,347.57672119140625,220.14833,3.0,test_data/Useful/Validation/sharp sand at 1ft/20241020_170050.jpg,261.0,6.0,27.759273025670243
49,0.0,0.0,0.0,0.0,0.0,0.0,0.0,0.0,0.0,0.0,0.0,0.0,0.0,0.0,0.0,0.0,0.0,0.0,0.0,0.0,0.0,0.0,0.0,0.0,0.0,0.0,0.0,0.0,0.0,0.0,0.0,0.0,0.0,0.0,0.0,0.0,0.0,0.0,0.0,0.0,0.0,0.0,0.0,0.0,0.0,0.0,0.0,0.0,0.0,0.0,0.0,0.0,0.0,0.0,0.0,0.0,0.0,0.0,0.0,0.0,0.0,0.0,0.0,0.0,0.0,0.0,0.0,0.0,0.0,0.0,0.0,0.0,0.0,0.0,0.0,0.0,0.0,0.0,0.0,0.0,0.0,0.0,0.0,0.0,0.0,0.0,0.0,0.0,0.0,0.0,0.0,0.0,0.0,0.0,0.0,0.0,0.0,0.0,0.0,15.0,0.0,1000.5725490450859,1000.6431372761726,1000.6980392336845,1000.7411764860153,1000.7882353067398,1000.8352941274643,1000.8862745165825,1000.9411764740944,1000.9960784316063,3000.8313725590706,159.2353515625,167.02757568359377,171.89681854248047,175.77412109375,179.15794372558594,182.33987426757812,185.62026977539062,189.3818817138672,195.09722900390625,347.86199951171875,217.39398,3.0,test_data/Useful/Validation/sharp sand at 1ft/20241020_170051(0).jpg,328.0,1.0,34.360608464796144
50,0.0,0.0,0.0,0.0,0.0,0.0,0.0,0.0,0.0,0.0,0.0,0.0,0.0,0.0,0.0,0.0,0.0,0.0,0.0,0.0,0.0,0.0,0.0,0.0,0.0,0.0,0.0,0.0,0.0,0.0,0.0,0.0,0.0,0.0,0.0,0.0,0.0,0.0,0.0,0.0,0.0,0.0,0.0,0.0,0.0,0.0,0.0,0.0,0.0,0.0,0.0,0.0,0.0,0.0,0.0,0.0,0.0,0.0,0.0,0.0,0.0,0.0,0.0,0.0,0.0,0.0,0.0,0.0,0.0,0.0,0.0,0.0,0.0,0.0,0.0,0.0,0.0,0.0,0.0,0.0,0.0,0.0,0.0,0.0,0.0,0.0,0.0,0.0,0.0,0.0,0.0,0.0,0.0,0.0,0.0,0.0,0.0,0.0,0.0,18.0,0.0,1000.5372549295425,1000.6156862974167,1000.6745098233223,1000.7254902124405,1000.7764706015587,1000.8313725590706,1000.8862745165825,1000.9490196108818,1001.0,3001.0,159.46211700439454,167.13257141113283,172.0784942626953,175.8884521484375,179.2428207397461,182.4504180908203,185.68673553466797,189.41897583007812,194.98330688476562,347.8085021972656,218.50366,3.0,test_data/Useful/Validation/sharp sand at 1ft/20241020_170051.jpg,252.0,1.0,27.134235800782925
51,0.0,0.0,0.0,0.0,0.0,0.0,0.0,0.0,0.0,0.0,0.0,0.0,0.0,0.0,0.0,0.0,0.0,0.0,0.0,0.0,0.0,0.0,0.0,0.0,0.0,0.0,0.0,0.0,0.0,0.0,0.0,0.0,0.0,0.0,0.0,0.0,0.0,0.0,0.0,0.0,0.0,0.0,0.0,0.0,0.0,0.0,0.0,0.0,0.0,0.0,0.0,0.0,0.0,0.0,0.0,0.0,0.0,0.0,0.0,0.0,0.0,0.0,0.0,0.0,0.0,0.0,0.0,0.0,0.0,0.0,0.0,0.0,0.0,0.0,0.0,0.0,0.0,0.0,0.0,0.0,0.0,0.0,0.0,0.0,0.0,0.0,0.0,0.0,0.0,0.0,0.0,0.0,0.0,0.0,0.0,0.0,0.0,0.0,0.0,0.0,0.0,1000.5607843399048,1000.6392157077789,1000.6941176652908,1000.7411764860153,1000.7882353067398,1000.8352941274643,1000.8862745165825,1000.9411764740944,1000.9960784316063,2001.0,159.5227508544922,167.21278076171876,172.13121643066407,175.98300170898438,179.3370361328125,182.51527099609376,185.82671356201172,189.59457397460938,195.24891052246093,347.84979248046875,217.4749,3.0,test_data/Useful/Validation/sharp sand at 1ft/20241020_170052.jpg,344.0,0.0,34.552380563701306
52,0.0,0.0,0.0,0.0,0.0,0.0,0.0,0.0,0.0,0.0,0.0,0.0,0.0,0.0,0.0,0.0,0.0,0.0,0.0,0.0,0.0,0.0,0.0,0.0,0.0,0.0,0.0,0.0,0.0,0.0,0.0,0.0,0.0,0.0,0.0,0.0,0.0,0.0,0.0,0.0,0.0,0.0,0.0,0.0,0.0,0.0,0.0,0.0,0.0,0.0,0.0,0.0,0.0,0.0,0.0,0.0,0.0,0.0,0.0,0.0,0.0,0.0,0.0,0.0,0.0,0.0,0.0,0.0,0.0,0.0,0.0,0.0,0.0,0.0,0.0,0.0,0.0,0.0,0.0,0.0,0.0,0.0,0.0,0.0,0.0,0.0,0.0,0.0,0.0,0.0,0.0,0.0,0.0,0.0,0.0,0.0,0.0,0.0,0.0,0.0,0.0,1000.5294117927551,1000.6039215922356,1000.6588235497475,1000.705882370472,1000.7490196228027,1000.7960784435272,1000.8470588326454,1000.9019607901573,1000.9647058844566,3000.866666674614,159.3343032836914,167.04129028320312,171.97954864501952,175.88479919433593,179.28465270996094,182.49268798828126,185.7964370727539,189.55612182617188,195.19921875,347.5915832519531,216.8422,3.0,test_data/Useful/Validation/sharp sand at 1ft/20241020_170053(0).jpg,349.0,0.0,32.32151958691034
53,0.0,0.0,0.0,0.0,0.0,0.0,0.0,0.0,0.0,0.0,0.0,0.0,0.0,0.0,0.0,0.0,0.0,0.0,0.0,0.0,0.0,0.0,0.0,0.0,0.0,0.0,0.0,0.0,0.0,0.0,0.0,0.0,0.0,0.0,0.0,0.0,0.0,0.0,0.0,0.0,0.0,0.0,0.0,0.0,0.0,0.0,0.0,0.0,0.0,0.0,0.0,0.0,0.0,0.0,0.0,0.0,0.0,0.0,0.0,0.0,0.0,0.0,0.0,0.0,0.0,0.0,0.0,0.0,0.0,0.0,0.0,0.0,0.0,0.0,0.0,0.0,0.0,0.0,0.0,0.0,0.0,0.0,0.0,0.0,0.0,0.0,0.0,0.0,0.0,0.0,0.0,0.0,0.0,0.0,0.0,0.0,0.0,0.0,0.0,0.0,0.0,1000.5568627715111,1000.6313725709915,1000.6901960968971,1000.7411764860153,1000.7882353067398,1000.839215695858,1000.8941176533699,1000.9490196108818,1001.0,2001.0,159.88156433105468,167.54905700683594,172.42434692382812,176.272216796875,179.59825897216797,182.77255859375,186.0066375732422,189.75896301269532,195.33677673339844,347.843994140625,215.87639,3.0,test_data/Useful/Validation/sharp sand at 1ft/20241020_170053.jpg,300.0,0.0,34.621518346727996
54,0.0,0.0,0.0,0.0,0.0,0.0,0.0,0.0,0.0,0.0,0.0,0.0,0.0,0.0,0.0,0.0,0.0,0.0,0.0,0.0,0.0,0.0,0.0,0.0,0.0,0.0,0.0,0.0,0.0,0.0,0.0,0.0,0.0,0.0,0.0,0.0,0.0,0.0,0.0,0.0,0.0,0.0,0.0,0.0,0.0,0.0,0.0,0.0,0.0,0.0,0.0,0.0,0.0,0.0,0.0,0.0,0.0,0.0,0.0,0.0,0.0,0.0,0.0,0.0,0.0,0.0,0.0,0.0,0.0,0.0,0.0,0.0,0.0,0.0,0.0,0.0,0.0,0.0,0.0,0.0,0.0,0.0,0.0,0.0,0.0,0.0,0.0,0.0,0.0,0.0,0.0,0.0,0.0,0.0,0.0,0.0,0.0,0.0,0.0,0.0,0.0,1000.5294117927551,1000.6078431606293,1000.6666666865349,1000.7176470756531,1000.7647058963776,1000.8156862854958,1000.8627451062202,1000.9176470637321,1000.9803921580315,3000.7529411911964,159.50167846679688,167.23076477050782,172.1519287109375,175.9889892578125,179.46924591064453,182.72366333007812,186.0057113647461,189.75045776367188,195.4813995361328,347.6541442871094,216.01775,3.0,test_data/Useful/Validation/sharp sand at 1ft/20241020_170054.jpg,353.0,0.0,34.235366854431106
55,0.0,0.0,0.0,0.0,0.0,0.0,0.0,0.0,0.0,0.0,0.0,0.0,0.0,0.0,0.0,0.0,0.0,0.0,0.0,0.0,0.0,0.0,0.0,0.0,0.0,0.0,0.0,0.0,0.0,0.0,0.0,0.0,0.0,0.0,0.0,0.0,0.0,0.0,0.0,0.0,0.0,0.0,0.0,0.0,0.0,0.0,0.0,0.0,0.0,0.0,0.0,0.0,0.0,0.0,0.0,0.0,0.0,0.0,0.0,0.0,0.0,0.0,0.0,0.0,0.0,0.0,0.0,0.0,0.0,0.0,0.0,0.0,0.0,0.0,0.0,0.0,0.0,0.0,0.0,0.0,0.0,0.0,0.0,0.0,0.0,0.0,0.0,0.0,0.0,0.0,0.0,0.0,0.0,0.0,0.0,0.0,0.0,0.0,0.0,0.0,0.0,1000.5372549295425,1000.6156862974167,1000.6745098233223,1000.7215686440468,1000.772549033165,1000.8196078538895,1000.8705882430077,1000.9254902005196,1000.9843137264252,3001.0,159.51592559814452,167.20013122558595,172.17891387939454,176.11395263671875,179.51571655273438,182.72344970703125,185.95855712890625,189.73924255371094,195.3350067138672,347.6881408691406,215.65793,3.0,test_data/Useful/Validation/sharp sand at 1ft/20241020_170055.jpg,307.0,0.0,34.96621998968093
56,0.0,0.0,0.0,0.0,0.0,0.0,0.0,0.0,0.0,0.0,0.0,0.0,0.0,0.0,0.0,0.0,0.0,0.0,0.0,0.0,0.0,0.0,0.0,0.0,0.0,0.0,0.0,0.0,0.0,0.0,0.0,0.0,0.0,0.0,0.0,0.0,0.0,0.0,0.0,0.0,0.0,0.0,0.0,0.0,0.0,0.0,0.0,0.0,0.0,0.0,0.0,0.0,0.0,0.0,0.0,0.0,0.0,0.0,0.0,0.0,0.0,0.0,0.0,0.0,0.0,0.0,0.0,0.0,0.0,0.0,0.0,0.0,0.0,0.0,0.0,0.0,0.0,0.0,0.0,0.0,0.0,0.0,0.0,0.0,0.0,0.0,0.0,0.0,0.0,0.0,0.0,0.0,0.0,0.0,0.0,0.0,0.0,0.0,0.0,14.0,0.0,1000.5294117927551,1000.6039215922356,1000.6627451181412,1000.7098039388657,1000.7568627595901,1000.8039215803146,1000.8509804010391,1000.905882358551,1000.9686274528503,2001.0,159.11283416748046,166.84982299804688,171.74658203125,175.68658447265625,179.0615692138672,182.275146484375,185.53932189941406,189.35110473632812,195.25869750976562,347.6281433105469,218.71661,3.0,test_data/Useful/Validation/sharp sand at 1ft/20241020_170056(0).jpg,469.0,1.0,25.960370751849766
57,0.0,0.0,0.0,0.0,0.0,0.0,0.0,0.0,0.0,0.0,0.0,0.0,0.0,0.0,0.0,0.0,0.0,0.0,0.0,0.0,0.0,0.0,0.0,0.0,0.0,0.0,0.0,0.0,0.0,0.0,0.0,0.0,0.0,0.0,0.0,0.0,0.0,0.0,0.0,0.0,0.0,0.0,0.0,0.0,0.0,0.0,0.0,0.0,0.0,0.0,0.0,0.0,0.0,0.0,0.0,0.0,0.0,0.0,0.0,0.0,0.0,0.0,0.0,0.0,0.0,0.0,0.0,0.0,0.0,0.0,0.0,0.0,0.0,0.0,0.0,0.0,0.0,0.0,0.0,0.0,0.0,0.0,0.0,0.0,0.0,0.0,0.0,0.0,0.0,0.0,0.0,0.0,0.0,0.0,0.0,0.0,0.0,0.0,0.0,0.0,0.0,1000.5647059082985,1000.6470588445663,1000.7019608020782,1000.7411764860153,1000.7803921699524,1000.8156862854958,1000.8588235378265,1000.905882358551,1000.9686274528503,3001.0,159.79161834716797,167.48731079101563,172.42774963378906,176.28826904296875,179.65521240234375,182.76980590820312,186.03912353515625,189.6705322265625,194.79237060546876,347.7044372558594,211.7898,3.0,test_data/Useful/Validation/sharp sand at 1ft/20241020_170131.jpg,104.0,0.0,26.339648285625213
58,0.0,0.0,0.0,0.0,0.0,0.0,0.0,0.0,0.0,0.0,0.0,0.0,0.0,0.0,0.0,0.0,0.0,0.0,0.0,0.0,0.0,0.0,0.0,0.0,0.0,0.0,0.0,0.0,0.0,0.0,0.0,0.0,0.0,0.0,0.0,0.0,0.0,0.0,0.0,0.0,0.0,0.0,0.0,0.0,0.0,0.0,0.0,0.0,0.0,0.0,0.0,0.0,0.0,0.0,0.0,0.0,0.0,0.0,0.0,0.0,0.0,0.0,0.0,0.0,0.0,0.0,0.0,0.0,0.0,0.0,0.0,0.0,0.0,0.0,0.0,0.0,0.0,0.0,0.0,0.0,0.0,0.0,0.0,0.0,0.0,0.0,0.0,0.0,0.0,0.0,0.0,0.0,0.0,0.0,0.0,0.0,0.0,0.0,0.0,0.0,0.0,1000.5058823823929,1000.5921568870544,1000.65098041296,1000.6980392336845,1000.7333333492279,1000.7764706015587,1000.8156862854958,1000.866666674614,1000.9294117689133,2000.3450980484486,159.3501434326172,167.12083435058594,172.03463745117188,175.93263244628906,179.336669921875,182.48672485351562,185.691162109375,189.3619384765625,194.6389923095703,347.4566955566406,215.63382,3.0,test_data/Useful/Validation/sharp sand at 1ft/20241020_170132(0).jpg,133.0,0.0,27.660685635572978
59,0.0,0.0,0.0,0.0,0.0,0.0,0.0,0.0,0.0,0.0,0.0,0.0,0.0,0.0,0.0,0.0,0.0,0.0,0.0,0.0,0.0,0.0,0.0,0.0,0.0,0.0,0.0,0.0,0.0,0.0,0.0,0.0,0.0,0.0,0.0,0.0,0.0,0.0,0.0,0.0,0.0,0.0,0.0,0.0,0.0,0.0,0.0,0.0,0.0,0.0,0.0,0.0,0.0,0.0,0.0,0.0,0.0,0.0,0.0,0.0,0.0,0.0,0.0,0.0,0.0,0.0,0.0,0.0,0.0,0.0,0.0,0.0,0.0,0.0,0.0,0.0,0.0,0.0,0.0,0.0,0.0,0.0,0.0,0.0,0.0,0.0,0.0,0.0,0.0,0.0,0.0,0.0,0.0,0.0,0.0,0.0,0.0,0.0,0.0,0.0,0.0,1000.5294117927551,1000.6156862974167,1000.6745098233223,1000.7215686440468,1000.7686274647713,1000.8078431487083,1000.8509804010391,1000.9019607901573,1000.9647058844566,2000.9960784316063,159.6145751953125,167.3555480957031,172.3182830810547,176.20263671875,179.5625,182.71592712402344,185.96115112304688,189.62693786621094,194.84613037109375,347.611572265625,213.37813,3.0,test_data/Useful/Validation/sharp sand at 1ft/20241020_170132.jpg,115.0,0.0,33.81535222910318
60,0.0,0.0,0.0,0.0,0.0,0.0,0.0,0.0,0.0,0.0,0.0,0.0,0.0,0.0,0.0,0.0,0.0,0.0,0.0,0.0,0.0,0.0,0.0,0.0,0.0,0.0,0.0,0.0,0.0,0.0,0.0,0.0,0.0,0.0,0.0,0.0,0.0,0.0,0.0,0.0,0.0,0.0,0.0,0.0,0.0,0.0,0.0,0.0,0.0,0.0,0.0,0.0,0.0,0.0,0.0,0.0,0.0,0.0,0.0,0.0,0.0,0.0,0.0,0.0,0.0,0.0,0.0,0.0,0.0,0.0,0.0,0.0,0.0,0.0,0.0,0.0,0.0,0.0,0.0,0.0,0.0,0.0,0.0,0.0,0.0,0.0,0.0,0.0,0.0,0.0,0.0,0.0,0.0,0.0,0.0,0.0,0.0,0.0,0.0,0.0,0.0,1000.4980392158031,1000.5803921818733,1000.6313725709915,1000.6705882549286,1000.705882370472,1000.7372549176216,1000.7764706015587,1000.8274509906769,1000.8941176533699,2000.9960784316063,159.4662322998047,167.07311401367187,172.10452575683593,175.9742218017578,179.34332275390625,182.50852966308594,185.7427215576172,189.38741455078124,194.62770080566406,347.38232421875,214.01456,3.0,test_data/Useful/Validation/sharp sand at 1ft/20241020_170133.jpg,136.0,0.0,38.07798893563617
61,0.0,0.0,0.0,0.0,0.0,0.0,0.0,0.0,0.0,0.0,0.0,0.0,0.0,0.0,0.0,0.0,0.0,0.0,0.0,0.0,0.0,0.0,0.0,0.0,0.0,0.0,0.0,0.0,0.0,0.0,0.0,0.0,0.0,0.0,0.0,0.0,0.0,0.0,0.0,0.0,0.0,0.0,0.0,0.0,0.0,0.0,0.0,0.0,0.0,0.0,0.0,0.0,0.0,0.0,0.0,0.0,0.0,0.0,0.0,0.0,0.0,0.0,0.0,0.0,0.0,0.0,0.0,0.0,0.0,0.0,0.0,0.0,0.0,0.0,0.0,0.0,0.0,0.0,0.0,0.0,0.0,0.0,0.0,0.0,0.0,0.0,0.0,0.0,0.0,0.0,0.0,0.0,0.0,0.0,0.0,0.0,0.0,0.0,0.0,0.0,0.0,1000.4823529422283,1000.5607843399048,1000.611764729023,1000.65098041296,1000.6862745285034,1000.7176470756531,1000.7529411911964,1000.8000000119209,1000.866666674614,2000.9490196108818,159.35535278320313,167.09223022460938,172.125341796875,176.02411499023438,179.43433380126953,182.61590576171875,185.82189025878907,189.51544189453125,194.64878845214844,347.2641296386719,213.8482,3.0,test_data/Useful/Validation/sharp sand at 1ft/20241020_170134.jpg,84.0,0.0,28.326102305868055
62,0.0,0.0,0.0,0.0,0.0,0.0,0.0,0.0,0.0,0.0,0.0,0.0,0.0,0.0,0.0,0.0,0.0,0.0,0.0,0.0,0.0,0.0,0.0,0.0,0.0,0.0,0.0,0.0,0.0,0.0,0.0,0.0,0.0,0.0,0.0,0.0,0.0,0.0,0.0,0.0,0.0,0.0,0.0,0.0,0.0,0.0,0.0,0.0,0.0,0.0,0.0,0.0,0.0,0.0,0.0,0.0,0.0,0.0,0.0,0.0,0.0,0.0,0.0,0.0,0.0,0.0,0.0,0.0,0.0,0.0,0.0,0.0,0.0,0.0,0.0,0.0,0.0,0.0,0.0,0.0,0.0,0.0,0.0,0.0,0.0,0.0,0.0,0.0,0.0,0.0,0.0,0.0,0.0,0.0,0.0,0.0,0.0,0.0,0.0,0.0,0.0,1000.5372549295425,1000.6156862974167,1000.6666666865349,1000.705882370472,1000.7372549176216,1000.772549033165,1000.811764717102,1000.8588235378265,1000.9254902005196,2000.9960784316063,159.55477905273438,167.35043334960938,172.2815704345703,176.14373779296875,179.4859848022461,182.69467163085938,185.90234375,189.55628967285156,194.66146850585938,347.6392822265625,213.50046,3.0,test_data/Useful/Validation/sharp sand at 1ft/20241020_170135.jpg,65.0,0.0,27.100114691808326
63,0.0,0.0,0.0,0.0,0.0,0.0,0.0,0.0,0.0,0.0,0.0,0.0,0.0,0.0,0.0,0.0,0.0,0.0,0.0,0.0,0.0,0.0,0.0,0.0,0.0,0.0,0.0,0.0,0.0,0.0,0.0,0.0,0.0,0.0,0.0,0.0,0.0,0.0,0.0,0.0,0.0,0.0,0.0,0.0,0.0,0.0,0.0,0.0,0.0,0.0,0.0,0.0,0.0,0.0,0.0,0.0,0.0,0.0,0.0,0.0,0.0,0.0,0.0,0.0,0.0,0.0,0.0,0.0,0.0,0.0,0.0,0.0,0.0,0.0,0.0,0.0,0.0,0.0,0.0,0.0,0.0,0.0,0.0,0.0,0.0,0.0,0.0,0.0,0.0,0.0,0.0,0.0,0.0,0.0,0.0,0.0,0.0,0.0,0.0,0.0,0.0,1000.5411764979362,1000.6196078658104,1000.6705882549286,1000.7098039388657,1000.7411764860153,1000.7764706015587,1000.8156862854958,1000.8705882430077,1000.9372549057007,2001.0,159.3950653076172,167.1527862548828,172.05706787109375,175.91810607910156,179.28428649902344,182.4527587890625,185.69015502929688,189.3234100341797,194.3546173095703,347.6541442871094,212.2218,3.0,test_data/Useful/Validation/sharp sand at 1ft/20241020_170136.jpg,73.0,0.0,27.081380445248545
64,0.0,0.0,0.0,0.0,0.0,0.0,0.0,0.0,0.0,0.0,0.0,0.0,0.0,0.0,0.0,0.0,0.0,0.0,0.0,0.0,0.0,0.0,0.0,0.0,0.0,0.0,0.0,0.0,0.0,0.0,0.0,0.0,0.0,0.0,0.0,0.0,0.0,0.0,0.0,0.0,0.0,0.0,0.0,0.0,0.0,0.0,0.0,0.0,0.0,0.0,0.0,0.0,0.0,0.0,0.0,0.0,0.0,0.0,0.0,0.0,0.0,0.0,0.0,0.0,0.0,0.0,0.0,0.0,0.0,0.0,0.0,0.0,0.0,0.0,0.0,0.0,0.0,0.0,0.0,0.0,0.0,0.0,0.0,0.0,0.0,0.0,0.0,0.0,0.0,0.0,0.0,0.0,0.0,0.0,0.0,0.0,0.0,0.0,0.0,0.0,0.0,1000.5490196347237,1000.6313725709915,1000.6862745285034,1000.7294117808342,1000.7686274647713,1000.811764717102,1000.8549019694328,1000.9098039269447,1000.9764705896378,2001.0,159.7607421875,167.46559143066406,172.40375518798828,176.28529052734376,179.68114471435547,182.85641479492188,186.116455078125,189.72215270996094,194.83544921875,347.71527099609375,211.09276,3.0,test_data/Useful/Validation/sharp sand at 1ft/20241020_170137(0).jpg,112.0,0.0,29.893765710750937
65,0.0,0.0,0.0,0.0,0.0,0.0,0.0,0.0,0.0,0.0,0.0,0.0,0.0,0.0,0.0,0.0,0.0,0.0,0.0,0.0,0.0,0.0,0.0,0.0,0.0,0.0,0.0,0.0,0.0,0.0,0.0,0.0,0.0,0.0,0.0,0.0,0.0,0.0,0.0,0.0,0.0,0.0,0.0,0.0,0.0,0.0,0.0,0.0,0.0,0.0,0.0,0.0,0.0,0.0,0.0,0.0,0.0,0.0,0.0,0.0,0.0,0.0,0.0,0.0,0.0,0.0,0.0,0.0,0.0,0.0,0.0,0.0,0.0,0.0,0.0,0.0,0.0,0.0,0.0,0.0,0.0,0.0,0.0,0.0,0.0,0.0,0.0,0.0,0.0,0.0,0.0,0.0,0.0,0.0,0.0,0.0,0.0,0.0,0.0,8.0,0.0,1000.5568627715111,1000.6392157077789,1000.6862745285034,1000.7215686440468,1000.7568627595901,1000.7921568751335,1000.8352941274643,1000.8862745165825,1000.9529411792755,2001.0,159.59286041259764,167.43125,172.31058197021486,176.17330627441407,179.53929901123047,182.70742492675782,185.97063903808595,189.61622924804686,194.67098999023438,347.7029724121094,211.90823,3.0,test_data/Useful/Validation/sharp sand at 1ft/20241020_170137.jpg,111.0,1.0,30.964612522406018
66,0.0,0.0,0.0,0.0,0.0,0.0,0.0,0.0,0.0,0.0,0.0,0.0,0.0,0.0,0.0,0.0,0.0,0.0,0.0,0.0,0.0,0.0,0.0,0.0,0.0,0.0,0.0,0.0,0.0,0.0,0.0,0.0,0.0,0.0,0.0,0.0,0.0,0.0,0.0,0.0,0.0,0.0,0.0,0.0,0.0,0.0,0.0,0.0,0.0,0.0,0.0,0.0,0.0,0.0,0.0,0.0,0.0,0.0,0.0,0.0,0.0,0.0,0.0,0.0,0.0,0.0,0.0,0.0,0.0,0.0,0.0,0.0,0.0,0.0,0.0,0.0,0.0,0.0,0.0,0.0,0.0,0.0,0.0,0.0,0.0,0.0,0.0,0.0,0.0,0.0,0.0,0.0,0.0,0.0,0.0,0.0,0.0,0.0,0.0,0.0,0.0,1000.5372549295425,1000.6196078658104,1000.6745098233223,1000.7215686440468,1000.7647058963776,1000.811764717102,1000.8588235378265,1000.9137254953384,1000.9803921580315,2001.0,160.21871948242188,167.83989868164062,172.73330688476562,176.613427734375,179.96670532226562,183.1655731201172,186.39453125,189.9835205078125,195.08746337890625,347.6971435546875,210.46786,3.0,test_data/Useful/Validation/sharp sand at 1ft/20241020_170139.jpg,79.0,0.0,29.437885339188604
67,0.0,0.0,0.0,0.0,0.0,0.0,0.0,0.0,0.0,0.0,0.0,0.0,0.0,0.0,0.0,0.0,0.0,0.0,0.0,0.0,0.0,0.0,0.0,0.0,0.0,0.0,0.0,0.0,0.0,0.0,0.0,0.0,0.0,0.0,0.0,0.0,0.0,0.0,0.0,0.0,0.0,0.0,0.0,0.0,0.0,0.0,0.0,0.0,0.0,0.0,0.0,0.0,0.0,0.0,0.0,0.0,0.0,0.0,0.0,0.0,0.0,0.0,0.0,0.0,0.0,0.0,0.0,0.0,0.0,0.0,0.0,0.0,0.0,0.0,0.0,0.0,0.0,0.0,0.0,0.0,0.0,0.0,0.0,0.0,0.0,0.0,0.0,0.0,0.0,0.0,0.0,0.0,0.0,0.0,0.0,0.0,0.0,0.0,0.0,0.0,0.0,1000.5686274766922,1000.6470588445663,1000.7019608020782,1000.7490196228027,1000.7882353067398,1000.8313725590706,1000.8784313797951,1000.9294117689133,1000.9921568632126,2001.0,160.0816177368164,167.85260009765625,172.77052307128906,176.6677703857422,180.04083251953125,183.20417175292968,186.43462371826172,190.027294921875,195.1484832763672,347.79425048828125,209.21921,3.0,test_data/Useful/Validation/sharp sand at 1ft/20241020_170140(0).jpg,95.0,0.0,28.24640207678517
68,0.0,0.0,0.0,0.0,0.0,0.0,0.0,0.0,0.0,0.0,0.0,0.0,0.0,0.0,0.0,0.0,0.0,0.0,0.0,0.0,0.0,0.0,0.0,0.0,0.0,0.0,0.0,0.0,0.0,0.0,0.0,0.0,0.0,0.0,0.0,0.0,0.0,0.0,0.0,0.0,0.0,0.0,0.0,0.0,0.0,0.0,0.0,0.0,0.0,0.0,0.0,0.0,0.0,0.0,0.0,0.0,0.0,0.0,0.0,0.0,0.0,0.0,0.0,0.0,0.0,0.0,0.0,0.0,0.0,0.0,0.0,0.0,0.0,0.0,0.0,0.0,0.0,0.0,0.0,0.0,0.0,0.0,0.0,0.0,0.0,0.0,0.0,0.0,0.0,0.0,0.0,0.0,0.0,0.0,0.0,0.0,0.0,0.0,0.0,0.0,0.0,1000.5568627715111,1000.6392157077789,1000.6941176652908,1000.7411764860153,1000.7843137383461,1000.8274509906769,1000.8745098114014,1000.9294117689133,1000.9882352948189,2001.0,160.2004180908203,167.86578369140625,172.83216857910156,176.674560546875,180.0814971923828,183.220458984375,186.4314422607422,190.09141540527344,195.1365966796875,347.7673034667969,209.3591,3.0,test_data/Useful/Validation/sharp sand at 1ft/20241020_170140.jpg,72.0,0.0,31.690064512545433
69,0.0,0.0,0.0,0.0,0.0,0.0,0.0,0.0,0.0,0.0,0.0,0.0,0.0,0.0,0.0,0.0,0.0,0.0,0.0,0.0,0.0,0.0,0.0,0.0,0.0,0.0,0.0,0.0,0.0,0.0,0.0,0.0,0.0,0.0,0.0,0.0,0.0,0.0,0.0,0.0,0.0,0.0,0.0,0.0,0.0,0.0,0.0,0.0,0.0,0.0,0.0,0.0,0.0,0.0,0.0,0.0,0.0,0.0,0.0,0.0,0.0,0.0,0.0,0.0,0.0,0.0,0.0,0.0,0.0,0.0,0.0,0.0,0.0,0.0,0.0,0.0,0.0,0.0,0.0,0.0,0.0,0.0,0.0,0.0,0.0,0.0,0.0,0.0,0.0,0.0,0.0,0.0,0.0,0.0,0.0,0.0,0.0,0.0,0.0,0.0,0.0,1000.517647087574,1000.6000000238419,1000.6588235497475,1000.705882370472,1000.7490196228027,1000.7921568751335,1000.839215695858,1000.8941176533699,1000.9568627476692,2001.0,159.82970123291017,167.60537719726562,172.5186279296875,176.4109344482422,179.782958984375,182.96312561035157,186.20102233886718,189.85802001953124,195.04029846191406,347.5323486328125,211.07147,3.0,test_data/Useful/Validation/sharp sand at 1ft/20241020_170141.jpg,110.0,0.0,31.649228359250888
70,0.0,0.0,0.0,0.0,0.0,0.0,0.0,0.0,0.0,0.0,0.0,0.0,0.0,0.0,0.0,0.0,0.0,0.0,0.0,0.0,0.0,0.0,0.0,0.0,0.0,0.0,0.0,0.0,0.0,0.0,0.0,0.0,0.0,0.0,0.0,0.0,0.0,0.0,0.0,0.0,0.0,0.0,0.0,0.0,0.0,0.0,0.0,0.0,0.0,0.0,0.0,0.0,0.0,0.0,0.0,0.0,0.0,0.0,0.0,0.0,0.0,0.0,0.0,0.0,0.0,0.0,0.0,0.0,0.0,0.0,0.0,0.0,0.0,0.0,0.0,0.0,0.0,0.0,0.0,0.0,0.0,0.0,0.0,0.0,0.0,0.0,0.0,0.0,0.0,0.0,0.0,0.0,0.0,0.0,0.0,0.0,0.0,0.0,0.0,0.0,0.0,1000.5294117927551,1000.6156862974167,1000.6705882549286,1000.7176470756531,1000.7607843279839,1000.8000000119209,1000.8431372642517,1000.8941176533699,1000.9568627476692,2001.0,159.49005889892578,167.22109985351562,172.19001312255858,176.12245178222656,179.5019302368164,182.68688354492187,185.93294830322264,189.64364929199218,194.82069396972656,347.5667724609375,212.57881,3.0,test_data/Useful/Validation/sharp sand at 1ft/20241020_170143.jpg,130.0,0.0,27.29560787413702
71,0.0,0.0,0.0,0.0,0.0,0.0,0.0,0.0,0.0,0.0,0.0,0.0,0.0,0.0,0.0,0.0,0.0,0.0,0.0,0.0,0.0,0.0,0.0,0.0,0.0,0.0,0.0,0.0,0.0,0.0,0.0,0.0,0.0,0.0,0.0,0.0,0.0,0.0,0.0,0.0,0.0,0.0,0.0,0.0,0.0,0.0,0.0,0.0,0.0,0.0,0.0,0.0,0.0,0.0,0.0,0.0,0.0,0.0,0.0,0.0,0.0,0.0,0.0,0.0,0.0,0.0,0.0,0.0,0.0,0.0,0.0,0.0,0.0,0.0,0.0,0.0,0.0,0.0,0.0,0.0,0.0,0.0,0.0,0.0,0.0,0.0,0.0,0.0,0.0,0.0,0.0,0.0,0.0,0.0,0.0,0.0,0.0,0.0,0.0,0.0,0.0,1000.4745098054409,1000.5647059082985,1000.6235294342041,1000.6666666865349,1000.705882370472,1000.745098054409,1000.7843137383461,1000.8274509906769,1000.8823529481888,2000.9960784316063,159.07774353027344,166.75210571289062,171.6414031982422,175.54818725585938,178.97126007080078,182.19011840820312,185.4623046875,189.20028076171874,194.7764144897461,347.1699523925781,213.35107,3.0,test_data/Useful/Validation/sharp sand at 1ft/20241020_170144(0).jpg,224.0,0.0,27.580386698671287
72,0.0,0.0,0.0,0.0,0.0,0.0,0.0,0.0,0.0,0.0,0.0,0.0,0.0,0.0,0.0,0.0,0.0,0.0,0.0,0.0,0.0,0.0,0.0,0.0,0.0,0.0,0.0,0.0,0.0,0.0,0.0,0.0,0.0,0.0,0.0,0.0,0.0,0.0,0.0,0.0,0.0,0.0,0.0,0.0,0.0,0.0,0.0,0.0,0.0,0.0,0.0,0.0,0.0,0.0,0.0,0.0,0.0,0.0,0.0,0.0,0.0,0.0,0.0,0.0,0.0,0.0,0.0,0.0,0.0,0.0,0.0,0.0,0.0,0.0,0.0,0.0,0.0,0.0,0.0,0.0,0.0,0.0,0.0,0.0,0.0,0.0,0.0,0.0,0.0,0.0,0.0,0.0,0.0,0.0,0.0,0.0,0.0,0.0,0.0,0.0,0.0,1000.486274510622,1000.5764706134796,1000.6392157077789,1000.6862745285034,1000.7294117808342,1000.7686274647713,1000.811764717102,1000.8588235378265,1000.9176470637321,2001.0,159.3416000366211,167.09891357421876,172.04917907714844,175.96595764160156,179.3466796875,182.5872039794922,185.81793212890625,189.572998046875,195.02047729492188,347.36328125,214.9449,3.0,test_data/Useful/Validation/sharp sand at 1ft/20241020_170144.jpg,175.0,0.0,32.299368227743926
73,0.0,0.0,0.0,0.0,0.0,0.0,0.0,0.0,0.0,0.0,0.0,0.0,0.0,0.0,0.0,0.0,0.0,0.0,0.0,0.0,0.0,0.0,0.0,0.0,0.0,0.0,0.0,0.0,0.0,0.0,0.0,0.0,0.0,0.0,0.0,0.0,0.0,0.0,0.0,0.0,0.0,0.0,0.0,0.0,0.0,0.0,0.0,0.0,0.0,0.0,0.0,0.0,0.0,0.0,0.0,0.0,0.0,0.0,0.0,0.0,0.0,0.0,0.0,0.0,0.0,0.0,0.0,0.0,0.0,0.0,0.0,0.0,0.0,0.0,0.0,0.0,0.0,0.0,0.0,0.0,0.0,0.0,0.0,0.0,0.0,0.0,0.0,0.0,0.0,0.0,0.0,0.0,0.0,0.0,0.0,0.0,0.0,0.0,0.0,0.0,0.0,1000.4823529422283,1000.5647059082985,1000.6156862974167,1000.6588235497475,1000.6941176652908,1000.7294117808342,1000.772549033165,1000.8156862854958,1000.8745098114014,2001.0,159.054931640625,166.79507446289062,171.7406005859375,175.62843322753906,179.01573181152344,182.18940124511718,185.4677032470703,189.18526611328124,194.6970413208008,347.17730712890625,213.44638,3.0,test_data/Useful/Validation/sharp sand at 1ft/20241020_170145.jpg,180.0,0.0,34.59817926201314
74,0.0,0.0,0.0,0.0,0.0,0.0,0.0,0.0,0.0,0.0,0.0,0.0,0.0,0.0,0.0,0.0,0.0,0.0,0.0,0.0,0.0,0.0,0.0,0.0,0.0,0.0,0.0,0.0,0.0,0.0,0.0,0.0,0.0,0.0,0.0,0.0,0.0,0.0,0.0,0.0,0.0,0.0,0.0,0.0,0.0,0.0,0.0,0.0,0.0,0.0,0.0,0.0,0.0,0.0,0.0,0.0,0.0,0.0,0.0,0.0,0.0,0.0,0.0,0.0,0.0,0.0,0.0,0.0,0.0,0.0,0.0,0.0,0.0,0.0,0.0,0.0,0.0,0.0,0.0,0.0,0.0,0.0,0.0,0.0,0.0,0.0,0.0,0.0,0.0,0.0,0.0,0.0,0.0,0.0,0.0,0.0,0.0,0.0,0.0,0.0,0.0,1000.4784313738346,1000.5607843399048,1000.6156862974167,1000.6588235497475,1000.6980392336845,1000.7333333492279,1000.7764706015587,1000.8235294222832,1000.8901960849762,2001.0,159.7567901611328,167.50343322753906,172.4099578857422,176.26951599121094,179.64378356933594,182.80990600585938,186.1258544921875,189.85903930664062,195.2136993408203,347.279296875,213.23982,3.0,test_data/Useful/Validation/sharp sand at 1ft/20241020_170146(0).jpg,198.0,0.0,29.497880500384642
75,0.0,0.0,0.0,0.0,0.0,0.0,0.0,0.0,0.0,0.0,0.0,0.0,0.0,0.0,0.0,0.0,0.0,0.0,0.0,0.0,0.0,0.0,0.0,0.0,0.0,0.0,0.0,0.0,0.0,0.0,0.0,0.0,0.0,0.0,0.0,0.0,0.0,0.0,0.0,0.0,0.0,0.0,0.0,0.0,0.0,0.0,0.0,0.0,0.0,0.0,0.0,0.0,0.0,0.0,0.0,0.0,0.0,0.0,0.0,0.0,0.0,0.0,0.0,0.0,0.0,0.0,0.0,0.0,0.0,0.0,0.0,0.0,0.0,0.0,0.0,0.0,0.0,0.0,0.0,0.0,0.0,0.0,0.0,0.0,0.0,0.0,0.0,0.0,0.0,0.0,0.0,0.0,0.0,0.0,0.0,0.0,0.0,0.0,0.0,0.0,0.0,1000.4745098054409,1000.5529412031174,1000.6078431606293,1000.65098041296,1000.6941176652908,1000.7294117808342,1000.772549033165,1000.8196078538895,1000.8901960849762,2001.0,159.80682983398438,167.53871154785156,172.4229522705078,176.23350524902344,179.63971710205078,182.84059448242186,186.0801544189453,189.7883758544922,195.16226043701172,347.2547607421875,213.8112,3.0,test_data/Useful/Validation/sharp sand at 1ft/20241020_170147.jpg,218.0,0.0,32.0250935414482
76,0.0,0.0,0.0,0.0,0.0,0.0,0.0,0.0,0.0,0.0,0.0,0.0,0.0,0.0,0.0,0.0,0.0,0.0,0.0,0.0,0.0,0.0,0.0,0.0,0.0,0.0,0.0,0.0,0.0,0.0,0.0,0.0,0.0,0.0,0.0,0.0,0.0,0.0,0.0,0.0,0.0,0.0,0.0,0.0,0.0,0.0,0.0,0.0,0.0,0.0,0.0,0.0,0.0,0.0,0.0,0.0,0.0,0.0,0.0,0.0,0.0,0.0,0.0,0.0,0.0,0.0,0.0,0.0,0.0,0.0,0.0,0.0,0.0,0.0,0.0,0.0,0.0,0.0,0.0,0.0,0.0,0.0,0.0,0.0,0.0,0.0,0.0,0.0,0.0,0.0,0.0,0.0,0.0,0.0,0.0,0.0,0.0,0.0,0.0,13.0,0.0,1000.4705882370472,1000.5490196347237,1000.6039215922356,1000.6470588445663,1000.6862745285034,1000.7215686440468,1000.7647058963776,1000.811764717102,1000.8823529481888,2001.0,159.4976348876953,167.34886169433594,172.27301025390625,176.11813354492188,179.51419067382812,182.68704223632812,185.9305419921875,189.64510498046874,195.1235809326172,347.2192687988281,214.49069,3.0,test_data/Useful/Validation/sharp sand at 1ft/20241020_170148.jpg,253.0,1.0,31.852080473253114
77,0.0,0.0,0.0,0.0,0.0,0.0,0.0,0.0,0.0,0.0,0.0,0.0,0.0,0.0,0.0,0.0,0.0,0.0,0.0,0.0,0.0,0.0,0.0,0.0,0.0,0.0,0.0,0.0,0.0,0.0,0.0,0.0,0.0,0.0,0.0,0.0,0.0,0.0,0.0,0.0,0.0,0.0,0.0,0.0,0.0,0.0,0.0,0.0,0.0,0.0,0.0,0.0,0.0,0.0,0.0,0.0,0.0,0.0,0.0,0.0,0.0,0.0,0.0,0.0,0.0,0.0,0.0,0.0,0.0,0.0,0.0,0.0,0.0,0.0,0.0,0.0,0.0,0.0,0.0,0.0,0.0,0.0,0.0,0.0,0.0,0.0,0.0,0.0,0.0,0.0,0.0,0.0,0.0,0.0,0.0,0.0,0.0,0.0,0.0,0.0,0.0,1000.5098039507866,1000.5882353186607,1000.6392157077789,1000.6862745285034,1000.7254902124405,1000.772549033165,1000.8196078538895,1000.8784313797951,1000.9450980424881,2001.0,159.3863067626953,167.14820861816406,172.0946044921875,176.00994873046875,179.32809448242188,182.52603454589843,185.76860809326172,189.52891235351564,195.14352111816407,347.52117919921875,216.37656,3.0,test_data/Useful/Validation/sharp sand at 1ft/20241020_170149(0).jpg,286.0,0.0,27.729944043764142
78,0.0,0.0,0.0,0.0,0.0,0.0,0.0,0.0,0.0,0.0,0.0,0.0,0.0,0.0,0.0,0.0,0.0,0.0,0.0,0.0,0.0,0.0,0.0,0.0,0.0,0.0,0.0,0.0,0.0,0.0,0.0,0.0,0.0,0.0,0.0,0.0,0.0,0.0,0.0,0.0,0.0,0.0,0.0,0.0,0.0,0.0,0.0,0.0,0.0,0.0,0.0,0.0,0.0,0.0,0.0,0.0,0.0,0.0,0.0,0.0,0.0,0.0,0.0,0.0,0.0,0.0,0.0,0.0,0.0,0.0,0.0,0.0,0.0,0.0,0.0,0.0,0.0,0.0,0.0,0.0,0.0,0.0,0.0,0.0,0.0,0.0,0.0,0.0,0.0,0.0,0.0,0.0,0.0,0.0,0.0,0.0,0.0,0.0,0.0,0.0,0.0,1000.5647059082985,1000.6274510025978,1000.6705882549286,1000.705882370472,1000.7372549176216,1000.772549033165,1000.811764717102,1000.8627451062202,1000.933333337307,2001.0,158.892578125,166.58201293945314,171.55865478515625,175.38601684570312,178.7863006591797,181.97625732421875,185.2391815185547,189.00054931640625,194.66094970703125,347.6471252441406,216.85776,3.0,test_data/Useful/Validation/sharp sand at 1ft/20241020_170149.jpg,354.0,0.0,27.00637158871179
79,0.0,0.0,0.0,0.0,0.0,0.0,0.0,0.0,0.0,0.0,0.0,0.0,0.0,0.0,0.0,0.0,0.0,0.0,0.0,0.0,0.0,0.0,0.0,0.0,0.0,0.0,0.0,0.0,0.0,0.0,0.0,0.0,0.0,0.0,0.0,0.0,0.0,0.0,0.0,0.0,0.0,0.0,0.0,0.0,0.0,0.0,0.0,0.0,0.0,0.0,0.0,0.0,0.0,0.0,0.0,0.0,0.0,0.0,0.0,0.0,0.0,0.0,0.0,0.0,0.0,0.0,0.0,0.0,0.0,0.0,0.0,0.0,0.0,0.0,0.0,0.0,0.0,0.0,0.0,0.0,0.0,0.0,0.0,0.0,0.0,0.0,0.0,0.0,0.0,0.0,0.0,0.0,0.0,0.0,0.0,0.0,0.0,0.0,0.0,15.0,0.0,1000.4941176474094,1000.5686274766922,1000.6235294342041,1000.6666666865349,1000.7098039388657,1000.7568627595901,1000.8039215803146,1000.8627451062202,1000.9294117689133,2001.0,159.02477416992187,166.68587341308594,171.58822326660157,175.44477233886718,178.80982971191406,182.02752685546875,185.29147644042968,189.04294738769534,194.88966522216796,347.4142150878906,218.74918,3.0,test_data/Useful/Validation/sharp sand at 1ft/20241020_170150.jpg,384.0,2.0,29.621719828368583
80,0.0,0.0,0.0,0.0,0.0,0.0,0.0,0.0,0.0,0.0,0.0,0.0,0.0,0.0,0.0,0.0,0.0,0.0,0.0,0.0,0.0,0.0,0.0,0.0,0.0,0.0,0.0,0.0,0.0,0.0,0.0,0.0,0.0,0.0,0.0,0.0,0.0,0.0,0.0,0.0,0.0,0.0,0.0,0.0,0.0,0.0,0.0,0.0,0.0,0.0,0.0,0.0,0.0,0.0,0.0,0.0,0.0,0.0,0.0,0.0,0.0,0.0,0.0,0.0,0.0,0.0,0.0,0.0,0.0,0.0,0.0,0.0,0.0,0.0,0.0,0.0,0.0,0.0,0.0,0.0,0.0,0.0,0.0,0.0,0.0,0.0,0.0,0.0,0.0,0.0,0.0,0.0,0.0,0.0,0.0,0.0,0.0,0.0,0.0,9.0,0.0,1000.4745098054409,1000.5529412031174,1000.6039215922356,1000.65098041296,1000.6980392336845,1000.745098054409,1000.8000000119209,1000.8549019694328,1000.9215686321259,2001.0,158.33558654785156,166.0372772216797,170.92251586914062,174.72975158691406,178.10352325439453,181.31690979003906,184.58804321289062,188.385009765625,194.45436096191406,347.34173583984375,220.40771,3.0,test_data/Useful/Validation/sharp sand at 1ft/20241020_170151.jpg,488.0,1.0,28.352709631633452
81,0.0,0.0,0.0,0.0,0.0,0.0,0.0,0.0,0.0,0.0,0.0,0.0,0.0,0.0,0.0,0.0,0.0,0.0,0.0,0.0,0.0,0.0,0.0,0.0,0.0,0.0,0.0,0.0,0.0,0.0,0.0,0.0,0.0,0.0,0.0,0.0,0.0,0.0,0.0,0.0,0.0,0.0,0.0,0.0,0.0,0.0,0.0,0.0,0.0,0.0,0.0,0.0,0.0,0.0,0.0,0.0,0.0,0.0,0.0,0.0,0.0,0.0,0.0,0.0,0.0,0.0,0.0,0.0,0.0,0.0,0.0,0.0,0.0,0.0,0.0,0.0,0.0,0.0,0.0,0.0,0.0,0.0,0.0,0.0,0.0,0.0,0.0,0.0,0.0,0.0,0.0,0.0,0.0,0.0,0.0,0.0,0.0,0.0,0.0,0.0,0.0,1000.4705882370472,1000.5490196347237,1000.6039215922356,1000.65098041296,1000.6980392336845,1000.7411764860153,1000.7960784435272,1000.8549019694328,1000.9215686321259,2001.0,158.59268188476562,166.2093017578125,171.1155807495117,174.9310302734375,178.2843017578125,181.49691772460938,184.75797271728516,188.6277069091797,194.58143615722656,347.33636474609375,220.31615,3.0,test_data/Useful/Validation/sharp sand at 1ft/20241020_170152.jpg,408.0,0.0,32.17760870431153
82,0.0,0.0,0.0,0.0,0.0,0.0,0.0,0.0,0.0,0.0,0.0,0.0,0.0,0.0,0.0,0.0,0.0,0.0,0.0,0.0,0.0,0.0,0.0,0.0,0.0,0.0,0.0,0.0,0.0,0.0,0.0,0.0,0.0,0.0,0.0,0.0,0.0,0.0,0.0,0.0,0.0,0.0,0.0,0.0,0.0,0.0,0.0,0.0,0.0,0.0,0.0,0.0,0.0,0.0,0.0,0.0,0.0,0.0,0.0,0.0,0.0,0.0,0.0,0.0,0.0,0.0,0.0,0.0,0.0,0.0,0.0,0.0,0.0,0.0,0.0,0.0,0.0,0.0,0.0,0.0,0.0,0.0,0.0,0.0,0.0,0.0,0.0,0.0,0.0,0.0,0.0,0.0,0.0,0.0,0.0,0.0,0.0,0.0,0.0,0.0,0.0,1000.5098039507866,1000.584313750267,1000.6392157077789,1000.6862745285034,1000.7254902124405,1000.772549033165,1000.8235294222832,1000.8784313797951,1000.9450980424881,2001.0,159.09097595214843,166.80553283691407,171.72076416015625,175.55776977539062,178.95382690429688,182.17369079589844,185.48471069335938,189.2298583984375,194.93944244384767,347.525146484375,218.30975,3.0,test_data/Useful/Validation/sharp sand at 1ft/20241020_170153.jpg,341.0,0.0,25.383617809298652
83,0.0,0.0,0.0,0.0,0.0,0.0,0.0,0.0,0.0,0.0,0.0,0.0,0.0,0.0,0.0,0.0,0.0,0.0,0.0,0.0,0.0,0.0,0.0,0.0,0.0,0.0,0.0,0.0,0.0,0.0,0.0,0.0,0.0,0.0,0.0,0.0,0.0,0.0,0.0,0.0,0.0,0.0,0.0,0.0,0.0,0.0,0.0,0.0,0.0,0.0,0.0,0.0,0.0,0.0,0.0,0.0,0.0,0.0,0.0,0.0,0.0,0.0,0.0,0.0,0.0,0.0,0.0,0.0,0.0,0.0,0.0,0.0,0.0,0.0,0.0,0.0,0.0,0.0,0.0,0.0,0.0,0.0,0.0,0.0,0.0,0.0,0.0,0.0,0.0,0.0,0.0,0.0,0.0,0.0,0.0,0.0,0.0,0.0,0.0,16.0,0.0,1000.5372549295425,1000.6039215922356,1000.65098041296,1000.6901960968971,1000.7294117808342,1000.7764706015587,1000.8274509906769,1000.8862745165825,1000.9529411792755,2001.0,157.6891876220703,165.40264892578125,170.38601684570312,174.23541259765625,177.60484313964844,180.83554077148438,184.16180419921875,187.99862670898438,194.03627014160156,347.6285400390625,220.49026,3.0,test_data/Useful/Validation/sharp sand at 1ft/20241020_170159.jpg,429.0,3.0,28.88163870849117
84,0.0,0.0,0.0,0.0,0.0,0.0,0.0,0.0,0.0,0.0,0.0,0.0,0.0,0.0,0.0,0.0,0.0,0.0,0.0,0.0,0.0,0.0,0.0,0.0,0.0,0.0,0.0,0.0,0.0,0.0,0.0,0.0,0.0,0.0,0.0,0.0,0.0,0.0,0.0,0.0,0.0,0.0,0.0,0.0,0.0,0.0,0.0,0.0,0.0,0.0,0.0,0.0,0.0,0.0,0.0,0.0,0.0,0.0,0.0,0.0,0.0,0.0,0.0,0.0,0.0,0.0,0.0,0.0,0.0,0.0,0.0,0.0,0.0,0.0,0.0,0.0,0.0,0.0,0.0,0.0,0.0,0.0,0.0,0.0,0.0,0.0,0.0,0.0,0.0,0.0,0.0,0.0,0.0,0.0,0.0,0.0,0.0,0.0,0.0,15.0,0.0,1000.4823529422283,1000.5607843399048,1000.6196078658104,1000.6666666865349,1000.7137255072594,1000.7686274647713,1000.8274509906769,1000.8980392217636,1000.9686274528503,2001.0,158.17201232910156,165.80528259277344,170.77894897460936,174.6703674316406,178.01400756835938,181.20870361328124,184.5378173828125,188.30209350585938,194.1976776123047,347.5108642578125,221.96623,3.0,test_data/Useful/Validation/sharp sand at 1ft/20241020_170200.jpg,390.0,2.0,32.35931329587624
85,0.0,0.0,0.0,0.0,0.0,0.0,0.0,0.0,0.0,0.0,0.0,0.0,0.0,0.0,0.0,0.0,0.0,0.0,0.0,0.0,0.0,0.0,0.0,0.0,0.0,0.0,0.0,0.0,0.0,0.0,0.0,0.0,0.0,0.0,0.0,0.0,0.0,0.0,0.0,0.0,0.0,0.0,0.0,0.0,0.0,0.0,0.0,0.0,0.0,0.0,0.0,0.0,0.0,0.0,0.0,0.0,0.0,0.0,0.0,0.0,0.0,0.0,0.0,0.0,0.0,0.0,0.0,0.0,0.0,0.0,0.0,0.0,0.0,0.0,0.0,0.0,0.0,0.0,0.0,0.0,0.0,0.0,0.0,0.0,0.0,0.0,0.0,0.0,0.0,0.0,0.0,0.0,0.0,0.0,0.0,0.0,0.0,0.0,0.0,20.0,0.0,1000.4941176474094,1000.5725490450859,1000.6313725709915,1000.6823529601097,1000.7254902124405,1000.7803921699524,1000.839215695858,1000.905882358551,1000.9764705896378,2001.0,158.25094451904297,166.09580993652344,171.0841064453125,174.99903869628906,178.36448669433594,181.59765625,184.8200225830078,188.6116943359375,194.3015899658203,347.5693054199219,218.70712,3.0,test_data/Useful/Validation/sharp sand at 1ft/20241020_170201(0).jpg,286.0,3.0,29.515647552370474
86,0.0,0.0,0.0,0.0,0.0,0.0,0.0,0.0,0.0,0.0,0.0,0.0,0.0,0.0,0.0,0.0,0.0,0.0,0.0,0.0,0.0,0.0,0.0,0.0,0.0,0.0,0.0,0.0,0.0,0.0,0.0,0.0,0.0,0.0,0.0,0.0,0.0,0.0,0.0,0.0,0.0,0.0,0.0,0.0,0.0,0.0,0.0,0.0,0.0,0.0,0.0,0.0,0.0,0.0,0.0,0.0,0.0,0.0,0.0,0.0,0.0,0.0,0.0,0.0,0.0,0.0,0.0,0.0,0.0,0.0,0.0,0.0,0.0,0.0,0.0,0.0,0.0,0.0,0.0,0.0,0.0,0.0,0.0,0.0,0.0,0.0,0.0,0.0,0.0,0.0,0.0,0.0,0.0,0.0,0.0,0.0,0.0,0.0,0.0,14.0,0.0,1000.4784313738346,1000.5568627715111,1000.6156862974167,1000.6627451181412,1000.7098039388657,1000.7607843279839,1000.8235294222832,1000.8901960849762,1000.9607843160629,2001.0,158.4693572998047,166.2287170410156,171.17626953125,175.09605407714844,178.4854736328125,181.67108154296875,184.95767669677733,188.72097778320312,194.41677551269532,347.46917724609375,219.46425,3.0,test_data/Useful/Validation/sharp sand at 1ft/20241020_170201.jpg,319.0,1.0,29.535283244518837
87,0.0,0.0,0.0,0.0,0.0,0.0,0.0,0.0,0.0,0.0,0.0,0.0,0.0,0.0,0.0,0.0,0.0,0.0,0.0,0.0,0.0,0.0,0.0,0.0,0.0,0.0,0.0,0.0,0.0,0.0,0.0,0.0,0.0,0.0,0.0,0.0,0.0,0.0,0.0,0.0,0.0,0.0,0.0,0.0,0.0,0.0,0.0,0.0,0.0,0.0,0.0,0.0,0.0,0.0,0.0,0.0,0.0,0.0,0.0,0.0,0.0,0.0,0.0,0.0,0.0,0.0,0.0,0.0,0.0,0.0,0.0,0.0,0.0,0.0,0.0,0.0,0.0,0.0,0.0,0.0,0.0,0.0,0.0,0.0,0.0,0.0,0.0,0.0,0.0,0.0,0.0,0.0,0.0,0.0,0.0,0.0,0.0,0.0,0.0,15.0,0.0,1000.5411764979362,1000.6156862974167,1000.6705882549286,1000.7176470756531,1000.7647058963776,1000.811764717102,1000.866666674614,1000.9294117689133,1000.9921568632126,2001.0,159.13102111816406,166.9500518798828,171.95413208007812,175.81732177734375,179.18167114257812,182.39563903808593,185.6774139404297,189.3870330810547,194.8422103881836,347.7871398925781,216.13995,3.0,test_data/Useful/Validation/sharp sand at 1ft/20241020_170203.jpg,243.0,1.0,29.76928168345009
88,0.0,0.0,0.0,0.0,0.0,0.0,0.0,0.0,0.0,0.0,0.0,0.0,0.0,0.0,0.0,0.0,0.0,0.0,0.0,0.0,0.0,0.0,0.0,0.0,0.0,0.0,0.0,0.0,0.0,0.0,0.0,0.0,0.0,0.0,0.0,0.0,0.0,0.0,0.0,0.0,0.0,0.0,0.0,0.0,0.0,0.0,0.0,0.0,0.0,0.0,0.0,0.0,0.0,0.0,0.0,0.0,0.0,0.0,0.0,0.0,0.0,0.0,0.0,0.0,0.0,0.0,0.0,0.0,0.0,0.0,0.0,0.0,0.0,0.0,0.0,0.0,0.0,0.0,0.0,0.0,0.0,0.0,0.0,0.0,0.0,0.0,0.0,0.0,0.0,0.0,0.0,0.0,0.0,0.0,0.0,0.0,0.0,0.0,0.0,9.0,0.0,1000.5490196347237,1000.6313725709915,1000.6862745285034,1000.7372549176216,1000.7882353067398,1000.839215695858,1000.8941176533699,1000.9529411792755,1001.0,2001.0,159.92031860351562,167.6361572265625,172.54412384033202,176.51541137695312,179.95001220703125,183.09988708496093,186.36002044677736,189.99636840820312,195.2855224609375,347.8688049316406,214.46457,3.0,test_data/Useful/Validation/sharp sand at 1ft/20241020_170204(0).jpg,169.0,1.0,29.29828883521518
89,0.0,0.0,0.0,0.0,0.0,0.0,0.0,0.0,0.0,0.0,0.0,0.0,0.0,0.0,0.0,0.0,0.0,0.0,0.0,0.0,0.0,0.0,0.0,0.0,0.0,0.0,0.0,0.0,0.0,0.0,0.0,0.0,0.0,0.0,0.0,0.0,0.0,0.0,0.0,0.0,0.0,0.0,0.0,0.0,0.0,0.0,0.0,0.0,0.0,0.0,0.0,0.0,0.0,0.0,0.0,0.0,0.0,0.0,0.0,0.0,0.0,0.0,0.0,0.0,0.0,0.0,0.0,0.0,0.0,0.0,0.0,0.0,0.0,0.0,0.0,0.0,0.0,0.0,0.0,0.0,0.0,0.0,0.0,0.0,0.0,0.0,0.0,0.0,0.0,0.0,0.0,0.0,0.0,0.0,0.0,0.0,0.0,0.0,0.0,19.0,0.0,1000.5568627715111,1000.6352941393852,1000.6941176652908,1000.745098054409,1000.7921568751335,1000.8431372642517,1000.8941176533699,1000.9529411792755,1001.0,2001.0,159.74850463867188,167.46104125976564,172.5095977783203,176.40771484375,179.82301330566406,183.00367736816406,186.30615234375,189.99647521972656,195.26095581054688,347.906005859375,213.8134,3.0,test_data/Useful/Validation/sharp sand at 1ft/20241020_170204.jpg,171.0,1.0,29.408968485492238
90,0.0,0.0,0.0,0.0,0.0,0.0,0.0,0.0,0.0,0.0,0.0,0.0,0.0,0.0,0.0,0.0,0.0,0.0,0.0,0.0,0.0,0.0,0.0,0.0,0.0,0.0,0.0,0.0,0.0,0.0,0.0,0.0,0.0,0.0,0.0,0.0,0.0,0.0,0.0,0.0,0.0,0.0,0.0,0.0,0.0,0.0,0.0,0.0,0.0,0.0,0.0,0.0,0.0,0.0,0.0,0.0,0.0,0.0,0.0,0.0,0.0,0.0,0.0,0.0,0.0,0.0,0.0,0.0,0.0,0.0,0.0,0.0,0.0,0.0,0.0,0.0,0.0,0.0,0.0,0.0,0.0,0.0,0.0,0.0,0.0,0.0,0.0,0.0,0.0,0.0,0.0,0.0,0.0,0.0,0.0,0.0,0.0,0.0,0.0,0.0,0.0,1000.5215686559677,1000.6000000238419,1000.6588235497475,1000.705882370472,1000.7529411911964,1000.8039215803146,1000.8549019694328,1000.9176470637321,1000.9803921580315,3000.9960784316063,159.64549255371094,167.45338439941406,172.47998046875,176.36289978027344,179.77938842773438,182.97943115234375,186.23434448242188,189.8880615234375,195.10342407226562,347.6602478027344,213.19046,3.0,test_data/Useful/Validation/sharp sand at 1ft/20241020_170205.jpg,160.0,0.0,30.371372250338233
91,0.0,0.0,0.0,0.0,0.0,0.0,0.0,0.0,0.0,0.0,0.0,0.0,0.0,0.0,0.0,0.0,0.0,0.0,0.0,0.0,0.0,0.0,0.0,0.0,0.0,0.0,0.0,0.0,0.0,0.0,0.0,0.0,0.0,0.0,0.0,0.0,0.0,0.0,0.0,0.0,0.0,0.0,0.0,0.0,0.0,0.0,0.0,0.0,0.0,0.0,0.0,0.0,0.0,0.0,0.0,0.0,0.0,0.0,0.0,0.0,0.0,0.0,0.0,0.0,0.0,0.0,0.0,0.0,0.0,0.0,0.0,0.0,0.0,0.0,0.0,0.0,0.0,0.0,0.0,0.0,0.0,0.0,0.0,0.0,0.0,0.0,0.0,0.0,0.0,0.0,0.0,0.0,0.0,0.0,0.0,0.0,0.0,0.0,0.0,16.0,0.0,1000.5058823823929,1000.5882353186607,1000.6470588445663,1000.6941176652908,1000.7411764860153,1000.7882353067398,1000.839215695858,1000.8980392217636,1000.9607843160629,2001.0,159.61370849609375,167.330322265625,172.35426330566406,176.2674560546875,179.62191009521484,182.84732666015626,186.08590698242188,189.75421142578125,195.0626220703125,347.5549621582031,214.59158,3.0,test_data/Useful/Validation/sharp sand at 1ft/20241020_170206.jpg,161.0,1.0,30.044753943170917
92,0.0,0.0,0.0,0.0,0.0,0.0,0.0,0.0,0.0,0.0,0.0,0.0,0.0,0.0,0.0,0.0,0.0,0.0,0.0,0.0,0.0,0.0,0.0,0.0,0.0,0.0,0.0,0.0,0.0,0.0,0.0,0.0,0.0,0.0,0.0,0.0,0.0,0.0,0.0,0.0,0.0,0.0,0.0,0.0,0.0,0.0,0.0,0.0,0.0,0.0,0.0,0.0,0.0,0.0,0.0,0.0,0.0,0.0,0.0,0.0,0.0,0.0,0.0,0.0,0.0,0.0,0.0,0.0,0.0,0.0,0.0,0.0,0.0,0.0,0.0,0.0,0.0,0.0,0.0,0.0,0.0,0.0,0.0,0.0,0.0,0.0,0.0,0.0,0.0,0.0,0.0,0.0,0.0,0.0,0.0,0.0,0.0,0.0,0.0,22.0,0.0,1000.4980392158031,1000.5803921818733,1000.6392157077789,1000.6862745285034,1000.7254902124405,1000.772549033165,1000.8196078538895,1000.8745098114014,1000.9411764740944,2001.0,159.21090698242188,166.93679809570312,171.95989990234375,175.83554077148438,179.24879455566406,182.46234130859375,185.76034545898438,189.5000457763672,194.86244201660156,347.4627685546875,216.92981,3.0,test_data/Useful/Validation/sharp sand at 1ft/20241020_170207(0).jpg,217.0,2.0,27.311651934435744
93,0.0,0.0,0.0,0.0,0.0,0.0,0.0,0.0,0.0,0.0,0.0,0.0,0.0,0.0,0.0,0.0,0.0,0.0,0.0,0.0,0.0,0.0,0.0,0.0,0.0,0.0,0.0,0.0,0.0,0.0,0.0,0.0,0.0,0.0,0.0,0.0,0.0,0.0,0.0,0.0,0.0,0.0,0.0,0.0,0.0,0.0,0.0,0.0,0.0,0.0,0.0,0.0,0.0,0.0,0.0,0.0,0.0,0.0,0.0,0.0,0.0,0.0,0.0,0.0,0.0,0.0,0.0,0.0,0.0,0.0,0.0,0.0,0.0,0.0,0.0,0.0,0.0,0.0,0.0,0.0,0.0,0.0,0.0,0.0,0.0,0.0,0.0,0.0,0.0,0.0,0.0,0.0,0.0,0.0,0.0,0.0,0.0,0.0,0.0,0.0,0.0,1000.4627451002598,1000.5490196347237,1000.6078431606293,1000.6549019813538,1000.7019608020782,1000.745098054409,1000.7921568751335,1000.8470588326454,1000.9215686321259,3000.8980392217636,159.43682250976562,167.377001953125,172.33562316894532,176.20569763183593,179.54360961914062,182.72937622070313,185.97410583496094,189.60936889648437,194.8197021484375,347.30908203125,215.60345,3.0,test_data/Useful/Validation/sharp sand at 1ft/20241020_170208.jpg,132.0,0.0,33.78127517453255
94,0.0,0.0,0.0,0.0,0.0,0.0,0.0,0.0,0.0,0.0,0.0,0.0,0.0,0.0,0.0,0.0,0.0,0.0,0.0,0.0,0.0,0.0,0.0,0.0,0.0,0.0,0.0,0.0,0.0,0.0,0.0,0.0,0.0,0.0,0.0,0.0,0.0,0.0,0.0,0.0,0.0,0.0,0.0,0.0,0.0,0.0,0.0,0.0,0.0,0.0,0.0,0.0,0.0,0.0,0.0,0.0,0.0,0.0,0.0,0.0,0.0,0.0,0.0,0.0,0.0,0.0,0.0,0.0,0.0,0.0,0.0,0.0,0.0,0.0,0.0,0.0,0.0,0.0,0.0,0.0,0.0,0.0,0.0,0.0,0.0,0.0,0.0,0.0,0.0,0.0,0.0,0.0,0.0,0.0,0.0,0.0,0.0,0.0,0.0,0.0,0.0,1000.486274510622,1000.5686274766922,1000.6313725709915,1000.678431391716,1000.7176470756531,1000.7607843279839,1000.8078431487083,1000.866666674614,1000.933333337307,2001.0,159.7958221435547,167.53665161132812,172.5323486328125,176.37823486328125,179.7714385986328,183.0022399902344,186.20393829345704,189.84830627441409,195.02865600585938,347.4158020019531,212.69241,3.0,test_data/Useful/Validation/sharp sand at 1ft/20241020_170209.jpg,104.0,0.0,30.173879362593365
95,0.0,0.0,0.0,0.0,0.0,0.0,0.0,0.0,0.0,0.0,0.0,0.0,0.0,0.0,0.0,0.0,0.0,0.0,0.0,0.0,0.0,0.0,0.0,0.0,0.0,0.0,0.0,0.0,0.0,0.0,0.0,0.0,0.0,0.0,0.0,0.0,0.0,0.0,0.0,0.0,0.0,0.0,0.0,0.0,0.0,0.0,0.0,0.0,0.0,0.0,0.0,0.0,0.0,0.0,0.0,0.0,0.0,0.0,0.0,0.0,0.0,0.0,0.0,0.0,0.0,0.0,0.0,0.0,0.0,0.0,0.0,0.0,0.0,0.0,0.0,0.0,0.0,0.0,0.0,0.0,0.0,0.0,0.0,0.0,0.0,0.0,0.0,0.0,0.0,0.0,0.0,0.0,0.0,0.0,0.0,0.0,0.0,0.0,0.0,0.0,0.0,1000.5254902243614,1000.6039215922356,1000.6549019813538,1000.6980392336845,1000.7333333492279,1000.7764706015587,1000.8196078538895,1000.8745098114014,1000.9450980424881,2001.0,159.54388427734375,167.2991943359375,172.33157348632812,176.16912841796875,179.51104736328125,182.7159423828125,185.90737915039062,189.5694122314453,194.6880340576172,347.52783203125,212.99588,3.0,test_data/Useful/Validation/sharp sand at 1ft/20241020_170210.jpg,111.0,0.0,31.37641269557118
96,0.0,0.0,0.0,0.0,0.0,0.0,0.0,0.0,0.0,0.0,0.0,0.0,0.0,0.0,0.0,0.0,0.0,0.0,0.0,0.0,0.0,0.0,0.0,0.0,0.0,0.0,0.0,0.0,0.0,0.0,0.0,0.0,0.0,0.0,0.0,0.0,0.0,0.0,0.0,0.0,0.0,0.0,0.0,0.0,0.0,0.0,0.0,0.0,0.0,0.0,0.0,0.0,0.0,0.0,0.0,0.0,0.0,0.0,0.0,0.0,0.0,0.0,0.0,0.0,0.0,0.0,0.0,0.0,0.0,0.0,0.0,0.0,0.0,0.0,0.0,0.0,0.0,0.0,0.0,0.0,0.0,0.0,0.0,0.0,0.0,0.0,0.0,0.0,0.0,0.0,0.0,0.0,0.0,0.0,0.0,0.0,0.0,0.0,0.0,21.0,0.0,1000.5960784554482,1000.6588235497475,1000.7019608020782,1000.7372549176216,1000.7686274647713,1000.8000000119209,1000.8352941274643,1000.8784313797951,1000.9372549057007,2001.0,158.4945281982422,166.22357177734375,171.24720764160156,175.15896606445312,178.56451416015625,181.7892303466797,185.0442352294922,188.7779296875,194.2471450805664,347.71142578125,217.63518,3.0,test_data/Useful/Validation/sharp sand at 1ft/20241020_170211(0).jpg,194.0,2.0,26.902162360399004
97,0.0,0.0,0.0,0.0,0.0,0.0,0.0,0.0,0.0,0.0,0.0,0.0,0.0,0.0,0.0,0.0,0.0,0.0,0.0,0.0,0.0,0.0,0.0,0.0,0.0,0.0,0.0,0.0,0.0,0.0,0.0,0.0,0.0,0.0,0.0,0.0,0.0,0.0,0.0,0.0,0.0,0.0,0.0,0.0,0.0,0.0,0.0,0.0,0.0,0.0,0.0,0.0,0.0,0.0,0.0,0.0,0.0,0.0,0.0,0.0,0.0,0.0,0.0,0.0,0.0,0.0,0.0,0.0,0.0,0.0,0.0,0.0,0.0,0.0,0.0,0.0,0.0,0.0,0.0,0.0,0.0,0.0,0.0,0.0,0.0,0.0,0.0,0.0,0.0,0.0,0.0,0.0,0.0,0.0,0.0,0.0,0.0,0.0,0.0,0.0,0.0,1000.5333333611488,1000.611764729023,1000.6627451181412,1000.705882370472,1000.745098054409,1000.7843137383461,1000.8313725590706,1000.8901960849762,1000.9568627476692,2001.0,159.11805877685546,166.97685546875002,171.9718780517578,175.84393615722655,179.27699279785156,182.4573974609375,185.6910400390625,189.3782958984375,194.51073150634767,347.5699157714844,215.20502,3.0,test_data/Useful/Validation/sharp sand at 1ft/20241020_170211.jpg,157.0,0.0,24.406552597014183
98,0.0,0.0,0.0,0.0,0.0,0.0,0.0,0.0,0.0,0.0,0.0,0.0,0.0,0.0,0.0,0.0,0.0,0.0,0.0,0.0,0.0,0.0,0.0,0.0,0.0,0.0,0.0,0.0,0.0,0.0,0.0,0.0,0.0,0.0,0.0,0.0,0.0,0.0,0.0,0.0,0.0,0.0,0.0,0.0,0.0,0.0,0.0,0.0,0.0,0.0,0.0,0.0,0.0,0.0,0.0,0.0,0.0,0.0,0.0,0.0,0.0,0.0,0.0,0.0,0.0,0.0,0.0,0.0,0.0,0.0,0.0,0.0,0.0,0.0,0.0,0.0,0.0,0.0,0.0,0.0,0.0,0.0,0.0,0.0,0.0,0.0,0.0,0.0,0.0,0.0,0.0,0.0,0.0,0.0,0.0,0.0,0.0,0.0,0.0,15.0,0.0,1000.5333333611488,1000.6156862974167,1000.678431391716,1000.7254902124405,1000.772549033165,1000.8196078538895,1000.866666674614,1000.9176470637321,1000.9803921580315,2001.0,159.5854949951172,167.3546142578125,172.42056274414062,176.3046630859375,179.69635772705078,182.85569763183594,186.0934051513672,189.76510620117188,194.99594116210938,347.67596435546875,214.66911,3.0,test_data/Useful/Validation/sharp sand at 1ft/20241020_170212.jpg,143.0,1.0,29.228094479322202
99,0.0,0.0,0.0,0.0,0.0,0.0,0.0,0.0,0.0,0.0,0.0,0.0,0.0,0.0,0.0,0.0,0.0,0.0,0.0,0.0,0.0,0.0,0.0,0.0,0.0,0.0,0.0,0.0,0.0,0.0,0.0,0.0,0.0,0.0,0.0,0.0,0.0,0.0,0.0,0.0,0.0,0.0,0.0,0.0,0.0,0.0,0.0,0.0,0.0,0.0,0.0,0.0,0.0,0.0,0.0,0.0,0.0,0.0,0.0,0.0,0.0,0.0,0.0,0.0,0.0,0.0,0.0,0.0,0.0,0.0,0.0,0.0,0.0,0.0,0.0,0.0,0.0,0.0,0.0,0.0,0.0,0.0,0.0,0.0,0.0,0.0,0.0,0.0,0.0,0.0,0.0,0.0,0.0,0.0,0.0,0.0,0.0,0.0,0.0,0.0,0.0,1000.5294117927551,1000.6156862974167,1000.6745098233223,1000.7215686440468,1000.7607843279839,1000.8039215803146,1000.8509804010391,1000.9098039269447,1000.972549021244,2001.0,159.37530212402345,167.10108947753906,172.07454681396484,175.9532928466797,179.36837768554688,182.53434143066406,185.82666778564453,189.45067443847657,194.71062316894532,347.6318664550781,214.58519,3.0,test_data/Useful/Validation/sharp sand at 1ft/20241020_170213(0).jpg,151.0,0.0,31.777772949162365
100,0.0,0.0,0.0,0.0,0.0,0.0,0.0,0.0,0.0,0.0,0.0,0.0,0.0,0.0,0.0,0.0,0.0,0.0,0.0,0.0,0.0,0.0,0.0,0.0,0.0,0.0,0.0,0.0,0.0,0.0,0.0,0.0,0.0,0.0,0.0,0.0,0.0,0.0,0.0,0.0,0.0,0.0,0.0,0.0,0.0,0.0,0.0,0.0,0.0,0.0,0.0,0.0,0.0,0.0,0.0,0.0,0.0,0.0,0.0,0.0,0.0,0.0,0.0,0.0,0.0,0.0,0.0,0.0,0.0,0.0,0.0,0.0,0.0,0.0,0.0,0.0,0.0,0.0,0.0,0.0,0.0,0.0,0.0,0.0,0.0,0.0,0.0,0.0,0.0,0.0,0.0,0.0,0.0,0.0,0.0,0.0,0.0,0.0,0.0,19.0,0.0,1000.5372549295425,1000.6235294342041,1000.6823529601097,1000.7294117808342,1000.7764706015587,1000.8235294222832,1000.8705882430077,1000.9215686321259,1000.9843137264252,2001.0,159.6094512939453,167.3795928955078,172.4209747314453,176.330078125,179.71630859375,182.91671142578124,186.16497802734375,189.8846160888672,194.99867095947266,347.686279296875,213.80948,3.0,test_data/Useful/Validation/sharp sand at 1ft/20241020_170213.jpg,116.0,1.0,24.86472513697116
101,0.0,0.0,0.0,0.0,0.0,0.0,0.0,0.0,0.0,0.0,0.0,0.0,0.0,0.0,0.0,0.0,0.0,0.0,0.0,0.0,0.0,0.0,0.0,0.0,0.0,0.0,0.0,0.0,0.0,0.0,0.0,0.0,0.0,0.0,0.0,0.0,0.0,0.0,0.0,0.0,0.0,0.0,0.0,0.0,0.0,0.0,0.0,0.0,0.0,0.0,0.0,0.0,0.0,0.0,0.0,0.0,0.0,0.0,0.0,0.0,0.0,0.0,0.0,0.0,0.0,0.0,0.0,0.0,0.0,0.0,0.0,0.0,0.0,0.0,0.0,0.0,0.0,0.0,0.0,0.0,0.0,0.0,0.0,0.0,0.0,0.0,0.0,0.0,0.0,0.0,0.0,0.0,0.0,0.0,0.0,0.0,0.0,0.0,0.0,0.0,0.0,1000.5764706134796,1000.6392157077789,1000.678431391716,1000.7098039388657,1000.7333333492279,1000.7647058963776,1000.7960784435272,1000.8352941274643,1000.8941176533699,3000.89411765337,159.01481018066406,166.76809692382812,171.7577682495117,175.6663360595703,179.11825561523438,182.31552124023438,185.5653076171875,189.19805908203125,194.45318603515625,347.5972900390625,213.71681,3.0,test_data/Useful/Validation/sharp sand at 1ft/20241020_170214.jpg,129.0,0.0,27.242043654403165
102,0.0,0.0,0.0,0.0,0.0,0.0,0.0,0.0,0.0,0.0,0.0,0.0,0.0,0.0,0.0,0.0,0.0,0.0,0.0,0.0,0.0,0.0,0.0,0.0,0.0,0.0,0.0,0.0,0.0,0.0,0.0,0.0,0.0,0.0,0.0,0.0,0.0,0.0,0.0,0.0,0.0,0.0,0.0,0.0,0.0,0.0,0.0,0.0,0.0,0.0,0.0,0.0,0.0,0.0,0.0,0.0,0.0,0.0,0.0,0.0,0.0,0.0,0.0,0.0,0.0,0.0,0.0,0.0,0.0,0.0,0.0,0.0,0.0,0.0,0.0,0.0,0.0,0.0,0.0,0.0,0.0,0.0,0.0,0.0,0.0,0.0,0.0,0.0,0.0,0.0,0.0,0.0,0.0,0.0,0.0,0.0,0.0,0.0,0.0,0.0,0.0,1000.5215686559677,1000.5921568870544,1000.6392157077789,1000.6745098233223,1000.705882370472,1000.7372549176216,1000.7686274647713,1000.811764717102,1000.8745098114014,2000.9882352948189,159.43850708007812,167.18006591796876,172.07013092041015,175.96330871582032,179.3530044555664,182.47859802246094,185.7304672241211,189.3714599609375,194.52335510253906,347.4154052734375,213.68982,3.0,test_data/Useful/Validation/sharp sand at 1ft/20241020_170215.jpg,75.0,0.0,28.365996888705276
103,0.0,0.0,0.0,0.0,0.0,0.0,0.0,0.0,0.0,0.0,0.0,0.0,0.0,0.0,0.0,0.0,0.0,0.0,0.0,0.0,0.0,0.0,0.0,0.0,0.0,0.0,0.0,0.0,0.0,0.0,0.0,0.0,0.0,0.0,0.0,0.0,0.0,0.0,0.0,0.0,0.0,0.0,0.0,0.0,0.0,0.0,0.0,0.0,0.0,0.0,0.0,0.0,0.0,0.0,0.0,0.0,0.0,0.0,0.0,0.0,0.0,0.0,0.0,0.0,0.0,0.0,0.0,0.0,0.0,0.0,0.0,0.0,0.0,0.0,0.0,0.0,0.0,0.0,0.0,0.0,0.0,0.0,0.0,0.0,0.0,0.0,0.0,0.0,0.0,0.0,0.0,0.0,0.0,0.0,0.0,0.0,0.0,0.0,0.0,0.0,0.0,1000.5294117927551,1000.6000000238419,1000.6431372761726,1000.6745098233223,1000.7019608020782,1000.7294117808342,1000.7607843279839,1000.8000000119209,1000.8588235378265,3000.9294117689133,159.30514526367188,167.08616333007814,171.9354248046875,175.79727172851562,179.17855834960938,182.38779907226564,185.6176544189453,189.25462646484377,194.52806701660157,347.4112243652344,214.94154,3.0,test_data/Useful/Validation/sharp sand at 1ft/20241020_170216.jpg,148.0,0.0,33.3264496139432
104,0.0,0.0,0.0,0.0,0.0,0.0,0.0,0.0,0.0,0.0,0.0,0.0,0.0,0.0,0.0,0.0,0.0,0.0,0.0,0.0,0.0,0.0,0.0,0.0,0.0,0.0,0.0,0.0,0.0,0.0,0.0,0.0,0.0,0.0,0.0,0.0,0.0,0.0,0.0,0.0,0.0,0.0,0.0,0.0,0.0,0.0,0.0,0.0,0.0,0.0,0.0,0.0,0.0,0.0,0.0,0.0,0.0,0.0,0.0,0.0,0.0,0.0,0.0,0.0,0.0,0.0,0.0,0.0,0.0,0.0,0.0,0.0,0.0,0.0,0.0,0.0,0.0,0.0,0.0,0.0,0.0,0.0,0.0,0.0,0.0,0.0,0.0,0.0,0.0,0.0,0.0,0.0,0.0,0.0,0.0,0.0,0.0,0.0,0.0,0.0,0.0,1000.5294117927551,1000.6078431606293,1000.6588235497475,1000.7019608020782,1000.7333333492279,1000.772549033165,1000.8196078538895,1000.8784313797951,1000.9450980424881,3001.0,159.94163513183594,167.6779022216797,172.60574340820312,176.49993896484375,179.82345581054688,182.93850708007812,186.09852447509766,189.7847137451172,195.01487731933594,347.6834411621094,214.695,3.0,test_data/Useful/Validation/sharp sand at 1ft/20241020_170217(0).jpg,116.0,0.0,36.46116770324437
0,0.0,0.0,0.0,0.0,0.0,0.0,0.0,0.0,0.0,0.0,0.0,0.0,0.0,0.0,0.0,0.0,0.0,0.0,0.0,0.0,0.0,0.0,0.0,0.0,0.0,0.0,0.0,0.0,0.0,0.0,0.0,0.0,0.0,0.0,0.0,0.0,0.0,0.0,0.0,0.0,0.0,0.0,0.0,0.0,0.0,0.0,0.0,0.0,0.0,0.0,0.0,0.0,0.0,0.0,0.0,0.0,0.0,0.0,0.0,0.0,0.0,0.0,0.0,0.0,0.0,0.0,0.0,0.0,0.0,0.0,0.0,0.0,0.0,0.0,0.0,0.0,0.0,0.0,0.0,0.0,0.0,0.0,0.0,0.0,0.0,0.0,0.0,0.0,0.0,0.0,0.0,0.0,0.0,0.0,0.0,0.0,0.0,0.0,0.0,13.0,0.0,1000.5803921818733,1000.6431372761726,1000.6823529601097,1000.7098039388657,1000.7372549176216,1000.7647058963776,1000.7960784435272,1000.839215695858,1000.905882358551,2001.0,159.01280517578124,166.70846557617188,171.71975708007812,175.61184692382812,178.98388671875,182.18959045410156,185.45321655273438,189.1288604736328,194.43748474121094,347.7508544921875,215.7946,3.0,test_data/Useful/Validation/sharp sand at 2ft/20241020_172219.jpg,101.0,1.0,57.019106040214645
1,0.0,0.0,0.0,0.0,0.0,0.0,0.0,0.0,0.0,0.0,0.0,0.0,0.0,0.0,0.0,0.0,0.0,0.0,0.0,0.0,0.0,0.0,0.0,0.0,0.0,0.0,0.0,0.0,0.0,0.0,0.0,0.0,0.0,0.0,0.0,0.0,0.0,0.0,0.0,0.0,0.0,0.0,0.0,0.0,0.0,0.0,0.0,0.0,0.0,0.0,0.0,0.0,0.0,0.0,0.0,0.0,0.0,0.0,0.0,0.0,0.0,0.0,0.0,0.0,0.0,0.0,0.0,0.0,0.0,0.0,0.0,0.0,0.0,0.0,0.0,0.0,0.0,0.0,0.0,0.0,0.0,0.0,0.0,0.0,0.0,0.0,0.0,0.0,0.0,0.0,0.0,0.0,0.0,0.0,0.0,0.0,0.0,0.0,0.0,0.0,0.0,1000.5490196347237,1000.6274510025978,1000.6705882549286,1000.705882370472,1000.7372549176216,1000.7686274647713,1000.811764717102,1000.866666674614,1000.9411764740944,3001.0,159.6456756591797,167.5080108642578,172.4421844482422,176.30264282226562,179.690673828125,182.84375,186.0456771850586,189.5924072265625,194.65536499023438,347.7286376953125,212.74857,3.0,test_data/Useful/Validation/sharp sand at 2ft/20241020_172221.jpg,64.0,0.0,56.809797583558435
2,0.0,0.0,0.0,0.0,0.0,0.0,0.0,0.0,0.0,0.0,0.0,0.0,0.0,0.0,0.0,0.0,0.0,0.0,0.0,0.0,0.0,0.0,0.0,0.0,0.0,0.0,0.0,0.0,0.0,0.0,0.0,0.0,0.0,0.0,0.0,0.0,0.0,0.0,0.0,0.0,0.0,0.0,0.0,0.0,0.0,0.0,0.0,0.0,0.0,0.0,0.0,0.0,0.0,0.0,0.0,0.0,0.0,0.0,0.0,0.0,0.0,0.0,0.0,0.0,0.0,0.0,0.0,0.0,0.0,0.0,0.0,0.0,0.0,0.0,0.0,0.0,0.0,0.0,0.0,0.0,0.0,0.0,0.0,0.0,0.0,0.0,0.0,0.0,0.0,0.0,0.0,0.0,0.0,0.0,0.0,0.0,0.0,0.0,0.0,0.0,0.0,1000.5529412031174,1000.6274510025978,1000.6705882549286,1000.7019608020782,1000.7294117808342,1000.7607843279839,1000.8000000119209,1000.8549019694328,1000.9294117689133,3001.0,159.56565856933594,167.31008911132812,172.2813262939453,176.16690063476562,179.6047821044922,182.78659057617188,186.00485229492188,189.6249237060547,194.67647705078124,347.71185302734375,211.71324,3.0,test_data/Useful/Validation/sharp sand at 2ft/20241020_172222.jpg,80.0,0.0,58.085772252705134
3,0.0,0.0,0.0,0.0,0.0,0.0,0.0,0.0,0.0,0.0,0.0,0.0,0.0,0.0,0.0,0.0,0.0,0.0,0.0,0.0,0.0,0.0,0.0,0.0,0.0,0.0,0.0,0.0,0.0,0.0,0.0,0.0,0.0,0.0,0.0,0.0,0.0,0.0,0.0,0.0,0.0,0.0,0.0,0.0,0.0,0.0,0.0,0.0,0.0,0.0,0.0,0.0,0.0,0.0,0.0,0.0,0.0,0.0,0.0,0.0,0.0,0.0,0.0,0.0,0.0,0.0,0.0,0.0,0.0,0.0,0.0,0.0,0.0,0.0,0.0,0.0,0.0,0.0,0.0,0.0,0.0,0.0,0.0,0.0,0.0,0.0,0.0,0.0,0.0,0.0,0.0,0.0,0.0,0.0,0.0,0.0,0.0,0.0,0.0,0.0,0.0,1000.54509806633,1000.6156862974167,1000.6588235497475,1000.6980392336845,1000.7254902124405,1000.7607843279839,1000.8000000119209,1000.8509804010391,1000.9254902005196,3001.0,159.57257843017578,167.39986572265624,172.36874084472657,176.27642822265625,179.5953369140625,182.7363739013672,185.96763610839844,189.579345703125,194.60308837890625,347.67236328125,210.96451,3.0,test_data/Useful/Validation/sharp sand at 2ft/20241020_172223.jpg,58.0,0.0,63.184766066972905
4,0.0,0.0,0.0,0.0,0.0,0.0,0.0,0.0,0.0,0.0,0.0,0.0,0.0,0.0,0.0,0.0,0.0,0.0,0.0,0.0,0.0,0.0,0.0,0.0,0.0,0.0,0.0,0.0,0.0,0.0,0.0,0.0,0.0,0.0,0.0,0.0,0.0,0.0,0.0,0.0,0.0,0.0,0.0,0.0,0.0,0.0,0.0,0.0,0.0,0.0,0.0,0.0,0.0,0.0,0.0,0.0,0.0,0.0,0.0,0.0,0.0,0.0,0.0,0.0,0.0,0.0,0.0,0.0,0.0,0.0,0.0,0.0,0.0,0.0,0.0,0.0,0.0,0.0,0.0,0.0,0.0,0.0,0.0,0.0,0.0,0.0,0.0,0.0,0.0,0.0,0.0,0.0,0.0,0.0,0.0,0.0,0.0,0.0,0.0,0.0,0.0,1000.5411764979362,1000.611764729023,1000.6588235497475,1000.6980392336845,1000.7254902124405,1000.7607843279839,1000.8039215803146,1000.8588235378265,1000.933333337307,3001.0,159.658447265625,167.34564514160155,172.26299591064452,176.22222900390625,179.58167266845703,182.73818969726562,185.98712158203125,189.599609375,194.61546020507814,347.67254638671875,211.6482,3.0,test_data/Useful/Validation/sharp sand at 2ft/20241020_172224.jpg,60.0,0.0,59.52778754584024
5,0.0,0.0,0.0,0.0,0.0,0.0,0.0,0.0,0.0,0.0,0.0,0.0,0.0,0.0,0.0,0.0,0.0,0.0,0.0,0.0,0.0,0.0,0.0,0.0,0.0,0.0,0.0,0.0,0.0,0.0,0.0,0.0,0.0,0.0,0.0,0.0,0.0,0.0,0.0,0.0,0.0,0.0,0.0,0.0,0.0,0.0,0.0,0.0,0.0,0.0,0.0,0.0,0.0,0.0,0.0,0.0,0.0,0.0,0.0,0.0,0.0,0.0,0.0,0.0,0.0,0.0,0.0,0.0,0.0,0.0,0.0,0.0,0.0,0.0,0.0,0.0,0.0,0.0,0.0,0.0,0.0,0.0,0.0,0.0,0.0,0.0,0.0,0.0,0.0,0.0,0.0,0.0,0.0,0.0,0.0,0.0,0.0,0.0,0.0,0.0,0.0,1000.5490196347237,1000.6196078658104,1000.6627451181412,1000.6980392336845,1000.7294117808342,1000.7647058963776,1000.8039215803146,1000.8549019694328,1000.9294117689133,3001.0,159.50289916992188,167.27830505371094,172.23426818847656,176.05752563476562,179.41456604003906,182.556298828125,185.72540893554688,189.3655548095703,194.41786193847656,347.70599365234375,211.29732,3.0,test_data/Useful/Validation/sharp sand at 2ft/20241020_172225.jpg,53.0,0.0,63.2811854360524
6,0.0,0.0,0.0,0.0,0.0,0.0,0.0,0.0,0.0,0.0,0.0,0.0,0.0,0.0,0.0,0.0,0.0,0.0,0.0,0.0,0.0,0.0,0.0,0.0,0.0,0.0,0.0,0.0,0.0,0.0,0.0,0.0,0.0,0.0,0.0,0.0,0.0,0.0,0.0,0.0,0.0,0.0,0.0,0.0,0.0,0.0,0.0,0.0,0.0,0.0,0.0,0.0,0.0,0.0,0.0,0.0,0.0,0.0,0.0,0.0,0.0,0.0,0.0,0.0,0.0,0.0,0.0,0.0,0.0,0.0,0.0,0.0,0.0,0.0,0.0,0.0,0.0,0.0,0.0,0.0,0.0,0.0,0.0,0.0,0.0,0.0,0.0,0.0,0.0,0.0,0.0,0.0,0.0,0.0,0.0,0.0,0.0,0.0,0.0,0.0,0.0,1000.5411764979362,1000.6156862974167,1000.6588235497475,1000.6980392336845,1000.7254902124405,1000.7607843279839,1000.8000000119209,1000.8549019694328,1000.9254902005196,3000.9803921580315,159.62397155761718,167.38763427734375,172.3666000366211,176.2389404296875,179.58895111083984,182.7753692626953,185.93817291259765,189.51327514648438,194.5357666015625,347.66839599609375,212.69417,3.0,test_data/Useful/Validation/sharp sand at 2ft/20241020_172226.jpg,67.0,0.0,53.77543794436337
7,0.0,0.0,0.0,0.0,0.0,0.0,0.0,0.0,0.0,0.0,0.0,0.0,0.0,0.0,0.0,0.0,0.0,0.0,0.0,0.0,0.0,0.0,0.0,0.0,0.0,0.0,0.0,0.0,0.0,0.0,0.0,0.0,0.0,0.0,0.0,0.0,0.0,0.0,0.0,0.0,0.0,0.0,0.0,0.0,0.0,0.0,0.0,0.0,0.0,0.0,0.0,0.0,0.0,0.0,0.0,0.0,0.0,0.0,0.0,0.0,0.0,0.0,0.0,0.0,0.0,0.0,0.0,0.0,0.0,0.0,0.0,0.0,0.0,0.0,0.0,0.0,0.0,0.0,0.0,0.0,0.0,0.0,0.0,0.0,0.0,0.0,0.0,0.0,0.0,0.0,0.0,0.0,0.0,0.0,0.0,0.0,0.0,0.0,0.0,0.0,0.0,1000.54509806633,1000.6156862974167,1000.6588235497475,1000.6941176652908,1000.7254902124405,1000.7607843279839,1000.8039215803146,1000.8588235378265,1000.933333337307,3000.9960784316063,159.68263092041016,167.4644989013672,172.43010559082032,176.32897338867187,179.70256805419922,182.93585205078125,186.1102294921875,189.65570068359375,194.71640014648438,347.68585205078125,211.28508,3.0,test_data/Useful/Validation/sharp sand at 2ft/20241020_172228.jpg,67.0,0.0,62.10189902642944
8,0.0,0.0,0.0,0.0,0.0,0.0,0.0,0.0,0.0,0.0,0.0,0.0,0.0,0.0,0.0,0.0,0.0,0.0,0.0,0.0,0.0,0.0,0.0,0.0,0.0,0.0,0.0,0.0,0.0,0.0,0.0,0.0,0.0,0.0,0.0,0.0,0.0,0.0,0.0,0.0,0.0,0.0,0.0,0.0,0.0,0.0,0.0,0.0,0.0,0.0,0.0,0.0,0.0,0.0,0.0,0.0,0.0,0.0,0.0,0.0,0.0,0.0,0.0,0.0,0.0,0.0,0.0,0.0,0.0,0.0,0.0,0.0,0.0,0.0,0.0,0.0,0.0,0.0,0.0,0.0,0.0,0.0,0.0,0.0,0.0,0.0,0.0,0.0,0.0,0.0,0.0,0.0,0.0,0.0,0.0,0.0,0.0,0.0,0.0,0.0,0.0,1000.54509806633,1000.6156862974167,1000.6627451181412,1000.6980392336845,1000.7294117808342,1000.7686274647713,1000.8156862854958,1000.8745098114014,1000.9490196108818,3000.9960784316063,159.69805908203125,167.41477966308594,172.28024291992188,176.16407775878906,179.56509399414062,182.7400329589844,185.93412170410156,189.59942626953125,194.588623046875,347.73590087890625,210.69794,3.0,test_data/Useful/Validation/sharp sand at 2ft/20241020_172230.jpg,44.0,0.0,65.02391589650861
9,0.0,0.0,0.0,0.0,0.0,0.0,0.0,0.0,0.0,0.0,0.0,0.0,0.0,0.0,0.0,0.0,0.0,0.0,0.0,0.0,0.0,0.0,0.0,0.0,0.0,0.0,0.0,0.0,0.0,0.0,0.0,0.0,0.0,0.0,0.0,0.0,0.0,0.0,0.0,0.0,0.0,0.0,0.0,0.0,0.0,0.0,0.0,0.0,0.0,0.0,0.0,0.0,0.0,0.0,0.0,0.0,0.0,0.0,0.0,0.0,0.0,0.0,0.0,0.0,0.0,0.0,0.0,0.0,0.0,0.0,0.0,0.0,0.0,0.0,0.0,0.0,0.0,0.0,0.0,0.0,0.0,0.0,0.0,0.0,0.0,0.0,0.0,0.0,0.0,0.0,0.0,0.0,0.0,0.0,0.0,0.0,0.0,0.0,0.0,0.0,0.0,1000.5490196347237,1000.6196078658104,1000.6627451181412,1000.6980392336845,1000.7254902124405,1000.7607843279839,1000.8039215803146,1000.8588235378265,1000.9372549057007,2001.0,159.6806442260742,167.38028564453126,172.29784545898437,176.13037719726563,179.5068130493164,182.6680450439453,185.89459228515625,189.51272583007812,194.5462646484375,347.70233154296875,212.23187,3.0,test_data/Useful/Validation/sharp sand at 2ft/20241020_172231.jpg,75.0,0.0,58.80799766772635
10,0.0,0.0,0.0,0.0,0.0,0.0,0.0,0.0,0.0,0.0,0.0,0.0,0.0,0.0,0.0,0.0,0.0,0.0,0.0,0.0,0.0,0.0,0.0,0.0,0.0,0.0,0.0,0.0,0.0,0.0,0.0,0.0,0.0,0.0,0.0,0.0,0.0,0.0,0.0,0.0,0.0,0.0,0.0,0.0,0.0,0.0,0.0,0.0,0.0,0.0,0.0,0.0,0.0,0.0,0.0,0.0,0.0,0.0,0.0,0.0,0.0,0.0,0.0,0.0,0.0,0.0,0.0,0.0,0.0,0.0,0.0,0.0,0.0,0.0,0.0,0.0,0.0,0.0,0.0,0.0,0.0,0.0,0.0,0.0,0.0,0.0,0.0,0.0,0.0,0.0,0.0,0.0,0.0,0.0,0.0,0.0,0.0,0.0,0.0,0.0,0.0,1000.54509806633,1000.611764729023,1000.6549019813538,1000.6901960968971,1000.7215686440468,1000.7529411911964,1000.7960784435272,1000.8509804010391,1000.9294117689133,2001.0,159.34579315185547,167.0750305175781,172.09373474121094,175.96128845214844,179.34658813476562,182.50894165039062,185.7573699951172,189.433837890625,194.53509521484375,347.66766357421875,214.13255,3.0,test_data/Useful/Validation/sharp sand at 2ft/20241020_172232.jpg,80.0,0.0,66.97139083825961
11,0.0,0.0,0.0,0.0,0.0,0.0,0.0,0.0,0.0,0.0,0.0,0.0,0.0,0.0,0.0,0.0,0.0,0.0,0.0,0.0,0.0,0.0,0.0,0.0,0.0,0.0,0.0,0.0,0.0,0.0,0.0,0.0,0.0,0.0,0.0,0.0,0.0,0.0,0.0,0.0,0.0,0.0,0.0,0.0,0.0,0.0,0.0,0.0,0.0,0.0,0.0,0.0,0.0,0.0,0.0,0.0,0.0,0.0,0.0,0.0,0.0,0.0,0.0,0.0,0.0,0.0,0.0,0.0,0.0,0.0,0.0,0.0,0.0,0.0,0.0,0.0,0.0,0.0,0.0,0.0,0.0,0.0,0.0,0.0,0.0,0.0,0.0,0.0,0.0,0.0,0.0,0.0,0.0,0.0,0.0,0.0,0.0,0.0,0.0,0.0,0.0,1000.5372549295425,1000.6078431606293,1000.6549019813538,1000.6980392336845,1000.7333333492279,1000.772549033165,1000.8196078538895,1000.8784313797951,1000.9529411792755,2001.0,159.4105239868164,167.21788635253907,172.0697265625,175.95638122558594,179.36573028564453,182.50411071777344,185.7439422607422,189.35763549804688,194.51553344726562,347.71502685546875,214.30771,3.0,test_data/Useful/Validation/sharp sand at 2ft/20241020_172233.jpg,91.0,0.0,57.00089811037359
12,0.0,0.0,0.0,0.0,0.0,0.0,0.0,0.0,0.0,0.0,0.0,0.0,0.0,0.0,0.0,0.0,0.0,0.0,0.0,0.0,0.0,0.0,0.0,0.0,0.0,0.0,0.0,0.0,0.0,0.0,0.0,0.0,0.0,0.0,0.0,0.0,0.0,0.0,0.0,0.0,0.0,0.0,0.0,0.0,0.0,0.0,0.0,0.0,0.0,0.0,0.0,0.0,0.0,0.0,0.0,0.0,0.0,0.0,0.0,0.0,0.0,0.0,0.0,0.0,0.0,0.0,0.0,0.0,0.0,0.0,0.0,0.0,0.0,0.0,0.0,0.0,0.0,0.0,0.0,0.0,0.0,0.0,0.0,0.0,0.0,0.0,0.0,0.0,0.0,0.0,0.0,0.0,0.0,0.0,0.0,0.0,0.0,0.0,0.0,0.0,0.0,1000.5568627715111,1000.6274510025978,1000.6705882549286,1000.7098039388657,1000.7411764860153,1000.7803921699524,1000.8235294222832,1000.8823529481888,1000.9568627476692,3001.0,159.47808837890625,167.18911743164062,172.101318359375,176.04764099121093,179.4361114501953,182.55613708496094,185.80096893310545,189.44094848632812,194.6449462890625,347.7909851074219,212.44421,3.0,test_data/Useful/Validation/sharp sand at 2ft/20241020_172234.jpg,65.0,0.0,58.32255971222306
13,0.0,0.0,0.0,0.0,0.0,0.0,0.0,0.0,0.0,0.0,0.0,0.0,0.0,0.0,0.0,0.0,0.0,0.0,0.0,0.0,0.0,0.0,0.0,0.0,0.0,0.0,0.0,0.0,0.0,0.0,0.0,0.0,0.0,0.0,0.0,0.0,0.0,0.0,0.0,0.0,0.0,0.0,0.0,0.0,0.0,0.0,0.0,0.0,0.0,0.0,0.0,0.0,0.0,0.0,0.0,0.0,0.0,0.0,0.0,0.0,0.0,0.0,0.0,0.0,0.0,0.0,0.0,0.0,0.0,0.0,0.0,0.0,0.0,0.0,0.0,0.0,0.0,0.0,0.0,0.0,0.0,0.0,0.0,0.0,0.0,0.0,0.0,0.0,0.0,0.0,0.0,0.0,0.0,0.0,0.0,0.0,0.0,0.0,0.0,0.0,0.0,1000.5764706134796,1000.6431372761726,1000.6862745285034,1000.7215686440468,1000.7529411911964,1000.7882353067398,1000.8313725590706,1000.8901960849762,1000.9607843160629,3001.0,159.71571350097656,167.41822204589843,172.40331115722657,176.25026245117186,179.6387939453125,182.8044891357422,186.04248504638673,189.66643676757812,194.67684936523438,347.86346435546875,210.33511,3.0,test_data/Useful/Validation/sharp sand at 2ft/20241020_172235.jpg,50.0,0.0,53.98969373502818
14,0.0,0.0,0.0,0.0,0.0,0.0,0.0,0.0,0.0,0.0,0.0,0.0,0.0,0.0,0.0,0.0,0.0,0.0,0.0,0.0,0.0,0.0,0.0,0.0,0.0,0.0,0.0,0.0,0.0,0.0,0.0,0.0,0.0,0.0,0.0,0.0,0.0,0.0,0.0,0.0,0.0,0.0,0.0,0.0,0.0,0.0,0.0,0.0,0.0,0.0,0.0,0.0,0.0,0.0,0.0,0.0,0.0,0.0,0.0,0.0,0.0,0.0,0.0,0.0,0.0,0.0,0.0,0.0,0.0,0.0,0.0,0.0,0.0,0.0,0.0,0.0,0.0,0.0,0.0,0.0,0.0,0.0,0.0,0.0,0.0,0.0,0.0,0.0,0.0,0.0,0.0,0.0,0.0,0.0,0.0,0.0,0.0,0.0,0.0,0.0,0.0,1000.5490196347237,1000.6274510025978,1000.6745098233223,1000.7137255072594,1000.7529411911964,1000.7960784435272,1000.8470588326454,1000.905882358551,1000.9764705896378,3001.0,160.00509643554688,167.7407958984375,172.70254821777343,176.5646942138672,179.94859313964844,183.1500244140625,186.34576416015625,189.93841552734375,194.93963623046875,347.8453369140625,210.9069,3.0,test_data/Useful/Validation/sharp sand at 2ft/20241020_172236.jpg,53.0,0.0,58.90182264861456
15,0.0,0.0,0.0,0.0,0.0,0.0,0.0,0.0,0.0,0.0,0.0,0.0,0.0,0.0,0.0,0.0,0.0,0.0,0.0,0.0,0.0,0.0,0.0,0.0,0.0,0.0,0.0,0.0,0.0,0.0,0.0,0.0,0.0,0.0,0.0,0.0,0.0,0.0,0.0,0.0,0.0,0.0,0.0,0.0,0.0,0.0,0.0,0.0,0.0,0.0,0.0,0.0,0.0,0.0,0.0,0.0,0.0,0.0,0.0,0.0,0.0,0.0,0.0,0.0,0.0,0.0,0.0,0.0,0.0,0.0,0.0,0.0,0.0,0.0,0.0,0.0,0.0,0.0,0.0,0.0,0.0,0.0,0.0,0.0,0.0,0.0,0.0,0.0,0.0,0.0,0.0,0.0,0.0,0.0,0.0,0.0,0.0,0.0,0.0,0.0,0.0,1000.5647059082985,1000.6352941393852,1000.6745098233223,1000.7098039388657,1000.7411764860153,1000.7764706015587,1000.8196078538895,1000.8745098114014,1000.9529411792755,3001.0,159.6298370361328,167.33639221191407,172.30167694091796,176.18385314941406,179.5655517578125,182.76300048828125,185.9964141845703,189.5958709716797,194.64007568359375,347.7996826171875,210.90909,3.0,test_data/Useful/Validation/sharp sand at 2ft/20241020_172237(0).jpg,55.0,0.0,56.2311194255527
16,0.0,0.0,0.0,0.0,0.0,0.0,0.0,0.0,0.0,0.0,0.0,0.0,0.0,0.0,0.0,0.0,0.0,0.0,0.0,0.0,0.0,0.0,0.0,0.0,0.0,0.0,0.0,0.0,0.0,0.0,0.0,0.0,0.0,0.0,0.0,0.0,0.0,0.0,0.0,0.0,0.0,0.0,0.0,0.0,0.0,0.0,0.0,0.0,0.0,0.0,0.0,0.0,0.0,0.0,0.0,0.0,0.0,0.0,0.0,0.0,0.0,0.0,0.0,0.0,0.0,0.0,0.0,0.0,0.0,0.0,0.0,0.0,0.0,0.0,0.0,0.0,0.0,0.0,0.0,0.0,0.0,0.0,0.0,0.0,0.0,0.0,0.0,0.0,0.0,0.0,0.0,0.0,0.0,0.0,0.0,0.0,0.0,0.0,0.0,0.0,0.0,1000.6000000238419,1000.6588235497475,1000.7019608020782,1000.7294117808342,1000.7607843279839,1000.7921568751335,1000.8313725590706,1000.8823529481888,1000.9568627476692,2001.0,159.49807739257812,167.23069458007814,172.21417388916015,176.10164794921874,179.492431640625,182.66348571777343,185.9163055419922,189.518310546875,194.54591522216796,347.9305725097656,209.77881,3.0,test_data/Useful/Validation/sharp sand at 2ft/20241020_172306.jpg,45.0,0.0,66.12275835900074
17,0.0,0.0,0.0,0.0,0.0,0.0,0.0,0.0,0.0,0.0,0.0,0.0,0.0,0.0,0.0,0.0,0.0,0.0,0.0,0.0,0.0,0.0,0.0,0.0,0.0,0.0,0.0,0.0,0.0,0.0,0.0,0.0,0.0,0.0,0.0,0.0,0.0,0.0,0.0,0.0,0.0,0.0,0.0,0.0,0.0,0.0,0.0,0.0,0.0,0.0,0.0,0.0,0.0,0.0,0.0,0.0,0.0,0.0,0.0,0.0,0.0,0.0,0.0,0.0,0.0,0.0,0.0,0.0,0.0,0.0,0.0,0.0,0.0,0.0,0.0,0.0,0.0,0.0,0.0,0.0,0.0,0.0,0.0,0.0,0.0,0.0,0.0,0.0,0.0,0.0,0.0,0.0,0.0,0.0,0.0,0.0,0.0,0.0,0.0,18.0,0.0,1000.5764706134796,1000.6431372761726,1000.6862745285034,1000.7137255072594,1000.745098054409,1000.7764706015587,1000.8196078538895,1000.8784313797951,1000.9568627476692,3001.0,159.4781509399414,167.3213317871094,172.20225677490234,176.13691101074218,179.53855895996094,182.7008819580078,185.90121459960938,189.4990692138672,194.58847045898438,347.8315734863281,212.52335,3.0,test_data/Useful/Validation/sharp sand at 2ft/20241020_172307.jpg,68.0,1.0,61.785866858836116
18,0.0,0.0,0.0,0.0,0.0,0.0,0.0,0.0,0.0,0.0,0.0,0.0,0.0,0.0,0.0,0.0,0.0,0.0,0.0,0.0,0.0,0.0,0.0,0.0,0.0,0.0,0.0,0.0,0.0,0.0,0.0,0.0,0.0,0.0,0.0,0.0,0.0,0.0,0.0,0.0,0.0,0.0,0.0,0.0,0.0,0.0,0.0,0.0,0.0,0.0,0.0,0.0,0.0,0.0,0.0,0.0,0.0,0.0,0.0,0.0,0.0,0.0,0.0,0.0,0.0,0.0,0.0,0.0,0.0,0.0,0.0,0.0,0.0,0.0,0.0,0.0,0.0,0.0,0.0,0.0,0.0,0.0,0.0,0.0,0.0,0.0,0.0,0.0,0.0,0.0,0.0,0.0,0.0,0.0,0.0,0.0,0.0,0.0,0.0,12.0,0.0,1000.5725490450859,1000.6392157077789,1000.6823529601097,1000.7137255072594,1000.745098054409,1000.7803921699524,1000.8235294222832,1000.8823529481888,1000.9607843160629,3001.0,159.44070434570312,167.30123901367188,172.2457275390625,176.14976501464844,179.550537109375,182.6805877685547,185.943115234375,189.4998321533203,194.57342529296875,347.83233642578125,213.00026,3.0,test_data/Useful/Validation/sharp sand at 2ft/20241020_172308.jpg,60.0,1.0,64.67637877070025
19,0.0,0.0,0.0,0.0,0.0,0.0,0.0,0.0,0.0,0.0,0.0,0.0,0.0,0.0,0.0,0.0,0.0,0.0,0.0,0.0,0.0,0.0,0.0,0.0,0.0,0.0,0.0,0.0,0.0,0.0,0.0,0.0,0.0,0.0,0.0,0.0,0.0,0.0,0.0,0.0,0.0,0.0,0.0,0.0,0.0,0.0,0.0,0.0,0.0,0.0,0.0,0.0,0.0,0.0,0.0,0.0,0.0,0.0,0.0,0.0,0.0,0.0,0.0,0.0,0.0,0.0,0.0,0.0,0.0,0.0,0.0,0.0,0.0,0.0,0.0,0.0,0.0,0.0,0.0,0.0,0.0,0.0,0.0,0.0,0.0,0.0,0.0,0.0,0.0,0.0,0.0,0.0,0.0,0.0,0.0,0.0,0.0,0.0,0.0,0.0,0.0,1000.5764706134796,1000.6470588445663,1000.6901960968971,1000.7215686440468,1000.7529411911964,1000.7882353067398,1000.8274509906769,1000.8862745165825,1000.9647058844566,3000.949019610882,159.4552261352539,167.23999938964843,172.16393585205077,176.09190368652344,179.46857452392578,182.61797485351562,185.84457397460938,189.46274108886718,194.49850463867188,347.856201171875,213.64682,3.0,test_data/Useful/Validation/sharp sand at 2ft/20241020_172309.jpg,67.0,0.0,65.53729076420936
20,0.0,0.0,0.0,0.0,0.0,0.0,0.0,0.0,0.0,0.0,0.0,0.0,0.0,0.0,0.0,0.0,0.0,0.0,0.0,0.0,0.0,0.0,0.0,0.0,0.0,0.0,0.0,0.0,0.0,0.0,0.0,0.0,0.0,0.0,0.0,0.0,0.0,0.0,0.0,0.0,0.0,0.0,0.0,0.0,0.0,0.0,0.0,0.0,0.0,0.0,0.0,0.0,0.0,0.0,0.0,0.0,0.0,0.0,0.0,0.0,0.0,0.0,0.0,0.0,0.0,0.0,0.0,0.0,0.0,0.0,0.0,0.0,0.0,0.0,0.0,0.0,0.0,0.0,0.0,0.0,0.0,0.0,0.0,0.0,0.0,0.0,0.0,0.0,0.0,0.0,0.0,0.0,0.0,0.0,0.0,0.0,0.0,0.0,0.0,0.0,0.0,1000.5725490450859,1000.6431372761726,1000.6862745285034,1000.7176470756531,1000.7490196228027,1000.7843137383461,1000.8235294222832,1000.8745098114014,1000.9490196108818,3001.0,159.16815185546875,167.02468872070312,171.96719360351562,175.8683624267578,179.2526397705078,182.4436798095703,185.66268920898438,189.27621459960938,194.3428741455078,347.84088134765625,210.72238,3.0,test_data/Useful/Validation/sharp sand at 2ft/20241020_172310(0).jpg,69.0,0.0,56.67268472784524
21,0.0,0.0,0.0,0.0,0.0,0.0,0.0,0.0,0.0,0.0,0.0,0.0,0.0,0.0,0.0,0.0,0.0,0.0,0.0,0.0,0.0,0.0,0.0,0.0,0.0,0.0,0.0,0.0,0.0,0.0,0.0,0.0,0.0,0.0,0.0,0.0,0.0,0.0,0.0,0.0,0.0,0.0,0.0,0.0,0.0,0.0,0.0,0.0,0.0,0.0,0.0,0.0,0.0,0.0,0.0,0.0,0.0,0.0,0.0,0.0,0.0,0.0,0.0,0.0,0.0,0.0,0.0,0.0,0.0,0.0,0.0,0.0,0.0,0.0,0.0,0.0,0.0,0.0,0.0,0.0,0.0,0.0,0.0,0.0,0.0,0.0,0.0,0.0,0.0,0.0,0.0,0.0,0.0,0.0,0.0,0.0,0.0,0.0,0.0,0.0,0.0,1000.5725490450859,1000.6392157077789,1000.6823529601097,1000.7137255072594,1000.7411764860153,1000.772549033165,1000.811764717102,1000.866666674614,1000.9450980424881,3001.0,159.39857482910156,167.1644287109375,172.11763610839844,176.02902221679688,179.42292022705078,182.6003631591797,185.7495086669922,189.3614959716797,194.37997436523438,347.80206298828125,213.3864,3.0,test_data/Useful/Validation/sharp sand at 2ft/20241020_172310.jpg,72.0,0.0,55.39424517109592
22,0.0,0.0,0.0,0.0,0.0,0.0,0.0,0.0,0.0,0.0,0.0,0.0,0.0,0.0,0.0,0.0,0.0,0.0,0.0,0.0,0.0,0.0,0.0,0.0,0.0,0.0,0.0,0.0,0.0,0.0,0.0,0.0,0.0,0.0,0.0,0.0,0.0,0.0,0.0,0.0,0.0,0.0,0.0,0.0,0.0,0.0,0.0,0.0,0.0,0.0,0.0,0.0,0.0,0.0,0.0,0.0,0.0,0.0,0.0,0.0,0.0,0.0,0.0,0.0,0.0,0.0,0.0,0.0,0.0,0.0,0.0,0.0,0.0,0.0,0.0,0.0,0.0,0.0,0.0,0.0,0.0,0.0,0.0,0.0,0.0,0.0,0.0,0.0,0.0,0.0,0.0,0.0,0.0,0.0,0.0,0.0,0.0,0.0,0.0,0.0,0.0,1000.584313750267,1000.65098041296,1000.6941176652908,1000.7254902124405,1000.7568627595901,1000.7921568751335,1000.8313725590706,1000.8823529481888,1000.9529411792755,3001.0,159.376025390625,167.1294677734375,172.0249786376953,175.9354675292969,179.34406280517578,182.44205017089843,185.68466186523438,189.29690551757812,194.3522491455078,347.8842468261719,211.62642,3.0,test_data/Useful/Validation/sharp sand at 2ft/20241020_172311.jpg,65.0,0.0,64.97372957495826
23,0.0,0.0,0.0,0.0,0.0,0.0,0.0,0.0,0.0,0.0,0.0,0.0,0.0,0.0,0.0,0.0,0.0,0.0,0.0,0.0,0.0,0.0,0.0,0.0,0.0,0.0,0.0,0.0,0.0,0.0,0.0,0.0,0.0,0.0,0.0,0.0,0.0,0.0,0.0,0.0,0.0,0.0,0.0,0.0,0.0,0.0,0.0,0.0,0.0,0.0,0.0,0.0,0.0,0.0,0.0,0.0,0.0,0.0,0.0,0.0,0.0,0.0,0.0,0.0,0.0,0.0,0.0,0.0,0.0,0.0,0.0,0.0,0.0,0.0,0.0,0.0,0.0,0.0,0.0,0.0,0.0,0.0,0.0,0.0,0.0,0.0,0.0,0.0,0.0,0.0,0.0,0.0,0.0,0.0,0.0,0.0,0.0,0.0,0.0,0.0,0.0,1000.6000000238419,1000.6666666865349,1000.7098039388657,1000.745098054409,1000.7803921699524,1000.8196078538895,1000.8627451062202,1000.9176470637321,1000.9843137264252,3001.0,159.73685455322266,167.46883544921874,172.43912353515626,176.2841064453125,179.67618560791016,182.82167053222656,186.031982421875,189.6416015625,194.5219268798828,348.0143737792969,209.75809,3.0,test_data/Useful/Validation/sharp sand at 2ft/20241020_172315(0).jpg,36.0,0.0,57.27191937837743
24,0.0,0.0,0.0,0.0,0.0,0.0,0.0,0.0,0.0,0.0,0.0,0.0,0.0,0.0,0.0,0.0,0.0,0.0,0.0,0.0,0.0,0.0,0.0,0.0,0.0,0.0,0.0,0.0,0.0,0.0,0.0,0.0,0.0,0.0,0.0,0.0,0.0,0.0,0.0,0.0,0.0,0.0,0.0,0.0,0.0,0.0,0.0,0.0,0.0,0.0,0.0,0.0,0.0,0.0,0.0,0.0,0.0,0.0,0.0,0.0,0.0,0.0,0.0,0.0,0.0,0.0,0.0,0.0,0.0,0.0,0.0,0.0,0.0,0.0,0.0,0.0,0.0,0.0,0.0,0.0,0.0,0.0,0.0,0.0,0.0,0.0,0.0,0.0,0.0,0.0,0.0,0.0,0.0,0.0,0.0,0.0,0.0,0.0,0.0,0.0,0.0,1000.6156862974167,1000.678431391716,1000.7176470756531,1000.7529411911964,1000.7803921699524,1000.811764717102,1000.8509804010391,1000.9019607901573,1000.9686274528503,3001.0,159.39877319335938,167.1348876953125,172.02957153320312,175.94869995117188,179.33509826660156,182.51901245117188,185.73626708984375,189.3518798828125,194.35467681884765,348.018798828125,210.44217,3.0,test_data/Useful/Validation/sharp sand at 2ft/20241020_172315.jpg,47.0,0.0,61.141636620393484
25,0.0,0.0,0.0,0.0,0.0,0.0,0.0,0.0,0.0,0.0,0.0,0.0,0.0,0.0,0.0,0.0,0.0,0.0,0.0,0.0,0.0,0.0,0.0,0.0,0.0,0.0,0.0,0.0,0.0,0.0,0.0,0.0,0.0,0.0,0.0,0.0,0.0,0.0,0.0,0.0,0.0,0.0,0.0,0.0,0.0,0.0,0.0,0.0,0.0,0.0,0.0,0.0,0.0,0.0,0.0,0.0,0.0,0.0,0.0,0.0,0.0,0.0,0.0,0.0,0.0,0.0,0.0,0.0,0.0,0.0,0.0,0.0,0.0,0.0,0.0,0.0,0.0,0.0,0.0,0.0,0.0,0.0,0.0,0.0,0.0,0.0,0.0,0.0,0.0,0.0,0.0,0.0,0.0,0.0,0.0,0.0,0.0,0.0,0.0,0.0,0.0,1000.65098041296,1000.705882370472,1000.745098054409,1000.772549033165,1000.8000000119209,1000.8235294222832,1000.8470588326454,1000.8823529481888,1000.933333337307,3000.949019610882,158.5559555053711,166.2991180419922,171.21229095458983,175.0305938720703,178.43736267089844,181.6077880859375,184.85520935058594,188.47232055664062,193.61679077148438,348.09912109375,213.7846,3.0,test_data/Useful/Validation/sharp sand at 2ft/20241020_172340_001.jpg,50.0,0.0,58.60124643305993
26,0.0,0.0,0.0,0.0,0.0,0.0,0.0,0.0,0.0,0.0,0.0,0.0,0.0,0.0,0.0,0.0,0.0,0.0,0.0,0.0,0.0,0.0,0.0,0.0,0.0,0.0,0.0,0.0,0.0,0.0,0.0,0.0,0.0,0.0,0.0,0.0,0.0,0.0,0.0,0.0,0.0,0.0,0.0,0.0,0.0,0.0,0.0,0.0,0.0,0.0,0.0,0.0,0.0,0.0,0.0,0.0,0.0,0.0,0.0,0.0,0.0,0.0,0.0,0.0,0.0,0.0,0.0,0.0,0.0,0.0,0.0,0.0,0.0,0.0,0.0,0.0,0.0,0.0,0.0,0.0,0.0,0.0,0.0,0.0,0.0,0.0,0.0,0.0,0.0,0.0,0.0,0.0,0.0,0.0,0.0,0.0,0.0,0.0,0.0,0.0,0.0,1000.65098041296,1000.705882370472,1000.745098054409,1000.772549033165,1000.8000000119209,1000.8235294222832,1000.8470588326454,1000.8823529481888,1000.933333337307,3000.407843142748,158.57012939453125,166.32858276367188,171.20281982421875,175.0896453857422,178.4136199951172,181.622705078125,184.88936767578124,188.4670837402344,193.5974334716797,348.09649658203125,213.87659,3.0,test_data/Useful/Validation/sharp sand at 2ft/20241020_172340_002.jpg,48.0,0.0,60.31524395468311
27,0.0,0.0,0.0,0.0,0.0,0.0,0.0,0.0,0.0,0.0,0.0,0.0,0.0,0.0,0.0,0.0,0.0,0.0,0.0,0.0,0.0,0.0,0.0,0.0,0.0,0.0,0.0,0.0,0.0,0.0,0.0,0.0,0.0,0.0,0.0,0.0,0.0,0.0,0.0,0.0,0.0,0.0,0.0,0.0,0.0,0.0,0.0,0.0,0.0,0.0,0.0,0.0,0.0,0.0,0.0,0.0,0.0,0.0,0.0,0.0,0.0,0.0,0.0,0.0,0.0,0.0,0.0,0.0,0.0,0.0,0.0,0.0,0.0,0.0,0.0,0.0,0.0,0.0,0.0,0.0,0.0,0.0,0.0,0.0,0.0,0.0,0.0,0.0,0.0,0.0,0.0,0.0,0.0,0.0,0.0,0.0,0.0,0.0,0.0,0.0,0.0,1000.6470588445663,1000.705882370472,1000.7411764860153,1000.772549033165,1000.8000000119209,1000.8235294222832,1000.8509804010391,1000.8823529481888,1000.933333337307,3000.3490196168423,158.6374053955078,166.33705139160156,171.23890686035156,175.03356018066407,178.46388244628906,181.6025604248047,184.85895843505858,188.42860107421876,193.51355590820313,348.1026611328125,213.78378,3.0,test_data/Useful/Validation/sharp sand at 2ft/20241020_172340_003.jpg,58.0,0.0,58.71668725646276
28,0.0,0.0,0.0,0.0,0.0,0.0,0.0,0.0,0.0,0.0,0.0,0.0,0.0,0.0,0.0,0.0,0.0,0.0,0.0,0.0,0.0,0.0,0.0,0.0,0.0,0.0,0.0,0.0,0.0,0.0,0.0,0.0,0.0,0.0,0.0,0.0,0.0,0.0,0.0,0.0,0.0,0.0,0.0,0.0,0.0,0.0,0.0,0.0,0.0,0.0,0.0,0.0,0.0,0.0,0.0,0.0,0.0,0.0,0.0,0.0,0.0,0.0,0.0,0.0,0.0,0.0,0.0,0.0,0.0,0.0,0.0,0.0,0.0,0.0,0.0,0.0,0.0,0.0,0.0,0.0,0.0,0.0,0.0,0.0,0.0,0.0,0.0,0.0,0.0,0.0,0.0,0.0,0.0,0.0,0.0,0.0,0.0,0.0,0.0,0.0,0.0,1000.6431372761726,1000.7019608020782,1000.7411764860153,1000.772549033165,1000.8000000119209,1000.8235294222832,1000.8509804010391,1000.8862745165825,1000.9372549057007,3000.9803921580315,158.4600067138672,166.07611083984375,171.0737762451172,175.00794982910156,178.3422088623047,181.5210723876953,184.7647705078125,188.4108123779297,193.57606506347656,348.10113525390625,213.54918,3.0,test_data/Useful/Validation/sharp sand at 2ft/20241020_172340_004.jpg,48.0,0.0,61.30246716904814
29,0.0,0.0,0.0,0.0,0.0,0.0,0.0,0.0,0.0,0.0,0.0,0.0,0.0,0.0,0.0,0.0,0.0,0.0,0.0,0.0,0.0,0.0,0.0,0.0,0.0,0.0,0.0,0.0,0.0,0.0,0.0,0.0,0.0,0.0,0.0,0.0,0.0,0.0,0.0,0.0,0.0,0.0,0.0,0.0,0.0,0.0,0.0,0.0,0.0,0.0,0.0,0.0,0.0,0.0,0.0,0.0,0.0,0.0,0.0,0.0,0.0,0.0,0.0,0.0,0.0,0.0,0.0,0.0,0.0,0.0,0.0,0.0,0.0,0.0,0.0,0.0,0.0,0.0,0.0,0.0,0.0,0.0,0.0,0.0,0.0,0.0,0.0,0.0,0.0,0.0,0.0,0.0,0.0,0.0,0.0,0.0,0.0,0.0,0.0,0.0,0.0,1000.6431372761726,1000.7019608020782,1000.7411764860153,1000.772549033165,1000.8000000119209,1000.8235294222832,1000.8509804010391,1000.8862745165825,1000.9372549057007,3000.5882353186607,158.34633026123046,166.0732879638672,171.015771484375,174.8885986328125,178.2693862915039,181.4351837158203,184.6613037109375,188.32858276367188,193.4425506591797,348.0987243652344,214.16074,3.0,test_data/Useful/Validation/sharp sand at 2ft/20241020_172340_005.jpg,51.0,0.0,58.33317952297955
30,0.0,0.0,0.0,0.0,0.0,0.0,0.0,0.0,0.0,0.0,0.0,0.0,0.0,0.0,0.0,0.0,0.0,0.0,0.0,0.0,0.0,0.0,0.0,0.0,0.0,0.0,0.0,0.0,0.0,0.0,0.0,0.0,0.0,0.0,0.0,0.0,0.0,0.0,0.0,0.0,0.0,0.0,0.0,0.0,0.0,0.0,0.0,0.0,0.0,0.0,0.0,0.0,0.0,0.0,0.0,0.0,0.0,0.0,0.0,0.0,0.0,0.0,0.0,0.0,0.0,0.0,0.0,0.0,0.0,0.0,0.0,0.0,0.0,0.0,0.0,0.0,0.0,0.0,0.0,0.0,0.0,0.0,0.0,0.0,0.0,0.0,0.0,0.0,0.0,0.0,0.0,0.0,0.0,0.0,0.0,0.0,0.0,0.0,0.0,0.0,0.0,1000.6470588445663,1000.705882370472,1000.7411764860153,1000.772549033165,1000.8000000119209,1000.8235294222832,1000.8509804010391,1000.8823529481888,1000.933333337307,3000.470588237047,158.17446899414062,165.83501281738282,170.8224334716797,174.7484375,178.11647033691406,181.32972717285156,184.57435913085936,188.19036560058595,193.32547302246093,348.0901794433594,213.98018,3.0,test_data/Useful/Validation/sharp sand at 2ft/20241020_172340_009.jpg,41.0,0.0,62.58589843976377
31,0.0,0.0,0.0,0.0,0.0,0.0,0.0,0.0,0.0,0.0,0.0,0.0,0.0,0.0,0.0,0.0,0.0,0.0,0.0,0.0,0.0,0.0,0.0,0.0,0.0,0.0,0.0,0.0,0.0,0.0,0.0,0.0,0.0,0.0,0.0,0.0,0.0,0.0,0.0,0.0,0.0,0.0,0.0,0.0,0.0,0.0,0.0,0.0,0.0,0.0,0.0,0.0,0.0,0.0,0.0,0.0,0.0,0.0,0.0,0.0,0.0,0.0,0.0,0.0,0.0,0.0,0.0,0.0,0.0,0.0,0.0,0.0,0.0,0.0,0.0,0.0,0.0,0.0,0.0,0.0,0.0,0.0,0.0,0.0,0.0,0.0,0.0,0.0,0.0,0.0,0.0,0.0,0.0,0.0,0.0,0.0,0.0,0.0,0.0,0.0,0.0,1000.65098041296,1000.705882370472,1000.7411764860153,1000.772549033165,1000.7960784435272,1000.8235294222832,1000.8509804010391,1000.8823529481888,1000.933333337307,3000.9921568632126,158.28936004638672,165.9544647216797,170.91073608398438,174.7613525390625,178.11822509765625,181.30551147460938,184.5384979248047,188.119873046875,193.26107788085938,348.09527587890625,214.17021,3.0,test_data/Useful/Validation/sharp sand at 2ft/20241020_172340_010.jpg,51.0,0.0,57.74772276434783
32,0.0,0.0,0.0,0.0,0.0,0.0,0.0,0.0,0.0,0.0,0.0,0.0,0.0,0.0,0.0,0.0,0.0,0.0,0.0,0.0,0.0,0.0,0.0,0.0,0.0,0.0,0.0,0.0,0.0,0.0,0.0,0.0,0.0,0.0,0.0,0.0,0.0,0.0,0.0,0.0,0.0,0.0,0.0,0.0,0.0,0.0,0.0,0.0,0.0,0.0,0.0,0.0,0.0,0.0,0.0,0.0,0.0,0.0,0.0,0.0,0.0,0.0,0.0,0.0,0.0,0.0,0.0,0.0,0.0,0.0,0.0,0.0,0.0,0.0,0.0,0.0,0.0,0.0,0.0,0.0,0.0,0.0,0.0,0.0,0.0,0.0,0.0,0.0,0.0,0.0,0.0,0.0,0.0,0.0,0.0,0.0,0.0,0.0,0.0,0.0,0.0,1000.65098041296,1000.705882370472,1000.7411764860153,1000.7686274647713,1000.7960784435272,1000.8235294222832,1000.8470588326454,1000.8784313797951,1000.9294117689133,3000.4000000059605,158.0336669921875,165.7711608886719,170.70416717529298,174.56824645996093,177.968505859375,181.1845275878906,184.4191162109375,188.03138732910156,193.13687438964845,348.10296630859375,214.01553,3.0,test_data/Useful/Validation/sharp sand at 2ft/20241020_172340_011.jpg,52.0,0.0,62.809137099339466
33,0.0,0.0,0.0,0.0,0.0,0.0,0.0,0.0,0.0,0.0,0.0,0.0,0.0,0.0,0.0,0.0,0.0,0.0,0.0,0.0,0.0,0.0,0.0,0.0,0.0,0.0,0.0,0.0,0.0,0.0,0.0,0.0,0.0,0.0,0.0,0.0,0.0,0.0,0.0,0.0,0.0,0.0,0.0,0.0,0.0,0.0,0.0,0.0,0.0,0.0,0.0,0.0,0.0,0.0,0.0,0.0,0.0,0.0,0.0,0.0,0.0,0.0,0.0,0.0,0.0,0.0,0.0,0.0,0.0,0.0,0.0,0.0,0.0,0.0,0.0,0.0,0.0,0.0,0.0,0.0,0.0,0.0,0.0,0.0,0.0,0.0,0.0,0.0,0.0,0.0,0.0,0.0,0.0,0.0,0.0,0.0,0.0,0.0,0.0,0.0,0.0,1000.6470588445663,1000.705882370472,1000.7411764860153,1000.7686274647713,1000.7960784435272,1000.8235294222832,1000.8509804010391,1000.8823529481888,1000.9294117689133,3000.4509803950787,157.9709686279297,165.73983154296874,170.63535766601564,174.57093811035156,177.97484588623047,181.1560821533203,184.40280456542968,188.04342346191407,193.16791839599608,348.095947265625,214.15271,3.0,test_data/Useful/Validation/sharp sand at 2ft/20241020_172340_012.jpg,50.0,0.0,56.06356831759263
34,0.0,0.0,0.0,0.0,0.0,0.0,0.0,0.0,0.0,0.0,0.0,0.0,0.0,0.0,0.0,0.0,0.0,0.0,0.0,0.0,0.0,0.0,0.0,0.0,0.0,0.0,0.0,0.0,0.0,0.0,0.0,0.0,0.0,0.0,0.0,0.0,0.0,0.0,0.0,0.0,0.0,0.0,0.0,0.0,0.0,0.0,0.0,0.0,0.0,0.0,0.0,0.0,0.0,0.0,0.0,0.0,0.0,0.0,0.0,0.0,0.0,0.0,0.0,0.0,0.0,0.0,0.0,0.0,0.0,0.0,0.0,0.0,0.0,0.0,0.0,0.0,0.0,0.0,0.0,0.0,0.0,0.0,0.0,0.0,0.0,0.0,0.0,0.0,0.0,0.0,0.0,0.0,0.0,0.0,0.0,0.0,0.0,0.0,0.0,0.0,0.0,1000.6549019813538,1000.705882370472,1000.7411764860153,1000.772549033165,1000.7960784435272,1000.8235294222832,1000.8470588326454,1000.8784313797951,1000.9294117689133,3001.0,158.0919937133789,165.84624938964845,170.73660278320312,174.61790466308594,177.9467010498047,181.13877868652344,184.33084106445312,187.9388854980469,193.10346069335938,348.09844970703125,213.66776,3.0,test_data/Useful/Validation/sharp sand at 2ft/20241020_172340_013.jpg,45.0,0.0,58.5814072474535
35,0.0,0.0,0.0,0.0,0.0,0.0,0.0,0.0,0.0,0.0,0.0,0.0,0.0,0.0,0.0,0.0,0.0,0.0,0.0,0.0,0.0,0.0,0.0,0.0,0.0,0.0,0.0,0.0,0.0,0.0,0.0,0.0,0.0,0.0,0.0,0.0,0.0,0.0,0.0,0.0,0.0,0.0,0.0,0.0,0.0,0.0,0.0,0.0,0.0,0.0,0.0,0.0,0.0,0.0,0.0,0.0,0.0,0.0,0.0,0.0,0.0,0.0,0.0,0.0,0.0,0.0,0.0,0.0,0.0,0.0,0.0,0.0,0.0,0.0,0.0,0.0,0.0,0.0,0.0,0.0,0.0,0.0,0.0,0.0,0.0,0.0,0.0,0.0,0.0,0.0,0.0,0.0,0.0,0.0,0.0,0.0,0.0,0.0,0.0,0.0,0.0,1000.6588235497475,1000.7098039388657,1000.745098054409,1000.772549033165,1000.7960784435272,1000.8196078538895,1000.8470588326454,1000.8784313797951,1000.9254902005196,2001.0,158.04787902832032,165.76565246582032,170.7052001953125,174.61173095703126,177.95364379882812,181.12063903808593,184.3509262084961,187.97921752929688,193.1385040283203,348.1053161621094,214.01685,3.0,test_data/Useful/Validation/sharp sand at 2ft/20241020_172340_014.jpg,47.0,0.0,57.0683265800569
36,0.0,0.0,0.0,0.0,0.0,0.0,0.0,0.0,0.0,0.0,0.0,0.0,0.0,0.0,0.0,0.0,0.0,0.0,0.0,0.0,0.0,0.0,0.0,0.0,0.0,0.0,0.0,0.0,0.0,0.0,0.0,0.0,0.0,0.0,0.0,0.0,0.0,0.0,0.0,0.0,0.0,0.0,0.0,0.0,0.0,0.0,0.0,0.0,0.0,0.0,0.0,0.0,0.0,0.0,0.0,0.0,0.0,0.0,0.0,0.0,0.0,0.0,0.0,0.0,0.0,0.0,0.0,0.0,0.0,0.0,0.0,0.0,0.0,0.0,0.0,0.0,0.0,0.0,0.0,0.0,0.0,0.0,0.0,0.0,0.0,0.0,0.0,0.0,0.0,0.0,0.0,0.0,0.0,0.0,0.0,0.0,0.0,0.0,0.0,0.0,0.0,1000.6588235497475,1000.7098039388657,1000.745098054409,1000.772549033165,1000.7960784435272,1000.8196078538895,1000.8470588326454,1000.8784313797951,1000.9254902005196,3000.470588237047,158.1754608154297,165.83091735839844,170.70005798339844,174.57607421875,177.95313262939453,181.129296875,184.36801300048828,187.95472412109376,193.09100036621095,348.106201171875,214.18501,3.0,test_data/Useful/Validation/sharp sand at 2ft/20241020_172340_015.jpg,48.0,0.0,60.8022215481674
37,0.0,0.0,0.0,0.0,0.0,0.0,0.0,0.0,0.0,0.0,0.0,0.0,0.0,0.0,0.0,0.0,0.0,0.0,0.0,0.0,0.0,0.0,0.0,0.0,0.0,0.0,0.0,0.0,0.0,0.0,0.0,0.0,0.0,0.0,0.0,0.0,0.0,0.0,0.0,0.0,0.0,0.0,0.0,0.0,0.0,0.0,0.0,0.0,0.0,0.0,0.0,0.0,0.0,0.0,0.0,0.0,0.0,0.0,0.0,0.0,0.0,0.0,0.0,0.0,0.0,0.0,0.0,0.0,0.0,0.0,0.0,0.0,0.0,0.0,0.0,0.0,0.0,0.0,0.0,0.0,0.0,0.0,0.0,0.0,0.0,0.0,0.0,0.0,0.0,0.0,0.0,0.0,0.0,0.0,0.0,0.0,0.0,0.0,0.0,15.0,0.0,1000.6588235497475,1000.7098039388657,1000.745098054409,1000.772549033165,1000.7960784435272,1000.8235294222832,1000.8470588326454,1000.8784313797951,1000.9254902005196,2001.0,157.85479736328125,165.61431884765625,170.52569580078125,174.40692138671875,177.79864501953125,180.9984588623047,184.24832153320312,187.89772033691406,193.0748291015625,348.1182556152344,214.9372,3.0,test_data/Useful/Validation/sharp sand at 2ft/20241020_172340_019.jpg,53.0,1.0,58.29464863310156
38,0.0,0.0,0.0,0.0,0.0,0.0,0.0,0.0,0.0,0.0,0.0,0.0,0.0,0.0,0.0,0.0,0.0,0.0,0.0,0.0,0.0,0.0,0.0,0.0,0.0,0.0,0.0,0.0,0.0,0.0,0.0,0.0,0.0,0.0,0.0,0.0,0.0,0.0,0.0,0.0,0.0,0.0,0.0,0.0,0.0,0.0,0.0,0.0,0.0,0.0,0.0,0.0,0.0,0.0,0.0,0.0,0.0,0.0,0.0,0.0,0.0,0.0,0.0,0.0,0.0,0.0,0.0,0.0,0.0,0.0,0.0,0.0,0.0,0.0,0.0,0.0,0.0,0.0,0.0,0.0,0.0,0.0,0.0,0.0,0.0,0.0,0.0,0.0,0.0,0.0,0.0,0.0,0.0,0.0,0.0,0.0,0.0,0.0,0.0,16.0,0.0,1000.6705882549286,1000.7176470756531,1000.7490196228027,1000.772549033165,1000.7960784435272,1000.8196078538895,1000.8431372642517,1000.8745098114014,1000.9137254953384,2001.0,157.33067321777344,165.1234588623047,170.07666015625,173.92184448242188,177.32559204101562,180.5267333984375,183.75137329101562,187.4262237548828,192.67422485351562,348.1321716308594,215.2584,3.0,test_data/Useful/Validation/sharp sand at 2ft/20241020_172340_020.jpg,48.0,1.0,61.839015279942146
39,0.0,0.0,0.0,0.0,0.0,0.0,0.0,0.0,0.0,0.0,0.0,0.0,0.0,0.0,0.0,0.0,0.0,0.0,0.0,0.0,0.0,0.0,0.0,0.0,0.0,0.0,0.0,0.0,0.0,0.0,0.0,0.0,0.0,0.0,0.0,0.0,0.0,0.0,0.0,0.0,0.0,0.0,0.0,0.0,0.0,0.0,0.0,0.0,0.0,0.0,0.0,0.0,0.0,0.0,0.0,0.0,0.0,0.0,0.0,0.0,0.0,0.0,0.0,0.0,0.0,0.0,0.0,0.0,0.0,0.0,0.0,0.0,0.0,0.0,0.0,0.0,0.0,0.0,0.0,0.0,0.0,0.0,0.0,0.0,0.0,0.0,0.0,0.0,0.0,0.0,0.0,0.0,0.0,0.0,0.0,0.0,0.0,0.0,0.0,15.0,0.0,1000.678431391716,1000.7215686440468,1000.7490196228027,1000.772549033165,1000.7960784435272,1000.8196078538895,1000.8431372642517,1000.866666674614,1000.905882358551,2001.0,157.04039611816407,164.74441528320312,169.7392578125,173.66864013671875,177.03751373291016,180.25899963378907,183.47743377685546,187.13175048828126,192.4058090209961,348.1416320800781,215.5519,3.0,test_data/Useful/Validation/sharp sand at 2ft/20241020_172340_021.jpg,57.0,2.0,60.80863545506591
40,0.0,0.0,0.0,0.0,0.0,0.0,0.0,0.0,0.0,0.0,0.0,0.0,0.0,0.0,0.0,0.0,0.0,0.0,0.0,0.0,0.0,0.0,0.0,0.0,0.0,0.0,0.0,0.0,0.0,0.0,0.0,0.0,0.0,0.0,0.0,0.0,0.0,0.0,0.0,0.0,0.0,0.0,0.0,0.0,0.0,0.0,0.0,0.0,0.0,0.0,0.0,0.0,0.0,0.0,0.0,0.0,0.0,0.0,0.0,0.0,0.0,0.0,0.0,0.0,0.0,0.0,0.0,0.0,0.0,0.0,0.0,0.0,0.0,0.0,0.0,0.0,0.0,0.0,0.0,0.0,0.0,0.0,0.0,0.0,0.0,0.0,0.0,0.0,0.0,0.0,0.0,0.0,0.0,0.0,0.0,0.0,0.0,0.0,0.0,11.0,0.0,1000.678431391716,1000.7215686440468,1000.7490196228027,1000.772549033165,1000.7960784435272,1000.8156862854958,1000.839215695858,1000.866666674614,1000.905882358551,2001.0,156.97516632080078,164.69616088867187,169.64048767089844,173.5256805419922,176.89491271972656,180.08905029296875,183.36708068847656,187.0155487060547,192.18378295898438,348.13507080078125,215.60254,3.0,test_data/Useful/Validation/sharp sand at 2ft/20241020_172340_022.jpg,40.0,1.0,57.219325794147146
41,0.0,0.0,0.0,0.0,0.0,0.0,0.0,0.0,0.0,0.0,0.0,0.0,0.0,0.0,0.0,0.0,0.0,0.0,0.0,0.0,0.0,0.0,0.0,0.0,0.0,0.0,0.0,0.0,0.0,0.0,0.0,0.0,0.0,0.0,0.0,0.0,0.0,0.0,0.0,0.0,0.0,0.0,0.0,0.0,0.0,0.0,0.0,0.0,0.0,0.0,0.0,0.0,0.0,0.0,0.0,0.0,0.0,0.0,0.0,0.0,0.0,0.0,0.0,0.0,0.0,0.0,0.0,0.0,0.0,0.0,0.0,0.0,0.0,0.0,0.0,0.0,0.0,0.0,0.0,0.0,0.0,0.0,0.0,0.0,0.0,0.0,0.0,0.0,0.0,0.0,0.0,0.0,0.0,0.0,0.0,0.0,0.0,0.0,0.0,15.0,0.0,1000.678431391716,1000.7215686440468,1000.7490196228027,1000.772549033165,1000.7960784435272,1000.8156862854958,1000.839215695858,1000.866666674614,1000.905882358551,2001.0,156.86559143066407,164.59640502929688,169.5252685546875,173.44088745117188,176.8051300048828,180.01710510253906,183.236083984375,186.90545654296875,192.15719604492188,348.1286315917969,214.84795,3.0,test_data/Useful/Validation/sharp sand at 2ft/20241020_172340_023.jpg,40.0,1.0,58.303704656935764
42,0.0,0.0,0.0,0.0,0.0,0.0,0.0,0.0,0.0,0.0,0.0,0.0,0.0,0.0,0.0,0.0,0.0,0.0,0.0,0.0,0.0,0.0,0.0,0.0,0.0,0.0,0.0,0.0,0.0,0.0,0.0,0.0,0.0,0.0,0.0,0.0,0.0,0.0,0.0,0.0,0.0,0.0,0.0,0.0,0.0,0.0,0.0,0.0,0.0,0.0,0.0,0.0,0.0,0.0,0.0,0.0,0.0,0.0,0.0,0.0,0.0,0.0,0.0,0.0,0.0,0.0,0.0,0.0,0.0,0.0,0.0,0.0,0.0,0.0,0.0,0.0,0.0,0.0,0.0,0.0,0.0,0.0,0.0,0.0,0.0,0.0,0.0,0.0,0.0,0.0,0.0,0.0,0.0,0.0,0.0,0.0,0.0,0.0,0.0,0.0,0.0,1000.678431391716,1000.7215686440468,1000.7490196228027,1000.772549033165,1000.7960784435272,1000.8156862854958,1000.839215695858,1000.866666674614,1000.905882358551,2001.0,156.75125427246093,164.5347900390625,169.5194061279297,173.42530212402343,176.82156372070312,180.01614379882812,183.25162811279296,186.89678344726562,192.09479064941405,348.12921142578125,214.75578,3.0,test_data/Useful/Validation/sharp sand at 2ft/20241020_172340_024.jpg,32.0,0.0,59.70001733393181
43,0.0,0.0,0.0,0.0,0.0,0.0,0.0,0.0,0.0,0.0,0.0,0.0,0.0,0.0,0.0,0.0,0.0,0.0,0.0,0.0,0.0,0.0,0.0,0.0,0.0,0.0,0.0,0.0,0.0,0.0,0.0,0.0,0.0,0.0,0.0,0.0,0.0,0.0,0.0,0.0,0.0,0.0,0.0,0.0,0.0,0.0,0.0,0.0,0.0,0.0,0.0,0.0,0.0,0.0,0.0,0.0,0.0,0.0,0.0,0.0,0.0,0.0,0.0,0.0,0.0,0.0,0.0,0.0,0.0,0.0,0.0,0.0,0.0,0.0,0.0,0.0,0.0,0.0,0.0,0.0,0.0,0.0,0.0,0.0,0.0,0.0,0.0,0.0,0.0,0.0,0.0,0.0,0.0,0.0,0.0,0.0,0.0,0.0,0.0,0.0,0.0,1000.6823529601097,1000.7215686440468,1000.7490196228027,1000.772549033165,1000.7960784435272,1000.8156862854958,1000.8352941274643,1000.8627451062202,1000.8980392217636,2001.0,156.77472381591798,164.60588378906252,169.61550903320312,173.50502014160156,176.86260986328125,180.05445861816406,183.29054412841796,186.92585144042968,192.07752380371093,348.12762451171875,215.68633,3.0,test_data/Useful/Validation/sharp sand at 2ft/20241020_172340_025.jpg,44.0,0.0,58.92482609866089
44,0.0,0.0,0.0,0.0,0.0,0.0,0.0,0.0,0.0,0.0,0.0,0.0,0.0,0.0,0.0,0.0,0.0,0.0,0.0,0.0,0.0,0.0,0.0,0.0,0.0,0.0,0.0,0.0,0.0,0.0,0.0,0.0,0.0,0.0,0.0,0.0,0.0,0.0,0.0,0.0,0.0,0.0,0.0,0.0,0.0,0.0,0.0,0.0,0.0,0.0,0.0,0.0,0.0,0.0,0.0,0.0,0.0,0.0,0.0,0.0,0.0,0.0,0.0,0.0,0.0,0.0,0.0,0.0,0.0,0.0,0.0,0.0,0.0,0.0,0.0,0.0,0.0,0.0,0.0,0.0,0.0,0.0,0.0,0.0,0.0,0.0,0.0,0.0,0.0,0.0,0.0,0.0,0.0,0.0,0.0,0.0,0.0,0.0,0.0,0.0,0.0,1000.6431372761726,1000.6901960968971,1000.7176470756531,1000.745098054409,1000.7647058963776,1000.7882353067398,1000.811764717102,1000.8431372642517,1000.8862745165825,3000.9411764740944,157.95136566162108,165.72836303710938,170.70985412597656,174.49435424804688,177.89793395996094,181.04065551757813,184.28961791992185,187.9695587158203,193.0389404296875,347.92730712890625,212.94875,3.0,test_data/Useful/Validation/sharp sand at 2ft/20241020_172340_059.jpg,36.0,0.0,60.25367081936012
45,0.0,0.0,0.0,0.0,0.0,0.0,0.0,0.0,0.0,0.0,0.0,0.0,0.0,0.0,0.0,0.0,0.0,0.0,0.0,0.0,0.0,0.0,0.0,0.0,0.0,0.0,0.0,0.0,0.0,0.0,0.0,0.0,0.0,0.0,0.0,0.0,0.0,0.0,0.0,0.0,0.0,0.0,0.0,0.0,0.0,0.0,0.0,0.0,0.0,0.0,0.0,0.0,0.0,0.0,0.0,0.0,0.0,0.0,0.0,0.0,0.0,0.0,0.0,0.0,0.0,0.0,0.0,0.0,0.0,0.0,0.0,0.0,0.0,0.0,0.0,0.0,0.0,0.0,0.0,0.0,0.0,0.0,0.0,0.0,0.0,0.0,0.0,0.0,0.0,0.0,0.0,0.0,0.0,0.0,0.0,0.0,0.0,0.0,0.0,0.0,0.0,1000.6352941393852,1000.6823529601097,1000.7176470756531,1000.7411764860153,1000.7647058963776,1000.7882353067398,1000.8156862854958,1000.8470588326454,1000.8941176533699,3001.0,158.30339813232422,166.03646850585938,170.9442901611328,174.7996337890625,178.22171020507812,181.43548583984375,184.6500244140625,188.28860473632812,193.24705505371094,347.91705322265625,211.91965,3.0,test_data/Useful/Validation/sharp sand at 2ft/20241020_172340_060.jpg,30.0,0.0,61.4816123447236
46,0.0,0.0,0.0,0.0,0.0,0.0,0.0,0.0,0.0,0.0,0.0,0.0,0.0,0.0,0.0,0.0,0.0,0.0,0.0,0.0,0.0,0.0,0.0,0.0,0.0,0.0,0.0,0.0,0.0,0.0,0.0,0.0,0.0,0.0,0.0,0.0,0.0,0.0,0.0,0.0,0.0,0.0,0.0,0.0,0.0,0.0,0.0,0.0,0.0,0.0,0.0,0.0,0.0,0.0,0.0,0.0,0.0,0.0,0.0,0.0,0.0,0.0,0.0,0.0,0.0,0.0,0.0,0.0,0.0,0.0,0.0,0.0,0.0,0.0,0.0,0.0,0.0,0.0,0.0,0.0,0.0,0.0,0.0,0.0,0.0,0.0,0.0,0.0,0.0,0.0,0.0,0.0,0.0,0.0,0.0,0.0,0.0,0.0,0.0,0.0,0.0,1000.6549019813538,1000.6980392336845,1000.7215686440468,1000.745098054409,1000.7647058963776,1000.7882353067398,1000.8078431487083,1000.8352941274643,1000.8745098114014,2001.0,157.5866912841797,165.3485076904297,170.3302490234375,174.18487243652345,177.61427307128906,180.7472381591797,183.9464111328125,187.6309051513672,192.64494628906252,347.9666442871094,212.99081,3.0,test_data/Useful/Validation/sharp sand at 2ft/20241020_172340_061.jpg,34.0,0.0,60.13577248817612
47,0.0,0.0,0.0,0.0,0.0,0.0,0.0,0.0,0.0,0.0,0.0,0.0,0.0,0.0,0.0,0.0,0.0,0.0,0.0,0.0,0.0,0.0,0.0,0.0,0.0,0.0,0.0,0.0,0.0,0.0,0.0,0.0,0.0,0.0,0.0,0.0,0.0,0.0,0.0,0.0,0.0,0.0,0.0,0.0,0.0,0.0,0.0,0.0,0.0,0.0,0.0,0.0,0.0,0.0,0.0,0.0,0.0,0.0,0.0,0.0,0.0,0.0,0.0,0.0,0.0,0.0,0.0,0.0,0.0,0.0,0.0,0.0,0.0,0.0,0.0,0.0,0.0,0.0,0.0,0.0,0.0,0.0,0.0,0.0,0.0,0.0,0.0,0.0,0.0,0.0,0.0,0.0,0.0,0.0,0.0,0.0,0.0,0.0,0.0,0.0,0.0,1000.6549019813538,1000.6980392336845,1000.7215686440468,1000.745098054409,1000.7647058963776,1000.7882353067398,1000.8078431487083,1000.8352941274643,1000.8784313797951,3000.9960784316063,157.66407318115233,165.4373046875,170.4302017211914,174.31098022460938,177.65151977539062,180.84283447265625,184.07881622314454,187.69712829589844,192.7157745361328,347.97320556640625,213.06308,3.0,test_data/Useful/Validation/sharp sand at 2ft/20241020_172340_062.jpg,43.0,0.0,62.98825372461936
48,0.0,0.0,0.0,0.0,0.0,0.0,0.0,0.0,0.0,0.0,0.0,0.0,0.0,0.0,0.0,0.0,0.0,0.0,0.0,0.0,0.0,0.0,0.0,0.0,0.0,0.0,0.0,0.0,0.0,0.0,0.0,0.0,0.0,0.0,0.0,0.0,0.0,0.0,0.0,0.0,0.0,0.0,0.0,0.0,0.0,0.0,0.0,0.0,0.0,0.0,0.0,0.0,0.0,0.0,0.0,0.0,0.0,0.0,0.0,0.0,0.0,0.0,0.0,0.0,0.0,0.0,0.0,0.0,0.0,0.0,0.0,0.0,0.0,0.0,0.0,0.0,0.0,0.0,0.0,0.0,0.0,0.0,0.0,0.0,0.0,0.0,0.0,0.0,0.0,0.0,0.0,0.0,0.0,0.0,0.0,0.0,0.0,0.0,0.0,12.0,0.0,1000.6549019813538,1000.6980392336845,1000.7215686440468,1000.745098054409,1000.7647058963776,1000.7882353067398,1000.811764717102,1000.839215695858,1000.8784313797951,3000.9803921580315,157.80614166259767,165.47222900390625,170.48037719726562,174.3759765625,177.74850463867188,180.926513671875,184.10467529296875,187.78804931640624,192.8006378173828,347.961181640625,213.05072,3.0,test_data/Useful/Validation/sharp sand at 2ft/20241020_172340_063.jpg,42.0,1.0,57.75927302567024
49,0.0,0.0,0.0,0.0,0.0,0.0,0.0,0.0,0.0,0.0,0.0,0.0,0.0,0.0,0.0,0.0,0.0,0.0,0.0,0.0,0.0,0.0,0.0,0.0,0.0,0.0,0.0,0.0,0.0,0.0,0.0,0.0,0.0,0.0,0.0,0.0,0.0,0.0,0.0,0.0,0.0,0.0,0.0,0.0,0.0,0.0,0.0,0.0,0.0,0.0,0.0,0.0,0.0,0.0,0.0,0.0,0.0,0.0,0.0,0.0,0.0,0.0,0.0,0.0,0.0,0.0,0.0,0.0,0.0,0.0,0.0,0.0,0.0,0.0,0.0,0.0,0.0,0.0,0.0,0.0,0.0,0.0,0.0,0.0,0.0,0.0,0.0,0.0,0.0,0.0,0.0,0.0,0.0,0.0,0.0,0.0,0.0,0.0,0.0,0.0,0.0,1000.65098041296,1000.6941176652908,1000.7215686440468,1000.745098054409,1000.7647058963776,1000.7882353067398,1000.811764717102,1000.839215695858,1000.8823529481888,3000.988235294819,158.00216674804688,165.74508666992188,170.7103271484375,174.5567169189453,177.92779541015625,181.10147094726562,184.32741088867186,187.92253723144532,192.97535247802736,347.962158203125,212.92915,3.0,test_data/Useful/Validation/sharp sand at 2ft/20241020_172340_064.jpg,42.0,0.0,64.36060846479614
50,0.0,0.0,0.0,0.0,0.0,0.0,0.0,0.0,0.0,0.0,0.0,0.0,0.0,0.0,0.0,0.0,0.0,0.0,0.0,0.0,0.0,0.0,0.0,0.0,0.0,0.0,0.0,0.0,0.0,0.0,0.0,0.0,0.0,0.0,0.0,0.0,0.0,0.0,0.0,0.0,0.0,0.0,0.0,0.0,0.0,0.0,0.0,0.0,0.0,0.0,0.0,0.0,0.0,0.0,0.0,0.0,0.0,0.0,0.0,0.0,0.0,0.0,0.0,0.0,0.0,0.0,0.0,0.0,0.0,0.0,0.0,0.0,0.0,0.0,0.0,0.0,0.0,0.0,0.0,0.0,0.0,0.0,0.0,0.0,0.0,0.0,0.0,0.0,0.0,0.0,0.0,0.0,0.0,0.0,0.0,0.0,0.0,0.0,0.0,0.0,0.0,1000.65098041296,1000.6941176652908,1000.7215686440468,1000.745098054409,1000.7647058963776,1000.7882353067398,1000.811764717102,1000.8431372642517,1000.8862745165825,2001.0,157.9342239379883,165.57113037109374,170.5640411376953,174.51522827148438,177.86343383789062,181.06060485839842,184.27213745117186,187.88967895507812,192.87365264892577,347.96636962890625,211.95009,3.0,test_data/Useful/Validation/sharp sand at 2ft/20241020_172340_065.jpg,35.0,0.0,57.134235800782925
51,0.0,0.0,0.0,0.0,0.0,0.0,0.0,0.0,0.0,0.0,0.0,0.0,0.0,0.0,0.0,0.0,0.0,0.0,0.0,0.0,0.0,0.0,0.0,0.0,0.0,0.0,0.0,0.0,0.0,0.0,0.0,0.0,0.0,0.0,0.0,0.0,0.0,0.0,0.0,0.0,0.0,0.0,0.0,0.0,0.0,0.0,0.0,0.0,0.0,0.0,0.0,0.0,0.0,0.0,0.0,0.0,0.0,0.0,0.0,0.0,0.0,0.0,0.0,0.0,0.0,0.0,0.0,0.0,0.0,0.0,0.0,0.0,0.0,0.0,0.0,0.0,0.0,0.0,0.0,0.0,0.0,0.0,0.0,0.0,0.0,0.0,0.0,0.0,0.0,0.0,0.0,0.0,0.0,0.0,0.0,0.0,0.0,0.0,0.0,0.0,0.0,1000.6549019813538,1000.6941176652908,1000.7215686440468,1000.745098054409,1000.7686274647713,1000.7882353067398,1000.811764717102,1000.839215695858,1000.8823529481888,2001.0,157.845947265625,165.61843566894532,170.54714660644532,174.45626220703124,177.82488250732422,180.99603271484375,184.19113159179688,187.80288696289062,192.7809295654297,347.97802734375,212.00685,3.0,test_data/Useful/Validation/sharp sand at 2ft/20241020_172340_066.jpg,36.0,0.0,64.5523805637013
52,0.0,0.0,0.0,0.0,0.0,0.0,0.0,0.0,0.0,0.0,0.0,0.0,0.0,0.0,0.0,0.0,0.0,0.0,0.0,0.0,0.0,0.0,0.0,0.0,0.0,0.0,0.0,0.0,0.0,0.0,0.0,0.0,0.0,0.0,0.0,0.0,0.0,0.0,0.0,0.0,0.0,0.0,0.0,0.0,0.0,0.0,0.0,0.0,0.0,0.0,0.0,0.0,0.0,0.0,0.0,0.0,0.0,0.0,0.0,0.0,0.0,0.0,0.0,0.0,0.0,0.0,0.0,0.0,0.0,0.0,0.0,0.0,0.0,0.0,0.0,0.0,0.0,0.0,0.0,0.0,0.0,0.0,0.0,0.0,0.0,0.0,0.0,0.0,0.0,0.0,0.0,0.0,0.0,0.0,0.0,0.0,0.0,0.0,0.0,0.0,0.0,1000.6588235497475,1000.7019608020782,1000.7294117808342,1000.7490196228027,1000.7686274647713,1000.7882353067398,1000.811764717102,1000.839215695858,1000.8784313797951,2001.0,157.99179077148438,165.73681640625,170.6275177001953,174.54977416992188,177.94493103027344,181.06256103515625,184.24026489257812,187.8308837890625,192.904541015625,347.99688720703125,212.59296,3.0,test_data/Useful/Validation/sharp sand at 2ft/20241020_172340_069.jpg,26.0,0.0,62.32151958691034
53,0.0,0.0,0.0,0.0,0.0,0.0,0.0,0.0,0.0,0.0,0.0,0.0,0.0,0.0,0.0,0.0,0.0,0.0,0.0,0.0,0.0,0.0,0.0,0.0,0.0,0.0,0.0,0.0,0.0,0.0,0.0,0.0,0.0,0.0,0.0,0.0,0.0,0.0,0.0,0.0,0.0,0.0,0.0,0.0,0.0,0.0,0.0,0.0,0.0,0.0,0.0,0.0,0.0,0.0,0.0,0.0,0.0,0.0,0.0,0.0,0.0,0.0,0.0,0.0,0.0,0.0,0.0,0.0,0.0,0.0,0.0,0.0,0.0,0.0,0.0,0.0,0.0,0.0,0.0,0.0,0.0,0.0,0.0,0.0,0.0,0.0,0.0,0.0,0.0,0.0,0.0,0.0,0.0,0.0,0.0,0.0,0.0,0.0,0.0,0.0,0.0,1000.6627451181412,1000.7019608020782,1000.7294117808342,1000.7490196228027,1000.7686274647713,1000.7921568751335,1000.811764717102,1000.839215695858,1000.8784313797951,2000.9686274528503,157.90573425292968,165.6238250732422,170.58896179199218,174.4713928222656,177.8244171142578,181.0145263671875,184.21157836914062,187.87448120117188,192.92172241210938,347.996337890625,212.30269,3.0,test_data/Useful/Validation/sharp sand at 2ft/20241020_172340_070.jpg,28.0,0.0,64.621518346728
54,0.0,0.0,0.0,0.0,0.0,0.0,0.0,0.0,0.0,0.0,0.0,0.0,0.0,0.0,0.0,0.0,0.0,0.0,0.0,0.0,0.0,0.0,0.0,0.0,0.0,0.0,0.0,0.0,0.0,0.0,0.0,0.0,0.0,0.0,0.0,0.0,0.0,0.0,0.0,0.0,0.0,0.0,0.0,0.0,0.0,0.0,0.0,0.0,0.0,0.0,0.0,0.0,0.0,0.0,0.0,0.0,0.0,0.0,0.0,0.0,0.0,0.0,0.0,0.0,0.0,0.0,0.0,0.0,0.0,0.0,0.0,0.0,0.0,0.0,0.0,0.0,0.0,0.0,0.0,0.0,0.0,0.0,0.0,0.0,0.0,0.0,0.0,0.0,0.0,0.0,0.0,0.0,0.0,0.0,0.0,0.0,0.0,0.0,0.0,0.0,0.0,1000.6627451181412,1000.7019608020782,1000.7294117808342,1000.7529411911964,1000.772549033165,1000.7921568751335,1000.811764717102,1000.839215695858,1000.8823529481888,2001.0,157.97291564941406,165.72406005859375,170.68533325195312,174.57489013671875,177.96997833251953,181.1513427734375,184.35914764404296,188.01669311523438,193.12867736816406,348.00616455078125,212.15309,3.0,test_data/Useful/Validation/sharp sand at 2ft/20241020_172340_071.jpg,31.0,0.0,64.2353668544311
55,0.0,0.0,0.0,0.0,0.0,0.0,0.0,0.0,0.0,0.0,0.0,0.0,0.0,0.0,0.0,0.0,0.0,0.0,0.0,0.0,0.0,0.0,0.0,0.0,0.0,0.0,0.0,0.0,0.0,0.0,0.0,0.0,0.0,0.0,0.0,0.0,0.0,0.0,0.0,0.0,0.0,0.0,0.0,0.0,0.0,0.0,0.0,0.0,0.0,0.0,0.0,0.0,0.0,0.0,0.0,0.0,0.0,0.0,0.0,0.0,0.0,0.0,0.0,0.0,0.0,0.0,0.0,0.0,0.0,0.0,0.0,0.0,0.0,0.0,0.0,0.0,0.0,0.0,0.0,0.0,0.0,0.0,0.0,0.0,0.0,0.0,0.0,0.0,0.0,0.0,0.0,0.0,0.0,0.0,0.0,0.0,0.0,0.0,0.0,0.0,0.0,1000.6627451181412,1000.705882370472,1000.7294117808342,1000.7529411911964,1000.772549033165,1000.7921568751335,1000.8156862854958,1000.839215695858,1000.8823529481888,3001.0,158.0650634765625,165.77093505859375,170.67510986328125,174.57559204101562,177.93479919433594,181.10411071777344,184.3321990966797,188.0340576171875,193.06246948242188,348.015380859375,211.71164,3.0,test_data/Useful/Validation/sharp sand at 2ft/20241020_172340_072.jpg,23.0,0.0,64.96621998968094
56,0.0,0.0,0.0,0.0,0.0,0.0,0.0,0.0,0.0,0.0,0.0,0.0,0.0,0.0,0.0,0.0,0.0,0.0,0.0,0.0,0.0,0.0,0.0,0.0,0.0,0.0,0.0,0.0,0.0,0.0,0.0,0.0,0.0,0.0,0.0,0.0,0.0,0.0,0.0,0.0,0.0,0.0,0.0,0.0,0.0,0.0,0.0,0.0,0.0,0.0,0.0,0.0,0.0,0.0,0.0,0.0,0.0,0.0,0.0,0.0,0.0,0.0,0.0,0.0,0.0,0.0,0.0,0.0,0.0,0.0,0.0,0.0,0.0,0.0,0.0,0.0,0.0,0.0,0.0,0.0,0.0,0.0,0.0,0.0,0.0,0.0,0.0,0.0,0.0,0.0,0.0,0.0,0.0,0.0,0.0,0.0,0.0,0.0,0.0,0.0,0.0,1000.6627451181412,1000.7019608020782,1000.7294117808342,1000.7490196228027,1000.772549033165,1000.7921568751335,1000.8156862854958,1000.8431372642517,1000.8862745165825,3001.0,158.1744827270508,165.93012390136718,170.88324127197265,174.75432739257812,178.16053771972656,181.3350341796875,184.5858917236328,188.18801879882812,193.19014892578124,348.02288818359375,210.31363,3.0,test_data/Useful/Validation/sharp sand at 2ft/20241020_172340_073.jpg,15.0,0.0,55.960370751849766
57,0.0,0.0,0.0,0.0,0.0,0.0,0.0,0.0,0.0,0.0,0.0,0.0,0.0,0.0,0.0,0.0,0.0,0.0,0.0,0.0,0.0,0.0,0.0,0.0,0.0,0.0,0.0,0.0,0.0,0.0,0.0,0.0,0.0,0.0,0.0,0.0,0.0,0.0,0.0,0.0,0.0,0.0,0.0,0.0,0.0,0.0,0.0,0.0,0.0,0.0,0.0,0.0,0.0,0.0,0.0,0.0,0.0,0.0,0.0,0.0,0.0,0.0,0.0,0.0,0.0,0.0,0.0,0.0,0.0,0.0,0.0,0.0,0.0,0.0,0.0,0.0,0.0,0.0,0.0,0.0,0.0,0.0,0.0,0.0,0.0,0.0,0.0,0.0,0.0,0.0,0.0,0.0,0.0,0.0,0.0,0.0,0.0,0.0,0.0,0.0,0.0,1000.6627451181412,1000.7019608020782,1000.7294117808342,1000.7490196228027,1000.772549033165,1000.7921568751335,1000.8156862854958,1000.8431372642517,1000.8862745165825,3001.0,158.29012603759764,166.08334350585938,171.00852966308594,174.8882293701172,178.2510528564453,181.46156005859376,184.67916412353514,188.33704223632813,193.35888671875,348.0064697265625,210.50427,3.0,test_data/Useful/Validation/sharp sand at 2ft/20241020_172340_074.jpg,20.0,0.0,56.339648285625216
58,0.0,0.0,0.0,0.0,0.0,0.0,0.0,0.0,0.0,0.0,0.0,0.0,0.0,0.0,0.0,0.0,0.0,0.0,0.0,0.0,0.0,0.0,0.0,0.0,0.0,0.0,0.0,0.0,0.0,0.0,0.0,0.0,0.0,0.0,0.0,0.0,0.0,0.0,0.0,0.0,0.0,0.0,0.0,0.0,0.0,0.0,0.0,0.0,0.0,0.0,0.0,0.0,0.0,0.0,0.0,0.0,0.0,0.0,0.0,0.0,0.0,0.0,0.0,0.0,0.0,0.0,0.0,0.0,0.0,0.0,0.0,0.0,0.0,0.0,0.0,0.0,0.0,0.0,0.0,0.0,0.0,0.0,0.0,0.0,0.0,0.0,0.0,0.0,0.0,0.0,0.0,0.0,0.0,0.0,0.0,0.0,0.0,0.0,0.0,0.0,0.0,1000.6627451181412,1000.7019608020782,1000.7294117808342,1000.7490196228027,1000.772549033165,1000.7921568751335,1000.8156862854958,1000.8431372642517,1000.8901960849762,3001.0,158.54241333007812,166.15642395019532,171.07956237792968,174.9448028564453,178.32302856445312,181.51763000488282,184.73880157470703,188.37957763671875,193.36737060546875,348.0098876953125,210.79086,3.0,test_data/Useful/Validation/sharp sand at 2ft/20241020_172340_075.jpg,18.0,0.0,57.66068563557298
59,0.0,0.0,0.0,0.0,0.0,0.0,0.0,0.0,0.0,0.0,0.0,0.0,0.0,0.0,0.0,0.0,0.0,0.0,0.0,0.0,0.0,0.0,0.0,0.0,0.0,0.0,0.0,0.0,0.0,0.0,0.0,0.0,0.0,0.0,0.0,0.0,0.0,0.0,0.0,0.0,0.0,0.0,0.0,0.0,0.0,0.0,0.0,0.0,0.0,0.0,0.0,0.0,0.0,0.0,0.0,0.0,0.0,0.0,0.0,0.0,0.0,0.0,0.0,0.0,0.0,0.0,0.0,0.0,0.0,0.0,0.0,0.0,0.0,0.0,0.0,0.0,0.0,0.0,0.0,0.0,0.0,0.0,0.0,0.0,0.0,0.0,0.0,0.0,0.0,0.0,0.0,0.0,0.0,0.0,0.0,0.0,0.0,0.0,0.0,0.0,0.0,1000.6588235497475,1000.7019608020782,1000.7294117808342,1000.7490196228027,1000.772549033165,1000.7921568751335,1000.8156862854958,1000.8470588326454,1000.8901960849762,3001.0,158.42257690429688,166.20619201660156,171.15017700195312,175.01263427734375,178.41073608398438,181.6202392578125,184.8272705078125,188.42501831054688,193.38935546875,348.0058288574219,210.3733,3.0,test_data/Useful/Validation/sharp sand at 2ft/20241020_172340_076.jpg,15.0,0.0,63.81535222910318
60,0.0,0.0,0.0,0.0,0.0,0.0,0.0,0.0,0.0,0.0,0.0,0.0,0.0,0.0,0.0,0.0,0.0,0.0,0.0,0.0,0.0,0.0,0.0,0.0,0.0,0.0,0.0,0.0,0.0,0.0,0.0,0.0,0.0,0.0,0.0,0.0,0.0,0.0,0.0,0.0,0.0,0.0,0.0,0.0,0.0,0.0,0.0,0.0,0.0,0.0,0.0,0.0,0.0,0.0,0.0,0.0,0.0,0.0,0.0,0.0,0.0,0.0,0.0,0.0,0.0,0.0,0.0,0.0,0.0,0.0,0.0,0.0,0.0,0.0,0.0,0.0,0.0,0.0,0.0,0.0,0.0,0.0,0.0,0.0,0.0,0.0,0.0,0.0,0.0,0.0,0.0,0.0,0.0,0.0,0.0,0.0,0.0,0.0,0.0,0.0,0.0,1000.6823529601097,1000.7215686440468,1000.7490196228027,1000.772549033165,1000.7960784435272,1000.8156862854958,1000.839215695858,1000.8705882430077,1000.9176470637321,3001.0,158.50999755859374,166.35345458984375,171.23207092285156,175.16253662109375,178.52552795410156,181.67501831054688,184.91851806640625,188.53781127929688,193.6105499267578,348.184814453125,214.07892,3.0,test_data/Useful/Validation/sharp sand at 2ft/20241020_172410_013.jpg,84.0,0.0,68.07798893563617
61,0.0,0.0,0.0,0.0,0.0,0.0,0.0,0.0,0.0,0.0,0.0,0.0,0.0,0.0,0.0,0.0,0.0,0.0,0.0,0.0,0.0,0.0,0.0,0.0,0.0,0.0,0.0,0.0,0.0,0.0,0.0,0.0,0.0,0.0,0.0,0.0,0.0,0.0,0.0,0.0,0.0,0.0,0.0,0.0,0.0,0.0,0.0,0.0,0.0,0.0,0.0,0.0,0.0,0.0,0.0,0.0,0.0,0.0,0.0,0.0,0.0,0.0,0.0,0.0,0.0,0.0,0.0,0.0,0.0,0.0,0.0,0.0,0.0,0.0,0.0,0.0,0.0,0.0,0.0,0.0,0.0,0.0,0.0,0.0,0.0,0.0,0.0,0.0,0.0,0.0,0.0,0.0,0.0,0.0,0.0,0.0,0.0,0.0,0.0,0.0,0.0,1000.6823529601097,1000.7215686440468,1000.7529411911964,1000.772549033165,1000.7960784435272,1000.8196078538895,1000.8431372642517,1000.8745098114014,1000.9215686321259,3001.0,158.61155700683594,166.28663635253906,171.3311004638672,175.21627807617188,178.5999755859375,181.79446411132812,185.06289672851562,188.73695373535156,193.80453491210938,348.19573974609375,214.09045,3.0,test_data/Useful/Validation/sharp sand at 2ft/20241020_172410_014.jpg,77.0,0.0,58.326102305868055
62,0.0,0.0,0.0,0.0,0.0,0.0,0.0,0.0,0.0,0.0,0.0,0.0,0.0,0.0,0.0,0.0,0.0,0.0,0.0,0.0,0.0,0.0,0.0,0.0,0.0,0.0,0.0,0.0,0.0,0.0,0.0,0.0,0.0,0.0,0.0,0.0,0.0,0.0,0.0,0.0,0.0,0.0,0.0,0.0,0.0,0.0,0.0,0.0,0.0,0.0,0.0,0.0,0.0,0.0,0.0,0.0,0.0,0.0,0.0,0.0,0.0,0.0,0.0,0.0,0.0,0.0,0.0,0.0,0.0,0.0,0.0,0.0,0.0,0.0,0.0,0.0,0.0,0.0,0.0,0.0,0.0,0.0,0.0,0.0,0.0,0.0,0.0,0.0,0.0,0.0,0.0,0.0,0.0,0.0,0.0,0.0,0.0,0.0,0.0,0.0,0.0,1000.6705882549286,1000.7176470756531,1000.7490196228027,1000.772549033165,1000.7960784435272,1000.8196078538895,1000.8470588326454,1000.8823529481888,1000.9372549057007,3001.0,159.05626983642577,166.8451354980469,171.79716796875,175.64246215820313,179.06582641601562,182.1994384765625,185.41154022216796,189.02596435546874,194.02362060546875,348.1739501953125,212.26816,3.0,test_data/Useful/Validation/sharp sand at 2ft/20241020_172410_015.jpg,70.0,0.0,57.10011469180833
63,0.0,0.0,0.0,0.0,0.0,0.0,0.0,0.0,0.0,0.0,0.0,0.0,0.0,0.0,0.0,0.0,0.0,0.0,0.0,0.0,0.0,0.0,0.0,0.0,0.0,0.0,0.0,0.0,0.0,0.0,0.0,0.0,0.0,0.0,0.0,0.0,0.0,0.0,0.0,0.0,0.0,0.0,0.0,0.0,0.0,0.0,0.0,0.0,0.0,0.0,0.0,0.0,0.0,0.0,0.0,0.0,0.0,0.0,0.0,0.0,0.0,0.0,0.0,0.0,0.0,0.0,0.0,0.0,0.0,0.0,0.0,0.0,0.0,0.0,0.0,0.0,0.0,0.0,0.0,0.0,0.0,0.0,0.0,0.0,0.0,0.0,0.0,0.0,0.0,0.0,0.0,0.0,0.0,0.0,0.0,0.0,0.0,0.0,0.0,0.0,0.0,1000.6745098233223,1000.7215686440468,1000.7490196228027,1000.772549033165,1000.7960784435272,1000.8196078538895,1000.8431372642517,1000.8784313797951,1000.933333337307,3001.0,158.91961669921875,166.633056640625,171.60256958007812,175.48773193359375,178.85589599609375,182.06589050292968,185.29732971191405,188.9169158935547,194.0369415283203,348.1881103515625,213.24295,3.0,test_data/Useful/Validation/sharp sand at 2ft/20241020_172410_016.jpg,72.0,0.0,57.08138044524854
64,0.0,0.0,0.0,0.0,0.0,0.0,0.0,0.0,0.0,0.0,0.0,0.0,0.0,0.0,0.0,0.0,0.0,0.0,0.0,0.0,0.0,0.0,0.0,0.0,0.0,0.0,0.0,0.0,0.0,0.0,0.0,0.0,0.0,0.0,0.0,0.0,0.0,0.0,0.0,0.0,0.0,0.0,0.0,0.0,0.0,0.0,0.0,0.0,0.0,0.0,0.0,0.0,0.0,0.0,0.0,0.0,0.0,0.0,0.0,0.0,0.0,0.0,0.0,0.0,0.0,0.0,0.0,0.0,0.0,0.0,0.0,0.0,0.0,0.0,0.0,0.0,0.0,0.0,0.0,0.0,0.0,0.0,0.0,0.0,0.0,0.0,0.0,0.0,0.0,0.0,0.0,0.0,0.0,0.0,0.0,0.0,0.0,0.0,0.0,0.0,0.0,1000.6745098233223,1000.7215686440468,1000.7490196228027,1000.772549033165,1000.7960784435272,1000.8196078538895,1000.8470588326454,1000.8784313797951,1000.933333337307,3001.0,159.08081512451173,166.8001220703125,171.70891265869142,175.6144226074219,179.0194091796875,182.12333984375,185.30848693847656,188.9362976074219,194.06121826171875,348.1933898925781,212.41408,3.0,test_data/Useful/Validation/sharp sand at 2ft/20241020_172410_017.jpg,77.0,0.0,59.89376571075094
65,0.0,0.0,0.0,0.0,0.0,0.0,0.0,0.0,0.0,0.0,0.0,0.0,0.0,0.0,0.0,0.0,0.0,0.0,0.0,0.0,0.0,0.0,0.0,0.0,0.0,0.0,0.0,0.0,0.0,0.0,0.0,0.0,0.0,0.0,0.0,0.0,0.0,0.0,0.0,0.0,0.0,0.0,0.0,0.0,0.0,0.0,0.0,0.0,0.0,0.0,0.0,0.0,0.0,0.0,0.0,0.0,0.0,0.0,0.0,0.0,0.0,0.0,0.0,0.0,0.0,0.0,0.0,0.0,0.0,0.0,0.0,0.0,0.0,0.0,0.0,0.0,0.0,0.0,0.0,0.0,0.0,0.0,0.0,0.0,0.0,0.0,0.0,0.0,0.0,0.0,0.0,0.0,0.0,0.0,0.0,0.0,0.0,0.0,0.0,0.0,0.0,1000.6705882549286,1000.7176470756531,1000.7490196228027,1000.772549033165,1000.7960784435272,1000.8196078538895,1000.8470588326454,1000.8823529481888,1000.9411764740944,3001.0,159.15972900390625,166.90528869628906,171.86102294921875,175.70013427734375,179.1009521484375,182.28126525878906,185.458740234375,189.08999633789062,194.1147003173828,348.1864013671875,211.854,3.0,test_data/Useful/Validation/sharp sand at 2ft/20241020_172410_018.jpg,63.0,0.0,60.96461252240602
66,0.0,0.0,0.0,0.0,0.0,0.0,0.0,0.0,0.0,0.0,0.0,0.0,0.0,0.0,0.0,0.0,0.0,0.0,0.0,0.0,0.0,0.0,0.0,0.0,0.0,0.0,0.0,0.0,0.0,0.0,0.0,0.0,0.0,0.0,0.0,0.0,0.0,0.0,0.0,0.0,0.0,0.0,0.0,0.0,0.0,0.0,0.0,0.0,0.0,0.0,0.0,0.0,0.0,0.0,0.0,0.0,0.0,0.0,0.0,0.0,0.0,0.0,0.0,0.0,0.0,0.0,0.0,0.0,0.0,0.0,0.0,0.0,0.0,0.0,0.0,0.0,0.0,0.0,0.0,0.0,0.0,0.0,0.0,0.0,0.0,0.0,0.0,0.0,0.0,0.0,0.0,0.0,0.0,0.0,0.0,0.0,0.0,0.0,0.0,0.0,0.0,1000.678431391716,1000.7215686440468,1000.7529411911964,1000.7764706015587,1000.8000000119209,1000.8235294222832,1000.8470588326454,1000.8784313797951,1000.933333337307,3001.0,159.04033966064452,166.76318969726563,171.66781158447264,175.56179809570312,178.9311981201172,182.11388244628907,185.34857635498048,188.9757080078125,194.0242156982422,348.1997375488281,211.91278,3.0,test_data/Useful/Validation/sharp sand at 2ft/20241020_172410_019.jpg,59.0,0.0,59.437885339188604
67,0.0,0.0,0.0,0.0,0.0,0.0,0.0,0.0,0.0,0.0,0.0,0.0,0.0,0.0,0.0,0.0,0.0,0.0,0.0,0.0,0.0,0.0,0.0,0.0,0.0,0.0,0.0,0.0,0.0,0.0,0.0,0.0,0.0,0.0,0.0,0.0,0.0,0.0,0.0,0.0,0.0,0.0,0.0,0.0,0.0,0.0,0.0,0.0,0.0,0.0,0.0,0.0,0.0,0.0,0.0,0.0,0.0,0.0,0.0,0.0,0.0,0.0,0.0,0.0,0.0,0.0,0.0,0.0,0.0,0.0,0.0,0.0,0.0,0.0,0.0,0.0,0.0,0.0,0.0,0.0,0.0,0.0,0.0,0.0,0.0,0.0,0.0,0.0,0.0,0.0,0.0,0.0,0.0,0.0,0.0,0.0,0.0,0.0,0.0,0.0,0.0,1000.6862745285034,1000.7294117808342,1000.7568627595901,1000.7803921699524,1000.8000000119209,1000.8235294222832,1000.8470588326454,1000.8784313797951,1000.9254902005196,3001.0,158.6273956298828,166.3776397705078,171.32794189453125,175.16473388671875,178.5333251953125,181.73435668945314,184.9580322265625,188.5450897216797,193.620361328125,348.22735595703125,212.2746,3.0,test_data/Useful/Validation/sharp sand at 2ft/20241020_172410_020.jpg,49.0,0.0,58.246402076785174
68,0.0,0.0,0.0,0.0,0.0,0.0,0.0,0.0,0.0,0.0,0.0,0.0,0.0,0.0,0.0,0.0,0.0,0.0,0.0,0.0,0.0,0.0,0.0,0.0,0.0,0.0,0.0,0.0,0.0,0.0,0.0,0.0,0.0,0.0,0.0,0.0,0.0,0.0,0.0,0.0,0.0,0.0,0.0,0.0,0.0,0.0,0.0,0.0,0.0,0.0,0.0,0.0,0.0,0.0,0.0,0.0,0.0,0.0,0.0,0.0,0.0,0.0,0.0,0.0,0.0,0.0,0.0,0.0,0.0,0.0,0.0,0.0,0.0,0.0,0.0,0.0,0.0,0.0,0.0,0.0,0.0,0.0,0.0,0.0,0.0,0.0,0.0,0.0,0.0,0.0,0.0,0.0,0.0,0.0,0.0,0.0,0.0,0.0,0.0,0.0,0.0,1000.6823529601097,1000.7254902124405,1000.7529411911964,1000.7764706015587,1000.7960784435272,1000.8156862854958,1000.8352941274643,1000.8588235378265,1000.8980392217636,3001.0,157.36923217773438,165.07901000976562,170.0045928955078,173.85702514648438,177.23585510253906,180.4472473144531,183.68958282470703,187.3139617919922,192.46145629882812,348.153076171875,214.3569,3.0,test_data/Useful/Validation/sharp sand at 2ft/20241020_172410_065.jpg,40.0,0.0,61.69006451254543
69,0.0,0.0,0.0,0.0,0.0,0.0,0.0,0.0,0.0,0.0,0.0,0.0,0.0,0.0,0.0,0.0,0.0,0.0,0.0,0.0,0.0,0.0,0.0,0.0,0.0,0.0,0.0,0.0,0.0,0.0,0.0,0.0,0.0,0.0,0.0,0.0,0.0,0.0,0.0,0.0,0.0,0.0,0.0,0.0,0.0,0.0,0.0,0.0,0.0,0.0,0.0,0.0,0.0,0.0,0.0,0.0,0.0,0.0,0.0,0.0,0.0,0.0,0.0,0.0,0.0,0.0,0.0,0.0,0.0,0.0,0.0,0.0,0.0,0.0,0.0,0.0,0.0,0.0,0.0,0.0,0.0,0.0,0.0,0.0,0.0,0.0,0.0,0.0,0.0,0.0,0.0,0.0,0.0,0.0,0.0,0.0,0.0,0.0,0.0,16.0,0.0,1000.6862745285034,1000.7294117808342,1000.7529411911964,1000.7764706015587,1000.7960784435272,1000.811764717102,1000.8313725590706,1000.8549019694328,1000.8901960849762,3001.0,157.00326538085938,164.76779174804688,169.6903076171875,173.57372436523437,176.97360229492188,180.15504455566406,183.42864990234375,187.05491638183594,192.20050048828125,348.1668701171875,214.91133,3.0,test_data/Useful/Validation/sharp sand at 2ft/20241020_172410_066.jpg,35.0,1.0,61.649228359250884
70,0.0,0.0,0.0,0.0,0.0,0.0,0.0,0.0,0.0,0.0,0.0,0.0,0.0,0.0,0.0,0.0,0.0,0.0,0.0,0.0,0.0,0.0,0.0,0.0,0.0,0.0,0.0,0.0,0.0,0.0,0.0,0.0,0.0,0.0,0.0,0.0,0.0,0.0,0.0,0.0,0.0,0.0,0.0,0.0,0.0,0.0,0.0,0.0,0.0,0.0,0.0,0.0,0.0,0.0,0.0,0.0,0.0,0.0,0.0,0.0,0.0,0.0,0.0,0.0,0.0,0.0,0.0,0.0,0.0,0.0,0.0,0.0,0.0,0.0,0.0,0.0,0.0,0.0,0.0,0.0,0.0,0.0,0.0,0.0,0.0,0.0,0.0,0.0,0.0,0.0,0.0,0.0,0.0,0.0,0.0,0.0,0.0,0.0,0.0,0.0,0.0,1000.6901960968971,1000.7294117808342,1000.7529411911964,1000.7764706015587,1000.7921568751335,1000.811764717102,1000.8313725590706,1000.8549019694328,1000.8901960849762,3001.0,156.9582550048828,164.6561767578125,169.6011505126953,173.46792602539062,176.86163330078125,179.98529663085938,183.1983184814453,186.8754425048828,192.03224182128906,348.1622314453125,214.91547,3.0,test_data/Useful/Validation/sharp sand at 2ft/20241020_172410_067.jpg,49.0,0.0,57.29560787413702
71,0.0,0.0,0.0,0.0,0.0,0.0,0.0,0.0,0.0,0.0,0.0,0.0,0.0,0.0,0.0,0.0,0.0,0.0,0.0,0.0,0.0,0.0,0.0,0.0,0.0,0.0,0.0,0.0,0.0,0.0,0.0,0.0,0.0,0.0,0.0,0.0,0.0,0.0,0.0,0.0,0.0,0.0,0.0,0.0,0.0,0.0,0.0,0.0,0.0,0.0,0.0,0.0,0.0,0.0,0.0,0.0,0.0,0.0,0.0,0.0,0.0,0.0,0.0,0.0,0.0,0.0,0.0,0.0,0.0,0.0,0.0,0.0,0.0,0.0,0.0,0.0,0.0,0.0,0.0,0.0,0.0,0.0,0.0,0.0,0.0,0.0,0.0,0.0,0.0,0.0,0.0,0.0,0.0,0.0,0.0,0.0,0.0,0.0,0.0,16.0,0.0,1000.6823529601097,1000.7254902124405,1000.7529411911964,1000.772549033165,1000.7921568751335,1000.811764717102,1000.8313725590706,1000.8588235378265,1000.8941176533699,3001.0,157.18043518066406,164.93375244140626,169.92706451416015,173.7983367919922,177.178466796875,180.3667449951172,183.565185546875,187.20907592773438,192.3725128173828,348.1580810546875,214.54504,3.0,test_data/Useful/Validation/sharp sand at 2ft/20241020_172410_068.jpg,45.0,1.0,57.58038669867128
72,0.0,0.0,0.0,0.0,0.0,0.0,0.0,0.0,0.0,0.0,0.0,0.0,0.0,0.0,0.0,0.0,0.0,0.0,0.0,0.0,0.0,0.0,0.0,0.0,0.0,0.0,0.0,0.0,0.0,0.0,0.0,0.0,0.0,0.0,0.0,0.0,0.0,0.0,0.0,0.0,0.0,0.0,0.0,0.0,0.0,0.0,0.0,0.0,0.0,0.0,0.0,0.0,0.0,0.0,0.0,0.0,0.0,0.0,0.0,0.0,0.0,0.0,0.0,0.0,0.0,0.0,0.0,0.0,0.0,0.0,0.0,0.0,0.0,0.0,0.0,0.0,0.0,0.0,0.0,0.0,0.0,0.0,0.0,0.0,0.0,0.0,0.0,0.0,0.0,0.0,0.0,0.0,0.0,0.0,0.0,0.0,0.0,0.0,0.0,10.0,0.0,1000.6862745285034,1000.7294117808342,1000.7529411911964,1000.7764706015587,1000.7921568751335,1000.811764717102,1000.8313725590706,1000.8588235378265,1000.8941176533699,3001.0,157.1035354614258,164.7596405029297,169.76043243408202,173.6029815673828,176.95022583007812,180.14889526367188,183.349609375,187.03128051757812,192.218994140625,348.1686706542969,214.68935,3.0,test_data/Useful/Validation/sharp sand at 2ft/20241020_172410_069.jpg,31.0,1.0,62.299368227743926
73,0.0,0.0,0.0,0.0,0.0,0.0,0.0,0.0,0.0,0.0,0.0,0.0,0.0,0.0,0.0,0.0,0.0,0.0,0.0,0.0,0.0,0.0,0.0,0.0,0.0,0.0,0.0,0.0,0.0,0.0,0.0,0.0,0.0,0.0,0.0,0.0,0.0,0.0,0.0,0.0,0.0,0.0,0.0,0.0,0.0,0.0,0.0,0.0,0.0,0.0,0.0,0.0,0.0,0.0,0.0,0.0,0.0,0.0,0.0,0.0,0.0,0.0,0.0,0.0,0.0,0.0,0.0,0.0,0.0,0.0,0.0,0.0,0.0,0.0,0.0,0.0,0.0,0.0,0.0,0.0,0.0,0.0,0.0,0.0,0.0,0.0,0.0,0.0,0.0,0.0,0.0,0.0,0.0,0.0,0.0,0.0,0.0,0.0,0.0,10.0,0.0,1000.6901960968971,1000.7333333492279,1000.7568627595901,1000.7764706015587,1000.7960784435272,1000.811764717102,1000.8313725590706,1000.8549019694328,1000.8901960849762,3001.0,156.7826385498047,164.5397186279297,169.4873809814453,173.35696411132812,176.73316955566406,179.90460205078125,183.15869140625,186.7781982421875,191.95840454101562,348.18365478515625,215.05603,3.0,test_data/Useful/Validation/sharp sand at 2ft/20241020_172410_070.jpg,56.0,1.0,64.59817926201313
74,0.0,0.0,0.0,0.0,0.0,0.0,0.0,0.0,0.0,0.0,0.0,0.0,0.0,0.0,0.0,0.0,0.0,0.0,0.0,0.0,0.0,0.0,0.0,0.0,0.0,0.0,0.0,0.0,0.0,0.0,0.0,0.0,0.0,0.0,0.0,0.0,0.0,0.0,0.0,0.0,0.0,0.0,0.0,0.0,0.0,0.0,0.0,0.0,0.0,0.0,0.0,0.0,0.0,0.0,0.0,0.0,0.0,0.0,0.0,0.0,0.0,0.0,0.0,0.0,0.0,0.0,0.0,0.0,0.0,0.0,0.0,0.0,0.0,0.0,0.0,0.0,0.0,0.0,0.0,0.0,0.0,0.0,0.0,0.0,0.0,0.0,0.0,0.0,0.0,0.0,0.0,0.0,0.0,0.0,0.0,0.0,0.0,0.0,0.0,11.0,0.0,1000.6980392336845,1000.7372549176216,1000.7607843279839,1000.7803921699524,1000.7960784435272,1000.8156862854958,1000.8313725590706,1000.8549019694328,1000.8862745165825,3001.0,156.3584243774414,163.9151123046875,168.8475372314453,172.7734802246094,176.1386947631836,179.32247619628907,182.55499267578125,186.22708129882812,191.67232360839844,348.2007141113281,215.5857,3.0,test_data/Useful/Validation/sharp sand at 2ft/20241020_172410_071.jpg,76.0,1.0,59.497880500384646
75,0.0,0.0,0.0,0.0,0.0,0.0,0.0,0.0,0.0,0.0,0.0,0.0,0.0,0.0,0.0,0.0,0.0,0.0,0.0,0.0,0.0,0.0,0.0,0.0,0.0,0.0,0.0,0.0,0.0,0.0,0.0,0.0,0.0,0.0,0.0,0.0,0.0,0.0,0.0,0.0,0.0,0.0,0.0,0.0,0.0,0.0,0.0,0.0,0.0,0.0,0.0,0.0,0.0,0.0,0.0,0.0,0.0,0.0,0.0,0.0,0.0,0.0,0.0,0.0,0.0,0.0,0.0,0.0,0.0,0.0,0.0,0.0,0.0,0.0,0.0,0.0,0.0,0.0,0.0,0.0,0.0,0.0,0.0,0.0,0.0,0.0,0.0,0.0,0.0,0.0,0.0,0.0,0.0,0.0,0.0,0.0,0.0,0.0,0.0,11.0,0.0,1000.7019608020782,1000.7372549176216,1000.7607843279839,1000.7803921699524,1000.7960784435272,1000.8156862854958,1000.8313725590706,1000.8549019694328,1000.8862745165825,3001.0,155.9640655517578,163.80140686035156,168.73971099853514,172.55030517578126,175.89859008789062,179.05663452148437,182.2790328979492,185.9722473144531,191.35867004394532,348.2012634277344,215.96046,3.0,test_data/Useful/Validation/sharp sand at 2ft/20241020_172410_072.jpg,58.0,1.0,62.0250935414482
76,0.0,0.0,0.0,0.0,0.0,0.0,0.0,0.0,0.0,0.0,0.0,0.0,0.0,0.0,0.0,0.0,0.0,0.0,0.0,0.0,0.0,0.0,0.0,0.0,0.0,0.0,0.0,0.0,0.0,0.0,0.0,0.0,0.0,0.0,0.0,0.0,0.0,0.0,0.0,0.0,0.0,0.0,0.0,0.0,0.0,0.0,0.0,0.0,0.0,0.0,0.0,0.0,0.0,0.0,0.0,0.0,0.0,0.0,0.0,0.0,0.0,0.0,0.0,0.0,0.0,0.0,0.0,0.0,0.0,0.0,0.0,0.0,0.0,0.0,0.0,0.0,0.0,0.0,0.0,0.0,0.0,0.0,0.0,0.0,0.0,0.0,0.0,0.0,0.0,0.0,0.0,0.0,0.0,0.0,0.0,0.0,0.0,0.0,0.0,17.0,0.0,1000.6941176652908,1000.7372549176216,1000.7607843279839,1000.7843137383461,1000.8000000119209,1000.8196078538895,1000.839215695858,1000.8588235378265,1000.8941176533699,3001.0,156.5200927734375,164.19944763183594,169.21036834716796,173.08611450195312,176.4586944580078,179.63367614746093,182.8435516357422,186.47718811035156,191.73123168945312,348.19476318359375,215.1191,3.0,test_data/Useful/Validation/sharp sand at 2ft/20241020_172410_075.jpg,32.0,1.0,61.85208047325311
77,0.0,0.0,0.0,0.0,0.0,0.0,0.0,0.0,0.0,0.0,0.0,0.0,0.0,0.0,0.0,0.0,0.0,0.0,0.0,0.0,0.0,0.0,0.0,0.0,0.0,0.0,0.0,0.0,0.0,0.0,0.0,0.0,0.0,0.0,0.0,0.0,0.0,0.0,0.0,0.0,0.0,0.0,0.0,0.0,0.0,0.0,0.0,0.0,0.0,0.0,0.0,0.0,0.0,0.0,0.0,0.0,0.0,0.0,0.0,0.0,0.0,0.0,0.0,0.0,0.0,0.0,0.0,0.0,0.0,0.0,0.0,0.0,0.0,0.0,0.0,0.0,0.0,0.0,0.0,0.0,0.0,0.0,0.0,0.0,0.0,0.0,0.0,0.0,0.0,0.0,0.0,0.0,0.0,0.0,0.0,0.0,0.0,0.0,0.0,20.0,0.0,1000.7019608020782,1000.7411764860153,1000.7647058963776,1000.7843137383461,1000.8039215803146,1000.8196078538895,1000.839215695858,1000.8588235378265,1000.8862745165825,3001.0,155.57950439453126,163.26956481933593,168.2447296142578,172.09397888183594,175.41612243652344,178.55145263671875,181.8196578979492,185.53401794433594,191.0063690185547,348.22198486328125,215.38498,3.0,test_data/Useful/Validation/sharp sand at 2ft/20241020_172410_076.jpg,55.0,1.0,57.72994404376414
78,0.0,0.0,0.0,0.0,0.0,0.0,0.0,0.0,0.0,0.0,0.0,0.0,0.0,0.0,0.0,0.0,0.0,0.0,0.0,0.0,0.0,0.0,0.0,0.0,0.0,0.0,0.0,0.0,0.0,0.0,0.0,0.0,0.0,0.0,0.0,0.0,0.0,0.0,0.0,0.0,0.0,0.0,0.0,0.0,0.0,0.0,0.0,0.0,0.0,0.0,0.0,0.0,0.0,0.0,0.0,0.0,0.0,0.0,0.0,0.0,0.0,0.0,0.0,0.0,0.0,0.0,0.0,0.0,0.0,0.0,0.0,0.0,0.0,0.0,0.0,0.0,0.0,0.0,0.0,0.0,0.0,0.0,0.0,0.0,0.0,0.0,0.0,0.0,0.0,0.0,0.0,0.0,0.0,0.0,0.0,0.0,0.0,0.0,0.0,16.0,0.0,1000.7019608020782,1000.7411764860153,1000.7647058963776,1000.7882353067398,1000.8039215803146,1000.8196078538895,1000.839215695858,1000.8588235378265,1000.8862745165825,3001.0,155.61908569335938,163.25716552734374,168.1343017578125,171.94934997558593,175.3509979248047,178.49209594726562,181.7327117919922,185.4813232421875,190.93002319335938,348.2196350097656,216.14647,3.0,test_data/Useful/Validation/sharp sand at 2ft/20241020_172410_077.jpg,44.0,1.0,57.00637158871179
79,0.0,0.0,0.0,0.0,0.0,0.0,0.0,0.0,0.0,0.0,0.0,0.0,0.0,0.0,0.0,0.0,0.0,0.0,0.0,0.0,0.0,0.0,0.0,0.0,0.0,0.0,0.0,0.0,0.0,0.0,0.0,0.0,0.0,0.0,0.0,0.0,0.0,0.0,0.0,0.0,0.0,0.0,0.0,0.0,0.0,0.0,0.0,0.0,0.0,0.0,0.0,0.0,0.0,0.0,0.0,0.0,0.0,0.0,0.0,0.0,0.0,0.0,0.0,0.0,0.0,0.0,0.0,0.0,0.0,0.0,0.0,0.0,0.0,0.0,0.0,0.0,0.0,0.0,0.0,0.0,0.0,0.0,0.0,0.0,0.0,0.0,0.0,0.0,0.0,0.0,0.0,0.0,0.0,0.0,0.0,0.0,0.0,0.0,0.0,17.0,0.0,1000.705882370472,1000.745098054409,1000.7686274647713,1000.7882353067398,1000.8039215803146,1000.8196078538895,1000.839215695858,1000.8588235378265,1000.8862745165825,3001.0,155.2271728515625,162.99937438964844,167.88105163574218,171.79550170898438,175.18204498291016,178.37745666503906,181.61849975585938,185.32676696777344,190.7803497314453,348.23516845703125,216.9145,3.0,test_data/Useful/Validation/sharp sand at 2ft/20241020_172410_078.jpg,48.0,1.0,59.62171982836858
80,0.0,0.0,0.0,0.0,0.0,0.0,0.0,0.0,0.0,0.0,0.0,0.0,0.0,0.0,0.0,0.0,0.0,0.0,0.0,0.0,0.0,0.0,0.0,0.0,0.0,0.0,0.0,0.0,0.0,0.0,0.0,0.0,0.0,0.0,0.0,0.0,0.0,0.0,0.0,0.0,0.0,0.0,0.0,0.0,0.0,0.0,0.0,0.0,0.0,0.0,0.0,0.0,0.0,0.0,0.0,0.0,0.0,0.0,0.0,0.0,0.0,0.0,0.0,0.0,0.0,0.0,0.0,0.0,0.0,0.0,0.0,0.0,0.0,0.0,0.0,0.0,0.0,0.0,0.0,0.0,0.0,0.0,0.0,0.0,0.0,0.0,0.0,0.0,0.0,0.0,0.0,0.0,0.0,0.0,0.0,0.0,0.0,0.0,0.0,19.0,0.0,1000.7098039388657,1000.7490196228027,1000.7686274647713,1000.7882353067398,1000.8039215803146,1000.8196078538895,1000.839215695858,1000.8549019694328,1000.8823529481888,3000.972549021244,154.52799377441406,162.290771484375,167.2257843017578,171.10519409179688,174.4603271484375,177.6802215576172,180.95609283447266,184.7827880859375,190.6670120239258,348.2594299316406,217.10066,3.0,test_data/Useful/Validation/sharp sand at 2ft/20241020_172410_079.jpg,56.0,2.0,58.35270963163345
81,0.0,0.0,0.0,0.0,0.0,0.0,0.0,0.0,0.0,0.0,0.0,0.0,0.0,0.0,0.0,0.0,0.0,0.0,0.0,0.0,0.0,0.0,0.0,0.0,0.0,0.0,0.0,0.0,0.0,0.0,0.0,0.0,0.0,0.0,0.0,0.0,0.0,0.0,0.0,0.0,0.0,0.0,0.0,0.0,0.0,0.0,0.0,0.0,0.0,0.0,0.0,0.0,0.0,0.0,0.0,0.0,0.0,0.0,0.0,0.0,0.0,0.0,0.0,0.0,0.0,0.0,0.0,0.0,0.0,0.0,0.0,0.0,0.0,0.0,0.0,0.0,0.0,0.0,0.0,0.0,0.0,0.0,0.0,0.0,0.0,0.0,0.0,0.0,0.0,0.0,0.0,0.0,0.0,0.0,0.0,0.0,0.0,0.0,0.0,21.0,0.0,1000.7098039388657,1000.745098054409,1000.7686274647713,1000.7882353067398,1000.8078431487083,1000.8235294222832,1000.839215695858,1000.8588235378265,1000.8862745165825,3001.0,155.68826293945312,163.2929229736328,168.20167541503906,172.04591369628906,175.39389038085938,178.57553100585938,181.85533142089844,185.5658386230469,191.12347564697265,348.25738525390625,217.28497,3.0,test_data/Useful/Validation/sharp sand at 2ft/20241020_172410_080.jpg,55.0,2.0,62.17760870431153
82,0.0,0.0,0.0,0.0,0.0,0.0,0.0,0.0,0.0,0.0,0.0,0.0,0.0,0.0,0.0,0.0,0.0,0.0,0.0,0.0,0.0,0.0,0.0,0.0,0.0,0.0,0.0,0.0,0.0,0.0,0.0,0.0,0.0,0.0,0.0,0.0,0.0,0.0,0.0,0.0,0.0,0.0,0.0,0.0,0.0,0.0,0.0,0.0,0.0,0.0,0.0,0.0,0.0,0.0,0.0,0.0,0.0,0.0,0.0,0.0,0.0,0.0,0.0,0.0,0.0,0.0,0.0,0.0,0.0,0.0,0.0,0.0,0.0,0.0,0.0,0.0,0.0,0.0,0.0,0.0,0.0,0.0,0.0,0.0,0.0,0.0,0.0,0.0,0.0,0.0,0.0,0.0,0.0,0.0,0.0,0.0,0.0,0.0,0.0,22.0,0.0,1000.7098039388657,1000.7490196228027,1000.772549033165,1000.7921568751335,1000.8078431487083,1000.8235294222832,1000.839215695858,1000.8627451062202,1000.8901960849762,3000.988235294819,156.31455993652344,164.10079956054688,169.01431274414062,172.85726928710938,176.28541564941406,179.51400756835938,182.73898315429688,186.38816833496094,191.68458557128906,348.2879638671875,216.51643,3.0,test_data/Useful/Validation/sharp sand at 2ft/20241020_172410_081.jpg,60.0,2.0,55.383617809298656
83,0.0,0.0,0.0,0.0,0.0,0.0,0.0,0.0,0.0,0.0,0.0,0.0,0.0,0.0,0.0,0.0,0.0,0.0,0.0,0.0,0.0,0.0,0.0,0.0,0.0,0.0,0.0,0.0,0.0,0.0,0.0,0.0,0.0,0.0,0.0,0.0,0.0,0.0,0.0,0.0,0.0,0.0,0.0,0.0,0.0,0.0,0.0,0.0,0.0,0.0,0.0,0.0,0.0,0.0,0.0,0.0,0.0,0.0,0.0,0.0,0.0,0.0,0.0,0.0,0.0,0.0,0.0,0.0,0.0,0.0,0.0,0.0,0.0,0.0,0.0,0.0,0.0,0.0,0.0,0.0,0.0,0.0,0.0,0.0,0.0,0.0,0.0,0.0,0.0,0.0,0.0,0.0,0.0,0.0,0.0,0.0,0.0,0.0,0.0,16.0,0.0,1000.7137255072594,1000.7490196228027,1000.772549033165,1000.7921568751335,1000.8078431487083,1000.8235294222832,1000.839215695858,1000.8588235378265,1000.8901960849762,3000.972549021244,156.3743698120117,164.06966552734374,169.0286880493164,172.88910522460938,176.25992584228516,179.4797149658203,182.7587631225586,186.45765686035156,191.73849487304688,348.2998962402344,216.46951,3.0,test_data/Useful/Validation/sharp sand at 2ft/20241020_172410_082.jpg,63.0,2.0,58.88163870849117
84,0.0,0.0,0.0,0.0,0.0,0.0,0.0,0.0,0.0,0.0,0.0,0.0,0.0,0.0,0.0,0.0,0.0,0.0,0.0,0.0,0.0,0.0,0.0,0.0,0.0,0.0,0.0,0.0,0.0,0.0,0.0,0.0,0.0,0.0,0.0,0.0,0.0,0.0,0.0,0.0,0.0,0.0,0.0,0.0,0.0,0.0,0.0,0.0,0.0,0.0,0.0,0.0,0.0,0.0,0.0,0.0,0.0,0.0,0.0,0.0,0.0,0.0,0.0,0.0,0.0,0.0,0.0,0.0,0.0,0.0,0.0,0.0,0.0,0.0,0.0,0.0,0.0,0.0,0.0,0.0,0.0,0.0,0.0,0.0,0.0,0.0,0.0,0.0,0.0,0.0,0.0,0.0,0.0,0.0,0.0,0.0,0.0,0.0,0.0,0.0,0.0,1000.584313750267,1000.6352941393852,1000.6705882549286,1000.6980392336845,1000.7215686440468,1000.7490196228027,1000.7764706015587,1000.8156862854958,1000.8705882430077,3001.0,159.19088745117188,166.763916015625,171.70986938476562,175.55616760253906,178.95567321777344,182.10929260253906,185.38709869384766,189.00873413085938,194.15273895263672,347.67724609375,211.60196,3.0,test_data/Useful/Validation/sharp sand at 2ft/20241020_172526_071.jpg,50.0,0.0,62.35931329587624
85,0.0,0.0,0.0,0.0,0.0,0.0,0.0,0.0,0.0,0.0,0.0,0.0,0.0,0.0,0.0,0.0,0.0,0.0,0.0,0.0,0.0,0.0,0.0,0.0,0.0,0.0,0.0,0.0,0.0,0.0,0.0,0.0,0.0,0.0,0.0,0.0,0.0,0.0,0.0,0.0,0.0,0.0,0.0,0.0,0.0,0.0,0.0,0.0,0.0,0.0,0.0,0.0,0.0,0.0,0.0,0.0,0.0,0.0,0.0,0.0,0.0,0.0,0.0,0.0,0.0,0.0,0.0,0.0,0.0,0.0,0.0,0.0,0.0,0.0,0.0,0.0,0.0,0.0,0.0,0.0,0.0,0.0,0.0,0.0,0.0,0.0,0.0,0.0,0.0,0.0,0.0,0.0,0.0,0.0,0.0,0.0,0.0,0.0,0.0,0.0,0.0,1000.5803921818733,1000.6352941393852,1000.6666666865349,1000.6980392336845,1000.7215686440468,1000.7490196228027,1000.7764706015587,1000.8156862854958,1000.8745098114014,3001.0,159.160986328125,166.9003112792969,171.83122863769532,175.68783569335938,179.109375,182.316162109375,185.53713989257812,189.14535522460938,194.0994110107422,347.6692199707031,211.10214,3.0,test_data/Useful/Validation/sharp sand at 2ft/20241020_172526_072.jpg,29.0,0.0,59.515647552370474
86,0.0,0.0,0.0,0.0,0.0,0.0,0.0,0.0,0.0,0.0,0.0,0.0,0.0,0.0,0.0,0.0,0.0,0.0,0.0,0.0,0.0,0.0,0.0,0.0,0.0,0.0,0.0,0.0,0.0,0.0,0.0,0.0,0.0,0.0,0.0,0.0,0.0,0.0,0.0,0.0,0.0,0.0,0.0,0.0,0.0,0.0,0.0,0.0,0.0,0.0,0.0,0.0,0.0,0.0,0.0,0.0,0.0,0.0,0.0,0.0,0.0,0.0,0.0,0.0,0.0,0.0,0.0,0.0,0.0,0.0,0.0,0.0,0.0,0.0,0.0,0.0,0.0,0.0,0.0,0.0,0.0,0.0,0.0,0.0,0.0,0.0,0.0,0.0,0.0,0.0,0.0,0.0,0.0,0.0,0.0,0.0,0.0,0.0,0.0,0.0,0.0,1000.5803921818733,1000.6352941393852,1000.6666666865349,1000.6980392336845,1000.7215686440468,1000.7490196228027,1000.7764706015587,1000.8156862854958,1000.8705882430077,3001.0,159.20138549804688,166.96243286132812,171.8137969970703,175.71791381835936,179.0753173828125,182.29245300292968,185.55562438964844,189.15306091308594,194.16502380371094,347.6880187988281,211.03227,3.0,test_data/Useful/Validation/sharp sand at 2ft/20241020_172526_073.jpg,43.0,0.0,59.53528324451884
87,0.0,0.0,0.0,0.0,0.0,0.0,0.0,0.0,0.0,0.0,0.0,0.0,0.0,0.0,0.0,0.0,0.0,0.0,0.0,0.0,0.0,0.0,0.0,0.0,0.0,0.0,0.0,0.0,0.0,0.0,0.0,0.0,0.0,0.0,0.0,0.0,0.0,0.0,0.0,0.0,0.0,0.0,0.0,0.0,0.0,0.0,0.0,0.0,0.0,0.0,0.0,0.0,0.0,0.0,0.0,0.0,0.0,0.0,0.0,0.0,0.0,0.0,0.0,0.0,0.0,0.0,0.0,0.0,0.0,0.0,0.0,0.0,0.0,0.0,0.0,0.0,0.0,0.0,0.0,0.0,0.0,0.0,0.0,0.0,0.0,0.0,0.0,0.0,0.0,0.0,0.0,0.0,0.0,0.0,0.0,0.0,0.0,0.0,0.0,0.0,0.0,1000.5764706134796,1000.6313725709915,1000.6666666865349,1000.6941176652908,1000.7215686440468,1000.7490196228027,1000.7764706015587,1000.811764717102,1000.8705882430077,3001.0,159.16371154785156,166.89071655273438,171.8984832763672,175.80116271972656,179.1789321899414,182.34599609375,185.6190185546875,189.18846130371094,194.28219604492188,347.6675109863281,211.11855,3.0,test_data/Useful/Validation/sharp sand at 2ft/20241020_172526_074.jpg,50.0,0.0,59.76928168345009
88,0.0,0.0,0.0,0.0,0.0,0.0,0.0,0.0,0.0,0.0,0.0,0.0,0.0,0.0,0.0,0.0,0.0,0.0,0.0,0.0,0.0,0.0,0.0,0.0,0.0,0.0,0.0,0.0,0.0,0.0,0.0,0.0,0.0,0.0,0.0,0.0,0.0,0.0,0.0,0.0,0.0,0.0,0.0,0.0,0.0,0.0,0.0,0.0,0.0,0.0,0.0,0.0,0.0,0.0,0.0,0.0,0.0,0.0,0.0,0.0,0.0,0.0,0.0,0.0,0.0,0.0,0.0,0.0,0.0,0.0,0.0,0.0,0.0,0.0,0.0,0.0,0.0,0.0,0.0,0.0,0.0,0.0,0.0,0.0,0.0,0.0,0.0,0.0,0.0,0.0,0.0,0.0,0.0,0.0,0.0,0.0,0.0,0.0,0.0,0.0,0.0,1000.5725490450859,1000.6274510025978,1000.6627451181412,1000.6941176652908,1000.7176470756531,1000.745098054409,1000.7764706015587,1000.811764717102,1000.8705882430077,3001.0,159.2693328857422,167.0376434326172,171.98728942871094,175.8204345703125,179.19607543945312,182.3590087890625,185.62136840820312,189.22811889648438,194.2851333618164,347.64398193359375,210.83952,3.0,test_data/Useful/Validation/sharp sand at 2ft/20241020_172526_075.jpg,63.0,0.0,59.29828883521518
89,0.0,0.0,0.0,0.0,0.0,0.0,0.0,0.0,0.0,0.0,0.0,0.0,0.0,0.0,0.0,0.0,0.0,0.0,0.0,0.0,0.0,0.0,0.0,0.0,0.0,0.0,0.0,0.0,0.0,0.0,0.0,0.0,0.0,0.0,0.0,0.0,0.0,0.0,0.0,0.0,0.0,0.0,0.0,0.0,0.0,0.0,0.0,0.0,0.0,0.0,0.0,0.0,0.0,0.0,0.0,0.0,0.0,0.0,0.0,0.0,0.0,0.0,0.0,0.0,0.0,0.0,0.0,0.0,0.0,0.0,0.0,0.0,0.0,0.0,0.0,0.0,0.0,0.0,0.0,0.0,0.0,0.0,0.0,0.0,0.0,0.0,0.0,0.0,0.0,0.0,0.0,0.0,0.0,0.0,0.0,0.0,0.0,0.0,0.0,0.0,0.0,1000.5686274766922,1000.6235294342041,1000.6588235497475,1000.6901960968971,1000.7176470756531,1000.745098054409,1000.7764706015587,1000.8156862854958,1000.8745098114014,3001.0,159.25045776367188,167.0670166015625,172.01234436035156,175.8956756591797,179.265869140625,182.437744140625,185.66921997070312,189.25958251953125,194.2698211669922,347.6398010253906,211.12872,3.0,test_data/Useful/Validation/sharp sand at 2ft/20241020_172526_076.jpg,58.0,0.0,59.40896848549224
90,0.0,0.0,0.0,0.0,0.0,0.0,0.0,0.0,0.0,0.0,0.0,0.0,0.0,0.0,0.0,0.0,0.0,0.0,0.0,0.0,0.0,0.0,0.0,0.0,0.0,0.0,0.0,0.0,0.0,0.0,0.0,0.0,0.0,0.0,0.0,0.0,0.0,0.0,0.0,0.0,0.0,0.0,0.0,0.0,0.0,0.0,0.0,0.0,0.0,0.0,0.0,0.0,0.0,0.0,0.0,0.0,0.0,0.0,0.0,0.0,0.0,0.0,0.0,0.0,0.0,0.0,0.0,0.0,0.0,0.0,0.0,0.0,0.0,0.0,0.0,0.0,0.0,0.0,0.0,0.0,0.0,0.0,0.0,0.0,0.0,0.0,0.0,0.0,0.0,0.0,0.0,0.0,0.0,0.0,0.0,0.0,0.0,0.0,0.0,0.0,0.0,1000.5725490450859,1000.6274510025978,1000.6627451181412,1000.6901960968971,1000.7176470756531,1000.745098054409,1000.772549033165,1000.811764717102,1000.866666674614,3001.0,159.13771057128906,166.88241577148438,171.87869262695312,175.8345947265625,179.2406463623047,182.431884765625,185.63543701171875,189.24388732910157,194.23423767089844,347.6451416015625,211.88605,3.0,test_data/Useful/Validation/sharp sand at 2ft/20241020_172526_077.jpg,60.0,0.0,60.37137225033823
91,0.0,0.0,0.0,0.0,0.0,0.0,0.0,0.0,0.0,0.0,0.0,0.0,0.0,0.0,0.0,0.0,0.0,0.0,0.0,0.0,0.0,0.0,0.0,0.0,0.0,0.0,0.0,0.0,0.0,0.0,0.0,0.0,0.0,0.0,0.0,0.0,0.0,0.0,0.0,0.0,0.0,0.0,0.0,0.0,0.0,0.0,0.0,0.0,0.0,0.0,0.0,0.0,0.0,0.0,0.0,0.0,0.0,0.0,0.0,0.0,0.0,0.0,0.0,0.0,0.0,0.0,0.0,0.0,0.0,0.0,0.0,0.0,0.0,0.0,0.0,0.0,0.0,0.0,0.0,0.0,0.0,0.0,0.0,0.0,0.0,0.0,0.0,0.0,0.0,0.0,0.0,0.0,0.0,0.0,0.0,0.0,0.0,0.0,0.0,0.0,0.0,1000.5803921818733,1000.6313725709915,1000.6627451181412,1000.6901960968971,1000.7176470756531,1000.7411764860153,1000.7686274647713,1000.8039215803146,1000.8588235378265,3001.0,158.9967803955078,166.81587524414064,171.7982635498047,175.70501708984375,179.0648193359375,182.26287841796875,185.52438354492188,189.13565063476562,194.1279296875,347.6406555175781,212.51845,3.0,test_data/Useful/Validation/sharp sand at 2ft/20241020_172526_078.jpg,64.0,0.0,60.04475394317092
92,0.0,0.0,0.0,0.0,0.0,0.0,0.0,0.0,0.0,0.0,0.0,0.0,0.0,0.0,0.0,0.0,0.0,0.0,0.0,0.0,0.0,0.0,0.0,0.0,0.0,0.0,0.0,0.0,0.0,0.0,0.0,0.0,0.0,0.0,0.0,0.0,0.0,0.0,0.0,0.0,0.0,0.0,0.0,0.0,0.0,0.0,0.0,0.0,0.0,0.0,0.0,0.0,0.0,0.0,0.0,0.0,0.0,0.0,0.0,0.0,0.0,0.0,0.0,0.0,0.0,0.0,0.0,0.0,0.0,0.0,0.0,0.0,0.0,0.0,0.0,0.0,0.0,0.0,0.0,0.0,0.0,0.0,0.0,0.0,0.0,0.0,0.0,0.0,0.0,0.0,0.0,0.0,0.0,0.0,0.0,0.0,0.0,0.0,0.0,0.0,0.0,1000.5803921818733,1000.6313725709915,1000.6627451181412,1000.6901960968971,1000.7137255072594,1000.7411764860153,1000.7647058963776,1000.8000000119209,1000.8509804010391,3001.0,159.0238021850586,166.82003784179688,171.83847045898438,175.72674560546875,179.07516479492188,182.24929809570312,185.44762115478514,189.08077697753907,194.09823608398438,347.63848876953125,212.13,3.0,test_data/Useful/Validation/sharp sand at 2ft/20241020_172526_081.jpg,55.0,0.0,57.311651934435744
93,0.0,0.0,0.0,0.0,0.0,0.0,0.0,0.0,0.0,0.0,0.0,0.0,0.0,0.0,0.0,0.0,0.0,0.0,0.0,0.0,0.0,0.0,0.0,0.0,0.0,0.0,0.0,0.0,0.0,0.0,0.0,0.0,0.0,0.0,0.0,0.0,0.0,0.0,0.0,0.0,0.0,0.0,0.0,0.0,0.0,0.0,0.0,0.0,0.0,0.0,0.0,0.0,0.0,0.0,0.0,0.0,0.0,0.0,0.0,0.0,0.0,0.0,0.0,0.0,0.0,0.0,0.0,0.0,0.0,0.0,0.0,0.0,0.0,0.0,0.0,0.0,0.0,0.0,0.0,0.0,0.0,0.0,0.0,0.0,0.0,0.0,0.0,0.0,0.0,0.0,0.0,0.0,0.0,0.0,0.0,0.0,0.0,0.0,0.0,0.0,0.0,1000.5647059082985,1000.6196078658104,1000.6588235497475,1000.6862745285034,1000.7137255072594,1000.7411764860153,1000.772549033165,1000.8078431487083,1000.866666674614,3001.0,159.30447387695312,167.0137176513672,172.01316833496094,175.9014129638672,179.2913818359375,182.45932006835938,185.68650817871094,189.25430297851562,194.30970764160156,347.621337890625,212.14087,3.0,test_data/Useful/Validation/sharp sand at 2ft/20241020_172526_082.jpg,55.0,0.0,63.78127517453255
94,0.0,0.0,0.0,0.0,0.0,0.0,0.0,0.0,0.0,0.0,0.0,0.0,0.0,0.0,0.0,0.0,0.0,0.0,0.0,0.0,0.0,0.0,0.0,0.0,0.0,0.0,0.0,0.0,0.0,0.0,0.0,0.0,0.0,0.0,0.0,0.0,0.0,0.0,0.0,0.0,0.0,0.0,0.0,0.0,0.0,0.0,0.0,0.0,0.0,0.0,0.0,0.0,0.0,0.0,0.0,0.0,0.0,0.0,0.0,0.0,0.0,0.0,0.0,0.0,0.0,0.0,0.0,0.0,0.0,0.0,0.0,0.0,0.0,0.0,0.0,0.0,0.0,0.0,0.0,0.0,0.0,0.0,0.0,0.0,0.0,0.0,0.0,0.0,0.0,0.0,0.0,0.0,0.0,0.0,0.0,0.0,0.0,0.0,0.0,0.0,0.0,1000.6039215922356,1000.6549019813538,1000.6862745285034,1000.7098039388657,1000.7372549176216,1000.7607843279839,1000.7843137383461,1000.8196078538895,1000.8705882430077,3001.0,158.90023193359374,166.613037109375,171.64885864257812,175.4719970703125,178.8996353149414,182.08885803222657,185.3514190673828,188.97669372558593,193.97659912109376,347.79022216796875,211.78088,3.0,test_data/Useful/Validation/sharp sand at 2ft/20241020_172526_083.jpg,46.0,0.0,60.17387936259337
95,0.0,0.0,0.0,0.0,0.0,0.0,0.0,0.0,0.0,0.0,0.0,0.0,0.0,0.0,0.0,0.0,0.0,0.0,0.0,0.0,0.0,0.0,0.0,0.0,0.0,0.0,0.0,0.0,0.0,0.0,0.0,0.0,0.0,0.0,0.0,0.0,0.0,0.0,0.0,0.0,0.0,0.0,0.0,0.0,0.0,0.0,0.0,0.0,0.0,0.0,0.0,0.0,0.0,0.0,0.0,0.0,0.0,0.0,0.0,0.0,0.0,0.0,0.0,0.0,0.0,0.0,0.0,0.0,0.0,0.0,0.0,0.0,0.0,0.0,0.0,0.0,0.0,0.0,0.0,0.0,0.0,0.0,0.0,0.0,0.0,0.0,0.0,0.0,0.0,0.0,0.0,0.0,0.0,0.0,0.0,0.0,0.0,0.0,0.0,0.0,0.0,1000.6039215922356,1000.6588235497475,1000.6941176652908,1000.7254902124405,1000.7490196228027,1000.7764706015587,1000.8078431487083,1000.8431372642517,1000.9019607901573,3001.0,159.3274719238281,166.9647979736328,171.91550903320314,175.76694030761718,179.19570922851562,182.39443359375,185.60886077880858,189.20718383789062,194.2210235595703,347.8764343261719,211.96832,3.0,test_data/Useful/Validation/sharp sand at 2ft/20241020_172526_084.jpg,56.0,0.0,61.376412695571176
96,0.0,0.0,0.0,0.0,0.0,0.0,0.0,0.0,0.0,0.0,0.0,0.0,0.0,0.0,0.0,0.0,0.0,0.0,0.0,0.0,0.0,0.0,0.0,0.0,0.0,0.0,0.0,0.0,0.0,0.0,0.0,0.0,0.0,0.0,0.0,0.0,0.0,0.0,0.0,0.0,0.0,0.0,0.0,0.0,0.0,0.0,0.0,0.0,0.0,0.0,0.0,0.0,0.0,0.0,0.0,0.0,0.0,0.0,0.0,0.0,0.0,0.0,0.0,0.0,0.0,0.0,0.0,0.0,0.0,0.0,0.0,0.0,0.0,0.0,0.0,0.0,0.0,0.0,0.0,0.0,0.0,0.0,0.0,0.0,0.0,0.0,0.0,0.0,0.0,0.0,0.0,0.0,0.0,0.0,0.0,0.0,0.0,0.0,0.0,0.0,0.0,1000.65098041296,1000.6980392336845,1000.7254902124405,1000.7490196228027,1000.772549033165,1000.7921568751335,1000.8196078538895,1000.8470588326454,1000.8941176533699,3001.0,158.9212432861328,166.53612365722657,171.49146575927733,175.39043884277345,178.76304626464844,181.91943359375,185.10625762939452,188.71358947753907,193.75657501220704,348.0321960449219,213.1694,3.0,test_data/Useful/Validation/sharp sand at 2ft/20241020_172526_085.jpg,54.0,0.0,56.902162360399004
97,0.0,0.0,0.0,0.0,0.0,0.0,0.0,0.0,0.0,0.0,0.0,0.0,0.0,0.0,0.0,0.0,0.0,0.0,0.0,0.0,0.0,0.0,0.0,0.0,0.0,0.0,0.0,0.0,0.0,0.0,0.0,0.0,0.0,0.0,0.0,0.0,0.0,0.0,0.0,0.0,0.0,0.0,0.0,0.0,0.0,0.0,0.0,0.0,0.0,0.0,0.0,0.0,0.0,0.0,0.0,0.0,0.0,0.0,0.0,0.0,0.0,0.0,0.0,0.0,0.0,0.0,0.0,0.0,0.0,0.0,0.0,0.0,0.0,0.0,0.0,0.0,0.0,0.0,0.0,0.0,0.0,0.0,0.0,0.0,0.0,0.0,0.0,0.0,0.0,0.0,0.0,0.0,0.0,0.0,0.0,0.0,0.0,0.0,0.0,0.0,0.0,1000.6352941393852,1000.6862745285034,1000.7215686440468,1000.7490196228027,1000.772549033165,1000.8000000119209,1000.8274509906769,1000.8627451062202,1000.9176470637321,3001.0,159.21438751220703,166.90045166015625,171.86631774902344,175.7369384765625,179.12203979492188,182.3292663574219,185.56434631347656,189.1573974609375,194.26329803466797,348.0267333984375,212.0499,3.0,test_data/Useful/Validation/sharp sand at 2ft/20241020_172526_086.jpg,45.0,0.0,54.40655259701418
98,0.0,0.0,0.0,0.0,0.0,0.0,0.0,0.0,0.0,0.0,0.0,0.0,0.0,0.0,0.0,0.0,0.0,0.0,0.0,0.0,0.0,0.0,0.0,0.0,0.0,0.0,0.0,0.0,0.0,0.0,0.0,0.0,0.0,0.0,0.0,0.0,0.0,0.0,0.0,0.0,0.0,0.0,0.0,0.0,0.0,0.0,0.0,0.0,0.0,0.0,0.0,0.0,0.0,0.0,0.0,0.0,0.0,0.0,0.0,0.0,0.0,0.0,0.0,0.0,0.0,0.0,0.0,0.0,0.0,0.0,0.0,0.0,0.0,0.0,0.0,0.0,0.0,0.0,0.0,0.0,0.0,0.0,0.0,0.0,0.0,0.0,0.0,0.0,0.0,0.0,0.0,0.0,0.0,0.0,0.0,0.0,0.0,0.0,0.0,0.0,0.0,1000.6549019813538,1000.6980392336845,1000.7294117808342,1000.7529411911964,1000.772549033165,1000.7960784435272,1000.8235294222832,1000.8509804010391,1000.8980392217636,3001.0,158.6848358154297,166.4379638671875,171.44593048095703,175.34438781738282,178.76496124267578,181.9345703125,185.15387725830078,188.72852172851563,193.8595733642578,348.0514831542969,212.32048,3.0,test_data/Useful/Validation/sharp sand at 2ft/20241020_172526_087.jpg,50.0,0.0,59.2280944793222
99,0.0,0.0,0.0,0.0,0.0,0.0,0.0,0.0,0.0,0.0,0.0,0.0,0.0,0.0,0.0,0.0,0.0,0.0,0.0,0.0,0.0,0.0,0.0,0.0,0.0,0.0,0.0,0.0,0.0,0.0,0.0,0.0,0.0,0.0,0.0,0.0,0.0,0.0,0.0,0.0,0.0,0.0,0.0,0.0,0.0,0.0,0.0,0.0,0.0,0.0,0.0,0.0,0.0,0.0,0.0,0.0,0.0,0.0,0.0,0.0,0.0,0.0,0.0,0.0,0.0,0.0,0.0,0.0,0.0,0.0,0.0,0.0,0.0,0.0,0.0,0.0,0.0,0.0,0.0,0.0,0.0,0.0,0.0,0.0,0.0,0.0,0.0,0.0,0.0,0.0,0.0,0.0,0.0,0.0,0.0,0.0,0.0,0.0,0.0,0.0,0.0,1000.6627451181412,1000.705882370472,1000.7333333492279,1000.7529411911964,1000.7764706015587,1000.7960784435272,1000.8196078538895,1000.8470588326454,1000.8901960849762,3001.0,158.6120376586914,166.2801055908203,171.1890869140625,175.060791015625,178.44134521484375,181.57705993652343,184.82196960449218,188.46544799804687,193.52151641845703,348.07525634765625,213.72939,3.0,test_data/Useful/Validation/sharp sand at 2ft/20241020_172526_088.jpg,45.0,0.0,61.77777294916237
100,0.0,0.0,0.0,0.0,0.0,0.0,0.0,0.0,0.0,0.0,0.0,0.0,0.0,0.0,0.0,0.0,0.0,0.0,0.0,0.0,0.0,0.0,0.0,0.0,0.0,0.0,0.0,0.0,0.0,0.0,0.0,0.0,0.0,0.0,0.0,0.0,0.0,0.0,0.0,0.0,0.0,0.0,0.0,0.0,0.0,0.0,0.0,0.0,0.0,0.0,0.0,0.0,0.0,0.0,0.0,0.0,0.0,0.0,0.0,0.0,0.0,0.0,0.0,0.0,0.0,0.0,0.0,0.0,0.0,0.0,0.0,0.0,0.0,0.0,0.0,0.0,0.0,0.0,0.0,0.0,0.0,0.0,0.0,0.0,0.0,0.0,0.0,0.0,0.0,0.0,0.0,0.0,0.0,0.0,0.0,0.0,0.0,0.0,0.0,0.0,0.0,1000.6549019813538,1000.7019608020782,1000.7294117808342,1000.7529411911964,1000.7764706015587,1000.7960784435272,1000.8196078538895,1000.8509804010391,1000.8980392217636,3001.0,158.612548828125,166.29593505859376,171.27777099609375,175.14013671875,178.58346557617188,181.7406005859375,184.96401977539062,188.5873260498047,193.67117309570312,348.0765380859375,213.08846,3.0,test_data/Useful/Validation/sharp sand at 2ft/20241020_172526_091.jpg,66.0,0.0,54.86472513697116
101,0.0,0.0,0.0,0.0,0.0,0.0,0.0,0.0,0.0,0.0,0.0,0.0,0.0,0.0,0.0,0.0,0.0,0.0,0.0,0.0,0.0,0.0,0.0,0.0,0.0,0.0,0.0,0.0,0.0,0.0,0.0,0.0,0.0,0.0,0.0,0.0,0.0,0.0,0.0,0.0,0.0,0.0,0.0,0.0,0.0,0.0,0.0,0.0,0.0,0.0,0.0,0.0,0.0,0.0,0.0,0.0,0.0,0.0,0.0,0.0,0.0,0.0,0.0,0.0,0.0,0.0,0.0,0.0,0.0,0.0,0.0,0.0,0.0,0.0,0.0,0.0,0.0,0.0,0.0,0.0,0.0,0.0,0.0,0.0,0.0,0.0,0.0,0.0,0.0,0.0,0.0,0.0,0.0,0.0,0.0,0.0,0.0,0.0,0.0,0.0,0.0,1000.6470588445663,1000.6941176652908,1000.7254902124405,1000.7529411911964,1000.7764706015587,1000.8000000119209,1000.8274509906769,1000.8588235378265,1000.9098039269447,3001.0,158.87904357910156,166.58750915527344,171.56089782714844,175.41058349609375,178.79336547851562,181.94032287597656,185.16419982910156,188.8350830078125,193.8907455444336,348.06976318359375,212.47887,3.0,test_data/Useful/Validation/sharp sand at 2ft/20241020_172526_092.jpg,54.0,0.0,57.24204365440316
102,0.0,0.0,0.0,0.0,0.0,0.0,0.0,0.0,0.0,0.0,0.0,0.0,0.0,0.0,0.0,0.0,0.0,0.0,0.0,0.0,0.0,0.0,0.0,0.0,0.0,0.0,0.0,0.0,0.0,0.0,0.0,0.0,0.0,0.0,0.0,0.0,0.0,0.0,0.0,0.0,0.0,0.0,0.0,0.0,0.0,0.0,0.0,0.0,0.0,0.0,0.0,0.0,0.0,0.0,0.0,0.0,0.0,0.0,0.0,0.0,0.0,0.0,0.0,0.0,0.0,0.0,0.0,0.0,0.0,0.0,0.0,0.0,0.0,0.0,0.0,0.0,0.0,0.0,0.0,0.0,0.0,0.0,0.0,0.0,0.0,0.0,0.0,0.0,0.0,0.0,0.0,0.0,0.0,0.0,0.0,0.0,0.0,0.0,0.0,0.0,0.0,1000.6392157077789,1000.6901960968971,1000.7254902124405,1000.7529411911964,1000.7764706015587,1000.8039215803146,1000.8313725590706,1000.8627451062202,1000.9176470637321,3001.0,158.95053100585938,166.7008056640625,171.6800537109375,175.55569458007812,178.93246459960938,182.1347198486328,185.39065551757812,189.01412963867188,194.08799743652344,348.06158447265625,211.86444,3.0,test_data/Useful/Validation/sharp sand at 2ft/20241020_172526_093.jpg,46.0,0.0,58.365996888705276
103,0.0,0.0,0.0,0.0,0.0,0.0,0.0,0.0,0.0,0.0,0.0,0.0,0.0,0.0,0.0,0.0,0.0,0.0,0.0,0.0,0.0,0.0,0.0,0.0,0.0,0.0,0.0,0.0,0.0,0.0,0.0,0.0,0.0,0.0,0.0,0.0,0.0,0.0,0.0,0.0,0.0,0.0,0.0,0.0,0.0,0.0,0.0,0.0,0.0,0.0,0.0,0.0,0.0,0.0,0.0,0.0,0.0,0.0,0.0,0.0,0.0,0.0,0.0,0.0,0.0,0.0,0.0,0.0,0.0,0.0,0.0,0.0,0.0,0.0,0.0,0.0,0.0,0.0,0.0,0.0,0.0,0.0,0.0,0.0,0.0,0.0,0.0,0.0,0.0,0.0,0.0,0.0,0.0,0.0,0.0,0.0,0.0,0.0,0.0,0.0,0.0,1000.65098041296,1000.6980392336845,1000.7294117808342,1000.7529411911964,1000.7764706015587,1000.8000000119209,1000.8274509906769,1000.8588235378265,1000.905882358551,3001.0,158.686279296875,166.53175354003906,171.49057006835938,175.39254760742188,178.8109130859375,182.00725708007812,185.18621826171875,188.80628967285156,193.8697509765625,348.0784912109375,212.47285,3.0,test_data/Useful/Validation/sharp sand at 2ft/20241020_172526_094.jpg,50.0,0.0,63.3264496139432
104,0.0,0.0,0.0,0.0,0.0,0.0,0.0,0.0,0.0,0.0,0.0,0.0,0.0,0.0,0.0,0.0,0.0,0.0,0.0,0.0,0.0,0.0,0.0,0.0,0.0,0.0,0.0,0.0,0.0,0.0,0.0,0.0,0.0,0.0,0.0,0.0,0.0,0.0,0.0,0.0,0.0,0.0,0.0,0.0,0.0,0.0,0.0,0.0,0.0,0.0,0.0,0.0,0.0,0.0,0.0,0.0,0.0,0.0,0.0,0.0,0.0,0.0,0.0,0.0,0.0,0.0,0.0,0.0,0.0,0.0,0.0,0.0,0.0,0.0,0.0,0.0,0.0,0.0,0.0,0.0,0.0,0.0,0.0,0.0,0.0,0.0,0.0,0.0,0.0,0.0,0.0,0.0,0.0,0.0,0.0,0.0,0.0,0.0,0.0,0.0,0.0,1000.6431372761726,1000.6941176652908,1000.7254902124405,1000.7529411911964,1000.7764706015587,1000.8000000119209,1000.8274509906769,1000.8627451062202,1000.9137254953384,3001.0,158.74286804199218,166.58544921875,171.55903320312498,175.45651245117188,178.85586547851562,182.0831298828125,185.29920959472656,188.91989135742188,194.05099487304688,348.0720520019531,211.61017,3.0,test_data/Useful/Validation/sharp sand at 2ft/20241020_172526_095.jpg,51.0,0.0,66.46116770324437
0,0.0,0.0,0.0,0.0,0.0,0.0,0.0,0.0,0.0,0.0,0.0,0.0,0.0,0.0,0.0,0.0,0.0,0.0,0.0,0.0,0.0,0.0,0.0,0.0,0.0,0.0,0.0,0.0,0.0,0.0,0.0,0.0,0.0,0.0,0.0,0.0,0.0,0.0,0.0,0.0,0.0,0.0,0.0,0.0,0.0,0.0,0.0,0.0,0.0,0.0,0.0,0.0,0.0,0.0,0.0,0.0,0.0,0.0,0.0,0.0,0.0,0.0,0.0,0.0,0.0,0.0,0.0,0.0,0.0,0.0,0.0,0.0,0.0,0.0,0.0,0.0,0.0,0.0,0.0,0.0,0.0,0.0,0.0,0.0,0.0,0.0,0.0,0.0,0.0,0.0,0.0,0.0,0.0,0.0,0.0,0.0,2.0,6.0,16.0,36.0,0.0,1000.4000000059605,1000.486274510622,1000.5568627715111,1000.6431372761726,1000.7843137383461,2000.4705882370472,2000.623529434204,2000.8039215803146,3000.584313750267,3001.0,148.61210174560546,156.25982666015625,161.18360900878906,165.13262939453125,168.65765380859375,172.142578125,175.89494781494142,180.6861114501953,190.3313217163086,347.28692626953125,226.79245,2.0,test_data/Useful/Validation/Stone Dust at 1 ft/IMG_9353.jpg,739.0,12.0,25.318943673949043
1,0.0,0.0,0.0,0.0,0.0,0.0,0.0,0.0,0.0,0.0,0.0,0.0,0.0,0.0,0.0,0.0,0.0,0.0,0.0,0.0,0.0,0.0,0.0,0.0,0.0,0.0,0.0,0.0,0.0,0.0,0.0,0.0,0.0,0.0,0.0,0.0,0.0,0.0,0.0,0.0,0.0,0.0,0.0,0.0,0.0,0.0,0.0,0.0,0.0,0.0,0.0,0.0,0.0,0.0,0.0,0.0,0.0,0.0,0.0,0.0,0.0,0.0,0.0,0.0,0.0,0.0,0.0,0.0,0.0,0.0,0.0,0.0,0.0,0.0,0.0,0.0,0.0,0.0,0.0,0.0,0.0,0.0,0.0,0.0,0.0,0.0,0.0,0.0,0.0,0.0,0.0,0.0,0.0,0.0,0.0,4.039999999999964,9.0,17.0,20.75999999999999,28.0,0.0,1000.3450980484486,1000.4313725531101,1000.4980392158031,1000.5568627715111,1000.6196078658104,1000.678431391716,1000.7411764860153,1000.8627451062202,2000.6705882549286,3001.0,146.46235198974608,154.3709716796875,159.49957275390625,163.59222412109375,167.3043975830078,171.021240234375,175.16754150390625,180.51895141601562,191.11305236816406,346.316650390625,228.87567,2.0,test_data/Useful/Validation/Stone Dust at 1 ft/IMG_9354.jpg,693.0,9.0,29.90706718957888
2,0.0,0.0,0.0,0.0,0.0,0.0,0.0,0.0,0.0,0.0,0.0,0.0,0.0,0.0,0.0,0.0,0.0,0.0,0.0,0.0,0.0,0.0,0.0,0.0,0.0,0.0,0.0,0.0,0.0,0.0,0.0,0.0,0.0,0.0,0.0,0.0,0.0,0.0,0.0,0.0,0.0,0.0,0.0,0.0,0.0,0.0,0.0,0.0,0.0,0.0,0.0,0.0,0.0,0.0,0.0,0.0,0.0,0.0,0.0,0.0,0.0,0.0,0.0,0.0,0.0,0.0,0.0,0.0,1.0,2.0,3.0,3.0,4.0,4.0,5.0,7.0,7.0,8.0,9.0,10.0,10.0,11.0,11.0,12.0,12.399999999999977,14.0,15.0,15.0,16.0,16.0,17.0,17.08000000000004,18.0,19.0,20.0,21.0,23.0,26.0,30.75999999999999,40.0,0.0,1000.3568627536297,1000.5607843399048,1000.6980392336845,1000.8274509906769,2000.06274510175,2000.3568627536297,2000.6000000238419,2000.7960784435272,3000.0784313753247,3001.0,153.24380493164062,161.0272979736328,166.02886962890625,170.03082275390625,173.6178436279297,177.1420440673828,180.99769592285156,186.04354858398438,196.12408447265625,346.4053955078125,230.58136,2.0,test_data/Useful/Validation/Stone Dust at 1 ft/WhatsApp Image 2024-09-05 at 17.06.47 (2).jpeg,3754.0,131.0,28.137214728358597
3,0.0,0.0,0.0,0.0,0.0,0.0,0.0,0.0,0.0,0.0,0.0,0.0,0.0,0.0,0.0,0.0,0.0,0.0,0.0,0.0,0.0,0.0,0.0,0.0,0.0,0.0,0.0,0.0,0.0,0.0,0.0,0.0,0.0,0.0,0.0,0.0,0.0,0.0,0.0,0.0,0.0,0.0,0.0,0.0,0.0,0.0,0.0,0.0,0.0,0.0,0.0,0.0,0.0,0.0,0.0,0.0,0.0,0.0,0.0,0.0,0.0,0.0,0.0,0.0,0.0,0.0,0.0,0.0,0.0,0.0,0.0,1.0,1.0,2.0,3.0,4.0,5.0,5.0,6.960000000000036,7.0,7.0,8.0,9.0,10.0,11.0,12.0,13.0,13.0,15.0,15.0,15.840000000000032,16.0,17.0,18.559999999999945,19.0,21.0,23.0,24.519999999999982,30.75999999999999,38.0,0.0,1000.3803921639919,1000.5921568870544,1000.7333333492279,1000.8784313797951,2000.1529411822557,2000.458823531866,2000.678431391716,2000.866666674614,3000.133333340287,3001.0,153.66989135742188,161.46768493652343,166.46048736572266,170.4727355957031,174.08006286621094,177.60926818847656,181.41744995117188,186.3392333984375,196.2580108642578,346.5402526855469,229.57983,2.0,test_data/Useful/Validation/Stone Dust at 1 ft/WhatsApp Image 2024-09-05 at 17.06.47.jpeg,3863.0,117.0,25.606258544395175
4,0.0,0.0,0.0,0.0,0.0,0.0,0.0,0.0,0.0,0.0,0.0,0.0,0.0,0.0,0.0,0.0,0.0,0.0,0.0,0.0,0.0,0.0,0.0,0.0,0.0,0.0,0.0,0.0,0.0,0.0,0.0,0.0,0.0,0.0,0.0,0.0,0.0,0.0,0.0,0.0,0.0,0.0,0.0,0.0,0.0,0.0,0.0,0.0,0.0,0.0,0.0,0.0,0.0,0.0,0.0,0.0,0.0,0.0,0.0,0.0,0.0,0.0,0.0,0.0,0.0,0.0,0.0,0.0,0.0,0.0,0.0,1.0,1.0,2.0,3.0,3.0,4.0,5.0,6.0,7.0,8.0,8.67999999999995,9.0,10.0,10.399999999999977,11.0,12.0,12.0,13.0,14.0,15.0,16.0,17.0,19.0,19.0,21.0,21.0,22.519999999999982,28.75999999999999,34.0,0.0,1000.3803921639919,1000.5882353186607,1000.7254902124405,1000.866666674614,2000.1176470592618,2000.4039215743542,2000.6313725709915,2000.8196078538895,3000.101960785687,3001.0,153.78064270019533,161.68024597167968,166.60519104003907,170.62847900390625,174.1607437133789,177.62901611328124,181.3802932739258,186.33043823242187,196.2610626220703,346.4941101074219,229.84605,2.0,test_data/Useful/Validation/Stone Dust at 1 ft/WhatsApp Image 2024-09-05 at 17.06.48 (1).jpeg,3801.0,108.0,34.235838365360614
5,0.0,0.0,0.0,0.0,0.0,0.0,0.0,0.0,0.0,0.0,0.0,0.0,0.0,0.0,0.0,0.0,0.0,0.0,0.0,0.0,0.0,0.0,0.0,0.0,0.0,0.0,0.0,0.0,0.0,0.0,0.0,0.0,0.0,0.0,0.0,0.0,0.0,0.0,0.0,0.0,0.0,0.0,0.0,0.0,0.0,0.0,0.0,0.0,0.0,0.0,0.0,0.0,0.0,0.0,0.0,0.0,0.0,0.0,0.0,0.0,0.0,0.0,0.0,0.0,0.0,0.0,0.0,0.0,0.0,0.0,1.0,2.0,3.0,3.0,4.0,4.0,5.0,6.0,7.0,8.0,8.0,9.67999999999995,10.0,11.0,11.0,12.0,13.0,13.0,14.0,15.0,15.0,16.0,16.32000000000005,18.0,18.799999999999955,22.039999999999964,24.279999999999973,31.039999999999964,36.75999999999999,48.0,0.0,1000.3764705955982,1000.5803921818733,1000.7215686440468,1000.8509804010391,2000.1058823540807,2000.4313725531101,2000.6705882549286,2000.8745098114014,3000.133333340287,3001.0,153.3598846435547,161.093359375,166.0420181274414,170.06942138671874,173.6969451904297,177.1726287841797,181.06210327148438,185.95281066894532,196.25640869140625,346.5396423339844,230.43382,2.0,test_data/Useful/Validation/Stone Dust at 1 ft/WhatsApp Image 2024-09-05 at 17.06.48 (2).jpeg,3771.0,124.0,28.569803569566147
6,0.0,0.0,0.0,0.0,0.0,0.0,0.0,0.0,0.0,0.0,0.0,0.0,0.0,0.0,0.0,0.0,0.0,0.0,0.0,0.0,0.0,0.0,0.0,0.0,0.0,0.0,0.0,0.0,0.0,0.0,0.0,0.0,0.0,0.0,0.0,0.0,0.0,0.0,0.0,0.0,0.0,0.0,0.0,0.0,0.0,0.0,0.0,0.0,0.0,0.0,0.0,0.0,0.0,0.0,0.0,0.0,0.0,0.0,0.0,0.0,0.0,0.0,0.0,0.0,0.0,0.0,0.0,0.0,0.0,0.0,1.0,1.0,2.0,3.0,4.0,4.0,5.0,6.0,7.0,7.2000000000000455,8.0,10.0,10.0,11.0,12.0,12.639999999999986,13.0,15.0,15.0,16.0,17.0,18.0,19.0,20.0,21.799999999999955,23.0,24.0,26.519999999999982,33.51999999999998,43.0,0.0,1000.3725490272045,1000.584313750267,1000.7215686440468,1000.8509804010391,2000.0823529437184,2000.4156862795353,2000.6627451181412,2000.866666674614,3000.1294117718935,3001.0,153.9830322265625,161.70751953125,166.74126281738282,170.66649475097657,174.26952362060547,177.72451782226562,181.5135070800781,186.24557495117188,196.2310028076172,346.5567626953125,230.06783,2.0,test_data/Useful/Validation/Stone Dust at 1 ft/WhatsApp Image 2024-09-05 at 17.06.48 (3).jpeg,3697.0,122.0,27.658592358310052
7,0.0,0.0,0.0,0.0,0.0,0.0,0.0,0.0,0.0,0.0,0.0,0.0,0.0,0.0,0.0,0.0,0.0,0.0,0.0,0.0,0.0,0.0,0.0,0.0,0.0,0.0,0.0,0.0,0.0,0.0,0.0,0.0,0.0,0.0,0.0,0.0,0.0,0.0,0.0,0.0,0.0,0.0,0.0,0.0,0.0,0.0,0.0,0.0,0.0,0.0,0.0,0.0,0.0,0.0,0.0,0.0,0.0,0.0,0.0,0.0,0.0,0.0,0.0,0.0,0.0,0.0,0.0,0.0,0.0,1.0,2.0,2.0,3.0,3.0,4.0,5.0,6.0,7.0,8.0,9.0,10.0,11.0,11.919999999999959,12.0,13.399999999999977,14.639999999999986,15.0,15.120000000000005,16.0,16.0,17.0,18.0,18.0,19.0,20.0,22.0,22.0,24.519999999999982,28.0,47.0,0.0,1000.3882353007793,1000.6000000238419,1000.7411764860153,1000.8941176533699,2000.1607843190432,2000.4549019634724,2000.6705882549286,2000.8588235378265,3000.113725490868,3001.0,153.3229217529297,161.19526062011718,166.25616455078125,170.25103149414062,173.79745483398438,177.29603881835936,181.14678955078125,186.0808563232422,196.35804748535156,346.51092529296875,229.94203,2.0,test_data/Useful/Validation/Stone Dust at 1 ft/WhatsApp Image 2024-09-05 at 17.06.48.jpeg,3773.0,129.0,33.21080320543906
8,0.0,0.0,0.0,0.0,0.0,0.0,0.0,0.0,0.0,0.0,0.0,0.0,0.0,0.0,0.0,0.0,0.0,0.0,0.0,0.0,0.0,0.0,0.0,0.0,0.0,0.0,0.0,0.0,0.0,0.0,0.0,0.0,0.0,0.0,0.0,0.0,0.0,0.0,0.0,0.0,0.0,0.0,0.0,0.0,0.0,0.0,0.0,0.0,0.0,0.0,0.0,0.0,0.0,0.0,0.0,0.0,0.0,0.0,0.0,0.0,0.0,0.0,0.0,0.0,0.0,0.0,0.0,0.0,0.0,0.0,0.0,0.0,1.0,3.0,3.0,4.0,5.0,6.0,6.0,7.0,7.0,8.0,8.0,9.159999999999968,10.399999999999977,11.0,12.0,14.0,15.0,15.0,16.0,16.0,17.0,17.559999999999945,18.0,19.039999999999964,21.0,24.0,28.75999999999999,52.0,0.0,1000.3411764800549,1000.5411764979362,1000.678431391716,1000.7960784435272,2000.0039215688594,2000.3176470696926,2000.5921568870544,2000.811764717102,3000.117647059262,3001.0,153.44338989257812,161.3296661376953,166.31863403320312,170.33773803710938,173.8544921875,177.3500213623047,181.12245178222656,186.01377868652344,195.95237731933594,346.4427490234375,230.1304,2.0,test_data/Useful/Validation/Stone Dust at 1 ft/WhatsApp Image 2024-09-05 at 17.06.49 (1).jpeg,3657.0,110.0,26.15312221233145
9,0.0,0.0,0.0,0.0,0.0,0.0,0.0,0.0,0.0,0.0,0.0,0.0,0.0,0.0,0.0,0.0,0.0,0.0,0.0,0.0,0.0,0.0,0.0,0.0,0.0,0.0,0.0,0.0,0.0,0.0,0.0,0.0,0.0,0.0,0.0,0.0,0.0,0.0,0.0,0.0,0.0,0.0,0.0,0.0,0.0,0.0,0.0,0.0,0.0,0.0,0.0,0.0,0.0,0.0,0.0,0.0,0.0,0.0,0.0,0.0,0.0,0.0,0.0,0.0,0.0,0.0,0.0,0.0,0.0,1.0,1.0,2.0,3.0,3.0,4.0,5.0,5.480000000000018,7.0,7.0,8.0,8.440000000000055,9.0,10.0,11.0,12.0,12.639999999999986,14.0,15.0,15.0,15.0,16.0,17.0,18.0,19.559999999999945,20.799999999999955,22.039999999999964,24.0,26.0,33.0,55.0,0.0,1000.3215686380863,1000.5294117927551,1000.6666666865349,1000.7803921699524,1000.933333337307,2000.2627451121807,2000.5803921818733,2000.8196078538895,3000.1215686276555,3001.0,153.79886627197266,161.39302368164064,166.46554565429688,170.48287963867188,173.99246215820312,177.50238037109375,181.24530029296875,186.05018615722656,196.1331329345703,346.4886779785156,230.15135,2.0,test_data/Useful/Validation/Stone Dust at 1 ft/WhatsApp Image 2024-09-05 at 17.06.49 (2).jpeg,3634.0,123.0,26.017563296915416
10,0.0,0.0,0.0,0.0,0.0,0.0,0.0,0.0,0.0,0.0,0.0,0.0,0.0,0.0,0.0,0.0,0.0,0.0,0.0,0.0,0.0,0.0,0.0,0.0,0.0,0.0,0.0,0.0,0.0,0.0,0.0,0.0,0.0,0.0,0.0,0.0,0.0,0.0,0.0,0.0,0.0,0.0,0.0,0.0,0.0,0.0,0.0,0.0,0.0,0.0,0.0,0.0,0.0,0.0,0.0,0.0,0.0,0.0,0.0,0.0,0.0,0.0,0.0,0.0,0.0,0.0,0.0,0.0,0.0,1.0,2.0,2.0,4.0,4.0,4.0,5.0,6.0,7.0,8.0,8.0,9.0,9.0,10.0,10.159999999999968,11.0,12.0,13.0,15.0,15.0,16.0,16.0,17.0,18.0,19.559999999999945,20.0,22.0,23.279999999999973,26.0,28.75999999999999,41.0,0.0,1000.3294117748737,1000.5333333611488,1000.6705882549286,1000.7803921699524,1000.9450980424881,2000.2745098173618,2000.572549045086,2000.8078431487083,3000.113725490868,3001.0,153.27130126953125,161.11676025390625,166.13006591796875,170.13966369628906,173.70506286621094,177.20642700195313,180.99191436767578,185.89376831054688,196.05609130859375,346.4665222167969,230.8934,2.0,test_data/Useful/Validation/Stone Dust at 1 ft/WhatsApp Image 2024-09-05 at 17.06.49 (3).jpeg,3683.0,123.0,30.379012918762356
11,0.0,0.0,0.0,0.0,0.0,0.0,0.0,0.0,0.0,0.0,0.0,0.0,0.0,0.0,0.0,0.0,0.0,0.0,0.0,0.0,0.0,0.0,0.0,0.0,0.0,0.0,0.0,0.0,0.0,0.0,0.0,0.0,0.0,0.0,0.0,0.0,0.0,0.0,0.0,0.0,0.0,0.0,0.0,0.0,0.0,0.0,0.0,0.0,0.0,0.0,0.0,0.0,0.0,0.0,0.0,0.0,0.0,0.0,0.0,0.0,0.0,0.0,0.0,0.0,0.0,0.0,0.0,0.0,1.0,1.0,2.0,3.0,3.0,4.0,5.0,6.0,6.0,7.0,8.0,8.0,9.0,10.0,11.0,11.159999999999968,12.399999999999977,13.0,13.879999999999995,14.0,15.0,15.0,16.0,17.0,17.32000000000005,19.0,20.0,22.0,23.279999999999973,25.519999999999982,30.75999999999999,49.0,0.0,1000.3607843220234,1000.5647059082985,1000.705882370472,1000.8470588326454,2000.1529411822557,2000.4509803950787,2000.6705882549286,2000.8627451062202,3000.1411764770746,3001.0,153.08220672607422,160.9163818359375,165.91673278808594,169.95956420898438,173.51702880859375,177.01638793945312,180.84129333496094,185.82025146484375,195.907958984375,346.4312438964844,230.75563,2.0,test_data/Useful/Validation/Stone Dust at 1 ft/WhatsApp Image 2024-09-05 at 17.06.49.jpeg,3644.0,125.0,32.58658114636261
12,0.0,0.0,0.0,0.0,0.0,0.0,0.0,0.0,0.0,0.0,0.0,0.0,0.0,0.0,0.0,0.0,0.0,0.0,0.0,0.0,0.0,0.0,0.0,0.0,0.0,0.0,0.0,0.0,0.0,0.0,0.0,0.0,0.0,0.0,0.0,0.0,0.0,0.0,0.0,0.0,0.0,0.0,0.0,0.0,0.0,0.0,0.0,0.0,0.0,0.0,0.0,0.0,0.0,0.0,0.0,0.0,0.0,0.0,0.0,0.0,0.0,0.0,0.0,0.0,0.0,0.0,0.0,0.0,0.0,1.0,1.0,2.0,2.519999999999982,3.0,4.0,5.0,5.480000000000018,6.0,7.0,7.0,8.0,9.0,9.919999999999959,10.0,11.399999999999977,12.0,13.0,14.0,15.0,15.0,16.0,16.0,17.0,18.0,20.0,22.0,23.279999999999973,29.039999999999964,33.51999999999998,41.0,0.0,1000.3137255012989,1000.517647087574,1000.6588235497475,1000.7686274647713,1000.9019607901573,2000.203921571374,2000.5490196347237,2000.811764717102,3000.1215686276555,3001.0,153.89117431640625,161.65789794921875,166.6433090209961,170.65647583007814,174.2006378173828,177.65139770507812,181.44577026367188,186.2411651611328,196.20062255859375,346.50360107421875,230.87404,2.0,test_data/Useful/Validation/Stone Dust at 1 ft/WhatsApp Image 2024-09-05 at 17.06.50 (1).jpeg,3675.0,120.0,32.09021089172924
13,0.0,0.0,0.0,0.0,0.0,0.0,0.0,0.0,0.0,0.0,0.0,0.0,0.0,0.0,0.0,0.0,0.0,0.0,0.0,0.0,0.0,0.0,0.0,0.0,0.0,0.0,0.0,0.0,0.0,0.0,0.0,0.0,0.0,0.0,0.0,0.0,0.0,0.0,0.0,0.0,0.0,0.0,0.0,0.0,0.0,0.0,0.0,0.0,0.0,0.0,0.0,0.0,0.0,0.0,0.0,0.0,0.0,0.0,0.0,0.0,0.0,0.0,0.0,0.0,0.0,0.0,0.0,0.0,0.0,1.0,2.0,3.0,3.0,4.0,4.0,5.0,5.0,6.0,7.0,7.0,8.0,9.0,10.0,11.0,12.0,13.0,13.0,14.0,15.0,16.0,16.0,16.0,17.0,17.0,17.799999999999955,19.0,21.279999999999973,24.0,29.0,50.0,0.0,1000.2980392277241,1000.5019608139992,1000.6392157077789,1000.745098054409,1000.8509804010391,2000.0352941192687,2000.5215686559677,2000.878431379795,3000.1568627506495,3001.0,153.99624633789062,161.75767517089844,166.76918029785156,170.79559326171875,174.3177490234375,177.75960388183594,181.4935287475586,186.3194122314453,196.06552124023438,346.56243896484375,230.67593,2.0,test_data/Useful/Validation/Stone Dust at 1 ft/WhatsApp Image 2024-09-05 at 17.06.50 (2).jpeg,3659.0,117.0,28.996304445313893
14,0.0,0.0,0.0,0.0,0.0,0.0,0.0,0.0,0.0,0.0,0.0,0.0,0.0,0.0,0.0,0.0,0.0,0.0,0.0,0.0,0.0,0.0,0.0,0.0,0.0,0.0,0.0,0.0,0.0,0.0,0.0,0.0,0.0,0.0,0.0,0.0,0.0,0.0,0.0,0.0,0.0,0.0,0.0,0.0,0.0,0.0,0.0,0.0,0.0,0.0,0.0,0.0,0.0,0.0,0.0,0.0,0.0,0.0,0.0,0.0,0.0,0.0,0.0,0.0,0.0,0.0,0.0,0.0,1.0,1.0,2.0,3.0,3.0,4.0,5.0,5.0,6.0,6.720000000000027,7.960000000000036,9.0,9.0,10.0,11.0,12.0,12.0,13.0,14.879999999999995,15.0,16.0,16.0,17.0,17.0,18.0,19.0,19.0,20.0,23.0,28.0,29.0,36.0,0.0,1000.352941185236,1000.5607843399048,1000.6980392336845,1000.8235294222832,2000.0274509806186,2000.3411764800549,2000.6078431606293,2000.8156862854958,3000.101960785687,3001.0,153.4954345703125,161.3057861328125,166.25348510742188,170.2687225341797,173.82728576660156,177.31646728515625,181.12905883789062,186.0072479248047,196.1314697265625,346.520751953125,230.64514,2.0,test_data/Useful/Validation/Stone Dust at 1 ft/WhatsApp Image 2024-09-05 at 17.06.50.jpeg,3762.0,124.0,27.0074218071434
15,0.0,0.0,0.0,0.0,0.0,0.0,0.0,0.0,0.0,0.0,0.0,0.0,0.0,0.0,0.0,0.0,0.0,0.0,0.0,0.0,0.0,0.0,0.0,0.0,0.0,0.0,0.0,0.0,0.0,0.0,0.0,0.0,0.0,0.0,0.0,0.0,0.0,0.0,0.0,0.0,0.0,0.0,0.0,0.0,0.0,0.0,0.0,0.0,0.0,0.0,0.0,0.0,0.0,0.0,0.0,0.0,0.0,0.0,0.0,0.0,0.0,0.0,0.0,0.0,0.0,0.0,0.0,0.0,0.0,0.0,0.0,1.0,2.0,3.0,4.0,5.0,5.0,6.0,7.0,8.0,8.440000000000055,9.0,10.0,11.0,11.0,12.0,13.0,14.0,15.0,15.600000000000023,16.0,17.0,18.0,18.559999999999945,19.0,20.039999999999964,22.0,23.519999999999982,27.0,49.0,0.0,1000.3058823645115,1000.5137255191803,1000.65098041296,1000.7647058963776,1000.8941176533699,2000.1921568661928,2000.5529412031174,2000.8274509906769,3000.1294117718935,3001.0,153.65997314453125,161.41188049316406,166.41470184326172,170.34335021972657,173.898193359375,177.38775634765625,181.17066955566406,186.0295867919922,196.07876586914062,346.48297119140625,230.89514,2.0,test_data/Useful/Validation/Stone Dust at 1 ft/WhatsApp Image 2024-09-05 at 17.06.51 (1).jpeg,3695.0,114.0,34.79672488168404
16,0.0,0.0,0.0,0.0,0.0,0.0,0.0,0.0,0.0,0.0,0.0,0.0,0.0,0.0,0.0,0.0,0.0,0.0,0.0,0.0,0.0,0.0,0.0,0.0,0.0,0.0,0.0,0.0,0.0,0.0,0.0,0.0,0.0,0.0,0.0,0.0,0.0,0.0,0.0,0.0,0.0,0.0,0.0,0.0,0.0,0.0,0.0,0.0,0.0,0.0,0.0,0.0,0.0,0.0,0.0,0.0,0.0,0.0,0.0,0.0,0.0,0.0,0.0,0.0,0.0,0.0,0.0,0.0,0.0,0.0,0.0,0.0,0.0,0.0,0.0,0.0,0.0,0.0,0.0,0.0,0.0,1.0,1.919999999999959,3.0,4.0,5.0,6.0,7.0,8.0,9.0,10.0,11.0,12.0,13.0,15.0,15.0,18.0,20.0,23.0,29.0,0.0,1000.3215686380863,1000.5294117927551,1000.6549019813538,1000.7529411911964,1000.9294117689133,2000.5294117927551,2000.733333349228,3000.0705882385373,3000.274509817362,3001.0,153.51278991699218,161.32125854492188,166.37376098632814,170.40817260742188,173.97613525390625,177.504150390625,181.34591674804688,186.40725708007812,196.76522827148438,346.73345947265625,226.91603,2.0,test_data/Useful/Validation/Stone Dust at 1 ft/WhatsApp Image 2024-09-05 at 17.06.51 (2).jpeg,3833.0,66.0,39.94222603653624
17,0.0,0.0,0.0,0.0,0.0,0.0,0.0,0.0,0.0,0.0,0.0,0.0,0.0,0.0,0.0,0.0,0.0,0.0,0.0,0.0,0.0,0.0,0.0,0.0,0.0,0.0,0.0,0.0,0.0,0.0,0.0,0.0,0.0,0.0,0.0,0.0,0.0,0.0,0.0,0.0,0.0,0.0,0.0,0.0,0.0,0.0,0.0,0.0,0.0,0.0,0.0,0.0,0.0,0.0,0.0,0.0,0.0,0.0,0.0,0.0,0.0,0.0,0.0,0.0,0.0,0.0,0.0,0.0,0.0,0.0,0.0,0.0,0.0,0.0,0.0,0.0,0.0,0.0,0.0,0.0,0.0,0.0,1.0,2.0,4.0,5.0,5.0,7.0,7.360000000000014,9.0,10.0,11.0,12.0,13.0,14.799999999999955,15.039999999999964,17.0,18.519999999999982,23.519999999999982,41.0,0.0,1000.3333333432674,1000.5411764979362,1000.6666666865349,1000.772549033165,2000.1176470592618,2000.5686274766922,2000.7490196228027,3000.0823529437184,3000.2823529541492,3001.0,153.5796859741211,161.279443359375,166.2996826171875,170.30014038085938,173.93002319335938,177.52619323730468,181.42823791503906,186.44525146484375,196.73468017578125,346.7269287109375,227.09471,2.0,test_data/Useful/Validation/Stone Dust at 1 ft/WhatsApp Image 2024-09-05 at 17.06.51 (3).jpeg,3834.0,64.0,32.963311383106124
18,0.0,0.0,0.0,0.0,0.0,0.0,0.0,0.0,0.0,0.0,0.0,0.0,0.0,0.0,0.0,0.0,0.0,0.0,0.0,0.0,0.0,0.0,0.0,0.0,0.0,0.0,0.0,0.0,0.0,0.0,0.0,0.0,0.0,0.0,0.0,0.0,0.0,0.0,0.0,0.0,0.0,0.0,0.0,0.0,0.0,0.0,0.0,0.0,0.0,0.0,0.0,0.0,0.0,0.0,0.0,0.0,0.0,0.0,0.0,0.0,0.0,0.0,0.0,0.0,0.0,0.0,1.0,2.0,2.0,3.0,3.0,4.0,4.0,5.0,5.0,6.0,7.0,8.0,8.0,9.0,9.440000000000055,10.0,11.0,11.0,12.0,12.0,13.0,14.0,15.0,15.0,16.0,17.0,19.0,19.559999999999945,21.0,22.0,23.0,26.519999999999982,34.799999999999955,54.0,0.0,1000.3176470696926,1000.5215686559677,1000.6588235497475,1000.7686274647713,1000.8823529481888,2000.1686274558306,2000.623529434204,2001.0,3000.1803921610117,3001.0,153.88296661376953,161.58358459472657,166.57711639404297,170.55894470214844,174.11289978027344,177.62095642089844,181.37789001464841,186.22711486816405,196.17021789550785,346.5748596191406,231.15344,2.0,test_data/Useful/Validation/Stone Dust at 1 ft/WhatsApp Image 2024-09-05 at 17.06.51.jpeg,3654.0,130.0,30.371598772481658
19,0.0,0.0,0.0,0.0,0.0,0.0,0.0,0.0,0.0,0.0,0.0,0.0,0.0,0.0,0.0,0.0,0.0,0.0,0.0,0.0,0.0,0.0,0.0,0.0,0.0,0.0,0.0,0.0,0.0,0.0,0.0,0.0,0.0,0.0,0.0,0.0,0.0,0.0,0.0,0.0,0.0,0.0,0.0,0.0,0.0,0.0,0.0,0.0,0.0,0.0,0.0,0.0,0.0,0.0,0.0,0.0,0.0,0.0,0.0,0.0,0.0,0.0,0.0,0.0,0.0,0.0,0.0,0.0,0.0,0.0,0.0,0.0,0.0,0.0,0.0,0.0,0.0,0.0,0.0,0.0,0.0,0.0,0.0,1.0,2.0,3.0,4.0,5.0,6.360000000000014,7.600000000000023,10.0,10.080000000000041,12.0,14.0,15.0,15.039999999999964,17.279999999999973,19.0,23.0,36.0,0.0,1000.3372549116611,1000.54509806633,1000.6705882549286,1000.7686274647713,2000.074509806931,2000.5647059082985,2000.7568627595901,3000.101960785687,3000.301960796118,3001.0,153.6093994140625,161.30343627929688,166.3686065673828,170.3971710205078,173.98089599609375,177.52828979492188,181.43235778808594,186.41078186035156,196.84791564941406,346.75799560546875,226.46028,2.0,test_data/Useful/Validation/Stone Dust at 1 ft/WhatsApp Image 2024-09-05 at 17.06.52 (1).jpeg,3821.0,61.0,32.228356178867685
20,0.0,0.0,0.0,0.0,0.0,0.0,0.0,0.0,0.0,0.0,0.0,0.0,0.0,0.0,0.0,0.0,0.0,0.0,0.0,0.0,0.0,0.0,0.0,0.0,0.0,0.0,0.0,0.0,0.0,0.0,0.0,0.0,0.0,0.0,0.0,0.0,0.0,0.0,0.0,0.0,0.0,0.0,0.0,0.0,0.0,0.0,0.0,0.0,0.0,0.0,0.0,0.0,0.0,0.0,0.0,0.0,0.0,0.0,0.0,0.0,0.0,0.0,0.0,0.0,0.0,0.0,0.0,0.0,0.0,0.0,0.0,0.0,0.0,0.0,0.0,0.0,0.0,0.0,0.0,0.0,0.0,0.0,0.0,2.0,3.3999999999999773,4.0,5.0,7.0,8.0,9.600000000000023,10.0,12.080000000000041,14.0,15.0,16.0,17.039999999999964,20.0,22.0,24.75999999999999,39.0,0.0,1000.4627451002598,1000.6549019813538,1000.7960784435272,2000.203921571374,2000.4431372582912,2000.6039215922356,2000.7137255072594,2000.8431372642517,3000.2000000029802,3001.0,152.76234588623046,160.50784301757812,165.54032287597656,169.62123107910156,173.25196838378906,176.87334594726562,180.8771560668945,185.9154510498047,196.89825439453125,346.72705078125,226.92238,2.0,test_data/Useful/Validation/Stone Dust at 1 ft/WhatsApp Image 2024-09-05 at 17.06.52 (2).jpeg,3901.0,68.0,28.818132447836234
21,0.0,0.0,0.0,0.0,0.0,0.0,0.0,0.0,0.0,0.0,0.0,0.0,0.0,0.0,0.0,0.0,0.0,0.0,0.0,0.0,0.0,0.0,0.0,0.0,0.0,0.0,0.0,0.0,0.0,0.0,0.0,0.0,0.0,0.0,0.0,0.0,0.0,0.0,0.0,0.0,0.0,0.0,0.0,0.0,0.0,0.0,0.0,0.0,0.0,0.0,0.0,0.0,0.0,0.0,0.0,0.0,0.0,0.0,0.0,0.0,0.0,0.0,0.0,0.0,0.0,0.0,0.0,0.0,0.0,0.0,0.0,0.0,0.0,0.0,0.0,0.0,0.0,0.0,0.0,0.0,0.0,1.0,1.0,3.0,4.0,4.0,6.0,6.1200000000000045,7.0,9.0,10.0,11.0,13.32000000000005,14.0,15.0,16.0,17.279999999999973,19.0,21.75999999999999,39.0,0.0,1000.4313725531101,1000.6274510025978,1000.7490196228027,2000.0666666701436,2000.3686274588108,2000.572549045086,2000.7019608020782,2000.8352941274643,3000.192156866193,3001.0,152.7134246826172,160.5484130859375,165.59634094238282,169.71148376464845,173.3584747314453,176.96134033203126,180.94424438476562,186.10589599609375,196.90138244628906,346.75006103515625,227.36325,2.0,test_data/Useful/Validation/Stone Dust at 1 ft/WhatsApp Image 2024-09-05 at 17.06.52 (3).jpeg,3939.0,66.0,30.444347453307287
22,0.0,0.0,0.0,0.0,0.0,0.0,0.0,0.0,0.0,0.0,0.0,0.0,0.0,0.0,0.0,0.0,0.0,0.0,0.0,0.0,0.0,0.0,0.0,0.0,0.0,0.0,0.0,0.0,0.0,0.0,0.0,0.0,0.0,0.0,0.0,0.0,0.0,0.0,0.0,0.0,0.0,0.0,0.0,0.0,0.0,0.0,0.0,0.0,0.0,0.0,0.0,0.0,0.0,0.0,0.0,0.0,0.0,0.0,0.0,0.0,0.0,0.0,0.0,0.0,0.0,0.0,0.0,0.0,0.0,0.0,0.0,0.0,0.0,1.0,1.0,2.0,2.480000000000018,3.7200000000000273,4.0,4.0,5.440000000000055,6.0,7.0,8.0,9.0,10.0,11.0,12.0,13.0,13.0,14.0,15.0,16.32000000000005,17.0,18.0,19.0,20.279999999999973,22.519999999999982,25.75999999999999,52.0,0.0,1000.4705882370472,1000.6627451181412,1000.8235294222832,2000.3333333432674,2000.5607843399048,2000.678431391716,2000.7803921699524,3000.113725490868,3000.3294117748737,3001.0,153.1811065673828,160.92340698242188,165.92503662109374,169.96341857910156,173.49694061279297,177.06063537597657,180.96871948242188,186.10948181152344,196.79598999023438,346.7536926269531,226.5689,2.0,test_data/Useful/Validation/Stone Dust at 1 ft/WhatsApp Image 2024-09-05 at 17.07.01 (1).jpeg,3848.0,102.0,28.763296641607973
23,0.0,0.0,0.0,0.0,0.0,0.0,0.0,0.0,0.0,0.0,0.0,0.0,0.0,0.0,0.0,0.0,0.0,0.0,0.0,0.0,0.0,0.0,0.0,0.0,0.0,0.0,0.0,0.0,0.0,0.0,0.0,0.0,0.0,0.0,0.0,0.0,0.0,0.0,0.0,0.0,0.0,0.0,0.0,0.0,0.0,0.0,0.0,0.0,0.0,0.0,0.0,0.0,0.0,0.0,0.0,0.0,0.0,0.0,0.0,0.0,0.0,0.0,0.0,0.0,0.0,0.0,0.0,0.0,0.0,0.0,0.0,0.0,0.0,0.0,0.0,0.0,1.0,2.0,2.9600000000000364,3.2000000000000455,4.0,5.0,5.0,6.0,6.399999999999977,7.639999999999986,8.0,9.120000000000005,11.0,12.0,13.0,14.0,15.0,15.559999999999945,17.0,18.0,19.0,23.559999999999945,27.75999999999999,45.0,0.0,1000.4431372582912,1000.6313725709915,1000.7568627595901,2000.188235297799,2000.5254902243614,2000.6705882549286,2000.7882353067398,3000.133333340287,3000.341176480055,3001.0,153.2621047973633,161.2169921875,166.30567932128906,170.30271911621094,173.92483520507812,177.4730651855469,181.3359375,186.30128479003906,196.80662536621094,346.7553405761719,226.84476,2.0,test_data/Useful/Validation/Stone Dust at 1 ft/WhatsApp Image 2024-09-05 at 17.07.01 (2).jpeg,3845.0,90.0,29.517854816967358
24,0.0,0.0,0.0,0.0,0.0,0.0,0.0,0.0,0.0,0.0,0.0,0.0,0.0,0.0,0.0,0.0,0.0,0.0,0.0,0.0,0.0,0.0,0.0,0.0,0.0,0.0,0.0,0.0,0.0,0.0,0.0,0.0,0.0,0.0,0.0,0.0,0.0,0.0,0.0,0.0,0.0,0.0,0.0,0.0,0.0,0.0,0.0,0.0,0.0,0.0,0.0,0.0,0.0,0.0,0.0,0.0,0.0,0.0,0.0,0.0,0.0,0.0,0.0,0.0,0.0,0.0,0.0,0.0,0.0,0.0,0.0,0.0,0.0,0.0,0.0,0.0,0.0,0.0,0.0,0.0,0.0,1.67999999999995,2.919999999999959,3.159999999999968,4.399999999999977,5.0,6.0,7.1200000000000045,9.0,10.0,12.0,13.0,14.0,15.0,16.0,17.0,18.279999999999973,19.519999999999982,22.0,43.0,0.0,1000.4235294163227,1000.611764729023,1000.7254902124405,1000.9843137264252,2000.4509803950787,2000.6352941393852,2000.7490196228027,3000.0941176488996,3000.3176470696926,3001.0,153.5098419189453,161.22125244140625,166.219970703125,170.2745361328125,173.89614868164062,177.47952270507812,181.32748413085938,186.42396545410156,196.734880065918,346.7607421875,225.83359,2.0,test_data/Useful/Validation/Stone Dust at 1 ft/WhatsApp Image 2024-09-05 at 17.07.01.jpeg,3855.0,75.0,30.418594424296558
25,0.0,0.0,0.0,0.0,0.0,0.0,0.0,0.0,0.0,0.0,0.0,0.0,0.0,0.0,0.0,0.0,0.0,0.0,0.0,0.0,0.0,0.0,0.0,0.0,0.0,0.0,0.0,0.0,0.0,0.0,0.0,0.0,0.0,0.0,0.0,0.0,0.0,0.0,0.0,0.0,0.0,0.0,0.0,0.0,0.0,0.0,0.0,0.0,0.0,0.0,0.0,0.0,0.0,0.0,0.0,0.0,0.0,0.0,0.0,0.0,0.0,0.0,0.0,0.36000000000001364,1.0,2.0,2.0,2.32000000000005,4.0,4.0,5.0,5.0,6.0,7.0,7.0,8.0,9.0,9.0,10.0,10.200000000000045,11.440000000000055,12.0,13.0,14.0,15.0,15.0,16.0,17.0,18.0,19.0,20.0,21.0,22.0,23.0,25.0,29.0,31.279999999999973,33.0,39.0,58.0,0.0,1000.4352941215038,1000.6235294342041,1000.7215686440468,1000.8274509906769,2000.2509804069996,2000.584313750267,2000.745098054409,3000.0705882385373,3000.2784313857555,3001.0,152.45246276855468,160.12285156250002,165.15191650390625,169.13844604492186,172.74066162109375,176.26913452148438,180.1270751953125,185.236572265625,196.2457275390625,346.76690673828125,231.44006,2.0,test_data/Useful/Validation/Stone Dust at 1 ft/WhatsApp Image 2024-09-05 at 17.07.02 (1).jpeg,3792.0,160.0,30.85640810599372
26,0.0,0.0,0.0,0.0,0.0,0.0,0.0,0.0,0.0,0.0,0.0,0.0,0.0,0.0,0.0,0.0,0.0,0.0,0.0,0.0,0.0,0.0,0.0,0.0,0.0,0.0,0.0,0.0,0.0,0.0,0.0,0.0,0.0,0.0,0.0,0.0,0.0,0.0,0.0,0.0,0.0,0.0,0.0,0.0,0.0,0.0,0.0,0.0,0.0,0.0,0.0,0.0,0.0,0.0,0.0,0.0,0.0,0.0,0.0,0.0,1.0,1.0,2.0,2.0,2.6000000000000227,3.0,4.0,4.0,4.0,5.0,6.0,6.0,7.0,7.759999999999991,8.0,9.0,10.0,10.720000000000027,12.0,12.0,13.0,13.67999999999995,14.0,14.159999999999968,15.0,15.0,16.0,16.120000000000005,17.0,18.0,19.0,20.0,20.32000000000005,22.0,24.0,25.039999999999964,29.0,31.039999999999964,38.0,55.0,0.0,1000.4431372582912,1000.6352941393852,1000.7333333492279,1000.8274509906769,2000.137254908681,2000.5921568870544,2000.7803921699524,3000.0941176488996,3000.309803932905,3001.0,152.3285369873047,160.2321014404297,165.25677490234375,169.29664611816406,172.87344360351562,176.4425506591797,180.32820739746094,185.32642211914063,196.19203186035156,346.8919372558594,231.49123,2.0,test_data/Useful/Validation/Stone Dust at 1 ft/WhatsApp Image 2024-09-05 at 17.07.02 (2).jpeg,3824.0,164.0,29.156214022177352
27,0.0,0.0,0.0,0.0,0.0,0.0,0.0,0.0,0.0,0.0,0.0,0.0,0.0,0.0,0.0,0.0,0.0,0.0,0.0,0.0,0.0,0.0,0.0,0.0,0.0,0.0,0.0,0.0,0.0,0.0,0.0,0.0,0.0,0.0,0.0,0.0,0.0,0.0,0.0,0.0,0.0,0.0,0.0,0.0,0.0,0.0,0.0,0.0,0.0,0.0,0.0,0.0,0.0,0.0,0.0,0.0,0.0,0.0,0.0,0.0,0.0,0.0,0.0,1.0,1.0,2.0,2.0,3.0,3.0,4.0,4.039999999999964,5.0,6.0,6.0,7.0,8.0,8.480000000000018,9.0,10.0,10.0,11.0,12.0,13.0,15.0,15.0,15.0,15.0,16.0,17.0,17.0,18.0,18.0,19.0,20.0,21.799999999999955,24.079999999999927,27.0,31.519999999999982,36.0,56.0,0.0,1000.4313725531101,1000.6235294342041,1000.7254902124405,1000.8196078538895,2000.1843137294054,2000.5647059082985,2000.7411764860153,3000.058823529631,3000.2823529541492,3001.0,152.91354522705078,160.60354614257812,165.53408813476562,169.57528686523438,173.17132568359375,176.76617431640625,180.59349060058594,185.56564331054688,196.34674072265625,346.83660888671875,231.1525,2.0,test_data/Useful/Validation/Stone Dust at 1 ft/WhatsApp Image 2024-09-05 at 17.07.02 (3).jpeg,3857.0,153.0,35.132721948231314
28,0.0,0.0,0.0,0.0,0.0,0.0,0.0,0.0,0.0,0.0,0.0,0.0,0.0,0.0,0.0,0.0,0.0,0.0,0.0,0.0,0.0,0.0,0.0,0.0,0.0,0.0,0.0,0.0,0.0,0.0,0.0,0.0,0.0,0.0,0.0,0.0,0.0,0.0,0.0,0.0,0.0,0.0,0.0,0.0,0.0,0.0,0.0,0.0,0.0,0.0,0.0,0.0,0.0,0.0,0.0,0.0,0.0,0.0,0.0,0.0,0.0,0.0,0.0,1.0,1.0,1.8400000000000318,3.0,4.0,4.0,4.0,4.039999999999964,5.0,5.0,6.0,7.0,7.0,8.0,8.0,8.960000000000036,10.0,10.0,11.0,12.0,13.0,14.0,15.0,15.0,16.0,16.0,17.0,17.0,18.08000000000004,19.0,21.559999999999945,24.0,27.0,29.0,33.0,37.0,53.0,0.0,1000.4156862795353,1000.6196078658104,1000.7254902124405,1000.8196078538895,2000.176470592618,2000.6039215922356,2000.772549033165,3000.086274512112,3000.3058823645115,3001.0,152.95477294921875,160.65335083007812,165.72201538085938,169.73876953125,173.32467651367188,176.8032989501953,180.64983825683592,185.6678680419922,196.2661895751953,346.88543701171875,231.22519,2.0,test_data/Useful/Validation/Stone Dust at 1 ft/WhatsApp Image 2024-09-05 at 17.07.02.jpeg,3833.0,153.0,29.550700083069643
29,0.0,0.0,0.0,0.0,0.0,0.0,0.0,0.0,0.0,0.0,0.0,0.0,0.0,0.0,0.0,0.0,0.0,0.0,0.0,0.0,0.0,0.0,0.0,0.0,0.0,0.0,0.0,0.0,0.0,0.0,0.0,0.0,0.0,0.0,0.0,0.0,0.0,0.0,0.0,0.0,0.0,0.0,0.0,0.0,0.0,0.0,0.0,0.0,0.0,0.0,0.0,0.0,0.0,0.0,0.0,0.0,0.0,0.0,0.0,0.0,0.0,0.0,0.0,1.0,1.0,2.0,3.0,3.0,4.0,5.0,5.0,6.0,6.0,7.0,8.0,8.240000000000009,9.0,9.720000000000027,11.0,12.0,13.0,14.0,14.0,14.159999999999968,15.0,15.0,16.0,16.0,17.0,17.0,18.0,20.0,20.0,21.0,22.799999999999955,25.0,27.0,30.519999999999982,36.0,53.0,0.0,1000.4313725531101,1000.6235294342041,1000.7215686440468,1000.8196078538895,2000.203921571374,2000.572549045086,2000.745098054409,3000.058823529631,3000.2784313857555,3001.0,152.59894561767578,160.3480682373047,165.35274963378907,169.37646484375,172.94650268554688,176.48822021484375,180.38148803710936,185.42336425781252,196.217529296875,346.7982482910156,230.95578,2.0,test_data/Useful/Validation/Stone Dust at 1 ft/WhatsApp Image 2024-09-05 at 17.07.03 (1).jpeg,3797.0,157.0,32.070920154353146
30,0.0,0.0,0.0,0.0,0.0,0.0,0.0,0.0,0.0,0.0,0.0,0.0,0.0,0.0,0.0,0.0,0.0,0.0,0.0,0.0,0.0,0.0,0.0,0.0,0.0,0.0,0.0,0.0,0.0,0.0,0.0,0.0,0.0,0.0,0.0,0.0,0.0,0.0,0.0,0.0,0.0,0.0,0.0,0.0,0.0,0.0,0.0,0.0,0.0,0.0,0.0,0.0,0.0,0.0,0.0,0.0,0.0,0.0,0.0,0.0,0.0,0.0,0.12000000000000455,1.0,1.0,2.0,2.0,3.0,4.0,4.0,5.0,6.0,6.519999999999982,7.0,8.0,9.0,10.0,11.0,11.960000000000036,12.0,12.0,13.0,14.0,15.0,15.0,15.0,15.0,16.0,17.0,17.0,18.0,19.0,20.32000000000005,22.0,23.0,25.039999999999964,27.0,29.0,33.75999999999999,58.0,0.0,1000.4313725531101,1000.6274510025978,1000.7254902124405,1000.8196078538895,2000.1568627506495,2000.5882353186607,2000.7686274647713,3000.086274512112,3000.301960796118,3001.0,152.76121520996094,160.5682342529297,165.66402282714844,169.6686248779297,173.27061462402344,176.79202270507812,180.62551879882812,185.5782928466797,196.28872680664062,346.85565185546875,231.24023,2.0,test_data/Useful/Validation/Stone Dust at 1 ft/WhatsApp Image 2024-09-05 at 17.07.03 (2).jpeg,3848.0,162.0,33.28562853707929
31,0.0,0.0,0.0,0.0,0.0,0.0,0.0,0.0,0.0,0.0,0.0,0.0,0.0,0.0,0.0,0.0,0.0,0.0,0.0,0.0,0.0,0.0,0.0,0.0,0.0,0.0,0.0,0.0,0.0,0.0,0.0,0.0,0.0,0.0,0.0,0.0,0.0,0.0,0.0,0.0,0.0,0.0,0.0,0.0,0.0,0.0,0.0,0.0,0.0,0.0,0.0,0.0,0.0,0.0,0.0,0.0,0.0,0.0,0.0,0.0,0.0,0.0,0.0,1.0,1.0,1.0,2.080000000000041,3.0,4.0,4.0,4.0,5.0,6.0,7.0,7.0,8.0,9.0,10.0,11.0,12.0,13.0,13.0,14.0,15.0,15.0,16.0,17.0,17.0,18.0,18.0,19.0,20.0,20.32000000000005,22.0,24.799999999999955,27.0,28.0,32.0,35.75999999999999,56.0,0.0,1000.4392156898975,1000.6392157077789,1000.7411764860153,1000.8431372642517,2000.2823529541492,2000.6274510025978,2000.7803921699524,3000.086274512112,3000.3058823645115,3001.0,152.68296813964844,160.53115844726562,165.57106018066406,169.5762939453125,173.1999053955078,176.68944396972657,180.54352416992188,185.5565368652344,196.48568725585938,346.87872314453125,230.58372,2.0,test_data/Useful/Validation/Stone Dust at 1 ft/WhatsApp Image 2024-09-05 at 17.07.03 (3).jpeg,3844.0,160.0,34.01522610965132
32,0.0,0.0,0.0,0.0,0.0,0.0,0.0,0.0,0.0,0.0,0.0,0.0,0.0,0.0,0.0,0.0,0.0,0.0,0.0,0.0,0.0,0.0,0.0,0.0,0.0,0.0,0.0,0.0,0.0,0.0,0.0,0.0,0.0,0.0,0.0,0.0,0.0,0.0,0.0,0.0,0.0,0.0,0.0,0.0,0.0,0.0,0.0,0.0,0.0,0.0,0.0,0.0,0.0,0.0,0.0,0.0,0.0,0.0,0.0,0.0,1.0,1.0,2.0,2.0,3.0,3.840000000000032,5.0,5.0,6.0,6.0,7.0,7.279999999999973,8.0,9.0,10.0,10.0,11.0,12.0,12.0,13.0,13.0,14.0,14.0,15.0,15.0,16.0,16.0,17.0,17.0,18.0,18.0,19.0,21.0,23.0,24.799999999999955,27.0,29.0,31.519999999999982,40.27999999999997,52.0,0.0,1000.4431372582912,1000.6313725709915,1000.7254902124405,1000.8196078538895,2000.1254902034998,2000.5803921818733,2000.7764706015587,3000.0980392172933,3000.309803932905,3001.0,152.70909271240234,160.40682983398438,165.38961791992188,169.39263916015625,172.94894409179688,176.47257080078126,180.3199661254883,185.27752075195312,196.15444946289062,346.85601806640625,231.33224,2.0,test_data/Useful/Validation/Stone Dust at 1 ft/WhatsApp Image 2024-09-05 at 17.07.03.jpeg,3802.0,174.0,25.893054995132506
33,0.0,0.0,0.0,0.0,0.0,0.0,0.0,0.0,0.0,0.0,0.0,0.0,0.0,0.0,0.0,0.0,0.0,0.0,0.0,0.0,0.0,0.0,0.0,0.0,0.0,0.0,0.0,0.0,0.0,0.0,0.0,0.0,0.0,0.0,0.0,0.0,0.0,0.0,0.0,0.0,0.0,0.0,0.0,0.0,0.0,0.0,0.0,0.0,0.0,0.0,0.0,0.0,0.0,0.0,0.0,0.0,0.0,0.0,0.0,0.0,0.0,0.0,1.0,1.0,2.0,2.0,3.0,4.0,4.0,5.0,5.0,6.0,7.0,7.0,8.0,8.0,9.0,10.0,10.0,11.0,11.0,12.0,12.919999999999959,13.0,14.0,15.0,15.0,16.0,16.360000000000014,17.0,18.0,19.0,20.0,21.0,23.0,26.0,28.0,33.51999999999998,36.0,50.0,0.0,1000.4392156898975,1000.6352941393852,1000.7372549176216,1000.839215695858,2000.2745098173618,2000.611764729023,2000.7686274647713,3000.0784313753247,3000.298039227724,3001.0,152.8161148071289,160.50999145507814,165.576416015625,169.54727172851562,173.1514892578125,176.73949279785157,180.58193969726562,185.52505493164062,196.27920532226562,346.8463439941406,231.71368,2.0,test_data/Useful/Validation/Stone Dust at 1 ft/WhatsApp Image 2024-09-05 at 17.07.04 (1).jpeg,3821.0,159.0,31.45928288255949
34,0.0,0.0,0.0,0.0,0.0,0.0,0.0,0.0,0.0,0.0,0.0,0.0,0.0,0.0,0.0,0.0,0.0,0.0,0.0,0.0,0.0,0.0,0.0,0.0,0.0,0.0,0.0,0.0,0.0,0.0,0.0,0.0,0.0,0.0,0.0,0.0,0.0,0.0,0.0,0.0,0.0,0.0,0.0,0.0,0.0,0.0,0.0,0.0,0.0,0.0,0.0,0.0,0.0,0.0,0.0,0.0,0.0,0.0,0.0,0.0,0.6399999999999864,1.0,2.0,2.0,3.0,3.0,4.0,4.0,4.559999999999945,5.0,6.0,7.0,7.0,7.0,8.0,9.0,10.0,10.0,10.960000000000036,12.0,13.0,13.67999999999995,15.0,15.0,16.0,16.0,17.0,18.0,19.0,20.0,21.0,22.0,23.0,23.559999999999945,25.0,27.0,28.559999999999945,32.51999999999998,40.27999999999997,52.0,0.0,1000.4431372582912,1000.6352941393852,1000.7333333492279,1000.839215695858,2000.2509804069996,2000.6078431606293,2000.7764706015587,3000.090196080506,3000.298039227724,3001.0,152.36082763671874,160.13125,165.18201141357423,169.17412414550782,172.80050659179688,176.30555725097656,180.14813232421875,185.1173095703125,195.9642333984375,346.8160400390625,232.32886,2.0,test_data/Useful/Validation/Stone Dust at 1 ft/WhatsApp Image 2024-09-05 at 17.07.04 (2).jpeg,3822.0,173.0,32.26056503873656
35,0.0,0.0,0.0,0.0,0.0,0.0,0.0,0.0,0.0,0.0,0.0,0.0,0.0,0.0,0.0,0.0,0.0,0.0,0.0,0.0,0.0,0.0,0.0,0.0,0.0,0.0,0.0,0.0,0.0,0.0,0.0,0.0,0.0,0.0,0.0,0.0,0.0,0.0,0.0,0.0,0.0,0.0,0.0,0.0,0.0,0.0,0.0,0.0,0.0,0.0,0.0,0.0,0.0,0.0,0.0,0.0,0.0,0.0,0.0,0.0,0.0,0.0,1.0,1.3600000000000136,2.0,3.0,3.0,4.0,4.0,5.0,6.0,6.0,7.0,7.0,8.0,8.0,9.0,9.720000000000027,10.0,10.0,11.0,12.0,13.0,13.159999999999968,14.399999999999977,15.0,15.0,16.0,16.0,17.0,17.840000000000032,18.0,19.0,21.0,22.0,24.0,28.279999999999973,32.0,39.75999999999999,52.0,0.0,1000.4313725531101,1000.6274510025978,1000.7254902124405,1000.8313725590706,2000.258823543787,2000.5960784554482,2000.7529411911964,3000.06274510175,3000.274509817362,3001.0,152.3136001586914,160.2320343017578,165.3358947753906,169.32239379882813,172.95410919189453,176.53062438964844,180.37045288085938,185.38040161132812,196.41232299804688,346.796875,231.54855,2.0,test_data/Useful/Validation/Stone Dust at 1 ft/WhatsApp Image 2024-09-05 at 17.07.04 (3).jpeg,3849.0,160.0,31.09039378070167
36,0.0,0.0,0.0,0.0,0.0,0.0,0.0,0.0,0.0,0.0,0.0,0.0,0.0,0.0,0.0,0.0,0.0,0.0,0.0,0.0,0.0,0.0,0.0,0.0,0.0,0.0,0.0,0.0,0.0,0.0,0.0,0.0,0.0,0.0,0.0,0.0,0.0,0.0,0.0,0.0,0.0,0.0,0.0,0.0,0.0,0.0,0.0,0.0,0.0,0.0,0.0,0.0,0.0,0.0,0.0,0.0,0.0,0.0,0.0,0.0,1.0,1.0,2.0,2.0,3.0,4.0,4.0,5.0,5.0,6.0,6.0,6.0,7.0,7.0,8.0,8.0,8.480000000000018,9.0,9.960000000000036,10.0,11.0,12.0,12.0,13.0,14.0,15.0,15.0,16.0,16.0,17.0,18.0,19.0,20.0,21.0,23.799999999999955,27.0,28.0,32.51999999999998,36.0,53.0,0.0,1000.4588235318661,1000.6470588445663,1000.7490196228027,1000.8627451062202,2000.3176470696926,2000.6313725709915,2000.7803921699524,3000.086274512112,3000.301960796118,3001.0,152.61502075195312,160.4409423828125,165.50118560791014,169.48348693847657,173.07811737060547,176.59835205078124,180.440771484375,185.52001953125,196.29119873046875,346.8697814941406,231.23207,2.0,test_data/Useful/Validation/Stone Dust at 1 ft/WhatsApp Image 2024-09-05 at 17.07.04.jpeg,3836.0,159.0,29.055868557174257
37,0.0,0.0,0.0,0.0,0.0,0.0,0.0,0.0,0.0,0.0,0.0,0.0,0.0,0.0,0.0,0.0,0.0,0.0,0.0,0.0,0.0,0.0,0.0,0.0,0.0,0.0,0.0,0.0,0.0,0.0,0.0,0.0,0.0,0.0,0.0,0.0,0.0,0.0,0.0,0.0,0.0,0.0,0.0,0.0,0.0,0.0,0.0,0.0,0.0,0.0,0.0,0.0,0.0,0.0,0.0,0.0,0.0,0.0,0.0,0.0,0.0,1.0,1.0,1.0,2.0,2.0,3.0,4.0,5.0,6.0,6.039999999999964,7.0,7.519999999999982,8.0,9.0,9.0,10.0,11.0,11.0,12.0,13.0,13.0,14.0,14.0,14.399999999999977,15.0,16.0,16.0,17.0,18.0,19.0,20.0,21.0,22.0,24.0,26.079999999999927,29.279999999999973,33.51999999999998,41.0,49.0,0.0,1000.4352941215038,1000.6274510025978,1000.7254902124405,1000.8156862854958,2000.058823529631,2000.5764706134796,2000.7764706015587,3000.0980392172933,3000.309803932905,3001.0,152.6194610595703,160.4107666015625,165.38963317871094,169.42544555664062,172.9546356201172,176.43560791015625,180.30355834960938,185.36797485351562,196.15731811523438,346.8812561035156,232.56622,2.0,test_data/Useful/Validation/Stone Dust at 1 ft/WhatsApp Image 2024-09-05 at 17.07.05 (1).jpeg,3878.0,167.0,34.11984350689984
38,0.0,0.0,0.0,0.0,0.0,0.0,0.0,0.0,0.0,0.0,0.0,0.0,0.0,0.0,0.0,0.0,0.0,0.0,0.0,0.0,0.0,0.0,0.0,0.0,0.0,0.0,0.0,0.0,0.0,0.0,0.0,0.0,0.0,0.0,0.0,0.0,0.0,0.0,0.0,0.0,0.0,0.0,0.0,0.0,0.0,0.0,0.0,0.0,0.0,0.0,0.0,0.0,0.0,0.0,0.0,0.0,0.0,0.0,0.0,0.0,0.0,0.0,1.0,1.0,2.0,2.840000000000032,3.0,4.0,4.0,5.0,5.0,6.0,7.0,7.759999999999991,9.0,9.0,10.0,10.0,11.0,11.200000000000045,12.0,13.0,13.919999999999959,14.159999999999968,15.0,15.0,16.0,16.120000000000005,17.0,18.0,19.0,20.0,21.0,22.559999999999945,23.0,26.0,27.0,30.519999999999982,39.27999999999997,61.0,0.0,1000.4549019634724,1000.6431372761726,1000.745098054409,1000.8509804010391,2000.3098039329052,2000.6352941393852,2000.784313738346,3000.086274512112,3000.3058823645115,3001.0,152.77630615234375,160.5239990234375,165.5800018310547,169.56973266601562,173.1658172607422,176.69515991210938,180.55062866210938,185.56619262695312,196.1990509033203,346.8847351074219,231.3579,2.0,test_data/Useful/Validation/Stone Dust at 1 ft/WhatsApp Image 2024-09-05 at 17.07.05 (2).jpeg,3781.0,167.0,28.126748508430243
39,0.0,0.0,0.0,0.0,0.0,0.0,0.0,0.0,0.0,0.0,0.0,0.0,0.0,0.0,0.0,0.0,0.0,0.0,0.0,0.0,0.0,0.0,0.0,0.0,0.0,0.0,0.0,0.0,0.0,0.0,0.0,0.0,0.0,0.0,0.0,0.0,0.0,0.0,0.0,0.0,0.0,0.0,0.0,0.0,0.0,0.0,0.0,0.0,0.0,0.0,0.0,0.0,0.0,0.0,0.0,0.0,0.0,0.0,0.0,0.0,0.6399999999999864,1.0,2.0,2.0,2.0,3.0,4.0,4.32000000000005,5.0,6.0,6.039999999999964,7.0,8.0,8.0,9.0,9.0,10.0,11.0,11.0,12.0,12.0,13.0,13.0,15.0,15.0,15.0,15.0,16.0,16.0,17.0,18.0,19.0,20.0,21.559999999999945,22.799999999999955,25.0,28.0,34.51999999999998,36.0,55.0,0.0,1000.4313725531101,1000.6313725709915,1000.7294117808342,1000.8156862854958,1000.9607843160629,2000.5882353186607,2000.811764717102,3000.1215686276555,3000.337254911661,3001.0,152.92559204101562,160.71367797851562,165.6864013671875,169.71075439453125,173.26376342773438,176.79852294921875,180.6448516845703,185.65185546875,196.20220947265625,346.962890625,232.6611,2.0,test_data/Useful/Validation/Stone Dust at 1 ft/WhatsApp Image 2024-09-05 at 17.07.05.jpeg,3826.0,164.0,31.127261992356367
40,0.0,0.0,0.0,0.0,0.0,0.0,0.0,0.0,0.0,0.0,0.0,0.0,0.0,0.0,0.0,0.0,0.0,0.0,0.0,0.0,0.0,0.0,0.0,0.0,0.0,0.0,0.0,0.0,0.0,0.0,0.0,0.0,0.0,0.0,0.0,0.0,0.0,0.0,0.0,0.0,0.0,0.0,0.0,0.0,0.0,0.0,0.0,0.0,0.0,0.0,0.0,0.0,0.0,0.0,0.0,0.0,0.0,0.0,1.0,1.0,2.0,2.0,3.0,3.0,4.0,4.0,5.0,5.0,6.0,7.0,7.039999999999964,8.0,9.0,9.0,10.0,11.0,11.0,11.0,12.0,13.0,14.0,15.0,15.0,16.0,16.0,17.0,18.0,19.0,20.0,20.0,21.0,23.0,24.0,25.0,25.799999999999955,28.0,30.559999999999945,32.51999999999998,37.75999999999999,61.0,0.0,1000.419607847929,1000.6235294342041,1000.7294117808342,1000.8156862854958,2000.0274509806186,2000.6156862974167,2000.8039215803146,3000.1098039224744,3000.3215686380863,3001.0,152.67858428955077,160.4925537109375,165.48361206054688,169.5138702392578,173.02029418945312,176.58505249023438,180.4302215576172,185.45860290527344,196.26229858398438,346.90484619140625,232.0279,2.0,test_data/Useful/Validation/Stone Dust at 1 ft/WhatsApp Image 2024-09-05 at 17.07.06 (1).jpeg,3760.0,185.0,29.398751054392047
41,0.0,0.0,0.0,0.0,0.0,0.0,0.0,0.0,0.0,0.0,0.0,0.0,0.0,0.0,0.0,0.0,0.0,0.0,0.0,0.0,0.0,0.0,0.0,0.0,0.0,0.0,0.0,0.0,0.0,0.0,0.0,0.0,0.0,0.0,0.0,0.0,0.0,0.0,0.0,0.0,0.0,0.0,0.0,0.0,0.0,0.0,0.0,0.0,0.0,0.0,0.0,0.0,0.0,0.0,0.0,0.0,0.0,0.0,0.0,0.0,0.0,1.0,2.0,2.0,3.0,3.0,4.0,4.0,5.0,5.0,5.039999999999964,6.0,7.0,8.0,9.0,9.0,10.0,10.0,11.0,12.0,12.440000000000055,13.0,14.0,14.0,15.0,15.0,16.0,16.120000000000005,17.0,18.0,18.0,19.0,20.32000000000005,22.0,23.0,28.0,30.279999999999973,34.51999999999998,38.0,53.0,0.0,1000.4431372582912,1000.6431372761726,1000.7490196228027,1000.8627451062202,2000.3490196168423,2000.6470588445663,2000.7921568751335,3000.090196080506,3000.309803932905,3001.0,152.77163696289062,160.5667266845703,165.64476013183594,169.5850830078125,173.202392578125,176.7308776855469,180.53106689453125,185.53651428222656,196.25326538085938,346.876220703125,231.58707,2.0,test_data/Useful/Validation/Stone Dust at 1 ft/WhatsApp Image 2024-09-05 at 17.07.06 (2).jpeg,3757.0,159.0,32.22911418077669
42,0.0,0.0,0.0,0.0,0.0,0.0,0.0,0.0,0.0,0.0,0.0,0.0,0.0,0.0,0.0,0.0,0.0,0.0,0.0,0.0,0.0,0.0,0.0,0.0,0.0,0.0,0.0,0.0,0.0,0.0,0.0,0.0,0.0,0.0,0.0,0.0,0.0,0.0,0.0,0.0,0.0,0.0,0.0,1.0,2.0,2.0,3.0,3.0,4.0,4.0,5.0,5.0,5.720000000000027,6.0,6.0,7.0,7.0,8.0,8.0,8.399999999999977,9.0,9.0,10.0,11.0,11.0,11.0,12.0,12.0,13.0,13.0,13.039999999999964,14.0,15.0,15.0,16.0,16.0,16.480000000000018,17.0,17.0,18.0,19.0,19.0,19.91999999999996,20.0,21.0,21.0,22.0,22.120000000000005,23.360000000000014,25.0,26.0,27.0,28.0,29.0,30.0,32.039999999999964,35.0,39.0,43.75999999999999,50.0,0.0,1000.7411764860153,1001.0,2000.2941176593304,2000.4627451002598,2000.572549045086,2000.678431391716,2000.8274509906769,3000.3176470696926,3000.5764706134796,3001.0,150.74292602539063,158.52825927734375,163.56092834472656,167.55615234375,171.04143524169922,174.44840393066406,178.12122039794923,182.99000244140626,193.86985778808594,346.9229431152344,237.13112,2.0,test_data/Useful/Validation/Stone Dust at 1 ft/WhatsApp Image 2024-09-05 at 17.10.28 (1).jpeg,2416.0,240.0,32.572085871704445
43,0.0,0.0,0.0,0.0,0.0,0.0,0.0,0.0,0.0,0.0,0.0,0.0,0.0,0.0,0.0,0.0,0.0,0.0,0.0,0.0,0.0,0.0,0.0,0.0,0.0,0.0,0.0,0.0,0.0,0.0,0.0,0.0,0.0,0.0,0.0,0.0,0.0,0.0,0.0,0.0,0.0,0.0,1.3199999999999932,2.0,2.0,3.0,3.0,3.0,4.0,5.0,5.0,6.0,6.0,7.0,8.0,8.0,8.0,9.0,9.0,9.0,10.0,10.0,11.0,12.0,12.0,12.0,13.0,14.0,14.0,14.0,15.0,15.0,15.0,16.0,16.0,16.24000000000001,17.0,17.0,18.0,18.0,18.440000000000055,19.0,20.0,21.0,22.0,22.0,23.0,24.0,25.0,25.0,26.0,27.0,28.32000000000005,29.0,30.0,32.0,35.0,38.0,42.51999999999998,54.0,0.0,1000.7529411911964,2000.0078431377187,2000.3019607961178,2000.4549019634724,2000.5647059082985,2000.6705882549286,2000.8196078538895,3000.313725501299,3000.568627476692,3001.0,150.49871978759765,158.3385498046875,163.26551818847656,167.22279357910156,170.71184539794922,174.108349609375,177.7747573852539,182.60986938476563,193.65375671386718,346.8544921875,237.04773,2.0,test_data/Useful/Validation/Stone Dust at 1 ft/WhatsApp Image 2024-09-05 at 17.10.28 (2).jpeg,2344.0,251.0,25.481432141401026
44,0.0,0.0,0.0,0.0,0.0,0.0,0.0,0.0,0.0,0.0,0.0,0.0,0.0,0.0,0.0,0.0,0.0,0.0,0.0,0.0,0.0,0.0,0.0,0.0,0.0,0.0,0.0,0.0,0.0,0.0,0.0,0.0,0.0,0.0,0.0,0.0,0.0,0.0,0.0,0.0,0.0,0.0,0.0,1.0,1.0,2.0,3.0,3.0,4.0,4.0,4.240000000000009,5.0,5.720000000000027,6.0,6.2000000000000455,7.0,7.0,7.0,7.0,8.0,8.0,9.0,9.0,9.0,10.0,10.840000000000032,11.0,11.32000000000005,12.0,12.799999999999955,13.0,13.0,14.0,15.0,15.0,15.0,16.0,16.0,17.0,17.0,18.0,18.0,19.0,20.0,20.0,21.0,22.0,22.120000000000005,23.0,24.0,25.0,26.0,27.0,29.0,30.0,32.0,36.0,39.0,41.75999999999999,54.0,0.0,1000.7647058963776,2000.0039215688594,2000.2901960909367,2000.4509803950787,2000.5607843399048,2000.6627451181412,2000.7960784435272,3000.2784313857555,3000.5647059082985,3001.0,150.7921936035156,158.52630310058595,163.46957397460938,167.38014221191406,170.8496856689453,174.24505615234375,177.99566802978515,182.70605773925783,193.59799194335938,346.8902893066406,237.40475,2.0,test_data/Useful/Validation/Stone Dust at 1 ft/WhatsApp Image 2024-09-05 at 17.10.28 (3).jpeg,2413.0,249.0,25.000943487621445
45,0.0,0.0,0.0,0.0,0.0,0.0,0.0,0.0,0.0,0.0,0.0,0.0,0.0,0.0,0.0,0.0,0.0,0.0,0.0,0.0,0.0,0.0,0.0,0.0,0.0,0.0,0.0,0.0,0.0,0.0,0.0,0.0,0.0,0.0,0.0,0.0,0.0,0.0,0.0,0.0,0.0,0.0,0.0,1.0,1.0,1.0,2.0,2.0,3.0,3.0,3.240000000000009,4.0,4.0,5.0,5.0,6.0,7.0,7.919999999999959,8.0,8.0,9.0,9.0,10.0,11.0,11.600000000000023,12.0,12.0,13.0,13.0,14.0,14.0,14.279999999999973,15.0,15.0,16.0,16.0,16.0,17.0,17.960000000000036,18.0,19.0,19.0,20.0,21.0,21.0,22.0,22.0,23.0,24.0,24.0,25.0,26.0,27.0,29.0,30.0,32.0,34.0,39.0,42.0,60.0,0.0,1000.7803921699524,2000.0117647061124,2000.3058823645115,2000.458823531866,2000.5647059082985,2000.6627451181412,2000.784313738346,3000.2352941185236,3000.5529412031174,3001.0,151.38385314941408,158.8928192138672,163.8929672241211,167.82122802734375,171.2113800048828,174.6094970703125,178.2664810180664,182.9415710449219,193.745849609375,346.88629150390625,236.66113,2.0,test_data/Useful/Validation/Stone Dust at 1 ft/WhatsApp Image 2024-09-05 at 17.10.28.jpeg,2388.0,246.0,29.34301559245506
46,0.0,0.0,0.0,0.0,0.0,0.0,0.0,0.0,0.0,0.0,0.0,0.0,0.0,0.0,0.0,0.0,0.0,0.0,0.0,0.0,0.0,0.0,0.0,0.0,0.0,0.0,0.0,0.0,0.0,0.0,0.0,0.0,0.0,0.0,0.0,0.0,0.0,0.0,0.0,0.0,0.0,0.0,0.0,0.0,0.0,0.0,0.0,0.0,0.0,0.0,0.0,0.0,0.0,0.0,0.0,0.0,0.0,0.0,0.0,0.0,0.0,1.0,1.0,2.3600000000000136,3.0,4.0,5.0,5.0,6.0,6.0,6.039999999999964,7.0,8.0,9.0,9.0,11.0,11.0,11.0,12.960000000000036,14.0,14.0,15.0,15.919999999999959,16.0,17.0,17.0,17.0,18.0,18.360000000000014,19.0,20.0,21.0,22.0,23.0,25.0,28.0,29.279999999999973,35.51999999999998,41.51999999999998,47.0,0.0,1000.611764729023,2000.0392156876624,2000.286274522543,2000.419607847929,2000.5137255191803,2000.5882353186607,2000.6431372761726,2000.6980392336845,2000.7803921699524,3001.0,151.76158142089844,159.5210968017578,164.44723205566407,168.36599731445312,171.86912536621094,175.33609313964843,179.05950775146485,183.9363250732422,195.2540740966797,346.885498046875,234.30351,2.0,test_data/Useful/Validation/Stone Dust at 1 ft/WhatsApp Image 2024-09-05 at 17.10.29 (1).jpeg,2989.0,175.0,28.923424712523676
47,0.0,0.0,0.0,0.0,0.0,0.0,0.0,0.0,0.0,0.0,0.0,0.0,0.0,0.0,0.0,0.0,0.0,0.0,0.0,0.0,0.0,0.0,0.0,0.0,0.0,0.0,0.0,0.0,0.0,0.0,0.0,0.0,0.0,0.0,0.0,0.0,0.0,0.0,0.0,0.0,0.0,0.0,0.0,0.0,0.0,0.0,0.0,0.0,0.0,0.0,0.0,0.0,0.0,0.0,0.0,0.0,0.0,0.0,0.0,0.0,0.0,1.0,1.0,1.3600000000000136,2.0,2.840000000000032,3.0,4.0,4.0,5.7999999999999545,6.0,7.0,8.0,9.0,9.0,10.0,10.0,11.0,12.0,12.0,14.0,14.0,15.0,16.0,16.0,17.0,18.0,19.0,20.0,20.0,21.0,22.0,23.0,24.0,25.0,28.0,30.279999999999973,35.559999999999945,40.75999999999999,53.0,0.0,1000.584313750267,2000.0039215688594,2000.2666666805744,2000.4156862795353,2000.5137255191803,2000.5882353186607,2000.6470588445663,2000.7019608020782,2000.800000011921,3001.0,151.9339141845703,159.6617919921875,164.66539001464844,168.65548706054688,172.1472930908203,175.53631591796875,179.23214721679688,184.15911865234375,195.46658325195312,346.88995361328125,234.16238,2.0,test_data/Useful/Validation/Stone Dust at 1 ft/WhatsApp Image 2024-09-05 at 17.10.29 (2).jpeg,3006.0,170.0,31.135583080926438
48,0.0,0.0,0.0,0.0,0.0,0.0,0.0,0.0,0.0,0.0,0.0,0.0,0.0,0.0,0.0,0.0,0.0,0.0,0.0,0.0,0.0,0.0,0.0,0.0,0.0,0.0,0.0,0.0,0.0,0.0,0.0,0.0,0.0,0.0,0.0,0.0,0.0,0.0,0.0,0.0,0.0,0.0,0.0,0.0,0.0,0.0,0.0,0.0,0.0,0.0,0.0,0.0,0.0,0.0,0.0,0.0,0.0,0.0,0.0,1.0,2.0,2.0,3.0,3.0,4.0,4.0,5.0,6.0,6.0,7.0,8.0,8.279999999999973,9.0,9.0,10.0,11.0,12.0,12.0,13.0,13.0,14.0,15.0,15.0,16.0,16.0,17.0,17.0,18.0,18.0,19.0,20.0,21.08000000000004,22.32000000000005,24.0,26.0,27.039999999999964,30.0,32.0,37.75999999999999,51.0,0.0,1000.6431372761726,2000.0666666701436,2000.3058823645115,2000.4352941215038,2000.5254902243614,2000.5960784554482,2000.65098041296,2000.705882370472,2000.800000011921,3001.0,151.3644760131836,159.16274719238282,164.18972778320312,168.24072265625,171.77915954589844,175.33617248535157,179.1691436767578,184.163330078125,195.64024353027344,346.9233703613281,234.42404,2.0,test_data/Useful/Validation/Stone Dust at 1 ft/WhatsApp Image 2024-09-05 at 17.10.29 (3).jpeg,3005.0,176.0,32.05264609747849
49,0.0,0.0,0.0,0.0,0.0,0.0,0.0,0.0,0.0,0.0,0.0,0.0,0.0,0.0,0.0,0.0,0.0,0.0,0.0,0.0,0.0,0.0,0.0,0.0,0.0,0.0,0.0,0.0,0.0,0.0,0.0,0.0,0.0,0.0,0.0,0.0,0.0,0.0,0.0,0.0,0.0,0.0,0.0,0.0,0.0,0.0,0.0,1.0,1.0,1.0,2.0,2.0,3.0,3.0,3.0,4.0,4.0,5.0,5.0,6.0,7.0,7.8799999999999955,8.0,9.0,9.0,10.0,10.080000000000041,11.0,11.0,12.0,12.0,13.0,14.0,14.0,15.0,15.0,15.0,16.0,16.0,17.0,17.0,17.0,18.0,18.0,19.0,19.639999999999986,20.0,21.0,21.0,21.0,22.0,23.08000000000004,25.0,26.0,27.0,29.039999999999964,31.0,32.51999999999998,37.0,57.0,0.0,1000.8000000119209,2000.0117647061124,2000.32549020648,2000.486274510622,2000.6000000238419,2000.7098039388657,2000.9019607901573,3000.376470595598,3000.6078431606293,3001.0,151.13228912353514,158.92682189941405,163.88302612304688,167.762548828125,171.2903060913086,174.69451904296875,178.49862670898438,183.25759887695312,194.159912109375,346.9921875,236.47005,2.0,test_data/Useful/Validation/Stone Dust at 1 ft/WhatsApp Image 2024-09-05 at 17.10.29.jpeg,2582.0,221.0,26.496431797989736
50,0.0,0.0,0.0,0.0,0.0,0.0,0.0,0.0,0.0,0.0,0.0,0.0,0.0,0.0,0.0,0.0,0.0,0.0,0.0,0.0,0.0,0.0,0.0,0.0,0.0,0.0,0.0,0.0,0.0,0.0,0.0,0.0,0.0,0.0,0.0,0.0,0.0,0.0,0.0,0.0,0.0,0.0,0.0,0.0,0.0,0.0,0.0,0.0,0.0,0.0,0.0,0.0,0.0,0.0,0.0,0.0,0.0,0.0,0.0,0.0,0.6399999999999864,1.0,2.0,2.0,3.0,4.0,4.0,4.0,5.0,6.0,7.0,8.0,8.0,9.0,9.0,10.0,10.0,11.0,11.0,12.0,12.0,13.0,13.919999999999959,14.159999999999968,15.0,15.0,16.0,17.0,17.0,18.0,19.0,21.0,23.0,25.0,26.799999999999955,28.0,31.279999999999973,34.0,37.0,58.0,0.0,1000.6196078658104,2000.0470588244498,2000.2901960909367,2000.4235294163227,2000.517647087574,2000.5882353186607,2000.6431372761726,2000.6941176652908,2000.7764706015587,3001.0,151.5055389404297,159.29981384277343,164.33106384277343,168.3408935546875,171.92149353027344,175.4125732421875,179.21835327148438,184.1761474609375,195.61611938476562,346.8905029296875,234.62694,2.0,test_data/Useful/Validation/Stone Dust at 1 ft/WhatsApp Image 2024-09-05 at 17.10.30 (1).jpeg,2947.0,163.0,27.620350144029533
51,0.0,0.0,0.0,0.0,0.0,0.0,0.0,0.0,0.0,0.0,0.0,0.0,0.0,0.0,0.0,0.0,0.0,0.0,0.0,0.0,0.0,0.0,0.0,0.0,0.0,0.0,0.0,0.0,0.0,0.0,0.0,0.0,0.0,0.0,0.0,0.0,0.0,0.0,0.0,0.0,0.0,0.0,0.0,0.0,0.0,0.0,0.0,0.0,0.0,0.0,0.0,0.0,0.0,0.0,0.0,0.0,0.0,0.0,0.0,1.0,1.0,2.0,2.0,3.0,3.0,4.0,5.0,5.0,6.0,6.7999999999999545,8.0,8.0,8.0,9.0,10.0,11.0,11.0,12.0,12.0,13.0,14.0,14.0,14.0,15.0,15.0,16.0,16.0,17.0,18.0,18.600000000000023,20.0,20.0,21.0,23.0,24.0,26.0,27.0,31.0,34.0,53.0,0.0,1000.5686274766922,1000.9137254953384,2000.2627451121807,2000.4313725531101,2000.5372549295425,2000.611764729023,2000.6666666865349,2000.7254902124405,2000.839215695858,3001.0,152.39266662597657,160.15235900878906,165.1889190673828,169.10595703125,172.62350463867188,176.07294921874998,179.80224609375,184.67506408691406,195.65655517578125,347.00830078125,233.73053,2.0,test_data/Useful/Validation/Stone Dust at 1 ft/WhatsApp Image 2024-09-05 at 17.10.30 (2).jpeg,2976.0,168.0,29.8834938111791
52,0.0,0.0,0.0,0.0,0.0,0.0,0.0,0.0,0.0,0.0,0.0,0.0,0.0,0.0,0.0,0.0,0.0,0.0,0.0,0.0,0.0,0.0,0.0,0.0,0.0,0.0,0.0,0.0,0.0,0.0,0.0,0.0,0.0,0.0,0.0,0.0,0.0,0.0,0.0,0.0,0.0,0.0,0.0,0.0,0.0,0.0,0.0,0.0,0.0,0.0,0.0,0.0,0.0,0.0,0.0,0.0,0.0,0.0,0.0,1.0,1.0,1.8799999999999955,2.0,3.0,3.0,3.840000000000032,5.0,5.0,6.0,6.0,7.0,7.0,8.0,8.0,9.0,10.0,10.0,11.0,11.0,13.0,14.0,14.0,14.919999999999959,15.0,15.399999999999977,16.0,17.0,18.0,19.0,20.0,20.840000000000032,21.0,22.0,23.559999999999945,25.0,28.0,32.0,35.0,37.75999999999999,56.0,0.0,1000.5529412031174,1000.9098039269447,2000.23137255013,2000.3960784375668,2000.5019608139992,2000.5803921818733,2000.639215707779,2000.6941176652908,2000.784313738346,3001.0,151.99349975585938,159.75091552734375,164.69444274902344,168.63812255859375,172.16070556640625,175.6361083984375,179.44561767578125,184.2911376953125,195.4595184326172,346.89129638671875,234.35953,2.0,test_data/Useful/Validation/Stone Dust at 1 ft/WhatsApp Image 2024-09-05 at 17.10.30 (3).jpeg,2909.0,173.0,38.11576497873719
53,0.0,0.0,0.0,0.0,0.0,0.0,0.0,0.0,0.0,0.0,0.0,0.0,0.0,0.0,0.0,0.0,0.0,0.0,0.0,0.0,0.0,0.0,0.0,0.0,0.0,0.0,0.0,0.0,0.0,0.0,0.0,0.0,0.0,0.0,0.0,0.0,0.0,0.0,0.0,0.0,0.0,0.0,0.0,0.0,0.0,0.0,0.0,0.0,0.0,0.0,0.0,0.0,0.0,0.0,0.0,0.0,0.0,0.0,0.0,0.0,1.0,1.0,2.0,2.3600000000000136,3.0,4.0,4.080000000000041,5.0,6.0,6.7999999999999545,7.0,8.0,8.0,9.0,9.0,10.0,10.0,11.0,12.0,13.0,13.0,14.0,15.0,15.0,15.0,16.0,17.0,17.120000000000005,19.0,20.0,21.0,21.0,23.0,24.0,25.0,26.0,28.279999999999973,33.039999999999964,36.75999999999999,59.0,0.0,1000.5882353186607,1001.0,2000.2627451121807,2000.4156862795353,2000.517647087574,2000.5921568870544,2000.6470588445663,2000.705882370472,2000.7960784435272,3000.9960784316063,151.89012145996094,159.73350524902344,164.64735412597656,168.62726135253905,172.1389923095703,175.57601928710938,179.28131103515625,184.16505432128906,195.48736572265625,346.92767333984375,234.40858,2.0,test_data/Useful/Validation/Stone Dust at 1 ft/WhatsApp Image 2024-09-05 at 17.10.30.jpeg,2958.0,172.0,25.525834478232724
54,0.0,0.0,0.0,0.0,0.0,0.0,0.0,0.0,0.0,0.0,0.0,0.0,0.0,0.0,0.0,0.0,0.0,0.0,0.0,0.0,0.0,0.0,0.0,0.0,0.0,0.0,0.0,0.0,0.0,0.0,0.0,0.0,0.0,0.0,0.0,0.0,0.0,0.0,0.0,0.0,0.0,0.0,0.0,0.0,0.0,0.0,0.0,0.0,0.0,0.0,0.0,0.0,0.0,0.0,0.0,0.0,0.0,0.0,0.0,0.0,0.0,1.0,1.0,2.0,2.0,3.0,4.0,5.0,5.0,6.0,7.0,7.279999999999973,8.0,9.0,9.0,10.0,11.0,11.0,12.0,13.0,14.0,15.0,15.0,16.0,16.0,17.0,17.0,18.0,19.0,20.0,22.0,22.08000000000004,23.32000000000005,25.0,27.799999999999955,29.0,31.279999999999973,37.0,41.0,60.0,0.0,1000.6431372761726,2000.06274510175,2000.3058823645115,2000.4352941215038,2000.5294117927551,2000.5960784554482,2000.65098041296,2000.7098039388657,2000.800000011921,3001.0,151.77401733398438,159.53189086914062,164.58572387695312,168.53964233398438,172.00149536132812,175.46324157714844,179.21556091308594,184.06100463867188,195.34547424316406,346.9265441894531,234.81363,2.0,test_data/Useful/Validation/Stone Dust at 1 ft/WhatsApp Image 2024-09-05 at 17.10.31 (1).jpeg,2915.0,172.0,30.287933796170506
55,0.0,0.0,0.0,0.0,0.0,0.0,0.0,0.0,0.0,0.0,0.0,0.0,0.0,0.0,0.0,0.0,0.0,0.0,0.0,0.0,0.0,0.0,0.0,0.0,0.0,0.0,0.0,0.0,0.0,0.0,0.0,0.0,0.0,0.0,0.0,0.0,0.0,0.0,0.0,0.0,0.0,0.0,0.0,0.0,0.0,0.0,0.0,0.0,0.0,0.0,0.0,0.0,0.0,0.0,0.0,0.0,0.0,1.0,1.0,2.0,2.0,3.0,4.0,4.0,4.600000000000023,5.0,5.0,6.0,6.0,7.0,7.0,9.0,9.0,9.759999999999991,10.0,11.0,11.0,11.0,12.0,13.0,13.440000000000055,14.0,15.0,16.0,16.0,17.0,17.0,18.120000000000005,19.0,19.0,19.0,20.0,21.0,22.0,22.799999999999955,23.0,25.279999999999973,33.0,35.75999999999999,63.0,0.0,1000.611764729023,2000.043137256056,2000.2823529541492,2000.4117647111416,2000.5058823823929,2000.5764706134796,2000.6313725709915,2000.6901960968971,2000.7882353067398,3001.0,152.29013061523438,159.91018676757812,164.93136596679688,168.83531188964844,172.3091278076172,175.74163818359375,179.41580200195312,184.2286834716797,195.3062744140625,346.80023193359375,234.78194,2.0,test_data/Useful/Validation/Stone Dust at 1 ft/WhatsApp Image 2024-09-05 at 17.10.31 (2).jpeg,2869.0,178.0,31.574060123698462
56,0.0,0.0,0.0,0.0,0.0,0.0,0.0,0.0,0.0,0.0,0.0,0.0,0.0,0.0,0.0,0.0,0.0,0.0,0.0,0.0,0.0,0.0,0.0,0.0,0.0,0.0,0.0,0.0,0.0,0.0,0.0,0.0,0.0,0.0,0.0,0.0,0.0,0.0,0.0,0.0,0.0,0.0,0.0,0.0,0.0,0.0,0.0,0.0,0.0,0.0,0.0,0.0,0.0,0.0,0.0,0.0,0.0,0.0,0.0,0.0,1.0,1.0,1.0,2.0,2.0,3.0,4.0,5.32000000000005,6.0,6.0,7.0,7.0,8.0,9.0,9.0,9.240000000000009,10.0,11.720000000000027,12.960000000000036,14.0,14.0,14.67999999999995,15.0,16.0,16.0,17.0,17.879999999999995,18.120000000000005,19.0,20.0,20.0,21.0,21.0,23.0,24.799999999999955,26.0,28.0,33.0,41.27999999999997,58.0,0.0,1000.5529412031174,1000.8980392217636,2000.2274509817362,2000.3960784375668,2000.5019608139992,2000.5803921818733,2000.639215707779,2000.6980392336845,2000.7882353067398,3001.0,151.48939514160156,159.40286254882812,164.37979125976562,168.3145294189453,171.83245849609375,175.2848876953125,179.0899444580078,183.94615173339844,195.20057678222656,346.90106201171875,234.9446,2.0,test_data/Useful/Validation/Stone Dust at 1 ft/WhatsApp Image 2024-09-05 at 17.10.31.jpeg,2878.0,170.0,32.446996504212606
57,0.0,0.0,0.0,0.0,0.0,0.0,0.0,0.0,0.0,0.0,0.0,0.0,0.0,0.0,0.0,0.0,0.0,0.0,0.0,0.0,0.0,0.0,0.0,0.0,0.0,0.0,0.0,0.0,0.0,0.0,0.0,0.0,0.0,0.0,0.0,0.0,0.0,0.0,0.0,0.0,0.0,0.0,0.0,0.0,0.0,0.0,0.0,0.0,0.0,0.0,0.0,0.0,0.0,0.0,0.0,0.0,0.0,0.0,1.0,2.0,2.0,3.0,4.0,4.0,5.0,5.0,6.0,6.0,7.0,7.0,8.0,8.279999999999973,9.0,10.0,10.0,11.0,12.0,12.0,13.0,14.0,14.0,15.0,15.0,16.0,16.0,17.0,17.0,18.0,19.0,20.0,20.0,22.0,24.0,25.0,26.0,27.0,29.279999999999973,34.51999999999998,38.51999999999998,53.0,0.0,1000.6313725709915,2000.0470588244498,2000.286274522543,2000.419607847929,2000.5137255191803,2000.584313750267,2000.639215707779,2000.6980392336845,2000.7882353067398,3001.0,152.01090240478516,159.775244140625,164.7563049316406,168.7043701171875,172.22183227539062,175.6968994140625,179.42542877197266,184.2141052246094,195.28427124023438,346.8940734863281,234.60779,2.0,test_data/Useful/Validation/Stone Dust at 1 ft/WhatsApp Image 2024-09-05 at 17.10.32 (1).jpeg,2893.0,186.0,30.154517411546113
58,0.0,0.0,0.0,0.0,0.0,0.0,0.0,0.0,0.0,0.0,0.0,0.0,0.0,0.0,0.0,0.0,0.0,0.0,0.0,0.0,0.0,0.0,0.0,0.0,0.0,0.0,0.0,0.0,0.0,0.0,0.0,0.0,0.0,0.0,0.0,0.0,0.0,0.0,0.0,0.0,0.0,0.0,0.0,0.0,0.0,0.0,0.0,0.0,0.0,0.0,0.0,0.0,0.0,0.0,0.0,0.0,0.0,0.0,0.0,0.0,0.0,0.8799999999999955,1.1200000000000045,3.0,3.6000000000000227,4.0,5.0,6.0,6.0,6.0,7.0,8.0,8.0,9.0,10.0,10.0,12.0,12.0,13.0,14.0,15.0,16.0,16.0,17.0,17.0,18.0,19.0,19.0,20.0,20.0,21.840000000000032,22.0,23.0,24.559999999999945,25.799999999999955,28.039999999999964,30.0,34.0,44.0,58.0,0.0,1000.6156862974167,2000.0039215688594,2000.2627451121807,2000.4117647111416,2000.5098039507866,2000.5803921818733,2000.639215707779,2000.6901960968971,2000.7647058963776,3000.9960784316063,152.29107666015625,160.03012084960938,164.90426940917968,168.88235473632812,172.4177703857422,175.8993377685547,179.6219024658203,184.43234252929688,195.48776245117188,346.95428466796875,234.8108,2.0,test_data/Useful/Validation/Stone Dust at 1 ft/WhatsApp Image 2024-09-05 at 17.10.32 (2).jpeg,2857.0,182.0,29.506333921255212
59,0.0,0.0,0.0,0.0,0.0,0.0,0.0,0.0,0.0,0.0,0.0,0.0,0.0,0.0,0.0,0.0,0.0,0.0,0.0,0.0,0.0,0.0,0.0,0.0,0.0,0.0,0.0,0.0,0.0,0.0,0.0,0.0,0.0,0.0,0.0,0.0,0.0,0.0,0.0,0.0,0.0,0.0,0.0,0.0,0.0,0.0,0.0,0.0,0.0,0.0,0.0,0.0,0.0,0.0,0.0,0.0,0.0,1.0,1.0,1.0,2.0,2.0,3.0,3.0,4.0,4.0,5.0,5.0,6.0,7.0,7.0,8.0,8.0,9.0,10.0,10.240000000000009,11.0,12.0,12.0,13.0,14.0,14.0,15.0,15.0,16.0,16.0,16.879999999999995,17.0,18.0,19.0,19.840000000000032,20.0,21.0,22.0,24.0,29.0,33.0,36.0,40.75999999999999,64.0,0.0,1000.6235294342041,2000.0078431377187,2000.2745098173618,2000.419607847929,2000.517647087574,2000.5882353186607,2000.6470588445663,2000.7019608020782,2000.7960784435272,3001.0,151.80990753173828,159.57897033691407,164.5466094970703,168.48463439941406,171.99154663085938,175.43229064941406,179.23507690429688,184.17462158203125,195.56146240234375,346.95001220703125,234.56561,2.0,test_data/Useful/Validation/Stone Dust at 1 ft/WhatsApp Image 2024-09-05 at 17.10.32 (3).jpeg,2942.0,178.0,30.834598249224456
60,0.0,0.0,0.0,0.0,0.0,0.0,0.0,0.0,0.0,0.0,0.0,0.0,0.0,0.0,0.0,0.0,0.0,0.0,0.0,0.0,0.0,0.0,0.0,0.0,0.0,0.0,0.0,0.0,0.0,0.0,0.0,0.0,0.0,0.0,0.0,0.0,0.0,0.0,0.0,0.0,0.0,0.0,0.0,0.0,0.0,0.0,0.0,0.0,0.0,0.0,0.0,0.0,0.0,0.0,0.0,0.0,0.0,0.0,1.0,1.3999999999999773,2.0,3.0,3.0,3.3600000000000136,4.0,4.0,5.0,5.0,6.0,7.0,7.039999999999964,8.0,9.0,9.0,10.0,11.0,11.480000000000018,12.0,12.0,13.0,14.0,14.0,15.0,16.0,16.0,16.0,17.0,18.0,18.0,19.0,19.840000000000032,21.0,23.0,24.0,24.0,26.0,27.0,32.0,36.0,47.0,0.0,1000.5568627715111,1000.8705882430077,2000.2352941185236,2000.4235294163227,2000.5372549295425,2000.6156862974167,2000.6745098233223,2000.7372549176216,2000.9882352948189,3001.0,152.3116897583008,160.00545349121094,165.00637664794922,168.92546997070312,172.3935775756836,175.8025909423828,179.5741424560547,184.40902709960938,195.0259246826172,347.0459289550781,234.3379,2.0,test_data/Useful/Validation/Stone Dust at 1 ft/WhatsApp Image 2024-09-05 at 17.10.32.jpeg,2872.0,174.0,30.261344105579425
61,0.0,0.0,0.0,0.0,0.0,0.0,0.0,0.0,0.0,0.0,0.0,0.0,0.0,0.0,0.0,0.0,0.0,0.0,0.0,0.0,0.0,0.0,0.0,0.0,0.0,0.0,0.0,0.0,0.0,0.0,0.0,0.0,0.0,0.0,0.0,0.0,0.0,0.0,0.0,0.0,0.0,0.0,0.0,0.0,0.0,0.0,0.0,0.0,0.0,0.0,1.0,2.0,2.0,3.0,3.0,4.0,4.0,5.0,5.0,6.0,6.0,7.0,7.0,7.360000000000014,8.0,9.0,10.0,10.0,10.0,11.0,11.0,12.279999999999973,13.0,14.0,14.0,15.0,15.0,15.720000000000027,16.0,16.200000000000045,17.0,17.0,18.0,18.0,19.0,19.0,20.0,20.0,21.0,22.600000000000023,23.0,25.0,26.32000000000005,27.0,28.799999999999955,31.0,33.0,35.51999999999998,38.75999999999999,55.0,0.0,1000.6078431606293,1000.7019608020782,1000.7490196228027,1000.7843137383461,1000.8235294222832,2000.4549019634724,3000.04705882445,3000.337254911661,3000.529411792755,3001.0,148.06661987304688,156.00833129882812,161.1705780029297,165.2616180419922,169.02838134765625,172.8301208496094,176.9732208251953,182.3943634033203,194.59500122070312,347.3130798339844,235.60147,2.0,test_data/Useful/Validation/Stone Dust at 1 ft/WhatsApp Image 2024-09-05 at 17.10.33 (1).jpeg,2601.0,214.0,30.102805107531694
62,0.0,0.0,0.0,0.0,0.0,0.0,0.0,0.0,0.0,0.0,0.0,0.0,0.0,0.0,0.0,0.0,0.0,0.0,0.0,0.0,0.0,0.0,0.0,0.0,0.0,0.0,0.0,0.0,0.0,0.0,0.0,0.0,0.0,0.0,0.0,0.0,0.0,0.0,0.0,0.0,0.0,0.0,0.0,0.0,0.0,0.0,0.0,0.0,0.0,0.0,0.0,0.0,0.0,0.0,0.0,0.0,0.0,0.0,0.0,0.0,0.0,0.0,0.0,1.0,1.0,2.0,2.0,3.0,3.0,4.0,4.039999999999964,5.0,6.0,6.0,7.0,8.0,8.480000000000018,9.0,10.0,10.0,11.0,12.0,13.0,15.0,15.0,15.0,15.0,16.0,17.0,17.0,18.0,18.0,19.0,20.0,21.799999999999955,24.079999999999927,27.0,31.519999999999982,36.0,56.0,0.0,1000.4313725531101,1000.6235294342041,1000.7254902124405,1000.8196078538895,2000.1843137294054,2000.5647059082985,2000.7411764860153,3000.058823529631,3000.2823529541492,3001.0,152.91354522705078,160.60354614257812,165.53408813476562,169.57528686523438,173.17132568359375,176.76617431640625,180.59349060058594,185.56564331054688,196.34674072265625,346.83660888671875,231.1525,2.0,test_data/Useful/Validation/Stone Dust at 1 ft/WhatsApp Image 2024-09-05 at 17.30.38 (1).jpeg,3857.0,153.0,32.23970674883423
63,0.0,0.0,0.0,0.0,0.0,0.0,0.0,0.0,0.0,0.0,0.0,0.0,0.0,0.0,0.0,0.0,0.0,0.0,0.0,0.0,0.0,0.0,0.0,0.0,0.0,0.0,0.0,0.0,0.0,0.0,0.0,0.0,0.0,0.0,0.0,0.0,0.0,0.0,0.0,0.0,0.0,0.0,0.0,0.0,0.0,0.0,0.0,0.0,0.0,0.0,0.0,0.0,0.0,0.0,0.0,0.0,0.0,0.0,0.0,0.0,0.0,0.0,0.0,1.0,1.0,1.8400000000000318,3.0,4.0,4.0,4.0,4.039999999999964,5.0,5.0,6.0,7.0,7.0,8.0,8.0,8.960000000000036,10.0,10.0,11.0,12.0,13.0,14.0,15.0,15.0,16.0,16.0,17.0,17.0,18.08000000000004,19.0,21.559999999999945,24.0,27.0,29.0,33.0,37.0,53.0,0.0,1000.4156862795353,1000.6196078658104,1000.7254902124405,1000.8196078538895,2000.176470592618,2000.6039215922356,2000.772549033165,3000.086274512112,3000.3058823645115,3001.0,152.95477294921875,160.65335083007812,165.72201538085938,169.73876953125,173.32467651367188,176.8032989501953,180.64983825683592,185.6678680419922,196.2661895751953,346.88543701171875,231.22519,2.0,test_data/Useful/Validation/Stone Dust at 1 ft/WhatsApp Image 2024-09-05 at 17.30.38.jpeg,3833.0,153.0,27.16908724862747
64,0.0,0.0,0.0,0.0,0.0,0.0,0.0,0.0,0.0,0.0,0.0,0.0,0.0,0.0,0.0,0.0,0.0,0.0,0.0,0.0,0.0,0.0,0.0,0.0,0.0,0.0,0.0,0.0,0.0,0.0,0.0,0.0,0.0,0.0,0.0,0.0,0.0,0.0,0.0,0.0,0.0,0.0,0.0,0.0,0.0,0.0,0.0,0.0,0.0,0.0,0.0,0.0,0.0,0.0,0.0,0.0,0.0,0.0,0.0,0.0,0.0,0.0,0.0,1.0,1.0,1.0,2.080000000000041,3.0,4.0,4.0,4.0,5.0,6.0,7.0,7.0,8.0,9.0,10.0,11.0,12.0,13.0,13.0,14.0,15.0,15.0,16.0,17.0,17.0,18.0,18.0,19.0,20.0,20.32000000000005,22.0,24.799999999999955,27.0,28.0,32.0,35.75999999999999,56.0,0.0,1000.4392156898975,1000.6392157077789,1000.7411764860153,1000.8431372642517,2000.2823529541492,2000.6274510025978,2000.7803921699524,3000.086274512112,3000.3058823645115,3001.0,152.68296813964844,160.53115844726562,165.57106018066406,169.5762939453125,173.1999053955078,176.68944396972657,180.54352416992188,185.5565368652344,196.48568725585938,346.87872314453125,230.58372,2.0,test_data/Useful/Validation/Stone Dust at 1 ft/WhatsApp Image 2024-09-05 at 17.30.39 (1).jpeg,3844.0,160.0,29.262670000516867
65,0.0,0.0,0.0,0.0,0.0,0.0,0.0,0.0,0.0,0.0,0.0,0.0,0.0,0.0,0.0,0.0,0.0,0.0,0.0,0.0,0.0,0.0,0.0,0.0,0.0,0.0,0.0,0.0,0.0,0.0,0.0,0.0,0.0,0.0,0.0,0.0,0.0,0.0,0.0,0.0,0.0,0.0,0.0,0.0,0.0,0.0,0.0,0.0,0.0,0.0,0.0,0.0,0.0,0.0,0.0,0.0,0.0,0.0,0.0,0.0,1.0,1.0,2.0,2.0,3.0,3.840000000000032,5.0,5.0,6.0,6.0,7.0,7.279999999999973,8.0,9.0,10.0,10.0,11.0,12.0,12.0,13.0,13.0,14.0,14.0,15.0,15.0,16.0,16.0,17.0,17.0,18.0,18.0,19.0,21.0,23.0,24.799999999999955,27.0,29.0,31.519999999999982,40.27999999999997,52.0,0.0,1000.4431372582912,1000.6313725709915,1000.7254902124405,1000.8196078538895,2000.1254902034998,2000.5803921818733,2000.7764706015587,3000.0980392172933,3000.309803932905,3001.0,152.70909271240234,160.40682983398438,165.38961791992188,169.39263916015625,172.94894409179688,176.47257080078126,180.3199661254883,185.27752075195312,196.15444946289062,346.85601806640625,231.33224,2.0,test_data/Useful/Validation/Stone Dust at 1 ft/WhatsApp Image 2024-09-05 at 17.30.39.jpeg,3802.0,174.0,33.324362875604784
66,0.0,0.0,0.0,0.0,0.0,0.0,0.0,0.0,0.0,0.0,0.0,0.0,0.0,0.0,0.0,0.0,0.0,0.0,0.0,0.0,0.0,0.0,0.0,0.0,0.0,0.0,0.0,0.0,0.0,0.0,0.0,0.0,0.0,0.0,0.0,0.0,0.0,0.0,0.0,0.0,0.0,0.0,0.0,0.0,0.0,0.0,0.0,0.0,0.0,0.0,0.0,0.0,0.0,0.0,0.0,0.0,0.0,0.0,0.0,0.0,0.0,0.0,1.0,1.3600000000000136,2.0,3.0,3.0,4.0,4.0,5.0,6.0,6.0,7.0,7.0,8.0,8.0,9.0,9.720000000000027,10.0,10.0,11.0,12.0,13.0,13.159999999999968,14.399999999999977,15.0,15.0,16.0,16.0,17.0,17.840000000000032,18.0,19.0,21.0,22.0,24.0,28.279999999999973,32.0,39.75999999999999,52.0,0.0,1000.4313725531101,1000.6274510025978,1000.7254902124405,1000.8313725590706,2000.258823543787,2000.5960784554482,2000.7529411911964,3000.06274510175,3000.274509817362,3001.0,152.3136001586914,160.2320343017578,165.3358947753906,169.32239379882813,172.95410919189453,176.53062438964844,180.37045288085938,185.38040161132812,196.41232299804688,346.796875,231.54855,2.0,test_data/Useful/Validation/Stone Dust at 1 ft/WhatsApp Image 2024-09-05 at 17.30.40 (1).jpeg,3849.0,160.0,30.11702367153855
67,0.0,0.0,0.0,0.0,0.0,0.0,0.0,0.0,0.0,0.0,0.0,0.0,0.0,0.0,0.0,0.0,0.0,0.0,0.0,0.0,0.0,0.0,0.0,0.0,0.0,0.0,0.0,0.0,0.0,0.0,0.0,0.0,0.0,0.0,0.0,0.0,0.0,0.0,0.0,0.0,0.0,0.0,0.0,0.0,0.0,0.0,0.0,0.0,0.0,0.0,0.0,0.0,0.0,0.0,0.0,0.0,0.0,0.0,0.0,0.0,0.6399999999999864,1.0,2.0,2.0,2.0,3.0,4.0,4.32000000000005,5.0,6.0,6.039999999999964,7.0,8.0,8.0,9.0,9.0,10.0,11.0,11.0,12.0,12.0,13.0,13.0,15.0,15.0,15.0,15.0,16.0,16.0,17.0,18.0,19.0,20.0,21.559999999999945,22.799999999999955,25.0,28.0,34.51999999999998,36.0,55.0,0.0,1000.4313725531101,1000.6313725709915,1000.7294117808342,1000.8156862854958,1000.9607843160629,2000.5882353186607,2000.811764717102,3000.1215686276555,3000.337254911661,3001.0,152.92559204101562,160.71367797851562,165.6864013671875,169.71075439453125,173.26376342773438,176.79852294921875,180.6448516845703,185.65185546875,196.20220947265625,346.962890625,232.6611,2.0,test_data/Useful/Validation/Stone Dust at 1 ft/WhatsApp Image 2024-09-05 at 17.30.40 (2).jpeg,3826.0,164.0,29.360199940242147
68,0.0,0.0,0.0,0.0,0.0,0.0,0.0,0.0,0.0,0.0,0.0,0.0,0.0,0.0,0.0,0.0,0.0,0.0,0.0,0.0,0.0,0.0,0.0,0.0,0.0,0.0,0.0,0.0,0.0,0.0,0.0,0.0,0.0,0.0,0.0,0.0,0.0,0.0,0.0,0.0,0.0,0.0,0.0,0.0,0.0,0.0,0.0,0.0,0.0,0.0,0.0,0.0,0.0,0.0,0.0,0.0,0.0,0.0,0.0,0.0,1.0,1.0,2.0,2.0,3.0,4.0,4.0,5.0,5.0,6.0,6.0,6.0,7.0,7.0,8.0,8.0,8.480000000000018,9.0,9.960000000000036,10.0,11.0,12.0,12.0,13.0,14.0,15.0,15.0,16.0,16.0,17.0,18.0,19.0,20.0,21.0,23.799999999999955,27.0,28.0,32.51999999999998,36.0,53.0,0.0,1000.4588235318661,1000.6470588445663,1000.7490196228027,1000.8627451062202,2000.3176470696926,2000.6313725709915,2000.7803921699524,3000.086274512112,3000.301960796118,3001.0,152.61502075195312,160.4409423828125,165.50118560791014,169.48348693847657,173.07811737060547,176.59835205078124,180.440771484375,185.52001953125,196.29119873046875,346.8697814941406,231.23207,2.0,test_data/Useful/Validation/Stone Dust at 1 ft/WhatsApp Image 2024-09-05 at 17.30.40.jpeg,3836.0,159.0,27.32713615875132
69,0.0,0.0,0.0,0.0,0.0,0.0,0.0,0.0,0.0,0.0,0.0,0.0,0.0,0.0,0.0,0.0,0.0,0.0,0.0,0.0,0.0,0.0,0.0,0.0,0.0,0.0,0.0,0.0,0.0,0.0,0.0,0.0,0.0,0.0,0.0,0.0,0.0,0.0,0.0,0.0,0.0,0.0,0.0,0.0,0.0,0.0,0.0,0.0,0.0,0.0,0.0,0.0,0.0,0.0,0.0,0.0,0.0,0.0,1.0,1.0,2.0,2.0,3.0,3.0,4.0,4.0,5.0,5.0,6.0,7.0,7.039999999999964,8.0,9.0,9.0,10.0,11.0,11.0,11.0,12.0,13.0,14.0,15.0,15.0,16.0,16.0,17.0,18.0,19.0,20.0,20.0,21.0,23.0,24.0,25.0,25.799999999999955,28.0,30.559999999999945,32.51999999999998,37.75999999999999,61.0,0.0,1000.419607847929,1000.6235294342041,1000.7294117808342,1000.8156862854958,2000.0274509806186,2000.6156862974167,2000.8039215803146,3000.1098039224744,3000.3215686380863,3001.0,152.67858428955077,160.4925537109375,165.48361206054688,169.5138702392578,173.02029418945312,176.58505249023438,180.4302215576172,185.45860290527344,196.26229858398438,346.90484619140625,232.0279,2.0,test_data/Useful/Validation/Stone Dust at 1 ft/WhatsApp Image 2024-09-05 at 17.30.41 (1).jpeg,3760.0,185.0,29.188060986187626
70,0.0,0.0,0.0,0.0,0.0,0.0,0.0,0.0,0.0,0.0,0.0,0.0,0.0,0.0,0.0,0.0,0.0,0.0,0.0,0.0,0.0,0.0,0.0,0.0,0.0,0.0,0.0,0.0,0.0,0.0,0.0,0.0,0.0,0.0,0.0,0.0,0.0,0.0,0.0,0.0,0.0,0.0,0.0,0.0,0.0,0.0,0.0,0.0,0.0,0.0,0.0,0.0,0.0,0.0,0.0,0.44000000000005457,1.0,1.919999999999959,2.0,3.0,3.0,4.0,5.0,5.0,6.0,7.0,7.0,8.0,8.0,9.0,9.0,9.279999999999973,10.0,11.0,12.0,12.0,13.0,14.0,15.0,15.0,15.0,16.0,17.0,17.0,18.0,18.0,19.879999999999995,20.0,21.360000000000014,22.0,23.0,25.0,26.0,27.0,29.799999999999955,32.0,36.27999999999997,40.039999999999964,47.75999999999999,59.0,0.0,1000.772549033165,1000.9176470637321,1000.9803921580315,1001.0,1001.0,2000.8352941274643,2001.0,3000.486274510622,3000.6862745285034,3001.0,157.95318603515625,165.7028350830078,170.67951202392578,174.6039581298828,178.11605834960938,181.5489013671875,185.27907257080076,190.16116333007812,200.59024047851562,348.6239318847656,232.92508,2.0,test_data/Useful/Validation/Stone Dust at 1 ft/WhatsApp Image 2024-09-05 at 17.30.41.jpeg,3464.0,207.0,30.66673115492249
71,0.0,0.0,0.0,0.0,0.0,0.0,0.0,0.0,0.0,0.0,0.0,0.0,0.0,0.0,0.0,0.0,0.0,0.0,0.0,0.0,0.0,0.0,0.0,0.0,0.0,0.0,0.0,0.0,0.0,0.0,0.0,0.0,0.0,0.0,0.0,0.0,0.0,0.0,0.0,0.0,0.0,0.0,0.0,0.0,0.0,0.0,0.0,0.0,0.0,0.0,0.0,0.0,0.0,0.0,0.0,0.0,0.0,0.0,0.0,0.0,0.0,0.0,0.0,0.0,0.0,0.0,0.0,0.0,0.0,0.0,0.0,1.0,2.0,2.0,2.0,3.0,3.480000000000018,4.0,5.0,6.0,6.0,8.0,8.0,9.0,10.0,11.0,12.0,14.0,15.0,15.0,16.0,17.0,17.0,18.0,18.0,20.0,23.0,26.519999999999982,29.75999999999999,47.0,0.0,1000.4156862795353,1000.5960784554482,1000.7176470756531,2000.1568627506495,2000.4509803950787,2000.6000000238419,2000.6980392336845,3000.019607843831,3000.2470588237047,3000.9960784316063,151.39661712646483,159.26299743652345,164.36172485351562,168.4548797607422,172.1676025390625,175.79454040527344,179.78941345214844,185.03486328125,196.6758575439453,346.5404052734375,228.08733,2.0,test_data/Useful/Validation/Stone Dust at 1 ft/WhatsApp Image 2024-09-05 at 17.30.42 (1).jpeg,3848.0,112.0,30.75544079132995
72,0.0,0.0,0.0,0.0,0.0,0.0,0.0,0.0,0.0,0.0,0.0,0.0,0.0,0.0,0.0,0.0,0.0,0.0,0.0,0.0,0.0,0.0,0.0,0.0,0.0,0.0,0.0,0.0,0.0,0.0,0.0,0.0,0.0,0.0,0.0,0.0,0.0,0.0,0.0,0.0,0.0,0.0,0.0,0.0,0.0,0.0,0.0,0.0,0.0,0.0,0.0,0.0,0.0,0.0,0.0,0.0,0.0,0.0,0.0,0.0,0.0,0.0,1.0,1.0,2.0,2.0,3.0,4.0,4.0,5.0,6.0,7.0,8.0,8.0,9.0,9.0,10.0,10.720000000000027,11.0,12.0,12.0,13.0,13.0,14.0,14.0,15.0,15.0,16.0,16.0,17.600000000000023,19.0,21.0,21.0,23.0,24.0,26.039999999999964,29.0,32.0,35.75999999999999,50.0,0.0,1000.4274509847164,1000.6313725709915,1000.7333333492279,1000.8274509906769,2000.2078431397676,2000.6313725709915,2000.7960784435272,3000.1098039224744,3000.3215686380863,3001.0,152.73068237304688,160.50930786132812,165.52755737304688,169.54627990722656,173.1324005126953,176.66893005371094,180.54830322265624,185.57192993164062,196.3112030029297,346.88360595703125,231.3939,2.0,test_data/Useful/Validation/Stone Dust at 1 ft/WhatsApp Image 2024-09-05 at 17.30.42.jpeg,3737.0,156.0,32.123778261917884
73,0.0,0.0,0.0,0.0,0.0,0.0,0.0,0.0,0.0,0.0,0.0,0.0,0.0,0.0,0.0,0.0,0.0,0.0,0.0,0.0,0.0,0.0,0.0,0.0,0.0,0.0,0.0,0.0,0.0,0.0,0.0,0.0,0.0,0.0,0.0,0.0,0.0,0.0,0.0,0.0,0.0,0.0,0.0,0.0,0.0,0.0,0.0,0.0,0.0,0.0,0.0,0.0,0.0,0.0,0.0,0.0,0.0,0.0,0.0,0.0,0.0,0.0,1.0,2.0,2.0,3.0,3.0,4.0,4.0,5.7999999999999545,6.0,7.0,8.0,8.0,9.0,9.240000000000009,10.0,11.0,11.0,12.0,13.0,13.67999999999995,15.0,16.0,16.0,17.0,17.0,18.0,18.0,19.0,20.0,20.08000000000004,23.0,25.559999999999945,27.0,30.039999999999964,32.0,34.51999999999998,40.0,69.0,0.0,1000.4509803950787,1000.6470588445663,1000.7529411911964,1000.8705882430077,2000.3176470696926,2000.6274510025978,2000.7803921699524,3000.086274512112,3000.3215686380863,3001.0,152.31675720214844,160.1021759033203,165.17998657226562,169.1904296875,172.8046646118164,176.3769287109375,180.29623260498045,185.49400329589844,196.8714614868164,346.9837646484375,229.1294,2.0,test_data/Useful/Validation/Stone Dust at 1 ft/WhatsApp Image 2024-09-05 at 17.30.43 (1).jpeg,3921.0,176.0,31.48196949452077
74,0.0,0.0,0.0,0.0,0.0,0.0,0.0,0.0,0.0,0.0,0.0,0.0,0.0,0.0,0.0,0.0,0.0,0.0,0.0,0.0,0.0,0.0,0.0,0.0,0.0,0.0,0.0,0.0,0.0,0.0,0.0,0.0,0.0,0.0,0.0,0.0,0.0,0.0,0.0,0.0,0.0,0.0,0.0,0.0,0.0,0.0,0.0,0.0,0.0,0.0,0.0,0.0,0.0,0.0,0.0,0.0,0.0,0.0,0.0,0.0,0.0,0.0,0.0,0.0,0.0,0.0,0.0,0.0,0.0,0.0,0.0,0.0,0.0,0.0,0.0,1.240000000000009,2.0,3.0,4.0,5.0,6.0,7.0,7.919999999999959,8.0,9.0,10.0,11.0,12.0,12.360000000000014,13.0,14.0,15.0,16.0,17.0,18.0,19.0,20.0,22.519999999999982,27.75999999999999,36.0,0.0,1000.4274509847164,1000.6156862974167,1000.7254902124405,1000.905882358551,2000.4549019634724,2000.6431372761726,2000.7647058963776,3000.1098039224744,3000.3215686380863,3001.0,152.97715759277344,160.74130249023438,165.7742950439453,169.80013427734374,173.45314025878906,176.97245483398436,180.85736846923825,185.88848876953125,196.77488708496094,346.739013671875,227.8131,2.0,test_data/Useful/Validation/Stone Dust at 1 ft/WhatsApp Image 2024-09-05 at 17.30.43.jpeg,3848.0,100.0,34.413005006914574
75,0.0,0.0,0.0,0.0,0.0,0.0,0.0,0.0,0.0,0.0,0.0,0.0,0.0,0.0,0.0,0.0,0.0,0.0,0.0,0.0,0.0,0.0,0.0,0.0,0.0,0.0,0.0,0.0,0.0,0.0,0.0,0.0,0.0,0.0,0.0,0.0,0.0,0.0,0.0,0.0,0.0,0.0,0.0,0.0,0.0,0.0,0.0,0.0,0.0,0.0,0.0,0.0,0.0,0.0,0.0,0.0,0.0,0.0,0.0,0.0,0.0,0.0,0.0,0.0,0.0,0.0,0.0,0.0,0.0,0.0,0.0,0.0,0.0,0.0,1.0,2.0,2.480000000000018,3.0,4.0,4.0,5.0,6.0,6.919999999999959,7.159999999999968,8.0,10.0,10.0,12.0,12.0,13.0,14.0,15.0,16.0,16.0,19.0,20.0,21.0,24.0,28.75999999999999,48.0,0.0,1000.4431372582912,1000.6274510025978,1000.7411764860153,2000.0392156876624,2000.4627451002598,2000.639215707779,2000.7568627595901,3000.086274512112,3000.3058823645115,3001.0,152.7421142578125,160.60670776367186,165.64212036132812,169.62449645996094,173.21450805664062,176.7680206298828,180.69358825683594,185.8502960205078,196.79312133789062,346.77056884765625,228.00996,2.0,test_data/Useful/Validation/Stone Dust at 1 ft/WhatsApp Image 2024-09-05 at 17.30.44.jpeg,3873.0,102.0,28.25214159277029
76,0.0,0.0,0.0,0.0,0.0,0.0,0.0,0.0,0.0,0.0,0.0,0.0,0.0,0.0,0.0,0.0,0.0,0.0,0.0,0.0,0.0,0.0,0.0,0.0,0.0,0.0,0.0,0.0,0.0,0.0,0.0,0.0,0.0,0.0,0.0,0.0,0.0,0.0,0.0,0.0,0.0,0.0,0.0,0.0,0.0,0.0,0.0,0.0,0.0,0.0,0.0,0.0,0.0,0.0,0.0,0.0,0.0,0.0,0.0,0.0,0.0,0.0,0.0,0.0,0.0,0.0,0.0,0.0,0.0,0.0,0.0,0.0,0.0,0.0,1.0,2.0,3.0,3.0,4.0,5.0,6.0,7.0,7.0,8.0,8.0,9.639999999999986,10.0,11.0,12.0,13.0,14.0,15.0,16.0,17.0,18.0,19.0,20.0,22.519999999999982,24.0,35.0,0.0,1000.4509803950787,1000.6313725709915,1000.745098054409,2000.137254908681,2000.474509805441,2000.6352941393852,2000.7411764860153,3000.074509806931,3000.298039227724,3001.0,152.73880615234376,160.6174743652344,165.6443115234375,169.61618041992188,173.22222137451172,176.818701171875,180.74116973876954,185.88912963867188,196.67330932617188,346.7350769042969,227.60522,2.0,test_data/Useful/Validation/Stone Dust at 1 ft/WhatsApp Image 2024-09-05 at 17.30.45.jpeg,3892.0,100.0,36.197458477590516
77,0.0,0.0,0.0,0.0,0.0,0.0,0.0,0.0,0.0,0.0,0.0,0.0,0.0,0.0,0.0,0.0,0.0,0.0,0.0,0.0,0.0,0.0,0.0,0.0,0.0,0.0,0.0,0.0,0.0,0.0,0.0,0.0,0.0,0.0,0.0,0.0,0.0,0.0,0.0,0.0,0.0,0.0,0.0,0.0,0.0,0.0,0.0,0.0,0.0,0.0,0.0,0.0,0.0,0.0,0.0,0.0,0.0,0.0,0.0,0.0,0.0,0.0,0.0,0.0,0.0,0.0,0.0,0.0,0.0,0.0,0.0,0.0,0.0,1.0,1.0,2.0,2.480000000000018,3.0,4.0,5.0,6.0,8.0,9.0,10.0,10.0,11.0,12.0,13.0,14.360000000000014,15.0,15.0,16.0,16.0,17.0,18.0,19.039999999999964,22.0,23.519999999999982,26.75999999999999,47.0,0.0,1000.4352941215038,1000.6156862974167,1000.7294117808342,2000.0392156876624,2000.4705882370472,2000.639215707779,2000.7490196228027,3000.0823529437184,3000.298039227724,3001.0,152.33828735351562,160.14251708984375,165.1880645751953,169.234619140625,172.8895034790039,176.49871826171875,180.4105987548828,185.541748046875,196.7147674560547,346.72442626953125,227.99106,2.0,test_data/Useful/Validation/Stone Dust at 1 ft/WhatsApp Image 2024-09-05 at 17.30.46.jpeg,3890.0,107.0,33.26350166087137
78,0.0,0.0,0.0,0.0,0.0,0.0,0.0,0.0,0.0,0.0,0.0,0.0,0.0,0.0,0.0,0.0,0.0,0.0,0.0,0.0,0.0,0.0,0.0,0.0,0.0,0.0,0.0,0.0,0.0,0.0,0.0,0.0,0.0,0.0,0.0,0.0,0.0,0.0,0.0,0.0,0.0,0.0,0.0,0.0,0.0,0.0,0.0,0.0,0.0,0.0,0.0,0.0,0.0,0.0,0.0,0.0,0.0,0.0,0.0,0.0,0.0,0.0,0.0,0.0,0.0,0.0,0.0,0.0,0.0,0.0,0.0,0.0,0.0,0.0,0.0,1.0,2.0,2.0,3.0,4.0,5.0,6.0,6.0,7.159999999999968,8.399999999999977,10.0,11.0,12.120000000000005,13.0,15.0,15.0,16.0,16.0,17.559999999999945,18.0,19.0,20.279999999999973,22.0,28.0,35.0,0.0,1000.4431372582912,1000.6274510025978,1000.745098054409,2000.0901960805058,2000.4823529422283,2000.65098041296,2000.7647058963776,3000.101960785687,3000.3176470696926,3001.0,152.9925537109375,160.75498046875,165.76927642822267,169.75906677246093,173.31690216064453,176.8525604248047,180.7369125366211,185.76097412109377,196.68380737304688,346.76019287109375,227.79726,2.0,test_data/Useful/Validation/Stone Dust at 1 ft/WhatsApp Image 2024-09-05 at 17.30.48.jpeg,3855.0,99.0,32.4155671199334
79,0.0,0.0,0.0,0.0,0.0,0.0,0.0,0.0,0.0,0.0,0.0,0.0,0.0,0.0,0.0,0.0,0.0,0.0,0.0,0.0,0.0,0.0,0.0,0.0,0.0,0.0,0.0,0.0,0.0,0.0,0.0,0.0,0.0,0.0,0.0,0.0,0.0,0.0,0.0,0.0,0.0,0.0,0.0,0.0,0.0,0.0,0.0,0.0,0.0,0.0,0.0,0.0,0.0,0.0,0.0,0.0,0.0,0.0,0.0,0.0,0.0,0.0,0.0,0.0,0.0,0.0,0.0,0.0,0.0,0.0,0.0,0.0,0.0,0.0,0.0,0.0,1.0,2.0,3.9600000000000364,4.0,5.0,6.0,7.0,9.0,9.0,10.0,11.0,12.0,13.360000000000014,15.0,15.0,15.080000000000041,16.0,16.0,17.0,18.0,19.0,21.0,24.519999999999982,55.0,0.0,1000.447058826685,1000.6313725709915,1000.7490196228027,2000.137254908681,2000.486274510622,2000.6470588445663,2000.7529411911964,3000.0784313753247,3000.301960796118,3001.0,152.89064025878906,160.62425231933594,165.66348266601562,169.6771667480469,173.2856674194336,176.82827758789062,180.6950439453125,185.75028076171876,196.80239868164062,346.7447204589844,228.45728,2.0,test_data/Useful/Validation/Stone Dust at 1 ft/WhatsApp Image 2024-09-05 at 17.30.53.jpeg,3853.0,97.0,25.236345482025683
80,0.0,0.0,0.0,0.0,0.0,0.0,0.0,0.0,0.0,0.0,0.0,0.0,0.0,0.0,0.0,0.0,0.0,0.0,0.0,0.0,0.0,0.0,0.0,0.0,0.0,0.0,0.0,0.0,0.0,0.0,0.0,0.0,0.0,0.0,0.0,0.0,0.0,0.0,0.0,0.0,0.0,0.0,0.0,0.0,0.0,0.0,0.0,0.0,0.0,0.0,0.0,0.0,0.0,0.0,0.0,0.0,0.0,0.0,0.0,0.0,0.0,0.0,0.0,0.0,0.0,0.0,0.0,0.0,0.0,0.0,0.0,0.0,0.0,0.0,0.0,0.0,0.4800000000000182,2.0,3.0,4.0,5.0,5.0,6.0,7.0,7.399999999999977,8.0,9.0,10.0,10.360000000000014,11.0,12.0,14.0,15.0,15.0,15.799999999999955,17.0,18.0,21.0,31.75999999999999,42.0,0.0,1000.4392156898975,1000.6196078658104,1000.7333333492279,2000.023529412225,2000.4549019634724,2000.6313725709915,2000.745098054409,3000.0784313753247,3000.301960796118,3001.0,152.98123168945312,160.74636840820312,165.81024169921875,169.78374328613282,173.4028091430664,176.9601806640625,180.865478515625,185.95228576660156,196.81158447265625,346.74188232421875,227.84055,2.0,test_data/Useful/Validation/Stone Dust at 1 ft/WhatsApp Image 2024-09-05 at 17.30.55.jpeg,3829.0,89.0,33.69265649898431
81,0.0,0.0,0.0,0.0,0.0,0.0,0.0,0.0,0.0,0.0,0.0,0.0,0.0,0.0,0.0,0.0,0.0,0.0,0.0,0.0,0.0,0.0,0.0,0.0,0.0,0.0,0.0,0.0,0.0,0.0,0.0,0.0,0.0,0.0,0.0,0.0,0.0,0.0,0.0,0.0,0.0,0.0,0.0,0.0,0.0,0.0,0.0,0.0,0.0,0.0,0.0,0.0,0.0,0.0,0.0,0.0,0.0,0.0,0.0,0.0,0.0,0.0,0.0,0.0,0.0,0.0,0.0,0.0,0.0,0.0,0.0,0.0,0.0,0.0,1.0,2.0,3.0,4.0,5.0,6.0,7.0,7.67999999999995,8.0,9.0,10.0,11.0,11.879999999999995,13.0,13.360000000000014,14.0,15.0,15.0,16.0,16.0,17.0,18.0,20.279999999999973,22.519999999999982,30.75999999999999,67.0,0.0,1000.4509803950787,1000.6352941393852,1000.7529411911964,2000.1333333402872,2000.4901960790157,2000.65098041296,2000.7607843279839,3000.090196080506,3000.309803932905,3001.0,152.85308837890625,160.58499145507812,165.5710433959961,169.5865234375,173.18677520751953,176.7533752441406,180.68069458007812,185.7112670898438,196.7189178466797,346.75140380859375,228.40477,2.0,test_data/Useful/Validation/Stone Dust at 1 ft/WhatsApp Image 2024-09-05 at 17.30.56.jpeg,3911.0,108.0,22.879639864129672
82,0.0,0.0,0.0,0.0,0.0,0.0,0.0,0.0,0.0,0.0,0.0,0.0,0.0,0.0,0.0,0.0,0.0,0.0,0.0,0.0,0.0,0.0,0.0,0.0,0.0,0.0,0.0,0.0,0.0,0.0,0.0,0.0,0.0,0.0,0.0,0.0,0.0,0.0,0.0,0.0,0.0,0.0,0.0,0.0,0.0,0.0,0.0,0.5199999999999818,1.0,2.0,3.0,3.0,4.0,4.0,5.0,5.440000000000055,6.0,6.0,7.0,7.0,8.0,8.0,9.0,9.0,9.600000000000023,10.0,11.0,11.0,11.0,12.0,12.0,13.0,13.0,14.0,14.0,15.0,15.0,15.0,15.960000000000036,16.0,17.0,17.0,17.91999999999996,18.0,19.0,20.0,21.0,21.120000000000005,22.360000000000014,23.0,25.0,26.0,29.0,30.0,31.0,33.0,35.0,37.0,40.75999999999999,68.0,0.0,1000.4000000059605,1000.6039215922356,1000.7686274647713,2000.1215686276555,2000.3176470696926,2000.4823529422283,2000.6078431606293,2000.7215686440468,2000.8823529481888,3001.0,133.39921112060546,141.7908477783203,147.6751251220703,152.90810546875,158.1654281616211,163.65640258789062,169.71656188964843,178.00897216796875,195.6544189453125,346.5313415527344,233.53387,2.0,test_data/Useful/Validation/Stone Dust at 1 ft/WhatsApp Image 2024-09-05 at 17.31.38.jpeg,3451.0,261.0,29.906667089639548
83,0.0,0.0,0.0,0.0,0.0,0.0,0.0,0.0,0.0,0.0,0.0,0.0,0.0,0.0,0.0,0.0,0.0,0.0,0.0,0.0,0.0,0.0,0.0,0.0,0.0,0.0,0.0,0.0,0.0,0.0,0.0,0.0,0.0,0.0,0.0,0.0,0.0,0.0,0.0,0.0,0.0,0.0,0.0,0.0,0.0,0.0,0.0,0.0,0.0,0.0,0.0,0.0,1.0,1.0,2.0,2.0,4.0,4.0,5.0,6.0,6.0,7.0,7.0,7.0,8.0,8.0,9.0,9.0,10.0,10.0,11.0,11.0,12.0,12.0,13.0,14.0,14.0,15.0,15.0,16.0,16.0,16.67999999999995,17.91999999999996,18.0,18.0,18.639999999999986,19.0,20.0,21.0,21.0,22.840000000000032,24.0,25.0,27.0,28.0,31.0,33.0,36.0,42.27999999999997,64.0,0.0,1000.3333333432674,1000.517647087574,1000.6470588445663,1000.7882353067398,2000.1529411822557,2000.364705890417,2000.5333333611488,2000.678431391716,2000.8588235378265,3001.0,132.03235321044923,140.50906372070312,146.51612854003906,151.96438598632812,157.40443420410156,163.10549926757812,169.32955932617188,177.764404296875,195.37936401367188,346.465576171875,233.77396,2.0,test_data/Useful/Validation/Stone Dust at 1 ft/WhatsApp Image 2024-09-05 at 17.31.39 (1).jpeg,3362.0,225.0,20.0
84,0.0,0.0,0.0,0.0,0.0,0.0,0.0,0.0,0.0,0.0,0.0,0.0,0.0,0.0,0.0,0.0,0.0,0.0,0.0,0.0,0.0,0.0,0.0,0.0,0.0,0.0,0.0,0.0,0.0,0.0,0.0,0.0,0.0,0.0,0.0,0.0,0.0,0.0,0.0,0.0,0.0,0.0,0.0,0.0,0.0,0.0,0.0,0.0,0.0,0.0,0.0,0.0,1.7200000000000273,2.0,2.0,3.0,3.0,3.0,4.0,5.0,5.0,6.0,7.0,7.0,8.0,8.0,8.080000000000041,9.0,10.0,10.0,11.0,11.0,11.519999999999982,12.0,12.0,13.0,14.0,14.0,15.0,15.0,16.0,16.0,16.91999999999996,17.159999999999968,18.0,19.0,20.0,20.0,21.0,23.0,24.0,26.0,27.32000000000005,28.559999999999945,30.0,32.0,34.559999999999945,38.0,41.0,50.0,0.0,1000.3607843220234,1000.54509806633,1000.6901960968971,2000.0274509806186,2000.2666666805744,2000.4431372582912,2000.5803921818733,2000.705882370472,2000.89411765337,3001.0,128.57833862304688,137.43943786621094,144.16940307617188,150.44358825683594,156.43197631835938,162.378466796875,168.8091262817383,177.27464294433594,195.17713928222656,346.46392822265625,234.0837,2.0,test_data/Useful/Validation/Stone Dust at 1 ft/WhatsApp Image 2024-09-05 at 17.31.39.jpeg,3362.0,225.0,29.402850925080607
85,0.0,0.0,0.0,0.0,0.0,0.0,0.0,0.0,0.0,0.0,0.0,0.0,0.0,0.0,0.0,0.0,0.0,0.0,0.0,0.0,0.0,0.0,0.0,0.0,0.0,0.0,0.0,0.0,0.0,0.0,0.0,0.0,0.0,0.0,0.0,0.0,0.0,0.0,0.0,0.0,0.0,0.0,0.0,0.0,0.0,0.0,0.0,0.0,0.0,1.0,2.0,2.0,3.0,3.0,4.0,4.0,4.0,5.0,5.0,5.399999999999977,6.0,7.0,7.0,8.0,8.0,9.0,9.080000000000041,10.0,10.0,11.0,11.0,12.0,12.0,13.0,14.0,14.0,15.0,15.0,15.0,16.0,16.0,17.0,17.0,18.0,18.0,19.0,20.0,20.0,20.360000000000014,22.0,23.840000000000032,24.0,25.0,25.559999999999945,28.59999999999991,30.039999999999964,32.0,34.51999999999998,37.0,52.0,0.0,1000.352941185236,1000.5411764979362,1000.678431391716,1000.8470588326454,2000.1921568661928,2000.3960784375668,2000.556862771511,2000.6941176652908,2000.8588235378265,3001.0,133.6590148925781,141.98257141113282,147.77718658447264,152.9299530029297,158.23851013183594,163.79872436523436,169.91763763427733,178.11770629882812,195.81939697265625,346.53350830078125,234.23013,2.0,test_data/Useful/Validation/Stone Dust at 1 ft/WhatsApp Image 2024-09-05 at 17.31.40.jpeg,3360.0,225.0,31.05129222669809
86,0.0,0.0,0.0,0.0,0.0,0.0,0.0,0.0,0.0,0.0,0.0,0.0,0.0,0.0,0.0,0.0,0.0,0.0,0.0,0.0,0.0,0.0,0.0,0.0,0.0,0.0,0.0,0.0,0.0,0.0,0.0,0.0,0.0,0.0,0.0,0.0,0.0,0.0,0.0,0.0,0.0,0.0,0.0,0.0,0.0,0.0,0.0,0.0,0.0,1.0,1.0,2.0,3.0,3.0,4.0,4.0,5.0,5.0,6.0,6.0,7.0,8.0,9.0,9.0,9.0,10.0,10.0,11.0,11.0,12.0,13.0,13.0,13.0,14.0,15.0,15.0,15.0,15.0,15.960000000000036,16.0,16.0,17.0,18.0,18.0,18.0,19.0,20.0,20.120000000000005,22.0,23.0,23.0,24.0,26.0,27.0,29.0,32.0,35.0,40.51999999999998,44.0,52.0,0.0,1000.2901960909367,1000.4627451002598,1000.5882353186607,1000.6941176652908,1000.8196078538895,2000.1803921610117,2000.4392156898975,2000.6470588445663,2000.8745098114014,3001.0,133.08409118652344,141.51089477539062,147.40664672851562,152.5732421875,157.7374267578125,163.30166625976562,169.48939056396483,177.70220642089845,195.48971557617188,346.49603271484375,234.50935,2.0,test_data/Useful/Validation/Stone Dust at 1 ft/WhatsApp Image 2024-09-05 at 17.31.41 (1).jpeg,3301.0,238.0,29.842347645632987
87,0.0,0.0,0.0,0.0,0.0,0.0,0.0,0.0,0.0,0.0,0.0,0.0,0.0,0.0,0.0,0.0,0.0,0.0,0.0,0.0,0.0,0.0,0.0,0.0,0.0,0.0,0.0,0.0,0.0,0.0,0.0,0.0,0.0,0.0,0.0,0.0,0.0,0.0,0.0,0.0,0.0,0.0,0.0,0.0,0.0,0.0,0.0,0.0,0.0,0.0,0.0,0.0,0.7200000000000273,1.0,1.2000000000000455,2.0,3.0,3.0,4.0,4.0,4.639999999999986,5.0,5.0,6.0,7.0,8.0,8.0,8.0,9.0,10.0,10.039999999999964,11.0,12.0,12.0,14.0,14.0,14.0,15.0,15.0,15.0,16.0,16.0,17.0,18.0,18.0,19.0,19.0,20.0,21.0,22.0,23.0,25.0,25.0,27.0,28.799999999999955,32.0,34.559999999999945,38.51999999999998,41.75999999999999,54.0,0.0,1000.3098039329052,1000.4823529422283,1000.6039215922356,1000.7137255072594,1000.8784313797951,2000.2470588237047,2000.4823529422283,2000.6627451181412,2000.8627451062202,3001.0,130.7478485107422,139.65457153320312,146.15577697753906,152.06549072265625,157.6736602783203,163.2941680908203,169.50119018554688,177.7661895751953,195.46987915039062,346.52734375,234.494,2.0,test_data/Useful/Validation/Stone Dust at 1 ft/WhatsApp Image 2024-09-05 at 17.31.41.jpeg,3379.0,218.0,28.097156750248093
88,0.0,0.0,0.0,0.0,0.0,0.0,0.0,0.0,0.0,0.0,0.0,0.0,0.0,0.0,0.0,0.0,0.0,0.0,0.0,0.0,0.0,0.0,0.0,0.0,0.0,0.0,0.0,0.0,0.0,0.0,0.0,0.0,0.0,0.0,0.0,0.0,0.0,0.0,0.0,0.0,0.0,0.0,0.0,0.0,0.0,0.0,0.0,0.0,0.0,0.0,0.0,0.0,0.0,0.0,0.0,0.0,0.0,1.0,2.0,2.3999999999999773,3.0,3.0,4.0,4.0,5.0,5.0,6.0,6.0,7.0,7.7999999999999545,8.0,8.0,9.0,9.0,9.0,10.0,10.0,11.0,11.0,12.0,12.0,13.0,13.0,14.0,15.0,15.0,16.0,16.0,16.360000000000014,17.0,18.0,18.0,19.0,21.0,22.0,24.0,26.279999999999973,29.0,35.0,49.0,0.0,1000.2823529541492,1000.4235294163227,1000.5294117927551,1000.6196078658104,1000.6980392336845,1000.8078431487083,2000.4274509847164,2000.6901960968971,3000.2196078449488,3001.0,125.92973327636719,135.60040283203125,143.2272186279297,150.34329223632812,156.8887481689453,163.21456909179688,169.70864868164062,177.97954711914065,196.4553680419922,346.78729248046875,230.47266,2.0,test_data/Useful/Validation/Stone Dust at 1 ft/WhatsApp Image 2024-09-05 at 17.31.42 (1).jpeg,3808.0,168.0,28.911206682846398
89,0.0,0.0,0.0,0.0,0.0,0.0,0.0,0.0,0.0,0.0,0.0,0.0,0.0,0.0,0.0,0.0,0.0,0.0,0.0,0.0,0.0,0.0,0.0,0.0,0.0,0.0,0.0,0.0,0.0,0.0,0.0,0.0,0.0,0.0,0.0,0.0,0.0,0.0,0.0,0.0,0.0,0.0,0.0,0.0,0.0,0.0,0.0,0.0,0.0,0.0,0.0,0.0,0.0,0.0,0.0,0.0,0.0,1.0,1.0,2.0,2.6399999999999864,3.0,3.0,3.3600000000000136,4.0,5.0,5.0,5.32000000000005,6.0,6.7999999999999545,7.0,7.0,8.0,8.0,9.0,10.0,10.0,11.0,11.0,11.0,12.0,13.0,13.0,14.0,15.0,15.0,16.0,17.0,17.0,18.0,18.0,20.0,20.0,22.0,24.0,27.0,30.0,30.519999999999982,37.51999999999998,46.0,0.0,1000.2784313857555,1000.4235294163227,1000.5333333611488,1000.6235294342041,1000.7098039388657,1000.8549019694328,2000.4666666686535,2000.6823529601097,3000.1843137294054,3001.0,130.44609375,139.04928588867188,145.45879364013672,151.4848175048828,157.52999877929688,163.609375,169.9427032470703,178.37632751464844,196.56822204589844,346.75360107421875,230.93594,2.0,test_data/Useful/Validation/Stone Dust at 1 ft/WhatsApp Image 2024-09-05 at 17.31.42.jpeg,3830.0,171.0,22.287240717210974
90,0.0,0.0,0.0,0.0,0.0,0.0,0.0,0.0,0.0,0.0,0.0,0.0,0.0,0.0,0.0,0.0,0.0,0.0,0.0,0.0,0.0,0.0,0.0,0.0,0.0,0.0,0.0,0.0,0.0,0.0,0.0,0.0,0.0,0.0,0.0,0.0,0.0,0.0,0.0,0.0,0.0,0.0,0.0,0.0,0.0,0.0,0.0,0.0,0.0,0.0,0.0,0.0,0.0,0.0,0.0,0.0,0.0,1.0,1.0,2.0,2.0,3.0,3.0,4.0,4.0,5.0,5.0,5.0,6.0,7.0,7.0,8.0,8.0,9.0,9.0,10.0,10.0,11.0,11.0,12.0,13.0,13.0,14.0,14.0,15.0,15.639999999999986,16.0,17.0,17.0,17.0,18.0,19.0,19.0,21.559999999999945,23.0,25.039999999999964,27.279999999999973,34.0,36.75999999999999,68.0,0.0,1000.2941176593304,1000.4509803950787,1000.5686274766922,1000.6666666865349,1000.7764706015587,2000.2705882489681,2000.517647087574,2000.678431391716,3000.0980392172933,3001.0,127.858154296875,136.9791717529297,143.9405258178711,150.464599609375,156.84935760498047,162.95689086914064,169.413330078125,177.81875610351562,196.38992309570312,346.73455810546875,231.53491,2.0,test_data/Useful/Validation/Stone Dust at 1 ft/WhatsApp Image 2024-09-05 at 17.31.43 (1).jpeg,3780.0,171.0,30.412544219269826
91,0.0,0.0,0.0,0.0,0.0,0.0,0.0,0.0,0.0,0.0,0.0,0.0,0.0,0.0,0.0,0.0,0.0,0.0,0.0,0.0,0.0,0.0,0.0,0.0,0.0,0.0,0.0,0.0,0.0,0.0,0.0,0.0,0.0,0.0,0.0,0.0,0.0,0.0,0.0,0.0,0.0,0.0,0.0,0.0,0.0,0.0,0.0,0.0,0.0,0.0,0.0,0.0,0.0,0.0,0.0,0.0,1.0,1.0,2.0,2.0,3.0,4.0,5.0,5.0,6.0,6.0,7.0,7.32000000000005,8.0,9.0,9.0,10.0,10.519999999999982,11.0,12.0,12.0,12.0,13.0,13.0,14.0,15.0,15.0,15.0,16.0,16.0,16.639999999999986,17.0,18.0,18.0,18.0,19.0,20.0,20.32000000000005,22.0,23.0,24.0,26.0,30.559999999999945,39.75999999999999,64.0,0.0,1000.3843137323856,1000.5647059082985,1000.6980392336845,2000.1411764770746,2000.352941185236,2000.4941176474094,2000.6039215922356,2000.6980392336845,2000.8588235378265,3000.9960784316063,128.90965576171874,137.78321838378906,144.3493865966797,150.60728759765624,156.8174819946289,162.95904541015625,169.45838317871093,177.883251953125,196.54217529296875,346.7604064941406,230.82233,2.0,test_data/Useful/Validation/Stone Dust at 1 ft/WhatsApp Image 2024-09-05 at 17.31.43.jpeg,3806.0,185.0,27.842111437719012
92,0.0,0.0,0.0,0.0,0.0,0.0,0.0,0.0,0.0,0.0,0.0,0.0,0.0,0.0,0.0,0.0,0.0,0.0,0.0,0.0,0.0,0.0,0.0,0.0,0.0,0.0,0.0,0.0,0.0,0.0,0.0,0.0,0.0,0.0,0.0,0.0,0.0,0.0,0.0,0.0,0.0,0.0,0.0,0.0,0.0,0.0,0.0,0.0,0.0,0.0,0.0,0.0,0.0,0.0,0.0,1.0,1.0,1.0,2.0,3.0,3.0,3.8799999999999955,4.0,4.0,5.0,5.840000000000032,6.0,6.0,7.0,7.0,7.0,8.0,8.519999999999982,10.0,10.0,11.0,11.0,12.0,12.0,13.0,14.0,15.0,15.0,15.159999999999968,16.0,16.0,17.0,18.0,18.0,18.600000000000023,19.0,20.08000000000004,21.32000000000005,22.0,24.0,28.0,30.0,35.0,37.75999999999999,59.0,0.0,1000.2823529541492,1000.4313725531101,1000.54509806633,1000.6392157077789,1000.7294117808342,2000.1058823540807,2000.4901960790157,2000.6862745285034,3000.160784319043,3001.0,128.63689727783205,137.54652404785156,144.3265609741211,150.5476867675781,156.7118682861328,162.77166442871095,169.20062713623048,177.65138244628906,196.17953491210938,346.7690734863281,231.92264,2.0,test_data/Useful/Validation/Stone Dust at 1 ft/WhatsApp Image 2024-09-05 at 17.31.44 (1).jpeg,3730.0,183.0,32.1855686562683
93,0.0,0.0,0.0,0.0,0.0,0.0,0.0,0.0,0.0,0.0,0.0,0.0,0.0,0.0,0.0,0.0,0.0,0.0,0.0,0.0,0.0,0.0,0.0,0.0,0.0,0.0,0.0,0.0,0.0,0.0,0.0,0.0,0.0,0.0,0.0,0.0,0.0,0.0,0.0,0.0,0.0,0.0,0.0,0.0,0.0,0.0,0.0,0.0,0.0,0.0,0.0,0.0,0.0,0.0,0.0,0.0,0.0,1.0,1.0,2.0,2.0,2.0,3.0,4.0,4.0,5.0,5.080000000000041,6.0,7.0,8.0,9.0,9.0,10.0,11.0,11.0,11.0,12.0,12.720000000000027,13.0,13.0,14.0,15.0,15.0,16.0,16.0,16.0,17.0,18.0,18.0,19.0,20.0,21.0,22.0,22.0,24.0,25.039999999999964,28.279999999999973,33.039999999999964,40.0,69.0,0.0,1000.2705882489681,1000.4078431427479,1000.517647087574,1000.6078431606293,1000.6862745285034,1000.7764706015587,2000.3098039329052,2000.639215707779,3000.1411764770746,3001.0,130.1442413330078,138.70277404785156,145.03199768066406,151.03235778808593,157.10348510742188,163.23113403320312,169.6987762451172,178.16651000976563,196.4371337890625,346.7794189453125,231.42686,2.0,test_data/Useful/Validation/Stone Dust at 1 ft/WhatsApp Image 2024-09-05 at 17.31.44.jpeg,3796.0,182.0,34.86523645573482
94,0.0,0.0,0.0,0.0,0.0,0.0,0.0,0.0,0.0,0.0,0.0,0.0,0.0,0.0,0.0,0.0,0.0,0.0,0.0,0.0,0.0,0.0,0.0,0.0,0.0,0.0,0.0,0.0,0.0,0.0,0.0,0.0,0.0,0.0,0.0,0.0,0.0,0.0,0.0,0.0,0.0,0.0,0.0,0.0,0.0,0.0,0.0,0.0,0.0,0.0,0.0,0.0,0.0,0.0,0.0,1.0,1.0,2.0,2.159999999999968,3.0,4.0,4.0,4.0,5.0,5.0,5.0,6.0,6.0,7.0,7.0,8.0,9.0,10.0,10.759999999999991,11.0,12.0,12.0,12.720000000000027,13.0,14.0,14.0,15.0,15.0,16.0,16.0,17.0,17.0,18.0,18.360000000000014,19.0,20.0,21.0,22.0,23.559999999999945,25.0,27.0,30.0,32.0,38.27999999999997,53.0,0.0,1000.3058823645115,1000.4705882370472,1000.5921568870544,1000.6901960968971,1000.811764717102,2000.3294117748737,2000.556862771511,2000.705882370472,3000.1254902035,3001.0,128.70868530273438,137.52444458007812,144.34585571289062,150.74534606933594,156.95035552978516,163.08612060546875,169.46560668945312,177.910888671875,196.4292755126953,346.8063049316406,231.46893,2.0,test_data/Useful/Validation/Stone Dust at 1 ft/WhatsApp Image 2024-09-05 at 17.31.45 (1).jpeg,3744.0,181.0,34.56498674931409
95,0.0,0.0,0.0,0.0,0.0,0.0,0.0,0.0,0.0,0.0,0.0,0.0,0.0,0.0,0.0,0.0,0.0,0.0,0.0,0.0,0.0,0.0,0.0,0.0,0.0,0.0,0.0,0.0,0.0,0.0,0.0,0.0,0.0,0.0,0.0,0.0,0.0,0.0,0.0,0.0,0.0,0.0,0.0,0.0,0.0,0.0,0.0,0.0,0.0,0.0,0.0,0.0,0.0,0.0,0.0,0.0,0.0,0.0,1.0,1.0,2.0,2.0,3.0,3.3600000000000136,4.0,5.0,5.0,5.0,6.559999999999945,7.0,8.0,9.0,9.0,10.0,10.0,11.0,12.0,12.0,13.0,14.0,15.0,15.0,15.0,16.0,16.0,16.0,17.0,17.0,18.0,19.0,20.0,21.0,22.0,22.0,23.799999999999955,26.0,29.0,33.51999999999998,40.51999999999998,49.0,0.0,1000.2823529541492,1000.4313725531101,1000.54509806633,1000.6352941393852,1000.7254902124405,2000.043137256056,2000.4784313738346,2000.6862745285034,3000.160784319043,3000.988235294819,128.53280639648438,137.63034057617188,144.50057983398438,150.72122192382812,156.77127075195312,162.90249633789062,169.369384765625,177.87127685546875,196.37132263183594,346.76763916015625,231.6954,2.0,test_data/Useful/Validation/Stone Dust at 1 ft/WhatsApp Image 2024-09-05 at 17.31.45.jpeg,3711.0,180.0,26.079679711003383
96,0.0,0.0,0.0,0.0,0.0,0.0,0.0,0.0,0.0,0.0,0.0,0.0,0.0,0.0,0.0,0.0,0.0,0.0,0.0,0.0,0.0,0.0,0.0,0.0,0.0,0.0,0.0,0.0,0.0,0.0,0.0,0.0,0.0,0.0,0.0,0.0,0.0,0.0,0.0,0.0,0.0,0.0,0.0,0.0,0.0,0.0,0.0,0.0,0.0,0.0,0.0,0.0,0.0,0.0,0.0,0.0,1.0,1.0,2.0,2.0,3.0,3.0,4.0,5.0,5.0,6.0,6.0,7.0,7.0,8.0,8.0,9.0,9.0,10.0,10.0,11.0,12.0,12.720000000000027,13.0,14.0,14.0,15.0,15.0,16.0,16.0,16.0,17.0,18.0,18.0,19.0,20.0,21.0,22.0,23.0,23.799999999999955,26.0,28.0,31.0,40.27999999999997,55.0,0.0,1000.3058823645115,1000.4666666686535,1000.5882353186607,1000.6901960968971,1000.8431372642517,2000.352941185236,2000.5529412031174,2000.6941176652908,3000.101960785687,3000.9960784316063,128.00099029541016,137.11726989746094,144.13062438964843,150.64442443847656,156.8732452392578,162.93211364746094,169.3626251220703,177.7750244140625,196.2421417236328,346.7707824707031,231.742,2.0,test_data/Useful/Validation/Stone Dust at 1 ft/WhatsApp Image 2024-09-05 at 17.31.46.jpeg,3735.0,181.0,27.330695093193267
97,0.0,0.0,0.0,0.0,0.0,0.0,0.0,0.0,0.0,0.0,0.0,0.0,0.0,0.0,0.0,0.0,0.0,0.0,0.0,0.0,0.0,0.0,0.0,0.0,0.0,0.0,0.0,0.0,0.0,0.0,0.0,0.0,0.0,0.0,0.0,0.0,0.0,0.0,0.0,0.0,0.0,0.0,0.0,0.0,0.0,0.0,0.0,0.0,0.0,0.0,0.0,1.0,1.0,1.0,2.0,3.0,3.0,4.0,4.0,4.0,5.0,5.0,5.1200000000000045,6.0,6.0,7.0,8.0,8.0,9.0,9.0,10.0,11.0,11.0,12.0,12.0,13.0,13.0,14.0,14.0,15.0,16.0,16.0,16.0,17.0,17.0,18.0,18.0,19.0,19.360000000000014,20.0,21.0,23.0,23.32000000000005,25.0,27.0,29.0,31.279999999999973,32.51999999999998,38.51999999999998,58.0,0.0,1000.4352941215038,1000.6274510025978,1000.811764717102,2000.2470588237047,2000.4039215743542,2000.5215686559677,2000.6156862974167,2000.6980392336845,2000.8078431487083,3001.0,131.06271362304688,139.7492462158203,145.8422058105469,151.34719848632812,156.8552474975586,162.58172607421875,168.8524169921875,177.49957275390625,196.48207092285156,346.7862243652344,231.70361,2.0,test_data/Useful/Validation/Stone Dust at 1 ft/WhatsApp Image 2024-09-05 at 17.31.47 (1).jpeg,3770.0,205.0,30.01580322287114
98,0.0,0.0,0.0,0.0,0.0,0.0,0.0,0.0,0.0,0.0,0.0,0.0,0.0,0.0,0.0,0.0,0.0,0.0,0.0,0.0,0.0,0.0,0.0,0.0,0.0,0.0,0.0,0.0,0.0,0.0,0.0,0.0,0.0,0.0,0.0,0.0,0.0,0.0,0.0,0.0,0.0,0.0,0.0,0.0,0.0,0.0,0.0,0.0,0.0,0.0,0.0,0.0,0.0,0.0,0.0,0.0,0.0,1.0,1.0,2.0,2.0,2.0,3.0,4.0,4.0,5.0,6.0,6.0,7.0,7.0,8.0,9.0,9.0,10.0,11.0,12.0,13.0,13.0,14.0,14.0,15.0,15.0,16.0,16.0,16.0,17.0,17.0,18.0,18.0,19.0,20.0,21.0,22.32000000000005,23.559999999999945,25.0,27.039999999999964,31.279999999999973,34.0,39.75999999999999,47.0,0.0,1000.4627451002598,1000.6549019813538,2000.101960785687,2000.2941176593304,2000.4313725531101,2000.5372549295425,2000.6274510025978,2000.705882370472,2000.8274509906769,3001.0,127.21719360351562,136.37852478027344,143.29108123779298,149.69072265625,155.89303588867188,161.9901611328125,168.5130142211914,177.23784179687502,196.46713256835938,346.73809814453125,231.65182,2.0,test_data/Useful/Validation/Stone Dust at 1 ft/WhatsApp Image 2024-09-05 at 17.31.47.jpeg,3758.0,186.0,32.59927461050529
99,0.0,0.0,0.0,0.0,0.0,0.0,0.0,0.0,0.0,0.0,0.0,0.0,0.0,0.0,0.0,0.0,0.0,0.0,0.0,0.0,0.0,0.0,0.0,0.0,0.0,0.0,0.0,0.0,0.0,0.0,0.0,0.0,0.0,0.0,0.0,0.0,0.0,0.0,0.0,0.0,0.0,0.0,0.0,0.0,0.0,0.0,0.0,0.0,0.0,0.0,0.0,0.0,0.0,0.0,0.0,0.0,0.0,0.0,0.0,0.0,0.0,0.0,0.0,0.0,0.0,0.0,0.0,1.0,1.0,2.0,3.0,3.0,4.0,5.0,6.0,6.240000000000009,7.0,8.0,8.0,10.0,10.440000000000055,11.0,13.0,13.0,14.0,15.0,15.0,15.120000000000005,16.0,17.0,18.0,19.0,20.0,21.0,23.0,25.0,26.0,30.519999999999982,35.51999999999998,52.0,0.0,1000.2901960909367,1000.4235294163227,1000.5254902243614,1000.611764729023,1000.6941176652908,1000.811764717102,2000.4000000059605,2000.6431372761726,3000.1450980454683,3001.0,126.6695426940918,136.18527221679688,143.5452880859375,150.4365234375,156.9070587158203,163.12210083007812,169.56613159179688,177.9497833251953,196.50119018554688,346.66485595703125,230.83733,2.0,test_data/Useful/Validation/Stone Dust at 1 ft/WhatsApp Image 2024-09-05 at 17.31.48 (1).jpeg,3551.0,142.0,28.39339325902142
100,0.0,0.0,0.0,0.0,0.0,0.0,0.0,0.0,0.0,0.0,0.0,0.0,0.0,0.0,0.0,0.0,0.0,0.0,0.0,0.0,0.0,0.0,0.0,0.0,0.0,0.0,0.0,0.0,0.0,0.0,0.0,0.0,0.0,0.0,0.0,0.0,0.0,0.0,0.0,0.0,0.0,0.0,0.0,0.0,0.0,0.0,0.0,0.0,0.0,0.0,0.0,0.0,0.0,0.0,0.0,0.0,0.0,0.0,0.0,0.0,0.0,0.0,0.0,0.0,0.0,0.0,0.0,1.0,2.0,3.0,4.0,5.0,5.0,5.759999999999991,6.0,7.0,8.0,8.0,9.0,9.200000000000045,10.440000000000055,11.67999999999995,12.919999999999959,13.0,14.0,15.0,15.0,16.0,16.0,17.0,18.0,19.0,20.0,22.0,24.0,26.0,28.0,30.0,32.75999999999999,58.0,0.0,1000.2901960909367,1000.4274509847164,1000.5294117927551,1000.611764729023,1000.6901960968971,1000.7921568751335,2000.3411764800549,2000.6313725709915,3000.1450980454683,3001.0,128.5343475341797,137.8175018310547,144.88543853759765,151.38297424316406,157.7001495361328,163.73401489257813,170.04531555175782,178.24751586914064,196.45330810546875,346.72705078125,230.50214,2.0,test_data/Useful/Validation/Stone Dust at 1 ft/WhatsApp Image 2024-09-05 at 17.31.48.jpeg,3566.0,149.0,29.225553246883443
101,0.0,0.0,0.0,0.0,0.0,0.0,0.0,0.0,0.0,0.0,0.0,0.0,0.0,0.0,0.0,0.0,0.0,0.0,0.0,0.0,0.0,0.0,0.0,0.0,0.0,0.0,0.0,0.0,0.0,0.0,0.0,0.0,0.0,0.0,0.0,0.0,0.0,0.0,0.0,0.0,0.0,0.0,0.0,0.0,0.0,0.0,0.0,0.0,0.0,0.0,0.0,0.0,0.0,0.0,0.0,0.0,0.0,0.0,0.0,0.0,0.0,0.0,0.0,0.0,0.0,0.0,0.0,0.0,0.5599999999999454,1.0,2.0399999999999636,3.0,4.0,5.0,6.0,6.0,7.0,7.0,8.0,9.0,9.0,10.0,11.0,12.0,13.0,14.0,15.0,15.0,15.0,17.0,17.0,19.0,20.0,20.0,22.0,24.0,26.0,30.0,33.0,48.0,0.0,1000.2901960909367,1000.4235294163227,1000.5254902243614,1000.6078431606293,1000.6862745285034,1000.8078431487083,2000.3882353007793,2000.6274510025978,3000.113725490868,3000.9921568632126,127.0347282409668,136.39163208007812,143.79290771484375,150.74307250976562,157.1477508544922,163.25592041015625,169.6232452392578,177.9611053466797,196.36056518554688,346.66815185546875,230.23209,2.0,test_data/Useful/Validation/Stone Dust at 1 ft/WhatsApp Image 2024-09-05 at 17.31.49 (1).jpeg,3559.0,135.0,30.141468474068592
102,0.0,0.0,0.0,0.0,0.0,0.0,0.0,0.0,0.0,0.0,0.0,0.0,0.0,0.0,0.0,0.0,0.0,0.0,0.0,0.0,0.0,0.0,0.0,0.0,0.0,0.0,0.0,0.0,0.0,0.0,0.0,0.0,0.0,0.0,0.0,0.0,0.0,0.0,0.0,0.0,0.0,0.0,0.0,0.0,0.0,0.0,0.0,1.0,1.0,2.0,2.0,3.0,4.0,4.0,5.0,5.0,6.0,6.0,7.0,7.0,8.0,8.0,9.0,9.0,10.0,10.0,11.0,12.0,12.0,12.0,13.0,14.0,15.0,15.0,16.0,16.0,16.0,17.0,17.0,18.0,19.0,19.0,20.0,20.0,21.0,21.0,22.0,23.0,24.0,25.600000000000023,27.0,28.0,29.32000000000005,31.559999999999945,32.0,35.0,39.0,43.0,49.51999999999998,67.0,0.0,1000.65098041296,2000.1215686276555,2000.313725501299,2000.4235294163227,2000.5058823823929,2000.5647059082985,2000.6196078658104,2000.6666666865349,2000.7294117808342,3000.921568632126,140.13864135742188,148.12940979003906,153.37382049560546,157.62362365722657,161.59162139892578,165.71615600585938,170.68143157958983,178.10650634765625,195.06956481933594,346.949462890625,237.52377,2.0,test_data/Useful/Validation/Stone Dust at 1 ft/WhatsApp Image 2024-09-05 at 17.32.20 (1).jpeg,2701.0,257.0,28.718804556052184
103,0.0,0.0,0.0,0.0,0.0,0.0,0.0,0.0,0.0,0.0,0.0,0.0,0.0,0.0,0.0,0.0,0.0,0.0,0.0,0.0,0.0,0.0,0.0,0.0,0.0,0.0,0.0,0.0,0.0,0.0,0.0,0.0,0.0,0.0,0.0,0.0,0.0,0.0,0.0,0.0,0.0,0.0,0.0,0.0,0.0,0.0,0.0,0.0,1.0,2.0,2.0,3.0,3.0,4.0,4.0,5.0,5.0,6.0,6.159999999999968,7.0,7.0,7.8799999999999955,8.0,8.360000000000014,9.0,10.0,11.0,11.0,12.0,12.0,13.039999999999964,14.0,14.0,15.0,15.0,15.0,16.0,16.0,17.0,17.0,18.0,18.0,19.0,19.0,20.0,21.0,22.0,23.0,24.0,25.0,26.0,27.08000000000004,29.0,31.0,33.0,34.0,35.27999999999997,39.51999999999998,45.75999999999999,57.0,0.0,1000.7215686440468,2000.1921568661928,2000.3450980484486,2000.4431372582912,2000.517647087574,2000.5764706134796,2000.623529434204,2000.678431391716,2000.745098054409,3000.972549021244,137.238037109375,145.3031005859375,150.55877685546875,154.94625244140624,159.18669891357422,163.67218017578125,168.93812561035156,176.5350341796875,194.54974365234375,346.9375305175781,237.11981,2.0,test_data/Useful/Validation/Stone Dust at 1 ft/WhatsApp Image 2024-09-05 at 17.32.20.jpeg,2733.0,245.0,29.636301102627808
104,0.0,0.0,0.0,0.0,0.0,0.0,0.0,0.0,0.0,0.0,0.0,0.0,0.0,0.0,0.0,0.0,0.0,0.0,0.0,0.0,0.0,0.0,0.0,0.0,0.0,0.0,0.0,0.0,0.0,0.0,0.0,0.0,0.0,0.0,0.0,0.0,0.0,0.0,0.0,0.0,0.0,0.0,0.0,0.0,0.0,0.0,0.0,0.0,0.0,0.0,0.0,0.0,0.0,1.0,1.2000000000000455,2.0,2.67999999999995,3.0,4.0,4.0,5.0,5.0,6.0,6.0,7.0,7.0,8.0,8.0,9.0,10.0,10.0,11.0,11.0,12.0,13.0,14.0,14.480000000000018,15.0,15.0,15.0,16.0,16.0,17.0,17.0,18.0,18.0,19.0,20.0,21.0,21.0,22.0,23.0,24.0,25.559999999999945,26.0,28.0,30.0,31.519999999999982,37.75999999999999,57.0,0.0,1000.5490196347237,1000.6745098233223,1000.7294117808342,1000.7647058963776,1000.8078431487083,2000.4823529422283,3000.054901961237,3000.364705890417,3000.560784339905,3001.0,130.28858947753906,138.8619384765625,144.89187622070312,150.26548767089844,155.52465057373047,160.9014465332031,166.931689453125,175.20043029785157,193.54364013671875,347.3313903808594,237.2158,2.0,test_data/Useful/Validation/Stone Dust at 1 ft/WhatsApp Image 2024-09-05 at 17.32.21 (1).jpeg,2361.0,202.0,29.494276361807728
0,0.0,0.0,0.0,0.0,0.0,0.0,0.0,0.0,0.0,0.0,0.0,0.0,0.0,0.0,0.0,0.0,0.0,0.0,0.0,0.0,0.0,0.0,0.0,0.0,0.0,0.0,0.0,0.0,0.0,0.0,0.0,0.0,0.0,0.0,0.0,0.0,0.0,0.0,0.0,0.0,0.0,0.0,0.0,0.0,0.0,0.0,0.0,0.0,0.0,0.0,0.0,0.0,0.0,0.0,0.0,0.0,0.0,0.0,0.0,0.0,0.0,0.0,0.0,0.0,0.0,0.0,0.0,0.0,1.0,1.0,1.0,2.0,3.0,4.0,4.0,5.0,6.0,6.720000000000027,7.0,8.0,8.440000000000055,9.0,10.0,11.0,11.0,12.0,12.879999999999995,14.0,14.0,15.0,16.0,18.0,18.0,19.559999999999945,21.0,22.0,24.279999999999973,28.519999999999982,37.039999999999964,52.0,0.0,1000.4117647111416,1000.6666666865349,1000.8862745165825,2000.2941176593304,2000.4431372582912,2000.5529412031174,2000.6470588445663,2000.7215686440468,2000.8039215803146,3001.0,150.21217193603516,158.0361755371094,163.12600708007812,167.25933837890625,170.93141174316406,174.6217498779297,178.64378356933594,184.07131958007812,196.64390563964844,347.1210021972656,230.07602,0.0,test_data/Useful/Validation/Three eight at 1ft/IMG-20240918-WA0055.jpg,3867.0,128.0,25.318943673949043
1,0.0,0.0,0.0,0.0,0.0,0.0,0.0,0.0,0.0,0.0,0.0,0.0,0.0,0.0,0.0,0.0,0.0,0.0,0.0,0.0,0.0,0.0,0.0,0.0,0.0,0.0,0.0,0.0,0.0,0.0,0.0,0.0,0.0,0.0,0.0,0.0,0.0,0.0,0.0,0.0,0.0,0.0,0.0,0.0,0.0,0.0,0.0,0.0,0.0,0.0,0.0,0.0,0.0,0.0,0.0,0.0,0.0,0.0,0.0,0.0,0.0,0.0,0.0,0.0,0.0,0.0,0.0,1.0,1.0,2.0,3.0,4.0,4.519999999999982,5.0,6.0,6.0,7.0,8.0,9.0,10.0,11.0,11.0,12.0,12.0,13.0,14.0,14.0,15.0,15.0,16.0,16.0,17.0,18.0,20.0,22.0,23.039999999999964,27.0,29.519999999999982,34.0,43.0,0.0,1000.4117647111416,1000.6745098233223,1000.933333337307,2000.3058823645115,2000.447058826685,2000.556862771511,2000.6470588445663,2000.7215686440468,2000.800000011921,3001.0,150.13743591308594,158.00787353515625,163.12940673828126,167.3164031982422,170.98646545410156,174.64920043945312,178.7632598876953,184.114013671875,196.65972900390625,347.0883483886719,230.35652,0.0,test_data/Useful/Validation/Three eight at 1ft/IMG-20240918-WA0056.jpg,3867.0,137.0,29.90706718957888
2,0.0,0.0,0.0,0.0,0.0,0.0,0.0,0.0,0.0,0.0,0.0,0.0,0.0,0.0,0.0,0.0,0.0,0.0,0.0,0.0,0.0,0.0,0.0,0.0,0.0,0.0,0.0,0.0,0.0,0.0,0.0,0.0,0.0,0.0,0.0,0.0,0.0,0.0,0.0,0.0,0.0,0.0,0.0,0.0,0.0,0.0,0.0,0.0,0.0,0.0,0.0,0.0,0.0,0.0,0.0,0.0,0.0,0.0,0.0,0.0,0.0,0.0,0.0,0.0,0.0,0.0,0.0,0.32000000000005,1.0,1.0,2.0,2.2799999999999727,4.0,4.759999999999991,5.0,6.0,6.480000000000018,7.0,8.0,9.0,10.0,11.0,12.0,13.0,14.0,14.0,15.0,15.0,16.0,17.0,17.0,18.0,19.0,20.0,21.799999999999955,23.0,28.0,31.0,33.75999999999999,45.0,0.0,1000.4431372582912,1000.7333333492279,2000.1647058874369,2000.3568627536297,2000.474509805441,2000.5764706134796,2000.6588235497475,2000.7294117808342,2000.8078431487083,3001.0,149.90749969482422,157.75735473632812,162.81436157226562,166.9561767578125,170.65640258789062,174.3800506591797,178.499755859375,184.00205993652344,196.72079467773438,347.0631103515625,230.57803,0.0,test_data/Useful/Validation/Three eight at 1ft/IMG-20240918-WA0057.jpg,3867.0,137.0,28.137214728358597
3,0.0,0.0,0.0,0.0,0.0,0.0,0.0,0.0,0.0,0.0,0.0,0.0,0.0,0.0,0.0,0.0,0.0,0.0,0.0,0.0,0.0,0.0,0.0,0.0,0.0,0.0,0.0,0.0,0.0,0.0,0.0,0.0,0.0,0.0,0.0,0.0,0.0,0.0,0.0,0.0,0.0,0.0,0.0,0.0,0.0,0.0,0.0,0.0,0.0,0.0,0.0,0.0,0.0,0.0,0.0,0.0,0.0,0.0,0.0,0.0,0.0,0.0,0.0,0.0,0.0,0.0,0.0,1.0,1.0,2.7999999999999545,3.0,4.0,4.0,5.0,6.0,7.0,8.0,8.0,9.0,10.0,11.0,11.67999999999995,13.0,13.159999999999968,14.0,14.639999999999986,15.0,15.0,16.0,17.0,18.0,19.0,20.0,21.0,23.0,25.0,26.0,29.0,33.75999999999999,41.0,0.0,1000.5372549295425,1000.8627451062202,2000.258823543787,2000.4039215743542,2000.5098039507866,2000.6000000238419,2000.6745098233223,2000.7411764860153,2000.8156862854958,3001.0,150.45511169433593,158.2422882080078,163.32740020751953,167.33143920898436,171.0258560180664,174.67157897949218,178.67923889160156,184.08770751953125,196.68771362304688,347.1178894042969,230.76376,0.0,test_data/Useful/Validation/Three eight at 1ft/IMG-20240918-WA0058.jpg,3794.0,142.0,25.606258544395175
4,0.0,0.0,0.0,0.0,0.0,0.0,0.0,0.0,0.0,0.0,0.0,0.0,0.0,0.0,0.0,0.0,0.0,0.0,0.0,0.0,0.0,0.0,0.0,0.0,0.0,0.0,0.0,0.0,0.0,0.0,0.0,0.0,0.0,0.0,0.0,0.0,0.0,0.0,0.0,0.0,0.0,0.0,0.0,0.0,0.0,0.0,0.0,0.0,0.0,0.0,0.0,0.0,0.0,0.0,0.0,0.0,0.0,0.0,0.0,0.0,0.0,0.0,0.0,0.0,0.0,0.0,1.0,1.32000000000005,2.0,3.0,3.0,4.0,4.519999999999982,5.0,6.0,6.0,7.0,8.0,8.0,9.0,10.0,10.0,11.0,11.0,12.0,12.0,13.879999999999995,14.0,15.0,15.0,16.0,16.0,17.0,18.0,20.799999999999955,23.0,25.0,28.519999999999982,36.51999999999998,46.0,0.0,1000.4431372582912,1000.7294117808342,2000.1568627506495,2000.352941185236,2000.474509805441,2000.572549045086,2000.6549019813538,2000.7294117808342,2000.8039215803146,3001.0,150.13607482910157,157.90062561035157,163.08314514160156,167.17499694824218,170.8870620727539,174.57098388671875,178.6890411376953,184.03036193847657,196.66921997070312,347.06561279296875,229.95706,0.0,test_data/Useful/Validation/Three eight at 1ft/IMG-20240918-WA0059.jpg,3847.0,134.0,34.235838365360614
5,0.0,0.0,0.0,0.0,0.0,0.0,0.0,0.0,0.0,0.0,0.0,0.0,0.0,0.0,0.0,0.0,0.0,0.0,0.0,0.0,0.0,0.0,0.0,0.0,0.0,0.0,0.0,0.0,0.0,0.0,0.0,0.0,0.0,0.0,0.0,0.0,0.0,0.0,0.0,0.0,0.0,0.0,0.0,0.0,0.0,0.0,0.0,0.0,0.0,0.0,0.0,0.0,0.0,0.0,0.0,0.0,0.0,0.0,0.0,0.0,0.0,0.0,0.0,0.0,0.0,0.0,0.0,1.0,2.0,3.0,4.0,4.0,5.0,6.0,6.0,7.0,8.0,9.0,9.0,10.0,12.0,12.0,13.0,13.0,14.0,15.0,15.0,16.0,16.0,16.0,17.0,18.0,19.0,21.0,23.0,24.0,27.0,31.559999999999945,35.0,43.0,0.0,1000.4745098054409,1000.7647058963776,2000.1960784345865,2000.3764705955982,2000.4941176474094,2000.5882353186607,2000.6666666865349,2000.7372549176216,2000.8156862854958,3001.0,150.0081787109375,157.8839111328125,163.02854919433594,167.14755249023438,170.86199951171875,174.50477600097656,178.58585357666016,184.02035522460938,196.6231689453125,347.1173095703125,230.82658,0.0,test_data/Useful/Validation/Three eight at 1ft/IMG-20240918-WA0060.jpg,3846.0,144.0,28.569803569566147
6,0.0,0.0,0.0,0.0,0.0,0.0,0.0,0.0,0.0,0.0,0.0,0.0,0.0,0.0,0.0,0.0,0.0,0.0,0.0,0.0,0.0,0.0,0.0,0.0,0.0,0.0,0.0,0.0,0.0,0.0,0.0,0.0,0.0,0.0,0.0,0.0,0.0,0.0,0.0,0.0,0.0,0.0,0.0,0.0,0.0,0.0,0.0,0.0,0.0,0.0,0.0,0.0,0.0,0.0,0.0,0.0,0.0,0.0,0.0,0.0,0.0,0.0,0.0,0.0,0.0,0.8400000000000318,1.0,1.0,1.5599999999999454,2.0,3.0,3.0,4.0,5.0,6.0,6.240000000000009,7.0,7.720000000000027,8.960000000000036,9.0,10.0,11.0,12.0,12.0,13.0,14.0,14.0,14.120000000000005,15.0,15.600000000000023,16.0,17.0,18.0,19.0,21.0,22.0,23.279999999999973,29.519999999999982,38.27999999999997,59.0,0.0,1000.5764706134796,1000.9411764740944,2000.2901960909367,2000.4235294163227,2000.5254902243614,2000.611764729023,2000.6823529601097,2000.7490196228027,2000.8235294222832,3001.0,150.1502685546875,158.08466186523438,163.20068359375,167.28048706054688,170.98410034179688,174.63600158691406,178.69792633056642,184.1214599609375,196.65464782714844,347.16986083984375,230.32431,0.0,test_data/Useful/Validation/Three eight at 1ft/IMG-20240918-WA0061.jpg,3830.0,133.0,27.658592358310052
7,0.0,0.0,0.0,0.0,0.0,0.0,0.0,0.0,0.0,0.0,0.0,0.0,0.0,0.0,0.0,0.0,0.0,0.0,0.0,0.0,0.0,0.0,0.0,0.0,0.0,0.0,0.0,0.0,0.0,0.0,0.0,0.0,0.0,0.0,0.0,0.0,0.0,0.0,0.0,0.0,0.0,0.0,0.0,0.0,0.0,0.0,0.0,0.0,0.0,0.0,0.0,0.0,0.0,0.0,0.0,0.0,0.0,0.0,0.0,0.0,0.0,0.0,0.0,0.0,0.0,1.0,1.0,2.0,2.0,3.0,3.0,4.0,4.0,5.0,6.0,6.0,7.0,7.0,8.0,8.200000000000045,9.0,10.0,10.0,11.0,12.0,14.0,14.0,15.0,15.0,15.0,16.0,16.0,17.32000000000005,18.0,19.799999999999955,22.0,24.0,26.519999999999982,30.0,44.0,0.0,1000.5725490450859,1000.9019607901573,2000.2784313857555,2000.419607847929,2000.5215686559677,2000.6078431606293,2000.6823529601097,2000.7490196228027,2000.8235294222832,3001.0,150.06863861083986,157.9236297607422,163.07058715820312,167.20332946777344,170.94642639160156,174.6099060058594,178.6888885498047,184.08715209960937,196.674169921875,347.16278076171875,230.09186,0.0,test_data/Useful/Validation/Three eight at 1ft/IMG-20240918-WA0062.jpg,3872.0,130.0,33.21080320543906
8,0.0,0.0,0.0,0.0,0.0,0.0,0.0,0.0,0.0,0.0,0.0,0.0,0.0,0.0,0.0,0.0,0.0,0.0,0.0,0.0,0.0,0.0,0.0,0.0,0.0,0.0,0.0,0.0,0.0,0.0,0.0,0.0,0.0,0.0,0.0,0.0,0.0,0.0,0.0,0.0,0.0,0.0,0.0,0.0,0.0,0.0,0.0,0.0,0.0,0.0,0.0,0.0,0.0,0.0,0.0,0.0,0.0,0.0,0.0,0.0,0.0,0.0,0.0,0.0,0.0,0.0,0.0,0.0,0.0,0.0,1.0,1.0,3.0,3.759999999999991,4.0,5.0,6.0,6.720000000000027,8.0,8.0,9.0,10.0,10.0,11.0,11.399999999999977,12.0,13.0,14.0,15.0,15.0,16.0,17.08000000000004,19.0,20.0,22.799999999999955,25.0,26.279999999999973,29.0,33.0,64.0,0.0,1000.4235294163227,1000.6823529601097,1000.933333337307,2000.3058823645115,2000.447058826685,2000.556862771511,2000.6470588445663,2000.7215686440468,2000.8039215803146,3001.0,150.33977508544922,158.09658203125,163.19109039306642,167.2705291748047,170.93008422851562,174.6144012451172,178.63925323486328,184.1187469482422,196.63238525390625,347.1083068847656,230.07973,0.0,test_data/Useful/Validation/Three eight at 1ft/IMG-20240918-WA0063.jpg,3816.0,128.0,26.15312221233145
9,0.0,0.0,0.0,0.0,0.0,0.0,0.0,0.0,0.0,0.0,0.0,0.0,0.0,0.0,0.0,0.0,0.0,0.0,0.0,0.0,0.0,0.0,0.0,0.0,0.0,0.0,0.0,0.0,0.0,0.0,0.0,0.0,0.0,0.0,0.0,0.0,0.0,0.0,0.0,0.0,0.0,0.0,0.0,0.0,0.0,0.0,0.0,0.0,0.0,0.0,0.0,0.0,0.0,0.0,0.0,0.0,0.0,0.0,0.0,0.0,0.0,0.0,0.0,0.0,0.0,0.0,0.0,1.0,1.0,2.0,2.0,3.0,4.0,5.0,6.0,6.0,6.0,7.0,7.0,8.0,8.0,10.0,10.0,11.0,12.0,13.0,14.0,14.120000000000005,15.0,16.0,16.840000000000032,18.0,19.0,20.0,21.0,23.0,24.279999999999973,29.0,34.0,48.0,0.0,1000.3764705955982,1000.611764729023,1000.7882353067398,2000.1960784345865,2000.392156869173,2000.517647087574,2000.623529434204,2000.705882370472,2000.7921568751335,3001.0,150.24103088378908,158.09388732910156,163.12612915039062,167.23876953125,170.94891357421875,174.6263885498047,178.72171020507812,184.17596435546875,196.83840942382812,347.0616455078125,230.06302,0.0,test_data/Useful/Validation/Three eight at 1ft/IMG-20240918-WA0064.jpg,3877.0,130.0,26.017563296915416
10,0.0,0.0,0.0,0.0,0.0,0.0,0.0,0.0,0.0,0.0,0.0,0.0,0.0,0.0,0.0,0.0,0.0,0.0,0.0,0.0,0.0,0.0,0.0,0.0,0.0,0.0,0.0,0.0,0.0,0.0,0.0,0.0,0.0,0.0,0.0,0.0,0.0,0.0,0.0,0.0,0.0,0.0,0.0,0.0,0.0,0.0,0.0,0.0,0.0,0.0,0.0,0.0,0.0,0.0,0.0,0.0,0.0,0.0,0.0,0.0,0.0,1.0,2.0,2.0,3.0,3.840000000000032,4.0,5.0,5.0,6.0,6.0,6.0,7.0,8.0,8.0,9.0,10.0,10.0,12.0,12.0,13.0,13.0,14.0,14.159999999999968,15.0,15.0,16.0,17.0,17.0,18.0,19.0,20.0,21.0,22.0,23.799999999999955,25.039999999999964,28.279999999999973,30.0,34.75999999999999,64.0,0.0,1000.5921568870544,1001.0,2000.2941176593304,2000.4274509847164,2000.5333333611488,2000.6196078658104,2000.6901960968971,2000.7568627595901,2000.8313725590706,3001.0,149.74586334228516,157.58775634765624,162.6842788696289,166.74962463378907,170.42352294921875,174.0987976074219,178.11253814697267,183.5707794189453,196.40357971191406,347.1828918457031,231.2668,0.0,test_data/Useful/Validation/Three eight at 1ft/IMG-20240918-WA0065.jpg,3803.0,164.0,30.379012918762356
11,0.0,0.0,0.0,0.0,0.0,0.0,0.0,0.0,0.0,0.0,0.0,0.0,0.0,0.0,0.0,0.0,0.0,0.0,0.0,0.0,0.0,0.0,0.0,0.0,0.0,0.0,0.0,0.0,0.0,0.0,0.0,0.0,0.0,0.0,0.0,0.0,0.0,0.0,0.0,0.0,0.0,0.0,0.0,0.0,0.0,0.0,0.0,0.0,0.0,0.0,0.0,0.0,0.0,0.0,0.0,0.0,0.0,0.0,0.0,0.0,0.0,0.0,0.0,0.0,0.0,0.0,0.0,0.0,0.0,0.0,0.0,1.0,1.0,2.0,3.0,5.0,5.0,5.720000000000027,7.0,7.0,8.0,9.0,10.0,11.0,12.0,13.0,14.0,14.0,15.0,15.0,16.0,16.0,17.0,19.0,22.0,22.039999999999964,28.0,31.519999999999982,36.0,46.0,0.0,1000.5098039507866,1000.8235294222832,2000.2470588237047,2000.4000000059605,2000.5098039507866,2000.6000000238419,2000.6745098233223,2000.7411764860153,2000.8156862854958,3001.0,150.07403869628905,157.96408386230468,163.05969848632813,167.11900024414064,170.8427276611328,174.494140625,178.59585571289062,184.10089111328125,196.71888732910156,347.1274108886719,230.334,0.0,test_data/Useful/Validation/Three eight at 1ft/IMG-20240918-WA0066.jpg,3834.0,123.0,32.58658114636261
12,0.0,0.0,0.0,0.0,0.0,0.0,0.0,0.0,0.0,0.0,0.0,0.0,0.0,0.0,0.0,0.0,0.0,0.0,0.0,0.0,0.0,0.0,0.0,0.0,0.0,0.0,0.0,0.0,0.0,0.0,0.0,0.0,0.0,0.0,0.0,0.0,0.0,0.0,0.0,0.0,0.0,0.0,0.0,0.0,0.0,0.0,0.0,0.0,0.0,0.0,0.0,0.0,0.0,0.0,0.0,0.0,0.0,0.0,0.0,0.0,0.0,0.0,0.0,0.0,0.0,0.0,0.0,1.0,2.0,2.0,3.0,3.2799999999999727,4.0,5.0,6.0,6.0,6.480000000000018,7.0,8.0,8.200000000000045,9.440000000000055,10.0,11.0,12.0,13.0,13.0,14.879999999999995,15.0,15.0,16.0,16.0,17.0,18.0,20.0,21.0,24.0,27.0,31.519999999999982,35.75999999999999,43.0,0.0,1000.5686274766922,1000.9607843160629,2000.2823529541492,2000.4156862795353,2000.5215686559677,2000.6078431606293,2000.678431391716,2000.745098054409,2000.8196078538895,3001.0,150.17274169921876,157.96595458984376,163.09091033935547,167.22047424316406,170.90133666992188,174.58432006835938,178.64036560058594,184.10768127441406,196.72836303710938,347.11126708984375,230.74515,0.0,test_data/Useful/Validation/Three eight at 1ft/IMG-20240918-WA0067.jpg,3817.0,136.0,32.09021089172924
13,0.0,0.0,0.0,0.0,0.0,0.0,0.0,0.0,0.0,0.0,0.0,0.0,0.0,0.0,0.0,0.0,0.0,0.0,0.0,0.0,0.0,0.0,0.0,0.0,0.0,0.0,0.0,0.0,0.0,0.0,0.0,0.0,0.0,0.0,0.0,0.0,0.0,0.0,0.0,0.0,0.0,0.0,0.0,0.0,0.0,0.0,0.0,0.0,0.0,0.0,0.0,0.0,0.0,0.0,0.0,0.0,0.0,0.0,0.0,0.0,0.0,0.0,0.0,0.0,1.0,1.0,2.0,2.0,3.0,3.0,3.0399999999999636,4.0,4.519999999999982,5.0,6.0,6.0,7.0,7.0,8.0,8.0,9.0,9.0,11.0,12.0,13.0,14.0,15.0,16.0,16.0,17.0,18.0,18.08000000000004,19.32000000000005,20.559999999999945,22.0,25.0,27.279999999999973,29.0,34.51999999999998,49.0,0.0,1000.5137255191803,1000.8313725590706,2000.2470588237047,2000.4000000059605,2000.5058823823929,2000.6000000238419,2000.6745098233223,2000.7411764860153,2000.8156862854958,3001.0,150.1559600830078,158.01278381347657,163.07427673339845,167.1265869140625,170.82858276367188,174.51914672851564,178.58364868164062,183.9250457763672,196.66079711914062,347.11572265625,230.54047,0.0,test_data/Useful/Validation/Three eight at 1ft/IMG-20240918-WA0068.jpg,3830.0,143.0,28.996304445313893
14,0.0,0.0,0.0,0.0,0.0,0.0,0.0,0.0,0.0,0.0,0.0,0.0,0.0,0.0,0.0,0.0,0.0,0.0,0.0,0.0,0.0,0.0,0.0,0.0,0.0,0.0,0.0,0.0,0.0,0.0,0.0,0.0,0.0,0.0,0.0,0.0,0.0,0.0,0.0,0.0,0.0,0.0,0.0,0.0,0.0,0.0,0.0,0.0,0.0,0.0,0.0,0.0,0.0,0.0,0.0,0.0,0.0,0.0,0.0,0.0,0.0,0.0,0.0,0.0,0.0,0.0,0.0,0.0,0.0,1.0,1.0,1.0,2.0,3.0,4.0,5.0,5.0,6.0,7.0,8.0,8.440000000000055,10.0,10.0,12.0,13.0,14.0,15.0,15.0,15.0,15.0,16.0,17.0,18.0,19.0,20.799999999999955,23.0,25.0,27.519999999999982,31.0,50.0,0.0,1000.5568627715111,1000.8823529481888,2000.2745098173618,2000.4156862795353,2000.5215686559677,2000.6078431606293,2000.678431391716,2000.745098054409,2000.8235294222832,3001.0,150.25393676757812,158.1093292236328,163.26214599609375,167.36734619140626,171.07449340820312,174.75008850097657,178.73568267822264,184.17703247070312,196.58718872070312,347.15869140625,230.35797,0.0,test_data/Useful/Validation/Three eight at 1ft/IMG-20240918-WA0069.jpg,3868.0,127.0,27.0074218071434
15,0.0,0.0,0.0,0.0,0.0,0.0,0.0,0.0,0.0,0.0,0.0,0.0,0.0,0.0,0.0,0.0,0.0,0.0,0.0,0.0,0.0,0.0,0.0,0.0,0.0,0.0,0.0,0.0,0.0,0.0,0.0,0.0,0.0,0.0,0.0,0.0,0.0,0.0,0.0,0.0,0.0,0.0,0.0,0.0,0.0,0.0,0.0,0.0,0.0,0.0,0.0,0.0,0.0,0.0,0.0,0.0,0.0,0.0,0.0,0.0,0.0,0.0,0.0,0.0,0.0,0.0,0.0,0.0,1.0,1.0,2.0,3.0,3.0,4.0,4.0,5.0,5.480000000000018,6.0,7.0,8.0,8.0,9.0,10.0,10.159999999999968,11.0,11.0,12.0,14.0,14.0,15.0,16.0,17.0,18.0,19.0,20.0,23.0,24.279999999999973,28.0,34.51999999999998,45.0,0.0,1000.5333333611488,1000.839215695858,2000.2549019753933,2000.4039215743542,2000.5098039507866,2000.6000000238419,2000.6745098233223,2000.7411764860153,2000.8196078538895,3001.0,150.25033569335938,158.1348876953125,163.2979965209961,167.3649871826172,171.0791778564453,174.777783203125,178.79349212646486,184.22140502929688,196.7661895751953,347.1488037109375,230.43463,0.0,test_data/Useful/Validation/Three eight at 1ft/IMG-20240918-WA0070.jpg,3857.0,123.0,34.79672488168404
16,0.0,0.0,0.0,0.0,0.0,0.0,0.0,0.0,0.0,0.0,0.0,0.0,0.0,0.0,0.0,0.0,0.0,0.0,0.0,0.0,0.0,0.0,0.0,0.0,0.0,0.0,0.0,0.0,0.0,0.0,0.0,0.0,0.0,0.0,0.0,0.0,0.0,0.0,0.0,0.0,0.0,0.0,0.0,0.0,0.0,0.0,0.0,0.0,0.0,0.0,0.0,0.0,0.0,0.0,0.0,0.0,0.0,0.0,0.0,0.0,0.0,0.0,0.0,0.0,0.0,0.0,0.0,0.0,0.0,0.0,1.0,2.0,2.519999999999982,3.0,4.0,4.0,5.0,6.0,6.0,8.0,9.0,10.0,11.0,12.0,12.399999999999977,13.0,14.0,15.0,15.0,16.0,16.0,18.0,18.0,19.0,20.0,21.0,24.0,29.519999999999982,38.75999999999999,64.0,0.0,1000.4745098054409,1000.7647058963776,2000.1960784345865,2000.3686274588108,2000.4823529422283,2000.5803921818733,2000.6588235497475,2000.7294117808342,2000.8078431487083,3001.0,150.00582580566407,157.9246826171875,163.05316162109375,167.13739624023438,170.8503646850586,174.56651306152344,178.6302917480469,184.0767059326172,196.6923828125,347.0867614746094,230.29776,0.0,test_data/Useful/Validation/Three eight at 1ft/IMG-20240918-WA0071.jpg,3850.0,129.0,39.94222603653624
17,0.0,0.0,0.0,0.0,0.0,0.0,0.0,0.0,0.0,0.0,0.0,0.0,0.0,0.0,0.0,0.0,0.0,0.0,0.0,0.0,0.0,0.0,0.0,0.0,0.0,0.0,0.0,0.0,0.0,0.0,0.0,0.0,0.0,0.0,0.0,0.0,0.0,0.0,0.0,0.0,0.0,0.0,0.0,0.0,0.0,0.0,0.0,0.0,0.0,0.0,0.0,0.0,0.0,0.0,0.0,0.0,0.0,0.0,0.0,0.0,0.0,0.0,0.0,0.0,0.6000000000000227,1.0,1.080000000000041,2.0,3.0,3.0,4.0,5.0,5.0,6.0,7.0,7.0,8.0,8.0,9.0,9.0,10.0,11.0,11.0,12.0,12.399999999999977,13.0,14.0,15.0,15.0,15.600000000000023,16.0,17.0,18.0,20.0,21.0,23.039999999999964,25.0,28.0,33.75999999999999,46.0,0.0,1000.5764706134796,1000.9882352948189,2000.2901960909367,2000.4235294163227,2000.5254902243614,2000.611764729023,2000.6823529601097,2000.7490196228027,2000.8235294222832,3001.0,150.14000701904297,158.03997802734375,163.18917846679688,167.35086975097656,171.04338836669922,174.68629455566406,178.70596313476562,184.07957458496094,196.79885864257812,347.1346740722656,230.07312,0.0,test_data/Useful/Validation/Three eight at 1ft/IMG-20240918-WA0072.jpg,3848.0,137.0,32.963311383106124
18,0.0,0.0,0.0,0.0,0.0,0.0,0.0,0.0,0.0,0.0,0.0,0.0,0.0,0.0,0.0,0.0,0.0,0.0,0.0,0.0,0.0,0.0,0.0,0.0,0.0,0.0,0.0,0.0,0.0,0.0,0.0,0.0,0.0,0.0,0.0,0.0,0.0,0.0,0.0,0.0,0.0,0.0,0.0,0.0,0.0,0.0,0.0,0.0,0.0,0.0,0.0,0.0,0.0,0.0,0.0,0.0,0.0,0.0,0.0,0.0,0.0,0.0,0.0,0.0,0.0,0.0,1.0,2.0,3.0,4.0,4.0,4.0,5.0,5.0,6.0,7.0,7.0,8.0,8.960000000000036,9.200000000000045,10.0,12.0,12.0,13.0,14.0,14.0,15.0,15.0,16.0,16.0,17.0,17.08000000000004,18.32000000000005,21.0,22.0,24.0,26.0,29.0,35.27999999999997,56.0,0.0,1000.6156862974167,2000.058823529631,2000.3019607961178,2000.4313725531101,2000.5294117927551,2000.6156862974167,2000.6823529601097,2000.7490196228027,2000.8235294222832,3001.0,149.81439208984375,157.6876220703125,162.79818725585938,166.90524291992188,170.62948608398438,174.3072509765625,178.42872619628906,183.86380004882812,196.5076904296875,347.1710205078125,231.26707,0.0,test_data/Useful/Validation/Three eight at 1ft/IMG-20240918-WA0073.jpg,3801.0,140.0,30.371598772481658
19,0.0,0.0,0.0,0.0,0.0,0.0,0.0,0.0,0.0,0.0,0.0,0.0,0.0,0.0,0.0,0.0,0.0,0.0,0.0,0.0,0.0,0.0,0.0,0.0,0.0,0.0,0.0,0.0,0.0,0.0,0.0,0.0,0.0,0.0,0.0,0.0,0.0,0.0,0.0,0.0,0.0,0.0,0.0,0.0,0.0,0.0,0.0,0.0,0.0,0.0,0.0,0.0,0.0,0.0,0.0,0.0,0.0,0.0,0.0,0.0,0.0,0.0,0.0,0.0,0.0,0.0,0.0,0.0,0.0,0.0,1.0,2.0,3.519999999999982,4.0,5.0,5.0,6.0,6.0,7.0,8.0,8.0,9.0,10.0,11.0,12.0,13.0,13.879999999999995,14.0,15.0,15.0,16.0,18.0,19.0,20.559999999999945,21.0,23.039999999999964,26.0,29.0,34.75999999999999,52.0,0.0,1000.419607847929,1000.678431391716,1000.9450980424881,2000.298039227724,2000.4392156898975,2000.5490196347237,2000.639215707779,2000.717647075653,2000.7960784435272,3001.0,150.1431427001953,157.96343994140625,163.02123565673827,167.12771606445312,170.83432006835938,174.58480834960938,178.64828491210938,184.03070068359375,196.68496704101562,347.04913330078125,230.19014,0.0,test_data/Useful/Validation/Three eight at 1ft/IMG-20240918-WA0074.jpg,3861.0,128.0,32.228356178867685
20,0.0,0.0,0.0,0.0,0.0,0.0,0.0,0.0,0.0,0.0,0.0,0.0,0.0,0.0,0.0,0.0,0.0,0.0,0.0,0.0,0.0,0.0,0.0,0.0,0.0,0.0,0.0,0.0,0.0,0.0,0.0,0.0,0.0,0.0,0.0,0.0,0.0,0.0,0.0,0.0,0.0,0.0,0.0,0.0,0.0,0.0,0.0,0.0,0.0,0.0,0.0,0.0,0.0,0.0,0.0,0.0,0.0,0.0,0.0,0.0,0.0,0.0,0.0,0.0,0.0,0.0,0.0,0.0,0.0,0.0,0.0,0.0,0.0,0.0,0.0,0.0,0.0,0.0,0.0,0.0,0.0,0.0,0.0,1.0,1.3999999999999773,2.0,3.0,5.0,6.360000000000014,7.0,8.840000000000032,11.080000000000041,13.0,14.0,15.0,17.0,18.0,20.519999999999982,24.75999999999999,32.0,0.0,1000.2941176593304,1000.4745098054409,1000.5960784554482,1000.6941176652908,2000.0117647061124,2000.32549020648,2000.4941176474094,2000.6039215922356,2000.6901960968971,3000.945098042488,151.25338745117188,159.0575714111328,164.19003295898438,168.2723388671875,171.92343139648438,175.59494323730468,179.61607818603514,184.90520629882815,196.57203674316406,346.5439147949219,229.18994,0.0,test_data/Useful/Validation/Three eight at 1ft/WhatsApp Image 2024-08-23 at 10.35.39.jpeg,3605.0,59.0,28.818132447836234
21,0.0,0.0,0.0,0.0,0.0,0.0,0.0,0.0,0.0,0.0,0.0,0.0,0.0,0.0,0.0,0.0,0.0,0.0,0.0,0.0,0.0,0.0,0.0,0.0,0.0,0.0,0.0,0.0,0.0,0.0,0.0,0.0,0.0,0.0,0.0,0.0,0.0,0.0,0.0,0.0,0.0,0.0,0.0,0.0,0.0,0.0,0.0,0.0,0.0,0.0,0.0,0.0,0.0,0.0,0.0,0.0,0.0,0.0,0.0,0.0,0.0,0.0,0.0,0.0,0.0,0.0,0.0,0.0,0.0,0.0,0.0,0.0,0.0,0.0,0.0,0.0,0.0,0.0,1.0,1.0,2.0,3.0,4.919999999999959,5.159999999999968,7.0,7.0,8.0,8.0,9.360000000000014,10.0,11.840000000000032,12.0,13.32000000000005,14.559999999999945,15.0,16.039999999999964,18.0,19.519999999999982,24.519999999999982,34.0,0.0,1000.2705882489681,1000.4352941215038,1000.5529412031174,1000.6392157077789,1000.7254902124405,2000.0823529437184,2000.3882353007793,2000.556862771511,2000.6705882549286,3000.9686274528503,150.96072235107422,158.9508056640625,164.05419158935547,168.1007507324219,171.79373931884766,175.46954956054688,179.484619140625,184.73593139648438,196.51602172851562,346.544677734375,229.17543,0.0,test_data/Useful/Validation/Three eight at 1ft/WhatsApp Image 2024-08-23 at 10.36.26.jpeg,3544.0,78.0,30.444347453307287
22,0.0,0.0,0.0,0.0,0.0,0.0,0.0,0.0,0.0,0.0,0.0,0.0,0.0,0.0,0.0,0.0,0.0,0.0,0.0,0.0,0.0,0.0,0.0,0.0,0.0,0.0,0.0,0.0,0.0,0.0,0.0,0.0,0.0,0.0,0.0,0.0,0.0,0.0,0.0,0.0,0.0,0.0,0.0,0.0,0.0,0.0,0.0,0.0,0.0,0.0,0.0,0.0,0.0,0.0,0.0,0.0,0.0,0.0,0.0,0.0,0.0,0.0,0.0,0.0,0.0,0.0,0.0,0.0,0.0,0.0,0.0,0.0,0.0,0.0,0.0,0.0,0.0,0.0,0.0,0.0,0.0,0.0,0.0,1.0,2.0,4.0,5.0,7.1200000000000045,9.0,11.0,12.840000000000032,15.0,15.32000000000005,16.0,16.799999999999955,18.0,20.0,21.519999999999982,24.75999999999999,44.0,0.0,1000.2666666805744,1000.4431372582912,1000.5647059082985,1000.65098041296,1000.7372549176216,2000.0549019612372,2000.3960784375668,2000.572549045086,2000.6862745285034,3000.984313726425,151.7000762939453,159.4965057373047,164.60198669433595,168.6457550048828,172.27967834472656,175.88534545898438,179.8383331298828,185.07177734375,196.62283935546876,346.6305236816406,229.00003,0.0,test_data/Useful/Validation/Three eight at 1ft/WhatsApp Image 2024-08-23 at 10.37.26.jpeg,3609.0,71.0,28.763296641607973
23,0.0,0.0,0.0,0.0,0.0,0.0,0.0,0.0,0.0,0.0,0.0,0.0,0.0,0.0,0.0,0.0,0.0,0.0,0.0,0.0,0.0,0.0,0.0,0.0,0.0,0.0,0.0,0.0,0.0,0.0,0.0,0.0,0.0,0.0,0.0,0.0,0.0,0.0,0.0,0.0,0.0,0.0,0.0,0.0,0.0,0.0,0.0,0.0,0.0,0.0,0.0,0.0,0.0,0.0,0.0,0.0,0.0,0.0,0.0,0.0,0.0,0.0,0.0,0.0,0.0,0.0,0.0,0.0,0.0,0.0,0.0,0.0,0.0,0.0,0.0,0.0,0.0,0.0,0.0,0.0,0.0,0.0,1.0,2.0,3.0,5.0,7.0,8.0,9.0,10.0,12.0,13.0,14.32000000000005,15.0,16.0,17.0,20.0,21.519999999999982,23.75999999999999,38.0,0.0,1000.286274522543,1000.4588235318661,1000.5803921818733,1000.6666666865349,1000.7803921699524,2000.2392156869173,2000.4549019634724,2000.5882353186607,2000.6862745285034,3001.0,151.02117004394532,158.72850036621094,163.81849670410156,167.9094696044922,171.6311492919922,175.3638458251953,179.3956756591797,184.69326782226562,196.51873779296875,346.579833984375,229.15143,0.0,test_data/Useful/Validation/Three eight at 1ft/WhatsApp Image 2024-08-23 at 10.37.48.jpeg,3629.0,71.0,29.517854816967358
24,0.0,0.0,0.0,0.0,0.0,0.0,0.0,0.0,0.0,0.0,0.0,0.0,0.0,0.0,0.0,0.0,0.0,0.0,0.0,0.0,0.0,0.0,0.0,0.0,0.0,0.0,0.0,0.0,0.0,0.0,0.0,0.0,0.0,0.0,0.0,0.0,0.0,0.0,0.0,0.0,0.0,0.0,0.0,0.0,0.0,0.0,0.0,0.0,0.0,0.0,0.0,0.0,0.0,0.0,0.0,0.0,0.0,0.0,0.0,0.0,0.0,0.0,0.0,0.0,0.0,0.0,0.0,0.0,0.0,0.0,0.0,0.0,0.0,0.0,0.0,0.0,0.0,0.0,0.0,0.0,0.0,0.0,1.0,2.0,3.0,4.0,6.0,7.0,8.360000000000014,9.600000000000023,11.0,12.0,14.0,15.0,15.0,17.0,17.0,19.519999999999982,23.0,41.0,0.0,1000.2705882489681,1000.4431372582912,1000.5607843399048,1000.6470588445663,1000.7411764860153,2000.1529411822557,2000.4235294163227,2000.5764706134796,2000.6823529601097,3001.0,151.41744384765624,159.1481903076172,164.24103393554688,168.2727020263672,171.9667205810547,175.62559509277344,179.6815185546875,184.93539428710938,196.5576171875,346.5639953613281,228.01117,0.0,test_data/Useful/Validation/Three eight at 1ft/WhatsApp Image 2024-08-23 at 10.37.57.jpeg,3582.0,68.0,30.418594424296558
25,0.0,0.0,0.0,0.0,0.0,0.0,0.0,0.0,0.0,0.0,0.0,0.0,0.0,0.0,0.0,0.0,0.0,0.0,0.0,0.0,0.0,0.0,0.0,0.0,0.0,0.0,0.0,0.0,0.0,0.0,0.0,0.0,0.0,0.0,0.0,0.0,0.0,0.0,0.0,0.0,0.0,0.0,0.0,0.0,0.0,0.0,0.0,0.0,0.0,0.0,0.0,0.0,0.0,0.0,0.0,0.0,0.0,0.0,0.0,0.0,0.0,0.0,0.0,0.0,0.0,0.0,0.0,0.0,0.0,0.0,0.0,0.0,0.0,0.0,0.0,0.0,0.0,0.0,0.0,0.0,0.0,0.0,0.0,1.0,2.3999999999999773,4.0,5.0,6.0,7.0,8.0,10.0,12.080000000000041,15.0,15.0,16.0,17.0,19.0,21.0,26.75999999999999,32.0,0.0,1000.2627451121807,1000.4352941215038,1000.5568627715111,1000.6470588445663,1000.7411764860153,2000.1333333402872,2000.4156862795353,2000.5764706134796,2000.6823529601097,3001.0,151.8473388671875,159.68614196777344,164.72576904296875,168.74996948242188,172.39173889160156,175.98928833007812,179.9028549194336,185.1230163574219,196.77809143066406,346.55157470703125,229.19434,0.0,test_data/Useful/Validation/Three eight at 1ft/WhatsApp Image 2024-08-23 at 10.38.22.jpeg,3541.0,66.0,30.85640810599372
26,0.0,0.0,0.0,0.0,0.0,0.0,0.0,0.0,0.0,0.0,0.0,0.0,0.0,0.0,0.0,0.0,0.0,0.0,0.0,0.0,0.0,0.0,0.0,0.0,0.0,0.0,0.0,0.0,0.0,0.0,0.0,0.0,0.0,0.0,0.0,0.0,0.0,0.0,0.0,0.0,0.0,0.0,0.0,0.0,0.0,0.0,0.0,0.0,0.0,0.0,0.0,0.0,0.0,0.0,0.0,0.0,0.0,0.0,0.0,0.0,0.0,0.0,0.0,0.0,0.0,0.0,0.0,0.0,0.0,0.0,0.0,0.0,0.0,0.0,0.0,0.0,0.0,1.0,2.0,2.2000000000000455,3.0,4.0,5.0,6.0,7.0,7.0,8.0,9.0,10.0,11.0,12.0,12.0,14.0,15.0,17.0,18.0,19.279999999999973,24.519999999999982,27.519999999999982,35.0,0.0,1000.2901960909367,1000.4666666686535,1000.5803921818733,1000.6705882549286,1000.8000000119209,2000.2549019753933,2000.458823531866,2000.5882353186607,2000.6823529601097,3001.0,151.07394409179688,158.85801696777344,163.92572021484375,168.07473754882812,171.76377868652344,175.4606475830078,179.53115844726562,184.79763793945312,196.5799560546875,346.5495300292969,229.0407,0.0,test_data/Useful/Validation/Three eight at 1ft/WhatsApp Image 2024-08-23 at 10.42.05.jpeg,3618.0,84.0,29.156214022177352
27,0.0,0.0,0.0,0.0,0.0,0.0,0.0,0.0,0.0,0.0,0.0,0.0,0.0,0.0,0.0,0.0,0.0,0.0,0.0,0.0,0.0,0.0,0.0,0.0,0.0,0.0,0.0,0.0,0.0,0.0,0.0,0.0,0.0,0.0,0.0,0.0,0.0,0.0,0.0,0.0,0.0,0.0,0.0,0.0,0.0,0.0,0.0,0.0,0.0,0.0,0.0,0.0,0.0,0.0,0.0,0.0,0.0,0.0,0.0,0.0,0.0,0.0,0.0,0.0,0.0,0.0,0.0,0.0,0.0,0.0,0.0,0.0,0.0,0.0,0.0,0.0,0.0,0.0,1.0,1.0,3.0,4.0,5.0,6.0,6.0,7.0,7.8799999999999955,9.0,9.0,10.0,11.0,13.0,14.0,15.0,15.0,17.0,18.0,19.0,24.0,45.0,0.0,1000.2705882489681,1000.447058826685,1000.5647059082985,1000.6549019813538,1000.7411764860153,2000.0470588244498,2000.4039215743542,2000.5803921818733,2000.6941176652908,3000.984313726425,152.09259033203125,159.87567138671875,164.87351989746094,169.01444396972656,172.65209197998047,176.20593872070313,180.15787048339843,185.42984008789062,196.8634796142578,346.68218994140625,228.84906,0.0,test_data/Useful/Validation/Three eight at 1ft/WhatsApp Image 2024-08-23 at 10.42.50.jpeg,3693.0,81.0,35.132721948231314
28,0.0,0.0,0.0,0.0,0.0,0.0,0.0,0.0,0.0,0.0,0.0,0.0,0.0,0.0,0.0,0.0,0.0,0.0,0.0,0.0,0.0,0.0,0.0,0.0,0.0,0.0,0.0,0.0,0.0,0.0,0.0,0.0,0.0,0.0,0.0,0.0,0.0,0.0,0.0,0.0,0.0,0.0,0.0,0.0,0.0,0.0,0.0,0.0,0.0,0.0,0.0,0.0,0.0,0.0,0.0,0.0,0.0,0.0,0.0,0.0,0.0,0.0,0.0,0.0,0.0,0.0,0.0,0.0,0.0,0.0,0.0,0.0,0.0,0.0,0.0,0.0,0.0,0.0,0.0,0.0,0.0,1.0,1.0,2.0,3.0,4.639999999999986,5.8799999999999955,6.1200000000000045,7.360000000000014,9.0,10.0,10.0,11.0,13.0,15.0,15.0,17.0,18.519999999999982,23.0,39.0,0.0,1000.2941176593304,1000.4745098054409,1000.5921568870544,1000.6862745285034,1000.8313725590706,2000.2901960909367,2000.4823529422283,2000.6039215922356,2000.6980392336845,3001.0,151.31095428466796,159.31365966796875,164.44017333984374,168.53125610351563,172.20689392089844,175.8575866699219,179.886962890625,185.1479949951172,196.76072692871094,346.6192932128906,228.4242,0.0,test_data/Useful/Validation/Three eight at 1ft/WhatsApp Image 2024-08-23 at 10.42.58.jpeg,3615.0,63.0,29.550700083069643
29,0.0,0.0,0.0,0.0,0.0,0.0,0.0,0.0,0.0,0.0,0.0,0.0,0.0,0.0,0.0,0.0,0.0,0.0,0.0,0.0,0.0,0.0,0.0,0.0,0.0,0.0,0.0,0.0,0.0,0.0,0.0,0.0,0.0,0.0,0.0,0.0,0.0,0.0,0.0,0.0,0.0,0.0,0.0,0.0,0.0,0.0,0.0,0.0,0.0,0.0,0.0,0.0,0.0,0.0,0.0,0.0,0.0,0.0,0.0,0.0,0.0,0.0,0.0,0.0,0.0,0.0,0.0,0.0,0.0,0.0,0.0,0.0,0.0,0.0,0.0,0.0,0.0,0.0,0.0,0.0,0.0,1.0,2.0,3.0,5.0,6.0,8.0,9.0,10.0,11.0,12.0,14.0,15.0,15.0,16.0,17.0,18.0,20.0,25.0,39.0,0.0,1000.286274522543,1000.4627451002598,1000.584313750267,1000.6745098233223,1000.7843137383461,2000.215686276555,2000.458823531866,2000.6000000238419,2000.6980392336845,3000.984313726425,151.59475555419922,159.5108428955078,164.5504608154297,168.603125,172.2980194091797,175.94620361328126,179.94683227539062,185.1840362548828,196.77810668945312,346.6653137207031,228.25497,0.0,test_data/Useful/Validation/Three eight at 1ft/WhatsApp Image 2024-08-23 at 10.43.04.jpeg,3624.0,75.0,32.070920154353146
30,0.0,0.0,0.0,0.0,0.0,0.0,0.0,0.0,0.0,0.0,0.0,0.0,0.0,0.0,0.0,0.0,0.0,0.0,0.0,0.0,0.0,0.0,0.0,0.0,0.0,0.0,0.0,0.0,0.0,0.0,0.0,0.0,0.0,0.0,0.0,0.0,0.0,0.0,0.0,0.0,0.0,0.0,0.0,0.0,0.0,0.0,0.0,0.0,0.0,0.0,0.0,0.0,0.0,0.0,0.0,0.0,0.0,0.0,0.0,0.0,0.0,0.0,0.0,0.0,0.0,0.0,0.0,0.0,0.0,0.0,0.0,0.0,0.0,0.0,0.0,0.0,0.0,0.0,0.0,0.0,0.0,0.67999999999995,2.0,3.0,3.0,4.0,5.0,7.0,8.0,9.600000000000023,11.0,12.0,14.0,14.0,15.0,17.0,18.0,19.0,23.0,35.0,0.0,1000.2705882489681,1000.4431372582912,1000.5647059082985,1000.65098041296,1000.7568627595901,2000.1843137294054,2000.4352941215038,2000.5803921818733,2000.6823529601097,3000.9803921580315,151.56814422607422,159.39667358398438,164.48345947265625,168.52518005371093,172.22921752929688,175.86341552734376,179.91147155761718,185.13531188964845,196.8386993408203,346.55389404296875,228.7462,0.0,test_data/Useful/Validation/Three eight at 1ft/WhatsApp Image 2024-08-23 at 10.43.10.jpeg,3644.0,67.0,33.28562853707929
31,0.0,0.0,0.0,0.0,0.0,0.0,0.0,0.0,0.0,0.0,0.0,0.0,0.0,0.0,0.0,0.0,0.0,0.0,0.0,0.0,0.0,0.0,0.0,0.0,0.0,0.0,0.0,0.0,0.0,0.0,0.0,0.0,0.0,0.0,0.0,0.0,0.0,0.0,0.0,0.0,0.0,0.0,0.0,0.0,0.0,0.0,0.0,0.0,0.0,0.0,0.0,0.0,0.0,0.0,0.0,0.0,0.0,0.0,0.0,0.0,0.0,0.0,0.0,0.0,0.0,0.0,0.0,0.0,0.0,0.0,0.0,0.0,0.0,0.0,0.0,0.0,0.0,0.0,0.0,0.0,0.0,1.0,1.0,2.0,3.0,4.0,5.0,6.1200000000000045,8.0,9.0,11.0,13.0,14.32000000000005,15.0,16.0,18.0,20.0,21.519999999999982,27.75999999999999,39.0,0.0,1000.2666666805744,1000.4392156898975,1000.5607843399048,1000.6470588445663,1000.7411764860153,2000.1176470592618,2000.4235294163227,2000.5803921818733,2000.6862745285034,3001.0,151.660400390625,159.34011840820312,164.4674835205078,168.47711181640625,172.17369079589844,175.79664611816406,179.7711944580078,185.00596618652344,196.70220947265625,346.6268310546875,228.24838,0.0,test_data/Useful/Validation/Three eight at 1ft/WhatsApp Image 2024-08-23 at 10.43.13.jpeg,3579.0,70.0,34.01522610965132
32,0.0,0.0,0.0,0.0,0.0,0.0,0.0,0.0,0.0,0.0,0.0,0.0,0.0,0.0,0.0,0.0,0.0,0.0,0.0,0.0,0.0,0.0,0.0,0.0,0.0,0.0,0.0,0.0,0.0,0.0,0.0,0.0,0.0,0.0,0.0,0.0,0.0,0.0,0.0,0.0,0.0,0.0,0.0,0.0,0.0,0.0,0.0,0.0,0.0,0.0,0.0,0.0,0.0,0.0,0.0,0.0,0.0,0.0,0.0,0.0,0.0,0.0,0.0,0.0,0.0,0.0,0.0,0.0,0.0,0.0,0.0,0.0,0.0,0.0,0.0,0.0,0.0,0.0,0.0,0.0,0.0,0.0,0.0,1.1599999999999682,2.0,4.0,5.0,6.1200000000000045,8.0,10.0,11.840000000000032,13.080000000000041,15.0,15.0,16.0,17.039999999999964,19.0,22.0,24.75999999999999,36.0,0.0,1000.2705882489681,1000.4431372582912,1000.5607843399048,1000.6431372761726,1000.7333333492279,2000.0509803928435,2000.4039215743542,2000.5764706134796,2000.6862745285034,3000.972549021244,151.58631896972656,159.41476440429688,164.52261352539062,168.64862365722655,172.28428649902344,175.87090759277345,179.80599975585938,185.04571838378908,196.7239532470703,346.64886474609375,228.45206,0.0,test_data/Useful/Validation/Three eight at 1ft/WhatsApp Image 2024-08-23 at 10.43.15.jpeg,3533.0,69.0,25.893054995132506
33,0.0,0.0,0.0,0.0,0.0,0.0,0.0,0.0,0.0,0.0,0.0,0.0,0.0,0.0,0.0,0.0,0.0,0.0,0.0,0.0,0.0,0.0,0.0,0.0,0.0,0.0,0.0,0.0,0.0,0.0,0.0,0.0,0.0,0.0,0.0,0.0,0.0,0.0,0.0,0.0,0.0,0.0,0.0,0.0,0.0,0.0,0.0,0.0,0.0,0.0,0.0,0.0,0.0,0.0,0.0,0.0,0.0,0.0,0.0,0.0,0.0,0.0,0.0,0.0,0.0,0.0,0.0,0.0,0.0,0.0,0.0,0.0,0.0,0.0,0.0,0.0,0.0,0.0,0.0,0.0,0.44000000000005457,2.0,3.0,4.0,5.0,6.0,6.8799999999999955,7.0,8.360000000000014,9.600000000000023,11.0,12.0,15.0,15.0,16.799999999999955,18.039999999999964,21.0,24.519999999999982,28.75999999999999,39.0,0.0,1000.2823529541492,1000.4588235318661,1000.5764706134796,1000.6666666865349,1000.7686274647713,2000.188235297799,2000.4509803950787,2000.5960784554482,2000.7019608020782,3001.0,152.00359954833985,159.83499145507812,164.87449645996094,168.90077209472656,172.53851318359375,176.0764923095703,180.03298950195312,185.1847625732422,196.93264770507812,346.6728515625,228.65404,0.0,test_data/Useful/Validation/Three eight at 1ft/WhatsApp Image 2024-08-23 at 10.43.17.jpeg,3630.0,76.0,31.45928288255949
34,0.0,0.0,0.0,0.0,0.0,0.0,0.0,0.0,0.0,0.0,0.0,0.0,0.0,0.0,0.0,0.0,0.0,0.0,0.0,0.0,0.0,0.0,0.0,0.0,0.0,0.0,0.0,0.0,0.0,0.0,0.0,0.0,0.0,0.0,0.0,0.0,0.0,0.0,0.0,0.0,0.0,0.0,0.0,0.0,0.0,0.0,0.0,0.0,0.0,0.0,0.0,0.0,0.0,0.0,0.0,0.0,0.0,0.0,0.0,0.0,0.0,0.0,0.0,0.0,0.0,0.0,0.0,0.0,0.0,0.0,0.0,0.0,0.0,0.0,0.0,0.0,0.0,0.0,0.0,0.0,0.0,0.0,0.9199999999999591,1.1599999999999682,2.0,4.0,5.8799999999999955,8.0,9.360000000000014,11.0,12.840000000000032,14.0,15.0,15.0,15.0,17.0,18.279999999999973,20.519999999999982,22.0,37.0,0.0,1000.2823529541492,1000.4588235318661,1000.5725490450859,1000.6549019813538,1000.7411764860153,2000.043137256056,2000.4000000059605,2000.5764706134796,2000.6862745285034,3000.9921568632126,151.99514770507812,159.80402221679688,164.8225524902344,168.92304382324218,172.6202163696289,176.24179382324218,180.20596618652343,185.43190307617186,196.73522033691407,346.70111083984375,228.1263,0.0,test_data/Useful/Validation/Three eight at 1ft/WhatsApp Image 2024-08-23 at 10.43.18.jpeg,3584.0,72.0,32.26056503873656
35,0.0,0.0,0.0,0.0,0.0,0.0,0.0,0.0,0.0,0.0,0.0,0.0,0.0,0.0,0.0,0.0,0.0,0.0,0.0,0.0,0.0,0.0,0.0,0.0,0.0,0.0,0.0,0.0,0.0,0.0,0.0,0.0,0.0,0.0,0.0,0.0,0.0,0.0,0.0,0.0,0.0,0.0,0.0,0.0,0.0,0.0,0.0,0.0,0.0,0.0,0.0,0.0,0.0,0.0,0.0,0.0,0.0,0.0,0.0,0.0,0.0,0.0,0.0,0.0,0.0,0.0,0.0,0.0,0.0,0.0,0.0,0.0,0.0,0.0,0.0,0.0,0.0,0.0,1.0,2.0,2.4400000000000546,3.0,4.0,5.0,5.0,6.0,7.0,10.0,11.0,11.600000000000023,12.840000000000032,13.080000000000041,15.0,16.0,17.0,18.0,19.0,23.519999999999982,27.75999999999999,36.0,0.0,1000.2901960909367,1000.4745098054409,1000.5921568870544,1000.6901960968971,1000.8745098114014,2000.3098039329052,2000.4901960790157,2000.6039215922356,2000.6941176652908,3000.988235294819,151.3327392578125,159.21812438964844,164.2959747314453,168.39688110351562,172.07022094726562,175.66326904296875,179.66485595703125,184.93128967285156,196.7470687866211,346.5853576660156,229.06462,0.0,test_data/Useful/Validation/Three eight at 1ft/WhatsApp Image 2024-08-23 at 10.43.19 (1).jpeg,3563.0,83.0,31.09039378070167
36,0.0,0.0,0.0,0.0,0.0,0.0,0.0,0.0,0.0,0.0,0.0,0.0,0.0,0.0,0.0,0.0,0.0,0.0,0.0,0.0,0.0,0.0,0.0,0.0,0.0,0.0,0.0,0.0,0.0,0.0,0.0,0.0,0.0,0.0,0.0,0.0,0.0,0.0,0.0,0.0,0.0,0.0,0.0,0.0,0.0,0.0,0.0,0.0,0.0,0.0,0.0,0.0,0.0,0.0,0.0,0.0,0.0,0.0,0.0,0.0,0.0,0.0,0.0,0.0,0.0,0.0,0.0,0.0,0.0,0.0,0.0,0.0,0.0,0.0,0.0,0.0,0.0,0.0,0.0,0.0,1.0,2.0,3.0,4.0,5.0,6.0,7.0,8.120000000000005,10.0,11.0,12.0,13.080000000000041,15.0,15.559999999999945,16.0,18.0,20.0,22.519999999999982,27.75999999999999,44.0,0.0,1000.2784313857555,1000.4549019634724,1000.5764706134796,1000.6666666865349,1000.8000000119209,2000.2627451121807,2000.4705882370472,2000.5921568870544,2000.6862745285034,3000.9647058844566,151.34571380615233,159.16244201660157,164.3159606933594,168.361376953125,172.00555419921875,175.66036376953124,179.62214050292968,184.8097717285156,196.54168701171875,346.5615539550781,229.24387,0.0,test_data/Useful/Validation/Three eight at 1ft/WhatsApp Image 2024-08-23 at 10.43.19 (2).jpeg,3573.0,80.0,29.055868557174257
37,0.0,0.0,0.0,0.0,0.0,0.0,0.0,0.0,0.0,0.0,0.0,0.0,0.0,0.0,0.0,0.0,0.0,0.0,0.0,0.0,0.0,0.0,0.0,0.0,0.0,0.0,0.0,0.0,0.0,0.0,0.0,0.0,0.0,0.0,0.0,0.0,0.0,0.0,0.0,0.0,0.0,0.0,0.0,0.0,0.0,0.0,0.0,0.0,0.0,0.0,0.0,0.0,0.0,0.0,0.0,0.0,0.0,0.0,0.0,0.0,0.0,0.0,0.0,0.0,0.0,0.0,0.0,0.0,0.0,0.0,0.0,0.0,0.0,0.0,0.0,0.0,0.0,0.0,0.0,0.0,2.0,3.0,4.919999999999959,5.0,6.0,7.0,7.8799999999999955,9.0,9.0,10.0,11.0,13.0,15.0,15.0,16.0,17.039999999999964,19.0,20.519999999999982,23.0,36.0,0.0,1000.2823529541492,1000.4588235318661,1000.5764706134796,1000.6627451181412,1000.7647058963776,2000.1921568661928,2000.4549019634724,2000.5921568870544,2000.6941176652908,3000.9764705896378,151.77960205078125,159.6817169189453,164.76535034179688,168.76699829101562,172.46343994140625,176.11034545898437,180.1235580444336,185.34859008789064,196.8402862548828,346.65032958984375,228.54071,0.0,test_data/Useful/Validation/Three eight at 1ft/WhatsApp Image 2024-08-23 at 10.43.19.jpeg,3555.0,75.0,34.11984350689984
38,0.0,0.0,0.0,0.0,0.0,0.0,0.0,0.0,0.0,0.0,0.0,0.0,0.0,0.0,0.0,0.0,0.0,0.0,0.0,0.0,0.0,0.0,0.0,0.0,0.0,0.0,0.0,0.0,0.0,0.0,0.0,0.0,0.0,0.0,0.0,0.0,0.0,0.0,0.0,0.0,0.0,0.0,0.0,0.0,0.0,0.0,0.0,0.0,0.0,0.0,0.0,0.0,0.0,0.0,0.0,0.0,0.0,0.0,0.0,0.0,0.0,0.0,0.0,0.0,0.0,0.0,0.0,0.0,0.0,0.0,0.0,0.0,0.0,0.0,0.0,0.0,0.0,0.0,0.9600000000000364,2.0,3.0,4.0,4.0,6.159999999999968,7.0,9.0,10.0,11.0,12.0,14.0,15.0,16.0,16.0,17.0,18.0,20.0,21.279999999999973,23.039999999999964,29.519999999999982,59.0,0.0,1000.3333333432674,1000.5058823823929,1000.6549019813538,1000.7921568751335,2000.203921571374,2000.3882353007793,2000.517647087574,2000.6274510025978,2000.7294117808342,3001.0,152.01243591308594,159.79366149902344,164.8534362792969,168.91762084960936,172.5516815185547,176.08388671875,179.99722900390626,185.23213500976564,196.98768615722656,346.9290771484375,229.4635,0.0,test_data/Useful/Validation/Three eight at 1ft/WhatsApp Image 2024-08-23 at 10.43.20 (1).jpeg,3564.0,95.0,28.126748508430243
39,0.0,0.0,0.0,0.0,0.0,0.0,0.0,0.0,0.0,0.0,0.0,0.0,0.0,0.0,0.0,0.0,0.0,0.0,0.0,0.0,0.0,0.0,0.0,0.0,0.0,0.0,0.0,0.0,0.0,0.0,0.0,0.0,0.0,0.0,0.0,0.0,0.0,0.0,0.0,0.0,0.0,0.0,0.0,0.0,0.0,0.0,0.0,0.0,0.0,0.0,0.0,0.0,0.0,0.0,0.0,0.0,0.0,0.0,0.0,0.0,0.0,0.0,0.0,0.0,0.0,0.0,0.0,0.0,0.0,0.0,0.0,0.0,0.0,0.0,0.0,1.240000000000009,2.0,3.0,4.0,5.0,6.0,7.0,8.0,9.0,10.399999999999977,11.0,12.0,13.0,14.0,15.0,15.0,15.0,16.0,16.559999999999945,17.0,18.039999999999964,20.279999999999973,22.0,27.75999999999999,44.0,0.0,1000.3176470696926,1000.4745098054409,1000.611764729023,1000.7294117808342,1000.8784313797951,2000.3019607961178,2000.4666666686535,2000.5960784554482,2000.7098039388657,3001.0,151.83601989746094,159.74203796386718,164.7847442626953,168.86831665039062,172.51043701171875,176.10581970214844,180.11110382080076,185.28952026367188,197.02859039306642,346.9374084472656,229.63554,0.0,test_data/Useful/Validation/Three eight at 1ft/WhatsApp Image 2024-08-23 at 10.43.20 (2).jpeg,3562.0,102.0,31.127261992356367
40,0.0,0.0,0.0,0.0,0.0,0.0,0.0,0.0,0.0,0.0,0.0,0.0,0.0,0.0,0.0,0.0,0.0,0.0,0.0,0.0,0.0,0.0,0.0,0.0,0.0,0.0,0.0,0.0,0.0,0.0,0.0,0.0,0.0,0.0,0.0,0.0,0.0,0.0,0.0,0.0,0.0,0.0,0.0,0.0,0.0,0.0,0.0,0.0,0.0,0.0,0.0,0.0,0.0,0.0,0.0,0.0,0.0,0.0,0.0,0.0,0.0,0.0,0.0,0.0,0.0,0.0,0.0,0.0,0.0,0.0,0.0,0.0,0.0,0.0,0.0,0.0,0.0,0.0,0.0,0.0,1.0,2.67999999999995,4.0,5.0,7.0,8.0,8.0,9.0,10.0,11.0,12.0,12.0,13.0,15.0,15.0,16.0,18.0,22.0,26.0,44.0,0.0,1000.2509804069996,1000.3960784375668,1000.5137255191803,1000.6156862974167,1000.7137255072594,2000.0039215688594,2000.380392163992,2000.5529412031174,2000.6705882549286,3000.984313726425,151.70545959472656,159.57225036621094,164.59663848876954,168.63137817382812,172.33145141601562,175.88148498535156,179.8519287109375,185.04891967773438,196.62942504882812,346.7042541503906,228.87129,0.0,test_data/Useful/Validation/Three eight at 1ft/WhatsApp Image 2024-08-23 at 10.43.38 (1).jpeg,3475.0,77.0,29.398751054392047
41,0.0,0.0,0.0,0.0,0.0,0.0,0.0,0.0,0.0,0.0,0.0,0.0,0.0,0.0,0.0,0.0,0.0,0.0,0.0,0.0,0.0,0.0,0.0,0.0,0.0,0.0,0.0,0.0,0.0,0.0,0.0,0.0,0.0,0.0,0.0,0.0,0.0,0.0,0.0,0.0,0.0,0.0,0.0,0.0,0.0,0.0,0.0,0.0,0.0,0.0,0.0,0.0,0.0,0.0,0.0,0.0,0.0,0.0,0.0,0.0,0.0,0.0,0.0,0.0,0.0,0.0,0.0,0.0,0.0,0.0,0.0,0.0,0.0,0.0,0.0,0.0,0.0,0.0,0.0,0.0,0.0,1.0,2.0,3.0,4.0,5.0,6.8799999999999955,8.0,9.360000000000014,11.0,12.0,13.080000000000041,14.32000000000005,15.0,16.0,17.0,18.279999999999973,19.519999999999982,24.0,40.0,0.0,1000.258823543787,1000.4039215743542,1000.5254902243614,1000.6274510025978,1000.7254902124405,2000.0980392172933,2000.3960784375668,2000.556862771511,2000.6745098233223,3000.9960784316063,152.34457092285157,160.08922729492187,165.09784240722655,169.2027557373047,172.82577514648438,176.41604614257812,180.3637435913086,185.50989990234376,196.68423461914062,346.7276611328125,228.80553,0.0,test_data/Useful/Validation/Three eight at 1ft/WhatsApp Image 2024-08-23 at 10.43.38 (2).jpeg,3431.0,69.0,32.22911418077669
42,0.0,0.0,0.0,0.0,0.0,0.0,0.0,0.0,0.0,0.0,0.0,0.0,0.0,0.0,0.0,0.0,0.0,0.0,0.0,0.0,0.0,0.0,0.0,0.0,0.0,0.0,0.0,0.0,0.0,0.0,0.0,0.0,0.0,0.0,0.0,0.0,0.0,0.0,0.0,0.0,0.0,0.0,0.0,0.0,0.0,0.0,0.0,0.0,0.0,0.0,0.0,0.0,0.0,0.0,0.0,0.0,0.0,0.0,0.0,0.0,0.0,0.0,0.0,0.0,0.0,0.0,0.0,0.0,0.0,0.0,0.0,0.0,0.0,0.0,0.0,0.0,0.0,0.0,0.0,0.0,0.0,0.0,1.0,3.0,4.0,4.0,6.0,8.0,9.0,9.0,10.840000000000032,12.0,12.0,15.0,16.0,17.0,18.0,20.0,23.0,44.0,0.0,1000.2274509817362,1000.3607843220234,1000.4666666686535,1000.5607843399048,1000.6431372761726,1000.7215686440468,1000.905882358551,2000.4431372582912,2000.6352941393852,3000.9960784316063,152.18169250488282,160.0567626953125,165.08865356445312,169.1055908203125,172.7123260498047,176.27963256835938,180.18280029296875,185.3223419189453,196.846435546875,346.7247314453125,228.8646,0.0,test_data/Useful/Validation/Three eight at 1ft/WhatsApp Image 2024-08-23 at 10.43.38.jpeg,3507.0,71.0,32.572085871704445
43,0.0,0.0,0.0,0.0,0.0,0.0,0.0,0.0,0.0,0.0,0.0,0.0,0.0,0.0,0.0,0.0,0.0,0.0,0.0,0.0,0.0,0.0,0.0,0.0,0.0,0.0,0.0,0.0,0.0,0.0,0.0,0.0,0.0,0.0,0.0,0.0,0.0,0.0,0.0,0.0,0.0,0.0,0.0,0.0,0.0,0.0,0.0,0.0,0.0,0.0,0.0,0.0,0.0,0.0,0.0,0.0,0.0,0.0,0.0,0.0,0.0,0.0,0.0,0.0,0.0,0.0,0.0,0.0,0.0,0.0,0.0,0.0,0.0,0.0,0.0,0.0,0.0,0.0,0.0,0.0,1.0,2.0,3.0,4.0,6.0,7.0,7.0,8.0,9.0,11.0,13.0,14.0,14.32000000000005,15.0,16.0,17.0,20.279999999999973,22.519999999999982,26.0,38.0,0.0,1000.2509804069996,1000.392156869173,1000.5137255191803,1000.611764729023,1000.705882370472,1000.8862745165825,2000.364705890417,2000.54509806633,2000.6666666865349,3001.0,151.7838134765625,159.6136016845703,164.63502655029296,168.7293243408203,172.42605590820312,175.987060546875,179.94638061523438,185.1719512939453,196.84661865234375,346.7138977050781,229.53427,0.0,test_data/Useful/Validation/Three eight at 1ft/WhatsApp Image 2024-08-23 at 10.43.39 (1).jpeg,3514.0,77.0,25.481432141401026
44,0.0,0.0,0.0,0.0,0.0,0.0,0.0,0.0,0.0,0.0,0.0,0.0,0.0,0.0,0.0,0.0,0.0,0.0,0.0,0.0,0.0,0.0,0.0,0.0,0.0,0.0,0.0,0.0,0.0,0.0,0.0,0.0,0.0,0.0,0.0,0.0,0.0,0.0,0.0,0.0,0.0,0.0,0.0,0.0,0.0,0.0,0.0,0.0,0.0,0.0,0.0,0.0,0.0,0.0,0.0,0.0,0.0,0.0,0.0,0.0,0.0,0.0,0.0,0.0,0.0,0.0,0.0,0.0,0.0,0.0,0.0,0.0,0.0,0.0,0.0,0.0,0.0,0.0,0.0,0.0,0.0,0.0,1.919999999999959,3.0,3.3999999999999773,4.0,5.0,7.0,9.0,10.0,12.0,14.0,14.32000000000005,15.0,16.0,17.039999999999964,19.0,23.519999999999982,31.75999999999999,42.0,0.0,1000.2627451121807,1000.4078431427479,1000.5333333611488,1000.6352941393852,1000.7372549176216,2000.1686274558306,2000.4156862795353,2000.5686274766922,2000.678431391716,3001.0,151.5163116455078,159.47239685058594,164.5689239501953,168.62626953125,172.28661346435547,175.89954833984376,179.88506927490235,185.15895385742186,196.72865295410156,346.73236083984375,228.63342,0.0,test_data/Useful/Validation/Three eight at 1ft/WhatsApp Image 2024-08-23 at 10.43.39.jpeg,3516.0,74.0,25.000943487621445
45,0.0,0.0,0.0,0.0,0.0,0.0,0.0,0.0,0.0,0.0,0.0,0.0,0.0,0.0,0.0,0.0,0.0,0.0,0.0,0.0,0.0,0.0,0.0,0.0,0.0,0.0,0.0,0.0,0.0,0.0,0.0,0.0,0.0,0.0,0.0,0.0,0.0,0.0,0.0,0.0,0.0,0.0,0.0,0.0,0.0,0.0,0.0,0.0,0.0,0.0,0.0,0.0,0.0,0.0,0.0,0.0,0.0,0.0,0.0,0.0,0.0,0.0,0.0,0.0,0.0,0.0,0.0,0.0,0.0,0.0,0.0,0.0,0.0,0.0,0.0,0.0,0.0,0.0,0.0,0.0,0.0,0.0,1.0,3.0,3.0,5.0,6.0,8.0,9.0,10.600000000000023,11.840000000000032,13.0,14.0,15.0,16.799999999999955,18.0,19.0,21.0,24.75999999999999,31.0,0.0,1000.2549019753933,1000.4039215743542,1000.5294117927551,1000.6313725709915,1000.7372549176216,2000.1568627506495,2000.4117647111416,2000.5647059082985,2000.6745098233223,3001.0,152.13800506591798,159.92657470703125,164.90013122558594,168.94393310546874,172.61507415771484,176.24139099121095,180.23521423339844,185.3570556640625,196.89346313476562,346.72308349609375,229.13748,0.0,test_data/Useful/Validation/Three eight at 1ft/WhatsApp Image 2024-08-23 at 10.43.40 (1).jpeg,3465.0,72.0,29.34301559245506
46,0.0,0.0,0.0,0.0,0.0,0.0,0.0,0.0,0.0,0.0,0.0,0.0,0.0,0.0,0.0,0.0,0.0,0.0,0.0,0.0,0.0,0.0,0.0,0.0,0.0,0.0,0.0,0.0,0.0,0.0,0.0,0.0,0.0,0.0,0.0,0.0,0.0,0.0,0.0,0.0,0.0,0.0,0.0,0.0,0.0,0.0,0.0,0.0,0.0,0.0,0.0,0.0,0.0,0.0,0.0,0.0,0.0,0.0,0.0,0.0,0.0,0.0,0.0,0.0,0.0,0.0,0.0,0.0,0.0,0.0,0.0,0.0,0.0,1.0,1.0,2.0,2.480000000000018,4.0,4.0,4.2000000000000455,5.440000000000055,6.0,7.0,8.0,9.0,10.0,11.0,12.120000000000005,14.0,14.0,15.0,15.0,16.0,16.559999999999945,17.0,19.0,20.279999999999973,21.0,26.279999999999973,45.0,0.0,1000.3294117748737,1000.4901960790157,1000.6156862974167,1000.7294117808342,2000.1450980454683,2000.3490196168423,2000.4823529422283,2000.5882353186607,2000.678431391716,3000.956862747669,149.61199951171875,157.60910034179688,162.78191680908202,166.9784912109375,170.7862777709961,174.57264404296876,178.77838592529298,184.32015991210938,197.06358337402344,346.7163391113281,229.71483,0.0,test_data/Useful/Validation/Three eight at 1ft/WhatsApp Image 2024-08-23 at 10.43.40 (2).jpeg,3661.0,103.0,28.923424712523676
47,0.0,0.0,0.0,0.0,0.0,0.0,0.0,0.0,0.0,0.0,0.0,0.0,0.0,0.0,0.0,0.0,0.0,0.0,0.0,0.0,0.0,0.0,0.0,0.0,0.0,0.0,0.0,0.0,0.0,0.0,0.0,0.0,0.0,0.0,0.0,0.0,0.0,0.0,0.0,0.0,0.0,0.0,0.0,0.0,0.0,0.0,0.0,0.0,0.0,0.0,0.0,0.0,0.0,0.0,0.0,0.0,0.0,0.0,0.0,0.0,0.0,0.0,0.0,0.0,0.0,0.0,0.0,0.0,0.0,0.0,0.0,0.0,0.0,0.0,0.0,0.0,0.0,1.0,1.9600000000000364,2.0,4.0,4.67999999999995,5.0,7.0,8.0,9.0,10.0,11.0,11.360000000000014,12.0,13.0,14.0,15.0,16.0,17.0,18.0,20.0,21.0,26.75999999999999,48.0,0.0,1000.2313725501299,1000.3607843220234,1000.4705882370472,1000.5647059082985,1000.6431372761726,1000.7294117808342,2000.0352941192687,2000.4509803950787,2000.6352941393852,3000.9803921580315,151.50820922851562,159.3390350341797,164.38018798828125,168.51001586914063,172.18240356445312,175.82119750976562,179.80821228027344,185.07000732421875,196.78668212890625,346.7015075683594,229.22452,0.0,test_data/Useful/Validation/Three eight at 1ft/WhatsApp Image 2024-08-23 at 10.43.40.jpeg,3541.0,90.0,31.135583080926438
48,0.0,0.0,0.0,0.0,0.0,0.0,0.0,0.0,0.0,0.0,0.0,0.0,0.0,0.0,0.0,0.0,0.0,0.0,0.0,0.0,0.0,0.0,0.0,0.0,0.0,0.0,0.0,0.0,0.0,0.0,0.0,0.0,0.0,0.0,0.0,0.0,0.0,0.0,0.0,0.0,0.0,0.0,0.0,0.0,0.0,0.0,0.0,0.0,0.0,0.0,0.0,0.0,0.0,0.0,0.0,0.0,0.0,0.0,0.0,0.0,0.0,0.0,0.0,0.0,0.0,0.0,0.0,0.0,0.0,0.0,1.0,1.0,2.0,4.0,4.0,5.0,5.0,6.0,7.0,7.2000000000000455,8.0,9.0,10.0,11.0,12.0,12.0,13.879999999999995,14.120000000000005,15.0,16.0,16.0,17.0,18.0,19.0,21.799999999999955,23.0,24.279999999999973,27.519999999999982,31.75999999999999,48.0,0.0,1000.4000000059605,1000.5764706134796,1000.7098039388657,1000.8352941274643,2000.2509804069996,2000.4627451002598,2000.6000000238419,2000.6980392336845,2000.7960784435272,3001.0,152.28706817626954,160.0772247314453,165.09698486328125,169.15906982421876,172.81456756591797,176.41954956054687,180.33190307617187,185.52854614257816,197.35165405273438,347.3902893066406,229.01396,0.0,test_data/Useful/Validation/Three eight at 1ft/WhatsApp Image 2024-08-23 at 10.43.41 (1).jpeg,3567.0,122.0,32.05264609747849
49,0.0,0.0,0.0,0.0,0.0,0.0,0.0,0.0,0.0,0.0,0.0,0.0,0.0,0.0,0.0,0.0,0.0,0.0,0.0,0.0,0.0,0.0,0.0,0.0,0.0,0.0,0.0,0.0,0.0,0.0,0.0,0.0,0.0,0.0,0.0,0.0,0.0,0.0,0.0,0.0,0.0,0.0,0.0,0.0,0.0,0.0,0.0,0.0,0.0,0.0,0.0,0.0,0.0,0.0,0.0,0.0,0.0,0.0,0.0,0.0,0.0,0.0,0.0,0.0,0.0,0.0,0.0,0.0,1.0,1.0,2.0,3.0,3.0,3.759999999999991,4.0,5.0,6.0,6.720000000000027,7.0,8.0,9.0,9.0,10.0,11.0,12.0,12.0,13.0,14.0,14.0,15.0,15.0,16.0,17.0,18.0,19.0,21.0,23.0,27.0,30.0,42.0,0.0,1000.4274509847164,1000.6156862974167,1000.7529411911964,1000.9137254953384,2000.3450980484486,2000.5019608139992,2000.6196078658104,2000.705882370472,2000.800000011921,3001.0,152.19225158691407,159.9506072998047,164.9957763671875,169.034326171875,172.65819549560547,176.31138916015624,180.27438354492188,185.4275360107422,197.40933227539062,347.39990234375,229.12987,0.0,test_data/Useful/Validation/Three eight at 1ft/WhatsApp Image 2024-08-23 at 10.43.41 (2).jpeg,3550.0,123.0,26.496431797989736
50,0.0,0.0,0.0,0.0,0.0,0.0,0.0,0.0,0.0,0.0,0.0,0.0,0.0,0.0,0.0,0.0,0.0,0.0,0.0,0.0,0.0,0.0,0.0,0.0,0.0,0.0,0.0,0.0,0.0,0.0,0.0,0.0,0.0,0.0,0.0,0.0,0.0,0.0,0.0,0.0,0.0,0.0,0.0,0.0,0.0,0.0,0.0,0.0,0.0,0.0,0.0,0.0,0.0,0.0,0.0,0.0,0.0,0.0,0.0,0.0,0.0,0.0,0.0,0.0,0.0,0.0,0.0,0.0,0.0,0.0,0.0,1.0,1.0,2.0,2.0,3.240000000000009,4.0,5.720000000000027,7.0,8.0,9.0,10.0,10.0,11.0,12.0,13.0,14.0,15.0,16.0,16.600000000000023,17.0,19.0,19.0,19.559999999999945,22.0,24.039999999999964,27.0,30.0,33.0,42.0,0.0,1000.3960784375668,1000.5686274766922,1000.7019608020782,1000.8196078538895,2000.2078431397676,2000.4509803950787,2000.5882353186607,2000.6941176652908,2000.7921568751335,3001.0,152.1719482421875,159.97362365722657,165.01719360351564,169.0548522949219,172.74685668945312,176.40762329101562,180.29417419433594,185.47943115234375,197.22857666015625,347.383544921875,228.93861,0.0,test_data/Useful/Validation/Three eight at 1ft/WhatsApp Image 2024-08-23 at 10.43.41.jpeg,3527.0,125.0,27.620350144029533
51,0.0,0.0,0.0,0.0,0.0,0.0,0.0,0.0,0.0,0.0,0.0,0.0,0.0,0.0,0.0,0.0,0.0,0.0,0.0,0.0,0.0,0.0,0.0,0.0,0.0,0.0,0.0,0.0,0.0,0.0,0.0,0.0,0.0,0.0,0.0,0.0,0.0,0.0,0.0,0.0,0.0,0.0,0.0,0.0,0.0,0.0,0.0,0.0,0.0,0.0,0.0,0.0,0.0,0.0,0.0,0.0,0.0,0.0,0.0,0.0,0.0,0.0,0.0,0.0,0.0,0.0,0.0,0.0,0.0,0.0,0.0,1.0,2.0,2.0,3.0,4.0,4.0,5.0,6.0,7.0,7.440000000000055,8.67999999999995,9.919999999999959,12.0,13.0,14.0,15.0,15.0,15.0,16.0,17.0,18.0,19.0,20.0,21.0,23.039999999999964,25.0,26.519999999999982,31.75999999999999,38.0,0.0,1000.4352941215038,1000.6196078658104,1000.7568627595901,1000.9176470637321,2000.3490196168423,2000.5058823823929,2000.6196078658104,2000.7098039388657,2000.800000011921,3001.0,152.0422546386719,159.91004638671876,164.94528045654297,168.996142578125,172.58560180664062,176.22950744628906,180.21672821044922,185.41677551269532,197.19451904296875,347.40411376953125,229.17906,0.0,test_data/Useful/Validation/Three eight at 1ft/WhatsApp Image 2024-08-23 at 10.43.42 (1).jpeg,3557.0,121.0,29.8834938111791
52,0.0,0.0,0.0,0.0,0.0,0.0,0.0,0.0,0.0,0.0,0.0,0.0,0.0,0.0,0.0,0.0,0.0,0.0,0.0,0.0,0.0,0.0,0.0,0.0,0.0,0.0,0.0,0.0,0.0,0.0,0.0,0.0,0.0,0.0,0.0,0.0,0.0,0.0,0.0,0.0,0.0,0.0,0.0,0.0,0.0,0.0,0.0,0.0,0.0,0.0,0.0,0.0,0.0,0.0,0.0,0.0,0.0,0.0,0.0,0.0,0.0,0.0,0.0,0.0,0.0,0.0,0.0,0.0,0.0,0.0,1.0,2.0,2.0,3.0,4.0,5.0,5.0,6.0,7.0,7.2000000000000455,8.0,9.0,10.0,11.0,11.0,12.0,13.0,13.0,14.0,15.0,16.0,16.0,17.0,18.0,19.0,20.0,22.279999999999973,26.519999999999982,33.0,46.0,0.0,1000.3843137323856,1000.54509806633,1000.6745098233223,1000.7764706015587,1000.9215686321259,2000.3843137323856,2000.556862771511,2000.6745098233223,2000.784313738346,3001.0,152.11431884765625,160.03878784179688,165.07742309570312,169.1248046875,172.76052856445312,176.37030029296875,180.37444610595702,185.61029052734375,197.30242919921875,347.403076171875,228.70744,0.0,test_data/Useful/Validation/Three eight at 1ft/WhatsApp Image 2024-08-23 at 10.43.42.jpeg,3540.0,114.0,38.11576497873719
53,0.0,0.0,0.0,0.0,0.0,0.0,0.0,0.0,0.0,0.0,0.0,0.0,0.0,0.0,0.0,0.0,0.0,0.0,0.0,0.0,0.0,0.0,0.0,0.0,0.0,0.0,0.0,0.0,0.0,0.0,0.0,0.0,0.0,0.0,0.0,0.0,0.0,0.0,0.0,0.0,0.0,0.0,0.0,0.0,0.0,0.0,0.0,0.0,0.0,0.0,0.0,0.0,0.0,0.0,0.0,0.0,0.0,0.0,0.0,0.0,0.0,0.0,0.0,0.0,0.0,0.0,0.0,0.0,0.0,0.0,0.0,0.0,0.0,0.7599999999999909,1.0,2.0,3.0,3.7200000000000273,4.0,5.0,6.0,7.0,8.0,9.0,9.0,11.0,12.0,13.0,15.0,16.0,16.0,16.0,17.0,19.0,20.799999999999955,23.0,26.279999999999973,30.0,32.51999999999998,41.0,0.0,1000.392156869173,1000.5607843399048,1000.6862745285034,1000.7960784435272,1000.9960784316063,2000.419607847929,2000.572549045086,2000.6862745285034,2000.7921568751335,3001.0,152.31692504882812,160.1980743408203,165.18765258789062,169.23399353027344,172.89085388183594,176.4550018310547,180.40231323242188,185.57833862304688,197.31344604492188,347.4212341308594,228.9032,0.0,test_data/Useful/Validation/Three eight at 1ft/WhatsApp Image 2024-08-23 at 10.43.43 (1).jpeg,3489.0,109.0,25.525834478232724
54,0.0,0.0,0.0,0.0,0.0,0.0,0.0,0.0,0.0,0.0,0.0,0.0,0.0,0.0,0.0,0.0,0.0,0.0,0.0,0.0,0.0,0.0,0.0,0.0,0.0,0.0,0.0,0.0,0.0,0.0,0.0,0.0,0.0,0.0,0.0,0.0,0.0,0.0,0.0,0.0,0.0,0.0,0.0,0.0,0.0,0.0,0.0,0.0,0.0,0.0,0.0,0.0,0.0,0.0,0.0,0.0,0.0,0.0,0.0,0.0,0.0,0.0,0.0,0.0,0.0,0.0,0.0,0.0,0.0,0.0,1.0,1.0,2.0,2.759999999999991,3.0,4.0,5.0,6.0,6.0,7.0,8.0,8.0,9.919999999999959,11.0,12.0,13.0,13.879999999999995,14.0,15.0,16.0,17.0,18.0,20.0,21.0,21.0,23.0,25.279999999999973,28.0,32.0,44.0,0.0,1000.4352941215038,1000.6235294342041,1000.7607843279839,1000.9254902005196,2000.3568627536297,2000.5098039507866,2000.623529434204,2000.7137255072594,2000.8039215803146,3001.0,151.92916107177734,159.8110595703125,164.8633575439453,168.88284606933593,172.56863403320312,176.1627197265625,180.1797332763672,185.3990936279297,197.42552185058594,347.42120361328125,228.67908,0.0,test_data/Useful/Validation/Three eight at 1ft/WhatsApp Image 2024-08-23 at 10.43.43 (2).jpeg,3586.0,123.0,30.287933796170506
55,0.0,0.0,0.0,0.0,0.0,0.0,0.0,0.0,0.0,0.0,0.0,0.0,0.0,0.0,0.0,0.0,0.0,0.0,0.0,0.0,0.0,0.0,0.0,0.0,0.0,0.0,0.0,0.0,0.0,0.0,0.0,0.0,0.0,0.0,0.0,0.0,0.0,0.0,0.0,0.0,0.0,0.0,0.0,0.0,0.0,0.0,0.0,0.0,0.0,0.0,0.0,0.0,0.0,0.0,0.0,0.0,0.0,0.0,0.0,0.0,0.0,0.0,0.0,0.0,0.0,0.0,0.0,0.0,0.0,0.0,2.0,2.0,3.0,3.0,4.0,5.0,5.0,6.0,7.0,8.0,8.0,9.0,10.0,11.0,11.0,13.0,14.0,15.0,16.0,16.0,17.0,18.0,19.0,19.559999999999945,22.0,23.039999999999964,24.279999999999973,27.0,35.27999999999997,51.0,0.0,1000.4941176474094,1000.6980392336845,1000.866666674614,2000.3019607961178,2000.4549019634724,2000.5686274766922,2000.6549019813538,2000.7294117808342,2000.8156862854958,3001.0,151.75878448486327,159.54495239257812,164.67630004882812,168.74215698242188,172.42323303222656,176.05848693847656,180.08934020996094,185.35693359375,197.2508087158203,347.42041015625,229.20914,0.0,test_data/Useful/Validation/Three eight at 1ft/WhatsApp Image 2024-08-23 at 10.43.43.jpeg,3574.0,128.0,31.574060123698462
56,0.0,0.0,0.0,0.0,0.0,0.0,0.0,0.0,0.0,0.0,0.0,0.0,0.0,0.0,0.0,0.0,0.0,0.0,0.0,0.0,0.0,0.0,0.0,0.0,0.0,0.0,0.0,0.0,0.0,0.0,0.0,0.0,0.0,0.0,0.0,0.0,0.0,0.0,0.0,0.0,0.0,0.0,0.0,0.0,0.0,0.0,0.0,0.0,0.0,0.0,0.0,0.0,0.0,0.0,0.0,0.0,0.0,0.0,0.0,0.0,0.0,0.0,0.0,0.0,0.0,0.0,0.0,0.0,1.0,2.0,2.0,3.0,4.0,4.0,5.0,5.240000000000009,6.0,7.0,8.0,9.0,9.0,10.0,10.0,12.0,12.399999999999977,13.639999999999986,15.0,15.0,16.0,16.0,17.0,18.0,18.0,19.559999999999945,21.0,25.039999999999964,27.0,30.0,34.75999999999999,44.0,0.0,1000.4588235318661,1000.6549019813538,1000.8039215803146,2000.188235297799,2000.4156862795353,2000.54509806633,2000.6431372761726,2000.7254902124405,2000.811764717102,3001.0,152.14794921875,159.98721313476562,165.03205261230468,169.06029663085937,172.7233123779297,176.2989013671875,180.22804260253906,185.42433166503906,197.3487091064453,347.4159240722656,229.43327,0.0,test_data/Useful/Validation/Three eight at 1ft/WhatsApp Image 2024-08-23 at 10.43.44 (1).jpeg,3564.0,136.0,32.446996504212606
57,0.0,0.0,0.0,0.0,0.0,0.0,0.0,0.0,0.0,0.0,0.0,0.0,0.0,0.0,0.0,0.0,0.0,0.0,0.0,0.0,0.0,0.0,0.0,0.0,0.0,0.0,0.0,0.0,0.0,0.0,0.0,0.0,0.0,0.0,0.0,0.0,0.0,0.0,0.0,0.0,0.0,0.0,0.0,0.0,0.0,0.0,0.0,0.0,0.0,0.0,0.0,0.0,0.0,0.0,0.0,0.0,0.0,0.0,0.0,0.0,0.0,0.0,0.0,0.0,0.0,0.0,0.0,0.0,0.0,0.0,0.0,1.0,2.519999999999982,3.0,3.0,5.0,5.0,6.0,6.0,7.0,8.440000000000055,9.0,10.0,10.0,12.0,13.0,14.0,15.0,15.0,16.0,17.0,17.08000000000004,18.0,19.0,21.799999999999955,24.0,28.279999999999973,32.0,37.75999999999999,51.0,0.0,1000.4392156898975,1000.6156862974167,1000.745098054409,1000.8784313797951,2000.3176470696926,2000.486274510622,2000.6078431606293,2000.7019608020782,2000.800000011921,3001.0,151.73672790527343,159.56521911621093,164.65637969970703,168.72345581054688,172.4208984375,176.05661010742188,180.0262710571289,185.36845703125,197.53076171875,347.4408264160156,229.28763,0.0,test_data/Useful/Validation/Three eight at 1ft/WhatsApp Image 2024-08-23 at 10.43.44 (2).jpeg,3538.0,129.0,30.154517411546113
58,0.0,0.0,0.0,0.0,0.0,0.0,0.0,0.0,0.0,0.0,0.0,0.0,0.0,0.0,0.0,0.0,0.0,0.0,0.0,0.0,0.0,0.0,0.0,0.0,0.0,0.0,0.0,0.0,0.0,0.0,0.0,0.0,0.0,0.0,0.0,0.0,0.0,0.0,0.0,0.0,0.0,0.0,0.0,0.0,0.0,0.0,0.0,0.0,0.0,0.0,0.0,0.0,0.0,0.0,0.0,0.0,0.0,0.0,0.0,0.0,0.0,0.0,0.0,0.0,0.0,0.0,0.0,0.0,0.0,0.0,0.0,0.0,1.0,2.0,2.0,3.0,4.0,4.720000000000027,5.0,6.0,7.0,8.0,9.0,10.0,11.0,12.0,13.0,14.0,15.0,15.0,16.0,17.0,18.0,19.559999999999945,21.0,24.0,26.279999999999973,29.0,33.27999999999997,43.0,0.0,1000.4156862795353,1000.5960784554482,1000.7333333492279,1000.8745098114014,2000.3176470696926,2000.4941176474094,2000.6156862974167,2000.7098039388657,2000.8039215803146,3001.0,152.25633239746094,160.0354766845703,165.08424377441406,169.12025451660156,172.7485809326172,176.3424530029297,180.24434509277344,185.45143127441406,197.3302459716797,347.4146728515625,228.91406,0.0,test_data/Useful/Validation/Three eight at 1ft/WhatsApp Image 2024-08-23 at 10.43.44.jpeg,3509.0,118.0,29.506333921255212
59,0.0,0.0,0.0,0.0,0.0,0.0,0.0,0.0,0.0,0.0,0.0,0.0,0.0,0.0,0.0,0.0,0.0,0.0,0.0,0.0,0.0,0.0,0.0,0.0,0.0,0.0,0.0,0.0,0.0,0.0,0.0,0.0,0.0,0.0,0.0,0.0,0.0,0.0,0.0,0.0,0.0,0.0,0.0,0.0,0.0,0.0,0.0,0.0,0.0,0.0,0.0,0.0,0.0,0.0,0.0,0.0,0.0,0.0,0.0,0.0,0.0,0.0,0.0,0.0,0.0,0.0,0.0,0.0,0.0,0.0,0.0,0.0,1.0,2.0,3.0,4.0,5.0,5.720000000000027,6.0,7.0,7.440000000000055,8.0,9.0,10.0,10.0,11.0,12.0,13.120000000000005,15.0,16.0,16.840000000000032,18.0,18.0,19.0,20.0,21.039999999999964,22.279999999999973,25.0,31.0,35.0,0.0,1000.4156862795353,1000.5960784554482,1000.7333333492279,1000.8705882430077,2000.3098039329052,2000.4941176474094,2000.6156862974167,2000.7098039388657,2000.8039215803146,3001.0,152.34701385498047,160.17950744628905,165.27301177978515,169.26351623535157,172.8592758178711,176.44700622558594,180.3251495361328,185.4349365234375,197.2890625,347.4302673339844,229.15729,0.0,test_data/Useful/Validation/Three eight at 1ft/WhatsApp Image 2024-08-23 at 10.43.45 (1).jpeg,3497.0,114.0,30.834598249224456
60,0.0,0.0,0.0,0.0,0.0,0.0,0.0,0.0,0.0,0.0,0.0,0.0,0.0,0.0,0.0,0.0,0.0,0.0,0.0,0.0,0.0,0.0,0.0,0.0,0.0,0.0,0.0,0.0,0.0,0.0,0.0,0.0,0.0,0.0,0.0,0.0,0.0,0.0,0.0,0.0,0.0,0.0,0.0,0.0,0.0,0.0,0.0,0.0,0.0,0.0,0.0,0.0,0.0,0.0,0.0,0.0,0.0,0.0,0.0,0.0,0.0,0.0,0.0,0.0,0.0,1.0,2.0,2.0,3.0,4.0,5.0,5.0,6.0,6.759999999999991,7.0,8.0,8.0,9.0,10.0,11.0,11.0,12.0,12.0,13.0,14.0,15.0,15.0,16.0,16.360000000000014,17.0,18.0,19.0,20.0,21.0,22.799999999999955,24.0,25.0,31.039999999999964,35.75999999999999,48.0,0.0,1000.4549019634724,1000.6745098233223,1000.8235294222832,2000.1960784345865,2000.4431372582912,2000.5764706134796,2000.6745098233223,2000.7490196228027,2000.8313725590706,3001.0,151.96810913085938,159.68043823242186,164.72248382568358,168.699853515625,172.3349609375,175.9534454345703,179.87482299804688,185.11487731933593,197.278076171875,347.5897216796875,231.80725,0.0,test_data/Useful/Validation/Three eight at 1ft/WhatsApp Image 2024-08-23 at 11.02.00.jpeg,3567.0,144.0,30.261344105579425
61,0.0,0.0,0.0,0.0,0.0,0.0,0.0,0.0,0.0,0.0,0.0,0.0,0.0,0.0,0.0,0.0,0.0,0.0,0.0,0.0,0.0,0.0,0.0,0.0,0.0,0.0,0.0,0.0,0.0,0.0,0.0,0.0,0.0,0.0,0.0,0.0,0.0,0.0,0.0,0.0,0.0,0.0,0.0,0.0,0.0,0.0,0.0,0.0,0.0,0.0,0.0,0.0,0.0,0.0,0.0,0.0,0.0,0.0,0.0,0.0,0.0,0.0,0.0,0.0,0.0,0.0,1.0,1.32000000000005,3.0,4.0,4.039999999999964,5.0,5.519999999999982,6.0,7.0,8.0,9.0,10.0,11.0,12.0,12.440000000000055,13.0,14.0,15.0,15.0,15.0,16.0,17.0,18.0,19.0,19.0,21.0,22.0,23.559999999999945,24.799999999999955,25.0,27.279999999999973,31.0,36.0,40.0,0.0,1000.4392156898975,1000.6549019813538,1000.8039215803146,2000.1215686276555,2000.4235294163227,2000.5647059082985,2000.6666666865349,2000.745098054409,2000.8274509906769,3001.0,152.17752075195312,159.94749450683594,164.9417282104492,168.94365234375,172.5964126586914,176.1387481689453,180.02938842773438,185.23699951171875,197.1851806640625,347.57269287109375,231.77614,0.0,test_data/Useful/Validation/Three eight at 1ft/WhatsApp Image 2024-08-23 at 11.02.06.jpeg,3531.0,153.0,30.102805107531694
62,0.0,0.0,0.0,0.0,0.0,0.0,0.0,0.0,0.0,0.0,0.0,0.0,0.0,0.0,0.0,0.0,0.0,0.0,0.0,0.0,0.0,0.0,0.0,0.0,0.0,0.0,0.0,0.0,0.0,0.0,0.0,0.0,0.0,0.0,0.0,0.0,0.0,0.0,0.0,0.0,0.0,0.0,0.0,0.0,0.0,0.0,0.0,0.0,0.0,0.0,0.0,0.0,0.0,0.0,0.0,0.0,0.0,0.0,0.0,0.0,0.0,0.0,0.0,0.0,0.0,0.0,0.0,1.0,2.0,2.0,3.0,3.2799999999999727,4.0,5.0,5.0,6.0,7.0,7.720000000000027,9.0,10.0,11.0,11.0,12.0,13.0,14.0,14.0,15.0,15.0,16.0,16.0,17.0,17.0,18.0,20.0,21.799999999999955,23.039999999999964,25.0,28.519999999999982,33.75999999999999,51.0,0.0,1000.4352941215038,1000.6470588445663,1000.7921568751335,1001.0,2000.4117647111416,2000.5607843399048,2000.6627451181412,2000.7411764860153,2000.8274509906769,3001.0,151.96372985839844,159.73514099121093,164.78294372558594,168.73626708984375,172.371826171875,175.9707489013672,179.99305725097656,185.28656005859375,197.20335388183594,347.598388671875,231.6023,0.0,test_data/Useful/Validation/Three eight at 1ft/WhatsApp Image 2024-08-23 at 11.02.10 (1).jpeg,3566.0,136.0,32.23970674883423
63,0.0,0.0,0.0,0.0,0.0,0.0,0.0,0.0,0.0,0.0,0.0,0.0,0.0,0.0,0.0,0.0,0.0,0.0,0.0,0.0,0.0,0.0,0.0,0.0,0.0,0.0,0.0,0.0,0.0,0.0,0.0,0.0,0.0,0.0,0.0,0.0,0.0,0.0,0.0,0.0,0.0,0.0,0.0,0.0,0.0,0.0,0.0,0.0,0.0,0.0,0.0,0.0,0.0,0.0,0.0,0.0,0.0,0.0,0.0,0.0,0.0,0.0,0.0,0.0,0.0,1.0,1.0,2.0,3.0,3.0,4.0,5.0,5.0,6.0,6.0,7.0,7.0,8.0,9.0,9.0,10.0,11.0,12.0,13.0,14.0,15.0,16.0,16.0,17.0,17.0,18.0,19.0,20.0,21.0,23.799999999999955,26.0,30.0,33.51999999999998,36.75999999999999,47.0,0.0,1000.4392156898975,1000.6666666865349,1000.8235294222832,2000.2078431397676,2000.4509803950787,2000.584313750267,2000.6745098233223,2000.7529411911964,2000.8352941274643,3001.0,152.17251586914062,159.9102783203125,164.9390869140625,168.97698974609375,172.57247924804688,176.12640380859375,180.07241821289062,185.26979064941406,197.16018676757812,347.57470703125,231.76416,0.0,test_data/Useful/Validation/Three eight at 1ft/WhatsApp Image 2024-08-23 at 11.02.10.jpeg,3589.0,147.0,27.16908724862747
64,0.0,0.0,0.0,0.0,0.0,0.0,0.0,0.0,0.0,0.0,0.0,0.0,0.0,0.0,0.0,0.0,0.0,0.0,0.0,0.0,0.0,0.0,0.0,0.0,0.0,0.0,0.0,0.0,0.0,0.0,0.0,0.0,0.0,0.0,0.0,0.0,0.0,0.0,0.0,0.0,0.0,0.0,0.0,0.0,0.0,0.0,0.0,0.0,0.0,0.0,0.0,0.0,0.0,0.0,0.0,0.0,0.0,0.0,0.0,0.0,0.0,0.0,0.0,0.0,0.0,0.0,1.0,1.0,2.0,3.0,4.0,4.0,4.0,5.0,6.0,6.0,7.0,8.0,9.0,9.200000000000045,11.0,11.0,12.0,13.0,14.0,14.639999999999986,15.0,16.0,16.0,17.0,17.0,18.0,19.0,20.0,21.0,23.0,25.0,26.519999999999982,33.0,53.0,0.0,1000.4392156898975,1000.6588235497475,1000.8156862854958,2000.188235297799,2000.4431372582912,2000.5803921818733,2000.6745098233223,2000.7490196228027,2000.8352941274643,3001.0,152.0311721801758,159.85757446289062,164.80352783203125,168.84613037109375,172.46358489990234,176.01968078613282,179.9306228637695,185.1779327392578,197.11167907714844,347.5731201171875,231.6587,0.0,test_data/Useful/Validation/Three eight at 1ft/WhatsApp Image 2024-08-23 at 11.02.11 (1).jpeg,3555.0,135.0,29.262670000516867
65,0.0,0.0,0.0,0.0,0.0,0.0,0.0,0.0,0.0,0.0,0.0,0.0,0.0,0.0,0.0,0.0,0.0,0.0,0.0,0.0,0.0,0.0,0.0,0.0,0.0,0.0,0.0,0.0,0.0,0.0,0.0,0.0,0.0,0.0,0.0,0.0,0.0,0.0,0.0,0.0,0.0,0.0,0.0,0.0,0.0,0.0,0.0,0.0,0.0,0.0,0.0,0.0,0.0,0.0,0.0,0.0,0.0,0.0,0.0,0.0,0.0,0.0,0.0,1.0,1.0,1.0,2.0,3.0,4.0,4.0,4.0,5.0,5.0,6.0,6.0,7.0,8.0,9.0,9.0,10.0,11.0,11.0,12.0,13.0,14.0,15.0,15.0,16.0,16.0,16.600000000000023,17.0,18.0,19.0,20.0,22.0,24.0,26.0,29.519999999999982,36.51999999999998,45.0,0.0,1000.4627451002598,1000.6823529601097,1000.8431372642517,2000.2470588237047,2000.458823531866,2000.584313750267,2000.6745098233223,2000.7490196228027,2000.8313725590706,3001.0,151.9994903564453,159.76468200683593,164.8072967529297,168.7736358642578,172.38099670410156,175.8940887451172,179.82046508789062,185.02012634277344,197.17889404296875,347.5686950683594,231.93988,0.0,test_data/Useful/Validation/Three eight at 1ft/WhatsApp Image 2024-08-23 at 11.02.11 (2).jpeg,3519.0,144.0,33.324362875604784
66,0.0,0.0,0.0,0.0,0.0,0.0,0.0,0.0,0.0,0.0,0.0,0.0,0.0,0.0,0.0,0.0,0.0,0.0,0.0,0.0,0.0,0.0,0.0,0.0,0.0,0.0,0.0,0.0,0.0,0.0,0.0,0.0,0.0,0.0,0.0,0.0,0.0,0.0,0.0,0.0,0.0,0.0,0.0,0.0,0.0,0.0,0.0,0.0,0.0,0.0,0.0,0.0,0.0,0.0,0.0,0.0,0.0,0.0,0.0,0.0,0.0,0.0,0.0,0.0,0.0,0.8400000000000318,1.0,2.0,2.0,3.0,4.0,4.0,5.0,6.0,7.0,8.0,9.0,9.0,9.960000000000036,11.0,12.0,12.0,13.0,14.0,15.0,15.0,16.0,16.0,17.0,17.0,18.0,19.0,20.0,21.559999999999945,24.0,26.0,29.0,31.0,37.75999999999999,43.0,0.0,1000.4313725531101,1000.6431372761726,1000.7882353067398,1000.9921568632126,2000.4000000059605,2000.556862771511,2000.6588235497475,2000.7411764860153,2000.8235294222832,3001.0,152.01478576660156,159.79273376464843,164.87220764160156,168.87603759765625,172.45742797851562,175.9857421875,179.943115234375,185.20669555664062,197.2562255859375,347.5768737792969,232.02533,0.0,test_data/Useful/Validation/Three eight at 1ft/WhatsApp Image 2024-08-23 at 11.02.11.jpeg,3565.0,148.0,30.11702367153855
67,0.0,0.0,0.0,0.0,0.0,0.0,0.0,0.0,0.0,0.0,0.0,0.0,0.0,0.0,0.0,0.0,0.0,0.0,0.0,0.0,0.0,0.0,0.0,0.0,0.0,0.0,0.0,0.0,0.0,0.0,0.0,0.0,0.0,0.0,0.0,0.0,0.0,0.0,0.0,0.0,0.0,0.0,0.0,0.0,0.0,0.0,0.0,0.0,0.0,0.0,0.0,0.0,0.0,0.0,0.0,0.0,0.0,0.0,0.0,0.0,0.0,0.0,0.0,0.0,0.0,0.8400000000000318,1.0,2.0,2.0,3.0,3.0,4.0,5.0,5.0,6.0,7.0,8.0,8.0,10.0,11.0,12.0,13.0,14.0,14.0,15.0,15.0,16.0,17.0,18.0,19.0,21.0,22.0,23.0,24.0,25.799999999999955,27.0,28.0,32.0,34.75999999999999,57.0,0.0,1000.4980392158031,1000.7215686440468,1000.9019607901573,2000.3215686380863,2000.4901960790157,2000.6039215922356,2000.6862745285034,2000.7529411911964,2000.8352941274643,3001.0,151.73910064697264,159.56069946289062,164.68359375,168.6819305419922,172.30972290039062,175.86370849609375,179.74305725097656,185.000732421875,197.10476684570312,347.5690002441406,232.11671,0.0,test_data/Useful/Validation/Three eight at 1ft/WhatsApp Image 2024-08-23 at 11.02.12 (1).jpeg,3497.0,153.0,29.360199940242147
68,0.0,0.0,0.0,0.0,0.0,0.0,0.0,0.0,0.0,0.0,0.0,0.0,0.0,0.0,0.0,0.0,0.0,0.0,0.0,0.0,0.0,0.0,0.0,0.0,0.0,0.0,0.0,0.0,0.0,0.0,0.0,0.0,0.0,0.0,0.0,0.0,0.0,0.0,0.0,0.0,0.0,0.0,0.0,0.0,0.0,0.0,0.0,0.0,0.0,0.0,0.0,0.0,0.0,0.0,0.0,0.0,0.0,0.0,0.0,0.0,0.0,0.0,0.0,0.0,0.0,0.0,1.080000000000041,3.0,3.0,4.0,4.0,5.0,5.519999999999982,6.0,7.0,7.240000000000009,8.0,8.0,9.0,10.0,10.440000000000055,12.0,12.0,14.0,15.0,15.0,15.0,16.0,16.0,17.0,17.0,19.0,20.0,22.0,24.0,25.0,29.0,30.519999999999982,38.039999999999964,53.0,0.0,1000.4431372582912,1000.6627451181412,1000.8156862854958,2000.2000000029802,2000.4509803950787,2000.584313750267,2000.6745098233223,2000.7490196228027,2000.8352941274643,3001.0,151.81143646240236,159.5985107421875,164.6004638671875,168.62135314941406,172.2297821044922,175.7777099609375,179.67359924316406,184.93179321289062,196.9935760498047,347.5727844238281,231.92888,0.0,test_data/Useful/Validation/Three eight at 1ft/WhatsApp Image 2024-08-23 at 11.02.12 (2).jpeg,3558.0,150.0,27.32713615875132
69,0.0,0.0,0.0,0.0,0.0,0.0,0.0,0.0,0.0,0.0,0.0,0.0,0.0,0.0,0.0,0.0,0.0,0.0,0.0,0.0,0.0,0.0,0.0,0.0,0.0,0.0,0.0,0.0,0.0,0.0,0.0,0.0,0.0,0.0,0.0,0.0,0.0,0.0,0.0,0.0,0.0,0.0,0.0,0.0,0.0,0.0,0.0,0.0,0.0,0.0,0.0,0.0,0.0,0.0,0.0,0.0,0.0,0.0,0.0,0.0,0.0,0.0,0.0,1.0,2.0,2.0,3.0,4.0,4.559999999999945,5.0,6.0,6.0,7.0,7.759999999999991,8.0,9.0,9.0,9.720000000000027,10.0,11.0,11.0,12.0,13.0,14.0,14.0,15.0,15.0,16.0,16.0,16.600000000000023,17.0,18.08000000000004,19.0,20.559999999999945,21.799999999999955,24.0,25.0,30.519999999999982,35.75999999999999,57.0,0.0,1000.4901960790157,1000.7137255072594,1000.8941176533699,2000.3098039329052,2000.486274510622,2000.6000000238419,2000.6823529601097,2000.7529411911964,2000.8352941274643,3001.0,151.69039611816407,159.43196716308594,164.50589752197266,168.57004089355468,172.21627044677734,175.74150695800782,179.67106018066406,184.87838134765624,197.03231811523438,347.564697265625,232.57227,0.0,test_data/Useful/Validation/Three eight at 1ft/WhatsApp Image 2024-08-23 at 11.02.12.jpeg,3567.0,154.0,29.188060986187626
70,0.0,0.0,0.0,0.0,0.0,0.0,0.0,0.0,0.0,0.0,0.0,0.0,0.0,0.0,0.0,0.0,0.0,0.0,0.0,0.0,0.0,0.0,0.0,0.0,0.0,0.0,0.0,0.0,0.0,0.0,0.0,0.0,0.0,0.0,0.0,0.0,0.0,0.0,0.0,0.0,0.0,0.0,0.0,0.0,0.0,0.0,0.0,0.0,0.0,0.0,0.0,0.0,0.0,0.0,0.0,0.0,0.0,0.0,0.0,0.0,0.0,0.0,0.0,0.0,0.0,1.0,1.0,2.0,3.0,3.7999999999999545,4.0,5.0,5.0,6.0,6.0,7.0,7.0,8.0,9.0,10.0,10.440000000000055,11.0,12.0,13.0,14.0,15.0,15.0,16.0,16.360000000000014,17.0,18.0,18.0,19.0,20.0,22.0,23.039999999999964,26.0,30.0,35.27999999999997,47.0,0.0,1000.4588235318661,1000.678431391716,1000.8352941274643,2000.2235294133425,2000.4509803950787,2000.5803921818733,2000.6745098233223,2000.7490196228027,2000.8313725590706,3001.0,152.04208374023438,159.8789093017578,164.87646484375,168.93394470214844,172.55905151367188,176.099365234375,179.99945068359375,185.20388793945312,197.22520446777344,347.5487060546875,231.92773,0.0,test_data/Useful/Validation/Three eight at 1ft/WhatsApp Image 2024-08-23 at 11.02.13 (1).jpeg,3518.0,139.0,30.66673115492249
71,0.0,0.0,0.0,0.0,0.0,0.0,0.0,0.0,0.0,0.0,0.0,0.0,0.0,0.0,0.0,0.0,0.0,0.0,0.0,0.0,0.0,0.0,0.0,0.0,0.0,0.0,0.0,0.0,0.0,0.0,0.0,0.0,0.0,0.0,0.0,0.0,0.0,0.0,0.0,0.0,0.0,0.0,0.0,0.0,0.0,0.0,0.0,0.0,0.0,0.0,0.0,0.0,0.0,0.0,0.0,0.0,0.0,0.0,0.0,0.0,0.0,0.0,0.0,1.0,1.6000000000000227,2.0,3.0,3.0,3.5599999999999454,4.0,5.0,6.0,6.519999999999982,7.0,8.0,8.0,9.0,10.0,10.0,11.0,11.0,12.0,12.0,13.159999999999968,14.0,15.0,15.0,16.0,17.0,18.0,19.0,20.08000000000004,23.0,24.0,25.0,26.039999999999964,29.0,32.51999999999998,39.51999999999998,53.0,0.0,1000.4784313738346,1000.7019608020782,1000.866666674614,2000.2745098173618,2000.4666666686535,2000.5882353186607,2000.678431391716,2000.7490196228027,2000.8313725590706,3001.0,151.66458129882812,159.54971313476562,164.56512451171875,168.63589477539062,172.25900268554688,175.79107666015625,179.6959274291992,184.98067932128907,197.13136291503906,347.5445556640625,232.10068,0.0,test_data/Useful/Validation/Three eight at 1ft/WhatsApp Image 2024-08-23 at 11.02.13 (2).jpeg,3505.0,157.0,30.75544079132995
72,0.0,0.0,0.0,0.0,0.0,0.0,0.0,0.0,0.0,0.0,0.0,0.0,0.0,0.0,0.0,0.0,0.0,0.0,0.0,0.0,0.0,0.0,0.0,0.0,0.0,0.0,0.0,0.0,0.0,0.0,0.0,0.0,0.0,0.0,0.0,0.0,0.0,0.0,0.0,0.0,0.0,0.0,0.0,0.0,0.0,0.0,0.0,0.0,0.0,0.0,0.0,0.0,0.0,0.0,0.0,0.0,0.0,0.0,0.0,0.0,0.0,0.0,0.0,0.0,1.0,1.8400000000000318,2.0,2.32000000000005,3.0,3.7999999999999545,4.039999999999964,5.0,6.0,6.0,7.0,8.0,8.0,9.0,9.0,10.0,11.0,12.0,12.0,13.0,15.0,15.0,16.0,17.0,17.0,18.0,18.0,19.08000000000004,20.0,20.559999999999945,22.0,25.0,28.0,33.0,36.0,56.0,0.0,1000.4745098054409,1000.6941176652908,1000.8627451062202,2000.2784313857555,2000.4705882370472,2000.5921568870544,2000.678431391716,2000.7490196228027,2000.8313725590706,3001.0,151.6930358886719,159.46453247070312,164.55347595214843,168.62576293945312,172.22509765625,175.86206970214843,179.77145385742188,184.95233154296875,197.1029815673828,347.55352783203125,231.66689,0.0,test_data/Useful/Validation/Three eight at 1ft/WhatsApp Image 2024-08-23 at 11.02.13.jpeg,3527.0,150.0,32.123778261917884
73,0.0,0.0,0.0,0.0,0.0,0.0,0.0,0.0,0.0,0.0,0.0,0.0,0.0,0.0,0.0,0.0,0.0,0.0,0.0,0.0,0.0,0.0,0.0,0.0,0.0,0.0,0.0,0.0,0.0,0.0,0.0,0.0,0.0,0.0,0.0,0.0,0.0,0.0,0.0,0.0,0.0,0.0,0.0,0.0,0.0,0.0,0.0,0.0,0.0,0.0,0.0,0.0,0.0,0.0,0.0,0.0,0.0,0.0,0.0,0.0,0.0,0.0,0.0,0.0,1.0,1.0,2.0,3.0,4.0,4.0,5.0,5.0,6.0,6.0,7.0,7.0,8.0,9.0,9.0,10.200000000000045,11.0,12.0,12.919999999999959,14.0,15.0,15.0,15.0,16.0,17.0,18.0,18.0,19.0,21.0,22.0,24.0,24.0,26.0,27.0,33.51999999999998,47.0,0.0,1000.4627451002598,1000.6823529601097,1000.8431372642517,2000.2470588237047,2000.4549019634724,2000.5803921818733,2000.6745098233223,2000.745098054409,2000.8274509906769,3001.0,151.70846557617188,159.4810333251953,164.55789184570312,168.5950469970703,172.18426513671875,175.7098388671875,179.6639404296875,184.9502410888672,197.01387329101564,347.5494079589844,232.26941,0.0,test_data/Useful/Validation/Three eight at 1ft/WhatsApp Image 2024-08-23 at 11.02.14 (1).jpeg,3526.0,146.0,31.48196949452077
74,0.0,0.0,0.0,0.0,0.0,0.0,0.0,0.0,0.0,0.0,0.0,0.0,0.0,0.0,0.0,0.0,0.0,0.0,0.0,0.0,0.0,0.0,0.0,0.0,0.0,0.0,0.0,0.0,0.0,0.0,0.0,0.0,0.0,0.0,0.0,0.0,0.0,0.0,0.0,0.0,0.0,0.0,0.0,0.0,0.0,0.0,0.0,0.0,0.0,0.0,0.0,0.0,0.0,0.0,0.0,0.0,0.0,0.0,0.0,0.0,0.0,1.0,1.0,2.0,3.0,3.0,4.0,5.0,5.0,6.0,6.0,7.0,8.0,8.0,9.0,10.0,10.0,11.0,12.0,12.200000000000045,13.0,14.0,14.0,15.0,16.0,16.0,17.0,17.0,18.0,18.0,19.0,19.08000000000004,20.0,21.559999999999945,22.0,24.0,26.279999999999973,30.519999999999982,33.75999999999999,68.0,0.0,1000.4745098054409,1000.7019608020782,1000.8784313797951,2000.298039227724,2000.4784313738346,2000.5960784554482,2000.6823529601097,2000.7529411911964,2000.8352941274643,3001.0,151.59535217285156,159.3304901123047,164.4352020263672,168.46329040527345,172.1333236694336,175.70850219726563,179.65027313232423,184.97337036132814,197.17703247070312,347.53668212890625,232.25252,0.0,test_data/Useful/Validation/Three eight at 1ft/WhatsApp Image 2024-08-23 at 11.02.14 (2).jpeg,3543.0,166.0,34.413005006914574
75,0.0,0.0,0.0,0.0,0.0,0.0,0.0,0.0,0.0,0.0,0.0,0.0,0.0,0.0,0.0,0.0,0.0,0.0,0.0,0.0,0.0,0.0,0.0,0.0,0.0,0.0,0.0,0.0,0.0,0.0,0.0,0.0,0.0,0.0,0.0,0.0,0.0,0.0,0.0,0.0,0.0,0.0,0.0,0.0,0.0,0.0,0.0,0.0,0.0,0.0,0.0,0.0,0.0,0.0,0.0,0.0,0.0,0.0,0.0,0.0,0.0,0.0,0.0,0.36000000000001364,1.0,2.840000000000032,4.0,4.0,5.0,6.0,7.0,7.0,8.0,8.0,9.0,9.240000000000009,10.0,11.0,12.0,12.0,13.0,14.0,15.0,15.0,16.0,16.0,16.879999999999995,17.0,18.0,18.0,19.0,20.0,21.0,22.0,24.799999999999955,26.039999999999964,31.279999999999973,34.51999999999998,41.0,48.0,0.0,1000.3490196168423,1000.5568627715111,1000.6941176652908,1000.7803921699524,1000.8588235378265,1000.9450980424881,2000.2666666805744,2000.5921568870544,2000.7607843279839,3001.0,153.3704071044922,161.22720336914062,166.25767822265624,170.25088500976562,173.80697631835938,177.3283233642578,181.24600219726562,186.28973388671875,197.7825927734375,347.6268005371094,231.8142,0.0,test_data/Useful/Validation/Three eight at 1ft/WhatsApp Image 2024-08-23 at 11.02.14.jpeg,3757.0,166.0,28.25214159277029
76,0.0,0.0,0.0,0.0,0.0,0.0,0.0,0.0,0.0,0.0,0.0,0.0,0.0,0.0,0.0,0.0,0.0,0.0,0.0,0.0,0.0,0.0,0.0,0.0,0.0,0.0,0.0,0.0,0.0,0.0,0.0,0.0,0.0,0.0,0.0,0.0,0.0,0.0,0.0,0.0,0.0,0.0,0.0,0.0,0.0,0.0,0.0,0.0,0.0,0.0,0.0,0.0,0.0,0.0,0.0,0.0,0.0,0.0,0.0,0.0,0.0,0.0,0.0,0.0,0.0,0.0,2.0,2.0,3.0,3.0,4.0,4.279999999999973,5.0,5.0,6.0,7.0,7.0,8.0,8.0,9.0,9.0,10.0,10.0,12.0,13.0,13.0,14.879999999999995,15.0,15.360000000000014,16.0,17.0,17.0,18.0,18.559999999999945,19.0,20.039999999999964,22.0,24.519999999999982,28.0,42.0,0.0,1000.2980392277241,1000.4941176474094,1000.6196078658104,1000.7372549176216,2000.1294117718935,2000.392156869173,2000.5372549295425,2000.6313725709915,2000.717647075653,3000.9764705896378,151.1498580932617,159.019970703125,164.14699096679686,168.22386169433594,171.84976196289062,175.40635681152344,179.3424835205078,184.401220703125,196.0862579345703,346.8512268066406,231.32088,0.0,test_data/Useful/Validation/Three eight at 1ft/WhatsApp Image 2024-08-23 at 11.02.15 (1).jpeg,3473.0,124.0,36.197458477590516
77,0.0,0.0,0.0,0.0,0.0,0.0,0.0,0.0,0.0,0.0,0.0,0.0,0.0,0.0,0.0,0.0,0.0,0.0,0.0,0.0,0.0,0.0,0.0,0.0,0.0,0.0,0.0,0.0,0.0,0.0,0.0,0.0,0.0,0.0,0.0,0.0,0.0,0.0,0.0,0.0,0.0,0.0,0.0,0.0,0.0,0.0,0.0,0.0,0.0,0.0,0.0,0.0,0.0,0.0,0.0,0.0,0.0,0.0,0.0,0.0,0.0,0.0,0.0,0.0,0.0,0.0,0.0,0.0,1.0,2.0,3.0,3.2799999999999727,4.0,5.0,5.0,6.240000000000009,7.0,7.0,8.0,8.0,8.440000000000055,9.0,10.0,11.0,11.0,12.0,13.0,14.0,15.0,15.0,16.0,18.0,18.0,19.0,19.799999999999955,21.039999999999964,23.0,26.0,29.0,39.0,0.0,1000.3098039329052,1000.5019608139992,1000.6274510025978,1000.7529411911964,2000.188235297799,2000.4156862795353,2000.5490196347237,2000.6352941393852,2000.7215686440468,3001.0,151.34915161132812,159.1612091064453,164.24105834960938,168.26611633300783,171.89422607421875,175.47039794921875,179.4078826904297,184.57305908203125,196.03651428222656,346.84136962890625,231.35587,0.0,test_data/Useful/Validation/Three eight at 1ft/WhatsApp Image 2024-08-23 at 11.02.15 (2).jpeg,3477.0,120.0,33.26350166087137
78,0.0,0.0,0.0,0.0,0.0,0.0,0.0,0.0,0.0,0.0,0.0,0.0,0.0,0.0,0.0,0.0,0.0,0.0,0.0,0.0,0.0,0.0,0.0,0.0,0.0,0.0,0.0,0.0,0.0,0.0,0.0,0.0,0.0,0.0,0.0,0.0,0.0,0.0,0.0,0.0,0.0,0.0,0.0,0.0,0.0,0.0,0.0,0.0,0.0,0.0,0.0,0.0,0.0,0.0,0.0,0.0,0.0,0.0,0.0,0.0,0.0,1.0,1.1200000000000045,2.0,2.6000000000000227,3.0,4.0,4.0,5.0,5.0,6.0,7.0,7.0,7.759999999999991,8.0,9.0,10.0,10.0,11.0,12.0,12.0,13.0,13.0,15.0,15.0,16.0,16.0,17.0,18.0,19.0,20.0,21.0,22.0,23.0,23.799999999999955,27.0,29.0,32.51999999999998,39.0,52.0,0.0,1000.3490196168423,1000.5607843399048,1000.6941176652908,1000.7843137383461,1000.8627451062202,1000.9647058844566,2000.3764705955982,2000.6313725709915,2000.7803921699524,3001.0,154.1877182006836,161.84723815917968,166.7770553588867,170.81606750488282,174.3669204711914,177.91847229003906,181.7386016845703,186.7705261230469,198.37579345703125,347.59722900390625,231.70561,0.0,test_data/Useful/Validation/Three eight at 1ft/WhatsApp Image 2024-08-23 at 11.02.15.jpeg,3736.0,165.0,32.4155671199334
79,0.0,0.0,0.0,0.0,0.0,0.0,0.0,0.0,0.0,0.0,0.0,0.0,0.0,0.0,0.0,0.0,0.0,0.0,0.0,0.0,0.0,0.0,0.0,0.0,0.0,0.0,0.0,0.0,0.0,0.0,0.0,0.0,0.0,0.0,0.0,0.0,0.0,0.0,0.0,0.0,0.0,0.0,0.0,0.0,0.0,0.0,0.0,0.0,0.0,0.0,0.0,0.0,0.0,0.0,0.0,0.0,0.0,0.0,0.0,0.0,0.0,0.0,0.0,0.0,0.0,0.0,0.0,1.0,1.5599999999999454,2.0,3.0,3.0,4.0,5.0,5.0,7.0,7.0,8.0,9.0,9.0,10.0,10.0,11.0,12.0,13.0,13.0,14.0,14.120000000000005,15.0,16.0,17.0,17.0,18.0,19.0,20.0,22.039999999999964,25.0,25.519999999999982,31.559999999999945,56.0,0.0,1000.2980392277241,1000.4823529422283,1000.6078431606293,1000.7137255072594,2000.023529412225,2000.352941185236,2000.517647087574,2000.6196078658104,2000.7137255072594,3001.0,150.44803161621093,158.309814453125,163.43406677246094,167.49908447265625,171.17532348632812,174.75242614746094,178.70541381835938,183.99644470214844,195.93421936035156,346.84637451171875,231.83395,0.0,test_data/Useful/Validation/Three eight at 1ft/WhatsApp Image 2024-08-23 at 11.02.16 (1).jpeg,3534.0,127.0,25.236345482025683
80,0.0,0.0,0.0,0.0,0.0,0.0,0.0,0.0,0.0,0.0,0.0,0.0,0.0,0.0,0.0,0.0,0.0,0.0,0.0,0.0,0.0,0.0,0.0,0.0,0.0,0.0,0.0,0.0,0.0,0.0,0.0,0.0,0.0,0.0,0.0,0.0,0.0,0.0,0.0,0.0,0.0,0.0,0.0,0.0,0.0,0.0,0.0,0.0,0.0,0.0,0.0,0.0,0.0,0.0,0.0,0.0,0.0,0.0,0.0,0.0,0.0,0.0,0.0,0.0,0.0,0.0,0.0,0.0,0.0,0.0,0.0,0.0,1.0,1.759999999999991,2.0,3.0,4.0,5.0,6.0,7.0,7.440000000000055,9.0,9.0,10.0,11.0,12.0,13.0,13.0,14.0,15.0,16.0,16.0,17.0,19.0,20.799999999999955,23.0,24.0,28.519999999999982,33.0,58.0,0.0,1000.2117647081614,1000.3960784375668,1000.5333333611488,1000.6352941393852,1000.7294117808342,1000.9529411792755,2000.4235294163227,2000.6078431606293,2000.717647075653,3001.0,152.08575439453125,159.82618713378906,164.99395751953125,168.97735595703125,172.65445709228516,176.20147705078125,180.0821090698242,185.26344299316406,196.64002990722656,346.74658203125,230.79202,0.0,test_data/Useful/Validation/Three eight at 1ft/WhatsApp Image 2024-08-23 at 11.02.44 (1).jpeg,3627.0,112.0,33.69265649898431
81,0.0,0.0,0.0,0.0,0.0,0.0,0.0,0.0,0.0,0.0,0.0,0.0,0.0,0.0,0.0,0.0,0.0,0.0,0.0,0.0,0.0,0.0,0.0,0.0,0.0,0.0,0.0,0.0,0.0,0.0,0.0,0.0,0.0,0.0,0.0,0.0,0.0,0.0,0.0,0.0,0.0,0.0,0.0,0.0,0.0,0.0,0.0,0.0,0.0,0.0,0.0,0.0,0.0,0.0,0.0,0.0,0.0,0.0,0.0,0.0,0.0,0.0,0.0,0.0,0.0,0.0,0.0,0.0,0.5599999999999454,1.0,3.0,4.0,4.0,5.759999999999991,6.0,7.0,7.0,8.0,8.0,9.0,10.0,10.0,11.0,11.0,12.0,13.0,14.0,15.0,16.0,16.0,16.0,17.0,18.0,20.0,21.0,23.0,25.279999999999973,27.0,34.27999999999997,51.0,0.0,1000.2000000029802,1000.3725490272045,1000.5058823823929,1000.6078431606293,1000.6941176652908,1000.811764717102,2000.3333333432674,2000.584313750267,2000.705882370472,3000.988235294819,151.46636962890625,159.29584655761718,164.3524932861328,168.44454956054688,172.14048767089844,175.74342346191406,179.6880142211914,184.87283325195312,196.53053283691406,346.7262268066406,231.41925,0.0,test_data/Useful/Validation/Three eight at 1ft/WhatsApp Image 2024-08-23 at 11.02.44.jpeg,3658.0,131.0,22.879639864129672
82,0.0,0.0,0.0,0.0,0.0,0.0,0.0,0.0,0.0,0.0,0.0,0.0,0.0,0.0,0.0,0.0,0.0,0.0,0.0,0.0,0.0,0.0,0.0,0.0,0.0,0.0,0.0,0.0,0.0,0.0,0.0,0.0,0.0,0.0,0.0,0.0,0.0,0.0,0.0,0.0,0.0,0.0,0.0,0.0,0.0,0.0,0.0,0.0,0.0,0.0,0.0,0.0,0.0,0.0,0.0,0.0,0.0,0.0,0.0,0.0,0.0,0.0,0.0,0.0,0.0,0.0,0.0,0.0,0.0,0.0,1.0,2.0,3.0,3.0,4.0,4.0,5.0,5.0,6.0,7.0,7.0,8.0,9.0,10.0,11.0,11.639999999999986,13.0,14.0,14.360000000000014,15.0,16.0,17.0,18.0,19.0,21.0,23.0,26.0,29.0,34.51999999999998,61.0,0.0,1000.2078431397676,1000.3882353007793,1000.5254902243614,1000.6274510025978,1000.7215686440468,1000.8980392217636,2000.4000000059605,2000.5960784554482,2000.705882370472,3001.0,151.83834838867188,159.59519958496094,164.6593475341797,168.7196044921875,172.33203125,175.9503173828125,179.9146270751953,185.15191650390625,196.7155303955078,346.70947265625,231.43233,0.0,test_data/Useful/Validation/Three eight at 1ft/WhatsApp Image 2024-08-23 at 11.02.45 (1).jpeg,3629.0,116.0,29.906667089639548
83,0.0,0.0,0.0,0.0,0.0,0.0,0.0,0.0,0.0,0.0,0.0,0.0,0.0,0.0,0.0,0.0,0.0,0.0,0.0,0.0,0.0,0.0,0.0,0.0,0.0,0.0,0.0,0.0,0.0,0.0,0.0,0.0,0.0,0.0,0.0,0.0,0.0,0.0,0.0,0.0,0.0,0.0,0.0,0.0,0.0,0.0,0.0,0.0,0.0,0.0,0.0,0.0,0.0,0.0,0.0,0.0,0.0,0.0,0.0,0.0,0.0,0.0,0.0,0.0,0.0,0.0,0.0,0.0,0.0,0.0,1.0,1.0,2.0,3.0,3.0,4.0,5.0,6.0,6.0,7.0,7.0,8.0,8.0,9.159999999999968,12.0,13.0,14.0,14.120000000000005,15.0,15.600000000000023,16.0,17.0,18.0,19.0,19.799999999999955,21.0,22.279999999999973,26.0,29.519999999999982,46.0,0.0,1000.1960784345865,1000.3686274588108,1000.5019608139992,1000.6039215922356,1000.6901960968971,1000.7921568751335,2000.2666666805744,2000.572549045086,2000.705882370472,3001.0,152.02583770751954,159.86183166503906,164.8810577392578,168.9154052734375,172.5400390625,176.14639282226562,179.98959350585938,185.2144775390625,196.67050170898438,346.7544860839844,231.28574,0.0,test_data/Useful/Validation/Three eight at 1ft/WhatsApp Image 2024-08-23 at 11.02.45 (2).jpeg,3642.0,114.0,20.0
84,0.0,0.0,0.0,0.0,0.0,0.0,0.0,0.0,0.0,0.0,0.0,0.0,0.0,0.0,0.0,0.0,0.0,0.0,0.0,0.0,0.0,0.0,0.0,0.0,0.0,0.0,0.0,0.0,0.0,0.0,0.0,0.0,0.0,0.0,0.0,0.0,0.0,0.0,0.0,0.0,0.0,0.0,0.0,0.0,0.0,0.0,0.0,0.0,0.0,0.0,0.0,0.0,0.0,0.0,0.0,0.0,0.0,0.0,0.0,0.0,0.0,0.0,0.0,0.0,0.0,0.0,0.0,0.0,1.0,1.7999999999999545,2.0,3.0,3.519999999999982,4.0,5.0,6.0,6.0,7.720000000000027,8.0,10.0,11.0,11.0,12.0,13.0,14.0,14.639999999999986,15.0,15.120000000000005,16.0,17.0,17.0,18.0,19.0,20.0,21.0,24.039999999999964,27.0,30.0,31.75999999999999,46.0,0.0,1000.2117647081614,1000.3960784375668,1000.5333333611488,1000.6352941393852,1000.7333333492279,1000.9254902005196,2000.4235294163227,2000.611764729023,2000.7215686440468,3001.0,152.03900604248048,159.69290161132812,164.80748596191407,168.85397338867188,172.55038452148438,176.15017700195312,180.07876586914062,185.29263305664062,196.872802734375,346.767333984375,231.17957,0.0,test_data/Useful/Validation/Three eight at 1ft/WhatsApp Image 2024-08-23 at 11.02.45 (3).jpeg,3671.0,135.0,29.402850925080607
85,0.0,0.0,0.0,0.0,0.0,0.0,0.0,0.0,0.0,0.0,0.0,0.0,0.0,0.0,0.0,0.0,0.0,0.0,0.0,0.0,0.0,0.0,0.0,0.0,0.0,0.0,0.0,0.0,0.0,0.0,0.0,0.0,0.0,0.0,0.0,0.0,0.0,0.0,0.0,0.0,0.0,0.0,0.0,0.0,0.0,0.0,0.0,0.0,0.0,0.0,0.0,0.0,0.0,0.0,0.0,0.0,0.0,0.0,0.0,0.0,0.0,0.0,0.0,0.0,0.0,0.0,0.0,0.0,0.0,0.0,0.0,0.0,1.0,2.0,4.0,5.0,6.0,6.0,7.0,7.0,8.0,9.0,9.0,10.0,10.399999999999977,11.0,12.0,13.120000000000005,14.0,15.0,16.0,16.0,17.0,18.0,18.0,19.0,20.279999999999973,24.0,28.75999999999999,43.0,0.0,1000.2000000029802,1000.3764705955982,1000.5098039507866,1000.611764729023,1000.6901960968971,1000.7882353067398,2000.243137255311,2000.5686274766922,2000.705882370472,3000.9960784316063,151.60789489746094,159.56637573242188,164.6370849609375,168.69082641601562,172.35497283935547,175.9851318359375,179.9435272216797,185.09909057617188,196.7086639404297,346.79107666015625,231.249,0.0,test_data/Useful/Validation/Three eight at 1ft/WhatsApp Image 2024-08-23 at 11.02.45.jpeg,3690.0,109.0,31.05129222669809
86,0.0,0.0,0.0,0.0,0.0,0.0,0.0,0.0,0.0,0.0,0.0,0.0,0.0,0.0,0.0,0.0,0.0,0.0,0.0,0.0,0.0,0.0,0.0,0.0,0.0,0.0,0.0,0.0,0.0,0.0,0.0,0.0,0.0,0.0,0.0,0.0,0.0,0.0,0.0,0.0,0.0,0.0,0.0,0.0,0.0,0.0,0.0,0.0,0.0,0.0,0.0,0.0,0.0,0.0,0.0,0.0,0.0,0.0,0.0,0.0,0.0,0.0,0.0,0.0,0.0,0.0,0.0,0.0,0.0,0.0,1.0,1.2799999999999727,2.0,2.0,3.0,4.0,4.0,5.0,5.960000000000036,7.0,7.0,8.0,9.919999999999959,11.0,12.0,13.0,14.0,15.0,15.0,16.0,16.840000000000032,17.0,18.32000000000005,20.0,21.0,23.0,24.279999999999973,27.0,31.75999999999999,48.0,0.0,1000.1960784345865,1000.3686274588108,1000.5019608139992,1000.6000000238419,1000.6823529601097,1000.7803921699524,2000.2078431397676,2000.5529412031174,2000.6980392336845,3001.0,151.61439514160156,159.45010375976562,164.5654296875,168.68487548828125,172.2912368774414,175.91014099121094,179.88666381835935,185.04326782226565,196.6795654296875,346.74749755859375,230.92532,0.0,test_data/Useful/Validation/Three eight at 1ft/WhatsApp Image 2024-08-23 at 11.02.46 (1).jpeg,3690.0,119.0,29.842347645632987
87,0.0,0.0,0.0,0.0,0.0,0.0,0.0,0.0,0.0,0.0,0.0,0.0,0.0,0.0,0.0,0.0,0.0,0.0,0.0,0.0,0.0,0.0,0.0,0.0,0.0,0.0,0.0,0.0,0.0,0.0,0.0,0.0,0.0,0.0,0.0,0.0,0.0,0.0,0.0,0.0,0.0,0.0,0.0,0.0,0.0,0.0,0.0,0.0,0.0,0.0,0.0,0.0,0.0,0.0,0.0,0.0,0.0,0.0,0.0,0.0,0.0,0.0,0.0,0.0,0.0,0.0,0.0,0.0,0.0,1.0,2.0,3.0,3.0,4.0,5.0,6.0,6.0,8.0,8.0,10.0,10.0,10.67999999999995,11.0,12.0,12.0,13.0,14.879999999999995,15.0,16.0,16.600000000000023,17.0,18.0,19.0,19.559999999999945,20.0,22.0,24.0,29.0,32.75999999999999,48.0,0.0,1000.2078431397676,1000.3803921639919,1000.5137255191803,1000.611764729023,1000.6941176652908,1000.8039215803146,2000.3176470696926,2000.5764706134796,2000.6980392336845,3000.9960784316063,151.09368896484375,158.89148864746093,163.9532897949219,168.0391052246094,171.71581268310547,175.38550720214843,179.39931945800782,184.68153381347656,196.60787963867188,346.7476806640625,231.59457,0.0,test_data/Useful/Validation/Three eight at 1ft/WhatsApp Image 2024-08-23 at 11.02.46.jpeg,3690.0,126.0,28.097156750248093
88,0.0,0.0,0.0,0.0,0.0,0.0,0.0,0.0,0.0,0.0,0.0,0.0,0.0,0.0,0.0,0.0,0.0,0.0,0.0,0.0,0.0,0.0,0.0,0.0,0.0,0.0,0.0,0.0,0.0,0.0,0.0,0.0,0.0,0.0,0.0,0.0,0.0,0.0,0.0,0.0,0.0,0.0,0.0,0.0,0.0,0.0,0.0,0.0,0.0,0.0,0.0,0.0,0.0,0.0,0.0,0.0,0.0,0.0,0.0,0.0,0.0,0.0,0.0,0.0,0.0,0.0,0.0,0.0,0.0,0.0,0.03999999999996362,1.0,2.0,3.0,3.0,5.0,6.0,6.0,7.0,8.0,9.0,9.0,10.0,11.0,11.0,12.0,13.0,14.0,14.0,15.0,15.0,16.0,17.32000000000005,18.0,19.0,22.0,23.279999999999973,26.519999999999982,30.0,38.0,0.0,1000.2156862765551,1000.3960784375668,1000.5333333611488,1000.6352941393852,1000.7333333492279,1000.9647058844566,2000.4313725531101,2000.6078431606293,2000.717647075653,3000.988235294819,152.26319885253906,160.06243896484375,165.03283233642577,169.08236083984374,172.7131118774414,176.28948974609375,180.22015838623048,185.27215270996095,196.84584045410156,346.7698669433594,230.89963,0.0,test_data/Useful/Validation/Three eight at 1ft/WhatsApp Image 2024-08-23 at 11.02.47 (1).jpeg,3673.0,116.0,28.911206682846398
89,0.0,0.0,0.0,0.0,0.0,0.0,0.0,0.0,0.0,0.0,0.0,0.0,0.0,0.0,0.0,0.0,0.0,0.0,0.0,0.0,0.0,0.0,0.0,0.0,0.0,0.0,0.0,0.0,0.0,0.0,0.0,0.0,0.0,0.0,0.0,0.0,0.0,0.0,0.0,0.0,0.0,0.0,0.0,0.0,0.0,0.0,0.0,0.0,0.0,0.0,0.0,0.0,0.0,0.0,0.0,0.0,0.0,0.0,0.0,0.0,0.0,0.0,0.0,0.0,0.0,0.0,0.0,0.0,0.5599999999999454,1.0,3.0,3.0,4.0,4.0,5.0,5.0,6.0,6.0,8.0,9.0,10.0,10.0,11.0,12.0,12.399999999999977,14.0,15.0,16.0,16.0,17.0,17.0,18.0,19.0,20.0,21.799999999999955,23.0,24.279999999999973,29.0,33.75999999999999,46.0,0.0,1000.1960784345865,1000.3686274588108,1000.5019608139992,1000.6000000238419,1000.6823529601097,1000.7803921699524,2000.2235294133425,2000.5490196347237,2000.6941176652908,3000.9960784316063,152.04434204101562,159.90118103027345,164.93464202880858,168.87072143554687,172.49530029296875,176.07813415527343,180.04678192138672,185.23745727539062,196.7008056640625,346.72900390625,231.26161,0.0,test_data/Useful/Validation/Three eight at 1ft/WhatsApp Image 2024-08-23 at 11.02.47 (2).jpeg,3671.0,127.0,22.287240717210974
90,0.0,0.0,0.0,0.0,0.0,0.0,0.0,0.0,0.0,0.0,0.0,0.0,0.0,0.0,0.0,0.0,0.0,0.0,0.0,0.0,0.0,0.0,0.0,0.0,0.0,0.0,0.0,0.0,0.0,0.0,0.0,0.0,0.0,0.0,0.0,0.0,0.0,0.0,0.0,0.0,0.0,0.0,0.0,0.0,0.0,0.0,0.0,0.0,0.0,0.0,0.0,0.0,0.0,0.0,0.0,0.0,0.0,0.0,0.0,0.0,0.0,0.0,0.0,0.0,0.0,0.0,0.0,0.0,0.0,1.0,1.0,2.0,2.0,3.0,3.0,4.0,5.0,6.0,6.960000000000036,7.0,8.440000000000055,10.0,11.0,11.0,13.0,14.0,15.0,15.0,15.0,16.0,17.840000000000032,18.0,19.0,20.0,22.0,25.0,27.0,30.0,35.799999999999955,48.0,0.0,1000.2196078449488,1000.4000000059605,1000.5333333611488,1000.6352941393852,1000.7333333492279,2000.06274510175,2000.4352941215038,2000.6039215922356,2000.705882370472,3001.0,151.17929229736328,158.9608612060547,164.12838745117188,168.24388122558594,171.89187622070312,175.5600128173828,179.54930114746094,184.779296875,196.58798217773438,346.695556640625,231.45773,0.0,test_data/Useful/Validation/Three eight at 1ft/WhatsApp Image 2024-08-23 at 11.02.47.jpeg,3641.0,128.0,30.412544219269826
91,0.0,0.0,0.0,0.0,0.0,0.0,0.0,0.0,0.0,0.0,0.0,0.0,0.0,0.0,0.0,0.0,0.0,0.0,0.0,0.0,0.0,0.0,0.0,0.0,0.0,0.0,0.0,0.0,0.0,0.0,0.0,0.0,0.0,0.0,0.0,0.0,0.0,0.0,0.0,0.0,0.0,0.0,0.0,0.0,0.0,0.0,0.0,0.0,0.0,0.0,0.0,0.0,0.0,0.0,0.0,0.0,0.0,0.0,0.0,0.0,0.0,0.0,0.0,1.0,1.0,2.0,2.0,3.0,3.0,4.0,5.0,5.0,6.0,7.0,8.0,9.0,9.0,10.0,10.0,11.0,12.0,12.67999999999995,13.0,14.0,15.0,15.0,16.0,16.120000000000005,17.0,18.0,18.0,19.0,21.0,22.0,23.0,25.039999999999964,28.0,30.0,35.0,47.0,0.0,1000.2823529541492,1000.4666666686535,1000.5921568870544,1000.6862745285034,1000.8313725590706,2000.2509804069996,2000.4705882370472,2000.611764729023,2000.705882370472,3000.9960784316063,150.2883758544922,158.19924621582032,163.3975631713867,167.44422912597656,171.2446746826172,174.99789428710938,179.13133239746094,184.44610595703125,196.8372344970703,346.6902160644531,232.15662,0.0,test_data/Useful/Validation/Three eight at 1ft/WhatsApp Image 2024-08-23 at 11.02.48 (1).jpeg,3627.0,148.0,27.842111437719012
92,0.0,0.0,0.0,0.0,0.0,0.0,0.0,0.0,0.0,0.0,0.0,0.0,0.0,0.0,0.0,0.0,0.0,0.0,0.0,0.0,0.0,0.0,0.0,0.0,0.0,0.0,0.0,0.0,0.0,0.0,0.0,0.0,0.0,0.0,0.0,0.0,0.0,0.0,0.0,0.0,0.0,0.0,0.0,0.0,0.0,0.0,0.0,0.0,0.0,0.0,0.0,0.0,0.0,0.0,0.0,0.0,0.0,0.0,0.0,0.0,0.0,0.0,0.0,1.0,1.0,2.0,2.080000000000041,3.0,4.0,4.0,5.0,6.0,7.0,8.0,9.0,9.0,10.0,10.0,11.0,12.0,12.0,13.0,13.0,14.0,14.0,15.0,15.0,16.0,16.0,17.0,18.0,19.0,20.0,21.0,22.0,26.0,28.279999999999973,31.519999999999982,37.75999999999999,45.0,0.0,1000.2470588237047,1000.4235294163227,1000.54509806633,1000.6313725709915,1000.7137255072594,1000.8588235378265,2000.32549020648,2000.5607843399048,2000.6901960968971,3000.9921568632126,149.6834487915039,157.6513916015625,162.84242248535156,166.9940155029297,170.88775634765625,174.6531219482422,178.7765670776367,184.19977416992188,196.841064453125,346.723876953125,232.41066,0.0,test_data/Useful/Validation/Three eight at 1ft/WhatsApp Image 2024-08-23 at 11.02.48 (2).jpeg,3631.0,151.0,32.1855686562683
93,0.0,0.0,0.0,0.0,0.0,0.0,0.0,0.0,0.0,0.0,0.0,0.0,0.0,0.0,0.0,0.0,0.0,0.0,0.0,0.0,0.0,0.0,0.0,0.0,0.0,0.0,0.0,0.0,0.0,0.0,0.0,0.0,0.0,0.0,0.0,0.0,0.0,0.0,0.0,0.0,0.0,0.0,0.0,0.0,0.0,0.0,0.0,0.0,0.0,0.0,0.0,0.0,0.0,0.0,0.0,0.0,0.0,0.0,0.0,0.0,0.0,0.0,0.0,0.0,0.0,0.0,0.0,0.0,1.0,1.0,2.0,2.2799999999999727,3.0,3.759999999999991,5.0,5.0,6.0,6.720000000000027,7.0,8.0,8.0,9.0,10.0,12.0,13.0,13.0,14.0,15.0,16.0,16.600000000000023,17.0,18.0,19.0,20.0,21.0,23.039999999999964,26.0,28.0,32.0,48.0,0.0,1000.2039215713739,1000.3843137323856,1000.5215686559677,1000.6235294342041,1000.7176470756531,1000.8901960849762,2000.392156869173,2000.5960784554482,2000.7098039388657,3001.0,151.73992919921875,159.67111511230468,164.6834487915039,168.697412109375,172.3291778564453,175.91753845214842,179.84473114013673,184.98353881835936,196.52828979492188,346.7103576660156,231.28833,0.0,test_data/Useful/Validation/Three eight at 1ft/WhatsApp Image 2024-08-23 at 11.02.48.jpeg,3639.0,127.0,34.86523645573482
94,0.0,0.0,0.0,0.0,0.0,0.0,0.0,0.0,0.0,0.0,0.0,0.0,0.0,0.0,0.0,0.0,0.0,0.0,0.0,0.0,0.0,0.0,0.0,0.0,0.0,0.0,0.0,0.0,0.0,0.0,0.0,0.0,0.0,0.0,0.0,0.0,0.0,0.0,0.0,0.0,0.0,0.0,0.0,0.0,0.0,0.0,0.0,0.0,0.0,0.0,0.0,0.0,0.0,0.0,0.0,0.0,0.0,0.0,0.0,0.0,0.0,0.0,1.0,1.0,1.6000000000000227,2.0,2.080000000000041,3.0,4.0,5.0,6.0,7.0,7.0,8.0,8.0,9.0,10.0,11.0,11.0,12.0,13.0,13.67999999999995,14.0,15.0,16.0,16.0,16.0,17.0,18.0,18.0,19.0,20.0,21.0,21.0,22.0,25.039999999999964,28.0,29.0,34.0,44.0,0.0,1000.258823543787,1000.4313725531101,1000.5568627715111,1000.6431372761726,1000.7333333492279,2000.0078431377187,2000.3764705955982,2000.5764706134796,2000.6941176652908,3001.0,149.88333129882812,157.68914794921875,162.83209228515625,167.0380401611328,170.78466796875,174.4957733154297,178.6435089111328,184.1331329345703,196.83892822265625,346.729248046875,232.4158,0.0,test_data/Useful/Validation/Three eight at 1ft/WhatsApp Image 2024-08-23 at 11.02.49 (1).jpeg,3658.0,157.0,34.56498674931409
95,0.0,0.0,0.0,0.0,0.0,0.0,0.0,0.0,0.0,0.0,0.0,0.0,0.0,0.0,0.0,0.0,0.0,0.0,0.0,0.0,0.0,0.0,0.0,0.0,0.0,0.0,0.0,0.0,0.0,0.0,0.0,0.0,0.0,0.0,0.0,0.0,0.0,0.0,0.0,0.0,0.0,0.0,0.0,0.0,0.0,0.0,0.0,0.0,0.0,0.0,0.0,0.0,0.0,0.0,0.0,0.0,0.0,0.0,0.0,0.0,0.0,0.0,0.0,1.0,1.0,2.840000000000032,3.080000000000041,4.0,5.0,5.0,5.039999999999964,6.0,6.0,7.0,8.0,9.0,10.0,10.0,11.0,11.0,12.0,13.0,13.919999999999959,14.0,15.0,15.0,15.879999999999995,16.0,16.360000000000014,17.0,17.0,18.0,18.0,19.0,20.0,22.0,24.0,27.0,31.519999999999982,43.0,0.0,1000.2705882489681,1000.4549019634724,1000.5803921818733,1000.678431391716,1000.8039215803146,2000.2235294133425,2000.458823531866,2000.6078431606293,2000.705882370472,3000.9960784316063,150.2901153564453,158.22975158691406,163.3509979248047,167.51806640625,171.3086700439453,174.99542236328125,179.0267791748047,184.434326171875,196.76988220214844,346.7016906738281,231.584,0.0,test_data/Useful/Validation/Three eight at 1ft/WhatsApp Image 2024-08-23 at 11.02.49 (2).jpeg,3623.0,145.0,26.079679711003383
96,0.0,0.0,0.0,0.0,0.0,0.0,0.0,0.0,0.0,0.0,0.0,0.0,0.0,0.0,0.0,0.0,0.0,0.0,0.0,0.0,0.0,0.0,0.0,0.0,0.0,0.0,0.0,0.0,0.0,0.0,0.0,0.0,0.0,0.0,0.0,0.0,0.0,0.0,0.0,0.0,0.0,0.0,0.0,0.0,0.0,0.0,0.0,0.0,0.0,0.0,0.0,0.0,0.0,0.0,0.0,0.0,0.0,0.0,0.0,0.0,0.0,0.0,0.12000000000000455,1.3600000000000136,2.6000000000000227,3.0,3.0,4.0,5.0,5.0,5.0,6.0,6.519999999999982,7.0,9.0,9.0,10.0,10.0,11.0,11.200000000000045,12.0,13.0,13.0,14.0,14.0,15.0,16.0,16.0,17.0,18.0,19.0,20.08000000000004,21.32000000000005,22.559999999999945,25.0,27.0,30.0,31.519999999999982,35.0,64.0,0.0,1000.2627451121807,1000.4392156898975,1000.5647059082985,1000.6549019813538,1000.7490196228027,2000.0901960805058,2000.4039215743542,2000.5882353186607,2000.6980392336845,3000.9921568632126,149.92637634277344,157.75843811035156,162.90985107421875,167.05681762695312,170.80859375,174.58295288085938,178.7014923095703,184.19080200195313,196.94190979003906,346.71612548828125,232.65907,0.0,test_data/Useful/Validation/Three eight at 1ft/WhatsApp Image 2024-08-23 at 11.02.49.jpeg,3646.0,159.0,27.330695093193267
97,0.0,0.0,0.0,0.0,0.0,0.0,0.0,0.0,0.0,0.0,0.0,0.0,0.0,0.0,0.0,0.0,0.0,0.0,0.0,0.0,0.0,0.0,0.0,0.0,0.0,0.0,0.0,0.0,0.0,0.0,0.0,0.0,0.0,0.0,0.0,0.0,0.0,0.0,0.0,0.0,0.0,0.0,0.0,0.0,0.0,0.0,0.0,0.0,0.0,0.0,0.0,0.0,0.0,0.0,0.0,0.0,0.0,0.0,0.0,0.0,0.0,0.0,1.0,2.0,2.0,3.0,3.0,4.0,4.0,5.0,5.039999999999964,6.0,7.0,7.0,8.0,8.0,9.0,9.0,10.0,11.0,12.0,12.0,12.919999999999959,14.0,15.0,15.0,16.0,16.0,17.0,18.0,19.0,19.08000000000004,20.32000000000005,22.0,23.0,25.0,27.0,31.0,33.0,45.0,0.0,1000.2705882489681,1000.4549019634724,1000.5803921818733,1000.6705882549286,1000.7803921699524,2000.1725490242243,2000.4392156898975,2000.6039215922356,2000.7098039388657,3001.0,150.29800415039062,158.09898681640624,163.21357421875,167.3707244873047,171.13644409179688,174.83307800292968,178.97779235839843,184.3664794921875,196.76571655273438,346.7571716308594,232.09909,0.0,test_data/Useful/Validation/Three eight at 1ft/WhatsApp Image 2024-08-23 at 11.02.50 (1).jpeg,3570.0,148.0,30.01580322287114
98,0.0,0.0,0.0,0.0,0.0,0.0,0.0,0.0,0.0,0.0,0.0,0.0,0.0,0.0,0.0,0.0,0.0,0.0,0.0,0.0,0.0,0.0,0.0,0.0,0.0,0.0,0.0,0.0,0.0,0.0,0.0,0.0,0.0,0.0,0.0,0.0,0.0,0.0,0.0,0.0,0.0,0.0,0.0,0.0,0.0,0.0,0.0,0.0,0.0,0.0,0.0,0.0,0.0,0.0,0.0,0.0,0.0,0.0,0.0,0.0,0.0,0.0,0.0,0.0,0.0,1.0,2.0,2.0,3.0,4.0,4.0,5.0,6.0,6.0,7.0,7.0,8.0,9.0,9.0,10.0,11.0,12.0,12.0,13.0,14.0,15.0,15.0,15.0,16.0,17.0,18.0,19.0,20.0,21.0,22.0,24.0,25.279999999999973,29.519999999999982,34.51999999999998,60.0,0.0,1000.2000000029802,1000.3764705955982,1000.5137255191803,1000.6156862974167,1000.705882370472,1000.8431372642517,2000.3725490272045,2000.6000000238419,2000.7137255072594,3001.0,151.47915496826172,159.28958129882812,164.34080505371094,168.40011596679688,172.07342529296875,175.6515655517578,179.60720672607422,184.790185546875,196.5721633911133,346.7607116699219,232.07512,0.0,test_data/Useful/Validation/Three eight at 1ft/WhatsApp Image 2024-08-23 at 11.02.50 (2).jpeg,3619.0,142.0,32.59927461050529
99,0.0,0.0,0.0,0.0,0.0,0.0,0.0,0.0,0.0,0.0,0.0,0.0,0.0,0.0,0.0,0.0,0.0,0.0,0.0,0.0,0.0,0.0,0.0,0.0,0.0,0.0,0.0,0.0,0.0,0.0,0.0,0.0,0.0,0.0,0.0,0.0,0.0,0.0,0.0,0.0,0.0,0.0,0.0,0.0,0.0,0.0,0.0,0.0,0.0,0.0,0.0,0.0,0.0,0.0,0.0,0.0,0.0,0.0,0.0,0.0,0.0,0.0,0.0,1.0,1.0,2.0,3.0,3.0,3.0,4.0,4.039999999999964,5.0,5.519999999999982,6.0,7.0,8.0,9.0,9.720000000000027,10.0,11.0,12.0,13.0,14.0,15.0,15.0,16.0,17.0,18.0,18.360000000000014,19.0,20.0,21.0,22.0,24.0,25.0,27.0,29.279999999999973,33.51999999999998,38.51999999999998,59.0,0.0,1000.2901960909367,1000.4784313738346,1000.6039215922356,1000.6980392336845,1000.8705882430077,2000.2784313857555,2000.4901960790157,2000.6274510025978,2000.717647075653,3001.0,149.41858520507813,157.35887756347657,162.51249084472656,166.7373809814453,170.46571350097656,174.2846466064453,178.4682586669922,183.91396484375002,196.6513214111328,346.7623596191406,231.8834,0.0,test_data/Useful/Validation/Three eight at 1ft/WhatsApp Image 2024-08-23 at 11.02.50.jpeg,3573.0,153.0,28.39339325902142
100,0.0,0.0,0.0,0.0,0.0,0.0,0.0,0.0,0.0,0.0,0.0,0.0,0.0,0.0,0.0,0.0,0.0,0.0,0.0,0.0,0.0,0.0,0.0,0.0,0.0,0.0,0.0,0.0,0.0,0.0,0.0,0.0,0.0,0.0,0.0,0.0,0.0,0.0,0.0,0.0,0.0,0.0,0.0,0.0,0.0,0.0,0.0,0.0,0.0,0.0,0.0,0.0,0.0,0.0,0.0,0.0,0.0,0.0,0.0,0.0,0.0,0.0,0.0,0.0,0.0,0.0,0.0,0.0,0.0,0.0,0.0,0.0,0.0,1.0,2.0,4.0,4.0,4.0,5.0,7.0,8.0,8.0,9.0,10.0,10.0,11.639999999999986,13.0,14.120000000000005,15.0,15.600000000000023,17.0,17.08000000000004,19.0,20.0,21.0,22.0,23.279999999999973,26.519999999999982,30.0,65.0,0.0,1000.2000000029802,1000.3764705955982,1000.5137255191803,1000.6156862974167,1000.7098039388657,1000.866666674614,2000.3843137323856,2000.5921568870544,2000.7098039388657,3000.988235294819,152.06340484619142,159.80194091796875,164.93915100097655,168.98503723144532,172.5978012084961,176.11839294433594,180.10740661621094,185.18385314941406,196.50413513183594,346.6927795410156,231.0707,0.0,test_data/Useful/Validation/Three eight at 1ft/WhatsApp Image 2024-08-23 at 11.03.02 (2).jpeg,3640.0,115.0,29.225553246883443
101,0.0,0.0,0.0,0.0,0.0,0.0,0.0,0.0,0.0,0.0,0.0,0.0,0.0,0.0,0.0,0.0,0.0,0.0,0.0,0.0,0.0,0.0,0.0,0.0,0.0,0.0,0.0,0.0,0.0,0.0,0.0,0.0,0.0,0.0,0.0,0.0,0.0,0.0,0.0,0.0,0.0,0.0,0.0,0.0,0.0,0.0,0.0,0.0,0.0,0.0,0.0,0.0,0.0,0.0,0.0,0.0,0.0,0.0,0.0,0.0,0.0,0.0,0.0,0.0,0.0,0.0,0.0,0.0,0.0,0.0,0.0,0.2799999999999727,1.0,2.0,2.0,3.0,4.0,5.0,6.0,7.0,8.0,9.0,9.0,11.0,11.0,13.0,13.0,14.0,15.0,16.0,16.840000000000032,17.0,18.32000000000005,19.0,20.0,21.039999999999964,23.0,25.0,31.279999999999973,50.0,0.0,1000.2000000029802,1000.3764705955982,1000.5137255191803,1000.6156862974167,1000.7098039388657,1000.8862745165825,2000.3882353007793,2000.5960784554482,2000.7137255072594,3001.0,152.11463775634766,159.9452392578125,164.9447509765625,168.90471801757812,172.5665283203125,176.06494140625,179.95216369628906,185.12225341796875,196.6497802734375,346.6969299316406,231.6224,0.0,test_data/Useful/Validation/Three eight at 1ft/WhatsApp Image 2024-08-23 at 11.03.02.jpeg,3614.0,115.0,30.141468474068592
102,0.0,0.0,0.0,0.0,0.0,0.0,0.0,0.0,0.0,0.0,0.0,0.0,0.0,0.0,0.0,0.0,0.0,0.0,0.0,0.0,0.0,0.0,0.0,0.0,0.0,0.0,0.0,0.0,0.0,0.0,0.0,0.0,0.0,0.0,0.0,0.0,0.0,0.0,0.0,0.0,0.0,0.0,0.0,0.0,0.0,0.0,0.0,0.0,0.0,0.0,0.0,0.0,0.0,0.0,0.0,0.0,0.0,0.0,0.0,0.0,0.0,0.0,0.0,0.0,0.0,0.0,0.0,0.0,0.0,0.0,0.0,0.0,1.0,2.0,3.0,4.0,5.0,5.0,6.0,6.0,7.0,8.0,8.0,10.0,10.0,11.639999999999986,12.0,13.120000000000005,15.0,15.0,16.0,17.08000000000004,18.32000000000005,19.0,21.0,23.039999999999964,25.0,28.0,36.27999999999997,60.0,0.0,1000.2039215713739,1000.3803921639919,1000.517647087574,1000.6156862974167,1000.7098039388657,1000.8549019694328,2000.3686274588108,2000.5882353186607,2000.705882370472,3001.0,152.00108337402344,159.820458984375,164.83040313720704,168.89307250976563,172.5210723876953,176.11115112304688,180.08246307373045,185.31576232910157,196.7474380493164,346.7005615234375,231.61884,0.0,test_data/Useful/Validation/Three eight at 1ft/WhatsApp Image 2024-08-23 at 11.03.03 (1).jpeg,3699.0,119.0,28.718804556052184
103,0.0,0.0,0.0,0.0,0.0,0.0,0.0,0.0,0.0,0.0,0.0,0.0,0.0,0.0,0.0,0.0,0.0,0.0,0.0,0.0,0.0,0.0,0.0,0.0,0.0,0.0,0.0,0.0,0.0,0.0,0.0,0.0,0.0,0.0,0.0,0.0,0.0,0.0,0.0,0.0,0.0,0.0,0.0,0.0,0.0,0.0,0.0,0.0,0.0,0.0,0.0,0.0,0.0,0.0,0.0,0.0,0.0,0.0,0.0,0.0,0.0,0.0,0.0,0.0,0.0,0.0,0.0,0.0,0.0,0.0,1.0,2.0,2.519999999999982,3.0,4.0,4.240000000000009,5.0,7.0,7.0,8.0,8.0,9.0,9.919999999999959,10.159999999999968,12.0,13.0,14.0,14.120000000000005,15.0,16.0,16.0,17.0,18.0,19.559999999999945,20.0,23.0,26.0,27.0,33.039999999999964,44.0,0.0,1000.2117647081614,1000.392156869173,1000.5333333611488,1000.6392157077789,1000.745098054409,2000.1176470592618,2000.4549019634724,2000.6156862974167,2000.717647075653,3001.0,151.1783447265625,159.00033569335938,164.1283416748047,168.32464599609375,171.9829559326172,175.5770721435547,179.54043579101562,184.7354736328125,196.54574584960938,346.69329833984375,231.37103,0.0,test_data/Useful/Validation/Three eight at 1ft/WhatsApp Image 2024-08-23 at 11.03.03.jpeg,3632.0,119.0,29.636301102627808
104,0.0,0.0,0.0,0.0,0.0,0.0,0.0,0.0,0.0,0.0,0.0,0.0,0.0,0.0,0.0,0.0,0.0,0.0,0.0,0.0,0.0,0.0,0.0,0.0,0.0,0.0,0.0,0.0,0.0,0.0,0.0,0.0,0.0,0.0,0.0,0.0,0.0,0.0,0.0,0.0,0.0,0.0,0.0,0.0,0.0,0.0,0.0,0.0,0.0,0.0,0.0,0.0,0.0,0.0,0.0,0.0,0.0,0.0,0.0,0.0,0.0,0.0,0.0,0.36000000000001364,1.0,2.0,3.0,3.0,4.0,4.0,5.0,5.0,6.0,6.0,7.0,7.0,8.0,8.0,9.0,9.0,10.0,10.0,11.0,12.0,13.0,13.0,14.0,15.0,15.0,16.0,17.0,18.0,19.0,20.0,21.799999999999955,23.039999999999964,26.0,29.519999999999982,36.0,56.0,0.0,1000.1960784345865,1000.3647058904171,1000.4980392158031,1000.6000000238419,1000.6901960968971,1000.811764717102,2000.3450980484486,2000.5882353186607,2000.7098039388657,3000.9960784316063,150.9501220703125,158.71260681152344,163.77024993896484,167.86749267578125,171.57232666015625,175.20675964355468,179.19901885986326,184.43560791015625,196.55911254882812,346.71246337890625,232.43619,0.0,test_data/Useful/Validation/Three eight at 1ft/WhatsApp Image 2024-08-23 at 11.06.26.jpeg,3646.0,143.0,29.494276361807728
0,0.0,0.0,0.0,0.0,0.0,0.0,0.0,0.0,0.0,0.0,0.0,0.0,0.0,0.0,0.0,0.0,0.0,0.0,0.0,0.0,0.0,0.0,0.0,0.0,0.0,0.0,0.0,0.0,0.0,0.0,0.0,0.0,0.0,0.0,0.0,0.0,0.0,0.0,0.0,0.0,0.0,1.0,1.0,1.5600000000000023,2.0,3.0,3.0,4.0,4.0,4.0,5.0,5.480000000000018,6.0,6.0,7.0,7.0,8.0,8.0,8.0,9.0,9.0,10.0,10.0,11.0,11.0,11.0,12.0,12.0,13.0,13.0,13.0,14.0,15.0,15.0,15.0,16.0,16.0,16.0,17.0,18.0,18.0,19.0,19.91999999999996,20.0,21.0,21.639999999999986,22.0,23.120000000000005,24.0,25.0,26.840000000000032,28.0,28.0,29.559999999999945,30.0,32.0,35.0,38.0,42.0,53.0,0.0,1000.4117647111416,1000.6745098233223,1000.811764717102,1000.9921568632126,2000.5764706134796,2000.7764706015587,3000.06274510175,3000.447058826685,3000.662745118141,3001.0,152.548095703125,160.34930419921875,165.3035888671875,169.28297424316406,172.7567138671875,176.15524291992188,179.81400299072266,184.62923889160157,195.39498901367188,347.0626220703125,235.429,1.0,test_data/Useful/Validation/Three Quarter at 1 ft/IMG-20240821-WA0097.jpg,3054.0,255.0,31.558427521842486
1,0.0,0.0,0.0,0.0,0.0,0.0,0.0,0.0,0.0,0.0,0.0,0.0,0.0,0.0,0.0,0.0,0.0,0.0,0.0,0.0,0.0,0.0,0.0,0.0,0.0,0.0,0.0,0.0,0.0,0.0,0.0,0.0,0.0,0.0,0.0,0.0,0.0,0.0,1.0,1.0,1.0,2.0,2.319999999999993,3.0,3.0,4.0,4.0,4.0,5.0,5.0,5.0,6.0,6.0,6.0,7.0,7.0,8.0,8.0,8.0,9.0,9.0,10.0,10.0,11.0,11.0,11.840000000000032,12.0,13.0,13.0,13.799999999999955,14.0,14.0,15.0,15.0,16.0,16.0,17.0,17.0,18.0,18.0,18.440000000000055,19.67999999999995,20.0,21.0,21.0,21.0,22.0,23.0,25.0,25.600000000000023,26.0,27.0,27.32000000000005,29.0,31.0,33.0,34.27999999999997,39.0,41.0,60.0,0.0,1000.4156862795353,1000.6745098233223,1000.8000000119209,1000.9450980424881,2000.5960784554482,2000.8078431487083,3000.164705887437,3000.501960813999,3000.6823529601097,3001.0,153.05227661132812,160.7400665283203,165.65774536132812,169.5729217529297,173.05325317382812,176.47900390625,180.19424438476562,184.92384338378906,195.58241271972656,347.105224609375,235.7588,1.0,test_data/Useful/Validation/Three Quarter at 1 ft/IMG-20240821-WA0098.jpg,2933.0,262.0,26.193748857735294
2,0.0,0.0,0.0,0.0,0.0,0.0,0.0,0.0,0.0,0.0,0.0,0.0,0.0,0.0,0.0,0.0,0.0,0.0,0.0,0.0,0.0,0.0,0.0,0.0,0.0,0.0,0.0,1.0,1.0,1.0,2.0,2.0,3.0,3.0,4.0,4.0,5.0,5.1200000000000045,6.0,7.0,7.0,8.0,8.0,9.0,10.0,10.0,10.0,10.0,11.0,12.0,12.0,13.0,13.0,13.0,14.0,14.0,15.0,15.0,15.0,15.0,16.0,16.0,16.0,16.0,17.0,17.0,18.0,18.0,18.0,18.0,19.0,20.0,20.0,20.0,21.0,22.0,23.0,24.0,24.0,25.0,25.0,25.67999999999995,26.0,27.0,28.0,29.0,29.0,30.120000000000005,31.0,32.0,33.0,34.0,35.0,36.0,37.799999999999955,40.0,42.0,51.51999999999998,54.75999999999999,67.0,0.0,1000.5372549295425,1000.811764717102,1000.972549021244,2000.243137255311,2000.4627451002598,2000.611764729023,2000.7254902124405,2000.8627451062202,3000.2941176593304,3001.0,153.6654815673828,161.42343139648438,166.45472259521483,170.41961669921875,174.01116943359375,177.49880981445312,181.2591552734375,186.2510528564453,197.83926391601562,347.0019226074219,238.82501,1.0,test_data/Useful/Validation/Three Quarter at 1 ft/IMG-20240821-WA0099.jpg,2527.0,365.0,30.72126007858863
3,0.0,0.0,0.0,0.0,0.0,0.0,0.0,0.0,0.0,0.0,0.0,0.0,0.0,0.0,0.0,0.0,0.0,0.0,0.0,0.0,0.0,0.0,0.0,0.0,0.0,0.0,0.0,0.0,0.0,0.0,0.0,0.0,0.0,0.0,0.0,0.0,0.0,0.0,0.0,1.0,1.0,1.0,2.0,2.0,3.0,3.0400000000000205,4.0,4.0,4.0,5.0,6.0,6.0,7.0,8.0,9.0,9.0,9.0,10.0,10.0,10.0,11.0,11.0,11.0,12.0,12.0,13.0,14.0,14.0,14.559999999999945,15.0,15.0,16.0,16.0,16.0,17.0,17.0,17.0,18.0,19.0,19.0,20.0,20.67999999999995,21.0,22.0,22.0,23.0,23.879999999999995,24.0,24.0,25.0,26.0,26.0,28.0,29.0,30.0,31.039999999999964,32.0,37.0,39.0,51.0,0.0,1000.392156869173,1000.65098041296,1000.7843137383461,1000.9019607901573,2000.5372549295425,2000.7960784435272,3000.149019613862,3000.4941176474094,3000.6823529601097,3001.0,152.25473327636718,159.96829223632812,164.910400390625,168.845947265625,172.31155395507812,175.72959899902344,179.46958923339844,184.25982971191405,195.37088012695312,347.1087341308594,235.87129,1.0,test_data/Useful/Validation/Three Quarter at 1 ft/IMG-20240821-WA0100.jpg,2978.0,268.0,27.588127704606045
4,0.0,0.0,0.0,0.0,0.0,0.0,0.0,0.0,0.0,0.0,0.0,0.0,0.0,0.0,0.0,0.0,0.0,0.0,0.0,0.0,0.0,0.0,0.0,0.0,0.0,0.0,0.0,0.0,0.0,0.0,0.0,0.0,0.0,0.0,0.0,0.0,1.0,1.0,2.0,3.0,3.0,3.0,4.0,4.0,4.0,5.0,5.0,6.0,6.0,6.0,7.0,7.0,8.0,8.0,9.0,9.440000000000055,10.0,10.0,11.0,11.0,12.0,12.0,12.120000000000005,13.0,13.0,14.0,15.0,15.0,15.0,16.0,16.0,16.0,17.0,17.0,18.0,18.0,18.0,19.0,19.0,20.0,20.0,20.0,21.0,22.0,22.0,23.639999999999986,24.0,25.0,25.0,26.0,26.840000000000032,28.0,29.0,31.0,33.0,35.0,38.27999999999997,44.0,48.75999999999999,65.0,0.0,1000.3176470696926,1000.584313750267,1000.7215686440468,1000.8588235378265,2000.4313725531101,2000.678431391716,3000.019607843831,3000.380392163992,3000.584313750267,3001.0,149.0939178466797,156.89767456054688,161.97772216796875,166.0232391357422,169.6395721435547,173.20700073242188,177.1939697265625,182.5068359375,194.47152709960938,346.63250732421875,237.11067,1.0,test_data/Useful/Validation/Three Quarter at 1 ft/IMG-20240821-WA0101.jpg,2745.0,301.0,30.052032298880754
5,0.0,0.0,0.0,0.0,0.0,0.0,0.0,0.0,0.0,0.0,0.0,0.0,0.0,0.0,0.0,0.0,0.0,0.0,0.0,0.0,0.0,0.0,0.0,0.0,0.0,0.0,0.0,0.0,0.0,0.0,0.0,0.0,0.0,0.0,0.0,0.0,0.0,0.0,0.0,0.0,0.0,1.0,1.0,1.5600000000000023,2.0,3.0,3.0,3.0,4.0,5.0,5.0,5.0,5.720000000000027,6.0,6.0,7.0,7.0,7.919999999999959,8.0,8.0,9.0,9.879999999999995,10.0,10.0,11.0,11.0,12.0,12.0,13.0,13.799999999999955,14.0,15.0,15.0,15.0,16.0,16.0,17.0,17.0,17.960000000000036,18.0,18.0,19.0,19.0,20.0,21.0,21.0,22.0,23.0,23.0,24.0,25.0,26.0,27.0,29.559999999999945,30.0,32.0,33.27999999999997,36.0,39.0,52.0,0.0,1000.392156869173,1000.6588235497475,1000.7882353067398,1000.9176470637321,2000.5490196347237,2000.7882353067398,3000.113725490868,3000.474509805441,3000.6745098233223,3001.0,152.92608642578125,160.68887329101562,165.63015747070312,169.54220581054688,173.01968383789062,176.41685485839844,180.0772705078125,184.83030700683594,195.32412719726562,347.1038818359375,235.21095,1.0,test_data/Useful/Validation/Three Quarter at 1 ft/IMG-20240821-WA0102.jpg,2967.0,252.0,31.1831814929415
6,0.0,0.0,0.0,0.0,0.0,0.0,0.0,0.0,0.0,0.0,0.0,0.0,0.0,0.0,0.0,0.0,0.0,0.0,0.0,0.0,0.0,0.0,0.0,0.0,0.0,0.0,0.0,0.0,0.0,0.0,0.0,0.0,0.0,0.0,0.0,0.0,0.0,0.12000000000000455,1.0,1.0,2.0,2.0,3.0,3.0,3.0,4.0,4.0,5.0,5.0,5.0,6.0,6.0,7.0,7.0,8.0,8.0,9.0,9.0,10.0,10.0,11.0,11.0,12.0,12.0,12.0,13.0,13.080000000000041,14.0,15.0,15.0,15.0,15.279999999999973,16.0,16.0,17.0,18.0,18.0,19.0,19.0,19.0,20.0,21.0,21.0,21.0,22.0,23.0,23.0,24.0,25.0,26.0,26.0,28.0,28.0,29.559999999999945,32.0,33.0,35.0,37.0,39.0,45.0,0.0,1000.4431372582912,1000.6980392336845,1000.8156862854958,1000.9803921580315,2000.6352941393852,2000.8627451062202,3000.2470588237047,3000.5372549295425,3000.705882370472,3001.0,152.87705841064454,160.69189453125,165.57278594970703,169.50631103515624,172.984375,176.33785400390624,179.9693603515625,184.61691284179688,194.9025115966797,347.20098876953125,235.85802,1.0,test_data/Useful/Validation/Three Quarter at 1 ft/IMG-20240821-WA0103.jpg,2633.0,270.0,33.83739679215837
7,0.0,0.0,0.0,0.0,0.0,0.0,0.0,0.0,0.0,0.0,0.0,0.0,0.0,0.0,0.0,0.0,0.0,0.0,0.0,0.0,0.0,0.0,0.0,0.0,0.0,0.0,0.0,0.0,0.0,0.0,0.0,0.0,0.0,0.0,0.0,1.0,1.0,2.0,2.0,3.0,3.0,3.0,3.319999999999993,4.0,4.800000000000011,5.0,6.0,6.0,7.0,8.0,8.0,8.0,8.720000000000027,9.0,10.0,10.0,10.0,11.0,11.0,11.0,12.0,12.0,13.0,13.0,13.0,13.0,14.0,14.0,14.559999999999945,15.0,15.0,15.0,16.0,16.0,16.0,17.0,17.0,18.0,18.0,19.0,19.440000000000055,20.0,21.0,22.0,22.0,23.0,24.0,24.120000000000005,25.0,26.0,28.0,29.0,30.32000000000005,31.0,32.0,33.0,35.0,41.51999999999998,44.0,63.0,0.0,1000.4901960790157,1000.7176470756531,1000.8274509906769,2000.0470588244498,2000.6000000238419,2000.800000011921,3000.1686274558306,3000.517647087574,3000.694117665291,3001.0,152.20301818847656,159.9821533203125,164.940625,168.85311889648438,172.3973388671875,175.87374877929688,179.56373596191406,184.48699951171875,195.3748779296875,347.158447265625,236.61803,1.0,test_data/Useful/Validation/Three Quarter at 1 ft/IMG-20240821-WA0104.jpg,2733.0,296.0,31.979209123144617
8,0.0,0.0,0.0,0.0,0.0,0.0,0.0,0.0,0.0,0.0,0.0,0.0,0.0,0.0,0.0,0.0,0.0,0.0,0.0,0.0,0.0,0.0,0.0,0.0,0.0,0.0,0.0,0.0,0.0,0.0,0.0,0.0,0.0,0.0,0.0,0.0,1.0,1.0,2.0,2.0,3.0,3.0,4.0,4.0,5.0,5.0,6.0,6.0,6.0,7.0,7.0,8.0,8.0,8.0,9.0,9.440000000000055,10.0,10.0,11.0,11.0,11.0,12.0,12.0,13.0,13.0,13.0,14.0,14.0,14.0,15.0,15.0,16.0,16.0,16.0,17.0,17.0,17.480000000000018,18.0,18.0,18.0,19.0,20.0,20.0,21.0,21.0,22.0,23.0,23.0,24.0,24.600000000000023,25.0,26.0,28.0,29.0,30.799999999999955,33.0,35.0,36.51999999999998,40.0,59.0,0.0,1000.4901960790157,1000.7254902124405,1000.8431372642517,2000.101960785687,2000.6000000238419,2000.7960784435272,3000.117647059262,3000.501960813999,3000.690196096897,3001.0,153.12006225585938,160.79002990722657,165.8426956176758,169.74563293457032,173.1659164428711,176.44463500976562,180.01991729736326,184.78936767578125,194.97586059570312,347.1836853027344,236.145,1.0,test_data/Useful/Validation/Three Quarter at 1 ft/IMG-20240821-WA0105.jpg,2688.0,283.0,28.633857371579303
9,0.0,0.0,0.0,0.0,0.0,0.0,0.0,0.0,0.0,0.0,0.0,0.0,0.0,0.0,0.0,0.0,0.0,0.0,0.0,0.0,0.0,0.0,0.0,0.0,0.0,0.0,0.0,0.0,0.0,0.0,0.0,0.0,0.0,0.0,0.0,0.0,1.0,1.0,2.0,2.0,2.0,2.0,3.0,3.0,4.0,4.0,5.0,5.0,5.0,6.0,6.0,6.0,7.0,7.0,8.0,8.0,9.0,9.0,10.0,10.0,11.0,11.0,12.0,12.0,13.0,14.0,14.0,14.32000000000005,15.0,15.0,16.0,16.0,16.519999999999982,17.0,17.0,18.0,18.0,19.0,19.0,20.0,20.0,21.0,21.0,22.0,22.0,22.0,23.0,23.120000000000005,24.0,25.0,26.0,28.0,29.0,29.0,31.0,33.0,34.27999999999997,36.51999999999998,40.0,61.0,0.0,1000.447058826685,1000.7019608020782,1000.8196078538895,1001.0,2000.6196078658104,2000.8274509906769,3000.188235297799,3000.5137255191803,3000.694117665291,3001.0,152.76182556152344,160.49887084960938,165.39203338623048,169.37740173339844,172.87813568115234,176.26031494140625,179.8722686767578,184.61668395996094,194.9420166015625,347.16357421875,236.63374,1.0,test_data/Useful/Validation/Three Quarter at 1 ft/IMG-20240821-WA0106.jpg,2715.0,285.0,34.39736707937371
10,0.0,0.0,0.0,0.0,0.0,0.0,0.0,0.0,0.0,0.0,0.0,0.0,0.0,0.0,0.0,0.0,0.0,0.0,0.0,0.0,0.0,0.0,0.0,0.0,0.0,0.0,0.0,0.0,0.0,0.0,0.0,0.0,0.0,0.0,0.0,0.0,0.0,0.0,0.0,0.0,0.839999999999975,1.0,1.0,2.0,2.0,2.0,3.0,3.0,4.0,4.0,5.0,6.0,6.0,6.0,7.0,7.440000000000055,8.0,8.0,8.0,9.0,10.0,10.0,10.0,11.0,11.600000000000023,12.0,13.0,14.0,14.0,14.0,15.0,15.0,15.0,16.0,16.0,17.0,17.0,17.0,18.0,18.0,19.0,20.0,20.91999999999996,21.0,21.399999999999977,23.0,23.0,24.0,24.360000000000014,26.0,27.0,28.0,28.0,31.0,32.0,33.0,35.27999999999997,38.51999999999998,41.0,50.0,0.0,1000.4666666686535,1000.7137255072594,1000.8352941274643,2000.0470588244498,2000.5921568870544,2000.7921568751335,3000.090196080506,3000.4901960790157,3000.6823529601097,3001.0,152.65573425292968,160.35189819335938,165.2828369140625,169.22483520507814,172.7150115966797,176.09255981445312,179.7403564453125,184.49334716796875,195.09112548828125,347.1790771484375,235.0882,1.0,test_data/Useful/Validation/Three Quarter at 1 ft/IMG-20240821-WA0107.jpg,2745.0,263.0,28.743219823386678
11,0.0,0.0,0.0,0.0,0.0,0.0,0.0,0.0,0.0,0.0,0.0,0.0,0.0,0.0,0.0,0.0,0.0,0.0,0.0,0.0,0.0,0.0,0.0,0.0,0.0,0.0,0.0,0.0,0.0,0.0,0.0,0.0,0.0,0.0,0.0,0.0,0.0,0.0,0.0,1.0,1.839999999999975,2.0,2.0,3.0,3.0,4.0,4.0,5.0,5.0,5.0,6.0,6.0,7.0,7.0,8.0,8.0,8.0,9.0,9.0,10.0,10.0,11.0,11.120000000000005,12.0,12.0,13.0,13.0,14.0,14.0,14.0,15.0,15.0,15.0,16.0,16.0,16.0,17.0,18.0,18.0,19.0,19.0,19.0,20.0,21.0,22.0,22.639999999999986,23.0,24.0,25.0,26.0,27.0,28.0,29.0,30.0,32.0,33.039999999999964,36.27999999999997,38.51999999999998,43.27999999999997,53.0,0.0,1000.4274509847164,1000.6901960968971,1000.8156862854958,1000.9647058844566,2000.5333333611488,2000.7647058963776,3000.043137256056,3000.4549019634724,3000.6745098233223,3001.0,152.8974609375,160.5504150390625,165.4953826904297,169.3666259765625,172.85103607177734,176.2233123779297,179.90769958496094,184.6188201904297,194.930908203125,347.1766357421875,235.56075,1.0,test_data/Useful/Validation/Three Quarter at 1 ft/IMG-20240821-WA0109.jpg,2756.0,269.0,34.398917711909384
12,0.0,0.0,0.0,0.0,0.0,0.0,0.0,0.0,0.0,0.0,0.0,0.0,0.0,0.0,0.0,0.0,0.0,0.0,0.0,0.0,0.0,0.0,0.0,0.0,0.0,0.0,0.0,0.0,0.0,0.0,0.0,0.0,0.0,0.0,0.0,0.0,0.0,0.12000000000000455,1.0,2.0,2.0,3.0,3.0,3.0,3.0,4.0,4.0,5.0,5.0,6.0,6.0,7.0,7.0,7.0,8.0,8.0,8.0,9.0,9.0,10.0,10.0,10.0,11.0,11.0,11.600000000000023,12.0,13.0,13.0,13.559999999999945,14.0,14.0,15.0,15.0,16.0,16.0,17.0,17.0,17.720000000000027,18.0,18.0,19.0,19.0,19.0,20.0,21.0,21.0,22.0,23.0,24.0,24.0,25.0,26.0,28.0,29.0,30.799999999999955,33.039999999999964,37.0,39.51999999999998,41.75999999999999,58.0,0.0,1000.4313725531101,1000.6941176652908,1000.8156862854958,1000.9647058844566,2000.5607843399048,2000.784313738346,3000.086274512112,3000.486274510622,3000.6862745285034,3001.0,153.0855270385742,160.68399047851562,165.6399688720703,169.58717346191406,173.02105712890625,176.37668151855468,179.97792510986326,184.6562957763672,195.04640197753906,347.21307373046875,235.24643,1.0,test_data/Useful/Validation/Three Quarter at 1 ft/IMG-20240821-WA0110.jpg,2772.0,263.0,30.65034756776453
13,0.0,0.0,0.0,0.0,0.0,0.0,0.0,0.0,0.0,0.0,0.0,0.0,0.0,0.0,0.0,0.0,0.0,0.0,0.0,0.0,0.0,0.0,0.0,0.0,0.0,0.0,0.0,0.0,0.0,0.0,0.0,0.0,0.0,0.0,0.0,0.0,0.0,0.12000000000000455,1.0,2.0,2.0,3.0,3.0,3.0,3.0,4.0,4.0,5.0,5.0,6.0,6.0,7.0,7.0,7.0,8.0,8.0,8.0,9.0,9.0,10.0,10.0,10.0,11.0,11.0,11.600000000000023,12.0,13.0,13.0,13.559999999999945,14.0,14.0,15.0,15.0,16.0,16.0,17.0,17.0,17.720000000000027,18.0,18.0,19.0,19.0,19.0,20.0,21.0,21.0,22.0,23.0,24.0,24.0,25.0,26.0,28.0,29.0,30.799999999999955,33.039999999999964,37.0,39.51999999999998,41.75999999999999,58.0,0.0,1000.4313725531101,1000.6941176652908,1000.8156862854958,1000.9647058844566,2000.5607843399048,2000.784313738346,3000.086274512112,3000.486274510622,3000.6862745285034,3001.0,153.0855270385742,160.68399047851562,165.6399688720703,169.58717346191406,173.02105712890625,176.37668151855468,179.97792510986326,184.6562957763672,195.04640197753906,347.21307373046875,235.24643,1.0,test_data/Useful/Validation/Three Quarter at 1 ft/IMG-20240821-WA0112.jpg,2772.0,263.0,31.523227481433615
14,0.0,0.0,0.0,0.0,0.0,0.0,0.0,0.0,0.0,0.0,0.0,0.0,0.0,0.0,0.0,0.0,0.0,0.0,0.0,0.0,0.0,0.0,0.0,0.0,0.0,0.0,0.0,0.0,0.0,0.0,0.0,0.0,0.0,0.0,0.0,0.0,0.0,1.0,1.0,2.0,2.0,3.0,3.0,4.0,4.0,5.0,5.0,5.0,5.759999999999991,6.0,6.0,7.0,7.0,7.0,7.2000000000000455,8.0,8.67999999999995,9.0,9.0,10.0,10.0,10.0,11.0,11.0,12.0,12.0,13.0,13.0,14.0,14.0,15.0,15.0,15.0,15.759999999999991,16.0,16.0,17.0,17.0,18.0,18.0,19.0,19.0,20.0,20.0,20.399999999999977,21.0,22.0,22.120000000000005,23.360000000000014,24.600000000000023,26.0,27.0,27.0,28.0,29.799999999999955,32.0,36.0,37.51999999999998,43.0,57.0,0.0,1000.4823529422283,1000.7215686440468,1000.8352941274643,2000.0274509806186,2000.5803921818733,2000.7960784435272,3000.117647059262,3000.501960813999,3000.690196096897,3001.0,152.6833953857422,160.45181274414062,165.4431915283203,169.37228393554688,172.82462310791016,176.22252807617187,179.8795440673828,184.6380828857422,195.13262939453125,347.1957702636719,235.39291,1.0,test_data/Useful/Validation/Three Quarter at 1 ft/IMG-20240821-WA0113.jpg,2789.0,270.0,32.91921618965744
15,0.0,0.0,0.0,0.0,0.0,0.0,0.0,0.0,0.0,0.0,0.0,0.0,0.0,0.0,0.0,0.0,0.0,0.0,0.0,0.0,0.0,0.0,0.0,0.0,0.0,0.0,0.0,0.0,0.0,0.0,0.0,0.0,0.0,0.0,0.0,0.0,0.0,0.0,0.0,1.0,1.0,2.0,2.0,2.0,3.0,3.0,4.0,5.0,5.0,6.0,6.0,6.0,7.0,8.0,8.0,9.0,10.0,10.0,11.0,11.0,12.0,12.0,13.0,13.0,13.0,14.0,14.0,14.0,14.0,15.0,15.0,15.0,16.0,16.0,16.0,17.0,17.0,17.0,18.0,18.0,18.0,19.0,19.0,20.0,20.0,21.0,22.0,23.0,23.0,24.0,24.840000000000032,26.0,26.32000000000005,29.0,30.0,32.0,34.0,36.0,43.0,47.0,0.0,1000.4980392158031,1000.7294117808342,1000.8509804010391,2000.1921568661928,2000.6274510025978,2000.8156862854958,3000.1529411822557,3000.5098039507866,3000.690196096897,3001.0,152.37049865722656,159.97988891601562,164.96633911132812,168.91127014160156,172.44805908203125,175.81146240234375,179.54684448242188,184.33935546875,195.016845703125,347.18365478515625,235.78549,1.0,test_data/Useful/Validation/Three Quarter at 1 ft/IMG-20240821-WA0114.jpg,2822.0,272.0,28.930075165848
16,0.0,0.0,0.0,0.0,0.0,0.0,0.0,0.0,0.0,0.0,0.0,0.0,0.0,0.0,0.0,0.0,0.0,0.0,0.0,0.0,0.0,0.0,0.0,0.0,0.0,0.0,0.0,0.0,0.0,0.0,0.0,0.0,0.0,0.0,0.0,0.0,0.0,1.0,1.0,2.0,2.0,3.0,3.0,4.0,4.0,5.0,6.0,6.0,6.0,7.0,7.0,7.480000000000018,8.0,8.960000000000036,9.0,9.0,10.0,10.0,11.0,11.0,12.0,12.0,12.0,12.360000000000014,13.0,14.0,14.0,15.0,15.0,15.0,16.0,16.0,17.0,17.0,17.0,18.0,18.0,19.0,19.0,19.200000000000045,20.0,20.0,21.0,21.0,21.399999999999977,22.0,23.0,24.0,25.0,26.0,27.0,28.0,29.0,30.0,31.0,31.039999999999964,34.0,36.51999999999998,39.75999999999999,55.0,0.0,1000.4705882370472,1000.7176470756531,1000.839215695858,2000.0941176488996,2000.6156862974167,2000.811764717102,3000.137254908681,3000.501960813999,3000.690196096897,3001.0,152.81405487060547,160.55504150390627,165.43597412109375,169.34083251953126,172.83973693847656,176.26311340332032,179.89924011230468,184.65365295410157,195.2671661376953,347.18316650390625,235.7234,1.0,test_data/Useful/Validation/Three Quarter at 1 ft/IMG-20240821-WA0115.jpg,2744.0,288.0,27.63511614273767
17,0.0,0.0,0.0,0.0,0.0,0.0,0.0,0.0,0.0,0.0,0.0,0.0,0.0,0.0,0.0,0.0,0.0,0.0,0.0,0.0,0.0,0.0,0.0,0.0,0.0,0.0,0.0,0.0,0.0,0.0,0.0,0.0,0.0,0.0,0.0,0.0,0.0,1.0,1.0,2.0,2.0,3.0,3.0,3.5600000000000023,4.0,4.0,5.0,5.0,6.0,6.0,7.0,7.0,7.0,8.0,8.0,8.0,9.0,10.0,10.0,10.0,11.0,11.0,12.0,12.0,13.0,14.0,14.0,14.0,14.559999999999945,15.0,15.0,15.0,16.0,16.0,17.0,17.0,17.0,18.0,18.0,19.0,19.440000000000055,20.0,21.0,21.159999999999968,22.0,22.0,23.0,23.120000000000005,24.360000000000014,25.0,25.0,27.0,28.0,29.559999999999945,31.799999999999955,34.0,36.0,39.0,44.75999999999999,60.0,0.0,1000.4745098054409,1000.7176470756531,1000.839215695858,2000.0823529437184,2000.6000000238419,2000.7960784435272,3000.1058823540807,3000.4941176474094,3000.6862745285034,3001.0,152.72483520507814,160.39700317382812,165.39926147460938,169.2917236328125,172.80179595947266,176.2189483642578,179.87043151855468,184.6479217529297,195.15087890625,347.1763916015625,235.46588,1.0,test_data/Useful/Validation/Three Quarter at 1 ft/IMG-20240821-WA0117.jpg,2824.0,283.0,29.302266850183106
18,0.0,0.0,0.0,0.0,0.0,0.0,0.0,0.0,0.0,0.0,0.0,0.0,0.0,0.0,0.0,0.0,0.0,0.0,0.0,0.0,0.0,0.0,0.0,0.0,0.0,0.0,0.0,0.0,0.0,0.0,0.0,0.0,0.0,0.0,0.0,0.0,1.0,1.0,1.0,1.0,2.0,2.0,3.0,4.0,4.0,4.0,5.0,5.0,5.0,5.0,6.0,7.0,7.0,7.0,8.0,8.0,9.0,9.0,10.0,10.0,10.0,11.0,11.0,12.0,12.0,13.0,13.0,14.0,14.0,15.0,15.0,15.0,16.0,16.0,16.0,17.0,17.0,17.0,18.0,18.0,19.0,20.0,20.91999999999996,21.0,22.0,23.0,23.0,23.120000000000005,24.0,25.0,26.0,27.0,29.0,30.0,31.799999999999955,33.0,35.0,39.0,43.51999999999998,67.0,0.0,1000.4901960790157,1000.7294117808342,1000.8470588326454,2000.1686274558306,2000.6196078658104,2000.811764717102,3000.1529411822557,3000.5098039507866,3000.694117665291,3001.0,152.939501953125,160.6161346435547,165.55382843017577,169.49158630371093,172.94920349121094,176.3169708251953,180.01161193847656,184.7183380126953,195.16766357421875,347.16668701171875,235.4178,1.0,test_data/Useful/Validation/Three Quarter at 1 ft/IMG-20240821-WA0121.jpg,2765.0,280.0,27.45749624782404
19,0.0,0.0,0.0,0.0,0.0,0.0,0.0,0.0,0.0,0.0,0.0,0.0,0.0,0.0,0.0,0.0,0.0,0.0,0.0,0.0,0.0,0.0,0.0,0.0,0.0,0.0,0.0,0.0,0.9599999999999795,1.0,1.4399999999999977,2.0,3.0,3.0,3.0,4.0,4.0,5.0,6.0,7.0,7.0,8.0,8.0,8.0,9.0,10.0,10.0,11.0,11.0,11.0,12.0,12.0,13.0,13.0,14.0,14.0,15.0,15.0,15.0,15.0,16.0,16.0,16.0,17.0,17.0,17.840000000000032,18.0,18.32000000000005,19.0,19.0,19.0,20.0,20.0,21.0,21.0,22.0,23.0,23.0,24.0,24.0,25.0,25.0,26.0,27.0,28.0,29.0,31.0,32.0,33.0,34.0,36.0,38.0,38.0,39.0,42.0,44.0,48.0,51.51999999999998,57.75999999999999,78.0,0.0,1000.5411764979362,1000.8156862854958,1000.9803921580315,2000.3568627536297,2000.556862771511,2000.6980392336845,2000.8431372642517,3000.1529411822557,3000.5490196347237,3001.0,153.15077209472656,160.93260192871094,165.89154663085938,169.87759399414062,173.379150390625,176.888427734375,180.70842590332032,185.76934814453125,197.67225646972656,347.0147705078125,240.6434,1.0,test_data/Useful/Validation/Three Quarter at 1 ft/IMG-20240821-WA0124.jpg,2149.0,355.0,24.755242273448538
20,0.0,0.0,0.0,0.0,0.0,0.0,0.0,0.0,0.0,0.0,0.0,0.0,0.0,0.0,0.0,0.0,0.0,0.0,0.0,0.0,0.0,0.0,0.0,0.0,0.0,0.0,0.0,0.0,0.0,0.0,0.0,1.0,1.0,1.0,2.0,2.0,3.0,3.0,3.0,4.0,4.0,4.0,5.0,5.0,6.0,6.0,6.0,7.0,7.0,8.0,8.0,9.0,9.720000000000027,10.0,10.200000000000045,11.0,11.67999999999995,12.0,12.0,13.0,13.0,13.0,14.0,15.0,15.0,15.0,15.0,16.0,16.0,16.0,17.0,17.0,17.0,18.0,18.0,19.0,19.0,20.0,20.0,20.0,21.0,21.0,22.0,23.0,24.0,24.0,24.879999999999995,25.0,26.0,27.0,28.0,29.0,30.0,31.0,32.799999999999955,35.0,36.27999999999997,38.0,40.0,46.0,0.0,1000.5137255191803,1000.7254902124405,1000.8352941274643,2000.32549020648,2000.8627451062202,3000.188235297799,3000.4509803950787,3000.6156862974167,3000.745098054409,3001.0,152.81272735595704,160.45645141601562,165.36175537109375,169.24545288085938,172.6889190673828,176.02597045898438,179.6037139892578,184.0124298095703,193.4466552734375,347.24066162109375,237.99649,1.0,test_data/Useful/Validation/Three Quarter at 1 ft/IMG-20240821-WA0237.jpg,1984.0,291.0,32.424214711523064
21,0.0,0.0,0.0,0.0,0.0,0.0,0.0,0.0,0.0,0.0,0.0,0.0,0.0,0.0,0.0,0.0,0.0,0.0,0.0,0.0,0.0,0.0,0.0,0.0,0.0,0.0,0.0,0.0,0.0,0.0,0.0,0.0,0.0,0.0,0.0,1.0,1.0,1.0,2.0,2.0,3.0,3.079999999999984,4.0,4.0,5.0,5.0,6.0,6.0,6.0,7.0,7.0,8.0,9.0,9.0,9.200000000000045,10.0,10.0,11.0,11.0,11.0,12.0,12.0,13.0,14.0,14.0,15.0,15.0,16.0,16.0,16.0,17.0,17.0,18.0,18.0,18.0,19.0,20.0,20.0,20.0,21.0,21.0,22.0,22.0,23.0,23.399999999999977,24.0,25.0,25.120000000000005,26.0,26.600000000000023,27.0,28.0,29.0,30.0,32.799999999999955,34.0,35.27999999999997,39.039999999999964,43.0,71.0,0.0,1000.486274510622,1000.7098039388657,1000.8235294222832,2000.2274509817362,2000.7803921699524,3000.101960785687,3000.403921574354,3000.584313750267,3000.7254902124405,3001.0,153.6608139038086,161.3728210449219,166.30482482910156,170.1790313720703,173.57080078125,176.86233520507812,180.41650390625,184.87692260742188,193.95240783691406,347.1685791015625,237.19572,1.0,test_data/Useful/Validation/Three Quarter at 1 ft/IMG-20240821-WA0238.jpg,2046.0,279.0,33.71938625105828
22,0.0,0.0,0.0,0.0,0.0,0.0,0.0,0.0,0.0,0.0,0.0,0.0,0.0,0.0,0.0,0.0,0.0,0.0,0.0,0.0,0.0,0.0,0.0,0.0,0.0,0.0,0.0,0.0,0.0,1.0,1.0,1.0,1.920000000000016,2.0,2.0,3.0,3.0,4.0,4.0,5.0,5.0,6.0,6.0,7.0,7.0,7.0400000000000205,8.0,8.0,9.0,9.0,10.0,10.0,11.0,11.0,11.0,12.0,12.0,13.0,13.0,14.0,14.0,15.0,15.0,15.0,15.0,16.0,16.0,16.0,17.0,17.799999999999955,18.0,18.0,19.0,19.0,20.0,20.0,20.0,21.0,22.0,22.0,22.0,22.0,23.0,23.0,24.399999999999977,25.0,26.0,26.120000000000005,27.0,28.0,29.0,30.0,31.0,32.0,32.799999999999955,35.039999999999964,38.0,41.0,43.0,53.0,0.0,1000.5019608139992,1000.7254902124405,1000.839215695858,2000.4078431427479,2000.7921568751335,3000.101960785687,3000.407843142748,3000.5882353186607,3000.729411780834,3001.0,153.0730743408203,160.72447204589844,165.59320068359375,169.47793579101562,172.94271850585938,176.30843811035155,179.89672241210937,184.47220153808593,194.14720153808594,347.1833801269531,237.57295,1.0,test_data/Useful/Validation/Three Quarter at 1 ft/IMG-20240821-WA0239.jpg,2172.0,314.0,31.681907565390194
23,0.0,0.0,0.0,0.0,0.0,0.0,0.0,0.0,0.0,0.0,0.0,0.0,0.0,0.0,0.0,0.0,0.0,0.0,0.0,0.0,0.0,0.0,0.0,0.0,0.0,0.0,0.0,0.0,0.0,0.0,0.0,0.0,0.0,0.0,1.0,1.0,1.0,2.0,3.0,3.0,4.0,4.0,5.0,5.0,6.0,6.0,6.279999999999973,7.0,7.0,8.0,8.240000000000009,9.0,9.0,10.0,10.0,10.0,10.67999999999995,11.0,11.159999999999968,12.0,12.0,13.0,13.0,13.360000000000014,14.0,15.0,15.0,15.0,15.559999999999945,16.0,17.0,17.0,18.0,18.0,18.0,18.24000000000001,19.0,19.0,19.960000000000036,20.0,21.0,22.0,23.0,24.0,24.0,24.0,25.0,26.0,26.360000000000014,27.0,28.0,29.0,29.32000000000005,30.559999999999945,32.799999999999955,34.039999999999964,36.0,39.0,44.75999999999999,65.0,0.0,1000.5137255191803,1000.7294117808342,1000.839215695858,2000.4941176474094,2000.8235294222832,3000.149019613862,3000.43137255311,3000.600000023842,3000.733333349228,3001.0,153.61411895751954,161.30771179199218,166.21192626953126,170.13206481933594,173.568115234375,176.88216247558594,180.3505889892578,184.80509033203126,194.12466430664062,347.178955078125,237.16605,1.0,test_data/Useful/Validation/Three Quarter at 1 ft/IMG-20240821-WA0240.jpg,2061.0,284.0,28.37154890206999
24,0.0,0.0,0.0,0.0,0.0,0.0,0.0,0.0,0.0,0.0,0.0,0.0,0.0,0.0,0.0,0.0,0.0,0.0,0.0,0.0,0.0,0.0,0.0,0.0,0.0,0.0,0.0,0.0,0.0,0.0,0.0,0.0,1.0,1.0,1.3999999999999773,2.0,2.0,3.0,3.0,4.0,4.0,4.079999999999984,5.0,5.0,6.0,6.0,7.0,8.0,8.0,9.0,9.0,10.0,10.0,10.0,11.0,11.0,11.0,11.919999999999959,12.0,12.0,13.0,13.0,14.0,14.0,14.0,15.0,15.0,15.0,16.0,16.0,16.0,17.0,17.0,17.75999999999999,18.0,19.0,19.0,20.0,20.0,21.0,21.0,22.0,22.0,23.0,23.0,24.0,24.0,25.0,25.0,26.0,27.0,29.08000000000004,30.0,31.0,32.799999999999955,34.0,37.0,39.51999999999998,45.75999999999999,64.0,0.0,1000.5019608139992,1000.7137255072594,1000.8156862854958,2000.2549019753933,2000.784313738346,3000.1215686276555,3000.4235294163227,3000.5921568870544,3000.7254902124405,3001.0,153.2626968383789,160.98922119140624,165.8695831298828,169.6926727294922,173.1026611328125,176.42816772460938,180.00341491699217,184.59239196777344,194.1047821044922,347.17474365234375,237.48564,1.0,test_data/Useful/Validation/Three Quarter at 1 ft/IMG-20240821-WA0241.jpg,2048.0,282.0,28.54755158624679
25,0.0,0.0,0.0,0.0,0.0,0.0,0.0,0.0,0.0,0.0,0.0,0.0,0.0,0.0,0.0,0.0,0.0,0.0,0.0,0.0,0.0,0.0,0.0,0.0,0.0,0.0,0.0,0.0,0.0,0.0,0.0,0.0,0.0,0.0,1.0,2.0,2.0,2.1200000000000045,3.0,4.0,4.0,5.0,5.0,6.0,6.0,7.0,7.0,8.0,8.0,9.0,9.0,10.0,10.0,10.0,10.0,11.0,11.0,12.0,12.0,12.0,13.0,13.0,14.0,14.0,15.0,15.0,15.0,15.0,16.0,16.0,16.039999999999964,17.0,17.519999999999982,18.0,19.0,19.0,19.0,20.0,20.0,21.0,22.0,22.0,22.91999999999996,23.0,23.0,24.0,25.0,26.0,27.0,28.0,29.0,30.0,31.0,33.0,34.0,35.0,36.0,40.559999999999945,44.75999999999999,79.0,0.0,1000.4823529422283,1000.7098039388657,1000.8196078538895,2000.058823529631,2000.7529411911964,3000.06274510175,3000.3843137323856,3000.5764706134796,3000.721568644047,3001.0,152.98538665771486,160.7017608642578,165.57071838378906,169.40595703125,172.81400299072266,176.16502075195314,179.7274627685547,184.31689453125,194.09292602539062,347.16009521484375,238.08472,1.0,test_data/Useful/Validation/Three Quarter at 1 ft/IMG-20240821-WA0242.jpg,2180.0,299.0,33.95948347278353
26,0.0,0.0,0.0,0.0,0.0,0.0,0.0,0.0,0.0,0.0,0.0,0.0,0.0,0.0,0.0,0.0,0.0,0.0,0.0,0.0,0.0,0.0,0.0,0.0,0.0,0.0,0.0,0.0,0.0,0.0,0.0,1.0,1.0,1.0,1.3999999999999773,2.0,3.0,3.0,3.0,4.0,4.839999999999975,6.0,6.0,7.0,7.0,8.0,8.0,8.0,8.759999999999991,9.0,9.0,9.480000000000018,10.0,10.0,11.0,11.0,11.0,12.0,12.0,13.0,13.0,13.879999999999995,14.0,14.0,15.0,15.0,15.0,16.0,16.0,17.0,17.0,17.0,18.0,18.0,19.0,19.0,20.0,20.0,20.0,20.200000000000045,21.0,21.0,22.0,22.0,23.0,23.0,24.0,25.0,26.360000000000014,27.0,28.0,29.0,30.32000000000005,31.0,34.0,37.0,38.27999999999997,41.51999999999998,44.51999999999998,74.0,0.0,1000.4941176474094,1000.7215686440468,1000.8274509906769,2000.2549019753933,2000.7803921699524,3000.0941176488996,3000.407843142748,3000.5882353186607,3000.729411780834,3001.0,153.0758056640625,160.8125,165.753662109375,169.69085693359375,173.1475830078125,176.45289306640623,180.01592559814452,184.4954559326172,194.16287231445312,347.1751403808594,237.82523,1.0,test_data/Useful/Validation/Three Quarter at 1 ft/IMG-20240821-WA0243.jpg,2197.0,295.0,34.33661999485515
27,0.0,0.0,0.0,0.0,0.0,0.0,0.0,0.0,0.0,0.0,0.0,0.0,0.0,0.0,0.0,0.0,0.0,0.0,0.0,0.0,0.0,0.0,0.0,0.0,0.0,0.0,0.0,0.0,0.0,0.0,0.0,1.0,1.0,2.0,2.3999999999999773,3.0,3.0,4.0,4.0,4.600000000000023,5.0,5.0,6.0,6.0,7.0,7.0,7.0,8.0,8.0,9.0,9.0,10.0,10.0,10.0,10.200000000000045,11.0,11.0,12.0,12.0,12.0,13.0,13.0,14.0,14.0,14.0,15.0,15.0,15.0,15.559999999999945,16.0,16.0,17.0,17.0,17.0,18.0,18.0,18.0,18.720000000000027,19.0,20.0,21.0,22.0,22.0,23.0,23.0,23.0,24.879999999999995,25.0,27.0,28.600000000000023,29.0,30.0,31.0,33.0,34.0,36.0,37.0,41.0,42.0,59.0,0.0,1000.4745098054409,1000.7019608020782,1000.811764717102,2000.0039215688594,2000.7411764860153,3000.054901961237,3000.3725490272045,3000.568627476692,3000.717647075653,3001.0,153.54574584960938,161.27247009277343,166.1807632446289,170.08706359863282,173.5035400390625,176.79046630859375,180.32107849121093,184.88259887695312,194.34983825683594,347.14495849609375,237.41779,1.0,test_data/Useful/Validation/Three Quarter at 1 ft/IMG-20240821-WA0244.jpg,2192.0,294.0,30.155451945563325
28,0.0,0.0,0.0,0.0,0.0,0.0,0.0,0.0,0.0,0.0,0.0,0.0,0.0,0.0,0.0,0.0,0.0,0.0,0.0,0.0,0.0,0.0,0.0,0.0,0.0,0.0,0.0,0.0,0.0,0.0,0.0,0.0,0.0,1.0,1.0,2.0,2.0,3.0,3.0,3.0,4.0,4.0,5.0,5.0,6.0,6.0,7.0,7.0,7.0,8.0,8.0,9.0,9.720000000000027,10.0,10.0,11.0,11.0,12.0,12.0,13.0,13.0,14.0,14.0,15.0,15.0,16.0,16.0,16.0,17.0,17.0,18.0,18.0,19.0,19.0,19.0,20.0,20.0,21.0,21.0,21.200000000000045,22.0,23.0,23.0,25.0,25.0,25.639999999999986,26.0,27.0,27.0,28.0,29.0,30.0,31.0,32.0,33.799999999999955,37.0,38.27999999999997,41.0,45.51999999999998,67.0,0.0,1000.4901960790157,1000.7176470756531,1000.8274509906769,2000.2196078449488,2000.7686274647713,3000.0784313753247,3000.3960784375668,3000.584313750267,3000.729411780834,3001.0,153.25929260253906,161.1004638671875,165.99227905273438,169.93362426757812,173.36846923828125,176.6783905029297,180.29342651367188,184.76133728027344,194.12472534179688,347.1844177246094,237.60681,1.0,test_data/Useful/Validation/Three Quarter at 1 ft/IMG-20240821-WA0245.jpg,2176.0,298.0,34.88603827498739
29,0.0,0.0,0.0,0.0,0.0,0.0,0.0,0.0,0.0,0.0,0.0,0.0,0.0,0.0,0.0,0.0,0.0,0.0,0.0,0.0,0.0,0.0,0.0,0.0,0.0,0.0,0.0,0.0,0.0,0.0,0.0,1.0,1.0,2.0,2.0,2.0,2.0,3.0,3.0,3.6000000000000227,4.0,4.0,5.0,5.0,5.0,6.0,6.0,7.0,7.0,8.0,8.0,9.0,9.0,10.0,10.0,11.0,11.0,11.0,12.0,12.0,12.0,13.0,13.0,14.0,14.0,15.0,15.0,15.0,16.0,16.0,16.0,16.0,17.0,18.0,18.0,19.0,19.480000000000018,20.0,20.0,21.0,21.0,22.0,22.91999999999996,23.0,24.0,25.0,25.879999999999995,26.120000000000005,27.0,27.0,28.0,29.0,30.0,31.0,32.0,34.039999999999964,37.27999999999997,40.51999999999998,43.0,79.0,0.0,1000.4745098054409,1000.705882370472,1000.811764717102,1000.9803921580315,2000.7372549176216,3000.054901961237,3000.376470595598,3000.572549045086,3000.721568644047,3001.0,153.75860595703125,161.32880859375,166.23019714355468,170.10167236328124,173.54527282714844,176.81330261230468,180.33035278320312,184.80455017089844,194.3097686767578,347.1702880859375,236.9394,1.0,test_data/Useful/Validation/Three Quarter at 1 ft/IMG-20240821-WA0246.jpg,2149.0,292.0,28.90199926764248
30,0.0,0.0,0.0,0.0,0.0,0.0,0.0,0.0,0.0,0.0,0.0,0.0,0.0,0.0,0.0,0.0,0.0,0.0,0.0,0.0,0.0,0.0,0.0,0.0,0.0,0.0,0.0,0.0,0.0,0.0,0.0,1.0,1.0,1.0,2.0,2.0,2.0,3.0,3.0,3.0,4.0,4.0,5.0,5.0,5.0,6.0,6.0,6.0,7.0,7.0,8.0,8.0,9.0,9.0,10.0,10.0,10.67999999999995,11.0,11.0,11.0,12.0,12.0,13.0,13.360000000000014,14.0,14.0,14.0,15.0,15.0,16.0,16.0,16.0,17.0,17.0,18.0,18.0,19.0,19.0,20.0,20.0,21.0,21.0,22.0,23.0,23.0,24.0,26.0,27.0,28.0,28.0,29.0,31.0,32.0,33.0,34.799999999999955,36.0,39.0,41.51999999999998,44.75999999999999,60.0,0.0,1000.4901960790157,1000.7137255072594,1000.8196078538895,2000.0078431377187,2000.7607843279839,3000.0784313753247,3000.3960784375668,3000.5803921818733,3000.7254902124405,3001.0,152.97520446777344,160.67828369140625,165.6269073486328,169.4955596923828,172.9472198486328,176.30328369140625,179.85660095214843,184.41669921875,194.09381103515625,347.17803955078125,237.30664,1.0,test_data/Useful/Validation/Three Quarter at 1 ft/IMG-20240821-WA0247.jpg,2163.0,287.0,29.927273733269708
31,0.0,0.0,0.0,0.0,0.0,0.0,0.0,0.0,0.0,0.0,0.0,0.0,0.0,0.0,0.0,0.0,0.0,0.0,0.0,0.0,0.0,0.0,0.0,0.0,0.0,0.0,0.0,0.0,1.0,1.1999999999999886,2.0,2.0,3.0,4.0,4.399999999999977,5.0,5.0,5.0,6.0,6.0,7.0,7.0,8.0,8.0,8.0,8.0,9.0,9.0,10.0,10.0,11.0,11.0,12.0,12.0,13.0,13.0,13.67999999999995,14.0,14.0,15.0,15.0,16.0,16.0,16.0,16.0,17.0,17.0,17.0,18.0,18.0,18.0,19.0,19.0,20.0,20.0,21.0,21.480000000000018,22.0,23.0,23.0,24.0,25.0,25.0,26.0,27.0,28.0,29.0,30.0,30.360000000000014,31.600000000000023,32.0,33.0,35.0,36.559999999999945,38.0,40.0,42.27999999999997,44.51999999999998,47.0,63.0,0.0,1000.6000000238419,1000.7568627595901,1000.8549019694328,2000.2941176593304,2000.717647075653,3000.0784313753247,3000.435294121504,3000.6039215922356,3000.7254902124405,3001.0,151.661865234375,159.4459228515625,164.5137939453125,168.48117065429688,172.0397186279297,175.57400512695312,179.3968963623047,184.31219482421875,194.97525024414062,347.1312255859375,237.86821,1.0,test_data/Useful/Validation/Three Quarter at 1 ft/IMG-20240821-WA0248.jpg,2115.0,337.0,27.52030375904704
32,0.0,0.0,0.0,0.0,0.0,0.0,0.0,0.0,0.0,0.0,0.0,0.0,0.0,0.0,0.0,0.0,0.0,0.0,0.0,0.0,0.0,0.0,0.0,0.0,0.0,0.0,1.0,1.0,2.0,2.0,3.0,3.0,4.0,4.0,4.0,5.0,5.0,6.0,6.0,6.0,7.0,7.0,7.0,7.0,8.0,9.0,9.0,9.0,9.759999999999991,10.0,10.0,11.0,11.0,12.0,12.0,12.0,13.0,13.0,13.159999999999968,14.0,14.0,14.879999999999995,15.0,15.0,16.0,16.0,16.0,17.0,17.559999999999945,18.0,18.0,19.0,19.0,20.0,20.0,21.0,21.0,21.0,22.0,22.0,23.0,23.0,24.0,24.0,25.0,26.0,26.879999999999995,27.0,28.0,29.0,30.0,32.0,33.0,34.0,36.799999999999955,39.0,39.27999999999997,42.0,44.75999999999999,59.0,0.0,1000.611764729023,1000.7647058963776,1000.8823529481888,2000.4039215743542,2000.7137255072594,3000.019607843831,3000.392156869173,3000.5803921818733,3000.7098039388657,3001.0,151.17105102539062,159.0711212158203,164.19066314697267,168.2021911621094,171.74880981445312,175.22747802734375,179.0505828857422,183.9997100830078,194.9654998779297,347.12261962890625,238.08524,1.0,test_data/Useful/Validation/Three Quarter at 1 ft/IMG-20240821-WA0249.jpg,2138.0,320.0,25.333804923080955
33,0.0,0.0,0.0,0.0,0.0,0.0,0.0,0.0,0.0,0.0,0.0,0.0,0.0,0.0,0.0,0.0,0.0,0.0,0.0,0.0,0.0,0.0,0.0,0.0,0.0,0.0,0.4800000000000182,1.0,2.0,2.0,2.4399999999999977,3.0,3.0,3.0,4.0,4.639999999999986,5.0,5.0,6.0,6.0,6.0,6.079999999999984,7.0,7.0,8.0,9.0,9.0,9.0,10.0,10.0,11.0,11.0,12.0,12.0,12.0,13.0,13.0,13.0,14.0,14.0,14.639999999999986,15.0,15.0,15.0,16.0,16.0,17.0,17.32000000000005,18.0,19.0,19.0,20.0,20.0,20.0,21.0,21.0,21.480000000000018,22.0,22.960000000000036,23.0,24.0,24.0,25.0,25.159999999999968,26.0,26.0,27.0,27.0,28.0,29.0,31.0,32.08000000000004,33.0,34.0,35.799999999999955,38.0,41.0,45.51999999999998,48.0,65.0,0.0,1000.6078431606293,1000.7607843279839,1000.8627451062202,2000.3882353007793,2000.7254902124405,3000.0509803928435,3000.4156862795353,3000.5882353186607,3000.7098039388657,3001.0,150.9237823486328,158.72278442382813,163.77359924316406,167.74404907226562,171.3089599609375,174.82900390625,178.68731689453125,183.63381958007812,194.7579345703125,347.112060546875,238.30975,1.0,test_data/Useful/Validation/Three Quarter at 1 ft/IMG-20240821-WA0250.jpg,2139.0,329.0,28.794388810096997
34,0.0,0.0,0.0,0.0,0.0,0.0,0.0,0.0,0.0,0.0,0.0,0.0,0.0,0.0,0.0,0.0,0.0,0.0,0.0,0.0,0.0,0.0,0.0,0.0,0.0,0.0,0.0,0.0,0.0,0.0,0.0,1.0,1.0,2.0,2.0,2.0,2.0,3.0,3.0,3.6000000000000227,4.0,4.0,5.0,5.0,5.0,6.0,6.0,7.0,7.0,8.0,8.0,9.0,9.0,10.0,10.0,11.0,11.0,11.0,12.0,12.0,12.0,13.0,13.0,14.0,14.0,15.0,15.0,15.0,16.0,16.0,16.0,16.0,17.0,18.0,18.0,19.0,19.480000000000018,20.0,20.0,21.0,21.0,22.0,22.91999999999996,23.0,24.0,25.0,25.879999999999995,26.120000000000005,27.0,27.0,28.0,29.0,30.0,31.0,32.0,34.039999999999964,37.27999999999997,40.51999999999998,43.0,79.0,0.0,1000.4745098054409,1000.705882370472,1000.811764717102,1000.9803921580315,2000.7372549176216,3000.054901961237,3000.376470595598,3000.572549045086,3000.721568644047,3001.0,153.75860595703125,161.32880859375,166.23019714355468,170.10167236328124,173.54527282714844,176.81330261230468,180.33035278320312,184.80455017089844,194.3097686767578,347.1702880859375,236.9394,1.0,test_data/Useful/Validation/Three Quarter at 1 ft/IMG-20240821-WA0251.jpg,2149.0,292.0,28.173320925842972
35,0.0,0.0,0.0,0.0,0.0,0.0,0.0,0.0,0.0,0.0,0.0,0.0,0.0,0.0,0.0,0.0,0.0,0.0,0.0,0.0,0.0,0.0,0.0,0.0,0.0,0.0,0.0,0.0,0.0,0.0,0.0,0.0,0.0,1.0,1.0,2.0,2.0,3.0,3.0,3.0,4.0,4.0,5.0,5.0,6.0,6.0,7.0,7.0,7.0,8.0,8.0,9.0,9.720000000000027,10.0,10.0,11.0,11.0,12.0,12.0,13.0,13.0,14.0,14.0,15.0,15.0,16.0,16.0,16.0,17.0,17.0,18.0,18.0,19.0,19.0,19.0,20.0,20.0,21.0,21.0,21.200000000000045,22.0,23.0,23.0,25.0,25.0,25.639999999999986,26.0,27.0,27.0,28.0,29.0,30.0,31.0,32.0,33.799999999999955,37.0,38.27999999999997,41.0,45.51999999999998,67.0,0.0,1000.4901960790157,1000.7176470756531,1000.8274509906769,2000.2196078449488,2000.7686274647713,3000.0784313753247,3000.3960784375668,3000.584313750267,3000.729411780834,3001.0,153.25929260253906,161.1004638671875,165.99227905273438,169.93362426757812,173.36846923828125,176.6783905029297,180.29342651367188,184.76133728027344,194.12472534179688,347.1844177246094,237.60681,1.0,test_data/Useful/Validation/Three Quarter at 1 ft/IMG-20240821-WA0252.jpg,2176.0,298.0,29.801528148316393
36,0.0,0.0,0.0,0.0,0.0,0.0,0.0,0.0,0.0,0.0,0.0,0.0,0.0,0.0,0.0,0.0,0.0,0.0,0.0,0.0,0.0,0.0,0.0,0.0,0.0,0.0,0.0,0.0,0.0,0.0,1.0,1.0,2.0,2.0,3.0,3.0,3.0,4.0,4.0,4.0,5.0,6.0,6.0,6.0,7.0,7.0,8.0,8.0,8.0,9.0,9.240000000000009,10.0,10.0,11.0,12.0,12.0,12.0,13.0,14.0,14.0,14.0,14.879999999999995,15.0,15.0,16.0,16.0,16.0,16.0,17.0,17.0,18.0,18.0,18.519999999999982,19.0,19.0,20.0,21.0,21.0,21.960000000000036,22.0,22.0,22.0,23.0,24.0,24.399999999999977,25.0,26.0,26.0,28.0,28.0,29.0,29.0,30.0,32.0,33.799999999999955,37.0,40.0,42.0,45.0,54.0,0.0,1000.4901960790157,1000.7098039388657,1000.811764717102,1000.9607843160629,2000.6705882549286,3000.023529412225,3000.3568627536297,3000.5647059082985,3000.717647075653,3001.0,152.5579055786133,160.32859802246094,165.29879760742188,169.23809814453125,172.65243530273438,176.04800415039062,179.65679931640625,184.28936767578125,194.06784057617188,347.15478515625,237.48178,1.0,test_data/Useful/Validation/Three Quarter at 1 ft/IMG-20240821-WA0253.jpg,2140.0,307.0,33.456552288836036
37,0.0,0.0,0.0,0.0,0.0,0.0,0.0,0.0,0.0,0.0,0.0,0.0,0.0,0.0,0.0,0.0,0.0,0.0,0.0,0.0,0.0,0.0,0.0,0.0,0.0,0.0,0.4800000000000182,1.0,2.0,2.0,2.4399999999999977,3.0,3.0,3.0,4.0,4.639999999999986,5.0,5.0,6.0,6.0,6.0,6.079999999999984,7.0,7.0,8.0,9.0,9.0,9.0,10.0,10.0,11.0,11.0,12.0,12.0,12.0,13.0,13.0,13.0,14.0,14.0,14.639999999999986,15.0,15.0,15.0,16.0,16.0,17.0,17.32000000000005,18.0,19.0,19.0,20.0,20.0,20.0,21.0,21.0,21.480000000000018,22.0,22.960000000000036,23.0,24.0,24.0,25.0,25.159999999999968,26.0,26.0,27.0,27.0,28.0,29.0,31.0,32.08000000000004,33.0,34.0,35.799999999999955,38.0,41.0,45.51999999999998,48.0,65.0,0.0,1000.6078431606293,1000.7607843279839,1000.8627451062202,2000.3882353007793,2000.7254902124405,3000.0509803928435,3000.4156862795353,3000.5882353186607,3000.7098039388657,3001.0,150.9237823486328,158.72278442382813,163.77359924316406,167.74404907226562,171.3089599609375,174.82900390625,178.68731689453125,183.63381958007812,194.7579345703125,347.112060546875,238.30975,1.0,test_data/Useful/Validation/Three Quarter at 1 ft/IMG-20240821-WA0254.jpg,2139.0,329.0,29.978105915708873
38,0.0,0.0,0.0,0.0,0.0,0.0,0.0,0.0,0.0,0.0,0.0,0.0,0.0,0.0,0.0,0.0,0.0,0.0,0.0,0.0,0.0,0.0,0.0,0.0,0.0,0.0,0.0,0.0,0.0,0.0,0.0,1.0,1.0,2.0,2.0,2.0,3.0,3.0,4.0,4.600000000000023,5.0,6.0,6.0,7.0,7.0,8.0,8.0,8.0,9.0,9.0,10.0,10.0,10.720000000000027,11.0,12.0,12.0,13.0,13.0,13.0,14.0,14.0,14.0,15.0,15.0,15.600000000000023,16.0,16.0,16.0,16.559999999999945,17.0,17.0,17.0,18.0,19.0,19.0,19.0,20.0,20.0,21.0,22.0,22.0,23.0,23.0,24.0,24.0,25.0,25.0,26.0,26.0,26.600000000000023,27.0,29.0,30.32000000000005,32.0,32.799999999999955,34.07999999999993,37.27999999999997,40.0,43.51999999999998,52.0,0.0,1000.4039215743542,1000.6549019813538,1000.7882353067398,2000.4039215743542,2000.7137255072594,3000.054901961237,3000.3176470696926,3000.4941176474094,3000.635294139385,3001.0,149.86638183593752,157.6143341064453,162.65835571289062,166.62832641601562,170.12503051757812,173.5721435546875,177.27104949951172,182.01102294921876,192.24295043945312,346.64764404296875,238.6859,1.0,test_data/Useful/Validation/Three Quarter at 1 ft/IMG-20240821-WA0255.jpg,1836.0,293.0,32.083776473810055
39,0.0,0.0,0.0,0.0,0.0,0.0,0.0,0.0,0.0,0.0,0.0,0.0,0.0,0.0,0.0,0.0,0.0,0.0,0.0,0.0,0.0,0.0,0.0,0.0,0.0,0.0,0.0,0.0,0.0,1.0,1.0,1.0,2.0,3.0,3.0,3.0,3.8799999999999955,4.0,4.0,4.0,5.0,5.0,6.0,6.0,6.800000000000011,7.0,8.0,8.0,8.0,9.0,9.240000000000009,10.0,10.0,11.0,11.200000000000045,12.0,12.0,12.0,13.0,13.0,13.0,14.0,15.0,15.0,15.600000000000023,16.0,16.0,17.0,17.0,17.799999999999955,18.0,18.0,19.0,19.0,19.0,20.0,20.0,21.0,21.960000000000036,22.0,22.440000000000055,23.0,24.0,25.0,26.0,26.0,27.0,27.0,28.0,29.0,30.0,30.08000000000004,32.0,32.0,33.0,34.0,38.27999999999997,41.51999999999998,45.75999999999999,57.0,0.0,1000.5294117927551,1000.7372549176216,1000.8470588326454,2000.3490196168423,2000.745098054409,3000.0509803928435,3000.380392163992,3000.572549045086,3000.717647075653,3001.0,153.12736053466796,160.77011108398438,165.67079162597656,169.5577850341797,173.02114868164062,176.4545440673828,180.0087127685547,184.51722717285156,194.25469970703125,347.1426086425781,237.27612,1.0,test_data/Useful/Validation/Three Quarter at 1 ft/IMG-20240821-WA0256.jpg,2105.0,307.0,29.142888960620503
40,0.0,0.0,0.0,0.0,0.0,0.0,0.0,0.0,0.0,0.0,0.0,0.0,0.0,0.0,0.0,0.0,0.0,0.0,0.0,0.0,0.0,0.0,0.0,0.0,0.0,0.0,0.0,0.0,0.0,0.0,0.0,0.0,0.0,0.0,0.0,1.0,1.0,1.0,2.0,2.0,3.0,3.0,4.0,4.0,5.0,5.0,5.279999999999973,6.0,6.0,6.0,7.0,7.0,7.0,8.0,8.0,9.0,10.0,10.0,11.0,11.0,11.639999999999986,12.0,13.0,13.0,13.0,13.840000000000032,14.0,14.0,14.559999999999945,15.0,15.0,16.0,16.0,16.0,17.0,17.24000000000001,18.0,18.0,19.0,19.0,20.0,21.0,21.91999999999996,22.0,23.0,23.0,23.0,24.0,25.0,25.0,26.0,27.0,28.0,30.0,31.0,33.0,34.0,38.51999999999998,44.0,72.0,0.0,1000.3019607961178,1000.5490196347237,1000.705882370472,1000.811764717102,1000.9529411792755,2000.2705882489681,2000.4941176474094,2000.6588235497475,2000.7921568751335,3001.0,153.5270004272461,161.1615478515625,166.09877014160156,169.95063171386718,173.31320190429688,176.6189422607422,180.1231231689453,184.59603881835938,193.84664916992188,347.071533203125,238.65823,1.0,test_data/Useful/Validation/Three Quarter at 1 ft/WhatsApp Image 2024-08-21 at 14.16.45.jpeg,2072.0,272.0,31.915697233504478
41,0.0,0.0,0.0,0.0,0.0,0.0,0.0,0.0,0.0,0.0,0.0,0.0,0.0,0.0,0.0,0.0,0.0,0.0,0.0,0.0,0.0,0.0,0.0,0.0,0.0,0.0,0.0,0.0,0.0,0.0,0.0,0.0,0.0,0.0,0.0,0.0,0.0,1.0,2.0,2.6000000000000227,3.0,3.0,4.0,4.0,5.0,5.0,6.0,6.0,6.0,7.0,7.0,8.0,8.0,8.0,9.0,9.0,10.0,10.0,11.0,11.0,11.639999999999986,12.0,13.0,13.0,14.0,14.840000000000032,15.0,15.0,15.0,16.0,16.0,16.279999999999973,17.0,17.0,17.0,18.0,18.0,18.0,19.0,19.0,20.0,20.0,20.0,21.0,22.0,23.0,24.0,24.120000000000005,25.0,26.0,27.0,28.0,29.0,30.0,31.0,33.0,33.27999999999997,36.51999999999998,39.0,66.0,0.0,1000.2901960909367,1000.5294117927551,1000.6862745285034,1000.7921568751335,1000.9098039269447,2000.2274509817362,2000.4784313738346,2000.65098041296,2000.7886274635796,3001.0,153.73263549804688,161.40367126464844,166.369140625,170.2156219482422,173.6347198486328,176.92022399902345,180.39718780517578,184.8604461669922,194.12186584472656,347.0422668457031,237.8276,1.0,test_data/Useful/Validation/Three Quarter at 1 ft/WhatsApp Image 2024-08-21 at 14.16.46 (1).jpeg,2057.0,267.0,33.33785833012906
42,0.0,0.0,0.0,0.0,0.0,0.0,0.0,0.0,0.0,0.0,0.0,0.0,0.0,0.0,0.0,0.0,0.0,0.0,0.0,0.0,0.0,0.0,0.0,0.0,0.0,0.0,0.0,0.0,0.0,0.0,0.0,0.0,0.0,0.0,0.0,0.0,0.8799999999999955,1.0,1.0,2.0,2.0,2.0,3.0,3.0,4.0,5.0,5.0,6.0,6.0,7.0,7.0,7.0,8.0,8.0,8.200000000000045,9.0,10.0,10.0,10.0,11.0,11.639999999999986,12.0,12.0,13.0,13.0,13.0,14.0,15.0,15.0,15.0,16.0,16.0,16.0,17.0,17.0,17.0,17.0,18.0,18.0,18.0,19.0,19.0,20.0,20.159999999999968,21.0,22.0,23.0,23.0,24.0,25.0,26.0,26.0,27.0,28.559999999999945,31.0,32.0,33.0,36.0,42.51999999999998,70.0,0.0,1000.2784313857555,1000.5137255191803,1000.6705882549286,1000.7764706015587,1000.8823529481888,2000.1411764770746,2000.447058826685,2000.6352941393852,2000.784313738346,3001.0,153.59627227783204,161.35386962890624,166.22976684570312,170.04840087890625,173.42770385742188,176.69500732421875,180.2198944091797,184.64883422851562,193.94632415771486,347.0635681152344,238.09012,1.0,test_data/Useful/Validation/Three Quarter at 1 ft/WhatsApp Image 2024-08-21 at 14.16.46 (2).jpeg,2028.0,263.0,30.94442982221164
43,0.0,0.0,0.0,0.0,0.0,0.0,0.0,0.0,0.0,0.0,0.0,0.0,0.0,0.0,0.0,0.0,0.0,0.0,0.0,0.0,0.0,0.0,0.0,0.0,0.0,0.0,0.0,0.0,0.0,0.0,0.0,0.0,0.0,1.0,1.0,1.0,1.0,2.0,2.0,3.0,3.0,4.0,4.0,5.0,5.0,6.0,6.0,7.0,7.0,8.0,8.0,8.0,9.0,9.0,10.0,10.0,10.0,11.0,11.159999999999968,12.0,12.0,12.0,13.0,13.0,14.0,14.0,15.0,15.0,15.0,16.0,16.0,16.0,16.0,17.0,17.0,17.0,18.0,18.0,19.0,19.0,20.0,20.0,20.91999999999996,21.0,22.0,23.0,23.879999999999995,24.0,25.0,25.0,26.0,27.0,28.0,29.559999999999945,30.799999999999955,32.0,34.0,39.0,44.51999999999998,66.0,0.0,1000.2941176593304,1000.5333333611488,1000.6823529601097,1000.7843137383461,1000.8901960849762,2000.1725490242243,2000.4627451002598,2000.6431372761726,2000.784313738346,3001.0,153.52218170166014,161.26685180664063,166.21422576904297,170.0231903076172,173.43671417236328,176.71926879882812,180.24427032470703,184.63387145996094,194.1852996826172,347.08966064453125,237.84195,1.0,test_data/Useful/Validation/Three Quarter at 1 ft/WhatsApp Image 2024-08-21 at 14.16.46 (3).jpeg,2070.0,281.0,35.29781363369958
44,0.0,0.0,0.0,0.0,0.0,0.0,0.0,0.0,0.0,0.0,0.0,0.0,0.0,0.0,0.0,0.0,0.0,0.0,0.0,0.0,0.0,0.0,0.0,0.0,0.0,0.0,0.0,0.0,0.0,0.0,0.0,0.0,0.0,0.0,0.0,0.0,1.0,1.0,1.0,2.0,2.0,3.0,3.0,3.0,4.0,5.0,5.0,6.0,6.0,7.0,8.0,8.0,8.0,9.0,9.0,9.440000000000055,10.0,11.0,11.159999999999968,12.0,12.0,13.0,13.0,13.0,14.0,14.0,15.0,15.0,16.0,16.0,16.0,16.279999999999973,17.0,17.0,17.0,18.0,18.0,18.720000000000027,19.0,19.200000000000045,20.0,21.0,22.0,23.0,23.0,23.0,24.0,25.0,25.0,25.0,26.0,27.0,28.32000000000005,30.0,31.799999999999955,33.0,36.0,40.0,42.0,57.0,0.0,1000.2784313857555,1000.5137255191803,1000.6705882549286,1000.7764706015587,1000.8784313797951,2000.1294117718935,2000.4509803950787,2000.6431372761726,2000.7960784435272,3001.0,153.75424194335938,161.32229614257812,166.2581024169922,170.1457061767578,173.51507568359375,176.78515625,180.29263305664062,184.6928253173828,193.91282653808594,347.0826416015625,237.66666,1.0,test_data/Useful/Validation/Three Quarter at 1 ft/WhatsApp Image 2024-08-21 at 14.16.46.jpeg,2003.0,272.0,32.8008715265199
45,0.0,0.0,0.0,0.0,0.0,0.0,0.0,0.0,0.0,0.0,0.0,0.0,0.0,0.0,0.0,0.0,0.0,0.0,0.0,0.0,0.0,0.0,0.0,0.0,0.0,0.0,0.0,0.0,0.0,0.0,0.0,0.0,0.0,0.0,0.0,0.0,0.0,1.0,2.0,2.6000000000000227,3.0,3.0,4.0,4.0,5.0,5.0,6.0,6.0,6.0,7.0,7.0,8.0,8.0,8.0,9.0,9.0,10.0,10.0,11.0,11.0,11.639999999999986,12.0,13.0,13.0,14.0,14.840000000000032,15.0,15.0,15.0,16.0,16.0,16.279999999999973,17.0,17.0,17.0,18.0,18.0,18.0,19.0,19.0,20.0,20.0,20.0,21.0,22.0,23.0,24.0,24.120000000000005,25.0,26.0,27.0,28.0,29.0,30.0,31.0,33.0,33.27999999999997,36.51999999999998,39.0,66.0,0.0,1000.2901960909367,1000.5294117927551,1000.6862745285034,1000.7921568751335,1000.9098039269447,2000.2274509817362,2000.4784313738346,2000.65098041296,2000.7886274635796,3001.0,153.73263549804688,161.40367126464844,166.369140625,170.2156219482422,173.6347198486328,176.92022399902345,180.39718780517578,184.8604461669922,194.12186584472656,347.0422668457031,237.8276,1.0,test_data/Useful/Validation/Three Quarter at 1 ft/WhatsApp Image 2024-08-21 at 14.16.47 (1).jpeg,2057.0,267.0,29.80390809323359
46,0.0,0.0,0.0,0.0,0.0,0.0,0.0,0.0,0.0,0.0,0.0,0.0,0.0,0.0,0.0,0.0,0.0,0.0,0.0,0.0,0.0,0.0,0.0,0.0,0.0,0.0,0.0,0.0,0.0,0.0,0.0,0.0,0.0,1.0,1.0,1.0,1.0,2.0,2.0,3.0,3.0,4.0,4.0,5.0,5.0,6.0,6.0,7.0,7.0,8.0,8.0,8.0,9.0,9.0,10.0,10.0,10.0,11.0,11.159999999999968,12.0,12.0,12.0,13.0,13.0,14.0,14.0,15.0,15.0,15.0,16.0,16.0,16.0,16.0,17.0,17.0,17.0,18.0,18.0,19.0,19.0,20.0,20.0,20.91999999999996,21.0,22.0,23.0,23.879999999999995,24.0,25.0,25.0,26.0,27.0,28.0,29.559999999999945,30.799999999999955,32.0,34.0,39.0,44.51999999999998,66.0,0.0,1000.2941176593304,1000.5333333611488,1000.6823529601097,1000.7843137383461,1000.8901960849762,2000.1725490242243,2000.4627451002598,2000.6431372761726,2000.784313738346,3001.0,153.52218170166014,161.26685180664063,166.21422576904297,170.0231903076172,173.43671417236328,176.71926879882812,180.24427032470703,184.63387145996094,194.1852996826172,347.08966064453125,237.84195,1.0,test_data/Useful/Validation/Three Quarter at 1 ft/WhatsApp Image 2024-08-21 at 14.16.47 (2).jpeg,2070.0,281.0,31.51187061388296
47,0.0,0.0,0.0,0.0,0.0,0.0,0.0,0.0,0.0,0.0,0.0,0.0,0.0,0.0,0.0,0.0,0.0,0.0,0.0,0.0,0.0,0.0,0.0,0.0,0.0,0.0,0.0,0.0,0.0,0.0,0.0,0.0,0.0,0.0,0.0,1.0,1.0,2.0,2.0,3.0,3.0,4.0,4.0,5.0,5.0,5.0,6.0,6.0,7.0,7.0,8.0,8.0,8.0,9.0,9.0,10.0,10.0,11.0,11.0,11.399999999999977,12.0,12.0,13.0,13.0,14.0,14.0,14.0,15.0,15.0,16.0,16.0,16.0,17.0,17.0,17.0,18.0,18.0,18.0,19.0,19.0,20.0,20.67999999999995,21.0,22.0,22.0,23.0,24.0,25.0,25.0,26.0,26.840000000000032,28.0,29.0,30.0,31.0,32.039999999999964,34.27999999999997,37.039999999999964,42.75999999999999,75.0,0.0,1000.2784313857555,1000.5058823823929,1000.6627451181412,1000.772549033165,1000.8784313797951,2000.1294117718935,2000.4392156898975,2000.6274510025978,2000.7764706015587,3001.0,153.05508728027343,160.723779296875,165.71397857666017,169.5991973876953,173.0672607421875,176.3959167480469,179.87964477539063,184.43386230468752,193.96690368652344,347.03155517578125,238.18958,1.0,test_data/Useful/Validation/Three Quarter at 1 ft/WhatsApp Image 2024-08-21 at 14.16.47 (3).jpeg,2064.0,274.0,23.172179888463127
48,0.0,0.0,0.0,0.0,0.0,0.0,0.0,0.0,0.0,0.0,0.0,0.0,0.0,0.0,0.0,0.0,0.0,0.0,0.0,0.0,0.0,0.0,0.0,0.0,0.0,0.0,0.0,0.0,0.0,0.0,0.0,0.0,0.0,0.0,0.0,0.0,0.8799999999999955,1.0,1.0,2.0,2.0,2.0,3.0,3.0,4.0,5.0,5.0,6.0,6.0,7.0,7.0,7.0,8.0,8.0,8.200000000000045,9.0,10.0,10.0,10.0,11.0,11.639999999999986,12.0,12.0,13.0,13.0,13.0,14.0,15.0,15.0,15.0,16.0,16.0,16.0,17.0,17.0,17.0,17.0,18.0,18.0,18.0,19.0,19.0,20.0,20.159999999999968,21.0,22.0,23.0,23.0,24.0,25.0,26.0,26.0,27.0,28.559999999999945,31.0,32.0,33.0,36.0,42.51999999999998,70.0,0.0,1000.2784313857555,1000.5137255191803,1000.6705882549286,1000.7764706015587,1000.8823529481888,2000.1411764770746,2000.447058826685,2000.6352941393852,2000.784313738346,3001.0,153.59627227783204,161.35386962890624,166.22976684570312,170.04840087890625,173.42770385742188,176.69500732421875,180.2198944091797,184.64883422851562,193.94632415771486,347.0635681152344,238.09012,1.0,test_data/Useful/Validation/Three Quarter at 1 ft/WhatsApp Image 2024-08-21 at 14.16.47.jpeg,2028.0,263.0,27.99300549087056
49,0.0,0.0,0.0,0.0,0.0,0.0,0.0,0.0,0.0,0.0,0.0,0.0,0.0,0.0,0.0,0.0,0.0,0.0,0.0,0.0,0.0,0.0,0.0,0.0,0.0,0.0,0.0,0.0,0.0,0.0,0.0,0.0,0.0,0.0,0.0,1.0,1.0,2.0,2.0,3.0,3.0,4.0,4.0,5.0,5.0,5.0,6.0,6.0,7.0,7.0,8.0,8.0,8.0,9.0,9.0,10.0,10.0,11.0,11.0,11.399999999999977,12.0,12.0,13.0,13.0,14.0,14.0,14.0,15.0,15.0,16.0,16.0,16.0,17.0,17.0,17.0,18.0,18.0,18.0,19.0,19.0,20.0,20.67999999999995,21.0,22.0,22.0,23.0,24.0,25.0,25.0,26.0,26.840000000000032,28.0,29.0,30.0,31.0,32.039999999999964,34.27999999999997,37.039999999999964,42.75999999999999,75.0,0.0,1000.2784313857555,1000.5058823823929,1000.6627451181412,1000.772549033165,1000.8784313797951,2000.1294117718935,2000.4392156898975,2000.6274510025978,2000.7764706015587,3001.0,153.05508728027343,160.723779296875,165.71397857666017,169.5991973876953,173.0672607421875,176.3959167480469,179.87964477539063,184.43386230468752,193.96690368652344,347.03155517578125,238.18958,1.0,test_data/Useful/Validation/Three Quarter at 1 ft/WhatsApp Image 2024-08-21 at 14.16.48 (1).jpeg,2064.0,274.0,35.24436550183511
50,0.0,0.0,0.0,0.0,0.0,0.0,0.0,0.0,0.0,0.0,0.0,0.0,0.0,0.0,0.0,0.0,0.0,0.0,0.0,0.0,0.0,0.0,0.0,0.0,0.0,0.0,0.0,0.0,0.0,0.0,0.0,0.0,0.0,0.0,0.39999999999997726,1.0,1.0,2.0,2.0,2.0,3.0,3.0,4.0,4.560000000000002,5.0,5.0,6.0,6.0,7.0,7.0,8.0,8.0,8.0,9.0,9.0,10.0,10.0,10.0,11.0,11.0,11.639999999999986,12.0,12.120000000000005,13.0,14.0,14.0,14.0,15.0,15.0,15.0,16.0,16.0,16.0,17.0,17.0,17.0,18.0,18.0,19.0,19.0,20.0,21.0,22.0,23.0,24.0,24.0,25.0,26.0,26.0,27.0,27.0,28.0,31.0,32.0,33.0,34.0,37.0,38.51999999999998,43.0,59.0,0.0,1000.3490196168423,1000.5882353186607,1000.7254902124405,1000.8274509906769,2000.0039215688594,2000.3098039329052,2000.5098039507866,2000.6627451181412,2000.7882353067398,3001.0,152.74820861816406,160.61468505859375,165.55937957763672,169.47510375976563,172.9161834716797,176.30516662597657,179.91852111816405,184.5002014160156,194.17001342773438,347.05975341796875,238.29239,1.0,test_data/Useful/Validation/Three Quarter at 1 ft/WhatsApp Image 2024-08-21 at 14.16.48 (2).jpeg,2132.0,281.0,33.529357380395936
51,0.0,0.0,0.0,0.0,0.0,0.0,0.0,0.0,0.0,0.0,0.0,0.0,0.0,0.0,0.0,0.0,0.0,0.0,0.0,0.0,0.0,0.0,0.0,0.0,0.0,0.0,0.0,0.0,0.0,0.0,0.0,0.0,0.0,0.0,0.0,1.0,1.0,1.0,2.0,2.0,2.0,3.0,3.319999999999993,4.0,5.0,5.0,6.0,6.0,6.759999999999991,7.0,7.0,8.0,8.0,9.0,9.0,10.0,10.0,10.919999999999959,11.0,11.399999999999977,12.0,12.0,13.0,13.0,14.0,14.0,15.0,15.0,16.0,16.0,17.0,17.0,17.0,18.0,18.0,18.0,19.0,19.0,20.0,21.0,21.0,22.0,22.0,22.159999999999968,23.0,24.0,24.0,25.0,25.0,26.0,26.0,27.0,28.0,29.559999999999945,31.0,33.0,35.27999999999997,38.0,44.27999999999997,73.0,0.0,1000.3215686380863,1000.5607843399048,1000.7098039388657,1000.811764717102,1000.9647058844566,2000.2627451121807,2000.4784313738346,2000.6352941393852,2000.7686274647713,3001.0,153.4471450805664,161.15187377929686,166.14053039550782,169.98900756835937,173.37989807128906,176.61837768554688,180.17025756835938,184.60696411132812,194.1190948486328,347.0399475097656,237.98602,1.0,test_data/Useful/Validation/Three Quarter at 1 ft/WhatsApp Image 2024-08-21 at 14.16.48 (3).jpeg,2048.0,275.0,35.18513927036257
52,0.0,0.0,0.0,0.0,0.0,0.0,0.0,0.0,0.0,0.0,0.0,0.0,0.0,0.0,0.0,0.0,0.0,0.0,0.0,0.0,0.0,0.0,0.0,0.0,0.0,0.0,0.0,0.0,0.0,0.0,0.0,0.0,0.0,0.0,0.39999999999997726,1.0,1.0,2.0,2.0,2.0,3.0,3.0,4.0,4.560000000000002,5.0,5.0,6.0,6.0,7.0,7.0,8.0,8.0,8.0,9.0,9.0,10.0,10.0,10.0,11.0,11.0,11.639999999999986,12.0,12.120000000000005,13.0,14.0,14.0,14.0,15.0,15.0,15.0,16.0,16.0,16.0,17.0,17.0,17.0,18.0,18.0,19.0,19.0,20.0,21.0,22.0,23.0,24.0,24.0,25.0,26.0,26.0,27.0,27.0,28.0,31.0,32.0,33.0,34.0,37.0,38.51999999999998,43.0,59.0,0.0,1000.3490196168423,1000.5882353186607,1000.7254902124405,1000.8274509906769,2000.0039215688594,2000.3098039329052,2000.5098039507866,2000.6627451181412,2000.7882353067398,3001.0,152.74820861816406,160.61468505859375,165.55937957763672,169.47510375976563,172.9161834716797,176.30516662597657,179.91852111816405,184.5002014160156,194.17001342773438,347.05975341796875,238.29239,1.0,test_data/Useful/Validation/Three Quarter at 1 ft/WhatsApp Image 2024-08-21 at 14.16.48.jpeg,2132.0,281.0,32.519422090337486
53,0.0,0.0,0.0,0.0,0.0,0.0,0.0,0.0,0.0,0.0,0.0,0.0,0.0,0.0,0.0,0.0,0.0,0.0,0.0,0.0,0.0,0.0,0.0,0.0,0.0,0.0,0.0,0.0,0.0,0.0,0.0,0.0,0.0,1.0,1.0,1.0,2.0,2.0,3.0,3.0,4.0,4.0,5.0,5.0,6.0,6.0,6.0,6.0,7.0,7.0,7.0,8.0,8.0,9.0,9.0,10.0,10.0,10.0,10.159999999999968,11.0,11.0,12.0,12.0,13.0,13.0,14.0,15.0,15.0,15.0,15.0,16.0,16.0,16.519999999999982,17.0,17.0,18.0,18.0,18.0,19.0,20.0,20.0,21.0,21.91999999999996,22.0,23.0,24.0,24.0,25.0,25.0,26.0,26.840000000000032,27.0,29.0,31.0,33.0,35.0,37.27999999999997,40.0,42.75999999999999,70.0,0.0,1000.352941185236,1000.5921568870544,1000.7294117808342,1000.839215695858,2000.0196078438312,2000.3294117748737,2000.517647087574,2000.6588235497475,2000.7803921699524,3001.0,152.94483947753906,160.6017303466797,165.5856475830078,169.44308471679688,172.89462280273438,176.2433624267578,179.83827209472656,184.36572265625,194.0369415283203,347.05218505859375,238.36731,1.0,test_data/Useful/Validation/Three Quarter at 1 ft/WhatsApp Image 2024-08-21 at 14.16.49 (1).jpeg,2128.0,284.0,29.72296285509969
54,0.0,0.0,0.0,0.0,0.0,0.0,0.0,0.0,0.0,0.0,0.0,0.0,0.0,0.0,0.0,0.0,0.0,0.0,0.0,0.0,0.0,0.0,0.0,0.0,0.0,0.0,0.0,0.0,0.0,0.0,0.0,0.0,0.0,0.0,0.0,0.0,1.0,1.0,1.0,2.0,2.0,2.0,2.319999999999993,3.0,3.0,4.0,4.0,5.0,5.0,5.0,6.0,6.0,7.0,7.0,7.0,8.0,8.67999999999995,9.0,9.0,10.0,10.0,10.879999999999995,11.0,11.0,12.0,12.0,13.0,13.0,14.0,14.0,14.039999999999964,15.0,15.0,15.0,16.0,17.0,17.0,18.0,19.0,19.0,20.0,21.0,22.0,22.0,23.0,24.0,25.0,25.120000000000005,26.0,27.0,28.0,30.0,31.0,32.0,33.0,35.0,37.0,38.51999999999998,42.27999999999997,75.0,0.0,1000.3294117748737,1000.5725490450859,1000.7176470756531,1000.8235294222832,1001.0,2000.2901960909367,2000.5019608139992,2000.6549019813538,2000.7882353067398,3001.0,153.4232940673828,161.18817138671875,166.06045532226562,169.9091796875,173.3087921142578,176.58094787597656,180.13015747070312,184.6043243408203,194.0499725341797,347.0580749511719,238.32994,1.0,test_data/Useful/Validation/Three Quarter at 1 ft/WhatsApp Image 2024-08-21 at 14.16.49 (2).jpeg,2141.0,262.0,30.573607020655896
55,0.0,0.0,0.0,0.0,0.0,0.0,0.0,0.0,0.0,0.0,0.0,0.0,0.0,0.0,0.0,0.0,0.0,0.0,0.0,0.0,0.0,0.0,0.0,0.0,0.0,0.0,0.0,0.0,0.0,0.0,0.0,0.0,0.0,1.0,1.0,1.0,2.0,2.0,3.0,3.0,4.0,4.0,5.0,5.0,6.0,6.0,6.0,6.0,7.0,7.0,7.0,8.0,8.0,9.0,9.0,10.0,10.0,10.0,10.159999999999968,11.0,11.0,12.0,12.0,13.0,13.0,14.0,15.0,15.0,15.0,15.0,16.0,16.0,16.519999999999982,17.0,17.0,18.0,18.0,18.0,19.0,20.0,20.0,21.0,21.91999999999996,22.0,23.0,24.0,24.0,25.0,25.0,26.0,26.840000000000032,27.0,29.0,31.0,33.0,35.0,37.27999999999997,40.0,42.75999999999999,70.0,0.0,1000.352941185236,1000.5921568870544,1000.7294117808342,1000.839215695858,2000.0196078438312,2000.3294117748737,2000.517647087574,2000.6588235497475,2000.7803921699524,3001.0,152.94483947753906,160.6017303466797,165.5856475830078,169.44308471679688,172.89462280273438,176.2433624267578,179.83827209472656,184.36572265625,194.0369415283203,347.05218505859375,238.36731,1.0,test_data/Useful/Validation/Three Quarter at 1 ft/WhatsApp Image 2024-08-21 at 14.16.49 (3).jpeg,2128.0,284.0,30.325968344560806
56,0.0,0.0,0.0,0.0,0.0,0.0,0.0,0.0,0.0,0.0,0.0,0.0,0.0,0.0,0.0,0.0,0.0,0.0,0.0,0.0,0.0,0.0,0.0,0.0,0.0,0.0,0.0,0.0,0.0,0.0,0.0,0.0,0.0,0.0,0.0,0.0,1.0,1.0,1.0,2.0,2.0,2.0,2.319999999999993,3.0,3.0,4.0,4.0,5.0,5.0,5.0,6.0,6.0,7.0,7.0,7.0,8.0,8.67999999999995,9.0,9.0,10.0,10.0,10.879999999999995,11.0,11.0,12.0,12.0,13.0,13.0,14.0,14.0,14.039999999999964,15.0,15.0,15.0,16.0,17.0,17.0,18.0,19.0,19.0,20.0,21.0,22.0,22.0,23.0,24.0,25.0,25.120000000000005,26.0,27.0,28.0,30.0,31.0,32.0,33.0,35.0,37.0,38.51999999999998,42.27999999999997,75.0,0.0,1000.3294117748737,1000.5725490450859,1000.7176470756531,1000.8235294222832,1001.0,2000.2901960909367,2000.5019608139992,2000.6549019813538,2000.7882353067398,3001.0,153.4232940673828,161.18817138671875,166.06045532226562,169.9091796875,173.3087921142578,176.58094787597656,180.13015747070312,184.6043243408203,194.0499725341797,347.0580749511719,238.32994,1.0,test_data/Useful/Validation/Three Quarter at 1 ft/WhatsApp Image 2024-08-21 at 14.16.49.jpeg,2141.0,262.0,29.030937406522636
57,0.0,0.0,0.0,0.0,0.0,0.0,0.0,0.0,0.0,0.0,0.0,0.0,0.0,0.0,0.0,0.0,0.0,0.0,0.0,0.0,0.0,0.0,0.0,0.0,0.0,0.0,0.0,0.0,0.0,0.0,0.0,0.0,0.0,0.0,0.0,1.0,1.0,1.0,2.0,2.0,2.0,3.0,3.319999999999993,4.0,5.0,5.0,6.0,6.0,6.759999999999991,7.0,7.0,8.0,8.0,9.0,9.0,10.0,10.0,10.919999999999959,11.0,11.399999999999977,12.0,12.0,13.0,13.0,14.0,14.0,15.0,15.0,16.0,16.0,17.0,17.0,17.0,18.0,18.0,18.0,19.0,19.0,20.0,21.0,21.0,22.0,22.0,22.159999999999968,23.0,24.0,24.0,25.0,25.0,26.0,26.0,27.0,28.0,29.559999999999945,31.0,33.0,35.27999999999997,38.0,44.27999999999997,73.0,0.0,1000.3215686380863,1000.5607843399048,1000.7098039388657,1000.811764717102,1000.9647058844566,2000.2627451121807,2000.4784313738346,2000.6352941393852,2000.7686274647713,3001.0,153.4471450805664,161.15187377929686,166.14053039550782,169.98900756835937,173.37989807128906,176.61837768554688,180.17025756835938,184.60696411132812,194.1190948486328,347.0399475097656,237.98602,1.0,test_data/Useful/Validation/Three Quarter at 1 ft/WhatsApp Image 2024-08-21 at 14.16.50 (1).jpeg,2048.0,275.0,32.10988323853703
58,0.0,0.0,0.0,0.0,0.0,0.0,0.0,0.0,0.0,0.0,0.0,0.0,0.0,0.0,0.0,0.0,0.0,0.0,0.0,0.0,0.0,0.0,0.0,0.0,0.0,0.0,0.0,0.0,0.0,0.0,0.0,0.0,0.0,0.0,1.0,1.0,1.0,2.0,2.0,3.0,3.0,3.0,3.0,4.0,5.0,5.0,5.0,6.0,6.759999999999991,7.0,7.0,8.0,8.0,8.960000000000036,9.0,9.0,10.0,10.0,10.0,11.0,11.0,11.0,12.0,12.0,13.0,13.0,13.0,14.0,14.559999999999945,15.0,15.0,16.0,16.0,16.0,17.0,17.0,17.0,18.0,18.0,19.0,19.0,20.0,20.0,20.159999999999968,21.0,22.0,23.0,23.0,24.360000000000014,25.0,26.0,27.0,28.0,29.559999999999945,31.0,32.0,33.27999999999997,35.51999999999998,37.75999999999999,49.0,0.0,1000.3137255012989,1000.5568627715111,1000.6980392336845,1000.8039215803146,1000.9568627476692,2000.2470588237047,2000.4627451002598,2000.623529434204,2000.7647058963776,3001.0,152.41055297851562,160.12966918945312,165.06011962890625,168.96133422851562,172.36181640625,175.67178344726562,179.19235229492188,183.7574005126953,193.4485626220703,346.9656982421875,238.64783,1.0,test_data/Useful/Validation/Three Quarter at 1 ft/WhatsApp Image 2024-08-21 at 14.16.50 (2).jpeg,2090.0,266.0,28.895766792803983
59,0.0,0.0,0.0,0.0,0.0,0.0,0.0,0.0,0.0,0.0,0.0,0.0,0.0,0.0,0.0,0.0,0.0,0.0,0.0,0.0,0.0,0.0,0.0,0.0,0.0,0.0,0.0,0.0,0.0,0.0,0.0,0.0,0.0,1.0,1.0,2.0,2.0,3.0,3.0,3.0,4.0,4.079999999999984,5.0,6.0,6.0,6.0,7.0,7.0,8.0,8.0,8.0,9.0,9.0,10.0,10.0,10.440000000000055,11.0,11.919999999999959,12.0,12.0,13.0,13.0,14.0,14.0,14.0,15.0,15.0,15.0,15.0,16.0,17.0,17.0,17.0,18.0,18.0,18.0,19.0,19.0,19.960000000000036,21.0,21.0,22.0,22.0,23.0,23.399999999999977,25.0,25.879999999999995,26.0,27.0,28.0,29.0,30.08000000000004,31.0,32.559999999999945,34.0,36.039999999999964,39.0,41.51999999999998,46.51999999999998,70.0,0.0,1000.3490196168423,1000.5686274766922,1000.6980392336845,1000.7803921699524,1000.905882358551,2000.298039227724,2000.5058823823929,2000.65098041296,2000.7607843279839,3001.0,150.609033203125,158.3913116455078,163.40756225585938,167.47027587890625,171.08753967285156,174.75971069335938,178.73898315429688,184.00741577148438,194.71734619140625,347.0558166503906,238.67569,1.0,test_data/Useful/Validation/Three Quarter at 1 ft/WhatsApp Image 2024-08-21 at 14.16.50 (3).jpeg,1901.0,294.0,30.475670415242593
60,0.0,0.0,0.0,0.0,0.0,0.0,0.0,0.0,0.0,0.0,0.0,0.0,0.0,0.0,0.0,0.0,0.0,0.0,0.0,0.0,0.0,0.0,0.0,0.0,0.0,0.0,0.0,0.0,0.0,0.0,0.0,0.0,0.0,0.0,0.0,0.0,0.0,0.12000000000000455,1.0,2.0,2.0,3.0,3.0,3.0,3.0,4.0,4.0,5.0,5.0,6.0,6.0,7.0,7.0,7.0,8.0,8.0,8.0,9.0,9.0,10.0,10.0,10.0,11.0,11.0,11.600000000000023,12.0,13.0,13.0,13.559999999999945,14.0,14.0,15.0,15.0,16.0,16.0,17.0,17.0,17.720000000000027,18.0,18.0,19.0,19.0,19.0,20.0,21.0,21.0,22.0,23.0,24.0,24.0,25.0,26.0,28.0,29.0,30.799999999999955,33.039999999999964,37.0,39.51999999999998,41.75999999999999,58.0,0.0,1000.4313725531101,1000.6941176652908,1000.8156862854958,1000.9647058844566,2000.5607843399048,2000.784313738346,3000.086274512112,3000.486274510622,3000.6862745285034,3001.0,153.0855270385742,160.68399047851562,165.6399688720703,169.58717346191406,173.02105712890625,176.37668151855468,179.97792510986326,184.6562957763672,195.04640197753906,347.21307373046875,235.24643,1.0,test_data/Useful/Validation/Three Quarter at 1 ft/WhatsApp Image 2024-08-21 at 14.17.07.jpeg,2772.0,263.0,31.950652500919645
61,0.0,0.0,0.0,0.0,0.0,0.0,0.0,0.0,0.0,0.0,0.0,0.0,0.0,0.0,0.0,0.0,0.0,0.0,0.0,0.0,0.0,0.0,0.0,0.0,0.0,0.0,0.0,0.0,0.0,0.0,0.0,0.0,0.0,0.0,0.0,0.0,0.0,0.0,0.0,1.0,1.839999999999975,2.0,2.0,3.0,3.0,4.0,4.0,5.0,5.0,5.0,6.0,6.0,7.0,7.0,8.0,8.0,8.0,9.0,9.0,10.0,10.0,11.0,11.120000000000005,12.0,12.0,13.0,13.0,14.0,14.0,14.0,15.0,15.0,15.0,16.0,16.0,16.0,17.0,18.0,18.0,19.0,19.0,19.0,20.0,21.0,22.0,22.639999999999986,23.0,24.0,25.0,26.0,27.0,28.0,29.0,30.0,32.0,33.039999999999964,36.27999999999997,38.51999999999998,43.27999999999997,53.0,0.0,1000.4274509847164,1000.6901960968971,1000.8156862854958,1000.9647058844566,2000.5333333611488,2000.7647058963776,3000.043137256056,3000.4549019634724,3000.6745098233223,3001.0,152.8974609375,160.5504150390625,165.4953826904297,169.3666259765625,172.85103607177734,176.2233123779297,179.90769958496094,184.6188201904297,194.930908203125,347.1766357421875,235.56075,1.0,test_data/Useful/Validation/Three Quarter at 1 ft/WhatsApp Image 2024-08-21 at 14.17.08 (1).jpeg,2756.0,269.0,27.392130164963614
62,0.0,0.0,0.0,0.0,0.0,0.0,0.0,0.0,0.0,0.0,0.0,0.0,0.0,0.0,0.0,0.0,0.0,0.0,0.0,0.0,0.0,0.0,0.0,0.0,0.0,0.0,0.0,0.0,0.0,0.0,0.0,0.0,0.0,0.0,0.0,1.0,1.0,2.0,2.0,3.0,3.0,3.0,3.319999999999993,4.0,4.800000000000011,5.0,6.0,6.0,7.0,8.0,8.0,8.0,8.720000000000027,9.0,10.0,10.0,10.0,11.0,11.0,11.0,12.0,12.0,13.0,13.0,13.0,13.0,14.0,14.0,14.559999999999945,15.0,15.0,15.0,16.0,16.0,16.0,17.0,17.0,18.0,18.0,19.0,19.440000000000055,20.0,21.0,22.0,22.0,23.0,24.0,24.120000000000005,25.0,26.0,28.0,29.0,30.32000000000005,31.0,32.0,33.0,35.0,41.51999999999998,44.0,63.0,0.0,1000.4901960790157,1000.7176470756531,1000.8274509906769,2000.0470588244498,2000.6000000238419,2000.800000011921,3000.1686274558306,3000.517647087574,3000.694117665291,3001.0,152.20301818847656,159.9821533203125,164.940625,168.85311889648438,172.3973388671875,175.87374877929688,179.56373596191406,184.48699951171875,195.3748779296875,347.158447265625,236.61803,1.0,test_data/Useful/Validation/Three Quarter at 1 ft/WhatsApp Image 2024-08-21 at 14.17.08 (2).jpeg,2733.0,296.0,27.51434424682129
63,0.0,0.0,0.0,0.0,0.0,0.0,0.0,0.0,0.0,0.0,0.0,0.0,0.0,0.0,0.0,0.0,0.0,0.0,0.0,0.0,0.0,0.0,0.0,0.0,0.0,0.0,0.0,0.0,0.0,0.0,0.0,0.0,0.0,0.0,0.0,0.0,0.0,0.12000000000000455,1.0,2.0,2.0,3.0,3.0,3.0,3.0,4.0,4.0,5.0,5.0,6.0,6.0,7.0,7.0,7.0,8.0,8.0,8.0,9.0,9.0,10.0,10.0,10.0,11.0,11.0,11.600000000000023,12.0,13.0,13.0,13.559999999999945,14.0,14.0,15.0,15.0,16.0,16.0,17.0,17.0,17.720000000000027,18.0,18.0,19.0,19.0,19.0,20.0,21.0,21.0,22.0,23.0,24.0,24.0,25.0,26.0,28.0,29.0,30.799999999999955,33.039999999999964,37.0,39.51999999999998,41.75999999999999,58.0,0.0,1000.4313725531101,1000.6941176652908,1000.8156862854958,1000.9647058844566,2000.5607843399048,2000.784313738346,3000.086274512112,3000.486274510622,3000.6862745285034,3001.0,153.0855270385742,160.68399047851562,165.6399688720703,169.58717346191406,173.02105712890625,176.37668151855468,179.97792510986326,184.6562957763672,195.04640197753906,347.21307373046875,235.24643,1.0,test_data/Useful/Validation/Three Quarter at 1 ft/WhatsApp Image 2024-08-21 at 14.17.08.jpeg,2772.0,263.0,33.061349663422035
64,0.0,0.0,0.0,0.0,0.0,0.0,0.0,0.0,0.0,0.0,0.0,0.0,0.0,0.0,0.0,0.0,0.0,0.0,0.0,0.0,0.0,0.0,0.0,0.0,0.0,0.0,0.0,0.0,0.0,0.0,0.0,0.0,0.0,0.0,0.0,0.0,0.0,1.0,1.0,2.0,2.0,3.0,3.0,4.0,4.0,5.0,5.0,5.0,5.759999999999991,6.0,6.0,7.0,7.0,7.0,7.2000000000000455,8.0,8.67999999999995,9.0,9.0,10.0,10.0,10.0,11.0,11.0,12.0,12.0,13.0,13.0,14.0,14.0,15.0,15.0,15.0,15.759999999999991,16.0,16.0,17.0,17.0,18.0,18.0,19.0,19.0,20.0,20.0,20.399999999999977,21.0,22.0,22.120000000000005,23.360000000000014,24.600000000000023,26.0,27.0,27.0,28.0,29.799999999999955,32.0,36.0,37.51999999999998,43.0,57.0,0.0,1000.4823529422283,1000.7215686440468,1000.8352941274643,2000.0274509806186,2000.5803921818733,2000.7960784435272,3000.117647059262,3000.501960813999,3000.690196096897,3001.0,152.6833953857422,160.45181274414062,165.4431915283203,169.37228393554688,172.82462310791016,176.22252807617187,179.8795440673828,184.6380828857422,195.13262939453125,347.1957702636719,235.39291,1.0,test_data/Useful/Validation/Three Quarter at 1 ft/WhatsApp Image 2024-08-21 at 14.17.09 (1).jpeg,2789.0,270.0,26.634625161159633
65,0.0,0.0,0.0,0.0,0.0,0.0,0.0,0.0,0.0,0.0,0.0,0.0,0.0,0.0,0.0,0.0,0.0,0.0,0.0,0.0,0.0,0.0,0.0,0.0,0.0,0.0,0.0,0.0,0.0,0.0,0.0,0.0,0.0,0.0,0.0,0.0,0.0,0.0,0.0,0.0,0.839999999999975,1.0,1.0,2.0,2.0,2.0,3.0,3.0,4.0,4.0,5.0,6.0,6.0,6.0,7.0,7.440000000000055,8.0,8.0,8.0,9.0,10.0,10.0,10.0,11.0,11.600000000000023,12.0,13.0,14.0,14.0,14.0,15.0,15.0,15.0,16.0,16.0,17.0,17.0,17.0,18.0,18.0,19.0,20.0,20.91999999999996,21.0,21.399999999999977,23.0,23.0,24.0,24.360000000000014,26.0,27.0,28.0,28.0,31.0,32.0,33.0,35.27999999999997,38.51999999999998,41.0,50.0,0.0,1000.4666666686535,1000.7137255072594,1000.8352941274643,2000.0470588244498,2000.5921568870544,2000.7921568751335,3000.090196080506,3000.4901960790157,3000.6823529601097,3001.0,152.65573425292968,160.35189819335938,165.2828369140625,169.22483520507814,172.7150115966797,176.09255981445312,179.7403564453125,184.49334716796875,195.09112548828125,347.1790771484375,235.0882,1.0,test_data/Useful/Validation/Three Quarter at 1 ft/WhatsApp Image 2024-08-21 at 14.17.09.jpeg,2745.0,263.0,28.32844776494572
66,0.0,0.0,0.0,0.0,0.0,0.0,0.0,0.0,0.0,0.0,0.0,0.0,0.0,0.0,0.0,0.0,0.0,0.0,0.0,0.0,0.0,0.0,0.0,0.0,0.0,0.0,0.0,0.0,0.0,0.0,0.0,0.0,0.0,0.0,0.0,0.0,0.0,0.0,0.0,1.0,1.0,2.0,2.0,2.0,3.0,3.0,4.0,5.0,5.0,6.0,6.0,6.0,7.0,8.0,8.0,9.0,10.0,10.0,11.0,11.0,12.0,12.0,13.0,13.0,13.0,14.0,14.0,14.0,14.0,15.0,15.0,15.0,16.0,16.0,16.0,17.0,17.0,17.0,18.0,18.0,18.0,19.0,19.0,20.0,20.0,21.0,22.0,23.0,23.0,24.0,24.840000000000032,26.0,26.32000000000005,29.0,30.0,32.0,34.0,36.0,43.0,47.0,0.0,1000.4980392158031,1000.7294117808342,1000.8509804010391,2000.1921568661928,2000.6274510025978,2000.8156862854958,3000.1529411822557,3000.5098039507866,3000.690196096897,3001.0,152.37049865722656,159.97988891601562,164.96633911132812,168.91127014160156,172.44805908203125,175.81146240234375,179.54684448242188,184.33935546875,195.016845703125,347.18365478515625,235.78549,1.0,test_data/Useful/Validation/Three Quarter at 1 ft/WhatsApp Image 2024-08-21 at 14.17.10 (1).jpeg,2822.0,272.0,32.231765480916714
67,0.0,0.0,0.0,0.0,0.0,0.0,0.0,0.0,0.0,0.0,0.0,0.0,0.0,0.0,0.0,0.0,0.0,0.0,0.0,0.0,0.0,0.0,0.0,0.0,0.0,0.0,0.0,0.0,0.0,0.0,0.0,0.0,0.0,0.0,0.0,0.0,0.0,1.0,1.0,2.0,2.0,3.0,3.0,4.0,4.0,5.0,6.0,6.0,6.0,7.0,7.0,7.480000000000018,8.0,8.960000000000036,9.0,9.0,10.0,10.0,11.0,11.0,12.0,12.0,12.0,12.360000000000014,13.0,14.0,14.0,15.0,15.0,15.0,16.0,16.0,17.0,17.0,17.0,18.0,18.0,19.0,19.0,19.200000000000045,20.0,20.0,21.0,21.0,21.399999999999977,22.0,23.0,24.0,25.0,26.0,27.0,28.0,29.0,30.0,31.0,31.039999999999964,34.0,36.51999999999998,39.75999999999999,55.0,0.0,1000.4705882370472,1000.7176470756531,1000.839215695858,2000.0941176488996,2000.6156862974167,2000.811764717102,3000.137254908681,3000.501960813999,3000.690196096897,3001.0,152.81405487060547,160.55504150390627,165.43597412109375,169.34083251953126,172.83973693847656,176.26311340332032,179.89924011230468,184.65365295410157,195.2671661376953,347.18316650390625,235.7234,1.0,test_data/Useful/Validation/Three Quarter at 1 ft/WhatsApp Image 2024-08-21 at 14.17.10 (2).jpeg,2744.0,288.0,29.67578508711592
68,0.0,0.0,0.0,0.0,0.0,0.0,0.0,0.0,0.0,0.0,0.0,0.0,0.0,0.0,0.0,0.0,0.0,0.0,0.0,0.0,0.0,0.0,0.0,0.0,0.0,0.0,0.0,0.0,0.0,0.0,0.0,0.0,0.0,0.0,0.0,0.0,0.0,0.0,0.0,1.0,1.0,2.0,2.0,2.0,3.0,3.0,4.0,5.0,5.0,6.0,6.0,6.0,7.0,8.0,8.0,9.0,10.0,10.0,11.0,11.0,12.0,12.0,13.0,13.0,13.0,14.0,14.0,14.0,14.0,15.0,15.0,15.0,16.0,16.0,16.0,17.0,17.0,17.0,18.0,18.0,18.0,19.0,19.0,20.0,20.0,21.0,22.0,23.0,23.0,24.0,24.840000000000032,26.0,26.32000000000005,29.0,30.0,32.0,34.0,36.0,43.0,47.0,0.0,1000.4980392158031,1000.7294117808342,1000.8509804010391,2000.1921568661928,2000.6274510025978,2000.8156862854958,3000.1529411822557,3000.5098039507866,3000.690196096897,3001.0,152.37049865722656,159.97988891601562,164.96633911132812,168.91127014160156,172.44805908203125,175.81146240234375,179.54684448242188,184.33935546875,195.016845703125,347.18365478515625,235.78549,1.0,test_data/Useful/Validation/Three Quarter at 1 ft/WhatsApp Image 2024-08-21 at 14.17.10 (3).jpeg,2822.0,272.0,28.35732741448312
69,0.0,0.0,0.0,0.0,0.0,0.0,0.0,0.0,0.0,0.0,0.0,0.0,0.0,0.0,0.0,0.0,0.0,0.0,0.0,0.0,0.0,0.0,0.0,0.0,0.0,0.0,0.0,0.0,0.0,0.0,0.0,0.0,0.0,0.0,0.0,0.0,0.0,1.0,1.0,2.0,2.0,3.0,3.0,4.0,4.0,5.0,5.0,5.0,5.759999999999991,6.0,6.0,7.0,7.0,7.0,7.2000000000000455,8.0,8.67999999999995,9.0,9.0,10.0,10.0,10.0,11.0,11.0,12.0,12.0,13.0,13.0,14.0,14.0,15.0,15.0,15.0,15.759999999999991,16.0,16.0,17.0,17.0,18.0,18.0,19.0,19.0,20.0,20.0,20.399999999999977,21.0,22.0,22.120000000000005,23.360000000000014,24.600000000000023,26.0,27.0,27.0,28.0,29.799999999999955,32.0,36.0,37.51999999999998,43.0,57.0,0.0,1000.4823529422283,1000.7215686440468,1000.8352941274643,2000.0274509806186,2000.5803921818733,2000.7960784435272,3000.117647059262,3000.501960813999,3000.690196096897,3001.0,152.6833953857422,160.45181274414062,165.4431915283203,169.37228393554688,172.82462310791016,176.22252807617187,179.8795440673828,184.6380828857422,195.13262939453125,347.1957702636719,235.39291,1.0,test_data/Useful/Validation/Three Quarter at 1 ft/WhatsApp Image 2024-08-21 at 14.17.10.jpeg,2789.0,270.0,24.994394875009558
70,0.0,0.0,0.0,0.0,0.0,0.0,0.0,0.0,0.0,0.0,0.0,0.0,0.0,0.0,0.0,0.0,0.0,0.0,0.0,0.0,0.0,0.0,0.0,0.0,0.0,0.0,0.0,0.0,0.0,0.0,0.0,0.0,0.0,0.0,0.0,0.0,0.0,1.0,1.0,2.0,2.0,3.0,3.0,3.5600000000000023,4.0,4.0,5.0,5.0,6.0,6.0,7.0,7.0,7.0,8.0,8.0,8.0,9.0,10.0,10.0,10.0,11.0,11.0,12.0,12.0,13.0,14.0,14.0,14.0,14.559999999999945,15.0,15.0,15.0,16.0,16.0,17.0,17.0,17.0,18.0,18.0,19.0,19.440000000000055,20.0,21.0,21.159999999999968,22.0,22.0,23.0,23.120000000000005,24.360000000000014,25.0,25.0,27.0,28.0,29.559999999999945,31.799999999999955,34.0,36.0,39.0,44.75999999999999,60.0,0.0,1000.4745098054409,1000.7176470756531,1000.839215695858,2000.0823529437184,2000.6000000238419,2000.7960784435272,3000.1058823540807,3000.4941176474094,3000.6862745285034,3001.0,152.72483520507814,160.39700317382812,165.39926147460938,169.2917236328125,172.80179595947266,176.2189483642578,179.87043151855468,184.6479217529297,195.15087890625,347.1763916015625,235.46588,1.0,test_data/Useful/Validation/Three Quarter at 1 ft/WhatsApp Image 2024-08-21 at 14.17.11.jpeg,2824.0,283.0,33.468282210500774
71,0.0,0.0,0.0,0.0,0.0,0.0,0.0,0.0,0.0,0.0,0.0,0.0,0.0,0.0,0.0,0.0,0.0,0.0,0.0,0.0,0.0,0.0,0.0,0.0,0.0,0.0,0.0,0.0,0.0,0.0,0.0,0.0,0.0,0.0,0.0,0.0,0.0,1.0,1.0,2.0,2.0,3.0,3.0,3.5600000000000023,4.0,4.0,5.0,5.0,6.0,6.0,7.0,7.0,7.0,8.0,8.0,8.0,9.0,10.0,10.0,10.0,11.0,11.0,12.0,12.0,13.0,14.0,14.0,14.0,14.559999999999945,15.0,15.0,15.0,16.0,16.0,17.0,17.0,17.0,18.0,18.0,19.0,19.440000000000055,20.0,21.0,21.159999999999968,22.0,22.0,23.0,23.120000000000005,24.360000000000014,25.0,25.0,27.0,28.0,29.559999999999945,31.799999999999955,34.0,36.0,39.0,44.75999999999999,60.0,0.0,1000.4745098054409,1000.7176470756531,1000.839215695858,2000.0823529437184,2000.6000000238419,2000.7960784435272,3000.1058823540807,3000.4941176474094,3000.6862745285034,3001.0,152.72483520507814,160.39700317382812,165.39926147460938,169.2917236328125,172.80179595947266,176.2189483642578,179.87043151855468,184.6479217529297,195.15087890625,347.1763916015625,235.46588,1.0,test_data/Useful/Validation/Three Quarter at 1 ft/WhatsApp Image 2024-08-21 at 14.17.14 (1).jpeg,2824.0,283.0,29.659786985699146
72,0.0,0.0,0.0,0.0,0.0,0.0,0.0,0.0,0.0,0.0,0.0,0.0,0.0,0.0,0.0,0.0,0.0,0.0,0.0,0.0,0.0,0.0,0.0,0.0,0.0,0.0,0.0,0.0,0.0,0.0,0.0,0.0,0.0,0.0,0.0,0.0,1.0,1.0,1.0,1.0,2.0,2.0,3.0,4.0,4.0,4.0,5.0,5.0,5.0,5.0,6.0,7.0,7.0,7.0,8.0,8.0,9.0,9.0,10.0,10.0,10.0,11.0,11.0,12.0,12.0,13.0,13.0,14.0,14.0,15.0,15.0,15.0,16.0,16.0,16.0,17.0,17.0,17.0,18.0,18.0,19.0,20.0,20.91999999999996,21.0,22.0,23.0,23.0,23.120000000000005,24.0,25.0,26.0,27.0,29.0,30.0,31.799999999999955,33.0,35.0,39.0,43.51999999999998,67.0,0.0,1000.4901960790157,1000.7294117808342,1000.8470588326454,2000.1686274558306,2000.6196078658104,2000.811764717102,3000.1529411822557,3000.5098039507866,3000.694117665291,3001.0,152.939501953125,160.6161346435547,165.55382843017577,169.49158630371093,172.94920349121094,176.3169708251953,180.01161193847656,184.7183380126953,195.16766357421875,347.16668701171875,235.4178,1.0,test_data/Useful/Validation/Three Quarter at 1 ft/WhatsApp Image 2024-08-21 at 14.17.14 (2).jpeg,2765.0,280.0,29.95173719759992
73,0.0,0.0,0.0,0.0,0.0,0.0,0.0,0.0,0.0,0.0,0.0,0.0,0.0,0.0,0.0,0.0,0.0,0.0,0.0,0.0,0.0,0.0,0.0,0.0,0.0,0.0,0.0,0.0,0.0,0.0,0.0,0.0,0.0,0.0,0.0,0.0,0.0,1.0,1.0,2.0,2.0,3.0,3.0,4.0,4.0,5.0,6.0,6.0,6.0,7.0,7.0,7.480000000000018,8.0,8.960000000000036,9.0,9.0,10.0,10.0,11.0,11.0,12.0,12.0,12.0,12.360000000000014,13.0,14.0,14.0,15.0,15.0,15.0,16.0,16.0,17.0,17.0,17.0,18.0,18.0,19.0,19.0,19.200000000000045,20.0,20.0,21.0,21.0,21.399999999999977,22.0,23.0,24.0,25.0,26.0,27.0,28.0,29.0,30.0,31.0,31.039999999999964,34.0,36.51999999999998,39.75999999999999,55.0,0.0,1000.4705882370472,1000.7176470756531,1000.839215695858,2000.0941176488996,2000.6156862974167,2000.811764717102,3000.137254908681,3000.501960813999,3000.690196096897,3001.0,152.81405487060547,160.55504150390627,165.43597412109375,169.34083251953126,172.83973693847656,176.26311340332032,179.89924011230468,184.65365295410157,195.2671661376953,347.18316650390625,235.7234,1.0,test_data/Useful/Validation/Three Quarter at 1 ft/WhatsApp Image 2024-08-21 at 14.17.14.jpeg,2744.0,288.0,31.04963226558649
74,0.0,0.0,0.0,0.0,0.0,0.0,0.0,0.0,0.0,0.0,0.0,0.0,0.0,0.0,0.0,0.0,0.0,0.0,0.0,0.0,0.0,0.0,0.0,0.0,0.0,0.0,0.0,0.0,0.0,0.0,0.0,0.0,0.0,0.0,0.0,0.0,1.0,1.0,1.0,1.0,2.0,2.0,3.0,4.0,4.0,4.0,5.0,5.0,5.0,5.0,6.0,7.0,7.0,7.0,8.0,8.0,9.0,9.0,10.0,10.0,10.0,11.0,11.0,12.0,12.0,13.0,13.0,14.0,14.0,15.0,15.0,15.0,16.0,16.0,16.0,17.0,17.0,17.0,18.0,18.0,19.0,20.0,20.91999999999996,21.0,22.0,23.0,23.0,23.120000000000005,24.0,25.0,26.0,27.0,29.0,30.0,31.799999999999955,33.0,35.0,39.0,43.51999999999998,67.0,0.0,1000.4901960790157,1000.7294117808342,1000.8470588326454,2000.1686274558306,2000.6196078658104,2000.811764717102,3000.1529411822557,3000.5098039507866,3000.694117665291,3001.0,152.939501953125,160.6161346435547,165.55382843017577,169.49158630371093,172.94920349121094,176.3169708251953,180.01161193847656,184.7183380126953,195.16766357421875,347.16668701171875,235.4178,1.0,test_data/Useful/Validation/Three Quarter at 1 ft/WhatsApp Image 2024-08-21 at 14.17.15 (1).jpeg,2765.0,280.0,34.466729418208175
75,0.0,0.0,0.0,0.0,0.0,0.0,0.0,0.0,0.0,0.0,0.0,0.0,0.0,0.0,0.0,0.0,0.0,0.0,0.0,0.0,0.0,0.0,0.0,0.0,0.0,0.0,0.0,0.0,0.0,0.0,0.0,0.0,0.0,0.0,1.0,1.0,1.0,2.0,2.0,3.0,3.0,4.0,4.0,5.0,5.0,5.0,6.0,7.0,7.0,7.0,7.0,8.0,8.720000000000027,9.0,9.0,10.0,10.0,11.0,11.0,12.0,13.0,13.0,14.0,14.0,14.0,15.0,15.0,15.0,16.0,16.0,17.0,17.0,17.0,18.0,18.0,18.0,19.0,19.0,20.0,20.0,21.0,22.0,22.0,23.0,23.0,24.0,25.0,26.0,26.0,26.600000000000023,27.840000000000032,28.0,29.0,30.0,31.0,33.0,35.0,38.0,45.0,79.0,0.0,1000.4980392158031,1000.7215686440468,1000.8313725590706,2000.1215686276555,2000.639215707779,2000.8235294222832,3000.215686276555,3000.533333361149,3000.6980392336845,3001.0,152.72508239746094,160.43592834472656,165.36679077148438,169.2626190185547,172.7561492919922,176.10063781738282,179.7733154296875,184.46783447265625,194.77378845214844,347.17034912109375,237.0903,1.0,test_data/Useful/Validation/Three Quarter at 1 ft/WhatsApp Image 2024-08-21 at 14.17.15 (2).jpeg,2422.0,300.0,30.580956050637965
76,0.0,0.0,0.0,0.0,0.0,0.0,0.0,0.0,0.0,0.0,0.0,0.0,0.0,0.0,0.0,0.0,0.0,0.0,0.0,0.0,0.0,0.0,0.0,0.0,0.0,0.0,0.0,0.0,0.0,0.0,0.0,0.0,0.0,0.0,0.0,0.0,0.0,0.0,0.0,0.0,0.839999999999975,1.0,1.0,2.0,2.0,2.0,3.0,3.0,4.0,4.0,5.0,6.0,6.0,6.0,7.0,7.440000000000055,8.0,8.0,8.0,9.0,10.0,10.0,10.0,11.0,11.600000000000023,12.0,13.0,14.0,14.0,14.0,15.0,15.0,15.0,16.0,16.0,17.0,17.0,17.0,18.0,18.0,19.0,20.0,20.91999999999996,21.0,21.399999999999977,23.0,23.0,24.0,24.360000000000014,26.0,27.0,28.0,28.0,31.0,32.0,33.0,35.27999999999997,38.51999999999998,41.0,50.0,0.0,1000.4666666686535,1000.7137255072594,1000.8352941274643,2000.0470588244498,2000.5921568870544,2000.7921568751335,3000.090196080506,3000.4901960790157,3000.6823529601097,3001.0,152.65573425292968,160.35189819335938,165.2828369140625,169.22483520507814,172.7150115966797,176.09255981445312,179.7403564453125,184.49334716796875,195.09112548828125,347.1790771484375,235.0882,1.0,test_data/Useful/Validation/Three Quarter at 1 ft/WhatsApp Image 2024-08-21 at 14.17.15.jpeg,2745.0,263.0,28.96347321112078
77,0.0,0.0,0.0,0.0,0.0,0.0,0.0,0.0,0.0,0.0,0.0,0.0,0.0,0.0,0.0,0.0,0.0,0.0,0.0,0.0,0.0,0.0,0.0,0.0,0.0,0.0,0.0,0.0,0.0,0.0,0.0,0.0,0.0,0.0,0.0,1.0,1.0,1.0,2.0,2.0,2.0,3.0,3.0,4.0,4.0,4.0,4.0,5.0,5.0,6.0,6.0,7.0,7.0,8.0,8.0,9.0,9.0,9.919999999999959,10.0,11.0,11.639999999999986,12.0,13.0,13.0,14.0,14.0,15.0,15.0,15.0,16.0,16.039999999999964,17.0,17.0,18.0,18.0,19.0,19.0,20.0,20.0,21.0,21.0,22.0,22.0,23.0,24.0,24.0,25.0,26.0,26.360000000000014,28.0,29.0,30.0,31.0,32.0,33.0,34.0,35.27999999999997,37.0,43.75999999999999,63.0,0.0,1000.54509806633,1000.745098054409,1000.8549019694328,2000.2196078449488,2000.6313725709915,2000.8078431487083,3000.176470592618,3000.529411792755,3000.6980392336845,3001.0,152.603515625,160.4033660888672,165.3553924560547,169.22915649414062,172.72769165039062,176.0647735595703,179.65068817138672,184.3201477050781,194.46961975097656,347.22454833984375,236.98871,1.0,test_data/Useful/Validation/Three Quarter at 1 ft/WhatsApp Image 2024-08-21 at 14.17.17.jpeg,2432.0,289.0,30.920924373347713
78,0.0,0.0,0.0,0.0,0.0,0.0,0.0,0.0,0.0,0.0,0.0,0.0,0.0,0.0,0.0,0.0,0.0,0.0,0.0,0.0,0.0,0.0,0.0,0.0,0.0,0.0,0.0,0.0,0.0,0.0,0.0,0.0,0.0,0.0,0.0,1.0,1.0,1.0,2.0,2.0,2.0,3.0,3.0,4.0,4.0,4.0,4.0,5.0,5.0,6.0,6.0,7.0,7.0,8.0,8.0,9.0,9.0,9.919999999999959,10.0,11.0,11.639999999999986,12.0,13.0,13.0,14.0,14.0,15.0,15.0,15.0,16.0,16.039999999999964,17.0,17.0,18.0,18.0,19.0,19.0,20.0,20.0,21.0,21.0,22.0,22.0,23.0,24.0,24.0,25.0,26.0,26.360000000000014,28.0,29.0,30.0,31.0,32.0,33.0,34.0,35.27999999999997,37.0,43.75999999999999,63.0,0.0,1000.54509806633,1000.745098054409,1000.8549019694328,2000.2196078449488,2000.6313725709915,2000.8078431487083,3000.176470592618,3000.529411792755,3000.6980392336845,3001.0,152.603515625,160.4033660888672,165.3553924560547,169.22915649414062,172.72769165039062,176.0647735595703,179.65068817138672,184.3201477050781,194.46961975097656,347.22454833984375,236.98871,1.0,test_data/Useful/Validation/Three Quarter at 1 ft/WhatsApp Image 2024-08-21 at 14.17.18 (1).jpeg,2432.0,289.0,33.89030024988938
79,0.0,0.0,0.0,0.0,0.0,0.0,0.0,0.0,0.0,0.0,0.0,0.0,0.0,0.0,0.0,0.0,0.0,0.0,0.0,0.0,0.0,0.0,0.0,0.0,0.0,0.0,0.0,0.0,0.0,0.0,0.0,0.0,0.0,0.0,1.0,1.0,1.0,2.0,2.0,3.0,3.0,4.0,4.0,5.0,5.0,5.0,6.0,7.0,7.0,7.0,7.0,8.0,8.720000000000027,9.0,9.0,10.0,10.0,11.0,11.0,12.0,13.0,13.0,14.0,14.0,14.0,15.0,15.0,15.0,16.0,16.0,17.0,17.0,17.0,18.0,18.0,18.0,19.0,19.0,20.0,20.0,21.0,22.0,22.0,23.0,23.0,24.0,25.0,26.0,26.0,26.600000000000023,27.840000000000032,28.0,29.0,30.0,31.0,33.0,35.0,38.0,45.0,79.0,0.0,1000.4980392158031,1000.7215686440468,1000.8313725590706,2000.1215686276555,2000.639215707779,2000.8235294222832,3000.215686276555,3000.533333361149,3000.6980392336845,3001.0,152.72508239746094,160.43592834472656,165.36679077148438,169.2626190185547,172.7561492919922,176.10063781738282,179.7733154296875,184.46783447265625,194.77378845214844,347.17034912109375,237.0903,1.0,test_data/Useful/Validation/Three Quarter at 1 ft/WhatsApp Image 2024-08-21 at 14.17.18.jpeg,2422.0,300.0,26.882302497874097
80,0.0,0.0,0.0,0.0,0.0,0.0,0.0,0.0,0.0,0.0,0.0,0.0,0.0,0.0,0.0,0.0,0.0,0.0,0.0,0.0,0.0,0.0,0.0,0.0,0.0,0.0,0.0,0.0,0.0,0.0,0.0,0.0,0.0,0.0,0.0,1.0,1.0,2.0,2.0,2.6000000000000227,3.0,3.0,4.0,4.0,5.0,5.0,6.0,6.0,7.0,7.0,8.0,8.0,9.0,9.0,10.0,10.0,10.0,10.919999999999959,11.0,12.0,12.0,12.0,13.0,13.0,14.0,14.0,15.0,15.0,15.0,16.0,16.0,17.0,17.0,18.0,18.0,19.0,19.0,19.0,20.0,20.0,21.0,22.0,22.91999999999996,23.0,24.0,25.0,25.0,26.0,27.0,28.0,29.0,30.0,31.0,32.0,34.799999999999955,36.039999999999964,38.0,41.51999999999998,45.75999999999999,67.0,0.0,1000.5019608139992,1000.7098039388657,1000.8196078538895,2000.1647058874369,2000.8274509906769,3000.1686274558306,3000.4431372582912,3000.6078431606293,3000.7411764860153,3001.0,153.5737777709961,161.20787048339844,166.152197265625,170.01402282714844,173.40843200683594,176.76055908203125,180.28151550292966,184.7816589355469,193.7706298828125,347.2001647949219,237.19505,1.0,test_data/Useful/Validation/Three Quarter at 1 ft/WhatsApp Image 2024-08-21 at 14.19.02 (1).jpeg,1952.0,281.0,29.422684183677003
81,0.0,0.0,0.0,0.0,0.0,0.0,0.0,0.0,0.0,0.0,0.0,0.0,0.0,0.0,0.0,0.0,0.0,0.0,0.0,0.0,0.0,0.0,0.0,0.0,0.0,0.0,0.0,0.0,0.0,0.0,0.0,0.0,0.0,0.0,0.0,1.0,1.0,2.0,2.0,2.6000000000000227,3.0,3.0,4.0,4.0,5.0,5.0,6.0,6.0,7.0,7.0,8.0,8.0,9.0,9.0,10.0,10.0,10.0,10.919999999999959,11.0,12.0,12.0,12.0,13.0,13.0,14.0,14.0,15.0,15.0,15.0,16.0,16.0,17.0,17.0,18.0,18.0,19.0,19.0,19.0,20.0,20.0,21.0,22.0,22.91999999999996,23.0,24.0,25.0,25.0,26.0,27.0,28.0,29.0,30.0,31.0,32.0,34.799999999999955,36.039999999999964,38.0,41.51999999999998,45.75999999999999,67.0,0.0,1000.5019608139992,1000.7098039388657,1000.8196078538895,2000.1647058874369,2000.8274509906769,3000.1686274558306,3000.4431372582912,3000.6078431606293,3000.7411764860153,3001.0,153.5737777709961,161.20787048339844,166.152197265625,170.01402282714844,173.40843200683594,176.76055908203125,180.28151550292966,184.7816589355469,193.7706298828125,347.2001647949219,237.19505,1.0,test_data/Useful/Validation/Three Quarter at 1 ft/WhatsApp Image 2024-08-21 at 14.19.02.jpeg,1952.0,281.0,25.961982316116007
82,0.0,0.0,0.0,0.0,0.0,0.0,0.0,0.0,0.0,0.0,0.0,0.0,0.0,0.0,0.0,0.0,0.0,0.0,0.0,0.0,0.0,0.0,0.0,0.0,0.0,0.0,0.0,0.0,0.0,0.0,0.0,0.0,0.9200000000000159,1.0,1.0,2.0,2.8799999999999955,3.0,3.0,4.0,4.0,5.0,5.0,5.560000000000002,6.0,6.0,7.0,7.0,8.0,8.0,9.0,9.0,9.0,9.0,10.0,10.0,10.0,11.0,11.0,12.0,12.0,12.0,13.0,14.0,14.0,14.0,15.0,15.0,15.0,16.0,16.0,17.0,17.0,17.0,17.0,18.0,18.0,18.0,19.0,20.0,20.0,21.0,21.0,22.0,23.0,24.0,24.879999999999995,25.0,26.0,26.0,27.0,28.0,28.32000000000005,30.0,31.799999999999955,35.0,39.0,41.0,44.75999999999999,60.0,0.0,1000.5019608139992,1000.7098039388657,1000.8196078538895,2000.031372550875,2000.7882353067398,3000.113725490868,3000.419607847929,3000.596078455448,3000.733333349228,3001.0,153.61121826171876,161.25231018066407,166.12579956054688,170.0548553466797,173.46572875976562,176.76629638671875,180.32240295410156,184.7293701171875,193.88584442138674,347.2058410644531,237.14502,1.0,test_data/Useful/Validation/Three Quarter at 1 ft/WhatsApp Image 2024-08-21 at 14.19.03 (1).jpeg,2053.0,284.0,30.2441840618708
83,0.0,0.0,0.0,0.0,0.0,0.0,0.0,0.0,0.0,0.0,0.0,0.0,0.0,0.0,0.0,0.0,0.0,0.0,0.0,0.0,0.0,0.0,0.0,0.0,0.0,0.0,0.0,0.0,0.0,0.0,0.0,0.0,0.9200000000000159,1.0,1.0,2.0,2.8799999999999955,3.0,3.0,4.0,4.0,5.0,5.0,5.560000000000002,6.0,6.0,7.0,7.0,8.0,8.0,9.0,9.0,9.0,9.0,10.0,10.0,10.0,11.0,11.0,12.0,12.0,12.0,13.0,14.0,14.0,14.0,15.0,15.0,15.0,16.0,16.0,17.0,17.0,17.0,17.0,18.0,18.0,18.0,19.0,20.0,20.0,21.0,21.0,22.0,23.0,24.0,24.879999999999995,25.0,26.0,26.0,27.0,28.0,28.32000000000005,30.0,31.799999999999955,35.0,39.0,41.0,44.75999999999999,60.0,0.0,1000.5019608139992,1000.7098039388657,1000.8196078538895,2000.031372550875,2000.7882353067398,3000.113725490868,3000.419607847929,3000.596078455448,3000.733333349228,3001.0,153.61121826171876,161.25231018066407,166.12579956054688,170.0548553466797,173.46572875976562,176.76629638671875,180.32240295410156,184.7293701171875,193.88584442138674,347.2058410644531,237.14502,1.0,test_data/Useful/Validation/Three Quarter at 1 ft/WhatsApp Image 2024-08-21 at 14.19.03 (2).jpeg,2053.0,284.0,34.97767776863902
84,0.0,0.0,0.0,0.0,0.0,0.0,0.0,0.0,0.0,0.0,0.0,0.0,0.0,0.0,0.0,0.0,0.0,0.0,0.0,0.0,0.0,0.0,0.0,0.0,0.0,0.0,0.0,0.0,0.0,0.0,0.0,0.0,0.0,0.0,1.0,1.0,1.0,2.0,2.3600000000000136,3.0,3.0,4.0,4.0,4.0,5.0,5.0,5.279999999999973,6.0,7.0,7.0,8.0,9.0,9.0,10.0,10.0,11.0,11.0,11.0,12.0,12.0,13.0,13.0,14.0,14.0,14.0,15.0,15.080000000000041,16.0,16.0,17.0,17.0,17.0,17.0,18.0,19.0,19.0,20.0,20.0,20.0,21.0,21.0,22.0,22.0,23.0,23.0,25.0,25.0,26.0,26.0,27.0,27.0,28.0,29.32000000000005,31.11999999999989,34.0,36.0,37.0,39.0,42.27999999999997,59.0,0.0,1000.4823529422283,1000.7019608020782,1000.811764717102,1001.0,2000.7803921699524,3000.117647059262,3000.4156862795353,3000.5921568870544,3000.729411780834,3001.0,153.7561065673828,161.57967529296874,166.46644592285156,170.3312530517578,173.76681518554688,177.06179809570312,180.59033203125,185.02411499023438,194.01860809326172,347.14306640625,237.07536,1.0,test_data/Useful/Validation/Three Quarter at 1 ft/WhatsApp Image 2024-08-21 at 14.19.03 (3).jpeg,2029.0,285.0,27.690679524277193
85,0.0,0.0,0.0,0.0,0.0,0.0,0.0,0.0,0.0,0.0,0.0,0.0,0.0,0.0,0.0,0.0,0.0,0.0,0.0,0.0,0.0,0.0,0.0,0.0,0.0,0.0,0.0,0.0,0.0,0.0,0.0,0.0,0.0,0.0,1.0,1.0,1.0,2.0,2.3600000000000136,3.0,3.0,4.0,4.0,4.0,5.0,5.0,5.279999999999973,6.0,7.0,7.0,8.0,9.0,9.0,10.0,10.0,11.0,11.0,11.0,12.0,12.0,13.0,13.0,14.0,14.0,14.0,15.0,15.080000000000041,16.0,16.0,17.0,17.0,17.0,17.0,18.0,19.0,19.0,20.0,20.0,20.0,21.0,21.0,22.0,22.0,23.0,23.0,25.0,25.0,26.0,26.0,27.0,27.0,28.0,29.32000000000005,31.11999999999989,34.0,36.0,37.0,39.0,42.27999999999997,59.0,0.0,1000.4823529422283,1000.7019608020782,1000.811764717102,1001.0,2000.7803921699524,3000.117647059262,3000.4156862795353,3000.5921568870544,3000.729411780834,3001.0,153.7561065673828,161.57967529296874,166.46644592285156,170.3312530517578,173.76681518554688,177.06179809570312,180.59033203125,185.02411499023438,194.01860809326172,347.14306640625,237.07536,1.0,test_data/Useful/Validation/Three Quarter at 1 ft/WhatsApp Image 2024-08-21 at 14.19.03.jpeg,2029.0,285.0,30.079182583083103
86,0.0,0.0,0.0,0.0,0.0,0.0,0.0,0.0,0.0,0.0,0.0,0.0,0.0,0.0,0.0,0.0,0.0,0.0,0.0,0.0,0.0,0.0,0.0,0.0,0.0,0.0,0.0,0.0,0.0,0.0,0.0,0.0,1.0,2.0,2.0,2.0,2.0,3.0,3.0,4.0,4.839999999999975,5.0,5.0,6.0,6.0,7.0,7.0,7.0,8.0,8.0,9.0,9.0,9.0,10.0,10.0,10.0,11.0,11.0,11.159999999999968,12.0,13.0,13.0,14.0,14.0,15.0,15.0,15.080000000000041,16.0,16.0,16.0,17.0,17.0,18.0,18.0,18.0,19.0,19.0,20.0,20.0,21.0,21.0,22.0,23.0,24.0,24.399999999999977,25.0,25.0,26.0,27.0,27.600000000000023,28.840000000000032,29.0,30.0,32.0,33.0,35.0,37.27999999999997,40.559999999999945,47.0,74.0,0.0,1000.5137255191803,1000.7215686440468,1000.8313725590706,2000.3882353007793,2000.811764717102,3000.137254908681,3000.4274509847164,3000.596078455448,3000.729411780834,3001.0,153.2513854980469,160.84988098144532,165.81997680664062,169.68930053710938,173.13787841796875,176.44913330078126,179.98670959472656,184.57864379882812,193.94924926757812,347.16571044921875,237.6233,1.0,test_data/Useful/Validation/Three Quarter at 1 ft/WhatsApp Image 2024-08-21 at 14.19.04 (1).jpeg,2026.0,298.0,31.56478958227175
87,0.0,0.0,0.0,0.0,0.0,0.0,0.0,0.0,0.0,0.0,0.0,0.0,0.0,0.0,0.0,0.0,0.0,0.0,0.0,0.0,0.0,0.0,0.0,0.0,0.0,0.0,0.0,0.0,0.0,0.0,0.0,0.0,1.0,2.0,2.0,2.0,2.0,3.0,3.0,4.0,4.839999999999975,5.0,5.0,6.0,6.0,7.0,7.0,7.0,8.0,8.0,9.0,9.0,9.0,10.0,10.0,10.0,11.0,11.0,11.159999999999968,12.0,13.0,13.0,14.0,14.0,15.0,15.0,15.080000000000041,16.0,16.0,16.0,17.0,17.0,18.0,18.0,18.0,19.0,19.0,20.0,20.0,21.0,21.0,22.0,23.0,24.0,24.399999999999977,25.0,25.0,26.0,27.0,27.600000000000023,28.840000000000032,29.0,30.0,32.0,33.0,35.0,37.27999999999997,40.559999999999945,47.0,74.0,0.0,1000.5137255191803,1000.7215686440468,1000.8313725590706,2000.3882353007793,2000.811764717102,3000.137254908681,3000.4274509847164,3000.596078455448,3000.729411780834,3001.0,153.2513854980469,160.84988098144532,165.81997680664062,169.68930053710938,173.13787841796875,176.44913330078126,179.98670959472656,184.57864379882812,193.94924926757812,347.16571044921875,237.6233,1.0,test_data/Useful/Validation/Three Quarter at 1 ft/WhatsApp Image 2024-08-21 at 14.19.04.jpeg,2026.0,298.0,31.257312322799557
88,0.0,0.0,0.0,0.0,0.0,0.0,0.0,0.0,0.0,0.0,0.0,0.0,0.0,0.0,0.0,0.0,0.0,0.0,0.0,0.0,0.0,0.0,0.0,0.0,0.0,0.0,0.0,0.0,0.0,0.0,0.0,0.0,0.0,0.0,0.0,1.0,1.0,1.0,2.0,3.0,3.0,4.0,5.0,5.0,6.0,6.0,6.0,6.519999999999982,7.0,7.0,8.0,8.0,8.0,9.0,9.0,10.0,10.0,10.0,11.0,11.0,12.0,12.879999999999995,13.0,14.0,14.0,15.0,16.0,16.0,17.0,17.0,17.0,18.0,18.0,19.0,19.0,20.0,20.0,21.0,21.0,21.0,22.0,22.0,23.0,24.0,24.0,25.0,25.0,25.0,26.0,26.600000000000023,27.0,28.0,29.0,30.0,31.799999999999955,34.0,37.0,40.51999999999998,44.75999999999999,69.0,0.0,1000.5098039507866,1000.7215686440468,1000.8352941274643,2000.474509805441,2000.8156862854958,3000.1411764770746,3000.43137255311,3000.596078455448,3000.729411780834,3001.0,153.37303619384767,161.1891632080078,166.1348114013672,170.02261657714843,173.45265197753906,176.75277099609374,180.31688690185547,184.75908813476565,194.04295349121094,347.13800048828125,237.39647,1.0,test_data/Useful/Validation/Three Quarter at 1 ft/WhatsApp Image 2024-08-21 at 14.19.05.jpeg,2063.0,283.0,33.882290890260386
89,0.0,0.0,0.0,0.0,0.0,0.0,0.0,0.0,0.0,0.0,0.0,0.0,0.0,0.0,0.0,0.0,0.0,0.0,0.0,0.0,0.0,0.0,0.0,0.0,0.0,0.0,0.0,0.0,0.0,0.0,0.0,0.0,0.0,1.0,1.0,1.6399999999999864,2.0,2.1200000000000045,3.0,3.0,3.0,4.0,4.319999999999993,5.0,5.0,6.0,6.0,6.0,7.0,7.0,8.0,8.0,9.0,9.0,9.0,10.0,10.0,11.0,11.0,12.0,12.0,13.0,13.0,14.0,14.0,14.0,15.0,15.0,15.0,16.0,16.0,17.0,17.0,18.0,18.0,19.0,19.0,20.0,20.0,20.200000000000045,21.0,22.0,23.0,23.0,24.0,24.0,25.0,26.0,27.0,28.0,28.0,29.0,30.0,32.0,34.0,35.039999999999964,38.27999999999997,40.51999999999998,44.75999999999999,64.0,0.0,1000.5058823823929,1000.7176470756531,1000.8313725590706,2000.3960784375668,2000.866666674614,3000.2000000029802,3000.458823531866,3000.6156862974167,3000.7411764860153,3001.0,153.7399917602539,161.29803466796875,166.20941162109375,170.08258056640625,173.49532318115234,176.7884765625,180.295491027832,184.78463745117188,193.9208984375,347.18310546875,237.14624,1.0,test_data/Useful/Validation/Three Quarter at 1 ft/WhatsApp Image 2024-08-21 at 14.19.06 (1).jpeg,2062.0,290.0,28.68420269557533
90,0.0,0.0,0.0,0.0,0.0,0.0,0.0,0.0,0.0,0.0,0.0,0.0,0.0,0.0,0.0,0.0,0.0,0.0,0.0,0.0,0.0,0.0,0.0,0.0,0.0,0.0,0.0,0.0,0.0,0.0,0.0,0.0,0.0,1.0,1.0,1.6399999999999864,2.0,2.1200000000000045,3.0,3.0,3.0,4.0,4.319999999999993,5.0,5.0,6.0,6.0,6.0,7.0,7.0,8.0,8.0,9.0,9.0,9.0,10.0,10.0,11.0,11.0,12.0,12.0,13.0,13.0,14.0,14.0,14.0,15.0,15.0,15.0,16.0,16.0,17.0,17.0,18.0,18.0,19.0,19.0,20.0,20.0,20.200000000000045,21.0,22.0,23.0,23.0,24.0,24.0,25.0,26.0,27.0,28.0,28.0,29.0,30.0,32.0,34.0,35.039999999999964,38.27999999999997,40.51999999999998,44.75999999999999,64.0,0.0,1000.5058823823929,1000.7176470756531,1000.8313725590706,2000.3960784375668,2000.866666674614,3000.2000000029802,3000.458823531866,3000.6156862974167,3000.7411764860153,3001.0,153.7399917602539,161.29803466796875,166.20941162109375,170.08258056640625,173.49532318115234,176.7884765625,180.295491027832,184.78463745117188,193.9208984375,347.18310546875,237.14624,1.0,test_data/Useful/Validation/Three Quarter at 1 ft/WhatsApp Image 2024-08-21 at 14.19.06 (2).jpeg,2062.0,290.0,28.104103298911106
91,0.0,0.0,0.0,0.0,0.0,0.0,0.0,0.0,0.0,0.0,0.0,0.0,0.0,0.0,0.0,0.0,0.0,0.0,0.0,0.0,0.0,0.0,0.0,0.0,0.0,0.0,0.0,0.0,0.0,0.0,0.0,0.0,0.0,1.0,1.0,1.0,2.0,2.0,3.0,3.0,3.0,4.0,4.319999999999993,5.0,5.0,6.0,6.0,7.0,7.0,8.0,8.0,9.0,9.0,9.0,10.0,10.0,11.0,11.0,12.0,12.0,13.0,14.0,14.0,15.0,15.0,15.0,15.0,16.0,16.0,16.0,17.0,17.0,18.0,18.0,18.0,18.24000000000001,19.0,19.0,20.0,20.200000000000045,21.0,21.0,22.0,22.0,23.0,24.639999999999986,25.0,26.0,27.0,27.0,28.0,29.0,30.0,31.0,33.0,35.0,37.27999999999997,42.0,46.51999999999998,73.0,0.0,1000.4941176474094,1000.7098039388657,1000.8235294222832,2000.2784313857555,2000.8039215803146,3000.133333340287,3000.4235294163227,3000.596078455448,3000.729411780834,3001.0,153.7635482788086,161.45488891601562,166.3444076538086,170.21654663085937,173.6328887939453,176.9418518066406,180.4521484375,184.87833251953126,194.05943145751954,347.1533203125,237.34407,1.0,test_data/Useful/Validation/Three Quarter at 1 ft/WhatsApp Image 2024-08-21 at 14.19.06.jpeg,2059.0,291.0,27.810213603172528
92,0.0,0.0,0.0,0.0,0.0,0.0,0.0,0.0,0.0,0.0,0.0,0.0,0.0,0.0,0.0,0.0,0.0,0.0,0.0,0.0,0.0,0.0,0.0,0.0,0.0,0.0,0.0,0.0,0.0,0.0,0.0,0.0,0.0,0.160000000000025,1.0,1.0,1.0,2.0,2.0,3.0,3.0,4.0,4.0,5.0,5.0,6.0,6.0,7.0,7.759999999999991,8.0,9.0,9.0,9.720000000000027,10.0,10.0,11.0,11.0,11.0,12.0,12.0,13.0,13.0,14.0,14.0,15.0,15.0,16.0,16.0,16.0,16.0,17.0,17.0,17.0,18.0,18.0,18.0,19.0,19.0,19.0,20.0,21.0,21.0,22.0,22.159999999999968,23.0,23.0,24.0,25.0,26.0,27.0,27.840000000000032,28.0,30.0,31.0,32.0,33.039999999999964,37.0,38.0,48.0,68.0,0.0,1000.4901960790157,1000.7098039388657,1000.8196078538895,2000.2352941185236,2000.8039215803146,3000.1411764770746,3000.4274509847164,3000.596078455448,3000.733333349228,3001.0,153.66773986816406,161.45578002929688,166.38784790039062,170.26171875,173.65626525878906,176.93585205078125,180.446044921875,184.92984008789062,194.0860595703125,347.15972900390625,237.33894,1.0,test_data/Useful/Validation/Three Quarter at 1 ft/WhatsApp Image 2024-08-21 at 14.19.07 (1).jpeg,2027.0,290.0,30.547475732512392
93,0.0,0.0,0.0,0.0,0.0,0.0,0.0,0.0,0.0,0.0,0.0,0.0,0.0,0.0,0.0,0.0,0.0,0.0,0.0,0.0,0.0,0.0,0.0,0.0,0.0,0.0,0.0,0.0,0.0,0.0,0.0,0.0,0.0,0.160000000000025,1.0,1.0,1.0,2.0,2.0,3.0,3.0,4.0,4.0,5.0,5.0,6.0,6.0,7.0,7.759999999999991,8.0,9.0,9.0,9.720000000000027,10.0,10.0,11.0,11.0,11.0,12.0,12.0,13.0,13.0,14.0,14.0,15.0,15.0,16.0,16.0,16.0,16.0,17.0,17.0,17.0,18.0,18.0,18.0,19.0,19.0,19.0,20.0,21.0,21.0,22.0,22.159999999999968,23.0,23.0,24.0,25.0,26.0,27.0,27.840000000000032,28.0,30.0,31.0,32.0,33.039999999999964,37.0,38.0,48.0,68.0,0.0,1000.4901960790157,1000.7098039388657,1000.8196078538895,2000.2352941185236,2000.8039215803146,3000.1411764770746,3000.4274509847164,3000.596078455448,3000.733333349228,3001.0,153.66773986816406,161.45578002929688,166.38784790039062,170.26171875,173.65626525878906,176.93585205078125,180.446044921875,184.92984008789062,194.0860595703125,347.15972900390625,237.33894,1.0,test_data/Useful/Validation/Three Quarter at 1 ft/WhatsApp Image 2024-08-21 at 14.19.07 (2).jpeg,2027.0,290.0,29.00125176356906
94,0.0,0.0,0.0,0.0,0.0,0.0,0.0,0.0,0.0,0.0,0.0,0.0,0.0,0.0,0.0,0.0,0.0,0.0,0.0,0.0,0.0,0.0,0.0,0.0,0.0,0.0,0.0,0.0,0.0,0.0,0.0,0.0,1.0,2.0,2.0,2.0,3.0,3.0,3.0,4.0,4.0,4.0,5.0,6.0,6.0,6.0,7.0,7.0,7.0,8.0,8.0,9.0,9.0,10.0,10.0,11.0,11.0,11.0,12.0,12.0,13.0,13.0,14.0,14.0,15.0,15.0,15.0,15.0,16.0,16.0,17.0,17.0,18.0,18.0,18.0,18.0,19.0,19.0,20.0,21.0,21.0,22.0,22.0,23.0,24.0,24.0,25.0,25.0,26.0,27.0,28.0,29.0,31.0,33.0,34.0,35.039999999999964,37.0,39.559999999999945,50.039999999999964,67.0,0.0,1000.5019608139992,1000.7137255072594,1000.8196078538895,1001.0,2000.8156862854958,3000.164705887437,3000.4509803950787,3000.6156862974167,3000.7411764860153,3001.0,153.22434997558594,160.94692993164062,165.8479461669922,169.7135955810547,173.08409118652344,176.39105224609375,179.94219970703125,184.49639892578125,193.7893829345703,347.2557373046875,237.61482,1.0,test_data/Useful/Validation/Three Quarter at 1 ft/WhatsApp Image 2024-08-21 at 14.19.07.jpeg,2016.0,293.0,29.424092784836102
95,0.0,0.0,0.0,0.0,0.0,0.0,0.0,0.0,0.0,0.0,0.0,0.0,0.0,0.0,0.0,0.0,0.0,0.0,0.0,0.0,0.0,0.0,0.0,0.0,0.0,0.0,0.0,0.0,0.0,0.0,0.0,0.0,0.0,0.0,1.0,1.0,2.0,2.0,3.0,3.0,3.0,4.0,4.0,4.0,5.0,6.0,6.279999999999973,7.0,7.759999999999991,8.0,8.240000000000009,9.0,10.0,10.0,10.0,11.0,11.0,12.0,12.0,13.0,13.0,13.0,14.0,14.0,14.0,15.0,15.0,16.0,16.0,16.0,17.0,17.0,18.0,18.0,18.0,19.0,19.0,19.0,20.0,20.200000000000045,21.0,21.0,22.0,22.0,23.0,23.639999999999986,25.0,25.0,26.0,26.600000000000023,27.840000000000032,28.0,29.0,30.0,31.0,32.039999999999964,36.27999999999997,39.51999999999998,46.0,62.0,0.0,1000.4901960790157,1000.705882370472,1000.8196078538895,2000.1960784345865,2000.784313738346,3000.117647059262,3000.4156862795353,3000.5921568870544,3000.729411780834,3001.0,153.5657958984375,161.2795867919922,166.2069549560547,170.035888671875,173.4385528564453,176.7848358154297,180.29029693603516,184.71900939941406,193.9645538330078,347.15777587890625,237.17639,1.0,test_data/Useful/Validation/Three Quarter at 1 ft/WhatsApp Image 2024-08-21 at 14.19.08 (1).jpeg,2012.0,283.0,27.32174707316023
96,0.0,0.0,0.0,0.0,0.0,0.0,0.0,0.0,0.0,0.0,0.0,0.0,0.0,0.0,0.0,0.0,0.0,0.0,0.0,0.0,0.0,0.0,0.0,0.0,0.0,0.0,0.0,0.0,0.0,0.0,0.0,0.0,1.0,2.0,2.0,2.0,3.0,3.0,3.0,4.0,4.0,4.0,5.0,6.0,6.0,6.0,7.0,7.0,7.0,8.0,8.0,9.0,9.0,10.0,10.0,11.0,11.0,11.0,12.0,12.0,13.0,13.0,14.0,14.0,15.0,15.0,15.0,15.0,16.0,16.0,17.0,17.0,18.0,18.0,18.0,18.0,19.0,19.0,20.0,21.0,21.0,22.0,22.0,23.0,24.0,24.0,25.0,25.0,26.0,27.0,28.0,29.0,31.0,33.0,34.0,35.039999999999964,37.0,39.559999999999945,50.039999999999964,67.0,0.0,1000.5019608139992,1000.7137255072594,1000.8196078538895,1001.0,2000.8156862854958,3000.164705887437,3000.4509803950787,3000.6156862974167,3000.7411764860153,3001.0,153.22434997558594,160.94692993164062,165.8479461669922,169.7135955810547,173.08409118652344,176.39105224609375,179.94219970703125,184.49639892578125,193.7893829345703,347.2557373046875,237.61482,1.0,test_data/Useful/Validation/Three Quarter at 1 ft/WhatsApp Image 2024-08-21 at 14.19.08.jpeg,2016.0,293.0,37.39532663830888
97,0.0,0.0,0.0,0.0,0.0,0.0,0.0,0.0,0.0,0.0,0.0,0.0,0.0,0.0,0.0,0.0,0.0,0.0,0.0,0.0,0.0,0.0,0.0,0.0,0.0,0.0,0.0,0.0,0.0,0.0,0.0,0.0,0.0,0.0,0.0,1.0,1.0,1.0,2.0,3.0,3.0,4.0,5.0,5.0,6.0,6.0,6.0,6.519999999999982,7.0,7.0,8.0,8.0,8.0,9.0,9.0,10.0,10.0,10.0,11.0,11.0,12.0,12.879999999999995,13.0,14.0,14.0,15.0,16.0,16.0,17.0,17.0,17.0,18.0,18.0,19.0,19.0,20.0,20.0,21.0,21.0,21.0,22.0,22.0,23.0,24.0,24.0,25.0,25.0,25.0,26.0,26.600000000000023,27.0,28.0,29.0,30.0,31.799999999999955,34.0,37.0,40.51999999999998,44.75999999999999,69.0,0.0,1000.5098039507866,1000.7215686440468,1000.8352941274643,2000.474509805441,2000.8156862854958,3000.1411764770746,3000.43137255311,3000.596078455448,3000.729411780834,3001.0,153.37303619384767,161.1891632080078,166.1348114013672,170.02261657714843,173.45265197753906,176.75277099609374,180.31688690185547,184.75908813476565,194.04295349121094,347.13800048828125,237.39647,1.0,test_data/Useful/Validation/Three Quarter at 1 ft/WhatsApp Image 2024-08-21 at 14.19.27 (1).jpeg,2063.0,283.0,30.398324848101822
98,0.0,0.0,0.0,0.0,0.0,0.0,0.0,0.0,0.0,0.0,0.0,0.0,0.0,0.0,0.0,0.0,0.0,0.0,0.0,0.0,0.0,0.0,0.0,0.0,0.0,0.0,0.0,0.0,0.0,0.0,0.0,0.0,0.0,0.0,1.0,1.0,2.0,2.0,3.0,3.0,3.0,4.0,4.0,4.0,5.0,6.0,6.279999999999973,7.0,7.759999999999991,8.0,8.240000000000009,9.0,10.0,10.0,10.0,11.0,11.0,12.0,12.0,13.0,13.0,13.0,14.0,14.0,14.0,15.0,15.0,16.0,16.0,16.0,17.0,17.0,18.0,18.0,18.0,19.0,19.0,19.0,20.0,20.200000000000045,21.0,21.0,22.0,22.0,23.0,23.639999999999986,25.0,25.0,26.0,26.600000000000023,27.840000000000032,28.0,29.0,30.0,31.0,32.039999999999964,36.27999999999997,39.51999999999998,46.0,62.0,0.0,1000.4901960790157,1000.705882370472,1000.8196078538895,2000.1960784345865,2000.784313738346,3000.117647059262,3000.4156862795353,3000.5921568870544,3000.729411780834,3001.0,153.5657958984375,161.2795867919922,166.2069549560547,170.035888671875,173.4385528564453,176.7848358154297,180.29029693603516,184.71900939941406,193.9645538330078,347.15777587890625,237.17639,1.0,test_data/Useful/Validation/Three Quarter at 1 ft/WhatsApp Image 2024-08-21 at 14.19.27.jpeg,2012.0,283.0,29.408021925396135
99,0.0,0.0,0.0,0.0,0.0,0.0,0.0,0.0,0.0,0.0,0.0,0.0,0.0,0.0,0.0,0.0,0.0,0.0,0.0,0.0,0.0,0.0,0.0,0.0,0.0,0.0,0.0,0.0,0.0,0.0,0.0,0.0,0.0,1.0,1.0,2.0,2.0,3.0,3.0,4.0,4.0,4.0,5.0,5.0,5.0,6.0,6.0,7.0,7.0,8.0,8.0,8.0,9.0,10.0,10.0,11.0,11.0,11.0,11.0,12.0,12.0,13.0,13.0,14.0,14.0,14.0,15.0,15.0,15.0,16.0,16.0,16.279999999999973,17.0,17.0,17.0,18.0,18.0,19.0,19.960000000000036,20.0,20.440000000000055,21.0,21.91999999999996,22.0,23.0,23.639999999999986,24.879999999999995,25.0,26.0,26.0,27.0,28.08000000000004,30.0,32.0,33.0,35.0,37.0,41.0,47.0,57.0,0.0,1000.517647087574,1000.7254902124405,1000.839215695858,2000.4549019634724,2000.8235294222832,3000.1450980454683,3000.43137255311,3000.600000023842,3000.7372549176216,3001.0,153.17249298095703,160.85686645507812,165.7530059814453,169.71900939941406,173.0996856689453,176.3934326171875,179.94033813476562,184.39129638671875,193.74539184570312,347.1751708984375,237.4047,1.0,test_data/Useful/Validation/Three Quarter at 1 ft/WhatsApp Image 2024-08-21 at 14.19.28.jpeg,2019.0,281.0,37.99543260018004
100,0.0,0.0,0.0,0.0,0.0,0.0,0.0,0.0,0.0,0.0,0.0,0.0,0.0,0.0,0.0,0.0,0.0,0.0,0.0,0.0,0.0,0.0,0.0,0.0,0.0,0.0,0.0,0.0,0.0,0.0,0.0,1.0,2.0,2.0,2.0,3.0,3.0,4.0,4.0,4.0,5.0,5.0,6.0,6.0,6.0,7.0,8.0,8.0,8.0,9.0,9.0,10.0,10.0,10.0,11.0,11.0,11.0,12.0,12.0,12.0,13.0,13.0,14.0,14.0,14.0,15.0,15.0,16.0,16.0,16.0,17.0,17.0,17.0,18.0,18.0,18.24000000000001,19.0,19.0,20.0,20.0,21.0,22.0,22.0,23.0,23.399999999999977,24.0,26.0,26.0,27.0,28.0,29.0,30.0,31.0,32.0,33.0,36.0,38.0,41.0,45.75999999999999,58.0,0.0,1000.4549019634724,1000.6941176652908,1000.8039215803146,1000.9411764740944,2000.6705882549286,3000.0352941192687,3000.3490196168423,3000.556862771511,3000.7137255072594,3001.0,152.7060089111328,160.29411926269532,165.16611938476564,169.13378295898437,172.63816833496094,175.99293518066406,179.5729232788086,184.08595581054686,193.7423553466797,347.1072082519531,237.4596,1.0,test_data/Useful/Validation/Three Quarter at 1 ft/WhatsApp Image 2024-08-21 at 14.19.49 (1).jpeg,2156.0,299.0,31.333504270397484
101,0.0,0.0,0.0,0.0,0.0,0.0,0.0,0.0,0.0,0.0,0.0,0.0,0.0,0.0,0.0,0.0,0.0,0.0,0.0,0.0,0.0,0.0,0.0,0.0,0.0,0.0,0.0,0.0,0.0,0.0,0.0,0.6800000000000068,1.0,1.0,2.0,2.6399999999999864,3.0,3.0,3.0,4.0,5.0,5.0,6.0,6.0,7.0,7.0,8.0,8.0,9.0,9.0,9.0,9.0,10.0,10.0,11.0,11.0,11.0,12.0,12.0,13.0,13.0,14.0,14.0,15.0,15.0,15.0,16.0,16.0,16.559999999999945,17.0,17.0,18.0,18.0,19.0,19.0,20.0,20.0,20.0,21.0,21.0,22.0,22.0,22.91999999999996,23.0,23.0,24.0,24.0,26.0,27.0,28.0,28.840000000000032,29.0,30.32000000000005,32.0,33.0,34.039999999999964,36.0,38.0,39.75999999999999,52.0,0.0,1000.4745098054409,1000.7098039388657,1000.8235294222832,2000.1098039224744,2000.7254902124405,3000.0352941192687,3000.3450980484486,3000.5529412031174,3000.7098039388657,3001.0,153.05682373046875,160.67665100097656,165.59182739257812,169.45370483398438,172.9148712158203,176.284912109375,179.8843231201172,184.4742431640625,194.08477783203125,347.1136474609375,236.89194,1.0,test_data/Useful/Validation/Three Quarter at 1 ft/WhatsApp Image 2024-08-21 at 14.19.49 (2).jpeg,2146.0,294.0,28.513137541413183
102,0.0,0.0,0.0,0.0,0.0,0.0,0.0,0.0,0.0,0.0,0.0,0.0,0.0,0.0,0.0,0.0,0.0,0.0,0.0,0.0,0.0,0.0,0.0,0.0,0.0,0.0,0.0,0.0,0.0,1.0,1.0,1.0,1.920000000000016,2.0,3.0,3.0,3.0,4.0,4.0,5.0,5.0,5.0,6.0,6.0,7.0,7.0,8.0,8.0,9.0,9.0,10.0,10.0,10.0,11.0,11.0,11.440000000000055,12.0,12.0,13.0,13.0,14.0,14.0,15.0,15.0,15.600000000000023,16.0,16.0,17.0,17.0,17.0,17.039999999999964,18.0,18.0,18.0,19.0,19.24000000000001,20.0,21.0,21.0,21.0,22.0,22.0,23.0,24.0,24.0,24.639999999999986,25.0,26.0,26.360000000000014,28.0,28.0,29.08000000000004,30.0,32.0,33.0,34.0,35.0,37.0,41.0,53.0,0.0,1000.4784313738346,1000.705882370472,1000.811764717102,1000.9568627476692,2000.6980392336845,3000.043137256056,3000.368627458811,3000.568627476692,3000.721568644047,3001.0,152.6925308227539,160.29979858398437,165.1652404785156,169.0487548828125,172.4656982421875,175.78407287597656,179.37405395507812,183.91966247558594,193.46412658691406,347.1481628417969,237.29347,1.0,test_data/Useful/Validation/Three Quarter at 1 ft/WhatsApp Image 2024-08-21 at 14.19.49.jpeg,2135.0,303.0,31.653519347737156
103,0.0,0.0,0.0,0.0,0.0,0.0,0.0,0.0,0.0,0.0,0.0,0.0,0.0,0.0,0.0,0.0,0.0,0.0,0.0,0.0,0.0,0.0,0.0,0.0,0.0,0.0,0.0,0.0,0.0,0.0,0.0,0.6800000000000068,1.0,1.0,1.3999999999999773,2.0,2.8799999999999955,3.0,4.0,4.0,4.0,4.079999999999984,5.0,5.0,5.0,6.0,6.0,7.0,7.0,8.0,8.0,9.0,9.0,10.0,11.0,11.0,11.0,12.0,12.0,13.0,13.0,14.0,15.0,15.0,15.0,16.0,16.0,16.0,17.0,17.0,17.0,18.0,19.0,19.0,20.0,20.0,20.0,21.0,22.0,22.0,22.0,23.0,23.0,24.0,25.0,25.0,26.0,26.0,27.0,28.0,29.0,31.0,31.32000000000005,33.0,34.0,36.0,39.0,41.0,47.0,62.0,0.0,1000.4941176474094,1000.7215686440468,1000.8352941274643,2000.2392156869173,2000.7137255072594,3000.0156862754375,3000.3176470696926,3000.5411764979362,3000.7019608020782,3001.0,152.7223114013672,160.33229370117186,165.31102905273437,169.30448303222656,172.68716430664062,176.00747680664062,179.61294708251953,184.21829833984376,193.94790649414062,347.12982177734375,237.31229,1.0,test_data/Useful/Validation/Three Quarter at 1 ft/WhatsApp Image 2024-08-21 at 14.19.50 (1).jpeg,2088.0,302.0,33.26479731922532
104,0.0,0.0,0.0,0.0,0.0,0.0,0.0,0.0,0.0,0.0,0.0,0.0,0.0,0.0,0.0,0.0,0.0,0.0,0.0,0.0,0.0,0.0,0.0,0.0,0.0,0.0,0.0,0.0,0.0,0.0,0.0,0.6800000000000068,1.0,1.0,1.3999999999999773,2.0,2.8799999999999955,3.0,4.0,4.0,4.0,4.079999999999984,5.0,5.0,5.0,6.0,6.0,7.0,7.0,8.0,8.0,9.0,9.0,10.0,11.0,11.0,11.0,12.0,12.0,13.0,13.0,14.0,15.0,15.0,15.0,16.0,16.0,16.0,17.0,17.0,17.0,18.0,19.0,19.0,20.0,20.0,20.0,21.0,22.0,22.0,22.0,23.0,23.0,24.0,25.0,25.0,26.0,26.0,27.0,28.0,29.0,31.0,31.32000000000005,33.0,34.0,36.0,39.0,41.0,47.0,62.0,0.0,1000.4941176474094,1000.7215686440468,1000.8352941274643,2000.2392156869173,2000.7137255072594,3000.0156862754375,3000.3176470696926,3000.5411764979362,3000.7019608020782,3001.0,152.7223114013672,160.33229370117186,165.31102905273437,169.30448303222656,172.68716430664062,176.00747680664062,179.61294708251953,184.21829833984376,193.94790649414062,347.12982177734375,237.31229,1.0,test_data/Useful/Validation/Three Quarter at 1 ft/WhatsApp Image 2024-08-21 at 14.19.50.jpeg,2088.0,302.0,30.628121660564773
