,perc_1,perc_2,perc_3,perc_4,perc_5,perc_6,perc_7,perc_8,perc_9,perc_10,perc_11,perc_12,perc_13,perc_14,perc_15,perc_16,perc_17,perc_18,perc_19,perc_20,perc_21,perc_22,perc_23,perc_24,perc_25,perc_26,perc_27,perc_28,perc_29,perc_30,perc_31,perc_32,perc_33,perc_34,perc_35,perc_36,perc_37,perc_38,perc_39,perc_40,perc_41,perc_42,perc_43,perc_44,perc_45,perc_46,perc_47,perc_48,perc_49,perc_50,perc_51,perc_52,perc_53,perc_54,perc_55,perc_56,perc_57,perc_58,perc_59,perc_60,perc_61,perc_62,perc_63,perc_64,perc_65,perc_66,perc_67,perc_68,perc_69,perc_70,perc_71,perc_72,perc_73,perc_74,perc_75,perc_76,perc_77,perc_78,perc_79,perc_80,perc_81,perc_82,perc_83,perc_84,perc_85,perc_86,perc_87,perc_88,perc_89,perc_90,perc_91,perc_92,perc_93,perc_94,perc_95,perc_96,perc_97,perc_98,perc_99,perc_100,mode,color_percentile_10,color_percentile_20,color_percentile_30,color_percentile_40,color_percentile_50,color_percentile_60,color_percentile_70,color_percentile_80,color_percentile_90,color_percentile_100,fourier_distribution_10,fourier_distribution_20,fourier_distribution_30,fourier_distribution_40,fourier_distribution_50,fourier_distribution_60,fourier_distribution_70,fourier_distribution_80,fourier_distribution_90,fourier_distribution_100,fourier_median,class,image_name,no_of_connected_components,kept_components,distance
0,0.0,0.0,0.0,0.0,0.0,0.0,0.0,0.0,0.0,0.0,0.0,0.0,0.0,0.0,0.0,0.0,0.0,0.0,0.0,0.0,0.0,0.0,0.0,0.0,0.0,0.0,0.0,0.0,0.0,0.0,0.0,0.0,0.0,0.0,0.0,0.0,0.0,0.0,0.0,0.0,0.0,0.0,0.0,0.0,0.0,0.0,0.0,0.0,0.0,0.0,0.0,0.0,0.0,0.0,0.0,0.0,0.0,0.0,0.0,1.0,1.0,3.0,3.0,4.0,5.0,6.0,7.080000000000041,8.0,9.0,10.0,11.039999999999964,13.0,14.0,15.0,15.0,16.0,18.0,19.0,20.0,21.0,22.440000000000055,24.0,24.91999999999996,26.0,27.0,29.0,30.879999999999995,32.0,34.360000000000014,37.0,38.0,40.0,43.32000000000005,45.559999999999945,49.0,56.0,62.0,67.03999999999996,79.51999999999998,102.0,0.0,1000.5058823823929,1000.6431372761726,1000.7411764860153,1000.8470588326454,1000.9921568632126,2000.8470588326454,3000.458823531866,3000.65098041296,3000.78823530674,3001.0,172.87843322753906,180.39273376464845,185.1992950439453,188.97010803222656,192.2462615966797,195.36801147460938,198.56588745117188,202.380615234375,209.03953552246094,347.96331787109375,213.92458,0.0,test_data/Useful/Validation/rice-at-1-ft/20241108_084833.jpg,3612.0,90.0,31.754627519611553
1,0.0,0.0,0.0,0.0,0.0,0.0,0.0,0.0,0.0,0.0,0.0,0.0,0.0,0.0,0.0,0.0,0.0,0.0,0.0,0.0,0.0,0.0,0.0,0.0,0.0,0.0,0.0,0.0,0.0,0.0,0.0,0.0,0.0,0.0,0.0,0.0,0.0,0.0,0.0,0.0,0.0,0.0,0.0,0.0,0.0,0.0,0.0,0.0,0.0,0.0,0.0,0.0,0.0,0.0,0.0,0.0,0.0,0.0,0.0,0.0,0.0,0.0,0.0,0.0,0.0,0.0,1.0,3.0,4.0,4.0,6.0,7.0,8.0,10.0,11.0,13.0,15.0,16.0,17.960000000000036,19.200000000000045,21.0,22.0,23.0,25.0,26.0,27.0,29.0,32.0,34.0,36.0,40.0,43.0,45.0,46.0,49.0,53.0,55.27999999999997,60.51999999999998,69.0,102.0,0.0,1000.5490196347237,1000.6666666865349,1000.7490196228027,1000.8352941274643,1000.9803921580315,2000.9921568632126,3000.533333361149,3000.6745098233223,3000.772549033165,3001.0,172.6831817626953,180.4018981933594,185.19730529785156,188.97799682617188,192.33987426757812,195.55557250976562,198.82809448242188,202.84620666503906,210.17967224121094,347.4544677734375,215.33575,0.0,test_data/Useful/Validation/rice-at-1-ft/20241108_084837_001.jpg,3743.0,78.0,33.6935872213217
2,0.0,0.0,0.0,0.0,0.0,0.0,0.0,0.0,0.0,0.0,0.0,0.0,0.0,0.0,0.0,0.0,0.0,0.0,0.0,0.0,0.0,0.0,0.0,0.0,0.0,0.0,0.0,0.0,0.0,0.0,0.0,0.0,0.0,0.0,0.0,0.0,0.0,0.0,0.0,0.0,0.0,0.0,0.0,0.0,0.0,0.0,0.0,0.0,0.0,0.0,0.0,0.0,0.0,0.0,0.0,0.0,0.0,0.0,0.0,0.0,0.0,0.0,1.0,2.0,3.0,4.0,5.0,6.0,7.0,8.799999999999955,11.0,12.0,13.0,14.0,15.0,16.0,17.0,19.0,19.0,22.200000000000045,24.0,26.0,26.91999999999996,29.0,29.399999999999977,30.0,32.879999999999995,34.0,35.360000000000014,38.60000000000002,41.0,42.08000000000004,45.0,48.0,50.799999999999955,53.0,57.0,64.0,73.75999999999999,129.0,0.0,1000.54509806633,1000.6627451181412,1000.7490196228027,1000.839215695858,1000.9882352948189,2000.9372549057007,3000.5254902243614,3000.6705882549286,3000.772549033165,3001.0,172.83226013183594,180.48056030273438,185.2866943359375,189.1021240234375,192.3994598388672,195.52880249023437,198.857861328125,202.90994262695312,210.0933074951172,347.57623291015625,214.96252,0.0,test_data/Useful/Validation/rice-at-1-ft/20241108_084837_002.jpg,3721.0,89.0,32.46570079200356
3,0.0,0.0,0.0,0.0,0.0,0.0,0.0,0.0,0.0,0.0,0.0,0.0,0.0,0.0,0.0,0.0,0.0,0.0,0.0,0.0,0.0,0.0,0.0,0.0,0.0,0.0,0.0,0.0,0.0,0.0,0.0,0.0,0.0,0.0,0.0,0.0,0.0,0.0,0.0,0.0,0.0,0.0,0.0,0.0,0.0,0.0,0.0,0.0,0.0,0.0,0.0,0.0,0.0,0.0,0.0,0.0,0.0,0.0,0.0,0.0,0.0,0.0,0.0,0.0,0.0,1.0,1.0,3.0,3.0,5.0,6.0,7.0,7.519999999999982,8.759999999999991,10.0,11.0,12.0,13.0,15.0,16.200000000000045,17.0,18.67999999999995,21.91999999999996,24.159999999999968,27.0,29.0,31.879999999999995,33.0,35.0,36.60000000000002,39.0,41.0,44.32000000000005,45.559999999999945,50.0,54.0,58.83999999999992,66.51999999999998,75.75999999999999,109.0,0.0,1000.5372549295425,1000.6627451181412,1000.7529411911964,1000.8509804010391,2000.149019613862,2000.960784316063,3000.5137255191803,3000.666666686535,3000.7764706015587,3001.0,172.82147216796875,180.4377685546875,185.2873291015625,189.0551940917969,192.35670471191406,195.45970458984374,198.70777130126953,202.56300354003906,209.24339294433594,347.9353332519531,213.97676,0.0,test_data/Useful/Validation/rice-at-1-ft/20241108_084837_003.jpg,3809.0,86.0,27.602314928410642
4,0.0,0.0,0.0,0.0,0.0,0.0,0.0,0.0,0.0,0.0,0.0,0.0,0.0,0.0,0.0,0.0,0.0,0.0,0.0,0.0,0.0,0.0,0.0,0.0,0.0,0.0,0.0,0.0,0.0,0.0,0.0,0.0,0.0,0.0,0.0,0.0,0.0,0.0,0.0,0.0,0.0,0.0,0.0,0.0,0.0,0.0,0.0,0.0,0.0,0.0,0.0,0.0,0.0,0.0,0.0,0.0,0.0,0.0,0.0,0.0,0.0,0.0,0.0,0.0,0.0,0.0,0.0,1.0,2.5599999999999454,3.0,4.039999999999964,5.0,6.0,7.0,8.0,11.0,12.0,13.720000000000027,15.0,15.0,18.0,19.67999999999995,21.91999999999996,24.0,25.0,27.0,29.0,31.120000000000005,33.0,35.0,38.0,39.08000000000004,41.32000000000005,45.0,49.0,53.039999999999964,56.27999999999997,64.03999999999996,71.03999999999996,126.0,0.0,1000.5294117927551,1000.6588235497475,1000.7529411911964,1000.8509804010391,2000.1568627506495,2000.9568627476692,3000.5098039507866,3000.666666686535,3000.7764706015587,3001.0,172.79319763183594,180.367919921875,185.22401428222656,188.96749877929688,192.23628997802734,195.3439453125,198.54118804931642,202.43627014160157,209.13803100585938,347.9742126464844,213.83643,0.0,test_data/Useful/Validation/rice-at-1-ft/20241108_084837_004.jpg,3859.0,78.0,31.2361596911072
5,0.0,0.0,0.0,0.0,0.0,0.0,0.0,0.0,0.0,0.0,0.0,0.0,0.0,0.0,0.0,0.0,0.0,0.0,0.0,0.0,0.0,0.0,0.0,0.0,0.0,0.0,0.0,0.0,0.0,0.0,0.0,0.0,0.0,0.0,0.0,0.0,0.0,0.0,0.0,0.0,0.0,0.0,0.0,0.0,0.0,0.0,0.0,0.0,0.0,0.0,0.0,0.0,0.0,0.0,0.0,0.0,0.0,0.0,0.0,0.0,0.0,0.0,0.0,0.0,0.0,0.0,0.0,0.0,0.0,1.7999999999999545,3.0,4.0,5.0,7.0,9.0,10.0,11.0,13.0,15.0,16.0,17.440000000000055,19.0,21.0,22.0,24.399999999999977,26.639999999999986,28.0,29.0,33.0,34.60000000000002,36.0,40.08000000000004,42.0,43.559999999999945,45.0,52.0,54.27999999999997,60.559999999999945,70.03999999999996,119.0,0.0,1000.5333333611488,1000.6627451181412,1000.7529411911964,1000.8509804010391,2000.1686274558306,2000.9529411792755,3000.5098039507866,3000.666666686535,3000.7764706015587,3001.0,172.79335021972656,180.47315979003906,185.2458038330078,188.99777221679688,192.25775146484375,195.4153289794922,198.6951904296875,202.60223388671875,209.34938049316406,347.9263916015625,214.08247,0.0,test_data/Useful/Validation/rice-at-1-ft/20241108_084837_005.jpg,3868.0,74.0,29.471530157355126
6,0.0,0.0,0.0,0.0,0.0,0.0,0.0,0.0,0.0,0.0,0.0,0.0,0.0,0.0,0.0,0.0,0.0,0.0,0.0,0.0,0.0,0.0,0.0,0.0,0.0,0.0,0.0,0.0,0.0,0.0,0.0,0.0,0.0,0.0,0.0,0.0,0.0,0.0,0.0,0.0,0.0,0.0,0.0,0.0,0.0,0.0,0.0,0.0,0.0,0.0,0.0,0.0,0.0,0.0,0.0,0.0,0.0,0.0,0.0,0.0,0.0,0.0,0.0,0.0,0.0,0.0,0.0,0.0,2.0,3.0,6.0,7.0,8.0,9.0,10.0,12.0,13.0,14.0,16.0,17.0,19.0,21.0,23.0,24.0,27.0,28.0,29.0,31.24000000000001,34.0,36.0,38.84000000000003,43.08000000000004,46.0,48.0,52.0,54.039999999999964,59.27999999999997,63.51999999999998,67.75999999999999,121.0,0.0,1000.5333333611488,1000.6588235497475,1000.7529411911964,1000.8509804010391,2000.1411764770746,3000.043137256056,3000.5137255191803,3000.666666686535,3000.7764706015587,3001.0,172.71145629882812,180.42950439453125,185.20833435058594,189.02511291503907,192.30037689208984,195.46677856445314,198.68931732177734,202.53912353515625,209.32833862304688,347.9114074707031,214.04602,0.0,test_data/Useful/Validation/rice-at-1-ft/20241108_084837_006.jpg,3856.0,83.0,29.78048409109095
7,0.0,0.0,0.0,0.0,0.0,0.0,0.0,0.0,0.0,0.0,0.0,0.0,0.0,0.0,0.0,0.0,0.0,0.0,0.0,0.0,0.0,0.0,0.0,0.0,0.0,0.0,0.0,0.0,0.0,0.0,0.0,0.0,0.0,0.0,0.0,0.0,0.0,0.0,0.0,0.0,0.0,0.0,0.0,0.0,0.0,0.0,0.0,0.0,0.0,0.0,0.0,0.0,0.0,0.0,0.0,0.0,0.0,0.0,0.0,0.0,0.0,0.0,0.0,0.0,0.0,0.0,0.0,0.0,1.0,3.0,6.0,7.0,8.0,9.0,11.0,12.0,14.0,15.720000000000027,17.0,19.0,21.440000000000055,22.67999999999995,24.0,24.0,25.0,28.0,30.0,33.120000000000005,36.0,37.0,39.0,42.08000000000004,45.0,48.559999999999945,50.799999999999955,52.07999999999993,57.27999999999997,61.0,71.0,95.0,0.0,1000.5333333611488,1000.6588235497475,1000.7490196228027,1000.8431372642517,2000.0823529437184,3000.023529412225,3000.517647087574,3000.666666686535,3000.772549033165,3001.0,172.94833374023438,180.57406616210938,185.36053466796875,189.12679748535157,192.393798828125,195.55814514160156,198.805419921875,202.65167236328125,209.58389282226562,347.76812744140625,214.2833,0.0,test_data/Useful/Validation/rice-at-1-ft/20241108_084837_007.jpg,3786.0,78.0,28.303000831703248
8,0.0,0.0,0.0,0.0,0.0,0.0,0.0,0.0,0.0,0.0,0.0,0.0,0.0,0.0,0.0,0.0,0.0,0.0,0.0,0.0,0.0,0.0,0.0,0.0,0.0,0.0,0.0,0.0,0.0,0.0,0.0,0.0,0.0,0.0,0.0,0.0,0.0,0.0,0.0,0.0,0.0,0.0,0.0,0.0,0.0,0.0,0.0,0.0,0.0,0.0,0.0,0.0,0.0,0.0,0.0,0.0,0.0,0.0,0.0,0.0,0.0,0.0,0.0,0.0,0.0,0.0,1.0,2.0,3.0,5.0,6.0,6.0,8.0,9.0,10.0,13.0,14.0,15.0,16.0,17.200000000000045,18.88000000000011,21.0,23.0,24.159999999999968,26.0,28.0,29.0,30.120000000000005,31.360000000000014,33.60000000000002,38.0,39.08000000000004,41.0,44.559999999999945,46.799999999999955,51.0,56.27999999999997,59.51999999999998,63.75999999999999,98.0,0.0,1000.5294117927551,1000.6549019813538,1000.745098054409,1000.839215695858,1000.9843137264252,2000.8980392217636,3000.501960813999,3000.6588235497475,3000.772549033165,3001.0,172.87083435058594,180.53033447265625,185.42190551757812,189.19923400878906,192.49420166015625,195.62379455566406,198.90191650390625,202.84063720703125,209.618408203125,347.75250244140625,214.37593,0.0,test_data/Useful/Validation/rice-at-1-ft/20241108_084837_008.jpg,3889.0,81.0,29.719604271629986
9,0.0,0.0,0.0,0.0,0.0,0.0,0.0,0.0,0.0,0.0,0.0,0.0,0.0,0.0,0.0,0.0,0.0,0.0,0.0,0.0,0.0,0.0,0.0,0.0,0.0,0.0,0.0,0.0,0.0,0.0,0.0,0.0,0.0,0.0,0.0,0.0,0.0,0.0,0.0,0.0,0.0,0.0,0.0,0.0,0.0,0.0,0.0,0.0,0.0,0.0,0.0,0.0,0.0,0.0,0.0,0.0,0.0,0.0,0.0,0.0,0.0,0.0,0.0,1.0,2.0,3.0,3.080000000000041,4.32000000000005,5.0,6.7999999999999545,7.0,9.0,10.0,11.759999999999991,12.0,14.0,16.0,18.0,19.0,21.0,23.0,24.67999999999995,26.0,27.159999999999968,29.399999999999977,31.0,32.0,33.120000000000005,35.360000000000014,37.60000000000002,39.0,41.0,43.0,46.0,48.0,54.0,60.27999999999997,68.55999999999995,77.75999999999999,118.0,0.0,1000.5294117927551,1000.6549019813538,1000.745098054409,1000.8431372642517,1001.0,2000.89411765337,3000.4941176474094,3000.6588235497475,3000.772549033165,3001.0,172.9216766357422,180.48908081054688,185.3861083984375,189.16358032226563,192.4147186279297,195.54989624023438,198.80133056640625,202.6746826171875,209.4613800048828,347.7657775878906,214.07684,0.0,test_data/Useful/Validation/rice-at-1-ft/20241108_084837_009.jpg,3830.0,86.0,32.57190324892077
10,0.0,0.0,0.0,0.0,0.0,0.0,0.0,0.0,0.0,0.0,0.0,0.0,0.0,0.0,0.0,0.0,0.0,0.0,0.0,0.0,0.0,0.0,0.0,0.0,0.0,0.0,0.0,0.0,0.0,0.0,0.0,0.0,0.0,0.0,0.0,0.0,0.0,0.0,0.0,0.0,0.0,0.0,0.0,0.0,0.0,0.0,0.0,0.0,0.0,0.0,0.0,0.0,0.0,0.0,0.0,0.0,0.0,0.0,0.0,0.0,0.0,0.0,0.0,0.0,0.0,0.0,0.0,0.0,0.0,1.0,3.0,5.0,6.0,7.0,9.0,10.240000000000009,11.0,12.0,13.0,14.200000000000045,15.440000000000055,17.67999999999995,19.91999999999996,21.0,22.0,24.639999999999986,27.0,29.0,31.720000000000027,35.0,37.680000000000064,40.0,43.32000000000005,45.559999999999945,49.0,52.039999999999964,56.0,63.0,66.75999999999999,101.0,0.0,1000.5333333611488,1000.6588235497475,1000.745098054409,1000.8431372642517,2000.0470588244498,2000.8980392217636,3000.498039215803,3000.6588235497475,3000.772549033165,3001.0,172.956689453125,180.52050170898437,185.31109466552735,189.05304565429688,192.3355255126953,195.5361785888672,198.7799835205078,202.7381134033203,209.6092071533203,347.74981689453125,214.42488,0.0,test_data/Useful/Validation/rice-at-1-ft/20241108_084837_010.jpg,3854.0,77.0,27.41333014136825
11,0.0,0.0,0.0,0.0,0.0,0.0,0.0,0.0,0.0,0.0,0.0,0.0,0.0,0.0,0.0,0.0,0.0,0.0,0.0,0.0,0.0,0.0,0.0,0.0,0.0,0.0,0.0,0.0,0.0,0.0,0.0,0.0,0.0,0.0,0.0,0.0,0.0,0.0,0.0,0.0,0.0,0.0,0.0,0.0,0.0,0.0,0.0,0.0,0.0,0.0,0.0,0.0,0.0,0.0,0.0,0.0,0.0,0.0,0.0,0.0,0.0,0.0,0.0,0.0,0.0,1.0,2.0,3.0,4.0,4.7999999999999545,7.0,9.0,10.0,11.0,13.0,14.0,15.0,16.0,17.0,19.0,21.0,22.67999999999995,26.91999999999996,28.159999999999968,30.0,31.0,32.0,35.0,36.0,39.0,41.84000000000003,44.0,48.0,50.0,53.0,55.039999999999964,58.559999999999945,64.51999999999998,69.0,107.0,0.0,1000.5372549295425,1000.6588235497475,1000.7490196228027,1000.8431372642517,2000.1411764770746,2000.9568627476692,3000.517647087574,3000.666666686535,3000.7686274647713,3001.0,172.6437789916992,180.36702880859374,185.2162124633789,188.99288940429688,192.30950927734375,195.47589111328125,198.77296447753906,202.75473022460938,209.80715942382812,347.58172607421875,214.60434,0.0,test_data/Useful/Validation/rice-at-1-ft/20241108_084837_011.jpg,3805.0,82.0,30.049443298621785
12,0.0,0.0,0.0,0.0,0.0,0.0,0.0,0.0,0.0,0.0,0.0,0.0,0.0,0.0,0.0,0.0,0.0,0.0,0.0,0.0,0.0,0.0,0.0,0.0,0.0,0.0,0.0,0.0,0.0,0.0,0.0,0.0,0.0,0.0,0.0,0.0,0.0,0.0,0.0,0.0,0.0,0.0,0.0,0.0,0.0,0.0,0.0,0.0,0.0,0.0,0.0,0.0,0.0,0.0,0.0,0.0,0.0,0.0,0.0,0.0,0.0,0.0,0.0,0.0,0.6000000000000227,2.840000000000032,3.0,4.0,5.0,5.0,6.0,8.0,9.0,9.759999999999991,10.0,12.240000000000009,14.480000000000018,16.0,17.0,20.200000000000045,22.440000000000055,23.0,24.91999999999996,26.0,29.0,30.0,32.0,33.0,35.360000000000014,38.0,40.0,41.08000000000004,44.32000000000005,47.559999999999945,49.799999999999955,54.039999999999964,57.0,60.0,66.27999999999997,86.0,0.0,1000.5372549295425,1000.6588235497475,1000.7490196228027,1000.8431372642517,2000.149019613862,2000.945098042488,3000.5215686559677,3000.666666686535,3000.7686274647713,3001.0,172.52788848876955,180.25296325683593,185.12271118164062,188.91624450683594,192.27376556396484,195.5040740966797,198.7737274169922,202.85948181152344,210.03558349609375,347.4708251953125,214.9548,0.0,test_data/Useful/Validation/rice-at-1-ft/20241108_084837_012.jpg,3810.0,80.0,34.69533326798078
13,0.0,0.0,0.0,0.0,0.0,0.0,0.0,0.0,0.0,0.0,0.0,0.0,0.0,0.0,0.0,0.0,0.0,0.0,0.0,0.0,0.0,0.0,0.0,0.0,0.0,0.0,0.0,0.0,0.0,0.0,0.0,0.0,0.0,0.0,0.0,0.0,0.0,0.0,0.0,0.0,0.0,0.0,0.0,0.0,0.0,0.0,0.0,0.0,0.0,0.0,0.0,0.0,0.0,0.0,0.0,0.0,0.0,0.0,0.0,0.0,0.0,0.0,1.0,2.0,3.0,4.840000000000032,6.0,7.0,9.0,9.0,10.0,11.0,12.0,13.0,14.0,16.24000000000001,18.0,19.0,20.960000000000036,22.0,23.0,25.0,26.0,28.0,31.0,33.0,35.0,36.120000000000005,38.0,41.0,42.84000000000003,45.0,46.0,48.559999999999945,49.0,51.0,56.27999999999997,63.0,66.0,85.0,0.0,1000.54509806633,1000.6627451181412,1000.745098054409,1000.8352941274643,1001.0,2000.9137254953384,3000.529411792755,3000.6705882549286,3000.7686274647713,3001.0,172.28916778564454,179.88363647460938,184.80795288085938,188.69667053222656,192.05062866210938,195.32254028320312,198.7973175048828,203.093505859375,210.80068969726562,347.1710510253906,215.79565,0.0,test_data/Useful/Validation/rice-at-1-ft/20241108_084837_013.jpg,3663.0,86.0,28.59263977287303
14,0.0,0.0,0.0,0.0,0.0,0.0,0.0,0.0,0.0,0.0,0.0,0.0,0.0,0.0,0.0,0.0,0.0,0.0,0.0,0.0,0.0,0.0,0.0,0.0,0.0,0.0,0.0,0.0,0.0,0.0,0.0,0.0,0.0,0.0,0.0,0.0,0.0,0.0,0.0,0.0,0.0,0.0,0.0,0.0,0.0,0.0,0.0,0.0,0.0,0.0,0.0,0.0,0.0,0.0,0.0,0.0,0.0,0.0,1.0,2.0,4.0,5.0,5.0,6.0,7.600000000000023,9.0,10.0,10.32000000000005,12.0,13.0,15.0,15.0,16.0,17.0,18.0,19.0,21.0,21.0,22.960000000000036,24.0,25.0,27.0,28.0,30.0,30.0,32.639999999999986,34.0,36.0,37.0,38.0,40.0,42.0,44.0,47.0,49.799999999999955,53.0,55.0,58.51999999999998,66.51999999999998,89.0,0.0,1000.54509806633,1000.6588235497475,1000.7411764860153,1000.8313725590706,1000.9529411792755,2000.89411765337,3000.529411792755,3000.6705882549286,3000.7647058963776,3001.0,172.08684997558595,179.75405883789062,184.64459381103515,188.48073120117186,191.88152313232422,195.17205200195312,198.67528839111327,203.04714965820312,210.91058349609375,347.0380859375,215.90163,0.0,test_data/Useful/Validation/rice-at-1-ft/20241108_084837_014.jpg,3713.0,104.0,28.823097805708834
15,0.0,0.0,0.0,0.0,0.0,0.0,0.0,0.0,0.0,0.0,0.0,0.0,0.0,0.0,0.0,0.0,0.0,0.0,0.0,0.0,0.0,0.0,0.0,0.0,0.0,0.0,0.0,0.0,0.0,0.0,0.0,0.0,0.0,0.0,0.0,0.0,0.0,0.0,0.0,0.0,0.0,0.0,0.0,0.0,0.0,0.0,0.0,0.0,0.0,0.0,0.0,0.0,0.0,0.0,0.0,0.0,0.0,0.0,0.0,0.0,0.0,0.0,0.0,0.36000000000001364,2.0,3.0,4.0,4.0,5.0,5.7999999999999545,7.039999999999964,10.0,10.0,11.0,12.0,14.0,15.480000000000018,17.0,18.0,20.0,22.0,23.0,23.91999999999996,26.0,27.0,28.0,30.0,32.0,33.0,35.0,35.0,38.0,40.0,44.0,47.799999999999955,51.039999999999964,54.0,59.51999999999998,65.75999999999999,72.0,0.0,1000.5411764979362,1000.6549019813538,1000.7333333492279,1000.8235294222832,1000.9294117689133,2000.866666674614,3000.5137255191803,3000.666666686535,3000.7647058963776,3001.0,172.13126525878906,179.83249206542968,184.723486328125,188.66498413085938,192.05574798583984,195.27451782226564,198.75963745117187,203.17415771484374,211.10177612304688,347.0483093261719,215.99252,0.0,test_data/Useful/Validation/rice-at-1-ft/20241108_084837_015.jpg,3776.0,84.0,32.45000099744958
16,0.0,0.0,0.0,0.0,0.0,0.0,0.0,0.0,0.0,0.0,0.0,0.0,0.0,0.0,0.0,0.0,0.0,0.0,0.0,0.0,0.0,0.0,0.0,0.0,0.0,0.0,0.0,0.0,0.0,0.0,0.0,0.0,0.0,0.0,0.0,0.0,0.0,0.0,0.0,0.0,0.0,0.0,0.0,0.0,0.0,0.0,0.0,0.0,0.0,0.0,0.0,0.0,0.0,0.0,0.0,0.0,0.0,0.0,0.0,0.0,0.0,0.0,0.0,0.0,1.6000000000000227,3.0,3.0,4.0,6.0,7.0,8.0,9.279999999999973,11.0,12.0,13.0,14.240000000000009,15.480000000000018,17.0,18.0,20.0,21.0,22.0,24.0,26.0,27.399999999999977,29.0,29.0,30.0,31.360000000000014,32.60000000000002,34.84000000000003,39.0,41.0,45.0,48.0,49.039999999999964,52.0,56.0,64.0,87.0,0.0,1000.5411764979362,1000.6549019813538,1000.7333333492279,1000.8274509906769,1000.9411764740944,2000.8627451062202,3000.5137255191803,3000.666666686535,3000.7647058963776,3001.0,172.19581604003906,179.8605194091797,184.71299896240234,188.55633544921875,192.01293182373047,195.3182373046875,198.81414794921875,203.19998168945312,211.06805419921875,347.03826904296875,215.99075,0.0,test_data/Useful/Validation/rice-at-1-ft/20241108_084837_016.jpg,3782.0,83.0,30.229125876607693
17,0.0,0.0,0.0,0.0,0.0,0.0,0.0,0.0,0.0,0.0,0.0,0.0,0.0,0.0,0.0,0.0,0.0,0.0,0.0,0.0,0.0,0.0,0.0,0.0,0.0,0.0,0.0,0.0,0.0,0.0,0.0,0.0,0.0,0.0,0.0,0.0,0.0,0.0,0.0,0.0,0.0,0.0,0.0,0.0,0.0,0.0,0.0,0.0,0.0,0.0,0.0,0.0,0.0,0.0,0.0,0.0,0.0,0.0,0.0,0.0,0.0,1.0,2.0,3.0,4.0,5.0,6.0,7.0,8.0,9.0,10.039999999999964,11.279999999999973,12.0,13.0,15.0,15.0,16.0,16.720000000000027,19.0,20.200000000000045,22.0,24.0,24.0,25.159999999999968,27.0,29.0,30.0,32.120000000000005,35.0,38.0,39.0,40.0,41.32000000000005,44.0,46.0,47.0,50.0,52.51999999999998,57.0,75.0,0.0,1000.5411764979362,1000.6549019813538,1000.7333333492279,1000.8235294222832,1000.9294117689133,2000.8588235378265,3000.5137255191803,3000.662745118141,3000.7647058963776,3001.0,171.9005584716797,179.66873168945312,184.58145751953126,188.47811889648438,191.85101318359375,195.18023681640625,198.73385620117188,203.1698455810547,211.22093200683594,346.9868469238281,216.24924,0.0,test_data/Useful/Validation/rice-at-1-ft/20241108_084837_017.jpg,3782.0,87.0,29.69972067367332
18,0.0,0.0,0.0,0.0,0.0,0.0,0.0,0.0,0.0,0.0,0.0,0.0,0.0,0.0,0.0,0.0,0.0,0.0,0.0,0.0,0.0,0.0,0.0,0.0,0.0,0.0,0.0,0.0,0.0,0.0,0.0,0.0,0.0,0.0,0.0,0.0,0.0,0.0,0.0,0.0,0.0,0.0,0.0,0.0,0.0,0.0,0.0,0.0,0.0,0.0,0.0,0.0,0.0,0.0,0.0,0.0,0.0,0.0,0.0,0.0,0.6399999999999864,1.0,2.0,3.0,4.0,5.0,6.0,6.0,7.0,8.0,10.0,11.0,12.0,13.0,15.0,16.0,17.0,18.0,19.0,20.0,21.0,23.0,23.0,25.0,26.0,28.0,30.0,31.0,33.0,34.60000000000002,37.0,39.08000000000004,42.0,44.559999999999945,46.0,49.0,51.0,55.039999999999964,61.75999999999999,71.0,0.0,1000.5411764979362,1000.6549019813538,1000.7333333492279,1000.8235294222832,1000.9215686321259,2000.8627451062202,3000.5137255191803,3000.666666686535,3000.7647058963776,3001.0,172.11509704589844,179.83966064453125,184.75799560546875,188.63024291992187,192.0294189453125,195.36051330566406,198.82433319091797,203.1500244140625,211.1423309326172,347.0486755371094,216.03433,0.0,test_data/Useful/Validation/rice-at-1-ft/20241108_084837_018.jpg,3838.0,90.0,34.87127135758165
19,0.0,0.0,0.0,0.0,0.0,0.0,0.0,0.0,0.0,0.0,0.0,0.0,0.0,0.0,0.0,0.0,0.0,0.0,0.0,0.0,0.0,0.0,0.0,0.0,0.0,0.0,0.0,0.0,0.0,0.0,0.0,0.0,0.0,0.0,0.0,0.0,0.0,0.0,0.0,0.0,0.0,0.0,0.0,0.0,0.0,0.0,0.0,0.0,0.0,0.0,0.0,0.0,0.0,0.0,0.0,0.0,0.0,0.0,0.0,1.0,3.0,3.8799999999999955,5.0,6.0,6.600000000000023,7.0,8.0,9.0,9.559999999999945,10.0,11.0,12.0,13.0,14.0,15.0,16.24000000000001,17.480000000000018,18.720000000000027,19.0,20.0,22.0,23.67999999999995,25.0,27.0,28.0,30.279999999999973,34.0,35.120000000000005,37.0,38.60000000000002,40.84000000000003,42.0,44.0,45.559999999999945,48.0,49.039999999999964,53.0,55.51999999999998,66.0,70.0,0.0,1000.5411764979362,1000.65098041296,1000.7294117808342,1000.8196078538895,1000.9098039269447,2000.8509804010391,3000.505882382393,3000.662745118141,3000.7647058963776,3001.0,172.0386749267578,179.82440490722655,184.70921173095704,188.60032653808594,191.9994354248047,195.30120239257812,198.84457702636718,203.16978454589844,211.07260131835938,346.9731140136719,216.1083,0.0,test_data/Useful/Validation/rice-at-1-ft/20241108_084837_019.jpg,3781.0,96.0,25.99037505552583
20,0.0,0.0,0.0,0.0,0.0,0.0,0.0,0.0,0.0,0.0,0.0,0.0,0.0,0.0,0.0,0.0,0.0,0.0,0.0,0.0,0.0,0.0,0.0,0.0,0.0,0.0,0.0,0.0,0.0,0.0,0.0,0.0,0.0,0.0,0.0,0.0,0.0,0.0,0.0,0.0,0.0,0.0,0.0,0.0,0.0,0.0,0.0,0.0,0.0,0.0,0.0,0.0,0.0,0.0,0.0,0.0,0.0,0.9199999999999591,2.0,3.0,4.0,5.0,6.0,6.360000000000014,7.600000000000023,8.0,10.0,10.32000000000005,12.0,13.0,14.0,15.0,16.519999999999982,17.0,18.0,20.0,21.0,22.0,24.0,26.0,28.440000000000055,30.0,31.0,33.0,35.0,36.0,38.0,39.120000000000005,43.0,44.0,46.0,48.0,50.32000000000005,52.0,55.0,57.039999999999964,61.27999999999997,65.51999999999998,72.75999999999999,99.0,0.0,1000.5803921818733,1000.6823529601097,1000.7686274647713,1000.8627451062202,2000.1960784345865,3000.1411764770746,3000.584313750267,3000.6980392336845,3000.7921568751335,3001.0,171.54066467285156,179.20541381835938,184.0892791748047,188.02430725097656,191.44308471679688,194.7100830078125,198.24798583984375,202.75296020507812,210.64639282226562,347.1084899902344,215.61331,0.0,test_data/Useful/Validation/rice-at-1-ft/20241108_084837_050.jpg,3733.0,95.0,29.594603239706593
21,0.0,0.0,0.0,0.0,0.0,0.0,0.0,0.0,0.0,0.0,0.0,0.0,0.0,0.0,0.0,0.0,0.0,0.0,0.0,0.0,0.0,0.0,0.0,0.0,0.0,0.0,0.0,0.0,0.0,0.0,0.0,0.0,0.0,0.0,0.0,0.0,0.0,0.0,0.0,0.0,0.0,0.0,0.0,0.0,0.0,0.0,0.0,0.0,0.0,0.0,0.0,0.0,0.0,0.0,0.0,0.0,0.0,0.0,1.0,2.0,3.6399999999999864,5.8799999999999955,6.0,8.0,10.0,10.0,11.080000000000041,13.0,14.0,15.0,16.0,17.0,18.0,19.0,21.0,22.24000000000001,23.0,24.0,25.0,26.200000000000045,28.0,29.0,30.91999999999996,32.15999999999997,33.39999999999998,36.639999999999986,37.879999999999995,39.120000000000005,41.0,41.60000000000002,43.0,45.0,46.32000000000005,51.0,53.0,57.0,59.0,64.0,69.75999999999999,93.0,0.0,1000.584313750267,1000.6862745285034,1000.7686274647713,1000.8627451062202,2000.23137255013,3000.1568627506495,3000.5882353186607,3000.6980392336845,3000.7921568751335,3001.0,171.51719360351564,179.04442443847657,183.95620727539062,187.91746520996094,191.3592987060547,194.63289489746094,198.22161254882812,202.661865234375,210.7364501953125,347.103759765625,215.79633,0.0,test_data/Useful/Validation/rice-at-1-ft/20241108_084837_051.jpg,3690.0,97.0,28.564977964025214
22,0.0,0.0,0.0,0.0,0.0,0.0,0.0,0.0,0.0,0.0,0.0,0.0,0.0,0.0,0.0,0.0,0.0,0.0,0.0,0.0,0.0,0.0,0.0,0.0,0.0,0.0,0.0,0.0,0.0,0.0,0.0,0.0,0.0,0.0,0.0,0.0,0.0,0.0,0.0,0.0,0.0,0.0,0.0,0.0,0.0,0.0,0.0,0.0,0.0,0.0,0.0,0.0,0.0,0.0,0.0,0.0,0.0,0.0,0.0,2.3999999999999773,3.0,4.0,5.0,6.0,7.0,7.840000000000032,9.0,10.32000000000005,11.559999999999945,13.0,15.0,16.0,17.0,19.0,21.0,21.0,23.0,23.720000000000027,25.0,25.0,26.0,27.67999999999995,29.0,30.0,31.0,32.0,33.0,35.120000000000005,37.0,39.60000000000002,44.0,45.08000000000004,47.0,48.0,53.799999999999955,56.0,60.0,62.0,65.0,77.0,0.0,1000.584313750267,1000.6862745285034,1000.7686274647713,1000.8627451062202,2000.258823543787,3000.1725490242243,3000.5882353186607,3000.6980392336845,3000.7921568751335,3001.0,171.24774169921875,179.03356018066407,183.8870056152344,187.7614288330078,191.22607421875,194.51531982421875,198.06961059570312,202.57981872558594,210.5235137939453,347.126708984375,215.57298,0.0,test_data/Useful/Validation/rice-at-1-ft/20241108_084837_052.jpg,3684.0,90.0,25.215074916983273
23,0.0,0.0,0.0,0.0,0.0,0.0,0.0,0.0,0.0,0.0,0.0,0.0,0.0,0.0,0.0,0.0,0.0,0.0,0.0,0.0,0.0,0.0,0.0,0.0,0.0,0.0,0.0,0.0,0.0,0.0,0.0,0.0,0.0,0.0,0.0,0.0,0.0,0.0,0.0,0.0,0.0,0.0,0.0,0.0,0.0,0.0,0.0,0.0,0.0,0.0,0.0,0.0,0.0,0.0,0.0,0.0,0.0,0.0,0.0,0.0,0.0,1.0,2.0,3.0,3.6000000000000227,4.840000000000032,6.0,7.0,8.0,9.0,10.0,12.0,13.0,14.0,16.0,18.0,19.0,22.0,23.960000000000036,26.0,27.0,28.67999999999995,30.0,32.0,34.0,36.0,37.879999999999995,41.0,42.0,43.60000000000002,45.0,48.0,51.32000000000005,54.0,55.0,58.0,61.27999999999997,66.03999999999996,71.51999999999998,113.0,0.0,1000.584313750267,1000.6862745285034,1000.7686274647713,1000.8627451062202,2000.1921568661928,3000.1294117718935,3000.5803921818733,3000.694117665291,3000.7921568751335,3001.0,171.416015625,179.1177215576172,183.97395935058594,187.823974609375,191.25137329101562,194.5432891845703,198.0616912841797,202.4052276611328,210.4712677001953,347.1766662597656,215.59756,0.0,test_data/Useful/Validation/rice-at-1-ft/20241108_084837_053.jpg,3708.0,88.0,27.393122042926247
24,0.0,0.0,0.0,0.0,0.0,0.0,0.0,0.0,0.0,0.0,0.0,0.0,0.0,0.0,0.0,0.0,0.0,0.0,0.0,0.0,0.0,0.0,0.0,0.0,0.0,0.0,0.0,0.0,0.0,0.0,0.0,0.0,0.0,0.0,0.0,0.0,0.0,0.0,0.0,0.0,0.0,0.0,0.0,0.0,0.0,0.0,0.0,0.0,0.0,0.0,0.0,0.0,0.0,0.0,0.0,0.0,0.0,0.0,0.0,0.0,1.0,3.0,3.1200000000000045,4.360000000000014,5.600000000000023,6.0,7.0,8.0,9.0,12.0,13.0,15.0,16.0,17.75999999999999,19.0,20.0,21.480000000000018,24.0,25.0,27.0,27.0,29.0,30.91999999999996,33.15999999999997,35.39999999999998,37.0,40.0,41.0,43.0,44.0,45.0,46.08000000000004,47.0,49.0,52.0,56.0,58.0,61.51999999999998,69.03999999999996,91.0,0.0,1000.584313750267,1000.6862745285034,1000.7686274647713,1000.8627451062202,2000.2000000029802,3000.1215686276555,3000.5764706134796,3000.694117665291,3000.7921568751335,3001.0,171.37425994873047,179.04909973144532,183.95063018798828,187.83321228027344,191.25070190429688,194.5873809814453,198.0936279296875,202.4982452392578,210.4176483154297,347.18450927734375,215.4866,0.0,test_data/Useful/Validation/rice-at-1-ft/20241108_084837_054.jpg,3783.0,97.0,29.901831456320167
25,0.0,0.0,0.0,0.0,0.0,0.0,0.0,0.0,0.0,0.0,0.0,0.0,0.0,0.0,0.0,0.0,0.0,0.0,0.0,0.0,0.0,0.0,0.0,0.0,0.0,0.0,0.0,0.0,0.0,0.0,0.0,0.0,0.0,0.0,0.0,0.0,0.0,0.0,0.0,0.0,0.0,0.0,0.0,0.0,0.0,0.0,0.0,0.0,0.0,0.0,0.0,0.0,0.0,0.0,0.0,0.0,0.0,0.0,0.0,0.0,0.0,0.0,0.0,1.0,2.6000000000000227,4.0,5.0,6.32000000000005,7.0,8.0,9.0,11.0,12.0,13.759999999999991,16.0,18.0,19.0,20.0,21.0,23.200000000000045,24.440000000000055,25.67999999999995,26.91999999999996,29.0,31.0,32.0,34.879999999999995,36.0,38.0,40.200000000000045,42.84000000000003,45.08000000000004,47.0,50.559999999999945,52.799999999999955,55.0,59.27999999999997,65.0,70.0,95.0,0.0,1000.5803921818733,1000.6862745285034,1000.7647058963776,1000.8588235378265,1001.0,2000.9803921580315,3000.568627476692,3000.694117665291,3000.7921568751335,3001.0,171.7003631591797,179.22964477539062,184.10952758789062,187.9993438720703,191.40765380859375,194.71383666992188,198.2010498046875,202.53564453125,210.51141357421875,347.2129821777344,215.61552,0.0,test_data/Useful/Validation/rice-at-1-ft/20241108_084837_055.jpg,3713.0,84.0,25.417705477206354
26,0.0,0.0,0.0,0.0,0.0,0.0,0.0,0.0,0.0,0.0,0.0,0.0,0.0,0.0,0.0,0.0,0.0,0.0,0.0,0.0,0.0,0.0,0.0,0.0,0.0,0.0,0.0,0.0,0.0,0.0,0.0,0.0,0.0,0.0,0.0,0.0,0.0,0.0,0.0,0.0,0.0,0.0,0.0,0.0,0.0,0.0,0.0,0.0,0.0,0.0,0.0,0.0,0.0,0.0,0.0,0.0,0.0,0.0,0.0,0.0,0.0,0.0,0.0,1.0,2.6000000000000227,3.0,4.0,5.0,6.0,7.0,8.0,9.279999999999973,11.0,12.0,14.0,16.0,18.480000000000018,20.0,22.0,24.0,25.440000000000055,27.0,29.0,31.159999999999968,33.0,36.0,39.0,41.0,42.0,43.0,44.0,47.0,49.0,51.0,54.799999999999955,59.0,61.0,69.55999999999995,78.0,93.0,0.0,1000.5803921818733,1000.6823529601097,1000.7647058963776,1000.8549019694328,1001.0,2000.9254902005196,3000.5647059082985,3000.690196096897,3000.78823530674,3001.0,171.62617034912108,179.46925354003906,184.39317321777344,188.21128845214844,191.5768280029297,194.88651428222656,198.38569183349608,202.7545166015625,210.55816650390625,347.2806091308594,215.5675,0.0,test_data/Useful/Validation/rice-at-1-ft/20241108_084837_056.jpg,3789.0,83.0,29.626205791850396
27,0.0,0.0,0.0,0.0,0.0,0.0,0.0,0.0,0.0,0.0,0.0,0.0,0.0,0.0,0.0,0.0,0.0,0.0,0.0,0.0,0.0,0.0,0.0,0.0,0.0,0.0,0.0,0.0,0.0,0.0,0.0,0.0,0.0,0.0,0.0,0.0,0.0,0.0,0.0,0.0,0.0,0.0,0.0,0.0,0.0,0.0,0.0,0.0,0.0,0.0,0.0,0.0,0.0,0.0,0.0,0.0,0.0,0.0,0.0,0.0,0.0,0.0,0.0,1.0,2.0,3.0,5.0,7.0,8.559999999999945,9.0,11.0,12.0,13.0,15.0,16.0,17.0,19.480000000000018,21.0,24.0,25.200000000000045,27.440000000000055,29.0,31.0,32.0,33.0,35.0,36.75999999999999,39.0,40.0,41.60000000000002,45.0,48.0,51.0,54.559999999999945,56.799999999999955,59.039999999999964,64.0,67.0,72.0,89.0,0.0,1000.5647059082985,1000.6705882549286,1000.7529411911964,1000.8431372642517,1000.972549021244,2000.8823529481888,3000.5411764979362,3000.678431391716,3000.7764706015587,3001.0,171.80874633789062,179.4437255859375,184.3728790283203,188.2205047607422,191.612548828125,194.9071502685547,198.36489868164062,202.66677856445312,210.46707153320312,347.32806396484375,215.32379,0.0,test_data/Useful/Validation/rice-at-1-ft/20241108_084837_057.jpg,3779.0,92.0,29.21415251828783
28,0.0,0.0,0.0,0.0,0.0,0.0,0.0,0.0,0.0,0.0,0.0,0.0,0.0,0.0,0.0,0.0,0.0,0.0,0.0,0.0,0.0,0.0,0.0,0.0,0.0,0.0,0.0,0.0,0.0,0.0,0.0,0.0,0.0,0.0,0.0,0.0,0.0,0.0,0.0,0.0,0.0,0.0,0.0,0.0,0.0,0.0,0.0,0.0,0.0,0.0,0.0,0.0,0.0,0.0,0.0,0.0,0.0,0.0,0.0,0.0,0.0,0.0,0.0,1.0,2.0,3.0,4.0,5.0,6.0,7.0,8.039999999999964,10.0,11.519999999999982,14.0,14.0,15.240000000000009,17.0,18.0,18.960000000000036,20.200000000000045,22.0,23.0,25.91999999999996,29.159999999999968,31.0,33.639999999999986,35.879999999999995,38.0,40.0,42.0,46.0,48.0,51.0,56.0,58.0,60.039999999999964,62.559999999999945,68.0,71.0,98.0,0.0,1000.5568627715111,1000.6627451181412,1000.7411764860153,1000.8313725590706,1000.9529411792755,2000.8627451062202,3000.5254902243614,3000.666666686535,3000.7647058963776,3001.0,171.8178253173828,179.46873168945314,184.35906982421875,188.2099151611328,191.60809326171875,194.87435913085938,198.31169586181642,202.58062133789062,210.34650268554688,347.3240966796875,215.40733,0.0,test_data/Useful/Validation/rice-at-1-ft/20241108_084837_058.jpg,3808.0,83.0,32.986053620280885
29,0.0,0.0,0.0,0.0,0.0,0.0,0.0,0.0,0.0,0.0,0.0,0.0,0.0,0.0,0.0,0.0,0.0,0.0,0.0,0.0,0.0,0.0,0.0,0.0,0.0,0.0,0.0,0.0,0.0,0.0,0.0,0.0,0.0,0.0,0.0,0.0,0.0,0.0,0.0,0.0,0.0,0.0,0.0,0.0,0.0,0.0,0.0,0.0,0.0,0.0,0.0,0.0,0.0,0.0,0.0,0.0,0.0,0.0,0.0,0.0,0.0,0.0,0.0,1.0,1.6000000000000227,3.0,4.0,5.0,5.0,6.7999999999999545,8.0,9.0,10.519999999999982,12.0,13.0,15.240000000000009,17.480000000000018,18.0,20.0,22.200000000000045,24.0,25.0,26.0,29.0,30.0,32.0,34.0,36.0,38.0,39.60000000000002,42.0,45.0,48.0,50.0,53.799999999999955,55.039999999999964,58.0,62.0,67.75999999999999,80.0,0.0,1000.5490196347237,1000.6588235497475,1000.7333333492279,1000.8235294222832,1000.9450980424881,2000.8549019694328,3000.517647087574,3000.6588235497475,3000.75686275959,3001.0,171.43531799316406,179.1202392578125,184.03501892089844,187.9078857421875,191.33201599121094,194.58600158691405,198.05621032714845,202.4674530029297,210.27398681640625,347.332275390625,215.5272,0.0,test_data/Useful/Validation/rice-at-1-ft/20241108_084837_059.jpg,3829.0,82.0,30.952630057362644
30,0.0,0.0,0.0,0.0,0.0,0.0,0.0,0.0,0.0,0.0,0.0,0.0,0.0,0.0,0.0,0.0,0.0,0.0,0.0,0.0,0.0,0.0,0.0,0.0,0.0,0.0,0.0,0.0,0.0,0.0,0.0,0.0,0.0,0.0,0.0,0.0,0.0,0.0,0.0,0.0,0.0,0.0,0.0,0.0,0.0,0.0,0.0,0.0,0.0,0.0,0.0,0.0,0.0,0.0,0.0,0.0,0.0,0.0,0.0,0.0,0.0,0.0,0.0,0.0,0.0,0.0,1.080000000000041,4.0,5.0,5.7999999999999545,7.0,7.279999999999973,9.0,10.0,11.0,11.0,12.480000000000018,14.0,15.0,18.0,19.0,21.67999999999995,23.0,24.0,25.0,28.0,31.879999999999995,34.120000000000005,36.0,38.60000000000002,41.0,42.08000000000004,46.0,48.559999999999945,50.0,53.039999999999964,58.27999999999997,63.51999999999998,67.75999999999999,78.0,0.0,1000.5411764979362,1000.65098041296,1000.7254902124405,1000.8156862854958,1000.9294117689133,2000.8274509906769,3000.501960813999,3000.65098041296,3000.7490196228027,3001.0,171.69931182861328,179.26585693359374,184.1644027709961,187.9819549560547,191.35857391357422,194.6229248046875,198.07496643066406,202.45042419433594,210.18405151367188,347.3721008300781,215.45576,0.0,test_data/Useful/Validation/rice-at-1-ft/20241108_084837_060.jpg,3947.0,70.0,29.88521866763225
31,0.0,0.0,0.0,0.0,0.0,0.0,0.0,0.0,0.0,0.0,0.0,0.0,0.0,0.0,0.0,0.0,0.0,0.0,0.0,0.0,0.0,0.0,0.0,0.0,0.0,0.0,0.0,0.0,0.0,0.0,0.0,0.0,0.0,0.0,0.0,0.0,0.0,0.0,0.0,0.0,0.0,0.0,0.0,0.0,0.0,0.0,0.0,0.0,0.0,0.0,0.0,0.0,0.0,0.0,0.0,0.0,0.0,0.0,0.0,0.0,0.0,0.0,0.0,0.0,0.0,2.0,3.080000000000041,4.32000000000005,6.559999999999945,8.0,10.0,11.0,13.0,13.759999999999991,15.0,16.0,18.0,20.0,21.0,21.0,22.0,23.0,25.0,27.0,29.0,33.0,35.0,38.0,38.360000000000014,41.0,42.0,45.08000000000004,48.0,50.0,56.0,60.0,63.0,67.0,76.51999999999998,96.0,0.0,1000.54509806633,1000.6549019813538,1000.7294117808342,1000.8196078538895,1000.9450980424881,2000.8509804010391,3000.5098039507866,3000.6549019813538,3000.7529411911964,3001.0,171.6695785522461,179.34955444335938,184.2107360839844,188.0295623779297,191.3939666748047,194.62325439453124,198.1017105102539,202.43523559570312,210.26861572265625,347.3716735839844,215.4047,0.0,test_data/Useful/Validation/rice-at-1-ft/20241108_084837_061.jpg,3892.0,80.0,29.795406057836082
32,0.0,0.0,0.0,0.0,0.0,0.0,0.0,0.0,0.0,0.0,0.0,0.0,0.0,0.0,0.0,0.0,0.0,0.0,0.0,0.0,0.0,0.0,0.0,0.0,0.0,0.0,0.0,0.0,0.0,0.0,0.0,0.0,0.0,0.0,0.0,0.0,0.0,0.0,0.0,0.0,0.0,0.0,0.0,0.0,0.0,0.0,0.0,0.0,0.0,0.0,0.0,0.0,0.0,0.0,0.0,0.0,0.0,0.0,0.0,0.0,0.0,0.0,0.0,0.0,1.0,2.0,3.0,4.32000000000005,5.0,6.0,7.0,8.0,10.0,11.759999999999991,13.0,14.0,16.0,18.0,18.960000000000036,19.0,20.440000000000055,22.0,24.0,26.0,27.0,29.0,30.0,33.120000000000005,35.0,38.60000000000002,42.0,43.0,45.32000000000005,48.0,51.0,54.039999999999964,59.27999999999997,63.0,69.75999999999999,91.0,0.0,1000.54509806633,1000.65098041296,1000.7294117808342,1000.8196078538895,1000.9411764740944,2000.8431372642517,3000.505882382393,3000.65098041296,3000.7529411911964,3001.0,171.8089599609375,179.4913330078125,184.3341506958008,188.191259765625,191.5430145263672,194.8058349609375,198.24117126464844,202.49583740234377,210.3016143798828,347.43585205078125,215.56439,0.0,test_data/Useful/Validation/rice-at-1-ft/20241108_084837_062.jpg,3890.0,81.0,28.673172495396525
33,0.0,0.0,0.0,0.0,0.0,0.0,0.0,0.0,0.0,0.0,0.0,0.0,0.0,0.0,0.0,0.0,0.0,0.0,0.0,0.0,0.0,0.0,0.0,0.0,0.0,0.0,0.0,0.0,0.0,0.0,0.0,0.0,0.0,0.0,0.0,0.0,0.0,0.0,0.0,0.0,0.0,0.0,0.0,0.0,0.0,0.0,0.0,0.0,0.0,0.0,0.0,0.0,0.0,0.0,0.0,0.0,0.0,0.0,0.0,0.0,0.0,0.0,0.0,0.0,1.0,2.840000000000032,4.0,5.0,6.559999999999945,7.0,8.039999999999964,10.0,11.0,13.0,14.0,15.0,17.0,17.720000000000027,19.0,20.200000000000045,22.0,24.0,26.0,26.159999999999968,29.0,30.0,31.879999999999995,34.0,36.0,38.60000000000002,42.84000000000003,45.0,47.0,49.559999999999945,53.799999999999955,56.0,61.559999999999945,67.0,73.0,94.0,0.0,1000.5490196347237,1000.65098041296,1000.7294117808342,1000.8196078538895,1000.933333337307,2000.8313725590706,3000.501960813999,3000.65098041296,3000.7490196228027,3001.0,171.64993743896486,179.34331970214845,184.22039794921875,188.09104919433594,191.43170166015625,194.71438598632812,198.15162658691406,202.4955596923828,210.388671875,347.4112243652344,215.61139,0.0,test_data/Useful/Validation/rice-at-1-ft/20241108_084837_063.jpg,3915.0,86.0,28.562109691248544
34,0.0,0.0,0.0,0.0,0.0,0.0,0.0,0.0,0.0,0.0,0.0,0.0,0.0,0.0,0.0,0.0,0.0,0.0,0.0,0.0,0.0,0.0,0.0,0.0,0.0,0.0,0.0,0.0,0.0,0.0,0.0,0.0,0.0,0.0,0.0,0.0,0.0,0.0,0.0,0.0,0.0,0.0,0.0,0.0,0.0,0.0,0.0,0.0,0.0,0.0,0.0,0.0,0.0,0.0,0.0,0.0,0.0,0.0,0.0,0.0,0.0,0.0,0.0,0.0,0.0,0.8400000000000318,2.0,3.0,3.5599999999999454,4.0,5.039999999999964,6.0,8.519999999999982,9.759999999999991,11.0,12.0,13.0,14.0,15.960000000000036,18.0,20.440000000000055,23.0,25.0,27.0,28.399999999999977,31.0,32.0,35.0,37.0,38.60000000000002,42.84000000000003,45.0,47.32000000000005,49.0,53.799999999999955,57.0,61.27999999999997,65.0,74.27999999999997,83.0,0.0,1000.5490196347237,1000.6549019813538,1000.7333333492279,1000.8196078538895,1000.9372549057007,2000.839215695858,3000.501960813999,3000.65098041296,3000.7529411911964,3001.0,171.74423065185547,179.41903381347657,184.36410522460938,188.2337890625,191.59104919433594,194.86692810058594,198.36390075683593,202.70897827148437,210.5399932861328,347.4122619628906,215.55405,0.0,test_data/Useful/Validation/rice-at-1-ft/20241108_084837_064.jpg,4005.0,80.0,30.15454373399343
35,0.0,0.0,0.0,0.0,0.0,0.0,0.0,0.0,0.0,0.0,0.0,0.0,0.0,0.0,0.0,0.0,0.0,0.0,0.0,0.0,0.0,0.0,0.0,0.0,0.0,0.0,0.0,0.0,0.0,0.0,0.0,0.0,0.0,0.0,0.0,0.0,0.0,0.0,0.0,0.0,0.0,0.0,0.0,0.0,0.0,0.0,0.0,0.0,0.0,0.0,0.0,0.0,0.0,0.0,0.0,0.0,0.0,0.0,0.0,0.0,0.0,0.0,0.0,0.0,0.0,0.0,0.0,0.0,1.0,2.0,4.0,5.279999999999973,7.0,8.759999999999991,10.0,12.0,14.0,15.0,16.0,18.0,20.0,22.0,24.0,26.0,27.399999999999977,30.639999999999986,35.0,36.120000000000005,38.360000000000014,39.0,42.0,45.0,47.0,50.0,52.799999999999955,56.039999999999964,60.0,64.0,68.75999999999999,117.0,0.0,1000.5490196347237,1000.6549019813538,1000.7294117808342,1000.8196078538895,1000.9372549057007,2000.8431372642517,3000.505882382393,3000.6549019813538,3000.7490196228027,3001.0,171.72824096679688,179.3820343017578,184.24957275390625,188.08778381347656,191.45851135253906,194.76046752929688,198.2242431640625,202.62640380859375,210.5683135986328,347.38177490234375,216.00876,0.0,test_data/Useful/Validation/rice-at-1-ft/20241108_084837_065.jpg,4019.0,78.0,27.075260119996415
36,0.0,0.0,0.0,0.0,0.0,0.0,0.0,0.0,0.0,0.0,0.0,0.0,0.0,0.0,0.0,0.0,0.0,0.0,0.0,0.0,0.0,0.0,0.0,0.0,0.0,0.0,0.0,0.0,0.0,0.0,0.0,0.0,0.0,0.0,0.0,0.0,0.0,0.0,0.0,0.0,0.0,0.0,0.0,0.0,0.0,0.0,0.0,0.0,0.0,0.0,0.0,0.0,0.0,0.0,0.0,0.0,0.0,0.0,0.0,0.0,0.0,0.0,0.0,0.0,0.0,0.0,1.080000000000041,2.0,3.0,4.0,6.0,7.0,8.0,9.0,11.0,12.0,14.0,15.0,17.0,18.0,20.0,21.0,22.91999999999996,24.159999999999968,26.0,28.0,30.879999999999995,32.0,33.0,34.0,37.0,41.08000000000004,44.32000000000005,46.0,52.0,56.0,60.0,64.0,68.75999999999999,87.0,0.0,1000.5529412031174,1000.6588235497475,1000.7333333492279,1000.8235294222832,1000.9529411792755,2000.8549019694328,3000.517647087574,3000.6549019813538,3000.7529411911964,3001.0,171.6213836669922,179.3504638671875,184.25030517578125,188.10787963867188,191.5253143310547,194.8071075439453,198.2662612915039,202.60369873046875,210.71607971191406,347.2989501953125,215.77829,0.0,test_data/Useful/Validation/rice-at-1-ft/20241108_084837_066.jpg,3978.0,74.0,25.70045769012367
37,0.0,0.0,0.0,0.0,0.0,0.0,0.0,0.0,0.0,0.0,0.0,0.0,0.0,0.0,0.0,0.0,0.0,0.0,0.0,0.0,0.0,0.0,0.0,0.0,0.0,0.0,0.0,0.0,0.0,0.0,0.0,0.0,0.0,0.0,0.0,0.0,0.0,0.0,0.0,0.0,0.0,0.0,0.0,0.0,0.0,0.0,0.0,0.0,0.0,0.0,0.0,0.0,0.0,0.0,0.0,0.0,0.0,0.0,0.0,0.0,0.0,0.0,0.0,1.0,2.0,3.0,4.0,6.0,7.0,8.0,10.0,11.0,12.0,13.0,14.0,16.0,17.0,18.0,19.0,21.200000000000045,24.0,25.67999999999995,28.0,29.0,30.399999999999977,32.639999999999986,33.879999999999995,36.0,38.360000000000014,40.0,42.0,43.08000000000004,46.0,48.559999999999945,51.0,54.0,57.27999999999997,63.0,68.75999999999999,82.0,0.0,1000.5568627715111,1000.6588235497475,1000.7372549176216,1000.8274509906769,1000.9647058844566,2000.9019607901573,3000.533333361149,3000.662745118141,3000.7529411911964,3001.0,171.7899200439453,179.47726440429688,184.31846618652344,188.15438537597657,191.48870849609375,194.75138244628906,198.24173126220703,202.60377197265626,210.75335693359375,347.2943420410156,216.09845,0.0,test_data/Useful/Validation/rice-at-1-ft/20241108_084837_067.jpg,3933.0,93.0,28.92294105696951
38,0.0,0.0,0.0,0.0,0.0,0.0,0.0,0.0,0.0,0.0,0.0,0.0,0.0,0.0,0.0,0.0,0.0,0.0,0.0,0.0,0.0,0.0,0.0,0.0,0.0,0.0,0.0,0.0,0.0,0.0,0.0,0.0,0.0,0.0,0.0,0.0,0.0,0.0,0.0,0.0,0.0,0.0,0.0,0.0,0.0,0.0,0.0,0.0,0.0,0.0,0.0,0.0,0.0,0.0,0.0,0.0,0.0,0.0,0.0,0.0,0.0,0.0,0.0,0.0,1.0,2.0,3.0,4.0,6.0,6.0,7.0,8.0,10.0,10.0,12.0,13.0,14.0,16.0,18.0,20.0,21.0,22.0,23.0,25.159999999999968,29.399999999999977,30.639999999999986,32.0,34.120000000000005,37.0,38.0,41.0,42.08000000000004,44.32000000000005,48.0,50.799999999999955,53.039999999999964,57.0,61.0,68.27999999999997,84.0,0.0,1000.5529412031174,1000.6588235497475,1000.7333333492279,1000.8235294222832,1000.9607843160629,2000.89411765337,3000.533333361149,3000.662745118141,3000.7529411911964,3001.0,171.78790893554688,179.41161193847657,184.3383331298828,188.17754516601562,191.57321166992188,194.84010314941406,198.33221435546875,202.6466064453125,210.6800537109375,347.33544921875,215.77362,0.0,test_data/Useful/Validation/rice-at-1-ft/20241108_084837_068.jpg,3905.0,82.0,31.36288856013627
39,0.0,0.0,0.0,0.0,0.0,0.0,0.0,0.0,0.0,0.0,0.0,0.0,0.0,0.0,0.0,0.0,0.0,0.0,0.0,0.0,0.0,0.0,0.0,0.0,0.0,0.0,0.0,0.0,0.0,0.0,0.0,0.0,0.0,0.0,0.0,0.0,0.0,0.0,0.0,0.0,0.0,0.0,0.0,0.0,0.0,0.0,0.0,0.0,0.0,0.0,0.0,0.0,0.0,0.0,0.0,0.0,0.0,0.0,0.0,0.0,0.0,0.0,0.0,0.0,0.0,0.0,0.0,0.0,1.0,3.0,4.0,4.0,5.519999999999982,7.759999999999991,9.0,9.0,10.0,12.0,13.0,16.0,18.0,19.67999999999995,22.91999999999996,25.0,27.0,29.0,31.0,33.120000000000005,36.0,37.0,39.84000000000003,43.0,45.0,48.0,49.0,53.0,56.0,58.51999999999998,67.75999999999999,86.0,0.0,1000.5647059082985,1000.6666666865349,1000.745098054409,1000.839215695858,2000.2745098173618,3000.1254902035,3000.5529412031174,3000.6705882549286,3000.760784327984,3001.0,171.80517578125,179.34706115722656,184.2882537841797,188.17114868164063,191.6082305908203,194.88682556152344,198.38011474609374,202.76475219726564,210.88379669189453,347.35418701171875,216.13647,0.0,test_data/Useful/Validation/rice-at-1-ft/20241108_084837_069.jpg,3944.0,72.0,27.583506011916583
40,0.0,0.0,0.0,0.0,0.0,0.0,0.0,0.0,0.0,0.0,0.0,0.0,0.0,0.0,0.0,0.0,0.0,0.0,0.0,0.0,0.0,0.0,0.0,0.0,0.0,0.0,0.0,0.0,0.0,0.0,0.0,0.0,0.0,0.0,0.0,0.0,0.0,0.0,0.0,0.0,0.0,0.0,0.0,0.0,0.0,0.0,0.0,0.0,0.0,0.0,0.0,0.0,0.0,0.0,0.0,0.0,0.0,0.0,0.0,0.0,0.0,0.0,0.0,0.0,0.0,0.0,1.080000000000041,3.0,4.0,5.0,6.039999999999964,8.0,10.0,11.0,12.0,14.0,15.0,16.720000000000027,17.960000000000036,19.0,20.0,22.0,25.0,27.0,29.0,32.639999999999986,34.0,36.0,38.0,40.0,42.0,43.0,45.32000000000005,46.559999999999945,48.799999999999955,51.039999999999964,54.0,58.039999999999964,72.27999999999997,87.0,0.0,1000.5686274766922,1000.6705882549286,1000.7529411911964,1000.8470588326454,2000.3490196168423,3000.1725490242243,3000.556862771511,3000.6705882549286,3000.760784327984,3001.0,171.6876983642578,179.40889587402344,184.32610473632812,188.24725646972655,191.67223358154297,194.93640747070313,198.4295394897461,202.80104064941406,210.80368041992188,347.4272155761719,215.92908,0.0,test_data/Useful/Validation/rice-at-1-ft/20241108_084837_070.jpg,3981.0,86.0,21.91738627110566
41,0.0,0.0,0.0,0.0,0.0,0.0,0.0,0.0,0.0,0.0,0.0,0.0,0.0,0.0,0.0,0.0,0.0,0.0,0.0,0.0,0.0,0.0,0.0,0.0,0.0,0.0,0.0,0.0,0.0,0.0,0.0,0.0,0.0,0.0,0.0,0.0,0.0,0.0,0.0,0.0,0.0,0.0,0.0,0.0,0.0,0.0,0.0,0.0,0.0,0.0,0.0,0.0,0.0,0.0,0.0,0.0,0.0,0.0,0.0,0.0,0.0,0.0,0.0,0.0,0.0,0.8400000000000318,2.0,3.0,4.0,5.0,6.0,7.0,8.519999999999982,9.0,11.0,12.0,13.0,14.0,15.0,17.0,18.0,20.0,21.0,24.0,24.399999999999977,26.0,28.0,29.0,32.0,33.60000000000002,37.0,41.0,42.0,44.559999999999945,48.0,50.0,51.0,57.0,65.27999999999997,90.0,0.0,1000.5725490450859,1000.6745098233223,1000.7568627595901,1000.8509804010391,2000.3725490272045,3000.203921571374,3000.5647059082985,3000.6745098233223,3000.760784327984,3001.0,171.75149841308593,179.35761413574218,184.18023681640625,188.09933471679688,191.52618408203125,194.80343627929688,198.27914428710938,202.7883758544922,210.89849853515625,347.38592529296875,216.1842,0.0,test_data/Useful/Validation/rice-at-1-ft/20241108_084837_071.jpg,4028.0,80.0,31.50326560782739
42,0.0,0.0,0.0,0.0,0.0,0.0,0.0,0.0,0.0,0.0,0.0,0.0,0.0,0.0,0.0,0.0,0.0,0.0,0.0,0.0,0.0,0.0,0.0,0.0,0.0,0.0,0.0,0.0,0.0,0.0,0.0,0.0,0.0,0.0,0.0,0.0,0.0,0.0,0.0,0.0,0.0,0.0,0.0,0.0,0.0,0.0,0.0,0.0,0.0,0.0,0.0,0.0,0.0,0.0,0.0,0.0,0.0,0.0,0.0,0.0,0.0,0.0,0.0,0.0,0.0,0.0,2.0,4.0,4.559999999999945,5.7999999999999545,6.039999999999964,8.0,9.519999999999982,11.0,12.0,13.0,14.0,15.0,15.0,17.0,19.0,20.0,21.0,23.0,25.0,26.0,28.0,29.24000000000001,33.0,34.0,36.0,39.0,41.0,43.0,46.0,50.0,54.27999999999997,60.51999999999998,74.51999999999998,90.0,0.0,1000.5725490450859,1000.678431391716,1000.7607843279839,1000.8549019694328,2000.3843137323856,3000.2235294133425,3000.5647059082985,3000.6745098233223,3000.760784327984,3001.0,171.6200408935547,179.38612365722656,184.2445526123047,188.08089599609374,191.4640655517578,194.77476501464844,198.2787322998047,202.7662811279297,210.9412841796875,347.39581298828125,216.09848,0.0,test_data/Useful/Validation/rice-at-1-ft/20241108_084837_072.jpg,4004.0,79.0,29.986095123715693
43,0.0,0.0,0.0,0.0,0.0,0.0,0.0,0.0,0.0,0.0,0.0,0.0,0.0,0.0,0.0,0.0,0.0,0.0,0.0,0.0,0.0,0.0,0.0,0.0,0.0,0.0,0.0,0.0,0.0,0.0,0.0,0.0,0.0,0.0,0.0,0.0,0.0,0.0,0.0,0.0,0.0,0.0,0.0,0.0,0.0,0.0,0.0,0.0,0.0,0.0,0.0,0.0,0.0,0.0,0.0,0.0,0.0,0.0,0.0,0.0,0.0,0.0,0.0,0.0,0.0,0.0,0.0,1.32000000000005,2.0,3.7999999999999545,5.0,6.0,7.0,8.0,9.0,10.0,12.0,13.0,14.0,17.0,19.0,21.67999999999995,22.0,25.0,26.399999999999977,28.0,30.0,32.120000000000005,35.0,36.0,37.84000000000003,39.0,41.32000000000005,42.559999999999945,44.799999999999955,47.039999999999964,53.559999999999945,57.51999999999998,63.75999999999999,86.0,0.0,1000.5803921818733,1000.6823529601097,1000.7647058963776,1000.8588235378265,2000.4509803950787,3000.23137255013,3000.568627476692,3000.6745098233223,3000.760784327984,3001.0,171.7314483642578,179.44851684570312,184.2736572265625,188.16445922851562,191.6046600341797,194.89541625976562,198.46295013427735,202.89663696289062,211.0102081298828,347.3929138183594,216.2491,0.0,test_data/Useful/Validation/rice-at-1-ft/20241108_084837_073.jpg,4074.0,78.0,28.82118467921936
44,0.0,0.0,0.0,0.0,0.0,0.0,0.0,0.0,0.0,0.0,0.0,0.0,0.0,0.0,0.0,0.0,0.0,0.0,0.0,0.0,0.0,0.0,0.0,0.0,0.0,0.0,0.0,0.0,0.0,0.0,0.0,0.0,0.0,0.0,0.0,0.0,0.0,0.0,0.0,0.0,0.0,0.0,0.0,0.0,0.0,0.0,0.0,0.0,0.0,0.0,0.0,0.0,0.0,0.0,0.0,0.0,0.0,0.0,0.0,0.0,0.0,0.0,0.0,0.0,0.0,0.0,0.0,2.32000000000005,3.0,4.0,5.0,6.0,7.519999999999982,9.0,11.0,12.0,14.0,15.0,15.960000000000036,17.0,18.440000000000055,20.67999999999995,22.0,25.159999999999968,27.0,28.0,29.0,31.120000000000005,33.0,34.0,36.0,38.0,40.0,43.0,45.799999999999955,49.0,52.0,53.51999999999998,58.27999999999997,89.0,0.0,1000.5803921818733,1000.6823529601097,1000.7686274647713,1000.8627451062202,2000.4627451002598,3000.2509804069996,3000.568627476692,3000.678431391716,3000.760784327984,3001.0,171.66795349121094,179.33372497558594,184.21969604492188,188.06951904296875,191.47943115234375,194.7978515625,198.32217712402343,202.74606323242188,210.9105682373047,347.4132995605469,216.07996,0.0,test_data/Useful/Validation/rice-at-1-ft/20241108_084837_074.jpg,4026.0,81.0,29.534219489288418
45,0.0,0.0,0.0,0.0,0.0,0.0,0.0,0.0,0.0,0.0,0.0,0.0,0.0,0.0,0.0,0.0,0.0,0.0,0.0,0.0,0.0,0.0,0.0,0.0,0.0,0.0,0.0,0.0,0.0,0.0,0.0,0.0,0.0,0.0,0.0,0.0,0.0,0.0,0.0,0.0,0.0,0.0,0.0,0.0,0.0,0.0,0.0,0.0,0.0,0.0,0.0,0.0,0.0,0.0,0.0,0.0,0.0,0.0,0.0,0.0,0.0,0.0,0.0,0.0,0.0,0.0,0.0,0.0,1.5599999999999454,3.0,4.0,5.0,7.0,8.0,9.0,10.0,11.0,14.0,16.0,16.200000000000045,18.0,19.0,20.0,21.0,22.0,24.639999999999986,26.879999999999995,29.0,30.0,32.0,34.0,35.08000000000004,37.0,39.0,43.0,49.0,53.0,55.0,59.75999999999999,83.0,0.0,1000.5803921818733,1000.6823529601097,1000.7686274647713,1000.8627451062202,2000.4392156898975,3000.2078431397676,3000.5647059082985,3000.6745098233223,3000.760784327984,3001.0,171.36505126953125,179.09296569824218,184.0798797607422,187.98460388183594,191.4127197265625,194.732666015625,198.2984161376953,202.75946044921875,211.01258850097656,347.39019775390625,216.15991,0.0,test_data/Useful/Validation/rice-at-1-ft/20241108_084837_075.jpg,4059.0,75.0,31.349114391473446
46,0.0,0.0,0.0,0.0,0.0,0.0,0.0,0.0,0.0,0.0,0.0,0.0,0.0,0.0,0.0,0.0,0.0,0.0,0.0,0.0,0.0,0.0,0.0,0.0,0.0,0.0,0.0,0.0,0.0,0.0,0.0,0.0,0.0,0.0,0.0,0.0,0.0,0.0,0.0,0.0,0.0,0.0,0.0,0.0,0.0,0.0,0.0,0.0,0.0,0.0,0.0,0.0,0.0,0.0,0.0,0.0,0.0,0.0,0.0,0.0,0.0,0.0,0.0,0.0,0.0,0.8400000000000318,3.0,3.32000000000005,4.559999999999945,6.0,7.0,8.0,9.0,10.0,12.0,13.0,14.0,15.0,17.0,19.200000000000045,21.0,22.0,23.0,26.0,27.0,28.639999999999986,30.0,31.120000000000005,33.360000000000014,36.0,37.84000000000003,39.08000000000004,43.0,45.0,47.0,48.0,50.559999999999945,56.0,73.27999999999997,97.0,0.0,1000.5882353186607,1000.6862745285034,1000.772549033165,1000.8627451062202,2000.4274509847164,3000.215686276555,3000.568627476692,3000.678431391716,3000.760784327984,3001.0,171.53582763671875,179.2659637451172,184.15660095214844,188.06517028808594,191.49679565429688,194.78750610351562,198.31631469726562,202.82911682128906,211.06214904785156,347.3782958984375,216.3246,0.0,test_data/Useful/Validation/rice-at-1-ft/20241108_084837_076.jpg,4072.0,88.0,33.5627805979638
47,0.0,0.0,0.0,0.0,0.0,0.0,0.0,0.0,0.0,0.0,0.0,0.0,0.0,0.0,0.0,0.0,0.0,0.0,0.0,0.0,0.0,0.0,0.0,0.0,0.0,0.0,0.0,0.0,0.0,0.0,0.0,0.0,0.0,0.0,0.0,0.0,0.0,0.0,0.0,0.0,0.0,0.0,0.0,0.0,0.0,0.0,0.0,0.0,0.0,0.0,0.0,0.0,0.0,0.0,0.0,0.0,0.0,0.0,0.0,0.0,0.0,0.0,0.0,0.0,0.0,0.0,0.0,0.32000000000005,2.0,3.7999999999999545,5.0,5.0,6.0,7.0,8.0,9.0,10.480000000000018,12.0,13.0,14.0,16.0,17.0,18.91999999999996,20.0,21.0,22.0,24.0,26.0,27.360000000000014,31.0,33.0,35.0,37.0,39.0,44.0,46.039999999999964,48.0,55.0,64.0,85.0,0.0,1000.5960784554482,1000.6941176652908,1000.7803921699524,1000.8705882430077,2000.4823529422283,3000.2470588237047,3000.5764706134796,3000.6823529601097,3000.7647058963776,3001.0,171.5733612060547,179.21924438476563,184.16146850585938,188.0219268798828,191.4128875732422,194.7329559326172,198.250244140625,202.69712829589844,210.83023071289062,347.40380859375,216.1625,0.0,test_data/Useful/Validation/rice-at-1-ft/20241108_084837_077.jpg,4114.0,76.0,28.996228970141413
48,0.0,0.0,0.0,0.0,0.0,0.0,0.0,0.0,0.0,0.0,0.0,0.0,0.0,0.0,0.0,0.0,0.0,0.0,0.0,0.0,0.0,0.0,0.0,0.0,0.0,0.0,0.0,0.0,0.0,0.0,0.0,0.0,0.0,0.0,0.0,0.0,0.0,0.0,0.0,0.0,0.0,0.0,0.0,0.0,0.0,0.0,0.0,0.0,0.0,0.0,0.0,0.0,0.0,0.0,0.0,0.0,0.0,0.0,0.0,0.0,0.0,0.0,0.0,0.0,0.0,0.0,0.0,1.0,2.0,3.0,4.0,5.0,6.519999999999982,8.0,9.0,11.0,12.0,14.0,15.0,16.0,18.0,19.67999999999995,21.0,23.0,26.0,28.0,29.879999999999995,32.0,33.0,34.60000000000002,36.0,38.0,40.32000000000005,42.0,44.799999999999955,50.07999999999993,56.559999999999945,61.51999999999998,69.0,83.0,0.0,1000.6000000238419,1000.6980392336845,1000.7882353067398,1000.8784313797951,2000.5137255191803,3000.2784313857555,3000.5803921818733,3000.6862745285034,3000.7686274647713,3001.0,171.47427368164062,179.1856231689453,184.1238555908203,188.0010223388672,191.43191528320312,194.7509765625,198.3262161254883,202.74160766601562,210.91885375976562,347.4418640136719,216.18658,0.0,test_data/Useful/Validation/rice-at-1-ft/20241108_084837_078.jpg,4070.0,80.0,29.654291732365298
49,0.0,0.0,0.0,0.0,0.0,0.0,0.0,0.0,0.0,0.0,0.0,0.0,0.0,0.0,0.0,0.0,0.0,0.0,0.0,0.0,0.0,0.0,0.0,0.0,0.0,0.0,0.0,0.0,0.0,0.0,0.0,0.0,0.0,0.0,0.0,0.0,0.0,0.0,0.0,0.0,0.0,0.0,0.0,0.0,0.0,0.0,0.0,0.0,0.0,0.0,0.0,0.0,0.0,0.0,0.0,0.0,0.0,0.0,0.0,0.0,0.0,0.0,0.0,0.0,0.0,0.0,0.0,2.0,3.0,4.0,5.0,5.279999999999973,8.519999999999982,10.0,10.0,12.0,12.480000000000018,15.0,16.0,17.0,19.0,20.0,22.91999999999996,23.0,26.0,27.639999999999986,28.879999999999995,30.0,32.0,33.0,35.0,38.0,41.32000000000005,44.559999999999945,47.0,49.0,55.0,61.51999999999998,68.79999999999995,82.0,0.0,1000.6039215922356,1000.7019608020782,1000.7921568751335,1000.8823529481888,2000.5372549295425,3000.2666666805744,3000.5803921818733,3000.6823529601097,3000.7686274647713,3001.0,171.52810668945312,179.32882995605468,184.2302978515625,188.08411560058593,191.5182342529297,194.83311767578124,198.35836791992188,202.8046875,210.88751220703125,347.4227600097656,216.16684,0.0,test_data/Useful/Validation/rice-at-1-ft/20241108_084837_079.jpg,4128.0,86.0,35.50980279635315
50,0.0,0.0,0.0,0.0,0.0,0.0,0.0,0.0,0.0,0.0,0.0,0.0,0.0,0.0,0.0,0.0,0.0,0.0,0.0,0.0,0.0,0.0,0.0,0.0,0.0,0.0,0.0,0.0,0.0,0.0,0.0,0.0,0.0,0.0,0.0,0.0,0.0,0.0,0.0,0.0,0.0,0.0,0.0,0.0,0.0,0.0,0.0,0.0,0.0,0.0,0.0,0.0,0.0,0.0,0.0,0.44000000000005457,2.0,3.0,3.159999999999968,4.0,6.0,7.0,8.0,8.0,9.0,10.0,12.0,13.0,14.0,15.0,17.0,17.0,18.519999999999982,20.0,22.0,23.0,23.480000000000018,25.0,27.960000000000036,29.0,31.0,32.0,33.91999999999996,36.0,37.39999999999998,40.0,41.0,43.0,45.0,46.0,48.0,51.0,52.32000000000005,54.559999999999945,56.799999999999955,61.039999999999964,63.27999999999997,69.0,77.0,84.0,0.0,1000.486274510622,1000.6156862974167,1000.705882370472,1000.8274509906769,1000.9882352948189,2000.9137254953384,3000.43137255311,3000.584313750267,3000.6823529601097,3001.0,172.02489166259767,179.70931091308594,184.6308135986328,188.46094360351563,191.82479858398438,195.02503662109376,198.47616577148438,202.67840576171875,210.29922485351562,346.7637634277344,215.37213,0.0,test_data/Useful/Validation/rice-at-1-ft/20241108_084919_017.jpg,3312.0,112.0,32.1857630007713
51,0.0,0.0,0.0,0.0,0.0,0.0,0.0,0.0,0.0,0.0,0.0,0.0,0.0,0.0,0.0,0.0,0.0,0.0,0.0,0.0,0.0,0.0,0.0,0.0,0.0,0.0,0.0,0.0,0.0,0.0,0.0,0.0,0.0,0.0,0.0,0.0,0.0,0.0,0.0,0.0,0.0,0.0,0.0,0.0,0.0,0.0,0.0,0.0,0.0,0.0,0.0,0.0,0.0,0.0,0.0,0.0,1.67999999999995,4.0,5.0,6.0,7.0,8.0,9.0,9.360000000000014,10.0,11.0,12.080000000000041,14.0,15.559999999999945,16.0,18.0,18.0,19.0,21.0,22.0,23.24000000000001,24.480000000000018,26.0,27.0,29.0,30.440000000000055,32.67999999999995,34.0,35.0,36.39999999999998,38.0,39.0,41.120000000000005,43.0,44.0,46.0,47.08000000000004,50.0,52.559999999999945,56.799999999999955,61.0,65.0,71.51999999999998,75.75999999999999,90.0,0.0,1000.486274510622,1000.6156862974167,1000.7098039388657,1000.8274509906769,2000.06274510175,3000.019607843831,3000.4392156898975,3000.584313750267,3000.6823529601097,3001.0,171.9765609741211,179.6602966308594,184.548583984375,188.46492919921874,191.88268280029297,195.13702697753905,198.53827209472655,202.82987365722656,210.5115966796875,346.79376220703125,215.54703,0.0,test_data/Useful/Validation/rice-at-1-ft/20241108_084919_018.jpg,3299.0,108.0,26.603666720538794
52,0.0,0.0,0.0,0.0,0.0,0.0,0.0,0.0,0.0,0.0,0.0,0.0,0.0,0.0,0.0,0.0,0.0,0.0,0.0,0.0,0.0,0.0,0.0,0.0,0.0,0.0,0.0,0.0,0.0,0.0,0.0,0.0,0.0,0.0,0.0,0.0,0.0,0.0,0.0,0.0,0.0,0.0,0.0,0.0,0.0,0.0,0.0,0.0,0.0,0.0,0.0,0.0,0.0,0.0,0.0,0.0,0.0,1.0,2.0,3.3999999999999773,4.0,5.0,6.0,7.0,8.0,9.0,11.0,13.0,13.0,14.0,15.0,16.0,17.0,18.0,21.0,22.0,23.0,24.0,25.960000000000036,27.0,30.0,31.67999999999995,32.91999999999996,35.0,36.0,37.0,38.879999999999995,41.0,42.360000000000014,44.0,45.0,48.0,51.0,53.559999999999945,55.799999999999955,60.0,64.0,69.51999999999998,74.0,88.0,0.0,1000.4901960790157,1000.6156862974167,1000.7098039388657,1000.8313725590706,2000.1176470592618,3000.086274512112,3000.4549019634724,3000.5882353186607,3000.6823529601097,3001.0,171.8108657836914,179.61553955078125,184.4854537963867,188.30669860839845,191.67886352539062,194.91290893554688,198.361328125,202.5450897216797,210.33489990234375,346.73309326171875,215.53973,0.0,test_data/Useful/Validation/rice-at-1-ft/20241108_084919_019.jpg,3338.0,104.0,25.74541911590412
53,0.0,0.0,0.0,0.0,0.0,0.0,0.0,0.0,0.0,0.0,0.0,0.0,0.0,0.0,0.0,0.0,0.0,0.0,0.0,0.0,0.0,0.0,0.0,0.0,0.0,0.0,0.0,0.0,0.0,0.0,0.0,0.0,0.0,0.0,0.0,0.0,0.0,0.0,0.0,0.0,0.0,0.0,0.0,0.0,0.0,0.0,0.0,0.0,0.0,0.0,0.0,0.0,0.0,0.0,0.0,0.0,0.0,1.0,3.0,3.3999999999999773,5.0,6.0,8.0,9.0,10.0,11.0,12.0,13.0,14.559999999999945,15.0,16.0,16.279999999999973,17.519999999999982,18.0,20.0,20.24000000000001,22.0,22.0,24.0,25.0,26.0,28.0,29.91999999999996,31.0,32.0,33.639999999999986,34.0,35.0,39.0,40.60000000000002,43.0,46.0,47.0,49.559999999999945,52.799999999999955,57.0,61.27999999999997,67.51999999999998,75.51999999999998,87.0,0.0,1000.4980392158031,1000.6235294342041,1000.7215686440468,1000.8470588326454,2000.364705890417,3000.149019613862,3000.46274510026,3000.5921568870544,3000.6862745285034,3001.0,172.0276138305664,179.66453552246094,184.5701904296875,188.3834991455078,191.6922607421875,194.97119140625,198.40646362304688,202.70809936523438,210.37872314453125,346.81036376953125,215.61053,0.0,test_data/Useful/Validation/rice-at-1-ft/20241108_084919_020.jpg,3347.0,98.0,36.48352621852995
54,0.0,0.0,0.0,0.0,0.0,0.0,0.0,0.0,0.0,0.0,0.0,0.0,0.0,0.0,0.0,0.0,0.0,0.0,0.0,0.0,0.0,0.0,0.0,0.0,0.0,0.0,0.0,0.0,0.0,0.0,0.0,0.0,0.0,0.0,0.0,0.0,0.0,0.0,0.0,0.0,0.0,0.0,0.0,0.0,0.0,0.0,0.0,0.0,0.0,0.0,0.0,0.0,0.0,0.0,0.0,0.0,1.67999999999995,2.919999999999959,4.0,4.0,5.0,6.8799999999999955,7.0,8.0,10.0,10.840000000000032,11.0,12.0,12.559999999999945,14.0,16.0,17.0,18.0,18.75999999999999,20.0,21.0,21.0,23.0,24.0,27.0,27.440000000000055,29.0,30.91999999999996,32.0,33.39999999999998,36.0,37.879999999999995,40.0,41.0,44.0,45.0,47.0,48.32000000000005,50.0,53.0,57.0,62.0,66.0,73.75999999999999,94.0,0.0,1000.4980392158031,1000.6235294342041,1000.7254902124405,1000.8509804010391,2000.4274509847164,3000.1529411822557,3000.4666666686535,3000.5921568870544,3000.6862745285034,3001.0,171.97520751953124,179.59463195800782,184.51815795898438,188.35256958007812,191.69973754882812,194.92922973632812,198.4033966064453,202.7121551513672,210.3509521484375,346.7886657714844,215.30702,0.0,test_data/Useful/Validation/rice-at-1-ft/20241108_084919_021.jpg,3320.0,101.0,24.73180130041628
55,0.0,0.0,0.0,0.0,0.0,0.0,0.0,0.0,0.0,0.0,0.0,0.0,0.0,0.0,0.0,0.0,0.0,0.0,0.0,0.0,0.0,0.0,0.0,0.0,0.0,0.0,0.0,0.0,0.0,0.0,0.0,0.0,0.0,0.0,0.0,0.0,0.0,0.0,0.0,0.0,0.0,0.0,0.0,0.0,0.0,0.0,0.0,0.0,0.0,0.0,0.0,0.0,0.0,0.0,0.0,1.0,2.0,3.0,3.0,4.0,5.0,6.0,6.1200000000000045,8.0,9.0,10.0,10.080000000000041,11.0,12.0,15.0,17.0,17.0,17.519999999999982,19.0,21.0,23.0,24.0,25.0,26.0,28.0,29.440000000000055,32.0,33.91999999999996,34.0,35.0,37.0,38.879999999999995,40.0,42.0,44.0,45.0,48.0,49.0,50.0,52.799999999999955,57.0,61.559999999999945,64.0,69.75999999999999,100.0,0.0,1000.4980392158031,1000.6274510025978,1000.7294117808342,1000.8549019694328,2000.4980392158031,3000.1843137294054,3000.474509805441,3000.596078455448,3000.690196096897,3001.0,172.0194091796875,179.656982421875,184.53880310058594,188.3207214355469,191.7399444580078,194.9459686279297,198.34083557128906,202.58094787597656,210.26893615722656,346.7761535644531,215.44012,0.0,test_data/Useful/Validation/rice-at-1-ft/20241108_084919_022.jpg,3247.0,97.0,32.13382476529361
56,0.0,0.0,0.0,0.0,0.0,0.0,0.0,0.0,0.0,0.0,0.0,0.0,0.0,0.0,0.0,0.0,0.0,0.0,0.0,0.0,0.0,0.0,0.0,0.0,0.0,0.0,0.0,0.0,0.0,0.0,0.0,0.0,0.0,0.0,0.0,0.0,0.0,0.0,0.0,0.0,0.0,0.0,0.0,0.0,0.0,0.0,0.0,0.0,0.0,0.0,0.0,0.0,0.0,0.0,0.0,1.0,2.0,3.919999999999959,5.0,6.0,6.639999999999986,7.0,8.0,8.0,9.0,11.0,12.0,13.32000000000005,15.0,16.0,18.0,19.0,20.0,21.0,24.0,25.0,26.0,27.720000000000027,28.0,29.0,30.0,31.0,32.0,33.0,34.0,35.0,36.0,37.0,39.0,41.0,42.0,44.0,46.32000000000005,49.0,52.0,55.0,59.27999999999997,65.0,79.31999999999994,96.0,0.0,1000.4980392158031,1000.6235294342041,1000.7294117808342,1000.8509804010391,2000.5058823823929,3000.188235297799,3000.474509805441,3000.600000023842,3000.690196096897,3001.0,172.12074279785156,179.73297119140625,184.6108856201172,188.4507263183594,191.8409881591797,195.0465057373047,198.46934814453124,202.6276397705078,210.257568359375,346.7929382324219,215.37926,0.0,test_data/Useful/Validation/rice-at-1-ft/20241108_084919_023.jpg,3236.0,102.0,27.925668141219816
57,0.0,0.0,0.0,0.0,0.0,0.0,0.0,0.0,0.0,0.0,0.0,0.0,0.0,0.0,0.0,0.0,0.0,0.0,0.0,0.0,0.0,0.0,0.0,0.0,0.0,0.0,0.0,0.0,0.0,0.0,0.0,0.0,0.0,0.0,0.0,0.0,0.0,0.0,0.0,0.0,0.0,0.0,0.0,0.0,0.0,0.0,0.0,0.0,0.0,0.0,0.0,0.0,0.0,0.0,0.0,0.0,0.0,0.9199999999999591,2.0,2.0,3.0,3.8799999999999955,4.0,4.0,5.0,6.0,8.0,9.0,10.0,11.0,12.039999999999964,13.279999999999973,16.0,17.0,18.0,19.0,20.0,22.720000000000027,25.960000000000036,27.0,29.0,30.67999999999995,32.0,33.15999999999997,35.0,37.0,38.0,39.120000000000005,41.0,43.0,45.0,46.0,48.0,50.0,55.399999999999864,59.039999999999964,64.0,68.51999999999998,74.51999999999998,91.0,0.0,1000.4980392158031,1000.6235294342041,1000.7294117808342,1000.8509804010391,2000.5058823823929,3000.1803921610117,3000.470588237047,3000.596078455448,3000.690196096897,3001.0,171.9479751586914,179.54619140625,184.4765609741211,188.3259704589844,191.70186614990234,194.92078247070313,198.29444885253906,202.5030517578125,210.19625854492188,346.7433166503906,215.63748,0.0,test_data/Useful/Validation/rice-at-1-ft/20241108_084919_024.jpg,3251.0,97.0,30.77116962181918
58,0.0,0.0,0.0,0.0,0.0,0.0,0.0,0.0,0.0,0.0,0.0,0.0,0.0,0.0,0.0,0.0,0.0,0.0,0.0,0.0,0.0,0.0,0.0,0.0,0.0,0.0,0.0,0.0,0.0,0.0,0.0,0.0,0.0,0.0,0.0,0.0,0.0,0.0,0.0,0.0,0.0,0.0,0.0,0.0,0.0,0.0,0.0,0.0,0.0,0.0,0.0,0.0,0.0,0.0,0.0,0.0,0.0,0.9199999999999591,1.0,3.0,5.0,6.0,7.1200000000000045,9.0,10.0,11.0,13.0,14.0,15.0,16.0,17.0,18.0,18.519999999999982,19.0,20.0,20.0,21.0,23.0,23.0,25.0,26.0,27.0,28.0,29.159999999999968,32.0,34.0,36.0,37.120000000000005,39.0,41.0,42.0,44.0,45.0,47.0,49.59999999999991,55.0,56.27999999999997,61.0,68.51999999999998,99.0,0.0,1000.4980392158031,1000.6274510025978,1000.7294117808342,1000.8549019694328,2000.5411764979362,3000.188235297799,3000.470588237047,3000.596078455448,3000.694117665291,3001.0,172.13482666015625,179.762158203125,184.67465209960938,188.488720703125,191.8736114501953,195.090087890625,198.45489501953125,202.5980224609375,210.17742919921875,346.8328552246094,215.2459,0.0,test_data/Useful/Validation/rice-at-1-ft/20241108_084919_025.jpg,3354.0,103.0,33.135034713649674
59,0.0,0.0,0.0,0.0,0.0,0.0,0.0,0.0,0.0,0.0,0.0,0.0,0.0,0.0,0.0,0.0,0.0,0.0,0.0,0.0,0.0,0.0,0.0,0.0,0.0,0.0,0.0,0.0,0.0,0.0,0.0,0.0,0.0,0.0,0.0,0.0,0.0,0.0,0.0,0.0,0.0,0.0,0.0,0.0,0.0,0.0,0.0,0.0,0.0,0.0,0.0,0.0,0.0,0.0,0.0,0.0,0.0,1.0,1.0,2.3999999999999773,4.0,5.0,6.1200000000000045,7.0,9.0,10.0,11.080000000000041,12.32000000000005,13.0,15.0,16.0,17.0,18.0,18.0,19.0,20.0,21.0,23.0,24.0,25.200000000000045,27.0,27.67999999999995,29.0,30.159999999999968,32.0,33.639999999999986,35.879999999999995,38.0,40.0,41.0,42.84000000000003,44.08000000000004,46.6400000000001,49.559999999999945,52.0,55.0,58.27999999999997,61.0,75.55999999999995,87.0,0.0,1000.4980392158031,1000.6274510025978,1000.7372549176216,1000.8588235378265,2000.6039215922356,3000.2078431397676,3000.4784313738346,3000.600000023842,3000.6980392336845,3001.0,172.20086822509765,179.8802032470703,184.77346496582032,188.56686096191407,191.8978271484375,195.08841552734376,198.47604370117188,202.54808044433594,210.01638793945312,346.8810729980469,215.17218,0.0,test_data/Useful/Validation/rice-at-1-ft/20241108_084919_026.jpg,3392.0,103.0,24.23355864741118
60,0.0,0.0,0.0,0.0,0.0,0.0,0.0,0.0,0.0,0.0,0.0,0.0,0.0,0.0,0.0,0.0,0.0,0.0,0.0,0.0,0.0,0.0,0.0,0.0,0.0,0.0,0.0,0.0,0.0,0.0,0.0,0.0,0.0,0.0,0.0,0.0,0.0,0.0,0.0,0.0,0.0,0.0,0.0,0.0,0.0,0.0,0.0,0.0,0.0,0.0,0.0,0.0,0.0,0.0,0.0,0.0,0.0,0.0,1.0,2.0,3.0,3.8799999999999955,6.0,6.0,8.600000000000023,11.0,11.0,12.0,13.0,13.799999999999955,15.0,15.0,16.0,17.0,18.0,19.0,21.0,22.0,23.960000000000036,25.0,26.440000000000055,28.0,29.0,31.0,33.0,34.0,35.0,37.0,38.0,39.60000000000002,41.0,43.0,46.0,47.0,50.799999999999955,54.039999999999964,57.27999999999997,64.51999999999998,71.75999999999999,97.0,0.0,1000.5058823823929,1000.6352941393852,1000.7490196228027,1000.8705882430077,2000.6862745285034,3000.2509804069996,3000.4941176474094,3000.6078431606293,3000.7019608020782,3001.0,172.0192092895508,179.73468017578125,184.58782958984375,188.42408752441406,191.77120208740234,194.9680938720703,198.3406219482422,202.4803009033203,209.94998168945312,346.9137268066406,215.2854,0.0,test_data/Useful/Validation/rice-at-1-ft/20241108_084919_027.jpg,3437.0,98.0,29.56015503522065
61,0.0,0.0,0.0,0.0,0.0,0.0,0.0,0.0,0.0,0.0,0.0,0.0,0.0,0.0,0.0,0.0,0.0,0.0,0.0,0.0,0.0,0.0,0.0,0.0,0.0,0.0,0.0,0.0,0.0,0.0,0.0,0.0,0.0,0.0,0.0,0.0,0.0,0.0,0.0,0.0,0.0,0.0,0.0,0.0,0.0,0.0,0.0,0.0,0.0,0.0,0.0,0.0,0.0,0.0,0.0,0.0,0.0,0.0,0.0,0.0,0.0,0.0,1.0,2.3600000000000136,3.0,4.0,6.0,7.32000000000005,8.0,10.0,12.0,13.279999999999973,14.519999999999982,15.759999999999991,17.0,18.0,18.0,19.0,20.0,22.0,23.0,25.0,27.0,29.0,31.0,32.639999999999986,34.879999999999995,37.0,39.0,40.0,41.0,42.08000000000004,46.0,49.559999999999945,53.0,55.039999999999964,58.27999999999997,65.03999999999996,77.75999999999999,90.0,0.0,1000.5058823823929,1000.6392157077789,1000.7490196228027,1000.8745098114014,2000.7215686440468,3000.2666666805744,3000.498039215803,3000.611764729023,3000.7019608020782,3001.0,171.94668579101562,179.72097778320312,184.6454620361328,188.46188354492188,191.78207397460938,194.92286682128906,198.32521362304686,202.55410766601562,210.0659942626953,346.9491271972656,215.23866,0.0,test_data/Useful/Validation/rice-at-1-ft/20241108_084919_028.jpg,3438.0,90.0,34.08975252543623
62,0.0,0.0,0.0,0.0,0.0,0.0,0.0,0.0,0.0,0.0,0.0,0.0,0.0,0.0,0.0,0.0,0.0,0.0,0.0,0.0,0.0,0.0,0.0,0.0,0.0,0.0,0.0,0.0,0.0,0.0,0.0,0.0,0.0,0.0,0.0,0.0,0.0,0.0,0.0,0.0,0.0,0.0,0.0,0.0,0.0,0.0,0.0,0.0,0.0,0.0,0.0,0.0,0.0,0.0,0.0,0.0,0.0,0.0,0.0,0.0,0.6399999999999864,1.0,3.0,4.0,4.600000000000023,5.0,6.080000000000041,8.0,10.0,11.0,12.039999999999964,13.279999999999973,14.519999999999982,16.0,18.0,19.0,20.480000000000018,23.0,23.0,24.0,26.0,28.0,29.0,31.0,33.0,35.0,35.0,35.120000000000005,37.360000000000014,38.0,40.0,41.08000000000004,44.0,45.0,48.799999999999955,50.039999999999964,55.27999999999997,70.0,74.75999999999999,100.0,0.0,1000.517647087574,1000.65098041296,1000.7686274647713,1000.905882358551,2000.8039215803146,3000.313725501299,3000.517647087574,3000.6196078658104,3000.7098039388657,3001.0,171.937255859375,179.56675720214844,184.50888061523438,188.30452880859374,191.6283950805664,194.89028930664062,198.23934478759764,202.3671875,209.7889404296875,346.9876708984375,215.11325,0.0,test_data/Useful/Validation/rice-at-1-ft/20241108_084919_029.jpg,3453.0,92.0,32.87313283170322
63,0.0,0.0,0.0,0.0,0.0,0.0,0.0,0.0,0.0,0.0,0.0,0.0,0.0,0.0,0.0,0.0,0.0,0.0,0.0,0.0,0.0,0.0,0.0,0.0,0.0,0.0,0.0,0.0,0.0,0.0,0.0,0.0,0.0,0.0,0.0,0.0,0.0,0.0,0.0,0.0,0.0,0.0,0.0,0.0,0.0,0.0,0.0,0.0,0.0,0.0,0.0,0.0,0.0,0.0,0.0,0.0,0.0,0.0,0.0,0.0,0.0,1.0,1.1200000000000045,3.0,4.0,5.840000000000032,8.0,9.0,11.0,12.0,13.0,13.0,14.0,15.0,16.0,17.0,18.0,19.0,20.0,22.0,23.440000000000055,25.0,27.0,29.159999999999968,30.399999999999977,31.639999999999986,34.0,35.0,37.0,39.0,42.0,44.0,45.32000000000005,47.0,48.59999999999991,52.039999999999964,57.27999999999997,62.0,71.27999999999997,95.0,0.0,1000.5215686559677,1000.6549019813538,1000.7764706015587,1000.9176470637321,2000.8235294222832,3000.3294117748737,3000.5215686559677,3000.6196078658104,3000.7098039388657,3001.0,172.08229064941406,179.7343292236328,184.63056488037108,188.47892150878906,191.8406219482422,195.00243530273437,198.3530059814453,202.47842407226562,210.00421142578125,347.0069885253906,215.16397,0.0,test_data/Useful/Validation/rice-at-1-ft/20241108_084919_030.jpg,3421.0,93.0,36.192490363892475
64,0.0,0.0,0.0,0.0,0.0,0.0,0.0,0.0,0.0,0.0,0.0,0.0,0.0,0.0,0.0,0.0,0.0,0.0,0.0,0.0,0.0,0.0,0.0,0.0,0.0,0.0,0.0,0.0,0.0,0.0,0.0,0.0,0.0,0.0,0.0,0.0,0.0,0.0,0.0,0.0,0.0,0.0,0.0,0.0,0.0,0.0,0.0,0.0,0.0,0.0,0.0,0.0,0.0,0.0,0.0,0.0,0.0,0.0,0.0,0.0,0.0,0.0,1.0,1.3600000000000136,3.0,4.0,5.0,6.0,7.0,7.0,9.0,10.0,11.0,12.759999999999991,14.0,15.0,17.0,18.720000000000027,20.0,22.0,24.0,25.0,26.91999999999996,28.0,31.399999999999977,33.0,35.0,36.120000000000005,38.0,39.60000000000002,43.0,44.0,45.32000000000005,49.11999999999989,51.799999999999955,56.0,59.0,65.03999999999996,73.75999999999999,93.0,0.0,1000.5294117927551,1000.6627451181412,1000.7882353067398,1000.972549021244,2000.866666674614,3000.352941185236,3000.529411792755,3000.627451002598,3000.7137255072594,3001.0,171.9771942138672,179.81686706542968,184.67989501953124,188.4994110107422,191.80905151367188,195.0181427001953,198.39500274658204,202.5565979003906,209.9404296875,347.04437255859375,215.13731,0.0,test_data/Useful/Validation/rice-at-1-ft/20241108_084919_031.jpg,3518.0,88.0,27.422926691167394
65,0.0,0.0,0.0,0.0,0.0,0.0,0.0,0.0,0.0,0.0,0.0,0.0,0.0,0.0,0.0,0.0,0.0,0.0,0.0,0.0,0.0,0.0,0.0,0.0,0.0,0.0,0.0,0.0,0.0,0.0,0.0,0.0,0.0,0.0,0.0,0.0,0.0,0.0,0.0,0.0,0.0,0.0,0.0,0.0,0.0,0.0,0.0,0.0,0.0,0.0,0.0,0.0,0.0,0.0,0.0,0.0,0.0,0.0,0.0,0.0,0.0,0.0,1.0,2.0,3.0,4.0,5.0,6.0,6.0,7.7999999999999545,9.0,11.0,11.0,13.0,13.0,14.0,15.0,15.720000000000027,16.960000000000036,18.0,18.0,20.0,21.91999999999996,23.159999999999968,26.0,28.639999999999986,31.0,32.120000000000005,36.360000000000014,38.0,39.0,43.0,47.0,50.0,52.0,55.039999999999964,57.27999999999997,63.51999999999998,77.75999999999999,107.0,0.0,1000.5333333611488,1000.6705882549286,1000.8000000119209,2000.313725501299,3000.058823529631,3000.376470595598,3000.5372549295425,3000.6313725709915,3000.717647075653,3001.0,172.30118560791016,179.956787109375,184.85704193115234,188.67824096679686,192.0142822265625,195.1310028076172,198.46542205810547,202.5343994140625,209.87779235839844,347.15020751953125,214.8546,0.0,test_data/Useful/Validation/rice-at-1-ft/20241108_084919_032.jpg,3606.0,89.0,28.8084129474271
66,0.0,0.0,0.0,0.0,0.0,0.0,0.0,0.0,0.0,0.0,0.0,0.0,0.0,0.0,0.0,0.0,0.0,0.0,0.0,0.0,0.0,0.0,0.0,0.0,0.0,0.0,0.0,0.0,0.0,0.0,0.0,0.0,0.0,0.0,0.0,0.0,0.0,0.0,0.0,0.0,0.0,0.0,0.0,0.0,0.0,0.0,0.0,0.0,0.0,0.0,0.0,0.0,0.0,0.0,0.0,0.0,0.0,0.0,0.0,0.0,0.0,0.0,0.0,0.0,0.0,0.0,0.0,1.32000000000005,2.0,2.0,3.0399999999999636,4.279999999999973,5.0,6.0,9.0,11.0,12.0,13.0,15.0,16.0,18.0,20.67999999999995,21.91999999999996,23.159999999999968,26.399999999999977,30.0,32.879999999999995,34.120000000000005,36.0,38.0,40.0,44.0,46.0,47.0,50.0,54.0,56.27999999999997,66.07999999999993,72.51999999999998,89.0,0.0,1000.5333333611488,1000.6705882549286,1000.8039215803146,2000.3882353007793,3000.074509806931,3000.380392163992,3000.5411764979362,3000.6313725709915,3000.717647075653,3001.0,172.22225189208984,179.8948486328125,184.74346923828125,188.494384765625,191.83712768554688,195.03469848632812,198.3641357421875,202.47230529785156,209.89291381835938,347.1524658203125,215.10309,0.0,test_data/Useful/Validation/rice-at-1-ft/20241108_084919_033.jpg,3679.0,76.0,29.451426905214078
67,0.0,0.0,0.0,0.0,0.0,0.0,0.0,0.0,0.0,0.0,0.0,0.0,0.0,0.0,0.0,0.0,0.0,0.0,0.0,0.0,0.0,0.0,0.0,0.0,0.0,0.0,0.0,0.0,0.0,0.0,0.0,0.0,0.0,0.0,0.0,0.0,0.0,0.0,0.0,0.0,0.0,0.0,0.0,0.0,0.0,0.0,0.0,0.0,0.0,0.0,0.0,0.0,0.0,0.0,0.0,0.0,0.0,0.0,0.0,0.0,0.0,1.0,2.0,2.0,4.0,4.0,5.0,6.32000000000005,8.0,9.0,9.0,10.0,12.0,14.0,15.0,16.24000000000001,18.0,19.0,20.0,20.200000000000045,22.0,23.0,24.91999999999996,25.159999999999968,27.0,29.0,30.879999999999995,33.0,34.360000000000014,37.0,39.0,40.0,42.32000000000005,44.0,45.799999999999955,51.0,53.0,62.039999999999964,68.75999999999999,83.0,0.0,1000.5333333611488,1000.678431391716,1000.8078431487083,2000.4705882370472,3000.0941176488996,3000.3843137323856,3000.5411764979362,3000.6313725709915,3000.717647075653,3001.0,172.27113342285156,179.87686157226562,184.77745056152344,188.58548889160156,191.91673278808594,195.05987548828125,198.39463806152344,202.41758728027344,209.82591247558594,347.1867370605469,214.92308,0.0,test_data/Useful/Validation/rice-at-1-ft/20241108_084919_034.jpg,3722.0,86.0,30.817391640381263
68,0.0,0.0,0.0,0.0,0.0,0.0,0.0,0.0,0.0,0.0,0.0,0.0,0.0,0.0,0.0,0.0,0.0,0.0,0.0,0.0,0.0,0.0,0.0,0.0,0.0,0.0,0.0,0.0,0.0,0.0,0.0,0.0,0.0,0.0,0.0,0.0,0.0,0.0,0.0,0.0,0.0,0.0,0.0,0.0,0.0,0.0,0.0,0.0,0.0,0.0,0.0,0.0,0.0,0.0,0.0,0.0,0.0,0.0,0.0,0.0,0.0,0.0,0.0,0.0,0.0,0.0,1.0,2.0,4.0,4.0,5.0,6.0,7.0,9.0,10.0,12.0,13.0,14.0,15.0,18.0,19.0,20.0,21.0,22.159999999999968,24.0,25.639999999999986,28.0,31.0,34.0,37.0,40.0,43.0,44.0,46.0,49.59999999999991,52.039999999999964,58.0,66.03999999999996,75.03999999999996,105.0,0.0,1000.5372549295425,1000.678431391716,1000.811764717102,2000.5019608139992,3000.1098039224744,3000.392156869173,3000.5411764979362,3000.6313725709915,3000.721568644047,3001.0,172.0386505126953,179.72943115234375,184.58824157714844,188.37924194335938,191.7440948486328,194.930126953125,198.32137756347657,202.45619201660156,209.824462890625,347.21307373046875,215.08072,0.0,test_data/Useful/Validation/rice-at-1-ft/20241108_084919_035.jpg,3751.0,77.0,28.28723906110257
69,0.0,0.0,0.0,0.0,0.0,0.0,0.0,0.0,0.0,0.0,0.0,0.0,0.0,0.0,0.0,0.0,0.0,0.0,0.0,0.0,0.0,0.0,0.0,0.0,0.0,0.0,0.0,0.0,0.0,0.0,0.0,0.0,0.0,0.0,0.0,0.0,0.0,0.0,0.0,0.0,0.0,0.0,0.0,0.0,0.0,0.0,0.0,0.0,0.0,0.0,0.0,0.0,0.0,0.0,0.0,0.0,0.0,0.0,0.0,0.0,0.0,0.0,0.0,0.0,0.0,0.0,0.0,0.0,1.0,2.0,3.0,5.0,5.519999999999982,7.0,8.0,9.240000000000009,11.0,12.0,13.0,15.200000000000045,18.0,19.0,20.0,21.159999999999968,23.0,25.639999999999986,28.879999999999995,31.0,32.360000000000014,35.0,38.680000000000064,41.0,42.0,45.559999999999945,47.0,54.0,58.559999999999945,64.0,70.75999999999999,88.0,0.0,1000.54509806633,1000.6862745285034,1000.8196078538895,2000.6078431606293,3000.160784319043,3000.4117647111416,3000.54509806633,3000.635294139385,3000.721568644047,3001.0,172.00149993896486,179.6231262207031,184.45457763671874,188.2550018310547,191.57707977294922,194.78826293945312,198.16221618652344,202.318359375,209.64324951171875,347.2787170410156,214.79338,0.0,test_data/Useful/Validation/rice-at-1-ft/20241108_084919_036.jpg,3681.0,71.0,28.471220621025942
70,0.0,0.0,0.0,0.0,0.0,0.0,0.0,0.0,0.0,0.0,0.0,0.0,0.0,0.0,0.0,0.0,0.0,0.0,0.0,0.0,0.0,0.0,0.0,0.0,0.0,0.0,0.0,0.0,0.0,0.0,0.0,0.0,0.0,0.0,0.0,0.0,0.0,0.0,0.0,0.0,0.0,0.0,0.0,0.0,0.0,0.0,0.0,0.0,0.0,0.0,0.0,0.0,0.0,0.0,0.0,0.0,0.0,1.0,1.0,3.0,4.0,5.0,5.1200000000000045,6.0,7.0,8.840000000000032,9.080000000000041,11.0,11.0,12.0,13.0,13.0,14.0,15.0,16.0,18.0,19.0,19.0,20.0,22.0,24.440000000000055,27.0,27.0,29.159999999999968,30.399999999999977,32.639999999999986,35.0,36.0,38.0,39.0,40.0,42.0,43.0,46.0,49.0,51.0,54.27999999999997,58.51999999999998,66.51999999999998,103.0,0.0,1000.486274510622,1000.611764729023,1000.6941176652908,1000.772549033165,1000.8862745165825,2000.811764717102,3000.4117647111416,3000.600000023842,3000.7137255072594,3001.0,172.16622924804688,179.72893676757812,184.6323699951172,188.41942749023437,191.7605743408203,195.00953674316406,198.41529846191406,202.62127685546875,210.34405517578125,346.8145446777344,215.62802,0.0,test_data/Useful/Validation/rice-at-1-ft/20241108_084919_077.jpg,3413.0,94.0,28.717038049163445
71,0.0,0.0,0.0,0.0,0.0,0.0,0.0,0.0,0.0,0.0,0.0,0.0,0.0,0.0,0.0,0.0,0.0,0.0,0.0,0.0,0.0,0.0,0.0,0.0,0.0,0.0,0.0,0.0,0.0,0.0,0.0,0.0,0.0,0.0,0.0,0.0,0.0,0.0,0.0,0.0,0.0,0.0,0.0,0.0,0.0,0.0,0.0,0.0,0.0,0.0,0.0,0.0,0.0,0.0,0.0,0.0,1.0,3.0,3.159999999999968,4.0,6.0,6.0,6.0,7.0,8.0,9.0,10.0,11.32000000000005,12.0,13.0,14.0,15.0,16.519999999999982,17.0,18.0,20.0,20.0,21.0,22.0,23.0,23.0,25.0,26.0,29.0,30.0,32.0,34.0,35.0,37.0,40.0,42.0,43.0,45.0,47.559999999999945,49.0,51.0,56.559999999999945,62.51999999999998,69.75999999999999,85.0,0.0,1000.486274510622,1000.611764729023,1000.6941176652908,1000.772549033165,1000.8823529481888,2000.800000011921,3000.4000000059605,3000.600000023842,3000.7137255072594,3001.0,171.7967498779297,179.46527099609375,184.35042266845704,188.21797790527344,191.63308715820312,194.85614013671875,198.30264282226562,202.55357360839844,210.1669906616211,346.87054443359375,215.26894,0.0,test_data/Useful/Validation/rice-at-1-ft/20241108_084919_078.jpg,3317.0,103.0,30.44367758818796
72,0.0,0.0,0.0,0.0,0.0,0.0,0.0,0.0,0.0,0.0,0.0,0.0,0.0,0.0,0.0,0.0,0.0,0.0,0.0,0.0,0.0,0.0,0.0,0.0,0.0,0.0,0.0,0.0,0.0,0.0,0.0,0.0,0.0,0.0,0.0,0.0,0.0,0.0,0.0,0.0,0.0,0.0,0.0,0.0,0.0,0.0,0.0,0.0,0.0,0.0,0.0,0.0,0.0,0.0,0.0,0.0,1.0,2.0,3.0,3.3999999999999773,5.0,6.0,7.0,9.0,9.600000000000023,10.0,11.0,12.32000000000005,13.559999999999945,14.799999999999955,15.0,16.279999999999973,17.519999999999982,19.0,21.0,21.24000000000001,23.0,25.0,26.0,27.0,28.0,29.0,29.0,31.0,32.0,33.0,34.0,37.0,40.0,41.60000000000002,44.0,45.0,47.0,49.559999999999945,52.0,57.0,60.0,62.0,75.75999999999999,89.0,0.0,1000.4823529422283,1000.611764729023,1000.6901960968971,1000.7686274647713,1000.8705882430077,2000.772549033165,3000.3843137323856,3000.596078455448,3000.7098039388657,3001.0,171.7086181640625,179.3625030517578,184.3412628173828,188.1790008544922,191.53680419921875,194.75243530273437,198.23532104492188,202.44927978515625,210.19607543945312,346.853759765625,215.37204,0.0,test_data/Useful/Validation/rice-at-1-ft/20241108_084919_079.jpg,3296.0,107.0,30.80986140442318
73,0.0,0.0,0.0,0.0,0.0,0.0,0.0,0.0,0.0,0.0,0.0,0.0,0.0,0.0,0.0,0.0,0.0,0.0,0.0,0.0,0.0,0.0,0.0,0.0,0.0,0.0,0.0,0.0,0.0,0.0,0.0,0.0,0.0,0.0,0.0,0.0,0.0,0.0,0.0,0.0,0.0,0.0,0.0,0.0,0.0,0.0,0.0,0.0,0.0,0.0,0.0,0.0,0.0,0.0,0.0,1.0,2.0,3.0,3.0,4.0,5.0,5.8799999999999955,8.0,10.0,11.0,11.840000000000032,13.0,14.0,14.0,15.0,16.0,17.0,18.0,19.0,19.0,20.0,21.0,22.0,24.0,25.0,26.0,27.0,28.91999999999996,29.159999999999968,32.0,34.0,36.0,37.0,38.360000000000014,40.60000000000002,43.0,46.0,48.32000000000005,50.559999999999945,53.0,54.0,58.0,62.51999999999998,66.0,78.0,0.0,1000.4823529422283,1000.611764729023,1000.6901960968971,1000.7686274647713,1000.8705882430077,2000.7568627595901,3000.380392163992,3000.596078455448,3000.7098039388657,3001.0,171.77194213867188,179.4047393798828,184.26283264160156,188.07418823242188,191.4458770751953,194.70123291015625,198.17002868652344,202.41183471679688,210.17701721191406,346.889892578125,215.44771,0.0,test_data/Useful/Validation/rice-at-1-ft/20241108_084919_080.jpg,3267.0,101.0,28.36098225657736
74,0.0,0.0,0.0,0.0,0.0,0.0,0.0,0.0,0.0,0.0,0.0,0.0,0.0,0.0,0.0,0.0,0.0,0.0,0.0,0.0,0.0,0.0,0.0,0.0,0.0,0.0,0.0,0.0,0.0,0.0,0.0,0.0,0.0,0.0,0.0,0.0,0.0,0.0,0.0,0.0,0.0,0.0,0.0,0.0,0.0,0.0,0.0,0.0,0.0,0.0,0.0,0.0,0.0,0.0,0.0,0.0,0.0,0.0,1.0,2.0,3.0,3.0,5.0,6.0,7.0,8.0,9.0,10.32000000000005,11.0,12.0,13.0,14.0,15.0,16.0,17.0,17.24000000000001,19.0,21.0,22.0,23.0,24.0,25.0,27.0,29.0,31.0,31.0,34.0,36.120000000000005,38.0,40.0,41.84000000000003,44.0,47.32000000000005,51.0,53.0,58.0,60.0,64.51999999999998,68.0,88.0,0.0,1000.486274510622,1000.611764729023,1000.6901960968971,1000.7686274647713,1000.8784313797951,2000.7529411911964,3000.376470595598,3000.5921568870544,3000.7098039388657,3001.0,171.70469665527344,179.38065490722656,184.26002502441406,188.09666137695314,191.4977035522461,194.73634338378906,198.15589904785156,202.45721435546875,210.09524536132812,346.8533020019531,215.31822,0.0,test_data/Useful/Validation/rice-at-1-ft/20241108_084919_081.jpg,3275.0,96.0,30.372220037455502
75,0.0,0.0,0.0,0.0,0.0,0.0,0.0,0.0,0.0,0.0,0.0,0.0,0.0,0.0,0.0,0.0,0.0,0.0,0.0,0.0,0.0,0.0,0.0,0.0,0.0,0.0,0.0,0.0,0.0,0.0,0.0,0.0,0.0,0.0,0.0,0.0,0.0,0.0,0.0,0.0,0.0,0.0,0.0,0.0,0.0,0.0,0.0,0.0,0.0,0.0,0.0,0.0,0.0,0.0,0.0,0.0,0.0,0.0,0.15999999999996817,2.0,3.0,3.0,4.0,5.0,6.0,7.0,8.0,10.0,10.0,12.0,14.0,14.0,15.0,16.0,18.0,18.0,19.0,20.720000000000027,23.0,26.0,27.0,28.0,30.91999999999996,31.0,32.39999999999998,34.0,35.879999999999995,36.0,38.360000000000014,41.0,44.0,47.0,48.32000000000005,49.559999999999945,52.0,54.039999999999964,60.0,62.0,68.75999999999999,99.0,0.0,1000.486274510622,1000.611764729023,1000.6901960968971,1000.772549033165,1000.8862745165825,2000.772549033165,3000.3882353007793,3000.596078455448,3000.7098039388657,3001.0,171.58523559570312,179.31602478027344,184.2128433227539,188.06209106445314,191.46570587158203,194.72439575195312,198.15870666503906,202.42262268066406,210.1649169921875,346.90106201171875,215.26349,0.0,test_data/Useful/Validation/rice-at-1-ft/20241108_084919_082.jpg,3265.0,96.0,35.33993332387809
76,0.0,0.0,0.0,0.0,0.0,0.0,0.0,0.0,0.0,0.0,0.0,0.0,0.0,0.0,0.0,0.0,0.0,0.0,0.0,0.0,0.0,0.0,0.0,0.0,0.0,0.0,0.0,0.0,0.0,0.0,0.0,0.0,0.0,0.0,0.0,0.0,0.0,0.0,0.0,0.0,0.0,0.0,0.0,0.0,0.0,0.0,0.0,0.0,0.0,0.0,0.0,0.0,0.0,0.0,0.0,0.0,0.67999999999995,1.0,3.0,4.0,4.0,5.0,6.0,7.0,7.0,7.0,10.0,10.32000000000005,12.559999999999945,14.0,15.0,16.0,17.0,18.0,20.0,21.0,22.0,23.720000000000027,24.0,25.0,26.0,27.0,28.0,30.0,31.0,33.0,35.0,36.0,37.0,38.0,40.0,43.08000000000004,46.0,48.559999999999945,52.0,56.039999999999964,60.0,67.0,70.0,88.0,0.0,1000.4901960790157,1000.6156862974167,1000.6941176652908,1000.7803921699524,1000.8941176533699,2000.784313738346,3000.407843142748,3000.6039215922356,3000.7137255072594,3001.0,171.60680389404297,179.31487731933595,184.16029357910156,188.0107421875,191.3804931640625,194.64395141601562,198.09945526123047,202.40753173828125,210.07537841796875,346.867919921875,215.37187,0.0,test_data/Useful/Validation/rice-at-1-ft/20241108_084919_083.jpg,3298.0,102.0,26.145340947737594
77,0.0,0.0,0.0,0.0,0.0,0.0,0.0,0.0,0.0,0.0,0.0,0.0,0.0,0.0,0.0,0.0,0.0,0.0,0.0,0.0,0.0,0.0,0.0,0.0,0.0,0.0,0.0,0.0,0.0,0.0,0.0,0.0,0.0,0.0,0.0,0.0,0.0,0.0,0.0,0.0,0.0,0.0,0.0,0.0,0.0,0.0,0.0,0.0,0.0,0.0,0.0,0.0,0.0,1.0,2.0,3.0,3.0,4.0,5.0,6.0,7.0,8.0,9.120000000000005,10.0,10.600000000000023,12.0,13.0,14.0,15.0,16.0,17.0,18.0,19.519999999999982,21.0,21.0,23.24000000000001,25.0,25.720000000000027,27.0,28.200000000000045,30.0,31.0,32.0,35.15999999999997,37.0,37.0,39.0,40.0,41.0,42.0,43.84000000000003,46.0,49.32000000000005,51.559999999999945,55.0,57.0,61.0,63.0,72.51999999999998,89.0,0.0,1000.4941176474094,1000.6196078658104,1000.6980392336845,1000.7843137383461,1000.8980392217636,2000.7921568751335,3000.4117647111416,3000.6039215922356,3000.7137255072594,3001.0,171.89683532714844,179.4326171875,184.31320190429688,188.1221160888672,191.50381469726562,194.78573608398438,198.19155883789062,202.44699096679688,210.2393341064453,346.8612365722656,215.47957,0.0,test_data/Useful/Validation/rice-at-1-ft/20241108_084919_084.jpg,3227.0,109.0,33.23573976347997
78,0.0,0.0,0.0,0.0,0.0,0.0,0.0,0.0,0.0,0.0,0.0,0.0,0.0,0.0,0.0,0.0,0.0,0.0,0.0,0.0,0.0,0.0,0.0,0.0,0.0,0.0,0.0,0.0,0.0,0.0,0.0,0.0,0.0,0.0,0.0,0.0,0.0,0.0,0.0,0.0,0.0,0.0,0.0,0.0,0.0,0.0,0.0,0.0,0.0,0.0,0.0,0.0,0.0,1.0,2.0,2.4400000000000546,3.0,3.0,4.0,5.0,7.0,7.8799999999999955,9.0,9.0,10.0,11.0,12.0,13.0,14.0,15.0,17.0,17.0,18.0,19.0,19.0,21.24000000000001,23.0,24.0,25.0,27.0,29.0,29.0,31.0,32.0,33.0,34.0,36.0,38.120000000000005,40.0,41.60000000000002,43.0,46.08000000000004,48.0,52.0,54.0,57.0,59.0,61.51999999999998,68.0,93.0,0.0,1000.4980392158031,1000.6196078658104,1000.6980392336845,1000.7882353067398,1000.9137254953384,2000.7960784435272,3000.4156862795353,3000.6078431606293,3000.7137255072594,3001.0,171.76034545898438,179.38758850097656,184.25662231445312,188.1321563720703,191.48397827148438,194.74750061035155,198.20169372558593,202.4507293701172,210.15341186523438,346.8647766113281,215.19583,0.0,test_data/Useful/Validation/rice-at-1-ft/20241108_084919_085.jpg,3226.0,107.0,30.644205330366614
79,0.0,0.0,0.0,0.0,0.0,0.0,0.0,0.0,0.0,0.0,0.0,0.0,0.0,0.0,0.0,0.0,0.0,0.0,0.0,0.0,0.0,0.0,0.0,0.0,0.0,0.0,0.0,0.0,0.0,0.0,0.0,0.0,0.0,0.0,0.0,0.0,0.0,0.0,0.0,0.0,0.0,0.0,0.0,0.0,0.0,0.0,0.0,0.0,0.0,0.0,0.0,0.0,0.0,0.0,1.0,2.0,3.0,4.0,5.0,6.0,6.0,7.0,7.0,8.360000000000014,9.0,11.0,12.0,13.0,13.559999999999945,14.0,15.0,16.0,17.0,17.0,18.0,19.0,20.0,21.0,22.0,24.0,25.0,26.0,27.0,29.0,31.0,33.0,35.0,36.120000000000005,38.360000000000014,41.0,42.84000000000003,45.0,46.6400000000001,49.0,50.0,54.0,57.0,61.0,69.75999999999999,95.0,0.0,1000.5019608139992,1000.6235294342041,1000.7019608020782,1000.7921568751335,1000.9176470637321,2000.7960784435272,3000.4235294163227,3000.611764729023,3000.7137255072594,3001.0,171.51734466552733,179.10845947265625,183.97293090820312,187.87942504882812,191.27822875976562,194.54525146484374,197.96730041503906,202.2384490966797,210.04571533203125,346.82733154296875,215.37321,0.0,test_data/Useful/Validation/rice-at-1-ft/20241108_084919_086.jpg,3265.0,100.0,28.736932425217127
80,0.0,0.0,0.0,0.0,0.0,0.0,0.0,0.0,0.0,0.0,0.0,0.0,0.0,0.0,0.0,0.0,0.0,0.0,0.0,0.0,0.0,0.0,0.0,0.0,0.0,0.0,0.0,0.0,0.0,0.0,0.0,0.0,0.0,0.0,0.0,0.0,0.0,0.0,0.0,0.0,0.0,0.0,0.0,0.0,0.0,0.0,0.0,0.0,0.0,0.0,0.0,0.0,0.0,0.0,0.0,0.0,1.0,2.0,4.0,4.0,5.0,6.0,7.0,8.0,9.0,11.0,11.0,12.32000000000005,14.0,15.0,16.039999999999964,17.0,18.0,19.0,20.0,21.0,23.0,23.0,24.960000000000036,26.200000000000045,27.0,29.0,30.0,32.0,34.0,36.0,37.0,39.0,41.0,43.0,44.0,46.0,47.0,49.559999999999945,52.799999999999955,55.0,58.0,61.0,69.0,82.0,0.0,1000.5019608139992,1000.6235294342041,1000.7019608020782,1000.7882353067398,1000.9176470637321,2000.772549033165,3000.403921574354,3000.6078431606293,3000.7137255072594,3001.0,171.69898223876953,179.5021179199219,184.2950210571289,188.08168029785156,191.4869384765625,194.6871795654297,198.16079711914062,202.40924072265625,210.0418243408203,346.8656005859375,215.22937,0.0,test_data/Useful/Validation/rice-at-1-ft/20241108_084919_087.jpg,3261.0,105.0,29.578422948458403
81,0.0,0.0,0.0,0.0,0.0,0.0,0.0,0.0,0.0,0.0,0.0,0.0,0.0,0.0,0.0,0.0,0.0,0.0,0.0,0.0,0.0,0.0,0.0,0.0,0.0,0.0,0.0,0.0,0.0,0.0,0.0,0.0,0.0,0.0,0.0,0.0,0.0,0.0,0.0,0.0,0.0,0.0,0.0,0.0,0.0,0.0,0.0,0.0,0.0,0.0,0.0,0.0,0.0,0.0,0.0,0.0,0.67999999999995,2.0,4.0,5.0,6.0,7.0,8.0,9.0,10.0,10.0,11.0,13.0,14.0,15.0,16.0,17.0,18.0,20.0,21.0,21.24000000000001,23.0,24.0,25.0,26.0,28.0,29.0,31.0,33.15999999999997,34.0,35.0,37.0,38.0,40.0,41.60000000000002,42.0,45.0,48.0,50.559999999999945,53.0,55.039999999999964,59.27999999999997,63.0,67.51999999999998,89.0,0.0,1000.5019608139992,1000.6235294342041,1000.6980392336845,1000.7843137383461,1000.9019607901573,2000.7411764860153,3000.3882353007793,3000.600000023842,3000.7098039388657,3001.0,171.5893356323242,179.23789978027344,184.2113494873047,188.00875854492188,191.37921142578125,194.62608337402344,198.0612030029297,202.36428833007812,210.18991088867188,346.80816650390625,215.23904,0.0,test_data/Useful/Validation/rice-at-1-ft/20241108_084919_088.jpg,3317.0,99.0,26.893035533845048
82,0.0,0.0,0.0,0.0,0.0,0.0,0.0,0.0,0.0,0.0,0.0,0.0,0.0,0.0,0.0,0.0,0.0,0.0,0.0,0.0,0.0,0.0,0.0,0.0,0.0,0.0,0.0,0.0,0.0,0.0,0.0,0.0,0.0,0.0,0.0,0.0,0.0,0.0,0.0,0.0,0.0,0.0,0.0,0.0,0.0,0.0,0.0,0.0,0.0,0.0,0.0,0.0,0.0,0.0,0.0,0.0,1.0,2.0,2.159999999999968,3.3999999999999773,4.639999999999986,5.0,6.1200000000000045,7.360000000000014,8.0,9.0,10.0,11.0,11.559999999999945,13.0,13.0,15.0,16.0,17.0,19.0,20.24000000000001,22.0,22.0,24.0,25.0,25.0,26.0,28.0,29.159999999999968,31.0,31.639999999999986,32.879999999999995,35.0,37.0,39.0,40.84000000000003,43.0,45.32000000000005,48.559999999999945,51.0,54.0,56.11999999999989,62.51999999999998,69.27999999999997,89.0,0.0,1000.5019608139992,1000.6235294342041,1000.7019608020782,1000.7882353067398,1000.9098039269447,2000.7529411911964,3000.4000000059605,3000.6039215922356,3000.7098039388657,3001.0,171.48495635986328,179.179931640625,184.04959564208983,187.90975952148438,191.34563446044922,194.5901672363281,198.03221130371094,202.25064086914062,210.1296844482422,346.8609924316406,215.18213,0.0,test_data/Useful/Validation/rice-at-1-ft/20241108_084919_089.jpg,3305.0,96.0,29.54872458054671
83,0.0,0.0,0.0,0.0,0.0,0.0,0.0,0.0,0.0,0.0,0.0,0.0,0.0,0.0,0.0,0.0,0.0,0.0,0.0,0.0,0.0,0.0,0.0,0.0,0.0,0.0,0.0,0.0,0.0,0.0,0.0,0.0,0.0,0.0,0.0,0.0,0.0,0.0,0.0,0.0,0.0,0.0,0.0,0.0,0.0,0.0,0.0,0.0,0.0,0.0,0.0,0.0,0.0,0.0,0.0,1.0,1.67999999999995,2.0,3.0,4.0,5.0,6.0,7.0,8.0,9.0,10.0,11.080000000000041,13.0,14.0,14.799999999999955,16.0,17.0,18.0,19.0,20.0,22.0,24.0,24.0,26.0,27.200000000000045,29.440000000000055,30.67999999999995,32.0,33.0,35.0,36.0,37.0,39.0,40.360000000000014,43.0,44.0,48.08000000000004,50.0,52.0,54.0,56.039999999999964,58.27999999999997,62.51999999999998,70.51999999999998,87.0,0.0,1000.5098039507866,1000.6274510025978,1000.7098039388657,1000.8039215803146,1000.9490196108818,2000.8078431487083,3000.43137255311,3000.611764729023,3000.7137255072594,3001.0,171.59075927734375,179.27584838867188,184.15292358398438,187.9957733154297,191.3402557373047,194.53762817382812,198.01385498046875,202.2451934814453,209.95164489746094,346.8914489746094,214.99963,0.0,test_data/Useful/Validation/rice-at-1-ft/20241108_084919_090.jpg,3303.0,100.0,23.978859033124067
84,0.0,0.0,0.0,0.0,0.0,0.0,0.0,0.0,0.0,0.0,0.0,0.0,0.0,0.0,0.0,0.0,0.0,0.0,0.0,0.0,0.0,0.0,0.0,0.0,0.0,0.0,0.0,0.0,0.0,0.0,0.0,0.0,0.0,0.0,0.0,0.0,0.0,0.0,0.0,0.0,0.0,0.0,0.0,0.0,0.0,0.0,0.0,0.0,0.0,0.0,0.0,0.0,0.0,0.0,0.0,0.0,0.0,1.0,2.0,2.0,3.0,4.0,5.0,5.0,6.0,7.0,8.0,9.0,10.0,12.0,13.039999999999964,15.0,16.519999999999982,18.0,19.0,20.0,20.480000000000018,22.0,22.960000000000036,24.0,26.0,27.0,27.0,29.0,32.0,33.0,34.879999999999995,36.0,38.360000000000014,40.60000000000002,43.84000000000003,46.08000000000004,48.32000000000005,51.0,53.799999999999955,58.039999999999964,63.27999999999997,67.51999999999998,72.51999999999998,98.0,0.0,1000.5098039507866,1000.6313725709915,1000.7098039388657,1000.8078431487083,1000.9607843160629,2000.8235294222832,3000.447058826685,3000.6156862974167,3000.7137255072594,3001.0,171.74386596679688,179.3807830810547,184.22159729003906,188.00637817382812,191.37432861328125,194.57215881347656,198.00347900390625,202.23085021972656,209.73817443847656,346.955078125,214.98518,0.0,test_data/Useful/Validation/rice-at-1-ft/20241108_084919_091.jpg,3260.0,96.0,29.95620123008381
85,0.0,0.0,0.0,0.0,0.0,0.0,0.0,0.0,0.0,0.0,0.0,0.0,0.0,0.0,0.0,0.0,0.0,0.0,0.0,0.0,0.0,0.0,0.0,0.0,0.0,0.0,0.0,0.0,0.0,0.0,0.0,0.0,0.0,0.0,0.0,0.0,0.0,0.0,0.0,0.0,0.0,0.0,0.0,0.0,0.0,0.0,0.0,0.0,0.0,0.0,0.0,0.0,0.0,0.0,0.0,0.0,0.0,0.0,0.0,1.0,2.0,3.8799999999999955,5.0,5.360000000000014,6.0,7.0,9.0,9.0,10.0,11.0,12.0,13.0,13.519999999999982,15.0,16.0,17.0,18.0,19.0,21.0,23.0,24.0,25.0,27.91999999999996,29.0,30.0,32.0,34.0,36.0,39.0,40.60000000000002,43.0,44.08000000000004,46.0,49.0,49.0,53.0,58.559999999999945,65.07999999999993,75.27999999999997,87.0,0.0,1000.517647087574,1000.6352941393852,1000.7176470756531,1000.8196078538895,1000.9960784316063,2000.8745098114014,3000.46274510026,3000.6196078658104,3000.717647075653,3001.0,171.65996246337892,179.2425537109375,184.1328582763672,188.02664184570312,191.35501098632812,194.53341674804688,197.94479370117188,202.15821838378906,209.7380828857422,346.9651794433594,215.03745,0.0,test_data/Useful/Validation/rice-at-1-ft/20241108_084919_092.jpg,3221.0,89.0,29.733350618769343
86,0.0,0.0,0.0,0.0,0.0,0.0,0.0,0.0,0.0,0.0,0.0,0.0,0.0,0.0,0.0,0.0,0.0,0.0,0.0,0.0,0.0,0.0,0.0,0.0,0.0,0.0,0.0,0.0,0.0,0.0,0.0,0.0,0.0,0.0,0.0,0.0,0.0,0.0,0.0,0.0,0.0,0.0,0.0,0.0,0.0,0.0,0.0,0.0,0.0,0.0,0.0,0.0,0.0,0.0,0.0,0.0,0.0,0.0,0.0,0.0,0.0,0.0,3.0,3.3600000000000136,5.0,6.0,7.0,8.0,9.0,10.0,11.0,12.0,13.0,14.0,16.0,18.0,19.0,20.0,22.0,23.0,25.0,26.0,27.0,29.0,31.0,32.0,33.0,34.120000000000005,36.0,37.0,40.84000000000003,42.0,46.0,47.0,49.0,52.039999999999964,58.0,61.51999999999998,70.75999999999999,93.0,0.0,1000.5137255191803,1000.6352941393852,1000.7176470756531,1000.8274509906769,1001.0,2000.8980392217636,3000.4666666686535,3000.6196078658104,3000.721568644047,3001.0,171.715234375,179.38210754394532,184.2338897705078,188.0008087158203,191.36212158203125,194.5821990966797,197.97756958007812,202.04013061523438,209.5833740234375,347.05609130859375,214.74768,0.0,test_data/Useful/Validation/rice-at-1-ft/20241108_084919_093.jpg,3279.0,84.0,34.221803004180074
87,0.0,0.0,0.0,0.0,0.0,0.0,0.0,0.0,0.0,0.0,0.0,0.0,0.0,0.0,0.0,0.0,0.0,0.0,0.0,0.0,0.0,0.0,0.0,0.0,0.0,0.0,0.0,0.0,0.0,0.0,0.0,0.0,0.0,0.0,0.0,0.0,0.0,0.0,0.0,0.0,0.0,0.0,0.0,0.0,0.0,0.0,0.0,0.0,0.0,0.0,0.0,0.0,0.0,0.0,0.0,0.0,0.0,0.0,0.0,0.0,0.0,0.0,1.0,2.0,3.0,4.0,5.0,6.32000000000005,8.0,10.0,11.0,12.279999999999973,13.519999999999982,14.0,16.0,17.0,17.480000000000018,20.0,21.0,22.0,23.0,24.0,25.0,26.159999999999968,28.399999999999977,31.639999999999986,34.879999999999995,36.0,38.360000000000014,41.0,43.0,45.08000000000004,46.0,48.559999999999945,52.0,56.039999999999964,63.27999999999997,67.0,73.0,97.0,0.0,1000.517647087574,1000.6392157077789,1000.7254902124405,1000.8352941274643,1001.0,2001.0,3000.474509805441,3000.623529434204,3000.7254902124405,3001.0,171.67665100097656,179.3071746826172,184.17298889160156,188.011474609375,191.34030151367188,194.4853057861328,197.83098297119142,202.008056640625,209.48203887939454,347.08258056640625,214.75513,0.0,test_data/Useful/Validation/rice-at-1-ft/20241108_084919_094.jpg,3233.0,84.0,28.973538670254193
88,0.0,0.0,0.0,0.0,0.0,0.0,0.0,0.0,0.0,0.0,0.0,0.0,0.0,0.0,0.0,0.0,0.0,0.0,0.0,0.0,0.0,0.0,0.0,0.0,0.0,0.0,0.0,0.0,0.0,0.0,0.0,0.0,0.0,0.0,0.0,0.0,0.0,0.0,0.0,0.0,0.0,0.0,0.0,0.0,0.0,0.0,0.0,0.0,0.0,0.0,0.0,0.0,0.0,0.0,0.0,0.0,0.0,0.9199999999999591,2.0,3.0,4.0,5.0,5.0,6.0,7.0,8.0,9.0,9.0,10.0,11.0,12.039999999999964,14.0,14.519999999999982,16.0,17.0,19.0,20.0,21.720000000000027,24.0,24.0,25.0,27.0,29.0,30.159999999999968,31.399999999999977,33.0,34.0,36.120000000000005,39.0,40.0,41.0,43.0,46.0,48.0,50.0,52.039999999999964,55.27999999999997,57.0,61.0,83.0,0.0,1000.5254902243614,1000.6470588445663,1000.7372549176216,1000.8509804010391,2000.176470592618,3000.1450980454683,3000.505882382393,3000.635294139385,3000.729411780834,3001.0,171.717529296875,179.28570556640625,184.18020629882812,187.96141052246094,191.32867431640625,194.50013732910156,197.9080810546875,202.02291870117188,209.4932403564453,347.01947021484375,214.73619,0.0,test_data/Useful/Validation/rice-at-1-ft/20241108_084919_095.jpg,3262.0,89.0,27.784938078607073
89,0.0,0.0,0.0,0.0,0.0,0.0,0.0,0.0,0.0,0.0,0.0,0.0,0.0,0.0,0.0,0.0,0.0,0.0,0.0,0.0,0.0,0.0,0.0,0.0,0.0,0.0,0.0,0.0,0.0,0.0,0.0,0.0,0.0,0.0,0.0,0.0,0.0,0.0,0.0,0.0,0.0,0.0,0.0,0.0,0.0,0.0,0.0,0.0,0.0,0.0,0.0,0.0,0.0,0.0,0.0,0.0,0.0,0.0,1.0,2.0,2.0,3.0,4.0,5.0,6.0,6.0,7.0,8.0,8.0,9.0,11.039999999999964,13.0,14.0,14.759999999999991,15.0,16.0,17.480000000000018,19.0,20.0,21.0,23.0,24.0,25.0,27.0,28.0,29.0,31.879999999999995,34.0,36.0,37.0,39.0,41.0,43.6400000000001,47.0,49.799999999999955,52.0,54.27999999999997,61.559999999999945,68.75999999999999,88.0,0.0,1000.5294117927551,1000.65098041296,1000.745098054409,1000.866666674614,2000.4392156898975,3000.1960784345865,3000.517647087574,3000.639215707779,3000.733333349228,3001.0,171.78121643066407,179.3215789794922,184.17015686035157,187.96656494140626,191.28125,194.44749450683594,197.82981872558594,201.91810607910156,209.34332275390625,347.1050720214844,214.59297,0.0,test_data/Useful/Validation/rice-at-1-ft/20241108_084919_096.jpg,3276.0,82.0,28.033646836672613
90,0.0,0.0,0.0,0.0,0.0,0.0,0.0,0.0,0.0,0.0,0.0,0.0,0.0,0.0,0.0,0.0,0.0,0.0,0.0,0.0,0.0,0.0,0.0,0.0,0.0,0.0,0.0,0.0,0.0,0.0,0.0,0.0,0.0,0.0,0.0,0.0,0.0,0.0,0.0,0.0,0.0,0.0,0.0,0.0,0.0,0.0,0.0,0.0,0.0,0.0,0.0,0.0,0.0,0.0,0.0,0.0,0.0,0.0,0.0,0.0,0.0,1.0,2.0,3.0,4.600000000000023,5.840000000000032,7.0,8.0,9.0,10.0,11.0,12.0,13.519999999999982,15.759999999999991,17.0,18.0,19.480000000000018,20.720000000000027,21.0,22.200000000000045,23.0,24.0,25.0,27.159999999999968,30.0,32.0,32.0,34.0,35.360000000000014,39.60000000000002,41.84000000000003,44.0,47.0,48.0,51.0,54.0,58.27999999999997,62.039999999999964,68.51999999999998,97.0,0.0,1000.5764706134796,1000.6980392336845,1000.8549019694328,2000.1529411822557,3000.0784313753247,3000.4117647111416,3000.5647059082985,3000.6470588445663,3000.721568644047,3001.0,171.09280395507812,178.7381134033203,183.61617584228514,187.515966796875,190.90878295898438,194.18115234375,197.6654052734375,201.9698944091797,210.0753631591797,346.8960876464844,215.34691,0.0,test_data/Useful/Validation/rice-at-1-ft/20241108_085007_047.jpg,3778.0,94.0,26.294669390609904
91,0.0,0.0,0.0,0.0,0.0,0.0,0.0,0.0,0.0,0.0,0.0,0.0,0.0,0.0,0.0,0.0,0.0,0.0,0.0,0.0,0.0,0.0,0.0,0.0,0.0,0.0,0.0,0.0,0.0,0.0,0.0,0.0,0.0,0.0,0.0,0.0,0.0,0.0,0.0,0.0,0.0,0.0,0.0,0.0,0.0,0.0,0.0,0.0,0.0,0.0,0.0,0.0,0.0,0.0,0.0,0.0,0.0,0.0,1.0,2.0,3.0,4.0,5.0,5.0,6.0,7.840000000000032,8.0,10.0,11.0,12.0,14.0,14.279999999999973,15.519999999999982,16.0,18.0,19.24000000000001,21.0,22.0,23.0,24.0,26.0,27.67999999999995,30.91999999999996,32.0,33.39999999999998,35.0,37.0,38.0,39.0,40.0,41.0,44.0,46.0,48.559999999999945,50.0,55.0,58.0,60.51999999999998,70.79999999999995,97.0,0.0,1000.5764706134796,1000.6941176652908,1000.8431372642517,1001.0,2000.9529411792755,3000.4000000059605,3000.560784339905,3000.6431372761726,3000.7137255072594,3001.0,171.19459533691406,178.87449645996094,183.7010498046875,187.51840209960938,190.9141387939453,194.17333984375,197.64356994628906,201.94593811035156,210.14617919921875,346.85028076171875,215.411,0.0,test_data/Useful/Validation/rice-at-1-ft/20241108_085007_048.jpg,3635.0,102.0,33.726962583707966
92,0.0,0.0,0.0,0.0,0.0,0.0,0.0,0.0,0.0,0.0,0.0,0.0,0.0,0.0,0.0,0.0,0.0,0.0,0.0,0.0,0.0,0.0,0.0,0.0,0.0,0.0,0.0,0.0,0.0,0.0,0.0,0.0,0.0,0.0,0.0,0.0,0.0,0.0,0.0,0.0,0.0,0.0,0.0,0.0,0.0,0.0,0.0,0.0,0.0,0.0,0.0,0.0,0.0,0.0,0.0,0.0,0.0,0.0,0.0,0.39999999999997726,2.0,3.0,4.0,4.0,5.0,6.0,7.0,8.0,8.0,10.0,10.039999999999964,12.0,12.0,13.0,15.0,16.0,17.0,18.0,19.0,21.0,22.0,23.0,24.0,25.0,27.0,28.0,31.0,33.0,36.0,38.60000000000002,40.84000000000003,43.08000000000004,44.0,45.0,48.0,50.0,52.27999999999997,57.51999999999998,62.75999999999999,77.0,0.0,1000.5725490450859,1000.6901960968971,1000.8313725590706,1001.0,2000.8862745165825,3000.3882353007793,3000.556862771511,3000.639215707779,3000.7137255072594,3001.0,171.18995666503906,178.85507202148438,183.73959503173828,187.5589141845703,190.94365692138672,194.19747009277344,197.70847778320314,202.0476501464844,210.14146423339844,346.9248962402344,215.54037,0.0,test_data/Useful/Validation/rice-at-1-ft/20241108_085007_049.jpg,3702.0,88.0,30.396777541393124
93,0.0,0.0,0.0,0.0,0.0,0.0,0.0,0.0,0.0,0.0,0.0,0.0,0.0,0.0,0.0,0.0,0.0,0.0,0.0,0.0,0.0,0.0,0.0,0.0,0.0,0.0,0.0,0.0,0.0,0.0,0.0,0.0,0.0,0.0,0.0,0.0,0.0,0.0,0.0,0.0,0.0,0.0,0.0,0.0,0.0,0.0,0.0,0.0,0.0,0.0,0.0,0.0,0.0,0.0,0.0,0.0,0.0,0.0,0.0,0.0,0.0,0.0,2.0,3.0,4.0,5.0,6.080000000000041,8.0,9.0,10.0,10.039999999999964,12.0,14.0,15.0,17.0,18.0,20.0,22.0,23.0,24.0,25.0,26.0,27.0,29.159999999999968,30.399999999999977,32.639999999999986,33.879999999999995,35.0,37.0,38.60000000000002,40.0,43.0,46.0,46.0,48.0,52.0,54.83999999999992,58.51999999999998,67.75999999999999,78.0,0.0,1000.5686274766922,1000.6901960968971,1000.8313725590706,1001.0,2000.839215695858,3000.376470595598,3000.5529412031174,3000.639215707779,3000.7137255072594,3001.0,171.1033477783203,178.7440155029297,183.74622802734376,187.6503173828125,191.0063705444336,194.29837646484376,197.74694213867187,202.04513549804688,210.0453338623047,347.00775146484375,215.26054,0.0,test_data/Useful/Validation/rice-at-1-ft/20241108_085007_050.jpg,3741.0,95.0,31.84717285947702
94,0.0,0.0,0.0,0.0,0.0,0.0,0.0,0.0,0.0,0.0,0.0,0.0,0.0,0.0,0.0,0.0,0.0,0.0,0.0,0.0,0.0,0.0,0.0,0.0,0.0,0.0,0.0,0.0,0.0,0.0,0.0,0.0,0.0,0.0,0.0,0.0,0.0,0.0,0.0,0.0,0.0,0.0,0.0,0.0,0.0,0.0,0.0,0.0,0.0,0.0,0.0,0.0,0.0,0.0,0.0,0.0,0.0,0.0,0.0,0.0,0.0,0.0,0.0,0.0,1.0,2.0,3.0,4.0,4.0,5.0,7.0,8.0,9.519999999999982,11.0,12.0,13.0,15.480000000000018,17.0,18.0,19.0,22.0,24.0,26.0,28.0,29.0,30.0,31.0,33.0,35.360000000000014,36.60000000000002,38.0,42.08000000000004,44.32000000000005,47.559999999999945,51.0,53.0,56.0,61.51999999999998,64.75999999999999,78.0,0.0,1000.5686274766922,1000.6862745285034,1000.8274509906769,1001.0,2000.7960784435272,3000.3607843220234,3000.5490196347237,3000.639215707779,3000.7137255072594,3001.0,171.10712280273438,178.83316040039062,183.75135803222656,187.60989379882812,190.9458770751953,194.24075317382812,197.76893615722656,202.1510009765625,210.20272827148438,346.99566650390625,215.59523,0.0,test_data/Useful/Validation/rice-at-1-ft/20241108_085007_051.jpg,3766.0,84.0,33.55195548220348
95,0.0,0.0,0.0,0.0,0.0,0.0,0.0,0.0,0.0,0.0,0.0,0.0,0.0,0.0,0.0,0.0,0.0,0.0,0.0,0.0,0.0,0.0,0.0,0.0,0.0,0.0,0.0,0.0,0.0,0.0,0.0,0.0,0.0,0.0,0.0,0.0,0.0,0.0,0.0,0.0,0.0,0.0,0.0,0.0,0.0,0.0,0.0,0.0,0.0,0.0,0.0,0.0,0.0,0.0,0.0,0.0,0.0,0.0,0.0,0.0,0.0,1.0,3.0,3.3600000000000136,5.0,6.0,7.0,8.0,9.0,9.799999999999955,11.0,12.0,13.519999999999982,15.0,16.0,17.0,18.0,19.720000000000027,20.0,21.0,23.0,23.0,26.0,29.0,30.0,31.639999999999986,33.879999999999995,34.120000000000005,36.0,40.0,41.0,42.0,44.32000000000005,47.559999999999945,50.0,52.039999999999964,54.0,57.51999999999998,64.0,74.0,0.0,1000.5647059082985,1000.6823529601097,1000.8156862854958,1000.9882352948189,2000.7529411911964,3000.3450980484486,3000.5411764979362,3000.635294139385,3000.7137255072594,3001.0,171.0283203125,178.80181884765625,183.72457885742188,187.5440643310547,190.92355346679688,194.2060089111328,197.73355102539062,202.08401489257812,210.08792114257812,346.9834899902344,215.32938,0.0,test_data/Useful/Validation/rice-at-1-ft/20241108_085007_052.jpg,3747.0,91.0,28.145052930500956
96,0.0,0.0,0.0,0.0,0.0,0.0,0.0,0.0,0.0,0.0,0.0,0.0,0.0,0.0,0.0,0.0,0.0,0.0,0.0,0.0,0.0,0.0,0.0,0.0,0.0,0.0,0.0,0.0,0.0,0.0,0.0,0.0,0.0,0.0,0.0,0.0,0.0,0.0,0.0,0.0,0.0,0.0,0.0,0.0,0.0,0.0,0.0,0.0,0.0,0.0,0.0,0.0,0.0,0.0,0.0,0.0,0.0,0.0,0.0,0.0,0.0,0.0,1.0,2.0,3.0,5.0,6.0,7.0,7.0,8.0,9.0,10.0,10.0,12.0,13.0,14.0,16.0,18.0,19.960000000000036,20.200000000000045,22.0,23.67999999999995,25.0,27.0,28.0,28.639999999999986,30.879999999999995,33.0,34.0,35.0,37.0,39.08000000000004,42.0,43.559999999999945,49.0,52.039999999999964,55.27999999999997,60.51999999999998,64.75999999999999,78.0,0.0,1000.5647059082985,1000.6823529601097,1000.8156862854958,1000.9764705896378,2000.7019608020782,3000.3215686380863,3000.533333361149,3000.6313725709915,3000.7098039388657,3001.0,171.32469177246094,179.05459594726562,183.87742614746094,187.70692443847656,191.10655212402344,194.400390625,197.9615478515625,202.34356689453125,210.4102325439453,346.9725341796875,215.65865,0.0,test_data/Useful/Validation/rice-at-1-ft/20241108_085007_053.jpg,3837.0,89.0,29.0840538351339
97,0.0,0.0,0.0,0.0,0.0,0.0,0.0,0.0,0.0,0.0,0.0,0.0,0.0,0.0,0.0,0.0,0.0,0.0,0.0,0.0,0.0,0.0,0.0,0.0,0.0,0.0,0.0,0.0,0.0,0.0,0.0,0.0,0.0,0.0,0.0,0.0,0.0,0.0,0.0,0.0,0.0,0.0,0.0,0.0,0.0,0.0,0.0,0.0,0.0,0.0,0.0,0.0,0.0,0.0,0.0,0.0,0.0,0.0,0.0,0.0,0.0,0.0,0.0,0.0,1.6000000000000227,3.0,4.080000000000041,5.32000000000005,7.0,8.799999999999955,10.0,11.0,12.0,13.0,14.0,14.240000000000009,15.480000000000018,17.720000000000027,19.0,20.0,21.440000000000055,23.67999999999995,26.0,28.0,29.0,31.0,33.0,36.0,37.0,39.0,40.84000000000003,43.08000000000004,45.0,46.559999999999945,49.799999999999955,54.0,56.27999999999997,63.039999999999964,65.0,71.0,0.0,1000.5647059082985,1000.6823529601097,1000.8156862854958,1000.9764705896378,2000.7019608020782,3000.3215686380863,3000.533333361149,3000.6313725709915,3000.7098039388657,3001.0,171.2058303833008,178.88096313476564,183.83929443359375,187.7008056640625,191.0560302734375,194.3699951171875,197.86419677734375,202.27053833007812,210.39169311523438,346.99652099609375,215.71869,0.0,test_data/Useful/Validation/rice-at-1-ft/20241108_085007_054.jpg,3887.0,88.0,30.98048684574374
98,0.0,0.0,0.0,0.0,0.0,0.0,0.0,0.0,0.0,0.0,0.0,0.0,0.0,0.0,0.0,0.0,0.0,0.0,0.0,0.0,0.0,0.0,0.0,0.0,0.0,0.0,0.0,0.0,0.0,0.0,0.0,0.0,0.0,0.0,0.0,0.0,0.0,0.0,0.0,0.0,0.0,0.0,0.0,0.0,0.0,0.0,0.0,0.0,0.0,0.0,0.0,0.0,0.0,0.0,0.0,0.0,0.0,0.0,0.0,0.0,0.0,0.0,0.0,0.0,0.0,2.840000000000032,4.0,6.0,7.0,7.0,9.0,9.279999999999973,11.0,12.0,13.0,14.0,14.480000000000018,16.720000000000027,18.0,18.0,20.0,21.0,22.0,26.0,27.0,28.0,29.879999999999995,31.120000000000005,33.360000000000014,36.0,38.0,40.08000000000004,46.0,47.0,48.799999999999955,51.0,55.27999999999997,61.0,64.75999999999999,81.0,0.0,1000.5686274766922,1000.6862745285034,1000.8156862854958,1000.9764705896378,2000.7019608020782,3000.32549020648,3000.533333361149,3000.6313725709915,3000.7098039388657,3001.0,171.3049118041992,179.04497680664062,183.93553161621094,187.76715087890625,191.1910400390625,194.4593994140625,198.001708984375,202.39712524414062,210.50497436523438,347.0065612792969,215.92404,0.0,test_data/Useful/Validation/rice-at-1-ft/20241108_085007_055.jpg,3893.0,86.0,30.543586316481946
99,0.0,0.0,0.0,0.0,0.0,0.0,0.0,0.0,0.0,0.0,0.0,0.0,0.0,0.0,0.0,0.0,0.0,0.0,0.0,0.0,0.0,0.0,0.0,0.0,0.0,0.0,0.0,0.0,0.0,0.0,0.0,0.0,0.0,0.0,0.0,0.0,0.0,0.0,0.0,0.0,0.0,0.0,0.0,0.0,0.0,0.0,0.0,0.0,0.0,0.0,0.0,0.0,0.0,0.0,0.0,0.0,0.0,0.0,0.0,0.0,0.0,0.0,2.1200000000000045,3.0,4.0,5.0,6.0,7.0,8.559999999999945,9.799999999999955,11.0,12.0,13.0,14.0,15.0,16.0,17.480000000000018,19.0,19.960000000000036,21.0,22.0,23.0,24.91999999999996,26.159999999999968,29.0,30.639999999999986,33.0,35.0,37.0,39.0,40.84000000000003,43.08000000000004,45.0,46.0,47.799999999999955,49.039999999999964,52.0,57.039999999999964,67.75999999999999,83.0,0.0,1000.5686274766922,1000.6862745285034,1000.8196078538895,1000.9803921580315,2000.7019608020782,3000.3176470696926,3000.533333361149,3000.6313725709915,3000.7098039388657,3001.0,171.43347473144533,179.13705444335938,183.99266357421874,187.88528442382812,191.3043975830078,194.60440063476562,198.11509704589844,202.47134399414062,210.60891723632812,346.9895935058594,215.6678,0.0,test_data/Useful/Validation/rice-at-1-ft/20241108_085007_056.jpg,3875.0,87.0,27.13317083485172
100,0.0,0.0,0.0,0.0,0.0,0.0,0.0,0.0,0.0,0.0,0.0,0.0,0.0,0.0,0.0,0.0,0.0,0.0,0.0,0.0,0.0,0.0,0.0,0.0,0.0,0.0,0.0,0.0,0.0,0.0,0.0,0.0,0.0,0.0,0.0,0.0,0.0,0.0,0.0,0.0,0.0,0.0,0.0,0.0,0.0,0.0,0.0,0.0,0.0,0.0,0.0,0.0,0.0,0.0,0.0,0.0,0.0,0.0,0.0,0.0,0.0,0.0,0.0,0.0,0.0,2.0,3.0,4.0,5.0,5.0,7.0,8.0,10.0,11.0,12.0,13.240000000000009,15.0,16.0,17.0,19.0,20.0,22.67999999999995,24.0,28.159999999999968,30.0,32.0,33.0,35.0,36.0,39.0,41.0,44.0,47.0,49.0,50.0,51.0,53.27999999999997,62.0,67.51999999999998,76.0,0.0,1000.5529412031174,1000.6745098233223,1000.811764717102,1000.9686274528503,2000.6745098233223,3000.2941176593304,3000.5137255191803,3000.6156862974167,3000.6980392336845,3001.0,171.21151733398438,178.9816131591797,183.8950958251953,187.7481689453125,191.13570404052734,194.43443298339844,197.89210357666016,202.3719451904297,210.42892608642578,346.9921569824219,215.67879,0.0,test_data/Useful/Validation/rice-at-1-ft/20241108_085007_057.jpg,3865.0,80.0,29.37685852428564
101,0.0,0.0,0.0,0.0,0.0,0.0,0.0,0.0,0.0,0.0,0.0,0.0,0.0,0.0,0.0,0.0,0.0,0.0,0.0,0.0,0.0,0.0,0.0,0.0,0.0,0.0,0.0,0.0,0.0,0.0,0.0,0.0,0.0,0.0,0.0,0.0,0.0,0.0,0.0,0.0,0.0,0.0,0.0,0.0,0.0,0.0,0.0,0.0,0.0,0.0,0.0,0.0,0.0,0.0,0.0,0.0,0.0,0.0,0.0,0.0,0.0,0.0,0.0,0.0,3.0,4.0,4.0,5.0,6.0,7.0,8.0,9.0,10.0,10.0,11.0,14.0,14.0,15.0,17.0,18.0,19.440000000000055,20.67999999999995,22.91999999999996,24.0,26.0,29.0,31.0,34.0,35.0,36.0,37.84000000000003,39.0,40.32000000000005,42.559999999999945,45.0,46.039999999999964,49.0,55.0,67.31999999999994,84.0,0.0,1000.5294117927551,1000.6549019813538,1000.7803921699524,1000.933333337307,2000.5764706134796,3000.2549019753933,3000.486274510622,3000.600000023842,3000.6823529601097,3001.0,171.42048187255858,179.00091247558595,183.90445709228516,187.78389587402344,191.1678924560547,194.4456329345703,197.90403747558594,202.33935546875,210.54725646972656,346.954833984375,215.76724,0.0,test_data/Useful/Validation/rice-at-1-ft/20241108_085007_058.jpg,3945.0,85.0,28.34178861315675
102,0.0,0.0,0.0,0.0,0.0,0.0,0.0,0.0,0.0,0.0,0.0,0.0,0.0,0.0,0.0,0.0,0.0,0.0,0.0,0.0,0.0,0.0,0.0,0.0,0.0,0.0,0.0,0.0,0.0,0.0,0.0,0.0,0.0,0.0,0.0,0.0,0.0,0.0,0.0,0.0,0.0,0.0,0.0,0.0,0.0,0.0,0.0,0.0,0.0,0.0,0.0,0.0,0.0,0.0,0.0,0.0,0.0,0.0,0.0,0.0,0.0,0.0,0.0,0.0,0.0,0.0,0.0,1.0,2.0,2.7999999999999545,4.0,5.279999999999973,8.0,9.0,11.0,12.0,13.0,14.720000000000027,15.960000000000036,17.0,19.0,19.67999999999995,21.91999999999996,25.0,27.0,28.0,30.0,32.0,33.0,34.60000000000002,35.84000000000003,39.0,43.0,46.0,48.0,50.0,52.27999999999997,56.51999999999998,63.75999999999999,97.0,0.0,1000.5254902243614,1000.65098041296,1000.7764706015587,1000.9294117689133,2000.5372549295425,3000.2352941185236,3000.4784313738346,3000.5921568870544,3000.678431391716,3001.0,171.5738754272461,179.2681121826172,184.1305389404297,187.95143127441406,191.34957885742188,194.65309143066406,198.13966369628906,202.55209350585938,210.62086486816406,346.9721984863281,215.77196,0.0,test_data/Useful/Validation/rice-at-1-ft/20241108_085007_059.jpg,3939.0,80.0,30.881771004310885
103,0.0,0.0,0.0,0.0,0.0,0.0,0.0,0.0,0.0,0.0,0.0,0.0,0.0,0.0,0.0,0.0,0.0,0.0,0.0,0.0,0.0,0.0,0.0,0.0,0.0,0.0,0.0,0.0,0.0,0.0,0.0,0.0,0.0,0.0,0.0,0.0,0.0,0.0,0.0,0.0,0.0,0.0,0.0,0.0,0.0,0.0,0.0,0.0,0.0,0.0,0.0,0.0,0.0,0.0,0.0,0.0,0.0,0.0,0.0,0.0,0.0,0.0,0.0,0.0,0.0,1.0,2.0,2.32000000000005,3.0,5.0,6.0,8.0,9.0,11.0,13.0,14.0,15.0,15.0,17.960000000000036,18.200000000000045,20.0,22.0,22.91999999999996,25.0,27.0,28.0,29.0,31.0,32.360000000000014,34.0,36.680000000000064,38.0,40.32000000000005,43.559999999999945,45.0,47.07999999999993,53.27999999999997,58.039999999999964,62.75999999999999,73.0,0.0,1000.5215686559677,1000.6431372761726,1000.7686274647713,1000.9176470637321,2000.5019608139992,3000.215686276555,3000.4666666686535,3000.584313750267,3000.6705882549286,3001.0,171.5130187988281,179.16023864746094,184.03897094726562,187.847412109375,191.22314453125,194.54139709472656,198.12030029296875,202.60948181152344,210.85479736328125,346.9327392578125,216.11948,0.0,test_data/Useful/Validation/rice-at-1-ft/20241108_085007_060.jpg,3973.0,81.0,24.08304869063895
104,0.0,0.0,0.0,0.0,0.0,0.0,0.0,0.0,0.0,0.0,0.0,0.0,0.0,0.0,0.0,0.0,0.0,0.0,0.0,0.0,0.0,0.0,0.0,0.0,0.0,0.0,0.0,0.0,0.0,0.0,0.0,0.0,0.0,0.0,0.0,0.0,0.0,0.0,0.0,0.0,0.0,0.0,0.0,0.0,0.0,0.0,0.0,0.0,0.0,0.0,0.0,0.0,0.0,0.0,0.0,0.0,0.0,0.0,0.0,0.0,0.0,0.0,0.0,0.0,0.6000000000000227,1.0,2.0,3.0,3.0,4.0,5.039999999999964,7.0,8.519999999999982,10.0,11.0,13.0,14.0,15.0,16.0,17.0,19.88000000000011,22.0,23.0,26.0,27.0,29.0,30.0,32.0,33.360000000000014,34.0,37.0,40.08000000000004,43.0,45.0,49.0,51.0,57.0,62.51999999999998,69.75999999999999,87.0,0.0,1000.5215686559677,1000.6431372761726,1000.772549033165,1000.9176470637321,2000.4823529422283,3000.1960784345865,3000.4549019634724,3000.5764706134796,3000.662745118141,3001.0,171.59349060058594,179.29750366210936,184.2050750732422,188.03871459960936,191.48544311523438,194.7412872314453,198.2484130859375,202.71896362304688,210.7376251220703,346.92626953125,215.94347,0.0,test_data/Useful/Validation/rice-at-1-ft/20241108_085007_061.jpg,3975.0,77.0,33.2308802992089
0,0.0,0.0,0.0,0.0,0.0,0.0,0.0,0.0,0.0,0.0,0.0,0.0,0.0,0.0,0.0,0.0,0.0,0.0,0.0,0.0,0.0,0.0,0.0,0.0,0.0,0.0,0.0,0.0,0.0,0.0,0.0,0.0,0.0,0.0,0.0,0.0,0.0,0.0,0.0,0.0,0.0,0.0,0.0,0.0,0.0,0.0,0.0,0.0,0.0,0.0,0.0,0.0,0.0,0.0,0.0,0.0,0.0,0.0,0.0,0.0,0.0,0.0,0.0,0.0,0.0,0.0,0.0,0.0,0.0,0.0,0.0,0.0,0.0,0.0,0.0,0.0,0.0,0.0,0.0,0.0,0.0,0.0,0.0,0.0,0.0,0.0,0.0,0.0,0.0,0.0,0.0,2.0,8.0,10.559999999999945,14.0,22.079999999999927,33.559999999999945,39.51999999999998,48.75999999999999,72.0,0.0,1000.3686274588108,1000.5254902243614,1000.6156862974167,1000.7019608020782,1000.8862745165825,2000.3725490272045,2000.6705882549286,3000.376470595598,3000.611764729023,3001.0,169.70542907714844,177.27328491210938,182.07220458984375,185.86180114746094,189.24334716796875,192.39942932128906,195.78659057617188,199.98873901367188,207.57659912109375,348.4454040527344,212.82417,0.0,test_data/Useful/Validation/rice-at-2-ft/20241108_085554_008.jpg,5626.0,23.0,61.75462751961155
1,0.0,0.0,0.0,0.0,0.0,0.0,0.0,0.0,0.0,0.0,0.0,0.0,0.0,0.0,0.0,0.0,0.0,0.0,0.0,0.0,0.0,0.0,0.0,0.0,0.0,0.0,0.0,0.0,0.0,0.0,0.0,0.0,0.0,0.0,0.0,0.0,0.0,0.0,0.0,0.0,0.0,0.0,0.0,0.0,0.0,0.0,0.0,0.0,0.0,0.0,0.0,0.0,0.0,0.0,0.0,0.0,0.0,0.0,0.0,0.0,0.0,0.0,0.0,0.0,0.0,0.0,0.0,0.0,0.0,0.0,0.0,0.0,0.0,0.0,0.0,0.0,0.0,0.0,0.0,0.0,0.0,0.0,0.0,0.0,0.0,0.0,0.0,0.0,0.0,0.0,5.5200000000000955,7.0,11.0,17.559999999999945,21.0,28.0,39.27999999999997,41.51999999999998,47.75999999999999,58.0,0.0,1000.3725490272045,1000.5294117927551,1000.6196078658104,1000.705882370472,1000.8901960849762,2000.380392163992,2000.6705882549286,3000.376470595598,3000.6078431606293,3001.0,169.68903656005858,177.18792114257812,182.07763671875,185.92781982421874,189.26844024658203,192.4581787109375,195.85743103027343,200.07081604003906,207.765380859375,348.4188537597656,213.09593,0.0,test_data/Useful/Validation/rice-at-2-ft/20241108_085554_009.jpg,5665.0,27.0,63.6935872213217
2,0.0,0.0,0.0,0.0,0.0,0.0,0.0,0.0,0.0,0.0,0.0,0.0,0.0,0.0,0.0,0.0,0.0,0.0,0.0,0.0,0.0,0.0,0.0,0.0,0.0,0.0,0.0,0.0,0.0,0.0,0.0,0.0,0.0,0.0,0.0,0.0,0.0,0.0,0.0,0.0,0.0,0.0,0.0,0.0,0.0,0.0,0.0,0.0,0.0,0.0,0.0,0.0,0.0,0.0,0.0,0.0,0.0,0.0,0.0,0.0,0.0,0.0,0.0,0.0,0.0,0.0,0.0,0.0,0.0,0.0,0.0,0.0,0.0,0.0,0.0,0.0,0.0,0.0,0.0,0.0,0.0,0.0,0.0,0.0,0.0,0.0,0.0,0.0,0.0,2.0,6.680000000000064,9.080000000000041,14.6400000000001,18.559999999999945,23.799999999999955,28.0,33.11999999999989,40.559999999999945,46.51999999999998,60.0,0.0,1000.3686274588108,1000.5254902243614,1000.6196078658104,1000.705882370472,1000.8901960849762,2000.3882353007793,2000.678431391716,3000.3843137323856,3000.611764729023,3001.0,169.4349380493164,177.05987548828125,181.92535400390625,185.71372985839844,189.09384155273438,192.33596801757812,195.7380828857422,199.9618682861328,207.66455078125,348.4476318359375,212.9552,0.0,test_data/Useful/Validation/rice-at-2-ft/20241108_085554_010.jpg,5643.0,26.0,62.46570079200356
3,0.0,0.0,0.0,0.0,0.0,0.0,0.0,0.0,0.0,0.0,0.0,0.0,0.0,0.0,0.0,0.0,0.0,0.0,0.0,0.0,0.0,0.0,0.0,0.0,0.0,0.0,0.0,0.0,0.0,0.0,0.0,0.0,0.0,0.0,0.0,0.0,0.0,0.0,0.0,0.0,0.0,0.0,0.0,0.0,0.0,0.0,0.0,0.0,0.0,0.0,0.0,0.0,0.0,0.0,0.0,0.0,0.0,0.0,0.0,0.0,0.0,0.0,0.0,0.0,0.0,0.0,0.0,0.0,0.0,0.0,0.0,0.0,0.0,0.0,0.0,0.0,0.0,0.0,0.0,0.0,0.0,0.0,0.0,0.0,0.0,0.0,0.0,0.0,0.0,0.0,3.0,4.080000000000041,7.32000000000005,13.559999999999945,17.799999999999955,24.079999999999927,29.559999999999945,38.51999999999998,48.27999999999997,81.0,0.0,1000.3686274588108,1000.5254902243614,1000.6156862974167,1000.7019608020782,1000.8784313797951,2000.364705890417,2000.6705882549286,3000.376470595598,3000.6078431606293,3001.0,169.58465576171875,177.12989807128906,181.98509063720704,185.80093078613282,189.1499786376953,192.3941650390625,195.7635498046875,199.93492126464844,207.61392211914062,348.4296875,213.02351,0.0,test_data/Useful/Validation/rice-at-2-ft/20241108_085554_011.jpg,5637.0,19.0,57.60231492841064
4,0.0,0.0,0.0,0.0,0.0,0.0,0.0,0.0,0.0,0.0,0.0,0.0,0.0,0.0,0.0,0.0,0.0,0.0,0.0,0.0,0.0,0.0,0.0,0.0,0.0,0.0,0.0,0.0,0.0,0.0,0.0,0.0,0.0,0.0,0.0,0.0,0.0,0.0,0.0,0.0,0.0,0.0,0.0,0.0,0.0,0.0,0.0,0.0,0.0,0.0,0.0,0.0,0.0,0.0,0.0,0.0,0.0,0.0,0.0,0.0,0.0,0.0,0.0,0.0,0.0,0.0,0.0,0.0,0.0,0.0,0.0,0.0,0.0,0.0,0.0,0.0,0.0,0.0,0.0,0.0,0.0,0.0,0.0,0.0,0.0,0.0,0.0,0.0,0.0,0.0,0.0,0.0,3.32000000000005,6.0,14.799999999999955,25.0,29.559999999999945,35.559999999999945,50.51999999999998,121.0,0.0,1000.3686274588108,1000.5254902243614,1000.6156862974167,1000.7019608020782,1000.8784313797951,2000.3686274588108,2000.6705882549286,3000.3725490272045,3000.6078431606293,3001.0,169.6300048828125,177.14599609375,181.9713592529297,185.83242797851562,189.19699096679688,192.41468811035156,195.77060241699218,200.02139282226562,207.79049682617188,348.44403076171875,212.97443,0.0,test_data/Useful/Validation/rice-at-2-ft/20241108_085554_012.jpg,5729.0,21.0,61.236159691107204
5,0.0,0.0,0.0,0.0,0.0,0.0,0.0,0.0,0.0,0.0,0.0,0.0,0.0,0.0,0.0,0.0,0.0,0.0,0.0,0.0,0.0,0.0,0.0,0.0,0.0,0.0,0.0,0.0,0.0,0.0,0.0,0.0,0.0,0.0,0.0,0.0,0.0,0.0,0.0,0.0,0.0,0.0,0.0,0.0,0.0,0.0,0.0,0.0,0.0,0.0,0.0,0.0,0.0,0.0,0.0,0.0,0.0,0.0,0.0,0.0,0.0,0.0,0.0,0.0,0.0,0.0,0.0,0.0,0.0,0.0,0.0,0.0,0.0,0.0,0.0,0.0,0.0,0.0,0.0,0.0,0.0,0.0,0.0,0.0,0.0,0.0,0.0,0.0,0.0,0.0,1.0,4.080000000000041,7.0,16.559999999999945,19.0,21.0,29.559999999999945,39.07999999999993,48.27999999999997,85.0,0.0,1000.3647058904171,1000.5215686559677,1000.6078431606293,1000.6823529601097,1000.8235294222832,2000.2509804069996,2000.6196078658104,3000.2823529541492,3000.5921568870544,3001.0,169.7421875,177.37525939941406,182.3141830444336,186.13656005859374,189.4599838256836,192.70797119140624,196.123046875,200.3683319091797,208.3270263671875,348.3453369140625,213.4294,0.0,test_data/Useful/Validation/rice-at-2-ft/20241108_085554_019.jpg,5784.0,24.0,59.471530157355126
6,0.0,0.0,0.0,0.0,0.0,0.0,0.0,0.0,0.0,0.0,0.0,0.0,0.0,0.0,0.0,0.0,0.0,0.0,0.0,0.0,0.0,0.0,0.0,0.0,0.0,0.0,0.0,0.0,0.0,0.0,0.0,0.0,0.0,0.0,0.0,0.0,0.0,0.0,0.0,0.0,0.0,0.0,0.0,0.0,0.0,0.0,0.0,0.0,0.0,0.0,0.0,0.0,0.0,0.0,0.0,0.0,0.0,0.0,0.0,0.0,0.0,0.0,0.0,0.0,0.0,0.0,0.0,0.0,0.0,0.0,0.0,0.0,0.0,0.0,0.0,0.0,0.0,0.0,0.0,0.0,0.0,0.0,0.0,0.0,0.0,0.0,0.0,0.0,0.0,0.0,0.0,5.0,7.32000000000005,11.559999999999945,14.0,20.039999999999964,26.839999999999918,37.07999999999993,44.75999999999999,92.0,0.0,1000.3607843220234,1000.517647087574,1000.6078431606293,1000.6862745285034,1000.8352941274643,2000.2745098173618,2000.623529434204,3000.2549019753933,3000.5882353186607,3001.0,169.66677856445312,177.3408203125,182.18966674804688,186.0655059814453,189.37991333007812,192.65015869140623,196.08255004882812,200.31747436523438,208.11273193359375,348.4093017578125,213.25061,0.0,test_data/Useful/Validation/rice-at-2-ft/20241108_085554_020.jpg,5749.0,21.0,59.780484091090955
7,0.0,0.0,0.0,0.0,0.0,0.0,0.0,0.0,0.0,0.0,0.0,0.0,0.0,0.0,0.0,0.0,0.0,0.0,0.0,0.0,0.0,0.0,0.0,0.0,0.0,0.0,0.0,0.0,0.0,0.0,0.0,0.0,0.0,0.0,0.0,0.0,0.0,0.0,0.0,0.0,0.0,0.0,0.0,0.0,0.0,0.0,0.0,0.0,0.0,0.0,0.0,0.0,0.0,0.0,0.0,0.0,0.0,0.0,0.0,0.0,0.0,0.0,0.0,0.0,0.0,0.0,0.0,0.0,0.0,0.0,0.0,0.0,0.0,0.0,0.0,0.0,0.0,0.0,0.0,0.0,0.0,0.0,0.0,0.0,0.0,0.0,0.0,0.0,0.0,0.0,0.8400000000000318,5.0,9.0,11.559999999999945,14.0,19.0,26.279999999999973,34.51999999999998,39.0,85.0,0.0,1000.3647058904171,1000.5215686559677,1000.6078431606293,1000.6862745285034,1000.8352941274643,2000.2745098173618,2000.6196078658104,3000.2509804069996,3000.5882353186607,3001.0,169.56285095214844,177.19036865234375,182.1171417236328,185.98327941894533,189.3477783203125,192.55018615722656,195.98910522460938,200.25064086914062,208.11822509765625,348.4045715332031,213.29343,0.0,test_data/Useful/Validation/rice-at-2-ft/20241108_085554_021.jpg,5816.0,20.0,58.303000831703244
8,0.0,0.0,0.0,0.0,0.0,0.0,0.0,0.0,0.0,0.0,0.0,0.0,0.0,0.0,0.0,0.0,0.0,0.0,0.0,0.0,0.0,0.0,0.0,0.0,0.0,0.0,0.0,0.0,0.0,0.0,0.0,0.0,0.0,0.0,0.0,0.0,0.0,0.0,0.0,0.0,0.0,0.0,0.0,0.0,0.0,0.0,0.0,0.0,0.0,0.0,0.0,0.0,0.0,0.0,0.0,0.0,0.0,0.0,0.0,0.0,0.0,0.0,0.0,0.0,0.0,0.0,0.0,0.0,0.0,0.0,0.0,0.0,0.0,0.0,0.0,0.0,0.0,0.0,0.0,0.0,0.0,0.0,0.0,0.0,0.0,0.0,0.0,0.0,0.0,0.0,0.0,0.0,0.6400000000001,6.0,9.0,14.0,22.0,27.519999999999982,34.039999999999964,55.0,0.0,1000.3725490272045,1000.5254902243614,1000.6156862974167,1000.6941176652908,1000.8588235378265,2000.3215686380863,2000.6313725709915,3000.258823543787,3000.5921568870544,3001.0,169.55430603027344,177.1695556640625,182.0789306640625,185.97425231933593,189.35202026367188,192.56481323242187,195.9866729736328,200.25362548828124,208.28109741210938,348.39599609375,213.38042,0.0,test_data/Useful/Validation/rice-at-2-ft/20241108_085554_022.jpg,5773.0,15.0,59.71960427162998
9,0.0,0.0,0.0,0.0,0.0,0.0,0.0,0.0,0.0,0.0,0.0,0.0,0.0,0.0,0.0,0.0,0.0,0.0,0.0,0.0,0.0,0.0,0.0,0.0,0.0,0.0,0.0,0.0,0.0,0.0,0.0,0.0,0.0,0.0,0.0,0.0,0.0,0.0,0.0,0.0,0.0,0.0,0.0,0.0,0.0,0.0,0.0,0.0,0.0,0.0,0.0,0.0,0.0,0.0,0.0,0.0,0.0,0.0,0.0,0.0,0.0,0.0,0.0,0.0,0.0,0.0,0.0,0.0,0.0,0.0,0.0,0.0,0.0,0.0,0.0,0.0,0.0,0.0,0.0,0.0,0.0,0.0,0.0,0.0,0.0,0.0,0.0,0.0,0.0,0.0,0.0,0.0,0.0,0.0,1.0,10.079999999999927,15.279999999999973,24.039999999999964,34.0,69.0,0.0,1000.3725490272045,1000.5254902243614,1000.6156862974167,1000.6941176652908,1000.8627451062202,2000.3372549116611,2000.6431372761726,3000.2823529541492,3000.596078455448,3001.0,169.68087768554688,177.37945556640625,182.28530883789062,186.0880615234375,189.4823760986328,192.68791809082032,196.08554077148438,200.38389587402344,208.22421264648438,348.40106201171875,213.36136,0.0,test_data/Useful/Validation/rice-at-2-ft/20241108_085554_023.jpg,5790.0,12.0,62.57190324892077
10,0.0,0.0,0.0,0.0,0.0,0.0,0.0,0.0,0.0,0.0,0.0,0.0,0.0,0.0,0.0,0.0,0.0,0.0,0.0,0.0,0.0,0.0,0.0,0.0,0.0,0.0,0.0,0.0,0.0,0.0,0.0,0.0,0.0,0.0,0.0,0.0,0.0,0.0,0.0,0.0,0.0,0.0,0.0,0.0,0.0,0.0,0.0,0.0,0.0,0.0,0.0,0.0,0.0,0.0,0.0,0.0,0.0,0.0,0.0,0.0,0.0,0.0,0.0,0.0,0.0,0.0,0.0,0.0,0.0,0.0,0.0,0.0,0.0,0.0,0.0,0.0,0.0,0.0,0.0,0.0,0.0,0.0,0.0,0.0,0.0,0.0,0.0,0.0,0.0,0.0,0.0,1.0,3.0,6.559999999999945,11.399999999999864,15.0,29.0,36.039999999999964,52.51999999999998,81.0,0.0,1000.3882353007793,1000.5372549295425,1000.6196078658104,1000.6980392336845,1000.8745098114014,2000.3686274588108,2000.6666666865349,3000.341176480055,3000.6039215922356,3001.0,169.73487701416016,177.44253540039062,182.34039306640625,186.2210693359375,189.6004180908203,192.78199462890626,196.25070190429688,200.5625,208.4401092529297,348.3775634765625,213.54384,0.0,test_data/Useful/Validation/rice-at-2-ft/20241108_085554_030.jpg,5813.0,19.0,57.41333014136825
11,0.0,0.0,0.0,0.0,0.0,0.0,0.0,0.0,0.0,0.0,0.0,0.0,0.0,0.0,0.0,0.0,0.0,0.0,0.0,0.0,0.0,0.0,0.0,0.0,0.0,0.0,0.0,0.0,0.0,0.0,0.0,0.0,0.0,0.0,0.0,0.0,0.0,0.0,0.0,0.0,0.0,0.0,0.0,0.0,0.0,0.0,0.0,0.0,0.0,0.0,0.0,0.0,0.0,0.0,0.0,0.0,0.0,0.0,0.0,0.0,0.0,0.0,0.0,0.0,0.0,0.0,0.0,0.0,0.0,0.0,0.0,0.0,0.0,0.0,0.0,0.0,0.0,0.0,0.0,0.0,0.0,0.0,0.0,0.0,0.0,0.0,0.0,0.0,0.0,0.0,0.0,0.0,1.0,5.0,8.799999999999955,13.039999999999964,22.0,30.59999999999991,46.75999999999999,70.0,0.0,1000.3843137323856,1000.5372549295425,1000.6196078658104,1000.6980392336845,1000.8745098114014,2000.3764705955982,2000.6666666865349,3000.3294117748737,3000.6039215922356,3001.0,169.5771942138672,177.35475158691406,182.232421875,186.02197265625,189.3859100341797,192.6097412109375,196.09788513183594,200.43533935546876,208.4614013671875,348.4306640625,213.48802,0.0,test_data/Useful/Validation/rice-at-2-ft/20241108_085554_031.jpg,5873.0,17.0,60.04944329862178
12,0.0,0.0,0.0,0.0,0.0,0.0,0.0,0.0,0.0,0.0,0.0,0.0,0.0,0.0,0.0,0.0,0.0,0.0,0.0,0.0,0.0,0.0,0.0,0.0,0.0,0.0,0.0,0.0,0.0,0.0,0.0,0.0,0.0,0.0,0.0,0.0,0.0,0.0,0.0,0.0,0.0,0.0,0.0,0.0,0.0,0.0,0.0,0.0,0.0,0.0,0.0,0.0,0.0,0.0,0.0,0.0,0.0,0.0,0.0,0.0,0.0,0.0,0.0,0.0,0.0,0.0,0.0,0.0,0.0,0.0,0.0,0.0,0.0,0.0,0.0,0.0,0.0,0.0,0.0,0.0,0.0,0.0,0.0,0.0,0.0,0.0,0.0,0.0,0.0,0.0,0.0,0.0,0.0,2.5599999999999454,7.0,15.0,21.279999999999973,32.0,46.51999999999998,64.0,0.0,1000.4000000059605,1000.54509806633,1000.6313725709915,1000.7137255072594,1000.9098039269447,2000.4117647111416,2000.6823529601097,3000.3568627536297,3000.6078431606293,3001.0,169.6554718017578,177.34150390625,182.2645065307617,186.11226501464844,189.46002197265625,192.771484375,196.208251953125,200.4545440673828,208.25933837890625,348.4124450683594,213.36966,0.0,test_data/Useful/Validation/rice-at-2-ft/20241108_085554_032.jpg,5827.0,15.0,64.69533326798077
13,0.0,0.0,0.0,0.0,0.0,0.0,0.0,0.0,0.0,0.0,0.0,0.0,0.0,0.0,0.0,0.0,0.0,0.0,0.0,0.0,0.0,0.0,0.0,0.0,0.0,0.0,0.0,0.0,0.0,0.0,0.0,0.0,0.0,0.0,0.0,0.0,0.0,0.0,0.0,0.0,0.0,0.0,0.0,0.0,0.0,0.0,0.0,0.0,0.0,0.0,0.0,0.0,0.0,0.0,0.0,0.0,0.0,0.0,0.0,0.0,0.0,0.0,0.0,0.0,0.0,0.0,0.0,0.0,0.0,0.0,0.0,0.0,0.0,0.0,0.0,0.0,0.0,0.0,0.0,0.0,0.0,0.0,0.0,0.0,0.0,0.0,0.0,0.0,0.0,0.0,0.0,0.0,0.0,0.0,4.0,11.039999999999964,22.0,27.0,36.0,84.0,0.0,1000.4000000059605,1000.54509806633,1000.6313725709915,1000.7176470756531,1000.9176470637321,2000.419607847929,2000.6823529601097,3000.3607843220234,3000.6078431606293,3001.0,169.7933837890625,177.47866821289062,182.30075073242188,186.11805725097656,189.5250244140625,192.77220764160157,196.2033935546875,200.45379638671875,208.32931518554688,348.41473388671875,213.36816,0.0,test_data/Useful/Validation/rice-at-2-ft/20241108_085554_033.jpg,5787.0,14.0,58.592639772873035
14,0.0,0.0,0.0,0.0,0.0,0.0,0.0,0.0,0.0,0.0,0.0,0.0,0.0,0.0,0.0,0.0,0.0,0.0,0.0,0.0,0.0,0.0,0.0,0.0,0.0,0.0,0.0,0.0,0.0,0.0,0.0,0.0,0.0,0.0,0.0,0.0,0.0,0.0,0.0,0.0,0.0,0.0,0.0,0.0,0.0,0.0,0.0,0.0,0.0,0.0,0.0,0.0,0.0,0.0,0.0,0.0,0.0,0.0,0.0,0.0,0.0,0.0,0.0,0.0,0.0,0.0,0.0,0.0,0.0,0.0,0.0,0.0,0.0,0.0,0.0,0.0,0.0,0.0,0.0,0.0,0.0,0.0,0.0,0.0,0.0,0.0,0.0,0.0,0.0,0.0,0.0,0.0,0.0,3.0,8.0,17.039999999999964,26.0,32.559999999999945,46.75999999999999,71.0,0.0,1000.4078431427479,1000.5529412031174,1000.6392157077789,1000.7294117808342,1000.9450980424881,2000.447058826685,2000.6941176652908,3000.3843137323856,3000.611764729023,3001.0,169.87640380859375,177.49443359375,182.3638946533203,186.19933166503907,189.5904769897461,192.81675415039064,196.2551727294922,200.55564880371094,208.415771484375,348.4222412109375,213.26155,0.0,test_data/Useful/Validation/rice-at-2-ft/20241108_085554_034.jpg,5877.0,18.0,58.823097805708834
15,0.0,0.0,0.0,0.0,0.0,0.0,0.0,0.0,0.0,0.0,0.0,0.0,0.0,0.0,0.0,0.0,0.0,0.0,0.0,0.0,0.0,0.0,0.0,0.0,0.0,0.0,0.0,0.0,0.0,0.0,0.0,0.0,0.0,0.0,0.0,0.0,0.0,0.0,0.0,0.0,0.0,0.0,0.0,0.0,0.0,0.0,0.0,0.0,0.0,0.0,0.0,0.0,0.0,0.0,0.0,0.0,0.0,0.0,0.0,0.0,0.0,0.0,0.0,0.0,0.0,0.0,0.0,0.0,0.0,0.0,0.0,0.0,0.0,0.0,0.0,0.0,0.0,0.0,0.0,0.0,0.0,0.0,0.0,0.0,0.0,0.0,0.0,0.0,0.0,0.0,0.0,0.0,2.0,6.0,8.0,18.0,26.559999999999945,36.59999999999991,49.27999999999997,62.0,0.0,1000.3764705955982,1000.5294117927551,1000.611764729023,1000.6823529601097,1000.811764717102,1000.9686274528503,2000.458823531866,2000.8235294222832,3000.556862771511,3001.0,171.1443328857422,178.69589233398438,183.46757049560546,187.30142822265626,190.6874008178711,193.96536254882812,197.46005249023438,201.7394256591797,209.5070037841797,348.2654113769531,214.14742,0.0,test_data/Useful/Validation/rice-at-2-ft/20241108_085554_057.jpg,5655.0,18.0,62.45000099744958
16,0.0,0.0,0.0,0.0,0.0,0.0,0.0,0.0,0.0,0.0,0.0,0.0,0.0,0.0,0.0,0.0,0.0,0.0,0.0,0.0,0.0,0.0,0.0,0.0,0.0,0.0,0.0,0.0,0.0,0.0,0.0,0.0,0.0,0.0,0.0,0.0,0.0,0.0,0.0,0.0,0.0,0.0,0.0,0.0,0.0,0.0,0.0,0.0,0.0,0.0,0.0,0.0,0.0,0.0,0.0,0.0,0.0,0.0,0.0,0.0,0.0,0.0,0.0,0.0,0.0,0.0,0.0,0.0,0.0,0.0,0.0,0.0,0.0,0.0,0.0,0.0,0.0,0.0,0.0,0.0,0.0,0.0,0.0,0.0,0.0,0.0,0.0,0.0,0.0,0.0,0.0,1.080000000000041,6.0,9.0,12.0,18.039999999999964,24.559999999999945,34.51999999999998,44.799999999999955,76.0,0.0,1000.3764705955982,1000.5294117927551,1000.611764729023,1000.6823529601097,1000.8078431487083,1000.9607843160629,2000.4431372582912,2000.8078431487083,3000.5529412031174,3001.0,170.83140869140624,178.61680603027344,183.57667541503906,187.370361328125,190.76624298095703,194.06936645507812,197.4794448852539,201.87592163085938,209.65969085693362,348.2342529296875,214.24197,0.0,test_data/Useful/Validation/rice-at-2-ft/20241108_085554_058.jpg,5577.0,20.0,60.2291258766077
17,0.0,0.0,0.0,0.0,0.0,0.0,0.0,0.0,0.0,0.0,0.0,0.0,0.0,0.0,0.0,0.0,0.0,0.0,0.0,0.0,0.0,0.0,0.0,0.0,0.0,0.0,0.0,0.0,0.0,0.0,0.0,0.0,0.0,0.0,0.0,0.0,0.0,0.0,0.0,0.0,0.0,0.0,0.0,0.0,0.0,0.0,0.0,0.0,0.0,0.0,0.0,0.0,0.0,0.0,0.0,0.0,0.0,0.0,0.0,0.0,0.0,0.0,0.0,0.0,0.0,0.0,0.0,0.0,0.0,0.0,0.0,0.0,0.0,0.0,0.0,0.0,0.0,0.0,0.0,0.0,0.0,0.0,0.0,0.0,0.0,0.0,0.0,0.0,0.0,0.0,0.0,3.0,4.32000000000005,9.0,14.799999999999955,23.0,31.279999999999973,34.51999999999998,43.75999999999999,90.0,0.0,1000.3725490272045,1000.5294117927551,1000.611764729023,1000.6823529601097,1000.8039215803146,1000.9607843160629,2000.4392156898975,2000.7921568751335,3000.5490196347237,3001.0,171.0120391845703,178.68890380859375,183.58665466308594,187.42506408691406,190.85134887695312,194.05882873535157,197.48780212402343,201.78042907714845,209.51026916503906,348.2366943359375,214.11095,0.0,test_data/Useful/Validation/rice-at-2-ft/20241108_085554_059.jpg,5543.0,22.0,59.69972067367332
18,0.0,0.0,0.0,0.0,0.0,0.0,0.0,0.0,0.0,0.0,0.0,0.0,0.0,0.0,0.0,0.0,0.0,0.0,0.0,0.0,0.0,0.0,0.0,0.0,0.0,0.0,0.0,0.0,0.0,0.0,0.0,0.0,0.0,0.0,0.0,0.0,0.0,0.0,0.0,0.0,0.0,0.0,0.0,0.0,0.0,0.0,0.0,0.0,0.0,0.0,0.0,0.0,0.0,0.0,0.0,0.0,0.0,0.0,0.0,0.0,0.0,0.0,0.0,0.0,0.0,0.0,0.0,0.0,0.0,0.0,0.0,0.0,0.0,0.0,0.0,0.0,0.0,0.0,0.0,0.0,0.0,0.0,0.0,0.0,0.0,0.0,0.0,0.0,1.0,3.0,5.840000000000032,10.0,11.32000000000005,14.559999999999945,20.799999999999955,24.079999999999927,31.0,38.0,47.51999999999998,61.0,0.0,1000.3764705955982,1000.5294117927551,1000.611764729023,1000.6823529601097,1000.8039215803146,1000.9607843160629,2000.4431372582912,2000.784313738346,3000.5490196347237,3001.0,170.889404296875,178.5784149169922,183.489501953125,187.36557006835938,190.7355499267578,194.06329345703125,197.56585693359375,201.8722686767578,209.764892578125,348.2096862792969,214.25098,0.0,test_data/Useful/Validation/rice-at-2-ft/20241108_085554_060.jpg,5524.0,26.0,64.87127135758165
19,0.0,0.0,0.0,0.0,0.0,0.0,0.0,0.0,0.0,0.0,0.0,0.0,0.0,0.0,0.0,0.0,0.0,0.0,0.0,0.0,0.0,0.0,0.0,0.0,0.0,0.0,0.0,0.0,0.0,0.0,0.0,0.0,0.0,0.0,0.0,0.0,0.0,0.0,0.0,0.0,0.0,0.0,0.0,0.0,0.0,0.0,0.0,0.0,0.0,0.0,0.0,0.0,0.0,0.0,0.0,0.0,0.0,0.0,0.0,0.0,0.0,0.0,0.0,0.0,0.0,0.0,0.0,0.0,0.0,0.0,0.0,0.0,0.0,0.0,0.0,0.0,0.0,0.0,0.0,0.0,0.0,0.0,0.0,0.0,0.0,0.0,0.0,0.0,0.0,0.0,0.0,2.0,5.0,9.559999999999945,15.599999999999909,19.079999999999927,25.839999999999918,35.039999999999964,51.799999999999955,77.0,0.0,1000.3764705955982,1000.5294117927551,1000.611764729023,1000.6823529601097,1000.8078431487083,1000.9607843160629,2000.458823531866,2000.7921568751335,3000.5490196347237,3001.0,170.971435546875,178.636669921875,183.5411834716797,187.44466247558594,190.84606170654297,194.1032684326172,197.62203216552734,201.899658203125,209.771240234375,348.19488525390625,214.40552,0.0,test_data/Useful/Validation/rice-at-2-ft/20241108_085554_061.jpg,5491.0,21.0,55.99037505552583
20,0.0,0.0,0.0,0.0,0.0,0.0,0.0,0.0,0.0,0.0,0.0,0.0,0.0,0.0,0.0,0.0,0.0,0.0,0.0,0.0,0.0,0.0,0.0,0.0,0.0,0.0,0.0,0.0,0.0,0.0,0.0,0.0,0.0,0.0,0.0,0.0,0.0,0.0,0.0,0.0,0.0,0.0,0.0,0.0,0.0,0.0,0.0,0.0,0.0,0.0,0.0,0.0,0.0,0.0,0.0,0.0,0.0,0.0,0.0,0.0,0.0,0.0,0.0,0.0,0.0,0.0,0.0,0.0,0.0,0.0,0.0,0.0,0.0,0.0,0.0,0.0,0.0,0.0,0.0,0.0,0.0,0.0,0.0,0.0,0.0,0.0,0.0,0.0,1.0,5.600000000000023,7.840000000000032,12.0,14.0,17.559999999999945,24.0,29.039999999999964,31.559999999999945,37.51999999999998,47.75999999999999,69.0,0.0,1000.3764705955982,1000.5333333611488,1000.6156862974167,1000.6901960968971,1000.8235294222832,1000.972549021244,2000.4941176474094,2000.8196078538895,3000.5490196347237,3001.0,171.28539276123047,178.9807373046875,183.8673553466797,187.7451965332031,191.1429443359375,194.4479217529297,197.89608764648438,202.25599670410156,210.13528442382812,348.0325927734375,214.76105,0.0,test_data/Useful/Validation/rice-at-2-ft/20241108_085554_068.jpg,5492.0,27.0,59.59460323970659
21,0.0,0.0,0.0,0.0,0.0,0.0,0.0,0.0,0.0,0.0,0.0,0.0,0.0,0.0,0.0,0.0,0.0,0.0,0.0,0.0,0.0,0.0,0.0,0.0,0.0,0.0,0.0,0.0,0.0,0.0,0.0,0.0,0.0,0.0,0.0,0.0,0.0,0.0,0.0,0.0,0.0,0.0,0.0,0.0,0.0,0.0,0.0,0.0,0.0,0.0,0.0,0.0,0.0,0.0,0.0,0.0,0.0,0.0,0.0,0.0,0.0,0.0,0.0,0.0,0.0,0.0,0.0,0.0,0.0,0.0,0.0,0.0,0.0,0.0,0.0,0.0,0.0,0.0,0.0,0.0,0.0,0.0,0.0,0.0,0.0,0.0,0.0,1.0,3.3600000000000136,6.0,8.0,12.080000000000041,16.0,18.0,23.59999999999991,28.0,33.0,37.51999999999998,45.0,59.0,0.0,1000.3764705955982,1000.5333333611488,1000.6156862974167,1000.6901960968971,1000.8313725590706,1000.9764705896378,2000.5333333611488,2000.866666674614,3000.560784339905,3001.0,171.27281188964844,178.96052856445314,183.83792419433593,187.73433837890624,191.12631225585938,194.35962829589843,197.8820831298828,202.20742797851562,210.08953857421875,348.03167724609375,214.93513,0.0,test_data/Useful/Validation/rice-at-2-ft/20241108_085554_069.jpg,5515.0,28.0,58.56497796402522
22,0.0,0.0,0.0,0.0,0.0,0.0,0.0,0.0,0.0,0.0,0.0,0.0,0.0,0.0,0.0,0.0,0.0,0.0,0.0,0.0,0.0,0.0,0.0,0.0,0.0,0.0,0.0,0.0,0.0,0.0,0.0,0.0,0.0,0.0,0.0,0.0,0.0,0.0,0.0,0.0,0.0,0.0,0.0,0.0,0.0,0.0,0.0,0.0,0.0,0.0,0.0,0.0,0.0,0.0,0.0,0.0,0.0,0.0,0.0,0.0,0.0,0.0,0.0,0.0,0.0,0.0,0.0,0.0,0.0,0.0,0.0,0.0,0.0,0.0,0.0,0.0,0.0,0.0,0.0,0.0,0.0,0.0,0.0,0.0,0.0,0.0,2.0,5.1200000000000045,7.360000000000014,9.0,13.0,19.0,23.0,25.0,29.799999999999955,33.0,38.559999999999945,45.0,53.0,69.0,0.0,1000.3803921639919,1000.5333333611488,1000.6156862974167,1000.6901960968971,1000.8313725590706,1000.9803921580315,2000.5372549295425,2000.878431379795,3000.560784339905,3001.0,171.437890625,179.08001098632812,183.96939239501953,187.80890197753905,191.2394256591797,194.44800415039063,197.91139221191406,202.27194213867188,210.11375427246094,348.03265380859375,214.90364,0.0,test_data/Useful/Validation/rice-at-2-ft/20241108_085554_070.jpg,5430.0,35.0,55.215074916983276
23,0.0,0.0,0.0,0.0,0.0,0.0,0.0,0.0,0.0,0.0,0.0,0.0,0.0,0.0,0.0,0.0,0.0,0.0,0.0,0.0,0.0,0.0,0.0,0.0,0.0,0.0,0.0,0.0,0.0,0.0,0.0,0.0,0.0,0.0,0.0,0.0,0.0,0.0,0.0,0.0,0.0,0.0,0.0,0.0,0.0,0.0,0.0,0.0,0.0,0.0,0.0,0.0,0.0,0.0,0.0,0.0,0.0,0.0,0.0,0.0,0.0,0.0,0.0,0.0,0.0,0.0,0.0,0.0,0.0,0.0,0.0,0.0,0.0,0.0,0.0,0.0,0.0,0.0,0.0,0.0,0.0,0.0,0.0,0.0,0.0,0.0,0.0,0.0,1.0,6.0,6.0,7.080000000000041,10.0,14.239999999999782,20.799999999999955,30.039999999999964,38.0,40.0,45.0,80.0,0.0,1000.392156869173,1000.54509806633,1000.6235294342041,1000.705882370472,1000.8588235378265,1001.0,2000.572549045086,2000.9647058844566,3000.568627476692,3001.0,171.31158447265625,178.89019775390625,183.77908325195312,187.6554718017578,191.1046600341797,194.3765411376953,197.89366149902344,202.20855712890625,210.15335083007812,348.031005859375,215.04715,0.0,test_data/Useful/Validation/rice-at-2-ft/20241108_085554_071.jpg,5505.0,27.0,57.39312204292625
24,0.0,0.0,0.0,0.0,0.0,0.0,0.0,0.0,0.0,0.0,0.0,0.0,0.0,0.0,0.0,0.0,0.0,0.0,0.0,0.0,0.0,0.0,0.0,0.0,0.0,0.0,0.0,0.0,0.0,0.0,0.0,0.0,0.0,0.0,0.0,0.0,0.0,0.0,0.0,0.0,0.0,0.0,0.0,0.0,0.0,0.0,0.0,0.0,0.0,0.0,0.0,0.0,0.0,0.0,0.0,0.0,0.0,0.0,0.0,0.0,0.0,0.0,0.0,0.0,0.0,0.0,0.0,0.0,0.0,0.0,0.0,0.0,0.0,0.0,0.0,0.0,0.0,0.0,0.0,0.0,0.0,0.0,0.0,0.0,0.0,0.0,0.0,0.0,0.0,1.6000000000000227,5.840000000000032,9.0,12.32000000000005,19.0,20.799999999999955,24.079999999999927,30.399999999999864,39.039999999999964,49.75999999999999,78.0,0.0,1000.392156869173,1000.54509806633,1000.6274510025978,1000.705882370472,1000.8549019694328,1001.0,2000.5764706134796,3000.086274512112,3000.572549045086,3001.0,171.2700653076172,178.98062133789062,183.87687225341796,187.72791748046876,191.06151580810547,194.3404052734375,197.80426483154298,202.2008514404297,210.21258544921875,348.04766845703125,215.031,0.0,test_data/Useful/Validation/rice-at-2-ft/20241108_085554_072.jpg,5481.0,26.0,59.90183145632017
25,0.0,0.0,0.0,0.0,0.0,0.0,0.0,0.0,0.0,0.0,0.0,0.0,0.0,0.0,0.0,0.0,0.0,0.0,0.0,0.0,0.0,0.0,0.0,0.0,0.0,0.0,0.0,0.0,0.0,0.0,0.0,0.0,0.0,0.0,0.0,0.0,0.0,0.0,0.0,0.0,0.0,0.0,0.0,0.0,0.0,0.0,0.0,0.0,0.0,0.0,0.0,0.0,0.0,0.0,0.0,0.0,0.0,0.0,0.0,0.0,0.0,0.0,0.0,0.0,0.0,0.0,0.0,0.0,0.0,0.0,0.0,0.0,0.0,0.0,0.0,0.0,0.0,0.0,0.0,0.0,0.0,0.0,0.0,0.0,0.0,0.0,0.0,2.1200000000000045,4.360000000000014,6.0,9.840000000000032,15.0,17.32000000000005,22.0,27.799999999999955,33.039999999999964,36.27999999999997,44.51999999999998,49.51999999999998,73.0,0.0,1000.3960784375668,1000.5490196347237,1000.6352941393852,1000.7294117808342,1000.8862745165825,2000.1921568661928,2000.6745098233223,3000.32549020648,3000.5921568870544,3001.0,171.18672943115234,178.8722717285156,183.77298278808593,187.66915588378907,191.05011749267578,194.302978515625,197.7366943359375,202.06296997070314,209.98236083984375,348.0452880859375,214.7594,0.0,test_data/Useful/Validation/rice-at-2-ft/20241108_085554_079.jpg,5354.0,32.0,55.417705477206354
26,0.0,0.0,0.0,0.0,0.0,0.0,0.0,0.0,0.0,0.0,0.0,0.0,0.0,0.0,0.0,0.0,0.0,0.0,0.0,0.0,0.0,0.0,0.0,0.0,0.0,0.0,0.0,0.0,0.0,0.0,0.0,0.0,0.0,0.0,0.0,0.0,0.0,0.0,0.0,0.0,0.0,0.0,0.0,0.0,0.0,0.0,0.0,0.0,0.0,0.0,0.0,0.0,0.0,0.0,0.0,0.0,0.0,0.0,0.0,0.0,0.0,0.0,0.0,0.0,0.0,0.0,0.0,0.0,0.0,0.0,0.0,0.0,0.0,0.0,0.0,0.0,0.0,0.0,0.0,0.0,0.0,0.0,0.0,0.0,0.0,2.0,5.0,8.0,10.0,11.600000000000023,14.0,16.0,20.32000000000005,25.11999999999989,32.0,34.039999999999964,40.27999999999997,48.51999999999998,54.75999999999999,72.0,0.0,1000.3960784375668,1000.5490196347237,1000.6352941393852,1000.7294117808342,1000.8862745165825,2000.203921571374,2000.678431391716,3000.337254911661,3000.596078455448,3001.0,171.32992553710938,178.9552001953125,183.88909912109375,187.70504760742188,191.07186889648438,194.32941284179688,197.78970336914062,202.17410278320312,210.042236328125,348.020751953125,214.73845,0.0,test_data/Useful/Validation/rice-at-2-ft/20241108_085554_080.jpg,5391.0,35.0,59.626205791850396
27,0.0,0.0,0.0,0.0,0.0,0.0,0.0,0.0,0.0,0.0,0.0,0.0,0.0,0.0,0.0,0.0,0.0,0.0,0.0,0.0,0.0,0.0,0.0,0.0,0.0,0.0,0.0,0.0,0.0,0.0,0.0,0.0,0.0,0.0,0.0,0.0,0.0,0.0,0.0,0.0,0.0,0.0,0.0,0.0,0.0,0.0,0.0,0.0,0.0,0.0,0.0,0.0,0.0,0.0,0.0,0.0,0.0,0.0,0.0,0.0,0.0,0.0,0.0,0.0,0.0,0.0,0.0,0.0,0.0,0.0,0.0,0.0,0.0,0.0,0.0,0.0,0.0,0.0,0.0,0.0,0.0,0.0,1.0,3.0,4.0,6.0,9.0,12.0,13.0,16.0,19.840000000000032,22.08000000000004,24.32000000000005,28.11999999999989,33.399999999999864,37.039999999999964,40.559999999999945,48.0,53.51999999999998,73.0,0.0,1000.3960784375668,1000.5490196347237,1000.6352941393852,1000.7254902124405,1000.8823529481888,2000.1686274558306,2000.6823529601097,3000.337254911661,3000.596078455448,3001.0,171.2649383544922,178.93210144042968,183.7823486328125,187.66106567382812,191.09061431884766,194.36278686523437,197.80701904296876,202.14435119628905,210.0477294921875,348.02264404296875,214.8754,0.0,test_data/Useful/Validation/rice-at-2-ft/20241108_085554_081.jpg,5288.0,43.0,59.21415251828783
28,0.0,0.0,0.0,0.0,0.0,0.0,0.0,0.0,0.0,0.0,0.0,0.0,0.0,0.0,0.0,0.0,0.0,0.0,0.0,0.0,0.0,0.0,0.0,0.0,0.0,0.0,0.0,0.0,0.0,0.0,0.0,0.0,0.0,0.0,0.0,0.0,0.0,0.0,0.0,0.0,0.0,0.0,0.0,0.0,0.0,0.0,0.0,0.0,0.0,0.0,0.0,0.0,0.0,0.0,0.0,0.0,0.0,0.0,0.0,0.0,0.0,0.0,0.0,0.0,0.0,0.0,0.0,0.0,0.0,0.0,0.0,0.0,0.0,0.0,0.0,0.0,0.0,0.0,0.0,0.0,0.0,0.0,1.919999999999959,4.0,5.0,9.0,11.0,13.0,15.0,16.0,18.0,21.08000000000004,25.32000000000005,27.559999999999945,30.799999999999955,36.0,41.27999999999997,45.0,54.039999999999964,80.0,0.0,1000.3960784375668,1000.5490196347237,1000.6352941393852,1000.7254902124405,1000.8784313797951,2000.1529411822557,2000.6862745285034,3000.3490196168423,3000.596078455448,3001.0,171.43560180664062,179.1085662841797,183.97432403564454,187.87930603027343,191.2832489013672,194.50454711914062,197.93333435058594,202.26319885253906,210.2229461669922,347.98736572265625,214.86589,0.0,test_data/Useful/Validation/rice-at-2-ft/20241108_085554_082.jpg,5426.0,44.0,62.986053620280885
29,0.0,0.0,0.0,0.0,0.0,0.0,0.0,0.0,0.0,0.0,0.0,0.0,0.0,0.0,0.0,0.0,0.0,0.0,0.0,0.0,0.0,0.0,0.0,0.0,0.0,0.0,0.0,0.0,0.0,0.0,0.0,0.0,0.0,0.0,0.0,0.0,0.0,0.0,0.0,0.0,0.0,0.0,0.0,0.0,0.0,0.0,0.0,0.0,0.0,0.0,0.0,0.0,0.0,0.0,0.0,0.0,0.0,0.0,0.0,0.0,0.0,0.0,0.0,0.0,0.0,0.0,0.0,0.0,0.0,0.0,0.0,0.0,0.0,0.0,0.0,0.0,0.0,0.0,0.0,0.0,0.0,0.0,0.0,1.1599999999999682,5.0,6.639999999999986,8.879999999999995,11.0,14.0,16.600000000000023,19.0,23.0,26.32000000000005,32.11999999999989,37.799999999999955,46.0,48.27999999999997,50.0,53.0,78.0,0.0,1000.392156869173,1000.5490196347237,1000.6352941393852,1000.7254902124405,1000.8823529481888,2000.176470592618,2000.6862745285034,3000.341176480055,3000.600000023842,3001.0,171.28347778320312,178.9053497314453,183.8023223876953,187.58114624023438,190.9988555908203,194.27040100097656,197.76611328125,202.09133911132812,209.99825439453127,347.98565673828125,214.88289,0.0,test_data/Useful/Validation/rice-at-2-ft/20241108_085554_083.jpg,5333.0,43.0,60.95263005736265
30,0.0,0.0,0.0,0.0,0.0,0.0,0.0,0.0,0.0,0.0,0.0,0.0,0.0,0.0,0.0,0.0,0.0,0.0,0.0,0.0,0.0,0.0,0.0,0.0,0.0,0.0,0.0,0.0,0.0,0.0,0.0,0.0,0.0,0.0,0.0,0.0,0.0,0.0,0.0,0.0,0.0,0.0,0.0,0.0,0.0,0.0,0.0,0.0,0.0,0.0,0.0,0.0,0.0,0.0,0.0,0.0,0.0,0.0,0.0,0.0,0.0,0.0,0.0,0.0,0.0,0.0,0.0,0.0,0.0,0.0,0.0,0.0,0.0,0.0,0.0,0.0,0.0,0.0,0.0,0.0,0.0,0.0,0.0,0.0,2.3999999999999773,3.6399999999999864,5.0,7.1200000000000045,9.0,10.600000000000023,14.840000000000032,18.08000000000004,21.6400000000001,25.0,29.799999999999955,37.039999999999964,43.0,50.51999999999998,57.75999999999999,70.0,0.0,1000.4078431427479,1000.5607843399048,1000.6470588445663,1000.7568627595901,1000.9176470637321,2000.3960784375668,2000.7529411911964,3000.403921574354,3000.6156862974167,3001.0,171.18890686035155,178.897314453125,183.71380004882812,187.54088134765624,190.8848876953125,194.1415252685547,197.6022186279297,201.83102416992188,209.52516174316406,348.04461669921875,214.56924,0.0,test_data/Useful/Validation/rice-at-2-ft/20241108_085554_090.jpg,5278.0,36.0,59.88521866763225
31,0.0,0.0,0.0,0.0,0.0,0.0,0.0,0.0,0.0,0.0,0.0,0.0,0.0,0.0,0.0,0.0,0.0,0.0,0.0,0.0,0.0,0.0,0.0,0.0,0.0,0.0,0.0,0.0,0.0,0.0,0.0,0.0,0.0,0.0,0.0,0.0,0.0,0.0,0.0,0.0,0.0,0.0,0.0,0.0,0.0,0.0,0.0,0.0,0.0,0.0,0.0,0.0,0.0,0.0,0.0,0.0,0.0,0.0,0.0,0.0,0.0,0.0,0.0,0.0,0.0,0.0,0.0,0.0,0.0,0.0,0.0,0.0,0.0,0.0,0.0,0.0,0.0,0.0,0.0,0.0,0.0,0.0,0.0,1.0,3.3999999999999773,5.0,7.0,10.0,11.0,13.600000000000023,17.0,21.0,24.0,27.0,32.0,36.0,38.27999999999997,44.51999999999998,48.0,64.0,0.0,1000.4000000059605,1000.5568627715111,1000.6431372761726,1000.7529411911964,1000.9137254953384,2000.419607847929,2000.784313738346,3000.4274509847164,3000.6196078658104,3001.0,171.13156127929688,178.78143310546875,183.65257263183594,187.54592895507812,190.88912963867188,194.1704559326172,197.62615966796875,201.88818359375,209.63645935058594,348.0340270996094,214.56429,0.0,test_data/Useful/Validation/rice-at-2-ft/20241108_085554_091.jpg,5312.0,36.0,59.79540605783608
32,0.0,0.0,0.0,0.0,0.0,0.0,0.0,0.0,0.0,0.0,0.0,0.0,0.0,0.0,0.0,0.0,0.0,0.0,0.0,0.0,0.0,0.0,0.0,0.0,0.0,0.0,0.0,0.0,0.0,0.0,0.0,0.0,0.0,0.0,0.0,0.0,0.0,0.0,0.0,0.0,0.0,0.0,0.0,0.0,0.0,0.0,0.0,0.0,0.0,0.0,0.0,0.0,0.0,0.0,0.0,0.0,0.0,0.0,0.0,0.0,0.0,0.0,0.0,0.0,0.0,0.0,0.0,0.0,0.0,0.0,0.0,0.0,0.0,0.0,0.0,0.0,0.0,0.0,0.0,0.0,0.0,0.0,1.0,3.0,5.0,6.639999999999986,8.0,9.0,11.360000000000014,13.0,15.0,17.0,21.0,25.0,34.59999999999991,38.039999999999964,41.83999999999992,50.0,57.0,96.0,0.0,1000.4039215743542,1000.5607843399048,1000.65098041296,1000.7686274647713,1000.9411764740944,2000.4980392158031,2000.8156862854958,3000.435294121504,3000.623529434204,3001.0,171.1606201171875,178.83500061035156,183.69723510742188,187.54102172851563,190.87381744384766,194.07823486328124,197.4944305419922,201.66986083984375,209.50547790527344,348.052734375,214.41519,0.0,test_data/Useful/Validation/rice-at-2-ft/20241108_085554_092.jpg,5298.0,38.0,58.67317249539653
33,0.0,0.0,0.0,0.0,0.0,0.0,0.0,0.0,0.0,0.0,0.0,0.0,0.0,0.0,0.0,0.0,0.0,0.0,0.0,0.0,0.0,0.0,0.0,0.0,0.0,0.0,0.0,0.0,0.0,0.0,0.0,0.0,0.0,0.0,0.0,0.0,0.0,0.0,0.0,0.0,0.0,0.0,0.0,0.0,0.0,0.0,0.0,0.0,0.0,0.0,0.0,0.0,0.0,0.0,0.0,0.0,0.0,0.0,0.0,0.0,0.0,0.0,0.0,0.0,0.0,0.0,0.0,0.0,0.0,0.0,0.0,0.0,0.0,0.0,0.0,0.0,0.0,0.0,0.0,0.0,0.0,0.0,0.0,0.0,0.0,0.0,1.0,3.0,7.360000000000014,10.0,13.840000000000032,17.08000000000004,21.32000000000005,26.559999999999945,32.0,39.039999999999964,42.0,46.0,53.51999999999998,82.0,0.0,1000.4039215743542,1000.5607843399048,1000.65098041296,1000.7686274647713,1000.9411764740944,2000.4941176474094,2000.811764717102,3000.435294121504,3000.623529434204,3001.0,170.99555511474608,178.67742919921875,183.48849487304688,187.34207153320312,190.69850158691406,193.94797058105468,197.33505249023438,201.5688934326172,209.2128143310547,348.0794982910156,214.06511,0.0,test_data/Useful/Validation/rice-at-2-ft/20241108_085554_093.jpg,5245.0,34.0,58.562109691248544
34,0.0,0.0,0.0,0.0,0.0,0.0,0.0,0.0,0.0,0.0,0.0,0.0,0.0,0.0,0.0,0.0,0.0,0.0,0.0,0.0,0.0,0.0,0.0,0.0,0.0,0.0,0.0,0.0,0.0,0.0,0.0,0.0,0.0,0.0,0.0,0.0,0.0,0.0,0.0,0.0,0.0,0.0,0.0,0.0,0.0,0.0,0.0,0.0,0.0,0.0,0.0,0.0,0.0,0.0,0.0,0.0,0.0,0.0,0.0,0.0,0.0,0.0,0.0,0.0,0.0,0.0,0.0,0.0,0.0,0.0,0.0,0.0,0.0,0.0,0.0,0.0,0.0,0.0,0.0,0.0,0.0,1.0,2.0,4.0,7.0,8.639999999999986,10.0,13.120000000000005,15.360000000000014,17.600000000000023,21.0,23.08000000000004,26.0,27.0,29.0,35.07999999999993,40.27999999999997,48.039999999999964,63.0,92.0,0.0,1000.4117647111416,1000.5647059082985,1000.6549019813538,1000.7764706015587,1000.9568627476692,2000.5098039507866,2000.811764717102,3000.43137255311,3000.6196078658104,3001.0,170.87171478271483,178.52409973144532,183.45450592041016,187.29255065917968,190.65512084960938,193.88992309570312,197.28997802734375,201.5244140625,209.17205810546875,348.11248779296875,214.15265,0.0,test_data/Useful/Validation/rice-at-2-ft/20241108_085554_094.jpg,5246.0,43.0,60.154543733993435
35,0.0,0.0,0.0,0.0,0.0,0.0,0.0,0.0,0.0,0.0,0.0,0.0,0.0,0.0,0.0,0.0,0.0,0.0,0.0,0.0,0.0,0.0,0.0,0.0,0.0,0.0,0.0,0.0,0.0,0.0,0.0,0.0,0.0,0.0,0.0,0.0,0.0,0.0,0.0,0.0,0.0,0.0,0.0,0.0,0.0,0.0,0.0,0.0,0.0,0.0,0.0,0.0,0.0,0.0,0.0,0.0,0.0,0.0,0.0,0.0,0.0,0.0,0.0,0.0,0.0,0.0,0.0,0.0,0.0,0.0,0.0,0.0,0.0,0.0,0.0,0.0,0.0,0.0,0.0,0.0,0.0,0.0,0.0,0.0,0.0,0.0,0.0,0.0,0.0,0.0,1.8400000000000318,6.080000000000041,12.0,13.559999999999945,17.0,23.0,27.279999999999973,34.039999999999964,42.0,66.0,0.0,1000.3764705955982,1000.5254902243614,1000.6078431606293,1000.6862745285034,1000.8235294222832,1001.0,2000.556862771511,3000.149019613862,3000.5803921818733,3001.0,170.33470611572267,177.9578063964844,182.89112396240233,186.75344543457032,190.11529541015625,193.35055541992188,196.7793426513672,201.00851440429688,208.6827392578125,348.3408203125,213.50848,0.0,test_data/Useful/Validation/rice-at-2-ft/20241108_085653_027.jpg,5587.0,22.0,57.075260119996415
36,0.0,0.0,0.0,0.0,0.0,0.0,0.0,0.0,0.0,0.0,0.0,0.0,0.0,0.0,0.0,0.0,0.0,0.0,0.0,0.0,0.0,0.0,0.0,0.0,0.0,0.0,0.0,0.0,0.0,0.0,0.0,0.0,0.0,0.0,0.0,0.0,0.0,0.0,0.0,0.0,0.0,0.0,0.0,0.0,0.0,0.0,0.0,0.0,0.0,0.0,0.0,0.0,0.0,0.0,0.0,0.0,0.0,0.0,0.0,0.0,0.0,0.0,0.0,0.0,0.0,0.0,0.0,0.0,0.0,0.0,0.0,0.0,0.0,0.0,0.0,0.0,0.0,0.0,0.0,0.0,0.0,0.0,0.0,0.0,0.0,0.0,0.0,0.0,0.0,4.0,6.840000000000032,11.080000000000041,13.32000000000005,18.0,24.59999999999991,30.079999999999927,35.0,38.51999999999998,48.319999999999936,64.0,0.0,1000.3725490272045,1000.5254902243614,1000.6078431606293,1000.6862745285034,1000.8235294222832,1001.0,2000.5607843399048,3000.164705887437,3000.5803921818733,3001.0,170.34752807617187,177.98403930664062,182.85130004882814,186.75164794921875,190.14035034179688,193.37965393066406,196.78030395507812,201.0132598876953,208.63638305664062,348.35009765625,213.5573,0.0,test_data/Useful/Validation/rice-at-2-ft/20241108_085653_028.jpg,5622.0,29.0,55.70045769012367
37,0.0,0.0,0.0,0.0,0.0,0.0,0.0,0.0,0.0,0.0,0.0,0.0,0.0,0.0,0.0,0.0,0.0,0.0,0.0,0.0,0.0,0.0,0.0,0.0,0.0,0.0,0.0,0.0,0.0,0.0,0.0,0.0,0.0,0.0,0.0,0.0,0.0,0.0,0.0,0.0,0.0,0.0,0.0,0.0,0.0,0.0,0.0,0.0,0.0,0.0,0.0,0.0,0.0,0.0,0.0,0.0,0.0,0.0,0.0,0.0,0.0,0.0,0.0,0.0,0.0,0.0,0.0,0.0,0.0,0.0,0.0,0.0,0.0,0.0,0.0,0.0,0.0,0.0,0.0,0.0,0.0,0.0,0.0,0.0,0.0,0.0,0.0,0.0,0.0,0.0,0.0,0.0,2.32000000000005,6.0,12.799999999999955,19.0,24.559999999999945,33.51999999999998,43.039999999999964,59.0,0.0,1000.3764705955982,1000.5294117927551,1000.611764729023,1000.6901960968971,1000.8352941274643,2000.0352941192687,2000.572549045086,3000.1803921610117,3000.5803921818733,3001.0,170.28855895996094,177.9560089111328,182.76726837158202,186.6354187011719,190.0371551513672,193.27590637207032,196.7266845703125,200.89599609375,208.55780029296875,348.3976745605469,213.28137,0.0,test_data/Useful/Validation/rice-at-2-ft/20241108_085653_029.jpg,5643.0,19.0,58.922941056969506
38,0.0,0.0,0.0,0.0,0.0,0.0,0.0,0.0,0.0,0.0,0.0,0.0,0.0,0.0,0.0,0.0,0.0,0.0,0.0,0.0,0.0,0.0,0.0,0.0,0.0,0.0,0.0,0.0,0.0,0.0,0.0,0.0,0.0,0.0,0.0,0.0,0.0,0.0,0.0,0.0,0.0,0.0,0.0,0.0,0.0,0.0,0.0,0.0,0.0,0.0,0.0,0.0,0.0,0.0,0.0,0.0,0.0,0.0,0.0,0.0,0.0,0.0,0.0,0.0,0.0,0.0,0.0,0.0,0.0,0.0,0.0,0.0,0.0,0.0,0.0,0.0,0.0,0.0,0.0,0.0,0.0,0.0,0.0,0.0,0.0,0.0,0.0,0.0,0.0,0.0,0.0,0.0,0.0,1.5599999999999454,7.599999999999909,11.11999999999989,18.279999999999973,29.0,45.0,64.0,0.0,1000.3725490272045,1000.5254902243614,1000.611764729023,1000.6901960968971,1000.8352941274643,2000.0352941192687,2000.572549045086,3000.1803921610117,3000.5803921818733,3001.0,170.28646850585938,177.96622314453126,182.84139099121094,186.65783996582033,190.07054901123047,193.3195343017578,196.71640014648438,200.97280883789062,208.61993408203125,348.3843688964844,213.31392,0.0,test_data/Useful/Validation/rice-at-2-ft/20241108_085653_030.jpg,5633.0,16.0,61.36288856013627
39,0.0,0.0,0.0,0.0,0.0,0.0,0.0,0.0,0.0,0.0,0.0,0.0,0.0,0.0,0.0,0.0,0.0,0.0,0.0,0.0,0.0,0.0,0.0,0.0,0.0,0.0,0.0,0.0,0.0,0.0,0.0,0.0,0.0,0.0,0.0,0.0,0.0,0.0,0.0,0.0,0.0,0.0,0.0,0.0,0.0,0.0,0.0,0.0,0.0,0.0,0.0,0.0,0.0,0.0,0.0,0.0,0.0,0.0,0.0,0.0,0.0,0.0,0.0,0.0,0.0,0.0,0.0,0.0,0.0,0.0,0.0,0.0,0.0,0.0,0.0,0.0,0.0,0.0,0.0,0.0,0.0,0.0,0.0,0.0,0.0,0.0,0.0,0.0,2.3600000000000136,4.600000000000023,6.840000000000032,12.0,15.32000000000005,18.0,21.799999999999955,23.079999999999927,29.279999999999973,35.559999999999945,44.75999999999999,79.0,0.0,1000.3764705955982,1000.5294117927551,1000.611764729023,1000.6941176652908,1000.839215695858,2000.06274510175,2000.5764706134796,3000.2000000029802,3000.584313750267,3001.0,170.4945541381836,178.11567077636718,182.94822692871094,186.7979278564453,190.1463165283203,193.34795532226562,196.76375427246094,200.9803497314453,208.5165557861328,348.41815185546875,213.11032,0.0,test_data/Useful/Validation/rice-at-2-ft/20241108_085653_031.jpg,5663.0,27.0,57.58350601191658
40,0.0,0.0,0.0,0.0,0.0,0.0,0.0,0.0,0.0,0.0,0.0,0.0,0.0,0.0,0.0,0.0,0.0,0.0,0.0,0.0,0.0,0.0,0.0,0.0,0.0,0.0,0.0,0.0,0.0,0.0,0.0,0.0,0.0,0.0,0.0,0.0,0.0,0.0,0.0,0.0,0.0,0.0,0.0,0.0,0.0,0.0,0.0,0.0,0.0,0.0,0.0,0.0,0.0,0.0,0.0,0.0,0.0,0.0,0.0,0.0,0.0,0.0,0.0,0.0,0.0,0.0,0.0,0.0,0.0,0.0,0.0,0.0,0.0,0.0,0.0,0.0,0.0,0.0,0.0,0.0,0.0,0.0,0.0,0.0,0.0,0.0,0.0,0.0,0.0,0.0,3.0,4.0,6.32000000000005,9.0,13.799999999999955,23.039999999999964,29.559999999999945,40.0,49.75999999999999,80.0,0.0,1000.3803921639919,1000.5333333611488,1000.6156862974167,1000.6980392336845,1000.8549019694328,2000.1215686276555,2000.5921568870544,3000.2352941185236,3000.5882353186607,3001.0,170.51435241699218,178.18710632324218,183.0081787109375,186.8844757080078,190.21929931640625,193.45352172851562,196.89877319335938,201.0460662841797,208.650634765625,348.38916015625,213.26056,0.0,test_data/Useful/Validation/rice-at-2-ft/20241108_085653_032.jpg,5610.0,22.0,51.917386271105656
41,0.0,0.0,0.0,0.0,0.0,0.0,0.0,0.0,0.0,0.0,0.0,0.0,0.0,0.0,0.0,0.0,0.0,0.0,0.0,0.0,0.0,0.0,0.0,0.0,0.0,0.0,0.0,0.0,0.0,0.0,0.0,0.0,0.0,0.0,0.0,0.0,0.0,0.0,0.0,0.0,0.0,0.0,0.0,0.0,0.0,0.0,0.0,0.0,0.0,0.0,0.0,0.0,0.0,0.0,0.0,0.0,0.0,0.0,0.0,0.0,0.0,0.0,0.0,0.0,0.0,0.0,0.0,0.0,0.0,0.0,0.0,0.0,0.0,0.0,0.0,0.0,0.0,0.0,0.0,0.0,0.0,0.0,0.0,0.0,0.0,0.0,0.0,0.0,0.0,0.0,0.0,0.0,0.32000000000005,2.5599999999999454,7.399999999999864,17.039999999999964,26.0,34.0,40.039999999999964,65.0,0.0,1000.3843137323856,1000.5372549295425,1000.6235294342041,1000.7137255072594,1000.8823529481888,2000.243137255311,2000.623529434204,3000.2784313857555,3000.5921568870544,3001.0,170.55600128173828,178.13699340820312,183.05368041992188,186.88987731933594,190.21066284179688,193.429443359375,196.8845977783203,201.11082458496094,208.62112426757812,348.3911437988281,213.33109,0.0,test_data/Useful/Validation/rice-at-2-ft/20241108_085653_033.jpg,5671.0,17.0,61.50326560782739
42,0.0,0.0,0.0,0.0,0.0,0.0,0.0,0.0,0.0,0.0,0.0,0.0,0.0,0.0,0.0,0.0,0.0,0.0,0.0,0.0,0.0,0.0,0.0,0.0,0.0,0.0,0.0,0.0,0.0,0.0,0.0,0.0,0.0,0.0,0.0,0.0,0.0,0.0,0.0,0.0,0.0,0.0,0.0,0.0,0.0,0.0,0.0,0.0,0.0,0.0,0.0,0.0,0.0,0.0,0.0,0.0,0.0,0.0,0.0,0.0,0.0,0.0,0.0,0.0,0.0,0.0,0.0,0.0,0.0,0.0,0.0,0.0,0.0,0.0,0.0,0.0,0.0,0.0,0.0,0.0,0.0,0.0,0.0,0.0,0.0,0.0,0.0,0.0,0.0,0.6000000000000227,4.0,8.080000000000041,11.0,15.559999999999945,18.799999999999955,24.0,27.279999999999973,34.039999999999964,40.27999999999997,67.0,0.0,1000.3960784375668,1000.54509806633,1000.6352941393852,1000.7411764860153,1000.9176470637321,2000.364705890417,2000.6980392336845,3000.3960784375668,3000.6078431606293,3001.0,170.65499725341797,178.31112670898438,183.1370849609375,186.96661376953125,190.3426513671875,193.54306030273438,196.910888671875,201.08644104003906,208.78602600097656,348.3582763671875,213.31943,0.0,test_data/Useful/Validation/rice-at-2-ft/20241108_085653_038.jpg,5639.0,22.0,59.98609512371569
43,0.0,0.0,0.0,0.0,0.0,0.0,0.0,0.0,0.0,0.0,0.0,0.0,0.0,0.0,0.0,0.0,0.0,0.0,0.0,0.0,0.0,0.0,0.0,0.0,0.0,0.0,0.0,0.0,0.0,0.0,0.0,0.0,0.0,0.0,0.0,0.0,0.0,0.0,0.0,0.0,0.0,0.0,0.0,0.0,0.0,0.0,0.0,0.0,0.0,0.0,0.0,0.0,0.0,0.0,0.0,0.0,0.0,0.0,0.0,0.0,0.0,0.0,0.0,0.0,0.0,0.0,0.0,0.0,0.0,0.0,0.0,0.0,0.0,0.0,0.0,0.0,0.0,0.0,0.0,0.0,0.0,0.0,0.0,0.0,0.0,0.0,0.0,0.0,0.0,0.0,2.6800000000000637,5.080000000000041,9.6400000000001,13.0,18.799999999999955,22.0,27.0,33.0,42.51999999999998,81.0,0.0,1000.392156869173,1000.5411764979362,1000.6313725709915,1000.7333333492279,1000.9098039269447,2000.3450980484486,2000.6980392336845,3000.3960784375668,3000.6078431606293,3001.0,170.52649841308593,178.17022705078125,182.97128295898438,186.82884216308594,190.15435791015625,193.35325622558594,196.8173828125,201.06665649414063,208.73318481445312,348.3703918457031,213.24936,0.0,test_data/Useful/Validation/rice-at-2-ft/20241108_085653_039.jpg,5703.0,22.0,58.82118467921936
44,0.0,0.0,0.0,0.0,0.0,0.0,0.0,0.0,0.0,0.0,0.0,0.0,0.0,0.0,0.0,0.0,0.0,0.0,0.0,0.0,0.0,0.0,0.0,0.0,0.0,0.0,0.0,0.0,0.0,0.0,0.0,0.0,0.0,0.0,0.0,0.0,0.0,0.0,0.0,0.0,0.0,0.0,0.0,0.0,0.0,0.0,0.0,0.0,0.0,0.0,0.0,0.0,0.0,0.0,0.0,0.0,0.0,0.0,0.0,0.0,0.0,0.0,0.0,0.0,0.0,0.0,0.0,0.0,0.0,0.0,0.0,0.0,0.0,0.0,0.0,0.0,0.0,0.0,0.0,0.0,0.0,0.0,0.0,0.0,0.0,0.0,0.0,0.0,1.0,3.0,5.0,10.160000000000082,15.32000000000005,20.559999999999945,23.799999999999955,29.079999999999927,33.83999999999992,41.51999999999998,47.75999999999999,61.0,0.0,1000.392156869173,1000.5411764979362,1000.6313725709915,1000.7294117808342,1000.905882358551,2000.3490196168423,2000.7137255072594,3000.4117647111416,3000.6078431606293,3001.0,170.55355834960938,178.1632110595703,183.05425262451172,186.89874267578125,190.2626190185547,193.48953247070312,196.9451904296875,201.16355895996094,208.73892211914062,348.34197998046875,213.42328,0.0,test_data/Useful/Validation/rice-at-2-ft/20241108_085653_040.jpg,5697.0,26.0,59.53421948928842
45,0.0,0.0,0.0,0.0,0.0,0.0,0.0,0.0,0.0,0.0,0.0,0.0,0.0,0.0,0.0,0.0,0.0,0.0,0.0,0.0,0.0,0.0,0.0,0.0,0.0,0.0,0.0,0.0,0.0,0.0,0.0,0.0,0.0,0.0,0.0,0.0,0.0,0.0,0.0,0.0,0.0,0.0,0.0,0.0,0.0,0.0,0.0,0.0,0.0,0.0,0.0,0.0,0.0,0.0,0.0,0.0,0.0,0.0,0.0,0.0,0.0,0.0,0.0,0.0,0.0,0.0,0.0,0.0,0.0,0.0,0.0,0.0,0.0,0.0,0.0,0.0,0.0,0.0,0.0,0.0,0.0,0.0,0.0,0.0,0.0,0.0,0.0,0.0,0.0,0.0,0.0,2.160000000000082,6.0,11.0,17.399999999999864,23.0,29.0,36.51999999999998,42.75999999999999,55.0,0.0,1000.3960784375668,1000.54509806633,1000.6352941393852,1000.7411764860153,1000.9215686321259,2000.3843137323856,2000.7254902124405,3000.4117647111416,3000.611764729023,3001.0,170.40122985839844,178.155517578125,183.10254364013673,186.89735412597656,190.2732696533203,193.51849365234375,196.92674255371094,201.1431884765625,208.82757568359375,348.3359069824219,213.45467,0.0,test_data/Useful/Validation/rice-at-2-ft/20241108_085653_041.jpg,5700.0,20.0,61.34911439147345
46,0.0,0.0,0.0,0.0,0.0,0.0,0.0,0.0,0.0,0.0,0.0,0.0,0.0,0.0,0.0,0.0,0.0,0.0,0.0,0.0,0.0,0.0,0.0,0.0,0.0,0.0,0.0,0.0,0.0,0.0,0.0,0.0,0.0,0.0,0.0,0.0,0.0,0.0,0.0,0.0,0.0,0.0,0.0,0.0,0.0,0.0,0.0,0.0,0.0,0.0,0.0,0.0,0.0,0.0,0.0,0.0,0.0,0.0,0.0,0.0,0.0,0.0,0.0,0.0,0.0,0.0,0.0,0.0,0.0,0.0,0.0,0.0,0.0,0.0,0.0,0.0,0.0,0.0,0.0,0.0,0.0,0.0,0.0,0.0,0.0,0.0,0.0,0.0,0.0,2.0,4.840000000000032,8.0,12.0,16.0,19.59999999999991,26.079999999999927,31.0,36.51999999999998,43.51999999999998,58.0,0.0,1000.3960784375668,1000.54509806633,1000.6352941393852,1000.7411764860153,1000.9215686321259,2000.392156869173,2000.7372549176216,3000.4235294163227,3000.611764729023,3001.0,170.46363830566406,178.1977996826172,183.1044677734375,186.8995819091797,190.20818328857422,193.50328063964844,196.9329620361328,201.162841796875,208.74412536621094,348.3221435546875,213.4929,0.0,test_data/Useful/Validation/rice-at-2-ft/20241108_085653_042.jpg,5666.0,24.0,63.5627805979638
47,0.0,0.0,0.0,0.0,0.0,0.0,0.0,0.0,0.0,0.0,0.0,0.0,0.0,0.0,0.0,0.0,0.0,0.0,0.0,0.0,0.0,0.0,0.0,0.0,0.0,0.0,0.0,0.0,0.0,0.0,0.0,0.0,0.0,0.0,0.0,0.0,0.0,0.0,0.0,0.0,0.0,0.0,0.0,0.0,0.0,0.0,0.0,0.0,0.0,0.0,0.0,0.0,0.0,0.0,0.0,0.0,0.0,0.0,0.0,0.0,0.0,0.0,0.0,0.0,0.0,0.0,0.0,0.0,0.0,0.0,0.0,0.0,0.0,0.0,0.0,0.0,0.0,0.0,0.0,0.0,0.0,0.0,0.0,0.0,0.0,0.0,0.0,0.0,0.0,0.0,0.0,5.160000000000082,10.32000000000005,15.0,21.59999999999991,26.039999999999964,34.0,39.51999999999998,45.51999999999998,66.0,0.0,1000.3882353007793,1000.5411764979362,1000.6313725709915,1000.7411764860153,1000.9176470637321,2000.3882353007793,2000.7490196228027,3000.4235294163227,3000.611764729023,3001.0,170.49981689453125,178.0908386230469,182.92776184082032,186.81669921875,190.17539978027344,193.40130004882812,196.89545135498045,201.14015197753906,208.67709350585938,348.31329345703125,213.35625,0.0,test_data/Useful/Validation/rice-at-2-ft/20241108_085653_043.jpg,5643.0,22.0,58.996228970141416
48,0.0,0.0,0.0,0.0,0.0,0.0,0.0,0.0,0.0,0.0,0.0,0.0,0.0,0.0,0.0,0.0,0.0,0.0,0.0,0.0,0.0,0.0,0.0,0.0,0.0,0.0,0.0,0.0,0.0,0.0,0.0,0.0,0.0,0.0,0.0,0.0,0.0,0.0,0.0,0.0,0.0,0.0,0.0,0.0,0.0,0.0,0.0,0.0,0.0,0.0,0.0,0.0,0.0,0.0,0.0,0.0,0.0,0.0,0.0,0.0,0.0,0.0,0.0,0.0,0.0,0.0,0.0,0.0,0.0,0.0,0.0,0.0,0.0,0.0,0.0,0.0,0.0,0.0,0.0,0.0,0.0,0.0,0.0,0.0,0.0,0.0,0.0,0.0,0.0,6.0,8.0,11.080000000000041,14.0,16.0,19.799999999999955,25.079999999999927,30.559999999999945,36.51999999999998,50.75999999999999,91.0,0.0,1000.3882353007793,1000.5411764979362,1000.6313725709915,1000.7411764860153,1000.9176470637321,2000.4000000059605,2000.7529411911964,3000.4235294163227,3000.611764729023,3001.0,170.49319458007812,178.20814514160156,183.02957153320312,186.91192626953125,190.30181884765625,193.54515991210937,196.96836853027344,201.15562438964844,208.77044677734375,348.2789306640625,213.55276,0.0,test_data/Useful/Validation/rice-at-2-ft/20241108_085653_044.jpg,5602.0,24.0,59.6542917323653
49,0.0,0.0,0.0,0.0,0.0,0.0,0.0,0.0,0.0,0.0,0.0,0.0,0.0,0.0,0.0,0.0,0.0,0.0,0.0,0.0,0.0,0.0,0.0,0.0,0.0,0.0,0.0,0.0,0.0,0.0,0.0,0.0,0.0,0.0,0.0,0.0,0.0,0.0,0.0,0.0,0.0,0.0,0.0,0.0,0.0,0.0,0.0,0.0,0.0,0.0,0.0,0.0,0.0,0.0,0.0,0.0,0.0,0.0,0.0,0.0,0.0,0.0,0.0,0.0,0.0,0.0,0.0,0.0,0.0,0.0,0.0,0.0,0.0,0.0,0.0,0.0,0.0,0.0,0.0,0.0,0.0,0.0,0.0,0.0,0.0,0.0,0.0,0.0,0.0,0.0,0.0,2.080000000000041,5.32000000000005,12.0,15.799999999999955,21.039999999999964,32.0,43.51999999999998,51.75999999999999,72.0,0.0,1000.3882353007793,1000.54509806633,1000.6431372761726,1000.7647058963776,1000.9568627476692,2000.486274510622,2000.878431379795,3000.447058826685,3000.6196078658104,3001.0,170.59944458007814,178.20709228515625,183.1098175048828,186.95919799804688,190.2949676513672,193.50497436523438,196.9276565551758,201.0897979736328,208.8148193359375,348.2437438964844,213.51624,0.0,test_data/Useful/Validation/rice-at-2-ft/20241108_085653_049.jpg,5443.0,21.0,65.50980279635314
50,0.0,0.0,0.0,0.0,0.0,0.0,0.0,0.0,0.0,0.0,0.0,0.0,0.0,0.0,0.0,0.0,0.0,0.0,0.0,0.0,0.0,0.0,0.0,0.0,0.0,0.0,0.0,0.0,0.0,0.0,0.0,0.0,0.0,0.0,0.0,0.0,0.0,0.0,0.0,0.0,0.0,0.0,0.0,0.0,0.0,0.0,0.0,0.0,0.0,0.0,0.0,0.0,0.0,0.0,0.0,0.0,0.0,0.0,0.0,0.0,0.0,0.0,0.0,0.0,0.0,0.0,0.0,0.0,0.0,0.0,0.0,0.0,0.0,0.0,0.0,0.0,0.0,0.0,0.0,0.0,0.0,0.0,0.0,0.0,0.0,0.0,2.0,5.1200000000000045,7.0,10.200000000000045,15.840000000000032,18.0,21.0,23.559999999999945,28.59999999999991,34.039999999999964,42.559999999999945,49.51999999999998,57.51999999999998,89.0,0.0,1000.3882353007793,1000.54509806633,1000.6431372761726,1000.7607843279839,1000.9529411792755,2000.4823529422283,2000.9372549057007,3000.4549019634724,3000.6196078658104,3001.0,170.5635223388672,178.33175659179688,183.2072509765625,187.0650207519531,190.4032974243164,193.63963317871094,197.07345581054688,201.31475830078125,208.9287567138672,348.177490234375,213.79129,0.0,test_data/Useful/Validation/rice-at-2-ft/20241108_085653_050.jpg,5358.0,32.0,62.1857630007713
51,0.0,0.0,0.0,0.0,0.0,0.0,0.0,0.0,0.0,0.0,0.0,0.0,0.0,0.0,0.0,0.0,0.0,0.0,0.0,0.0,0.0,0.0,0.0,0.0,0.0,0.0,0.0,0.0,0.0,0.0,0.0,0.0,0.0,0.0,0.0,0.0,0.0,0.0,0.0,0.0,0.0,0.0,0.0,0.0,0.0,0.0,0.0,0.0,0.0,0.0,0.0,0.0,0.0,0.0,0.0,0.0,0.0,0.0,0.0,0.0,0.0,0.0,0.0,0.0,0.0,0.0,0.0,0.0,0.0,0.0,0.0,0.0,0.0,0.0,0.0,0.0,0.0,0.0,0.0,0.0,0.0,0.0,0.0,0.0,0.0,0.0,0.0,0.0,0.0,3.0,4.840000000000032,8.080000000000041,13.6400000000001,18.559999999999945,24.0,31.0,35.559999999999945,44.51999999999998,59.039999999999964,78.0,0.0,1000.3882353007793,1000.54509806633,1000.6392157077789,1000.7607843279839,1000.9490196108818,2000.474509805441,2000.9686274528503,3000.4549019634724,3000.623529434204,3001.0,170.65015563964843,178.33782958984375,183.2388458251953,187.06390380859375,190.4271240234375,193.68898010253906,197.0386505126953,201.27027893066406,208.72857666015625,348.20733642578125,213.59602,0.0,test_data/Useful/Validation/rice-at-2-ft/20241108_085653_051.jpg,5429.0,24.0,56.6036667205388
52,0.0,0.0,0.0,0.0,0.0,0.0,0.0,0.0,0.0,0.0,0.0,0.0,0.0,0.0,0.0,0.0,0.0,0.0,0.0,0.0,0.0,0.0,0.0,0.0,0.0,0.0,0.0,0.0,0.0,0.0,0.0,0.0,0.0,0.0,0.0,0.0,0.0,0.0,0.0,0.0,0.0,0.0,0.0,0.0,0.0,0.0,0.0,0.0,0.0,0.0,0.0,0.0,0.0,0.0,0.0,0.0,0.0,0.0,0.0,0.0,0.0,0.0,0.0,0.0,0.0,0.0,0.0,0.0,0.0,0.0,0.0,0.0,0.0,0.0,0.0,0.0,0.0,0.0,0.0,0.0,0.0,0.0,0.0,0.0,0.0,0.0,0.0,2.0,3.3600000000000136,5.0,8.0,14.0,19.0,22.11999999999989,28.0,34.0,37.27999999999997,49.039999999999964,56.75999999999999,73.0,0.0,1000.3960784375668,1000.5490196347237,1000.6431372761726,1000.7607843279839,1000.9490196108818,2000.4784313738346,2001.0,3000.458823531866,3000.6196078658104,3001.0,170.7415771484375,178.52966918945313,183.4218734741211,187.21358642578124,190.54464721679688,193.78414916992188,197.2008056640625,201.40953063964844,209.0233612060547,348.1365661621094,213.86702,0.0,test_data/Useful/Validation/rice-at-2-ft/20241108_085653_052.jpg,5473.0,30.0,55.74541911590412
53,0.0,0.0,0.0,0.0,0.0,0.0,0.0,0.0,0.0,0.0,0.0,0.0,0.0,0.0,0.0,0.0,0.0,0.0,0.0,0.0,0.0,0.0,0.0,0.0,0.0,0.0,0.0,0.0,0.0,0.0,0.0,0.0,0.0,0.0,0.0,0.0,0.0,0.0,0.0,0.0,0.0,0.0,0.0,0.0,0.0,0.0,0.0,0.0,0.0,0.0,0.0,0.0,0.0,0.0,0.0,0.0,0.0,0.0,0.0,0.0,0.0,0.0,0.0,0.0,0.0,0.0,0.0,0.0,0.0,0.0,0.0,0.0,0.0,0.0,0.0,0.0,0.0,0.0,0.0,0.0,0.0,0.0,0.0,0.0,0.0,0.0,0.0,0.0,1.3600000000000136,3.0,5.0,9.080000000000041,12.32000000000005,20.559999999999945,26.0,33.07999999999993,40.0,46.039999999999964,53.75999999999999,84.0,0.0,1000.3882353007793,1000.54509806633,1000.6392157077789,1000.7529411911964,1000.9450980424881,2000.4784313738346,3000.023529412225,3000.46274510026,3000.623529434204,3001.0,170.57220153808595,178.20350646972656,183.16993865966796,186.9648010253906,190.37838745117188,193.57223510742188,197.01834106445312,201.2193145751953,208.81051635742188,348.16864013671875,213.72926,0.0,test_data/Useful/Validation/rice-at-2-ft/20241108_085653_053.jpg,5421.0,28.0,66.48352621852996
54,0.0,0.0,0.0,0.0,0.0,0.0,0.0,0.0,0.0,0.0,0.0,0.0,0.0,0.0,0.0,0.0,0.0,0.0,0.0,0.0,0.0,0.0,0.0,0.0,0.0,0.0,0.0,0.0,0.0,0.0,0.0,0.0,0.0,0.0,0.0,0.0,0.0,0.0,0.0,0.0,0.0,0.0,0.0,0.0,0.0,0.0,0.0,0.0,0.0,0.0,0.0,0.0,0.0,0.0,0.0,0.0,0.0,0.0,0.0,0.0,0.0,0.0,0.0,0.0,0.0,0.0,0.0,0.0,0.0,0.0,0.0,0.0,0.0,0.0,0.0,0.0,0.0,0.0,0.0,0.0,0.0,0.0,0.0,0.0,0.0,0.0,0.0,1.0,3.3600000000000136,5.600000000000023,9.0,12.0,15.0,17.559999999999945,23.0,28.039999999999964,35.0,40.039999999999964,47.75999999999999,82.0,0.0,1000.3960784375668,1000.5490196347237,1000.6431372761726,1000.7568627595901,1000.9490196108818,2000.4941176474094,3000.074509806931,3000.470588237047,3000.623529434204,3001.0,170.90475463867188,178.55389404296875,183.3311767578125,187.14574279785157,190.49395751953125,193.75372314453125,197.20407104492188,201.45018005371094,209.08560180664062,348.1278991699219,213.9111,0.0,test_data/Useful/Validation/rice-at-2-ft/20241108_085653_054.jpg,5451.0,24.0,54.73180130041628
55,0.0,0.0,0.0,0.0,0.0,0.0,0.0,0.0,0.0,0.0,0.0,0.0,0.0,0.0,0.0,0.0,0.0,0.0,0.0,0.0,0.0,0.0,0.0,0.0,0.0,0.0,0.0,0.0,0.0,0.0,0.0,0.0,0.0,0.0,0.0,0.0,0.0,0.0,0.0,0.0,0.0,0.0,0.0,0.0,0.0,0.0,0.0,0.0,0.0,0.0,0.0,0.0,0.0,0.0,0.0,0.0,0.0,0.0,0.0,0.0,0.0,0.0,0.0,0.0,0.0,0.0,0.0,0.0,0.0,0.0,0.0,0.0,0.0,0.0,0.0,0.0,0.0,0.0,0.0,0.0,0.0,0.0,0.0,0.0,0.39999999999997726,4.0,5.8799999999999955,8.0,10.0,15.0,17.0,18.08000000000004,23.0,27.559999999999945,30.0,36.0,41.27999999999997,47.0,53.75999999999999,82.0,0.0,1000.3960784375668,1000.5529412031174,1000.6431372761726,1000.7647058963776,1000.9607843160629,2000.5019608139992,3000.0666666701436,3000.470588237047,3000.623529434204,3001.0,170.826171875,178.42454528808594,183.3108932495117,187.1798828125,190.5689239501953,193.78836059570312,197.2509002685547,201.48223876953125,208.9923095703125,348.13836669921875,213.67715,0.0,test_data/Useful/Validation/rice-at-2-ft/20241108_085653_055.jpg,5384.0,36.0,62.13382476529361
56,0.0,0.0,0.0,0.0,0.0,0.0,0.0,0.0,0.0,0.0,0.0,0.0,0.0,0.0,0.0,0.0,0.0,0.0,0.0,0.0,0.0,0.0,0.0,0.0,0.0,0.0,0.0,0.0,0.0,0.0,0.0,0.0,0.0,0.0,0.0,0.0,0.0,0.0,0.0,0.0,0.0,0.0,0.0,0.0,0.0,0.0,0.0,0.0,0.0,0.0,0.0,0.0,0.0,0.0,0.0,0.0,0.0,0.0,0.0,0.0,0.0,0.0,0.0,0.0,0.0,0.0,0.0,0.0,0.0,0.0,0.0,0.0,0.0,0.0,0.0,0.0,0.0,0.0,0.0,0.0,0.0,0.0,0.0,0.0,0.0,0.0,0.0,1.1200000000000045,3.3600000000000136,5.0,9.520000000000095,13.080000000000041,17.0,20.559999999999945,27.0,30.039999999999964,34.0,37.51999999999998,46.0,70.0,0.0,1000.4588235318661,1000.5960784554482,1000.6823529601097,1000.7764706015587,2000.364705890417,2000.800000011921,3000.4274509847164,3000.6078431606293,3000.7137255072594,3001.0,170.21929931640625,177.87396240234375,182.72772979736328,186.59628295898438,190.05992889404297,193.34432067871094,196.84840393066406,201.27710266113283,209.45919799804688,348.2438659667969,214.65903,0.0,test_data/Useful/Validation/rice-at-2-ft/20241108_085653_089.jpg,5417.0,33.0,57.925668141219816
57,0.0,0.0,0.0,0.0,0.0,0.0,0.0,0.0,0.0,0.0,0.0,0.0,0.0,0.0,0.0,0.0,0.0,0.0,0.0,0.0,0.0,0.0,0.0,0.0,0.0,0.0,0.0,0.0,0.0,0.0,0.0,0.0,0.0,0.0,0.0,0.0,0.0,0.0,0.0,0.0,0.0,0.0,0.0,0.0,0.0,0.0,0.0,0.0,0.0,0.0,0.0,0.0,0.0,0.0,0.0,0.0,0.0,0.0,0.0,0.0,0.0,0.0,0.0,0.0,0.0,0.0,0.0,0.0,0.0,0.0,0.0,0.0,0.0,0.0,0.0,0.0,0.0,0.0,0.0,0.0,0.0,0.0,0.0,0.0,0.0,0.0,0.0,0.0,0.0,0.0,1.0,4.160000000000082,7.0,10.0,13.0,19.039999999999964,27.559999999999945,35.0,42.27999999999997,56.0,0.0,1000.4666666686535,1000.6039215922356,1000.6862745285034,1000.7803921699524,2000.32549020648,2000.8039215803146,3000.43137255311,3000.611764729023,3000.721568644047,3001.0,170.33023071289062,177.93093872070312,182.84170989990236,186.7098388671875,190.08615112304688,193.3916015625,196.8772735595703,201.21572875976562,209.40432739257812,348.28802490234375,214.78738,0.0,test_data/Useful/Validation/rice-at-2-ft/20241108_085653_090.jpg,5476.0,21.0,60.77116962181918
58,0.0,0.0,0.0,0.0,0.0,0.0,0.0,0.0,0.0,0.0,0.0,0.0,0.0,0.0,0.0,0.0,0.0,0.0,0.0,0.0,0.0,0.0,0.0,0.0,0.0,0.0,0.0,0.0,0.0,0.0,0.0,0.0,0.0,0.0,0.0,0.0,0.0,0.0,0.0,0.0,0.0,0.0,0.0,0.0,0.0,0.0,0.0,0.0,0.0,0.0,0.0,0.0,0.0,0.0,0.0,0.0,0.0,0.0,0.0,0.0,0.0,0.0,0.0,0.0,0.0,0.0,0.0,0.0,0.0,0.0,0.0,0.0,0.0,0.0,0.0,0.0,0.0,0.0,0.0,0.0,0.0,0.0,0.0,0.0,0.0,0.0,0.0,0.0,0.0,0.0,0.0,1.080000000000041,4.0,7.0,9.599999999999909,14.079999999999927,20.279999999999973,33.039999999999964,43.75999999999999,53.0,0.0,1000.4666666686535,1000.6039215922356,1000.6862745285034,1000.7764706015587,2000.3294117748737,2000.811764717102,3000.4392156898975,3000.6156862974167,3000.721568644047,3001.0,170.15377197265624,177.82049560546875,182.66976623535157,186.54779052734375,189.97779846191406,193.29527282714844,196.80084228515625,201.271484375,209.4208526611328,348.2992858886719,214.52646,0.0,test_data/Useful/Validation/rice-at-2-ft/20241108_085653_091.jpg,5478.0,19.0,63.135034713649674
59,0.0,0.0,0.0,0.0,0.0,0.0,0.0,0.0,0.0,0.0,0.0,0.0,0.0,0.0,0.0,0.0,0.0,0.0,0.0,0.0,0.0,0.0,0.0,0.0,0.0,0.0,0.0,0.0,0.0,0.0,0.0,0.0,0.0,0.0,0.0,0.0,0.0,0.0,0.0,0.0,0.0,0.0,0.0,0.0,0.0,0.0,0.0,0.0,0.0,0.0,0.0,0.0,0.0,0.0,0.0,0.0,0.0,0.0,0.0,0.0,0.0,0.0,0.0,0.0,0.0,0.0,0.0,0.0,0.0,0.0,0.0,0.0,0.0,0.0,0.0,0.0,0.0,0.0,0.0,0.0,0.0,0.0,0.0,0.0,0.0,0.0,1.8799999999999955,3.0,5.0,7.0,10.0,18.0,20.32000000000005,23.559999999999945,26.0,34.0,39.27999999999997,42.0,48.0,57.0,0.0,1000.4627451002598,1000.6000000238419,1000.6862745285034,1000.772549033165,2000.3058823645115,2000.800000011921,3000.4235294163227,3000.611764729023,3000.721568644047,3001.0,170.25652008056642,177.98472900390624,182.91663818359376,186.78712158203126,190.20745086669922,193.45806884765625,196.93687438964844,201.30067443847656,209.4355010986328,348.3087158203125,214.61273,0.0,test_data/Useful/Validation/rice-at-2-ft/20241108_085653_092.jpg,5566.0,32.0,54.23355864741118
60,0.0,0.0,0.0,0.0,0.0,0.0,0.0,0.0,0.0,0.0,0.0,0.0,0.0,0.0,0.0,0.0,0.0,0.0,0.0,0.0,0.0,0.0,0.0,0.0,0.0,0.0,0.0,0.0,0.0,0.0,0.0,0.0,0.0,0.0,0.0,0.0,0.0,0.0,0.0,0.0,0.0,0.0,0.0,0.0,0.0,0.0,0.0,0.0,0.0,0.0,0.0,0.0,0.0,0.0,0.0,0.0,0.0,0.0,0.0,0.0,0.0,0.0,0.0,0.0,0.0,0.0,0.0,0.0,0.0,0.0,0.0,0.0,0.0,0.0,0.0,0.0,0.0,0.0,0.0,0.0,0.0,0.0,0.0,0.0,0.0,0.0,0.0,0.0,0.0,0.0,1.0,5.0,11.32000000000005,14.0,19.0,22.039999999999964,25.279999999999973,31.0,44.039999999999964,59.0,0.0,1000.4627451002598,1000.6000000238419,1000.6862745285034,1000.7764706015587,2000.32549020648,2000.8078431487083,3000.435294121504,3000.6156862974167,3000.721568644047,3001.0,170.4570297241211,178.10237731933594,182.9869873046875,186.80166015625,190.1866455078125,193.49610900878906,196.95482788085937,201.34084472656252,209.35101318359375,348.29644775390625,214.73312,0.0,test_data/Useful/Validation/rice-at-2-ft/20241108_085653_093.jpg,5528.0,23.0,59.560155035220646
61,0.0,0.0,0.0,0.0,0.0,0.0,0.0,0.0,0.0,0.0,0.0,0.0,0.0,0.0,0.0,0.0,0.0,0.0,0.0,0.0,0.0,0.0,0.0,0.0,0.0,0.0,0.0,0.0,0.0,0.0,0.0,0.0,0.0,0.0,0.0,0.0,0.0,0.0,0.0,0.0,0.0,0.0,0.0,0.0,0.0,0.0,0.0,0.0,0.0,0.0,0.0,0.0,0.0,0.0,0.0,0.0,0.0,0.0,0.0,0.0,0.0,0.0,0.0,0.0,0.0,0.0,0.0,0.0,0.0,0.0,0.0,0.0,0.0,0.0,0.0,0.0,0.0,0.0,0.0,0.0,0.0,0.0,0.0,0.0,0.0,0.0,0.0,0.0,1.3600000000000136,3.0,7.840000000000032,11.0,15.0,19.0,25.59999999999991,29.039999999999964,34.559999999999945,42.51999999999998,48.0,63.0,0.0,1000.447058826685,1000.5960784554482,1000.6823529601097,1000.7686274647713,1000.9098039269447,2000.7764706015587,3000.3725490272045,3000.6078431606293,3000.729411780834,3001.0,170.22057342529297,177.97474365234376,182.87515563964843,186.67322692871093,190.0198745727539,193.26796264648436,196.728271484375,200.99038696289062,208.87655639648438,348.52130126953125,214.04059,0.0,test_data/Useful/Validation/rice-at-2-ft/20241108_085653_100.jpg,5488.0,31.0,64.08975252543624
62,0.0,0.0,0.0,0.0,0.0,0.0,0.0,0.0,0.0,0.0,0.0,0.0,0.0,0.0,0.0,0.0,0.0,0.0,0.0,0.0,0.0,0.0,0.0,0.0,0.0,0.0,0.0,0.0,0.0,0.0,0.0,0.0,0.0,0.0,0.0,0.0,0.0,0.0,0.0,0.0,0.0,0.0,0.0,0.0,0.0,0.0,0.0,0.0,0.0,0.0,0.0,0.0,0.0,0.0,0.0,0.0,0.0,0.0,0.0,0.0,0.0,0.0,0.0,0.0,0.0,0.0,0.0,0.0,0.0,0.0,0.0,0.0,0.0,0.0,0.0,0.0,0.0,0.0,0.0,0.0,0.0,0.0,0.0,0.0,0.0,0.0,0.0,0.0,0.0,0.0,1.0,3.080000000000041,8.0,9.559999999999945,15.199999999999818,19.039999999999964,26.839999999999918,33.07999999999993,40.75999999999999,68.0,0.0,1000.447058826685,1000.584313750267,1000.678431391716,1000.8039215803146,1000.8980392217636,2000.215686276555,2000.5529412031174,2000.784313738346,3000.5137255191803,3001.0,171.06614685058594,178.88125915527343,183.68739471435546,187.50269470214843,190.8993911743164,194.10098266601562,197.4998291015625,201.68004760742187,209.2576385498047,348.5116882324219,213.93852,0.0,test_data/Useful/Validation/rice-at-2-ft/20241108_085738_001.jpg,5417.0,21.0,62.87313283170322
63,0.0,0.0,0.0,0.0,0.0,0.0,0.0,0.0,0.0,0.0,0.0,0.0,0.0,0.0,0.0,0.0,0.0,0.0,0.0,0.0,0.0,0.0,0.0,0.0,0.0,0.0,0.0,0.0,0.0,0.0,0.0,0.0,0.0,0.0,0.0,0.0,0.0,0.0,0.0,0.0,0.0,0.0,0.0,0.0,0.0,0.0,0.0,0.0,0.0,0.0,0.0,0.0,0.0,0.0,0.0,0.0,0.0,0.0,0.0,0.0,0.0,0.0,0.0,0.0,0.0,0.0,0.0,0.0,0.0,0.0,0.0,0.0,0.0,0.0,0.0,0.0,0.0,0.0,0.0,0.0,0.0,0.0,0.0,0.0,0.0,0.0,0.0,0.0,0.0,2.0,4.840000000000032,8.0,10.32000000000005,14.559999999999945,20.59999999999991,23.0,26.559999999999945,35.559999999999945,43.75999999999999,87.0,0.0,1000.4313725531101,1000.5725490450859,1000.6705882549286,1000.7882353067398,1000.8901960849762,2000.1647058874369,2000.556862771511,2000.8039215803146,3000.5215686559677,3001.0,170.99042816162108,178.57903137207032,183.50141296386718,187.3373260498047,190.71634674072266,193.9558563232422,197.3581573486328,201.59828186035156,209.1466506958008,348.54498291015625,213.6981,0.0,test_data/Useful/Validation/rice-at-2-ft/20241108_085738_002.jpg,5414.0,25.0,66.19249036389247
64,0.0,0.0,0.0,0.0,0.0,0.0,0.0,0.0,0.0,0.0,0.0,0.0,0.0,0.0,0.0,0.0,0.0,0.0,0.0,0.0,0.0,0.0,0.0,0.0,0.0,0.0,0.0,0.0,0.0,0.0,0.0,0.0,0.0,0.0,0.0,0.0,0.0,0.0,0.0,0.0,0.0,0.0,0.0,0.0,0.0,0.0,0.0,0.0,0.0,0.0,0.0,0.0,0.0,0.0,0.0,0.0,0.0,0.0,0.0,0.0,0.0,0.0,0.0,0.0,0.0,0.0,0.0,0.0,0.0,0.0,0.0,0.0,0.0,0.0,0.0,0.0,0.0,0.0,0.0,0.0,0.0,0.0,0.0,0.0,0.0,0.0,0.0,0.0,0.36000000000001364,3.0,5.840000000000032,8.0,11.0,15.559999999999945,19.0,27.0,33.27999999999997,39.0,44.75999999999999,55.0,0.0,1000.4313725531101,1000.5725490450859,1000.6705882549286,1000.7921568751335,1000.8941176533699,2000.1921568661928,2000.5647059082985,2000.811764717102,3000.5215686559677,3001.0,171.09552001953125,178.75048828125,183.61453247070312,187.37855529785156,190.74365234375,193.9844543457031,197.4317169189453,201.58392333984375,209.13037109375,348.54132080078125,213.78363,0.0,test_data/Useful/Validation/rice-at-2-ft/20241108_085738_003.jpg,5485.0,26.0,57.42292669116739
65,0.0,0.0,0.0,0.0,0.0,0.0,0.0,0.0,0.0,0.0,0.0,0.0,0.0,0.0,0.0,0.0,0.0,0.0,0.0,0.0,0.0,0.0,0.0,0.0,0.0,0.0,0.0,0.0,0.0,0.0,0.0,0.0,0.0,0.0,0.0,0.0,0.0,0.0,0.0,0.0,0.0,0.0,0.0,0.0,0.0,0.0,0.0,0.0,0.0,0.0,0.0,0.0,0.0,0.0,0.0,0.0,0.0,0.0,0.0,0.0,0.0,0.0,0.0,0.0,0.0,0.0,0.0,0.0,0.0,0.0,0.0,0.0,0.0,0.0,0.0,0.0,0.0,0.0,0.0,0.0,0.0,0.0,0.0,0.0,0.0,0.0,0.0,0.0,0.0,0.0,0.0,0.0,4.0,5.0,14.399999999999864,20.079999999999927,27.0,38.51999999999998,47.039999999999964,60.0,0.0,1000.4352941215038,1000.5764706134796,1000.6705882549286,1000.7921568751335,1000.8941176533699,2000.1960784345865,2000.5647059082985,2000.8196078538895,3000.5254902243614,3001.0,170.97250518798828,178.60684814453126,183.5276657104492,187.3405792236328,190.66812133789062,193.89097900390624,197.29761657714843,201.50804138183594,209.07537841796875,348.55413818359375,213.76874,0.0,test_data/Useful/Validation/rice-at-2-ft/20241108_085738_004.jpg,5471.0,20.0,58.8084129474271
66,0.0,0.0,0.0,0.0,0.0,0.0,0.0,0.0,0.0,0.0,0.0,0.0,0.0,0.0,0.0,0.0,0.0,0.0,0.0,0.0,0.0,0.0,0.0,0.0,0.0,0.0,0.0,0.0,0.0,0.0,0.0,0.0,0.0,0.0,0.0,0.0,0.0,0.0,0.0,0.0,0.0,0.0,0.0,0.0,0.0,0.0,0.0,0.0,0.0,0.0,0.0,0.0,0.0,0.0,0.0,0.0,0.0,0.0,0.0,0.0,0.0,0.0,0.0,0.0,0.0,0.0,0.0,0.0,0.0,0.0,0.0,0.0,0.0,0.0,0.0,0.0,0.0,0.0,0.0,0.0,0.0,0.0,0.0,0.0,0.0,0.0,0.0,0.0,0.36000000000001364,2.0,4.840000000000032,9.080000000000041,11.32000000000005,13.559999999999945,19.799999999999955,24.11999999999989,31.279999999999973,38.0,48.799999999999955,67.0,0.0,1000.4352941215038,1000.5764706134796,1000.6745098233223,1000.7921568751335,1000.8941176533699,2000.215686276555,2000.5764706134796,2000.8352941274643,3000.533333361149,3001.0,170.9462860107422,178.52776794433595,183.3821228027344,187.18140563964843,190.6034927368164,193.79644775390625,197.192626953125,201.41160583496094,208.9149169921875,348.5779113769531,213.85513,0.0,test_data/Useful/Validation/rice-at-2-ft/20241108_085738_011.jpg,5433.0,27.0,59.45142690521408
67,0.0,0.0,0.0,0.0,0.0,0.0,0.0,0.0,0.0,0.0,0.0,0.0,0.0,0.0,0.0,0.0,0.0,0.0,0.0,0.0,0.0,0.0,0.0,0.0,0.0,0.0,0.0,0.0,0.0,0.0,0.0,0.0,0.0,0.0,0.0,0.0,0.0,0.0,0.0,0.0,0.0,0.0,0.0,0.0,0.0,0.0,0.0,0.0,0.0,0.0,0.0,0.0,0.0,0.0,0.0,0.0,0.0,0.0,0.0,0.0,0.0,0.0,0.0,0.0,0.0,0.0,0.0,0.0,0.0,0.0,0.0,0.0,0.0,0.0,0.0,0.0,0.0,0.0,0.0,0.0,0.0,0.0,0.0,0.0,0.0,0.0,0.0,0.12000000000000455,3.0,4.600000000000023,6.0,10.0,13.0,16.0,18.799999999999955,23.0,25.559999999999945,32.51999999999998,49.0,74.0,0.0,1000.4352941215038,1000.5764706134796,1000.6705882549286,1000.7921568751335,1000.8941176533699,2000.2000000029802,2000.5686274766922,2000.8274509906769,3000.529411792755,3001.0,170.8128204345703,178.56676330566407,183.4487335205078,187.28603820800782,190.6255111694336,193.84312133789064,197.22681274414063,201.44259643554688,208.95220947265625,348.5711364746094,213.50807,0.0,test_data/Useful/Validation/rice-at-2-ft/20241108_085738_012.jpg,5487.0,27.0,60.81739164038127
68,0.0,0.0,0.0,0.0,0.0,0.0,0.0,0.0,0.0,0.0,0.0,0.0,0.0,0.0,0.0,0.0,0.0,0.0,0.0,0.0,0.0,0.0,0.0,0.0,0.0,0.0,0.0,0.0,0.0,0.0,0.0,0.0,0.0,0.0,0.0,0.0,0.0,0.0,0.0,0.0,0.0,0.0,0.0,0.0,0.0,0.0,0.0,0.0,0.0,0.0,0.0,0.0,0.0,0.0,0.0,0.0,0.0,0.0,0.0,0.0,0.0,0.0,0.0,0.0,0.0,0.0,0.0,0.0,0.0,0.0,0.0,0.0,0.0,0.0,0.0,0.0,0.0,0.0,0.0,0.0,0.0,0.0,0.0,0.0,0.0,0.0,0.0,0.0,0.0,0.0,0.0,0.0,0.32000000000005,2.5599999999999454,5.7999999999999545,9.039999999999964,15.959999999999809,32.0,45.0,81.0,0.0,1000.4352941215038,1000.5764706134796,1000.6705882549286,1000.7921568751335,1000.8941176533699,2000.1960784345865,2000.5686274766922,2000.8196078538895,3000.529411792755,3001.0,170.86114349365235,178.62103271484375,183.4354248046875,187.2705841064453,190.6062469482422,193.83425903320312,197.19789123535156,201.38893127441406,208.95126342773438,348.5818786621094,213.72028,0.0,test_data/Useful/Validation/rice-at-2-ft/20241108_085738_013.jpg,5586.0,16.0,58.28723906110257
69,0.0,0.0,0.0,0.0,0.0,0.0,0.0,0.0,0.0,0.0,0.0,0.0,0.0,0.0,0.0,0.0,0.0,0.0,0.0,0.0,0.0,0.0,0.0,0.0,0.0,0.0,0.0,0.0,0.0,0.0,0.0,0.0,0.0,0.0,0.0,0.0,0.0,0.0,0.0,0.0,0.0,0.0,0.0,0.0,0.0,0.0,0.0,0.0,0.0,0.0,0.0,0.0,0.0,0.0,0.0,0.0,0.0,0.0,0.0,0.0,0.0,0.0,0.0,0.0,0.0,0.0,0.0,0.0,0.0,0.0,0.0,0.0,0.0,0.0,0.0,0.0,0.0,0.0,0.0,0.0,0.0,0.0,0.0,0.0,0.0,0.0,0.0,0.0,0.0,0.0,0.0,0.0,1.32000000000005,5.559999999999945,10.799999999999955,19.079999999999927,32.559999999999945,38.039999999999964,46.75999999999999,59.0,0.0,1000.4352941215038,1000.5764706134796,1000.6705882549286,1000.7882353067398,1000.8901960849762,2000.188235297799,2000.5647059082985,2000.8196078538895,3000.529411792755,3001.0,170.83914184570312,178.65142822265625,183.51712036132812,187.31082153320312,190.6441650390625,193.8973388671875,197.33851318359376,201.48260498046875,209.02024841308594,348.5708923339844,213.65775,0.0,test_data/Useful/Validation/rice-at-2-ft/20241108_085738_014.jpg,5579.0,22.0,58.47122062102594
70,0.0,0.0,0.0,0.0,0.0,0.0,0.0,0.0,0.0,0.0,0.0,0.0,0.0,0.0,0.0,0.0,0.0,0.0,0.0,0.0,0.0,0.0,0.0,0.0,0.0,0.0,0.0,0.0,0.0,0.0,0.0,0.0,0.0,0.0,0.0,0.0,0.0,0.0,0.0,0.0,0.0,0.0,0.0,0.0,0.0,0.0,0.0,0.0,0.0,0.0,0.0,0.0,0.0,0.0,0.0,0.0,0.0,0.0,0.0,0.0,0.0,0.0,0.0,0.0,0.0,0.0,0.0,0.0,0.0,0.0,0.0,0.0,0.0,0.0,0.0,0.0,0.0,0.0,0.0,0.0,0.0,0.0,0.0,0.0,0.0,0.0,0.0,0.0,0.0,0.0,0.0,0.0,0.32000000000005,4.0,7.7999999999999545,11.0,13.559999999999945,35.51999999999998,47.799999999999955,73.0,0.0,1000.4313725531101,1000.5725490450859,1000.6705882549286,1000.7882353067398,1000.8901960849762,2000.176470592618,2000.5607843399048,2000.800000011921,3000.5254902243614,3001.0,171.0241271972656,178.59467468261718,183.48858642578125,187.28514099121094,190.66177368164062,193.83905029296875,197.2354278564453,201.43994140625,209.05154418945312,348.54010009765625,213.6888,0.0,test_data/Useful/Validation/rice-at-2-ft/20241108_085738_015.jpg,5492.0,18.0,58.71703804916345
71,0.0,0.0,0.0,0.0,0.0,0.0,0.0,0.0,0.0,0.0,0.0,0.0,0.0,0.0,0.0,0.0,0.0,0.0,0.0,0.0,0.0,0.0,0.0,0.0,0.0,0.0,0.0,0.0,0.0,0.0,0.0,0.0,0.0,0.0,0.0,0.0,0.0,0.0,0.0,0.0,0.0,0.0,0.0,0.0,0.0,0.0,0.0,0.0,0.0,0.0,0.0,0.0,0.0,0.0,0.0,0.0,0.0,0.0,0.0,0.0,0.0,0.0,0.0,0.0,0.0,0.0,0.0,0.0,0.0,0.0,0.0,0.0,0.0,0.0,0.0,0.0,0.0,0.0,0.0,0.0,0.0,0.0,0.0,0.0,0.0,0.0,2.8799999999999955,4.0,7.0,8.600000000000023,12.0,14.0,17.6400000000001,23.559999999999945,26.0,33.0,35.27999999999997,43.51999999999998,50.27999999999997,81.0,0.0,1000.4313725531101,1000.5725490450859,1000.6588235497475,1000.7607843279839,1000.866666674614,1000.972549021244,2000.486274510622,2000.6980392336845,3000.4823529422283,3001.0,171.18788146972656,178.74856567382812,183.57577514648438,187.40390014648438,190.75743103027344,193.98818969726562,197.3709259033203,201.5742645263672,209.17771911621094,348.456298828125,213.83267,0.0,test_data/Useful/Validation/rice-at-2-ft/20241108_085738_022.jpg,5435.0,32.0,60.44367758818796
72,0.0,0.0,0.0,0.0,0.0,0.0,0.0,0.0,0.0,0.0,0.0,0.0,0.0,0.0,0.0,0.0,0.0,0.0,0.0,0.0,0.0,0.0,0.0,0.0,0.0,0.0,0.0,0.0,0.0,0.0,0.0,0.0,0.0,0.0,0.0,0.0,0.0,0.0,0.0,0.0,0.0,0.0,0.0,0.0,0.0,0.0,0.0,0.0,0.0,0.0,0.0,0.0,0.0,0.0,0.0,0.0,0.0,0.0,0.0,0.0,0.0,0.0,0.0,0.0,0.0,0.0,0.0,0.0,0.0,0.0,0.0,0.0,0.0,0.0,0.0,0.0,0.0,0.0,0.0,0.0,0.0,0.0,0.0,0.0,0.0,2.0,2.0,4.0,6.0,8.600000000000023,12.0,15.080000000000041,19.32000000000005,25.0,28.59999999999991,32.0,38.559999999999945,47.51999999999998,58.0,78.0,0.0,1000.4313725531101,1000.5686274766922,1000.6588235497475,1000.7568627595901,1000.8627451062202,1000.9607843160629,2000.4784313738346,2000.6901960968971,3000.470588237047,3001.0,171.14656677246094,178.8029022216797,183.7142791748047,187.54965209960938,190.92628479003906,194.1040802001953,197.53805541992188,201.7609405517578,209.244140625,348.4347839355469,214.07228,0.0,test_data/Useful/Validation/rice-at-2-ft/20241108_085738_023.jpg,5347.0,35.0,60.80986140442318
73,0.0,0.0,0.0,0.0,0.0,0.0,0.0,0.0,0.0,0.0,0.0,0.0,0.0,0.0,0.0,0.0,0.0,0.0,0.0,0.0,0.0,0.0,0.0,0.0,0.0,0.0,0.0,0.0,0.0,0.0,0.0,0.0,0.0,0.0,0.0,0.0,0.0,0.0,0.0,0.0,0.0,0.0,0.0,0.0,0.0,0.0,0.0,0.0,0.0,0.0,0.0,0.0,0.0,0.0,0.0,0.0,0.0,0.0,0.0,0.0,0.0,0.0,0.0,0.0,0.0,0.0,0.0,0.0,0.0,0.0,0.0,0.0,0.0,0.0,0.0,0.0,0.0,0.0,0.0,0.0,0.0,0.0,0.0,0.0,1.0,2.0,3.0,4.0,7.720000000000027,11.0,17.0,20.08000000000004,25.32000000000005,27.0,32.0,40.0,44.0,49.51999999999998,58.0,81.0,0.0,1000.4274509847164,1000.5686274766922,1000.6549019813538,1000.7490196228027,1000.8549019694328,1000.9450980424881,2000.4549019634724,2000.678431391716,3000.470588237047,3001.0,171.0738983154297,178.79550170898438,183.67864990234375,187.4903106689453,190.86029052734375,194.10247802734375,197.48074340820312,201.7227020263672,209.4447479248047,348.4261474609375,214.18887,0.0,test_data/Useful/Validation/rice-at-2-ft/20241108_085738_024.jpg,5340.0,38.0,58.36098225657736
74,0.0,0.0,0.0,0.0,0.0,0.0,0.0,0.0,0.0,0.0,0.0,0.0,0.0,0.0,0.0,0.0,0.0,0.0,0.0,0.0,0.0,0.0,0.0,0.0,0.0,0.0,0.0,0.0,0.0,0.0,0.0,0.0,0.0,0.0,0.0,0.0,0.0,0.0,0.0,0.0,0.0,0.0,0.0,0.0,0.0,0.0,0.0,0.0,0.0,0.0,0.0,0.0,0.0,0.0,0.0,0.0,0.0,0.0,0.0,0.0,0.0,0.0,0.0,0.0,0.0,0.0,0.0,0.0,0.0,0.0,0.0,0.0,0.0,0.0,0.0,0.0,0.0,0.0,0.0,0.0,0.0,0.0,0.0,0.0,0.0,1.0,4.0,7.0,9.0,10.600000000000023,12.0,14.0,18.32000000000005,22.0,25.799999999999955,33.0,38.0,44.51999999999998,49.51999999999998,83.0,0.0,1000.4313725531101,1000.5686274766922,1000.65098041296,1000.745098054409,1000.8509804010391,1000.9372549057007,2000.4274509847164,2000.6588235497475,3000.4274509847164,3001.0,171.45504760742188,179.08790588378906,183.97781219482422,187.76512756347657,191.12937927246094,194.3739807128906,197.79566192626953,201.9908905029297,209.580322265625,348.3670654296875,214.00952,0.0,test_data/Useful/Validation/rice-at-2-ft/20241108_085738_025.jpg,5402.0,33.0,60.3722200374555
75,0.0,0.0,0.0,0.0,0.0,0.0,0.0,0.0,0.0,0.0,0.0,0.0,0.0,0.0,0.0,0.0,0.0,0.0,0.0,0.0,0.0,0.0,0.0,0.0,0.0,0.0,0.0,0.0,0.0,0.0,0.0,0.0,0.0,0.0,0.0,0.0,0.0,0.0,0.0,0.0,0.0,0.0,0.0,0.0,0.0,0.0,0.0,0.0,0.0,0.0,0.0,0.0,0.0,0.0,0.0,0.0,0.0,0.0,0.0,0.0,0.0,0.0,0.0,0.0,0.0,0.0,0.0,0.0,0.0,0.0,0.0,0.0,0.0,0.0,0.0,0.0,0.0,0.0,0.0,0.0,0.0,0.0,0.0,0.0,1.0,3.0,5.0,8.120000000000005,11.0,14.0,19.520000000000095,21.08000000000004,26.32000000000005,29.0,33.0,37.039999999999964,43.27999999999997,50.0,58.51999999999998,87.0,0.0,1000.4274509847164,1000.5647059082985,1000.65098041296,1000.7411764860153,1000.8431372642517,1000.9294117689133,2000.4078431427479,2000.6549019813538,3000.403921574354,3001.0,171.3968048095703,178.98641967773438,183.83910064697267,187.6797332763672,191.04192352294922,194.29668579101562,197.70005798339844,201.91282653808594,209.589599609375,348.374755859375,214.14911,0.0,test_data/Useful/Validation/rice-at-2-ft/20241108_085738_026.jpg,5392.0,42.0,65.3399333238781
76,0.0,0.0,0.0,0.0,0.0,0.0,0.0,0.0,0.0,0.0,0.0,0.0,0.0,0.0,0.0,0.0,0.0,0.0,0.0,0.0,0.0,0.0,0.0,0.0,0.0,0.0,0.0,0.0,0.0,0.0,0.0,0.0,0.0,0.0,0.0,0.0,0.0,0.0,0.0,0.0,0.0,0.0,0.0,0.0,0.0,0.0,0.0,0.0,0.0,0.0,0.0,0.0,0.0,0.0,0.0,0.0,0.0,0.0,0.0,0.0,0.0,0.0,0.0,0.0,0.0,0.0,0.0,0.0,0.0,0.0,0.0,0.0,0.0,0.0,0.0,0.0,0.0,0.0,0.0,0.0,0.0,0.0,0.0,0.0,0.0,0.0,0.0,0.0,0.0,0.0,0.0,2.0,5.32000000000005,10.559999999999945,14.0,21.159999999999854,34.27999999999997,40.559999999999945,49.75999999999999,86.0,0.0,1000.3725490272045,1000.5254902243614,1000.6039215922356,1000.6627451181412,1000.7137255072594,2000.0117647061124,2000.5882353186607,2000.7803921699524,3000.600000023842,3001.0,168.77905731201173,176.40029296875,181.24893341064453,185.00179748535157,188.37188720703125,191.50108032226564,194.8448486328125,198.8891387939453,206.41192626953125,348.74237060546875,212.44281,0.0,test_data/Useful/Validation/rice-at-2-ft/20241108_085738_060.jpg,5226.0,23.0,56.145340947737594
77,0.0,0.0,0.0,0.0,0.0,0.0,0.0,0.0,0.0,0.0,0.0,0.0,0.0,0.0,0.0,0.0,0.0,0.0,0.0,0.0,0.0,0.0,0.0,0.0,0.0,0.0,0.0,0.0,0.0,0.0,0.0,0.0,0.0,0.0,0.0,0.0,0.0,0.0,0.0,0.0,0.0,0.0,0.0,0.0,0.0,0.0,0.0,0.0,0.0,0.0,0.0,0.0,0.0,0.0,0.0,0.0,0.0,0.0,0.0,0.0,0.0,0.0,0.0,0.0,0.0,0.0,0.0,0.0,0.0,0.0,0.0,0.0,0.0,0.0,0.0,0.0,0.0,0.0,0.0,0.0,0.0,0.0,0.0,0.0,0.0,0.0,0.0,0.0,0.0,1.0,4.680000000000064,9.0,11.0,15.559999999999945,18.0,26.039999999999964,30.11999999999989,38.559999999999945,47.0,70.0,0.0,1000.3764705955982,1000.5254902243614,1000.6039215922356,1000.6588235497475,1000.7098039388657,1000.8588235378265,2000.584313750267,2000.8313725590706,3000.6039215922356,3001.0,168.82930908203124,176.3871856689453,181.30983123779296,185.08497924804686,188.3944320678711,191.62274475097655,194.98750915527344,199.07683715820312,206.7111358642578,348.68768310546875,212.70117,0.0,test_data/Useful/Validation/rice-at-2-ft/20241108_085738_061.jpg,5277.0,26.0,63.23573976347997
78,0.0,0.0,0.0,0.0,0.0,0.0,0.0,0.0,0.0,0.0,0.0,0.0,0.0,0.0,0.0,0.0,0.0,0.0,0.0,0.0,0.0,0.0,0.0,0.0,0.0,0.0,0.0,0.0,0.0,0.0,0.0,0.0,0.0,0.0,0.0,0.0,0.0,0.0,0.0,0.0,0.0,0.0,0.0,0.0,0.0,0.0,0.0,0.0,0.0,0.0,0.0,0.0,0.0,0.0,0.0,0.0,0.0,0.0,0.0,0.0,0.0,0.0,0.0,0.0,0.0,0.0,0.0,0.0,0.0,0.0,0.0,0.0,0.0,0.0,0.0,0.0,0.0,0.0,0.0,0.0,0.0,0.0,0.0,0.0,0.0,0.0,0.0,0.0,0.0,0.0,2.840000000000032,4.080000000000041,7.6400000000001,11.0,13.0,21.0,28.0,34.039999999999964,46.75999999999999,95.0,0.0,1000.3725490272045,1000.5215686559677,1000.6000000238419,1000.6549019813538,1000.7098039388657,1000.8274509906769,2000.5921568870544,3000.1843137294054,3000.6156862974167,3001.0,168.5091278076172,175.97036437988282,180.83147277832032,184.65691528320312,187.9575958251953,191.13528442382812,194.50314331054688,198.5572052001953,206.0463088989258,348.8118896484375,212.30608,0.0,test_data/Useful/Validation/rice-at-2-ft/20241108_085738_062.jpg,5216.0,22.0,60.64420533036662
79,0.0,0.0,0.0,0.0,0.0,0.0,0.0,0.0,0.0,0.0,0.0,0.0,0.0,0.0,0.0,0.0,0.0,0.0,0.0,0.0,0.0,0.0,0.0,0.0,0.0,0.0,0.0,0.0,0.0,0.0,0.0,0.0,0.0,0.0,0.0,0.0,0.0,0.0,0.0,0.0,0.0,0.0,0.0,0.0,0.0,0.0,0.0,0.0,0.0,0.0,0.0,0.0,0.0,0.0,0.0,0.0,0.0,0.0,0.0,0.0,0.0,0.0,0.0,0.0,0.0,0.0,0.0,0.0,0.0,0.0,0.0,0.0,0.0,0.0,0.0,0.0,0.0,0.0,0.0,0.0,0.0,0.0,0.0,0.0,0.0,0.0,0.0,0.0,0.0,0.0,3.0,5.080000000000041,7.0,10.559999999999945,14.0,26.0,29.279999999999973,37.0,44.0,55.0,0.0,1000.3764705955982,1000.5215686559677,1000.6000000238419,1000.6549019813538,1000.705882370472,1000.8156862854958,2000.5960784554482,3000.2352941185236,3000.6196078658104,3001.0,168.48544158935547,176.118798828125,181.00242919921874,184.870361328125,188.16464233398438,191.3707702636719,194.69510192871093,198.71668395996093,206.44256591796875,348.7657470703125,212.6123,0.0,test_data/Useful/Validation/rice-at-2-ft/20241108_085738_063.jpg,5245.0,23.0,58.73693242521713
80,0.0,0.0,0.0,0.0,0.0,0.0,0.0,0.0,0.0,0.0,0.0,0.0,0.0,0.0,0.0,0.0,0.0,0.0,0.0,0.0,0.0,0.0,0.0,0.0,0.0,0.0,0.0,0.0,0.0,0.0,0.0,0.0,0.0,0.0,0.0,0.0,0.0,0.0,0.0,0.0,0.0,0.0,0.0,0.0,0.0,0.0,0.0,0.0,0.0,0.0,0.0,0.0,0.0,0.0,0.0,0.0,0.0,0.0,0.0,0.0,0.0,0.0,0.0,0.0,0.0,0.0,0.0,0.0,0.0,0.0,0.0,0.0,0.0,0.0,0.0,0.0,0.0,0.0,0.0,0.0,0.0,0.0,0.0,0.0,0.0,0.0,0.0,0.0,0.0,0.0,0.0,0.0,0.0,2.0,7.399999999999864,17.0,21.559999999999945,32.039999999999964,40.0,63.0,0.0,1000.3843137323856,1000.5254902243614,1000.5960784554482,1000.65098041296,1000.7019608020782,1000.7921568751335,2000.5921568870544,3000.2627451121807,3000.6196078658104,3001.0,168.53054809570312,176.1475372314453,181.01199340820312,184.80911254882812,188.1543426513672,191.3457763671875,194.71192321777343,198.87136840820312,206.60061645507812,348.75128173828125,212.57384,0.0,test_data/Useful/Validation/rice-at-2-ft/20241108_085738_064.jpg,5262.0,16.0,59.5784229484584
81,0.0,0.0,0.0,0.0,0.0,0.0,0.0,0.0,0.0,0.0,0.0,0.0,0.0,0.0,0.0,0.0,0.0,0.0,0.0,0.0,0.0,0.0,0.0,0.0,0.0,0.0,0.0,0.0,0.0,0.0,0.0,0.0,0.0,0.0,0.0,0.0,0.0,0.0,0.0,0.0,0.0,0.0,0.0,0.0,0.0,0.0,0.0,0.0,0.0,0.0,0.0,0.0,0.0,0.0,0.0,0.0,0.0,0.0,0.0,0.0,0.0,0.0,0.0,0.0,0.0,0.0,0.0,0.0,0.0,0.0,0.0,0.0,0.0,0.0,0.0,0.0,0.0,0.0,0.0,0.0,0.0,0.0,0.0,0.0,0.0,0.0,0.0,0.0,0.0,0.0,0.0,1.0,3.0,7.559999999999945,9.799999999999955,18.039999999999964,23.279999999999973,27.0,41.039999999999964,77.0,0.0,1000.4117647111416,1000.54509806633,1000.6156862974167,1000.6705882549286,1000.7176470756531,1000.839215695858,2000.6313725709915,3000.298039227724,3000.639215707779,3001.0,168.62008666992188,176.43657836914062,181.2638381958008,185.1056640625,188.426513671875,191.61497802734374,194.95267028808593,199.18173522949218,206.9246826171875,348.7530212402344,212.7612,0.0,test_data/Useful/Validation/rice-at-2-ft/20241108_085738_065.jpg,5307.0,17.0,56.89303553384505
82,0.0,0.0,0.0,0.0,0.0,0.0,0.0,0.0,0.0,0.0,0.0,0.0,0.0,0.0,0.0,0.0,0.0,0.0,0.0,0.0,0.0,0.0,0.0,0.0,0.0,0.0,0.0,0.0,0.0,0.0,0.0,0.0,0.0,0.0,0.0,0.0,0.0,0.0,0.0,0.0,0.0,0.0,0.0,0.0,0.0,0.0,0.0,0.0,0.0,0.0,0.0,0.0,0.0,0.0,0.0,0.0,0.0,0.0,0.0,0.0,0.0,0.0,0.0,0.0,0.0,0.0,0.0,0.0,0.0,0.0,0.0,0.0,0.0,0.0,0.0,0.0,0.0,0.0,0.0,0.0,0.0,0.0,0.0,0.0,0.0,0.0,0.0,0.0,0.0,0.0,4.840000000000032,12.080000000000041,23.32000000000005,33.23999999999978,38.59999999999991,49.07999999999993,58.27999999999997,65.55999999999995,77.0,105.0,0.0,1000.4823529422283,1000.5960784554482,1000.6627451181412,1000.7137255072594,1000.7647058963776,1000.9843137264252,2000.6823529601097,3000.4000000059605,3000.678431391716,3001.0,169.0011749267578,176.64344787597656,181.47964477539062,185.28143310546875,188.62969207763672,191.8522155761719,195.23599090576172,199.37789916992188,207.06600952148438,348.4515380859375,212.81155,0.0,test_data/Useful/Validation/rice-at-2-ft/20241108_085738_071.jpg,5004.0,23.0,59.54872458054671
83,0.0,0.0,0.0,0.0,0.0,0.0,0.0,0.0,0.0,0.0,0.0,0.0,0.0,0.0,0.0,0.0,0.0,0.0,0.0,0.0,0.0,0.0,0.0,0.0,0.0,0.0,0.0,0.0,0.0,0.0,0.0,0.0,0.0,0.0,0.0,0.0,0.0,0.0,0.0,0.0,0.0,0.0,0.0,0.0,0.0,0.0,0.0,0.0,0.0,0.0,0.0,0.0,0.0,0.0,0.0,0.0,0.0,0.0,0.0,0.0,0.0,0.0,0.0,0.0,0.0,0.0,0.0,0.0,0.0,0.0,0.0,0.0,0.0,0.0,0.0,0.0,0.0,0.0,0.0,0.0,0.0,0.0,0.0,0.0,0.0,0.0,2.0,3.1200000000000045,9.0,13.0,16.0,22.08000000000004,27.0,33.559999999999945,38.799999999999955,51.0,61.83999999999992,67.55999999999995,81.75999999999999,112.0,0.0,1000.486274510622,1000.6000000238419,1000.6627451181412,1000.7098039388657,1000.7647058963776,1000.9411764740944,2000.678431391716,3000.407843142748,3000.6823529601097,3001.0,168.86563720703126,176.43206481933595,181.34402465820312,185.1759490966797,188.50808715820312,191.74383544921875,195.1621856689453,199.37823486328125,207.16981506347656,348.34759521484375,212.97287,0.0,test_data/Useful/Validation/rice-at-2-ft/20241108_085738_072.jpg,4863.0,33.0,53.97885903312407
84,0.0,0.0,0.0,0.0,0.0,0.0,0.0,0.0,0.0,0.0,0.0,0.0,0.0,0.0,0.0,0.0,0.0,0.0,0.0,0.0,0.0,0.0,0.0,0.0,0.0,0.0,0.0,0.0,0.0,0.0,0.0,0.0,0.0,0.0,0.0,0.0,0.0,0.0,0.0,0.0,0.0,0.0,0.0,0.0,0.0,0.0,0.0,0.0,0.0,0.0,0.0,0.0,0.0,0.0,0.0,0.0,0.0,0.0,0.0,0.0,0.0,0.0,0.0,0.0,0.0,0.0,0.0,0.0,0.0,0.0,0.0,0.0,0.0,0.0,0.0,0.0,0.0,0.0,0.0,0.0,0.0,0.0,0.0,0.0,0.0,0.0,0.0,0.0,1.7200000000000273,8.200000000000045,13.0,22.08000000000004,29.32000000000005,36.559999999999945,41.799999999999955,51.159999999999854,64.55999999999995,78.51999999999998,90.03999999999996,103.0,0.0,1000.486274510622,1000.6000000238419,1000.6627451181412,1000.7137255072594,1000.7647058963776,1000.9294117689133,2000.6745098233223,3000.3882353007793,3000.678431391716,3001.0,168.86398315429688,176.4423370361328,181.31797790527344,185.17344970703124,188.54047393798828,191.83029174804688,195.26181030273438,199.53758239746094,207.19931030273438,348.2466125488281,212.97905,0.0,test_data/Useful/Validation/rice-at-2-ft/20241108_085738_073.jpg,4810.0,27.0,59.956201230083806
85,0.0,0.0,0.0,0.0,0.0,0.0,0.0,0.0,0.0,0.0,0.0,0.0,0.0,0.0,0.0,0.0,0.0,0.0,0.0,0.0,0.0,0.0,0.0,0.0,0.0,0.0,0.0,0.0,0.0,0.0,0.0,0.0,0.0,0.0,0.0,0.0,0.0,0.0,0.0,0.0,0.0,0.0,0.0,0.0,0.0,0.0,0.0,0.0,0.0,0.0,0.0,0.0,0.0,0.0,0.0,0.0,0.0,0.0,0.0,0.0,0.0,0.0,0.0,0.0,0.0,0.0,0.0,0.0,0.0,0.0,0.0,0.0,0.0,0.0,0.0,0.0,0.0,0.0,0.0,0.0,0.0,0.0,0.0,0.0,0.0,0.0,0.0,2.0,8.360000000000014,14.600000000000023,21.840000000000032,31.08000000000004,38.32000000000005,45.559999999999945,52.399999999999864,66.0,71.0,78.59999999999991,93.55999999999995,115.0,0.0,1000.4823529422283,1000.6000000238419,1000.6666666865349,1000.7176470756531,1000.772549033165,1000.9411764740944,2000.6627451181412,3000.298039227724,3000.6745098233223,3001.0,168.86972198486328,176.69374084472656,181.56216430664062,185.34085083007812,188.7004852294922,191.86474609375,195.2876434326172,199.4183349609375,207.11196899414062,348.13446044921875,212.72763,0.0,test_data/Useful/Validation/rice-at-2-ft/20241108_085738_074.jpg,4601.0,25.0,59.73335061876934
86,0.0,0.0,0.0,0.0,0.0,0.0,0.0,0.0,0.0,0.0,0.0,0.0,0.0,0.0,0.0,0.0,0.0,0.0,0.0,0.0,0.0,0.0,0.0,0.0,0.0,0.0,0.0,0.0,0.0,0.0,0.0,0.0,0.0,0.0,0.0,0.0,0.0,0.0,0.0,0.0,0.0,0.0,0.0,0.0,0.0,0.0,0.0,0.0,0.0,0.0,0.0,0.0,0.0,0.0,0.0,0.0,0.0,0.0,0.0,0.0,0.0,0.0,0.0,0.0,0.0,0.0,0.0,0.0,0.0,0.0,0.0,0.0,0.0,0.0,0.0,0.0,0.0,0.0,0.0,0.0,0.0,0.0,0.0,0.0,0.39999999999997726,3.0,4.0,12.120000000000005,18.720000000000027,22.0,25.840000000000032,36.08000000000004,44.32000000000005,49.559999999999945,58.399999999999864,67.07999999999993,74.27999999999997,78.03999999999996,89.51999999999998,111.0,0.0,1000.4823529422283,1000.6000000238419,1000.6627451181412,1000.7137255072594,1000.7686274647713,1000.9019607901573,2000.639215707779,3000.1803921610117,3000.666666686535,3001.0,169.24163818359375,176.93881225585938,181.8634506225586,185.65262451171876,188.9523468017578,192.178466796875,195.49404907226562,199.68673706054688,207.19679260253906,348.0474853515625,212.71089,0.0,test_data/Useful/Validation/rice-at-2-ft/20241108_085738_075.jpg,4561.0,31.0,64.22180300418007
87,0.0,0.0,0.0,0.0,0.0,0.0,0.0,0.0,0.0,0.0,0.0,0.0,0.0,0.0,0.0,0.0,0.0,0.0,0.0,0.0,0.0,0.0,0.0,0.0,0.0,0.0,0.0,0.0,0.0,0.0,0.0,0.0,0.0,0.0,0.0,0.0,0.0,0.0,0.0,0.0,0.0,0.0,0.0,0.0,0.0,0.0,0.0,0.0,0.0,0.0,0.0,0.0,0.0,0.0,0.0,0.0,0.0,0.0,0.0,0.0,0.0,0.0,0.0,0.0,0.0,0.0,0.0,0.0,0.0,0.0,0.0,0.0,0.0,0.0,0.0,0.0,0.0,0.0,0.0,0.0,0.0,0.0,4.0,7.159999999999968,10.0,13.0,17.75999999999999,21.120000000000005,26.0,33.60000000000002,39.0,48.0,54.6400000000001,59.559999999999945,66.59999999999991,71.03999999999996,75.55999999999995,81.51999999999998,91.03999999999996,124.0,0.0,1000.4901960790157,1000.6039215922356,1000.6666666865349,1000.7176470756531,1000.772549033165,1000.9137254953384,2000.6274510025978,2000.839215695858,3000.662745118141,3001.0,169.44654846191406,177.09923400878907,182.02305603027344,185.87676391601562,189.24998474121094,192.46005249023438,195.85922241210938,200.05821228027344,207.67640686035156,347.73431396484375,213.04628,0.0,test_data/Useful/Validation/rice-at-2-ft/20241108_085738_076.jpg,4434.0,38.0,58.97353867025419
88,0.0,0.0,0.0,0.0,0.0,0.0,0.0,0.0,0.0,0.0,0.0,0.0,0.0,0.0,0.0,0.0,0.0,0.0,0.0,0.0,0.0,0.0,0.0,0.0,0.0,0.0,0.0,0.0,0.0,0.0,0.0,0.0,0.0,0.0,0.0,0.0,0.0,0.0,0.0,0.0,0.0,0.0,0.0,0.0,0.0,0.0,0.0,0.0,0.0,0.0,0.0,0.0,0.0,0.0,0.0,0.0,0.0,0.0,0.0,0.0,0.0,0.0,0.0,0.0,0.0,0.0,0.0,0.0,0.0,0.0,0.0,0.0,0.0,0.0,0.0,3.0,5.0,9.0,14.0,19.40000000000009,24.440000000000055,28.3599999999999,31.91999999999996,36.0,40.39999999999998,42.0,48.0,49.0,51.360000000000014,54.60000000000002,57.84000000000003,62.16000000000008,67.0,70.55999999999995,76.79999999999995,81.03999999999996,85.27999999999997,89.0,96.51999999999998,112.0,0.0,1000.4313725531101,1000.5568627715111,1000.6313725709915,1000.6862745285034,1000.7490196228027,1000.8627451062202,2000.3607843220234,2000.6705882549286,3000.5529412031174,3001.0,171.40184326171874,179.17613525390624,184.01205444335938,187.86016845703125,191.18356323242188,194.3553466796875,197.72047424316406,201.8275146484375,209.05838012695312,346.9953918457031,213.6383,0.0,test_data/Useful/Validation/rice-at-2-ft/20241108_085738_082.jpg,3947.0,57.0,57.78493807860707
89,0.0,0.0,0.0,0.0,0.0,0.0,0.0,0.0,0.0,0.0,0.0,0.0,0.0,0.0,0.0,0.0,0.0,0.0,0.0,0.0,0.0,0.0,0.0,0.0,0.0,0.0,0.0,0.0,0.0,0.0,0.0,0.0,0.0,0.0,0.0,0.0,0.0,0.0,0.0,0.0,0.0,0.0,0.0,0.0,0.0,0.0,0.0,0.0,0.0,0.0,0.0,0.0,0.0,0.0,0.0,0.0,0.0,0.0,0.0,0.0,0.0,0.0,0.0,0.0,0.0,0.0,0.0,0.0,0.0,0.0,0.0,0.0,0.0,0.0,1.0,2.0,3.480000000000018,7.0,14.0,19.200000000000045,23.440000000000055,25.0,28.0,31.319999999999936,34.39999999999998,38.639999999999986,41.0,44.120000000000005,46.0,49.60000000000002,51.0,57.0,59.32000000000005,62.0,68.0,73.0,78.0,84.51999999999998,92.51999999999998,116.0,0.0,1000.419607847929,1000.5490196347237,1000.6274510025978,1000.6823529601097,1000.7490196228027,1000.8588235378265,2000.286274522543,2000.65098041296,3000.5215686559677,3001.0,171.98705291748047,179.61679382324218,184.4432357788086,188.22213745117188,191.62518310546875,194.85665893554688,198.13536071777344,202.2427490234375,209.52182006835938,347.0130615234375,213.98375,0.0,test_data/Useful/Validation/rice-at-2-ft/20241108_085738_083.jpg,3919.0,64.0,58.03364683667261
90,0.0,0.0,0.0,0.0,0.0,0.0,0.0,0.0,0.0,0.0,0.0,0.0,0.0,0.0,0.0,0.0,0.0,0.0,0.0,0.0,0.0,0.0,0.0,0.0,0.0,0.0,0.0,0.0,0.0,0.0,0.0,0.0,0.0,0.0,0.0,0.0,0.0,0.0,0.0,0.0,0.0,0.0,0.0,0.0,0.0,0.0,0.0,0.0,0.0,0.0,0.0,0.0,0.0,0.0,0.0,0.0,0.0,0.0,0.0,0.0,0.0,0.0,0.0,0.0,0.0,0.0,0.0,0.0,0.0,0.0,0.0,0.0,0.0,2.519999999999982,8.0,11.240000000000009,14.0,18.0,20.0,23.0,26.0,30.3599999999999,33.0,36.0,38.39999999999998,40.639999999999986,44.879999999999995,48.0,49.360000000000014,51.60000000000002,53.0,55.16000000000008,58.0,64.55999999999995,67.79999999999995,70.03999999999996,74.11999999999989,83.51999999999998,88.51999999999998,100.0,0.0,1000.4156862795353,1000.5490196347237,1000.6235294342041,1000.6823529601097,1000.7490196228027,1000.8588235378265,2000.2470588237047,2000.6431372761726,3000.5137255191803,3001.0,171.94711303710938,179.7029998779297,184.57806549072265,188.4606719970703,191.81155395507812,195.04669799804688,198.41182556152344,202.517822265625,209.6274826049805,347.06060791015625,213.94669,0.0,test_data/Useful/Validation/rice-at-2-ft/20241108_085738_084.jpg,3830.0,70.0,56.294669390609904
91,0.0,0.0,0.0,0.0,0.0,0.0,0.0,0.0,0.0,0.0,0.0,0.0,0.0,0.0,0.0,0.0,0.0,0.0,0.0,0.0,0.0,0.0,0.0,0.0,0.0,0.0,0.0,0.0,0.0,0.0,0.0,0.0,0.0,0.0,0.0,0.0,0.0,0.0,0.0,0.0,0.0,0.0,0.0,0.0,0.0,0.0,0.0,0.0,0.0,0.0,0.0,0.0,0.0,0.0,0.0,0.0,0.0,0.0,0.0,0.0,0.0,0.0,0.0,0.0,0.0,0.0,0.0,0.0,0.0,0.0,1.0,2.2799999999999727,5.0,6.759999999999991,10.0,12.240000000000009,15.480000000000018,18.0,19.0,22.0,26.0,28.67999999999995,33.0,34.15999999999997,37.0,40.0,41.879999999999995,44.0,47.360000000000014,49.60000000000002,51.84000000000003,54.0,56.32000000000005,59.559999999999945,64.0,65.03999999999996,71.0,76.51999999999998,79.75999999999999,110.0,0.0,1000.4117647111416,1000.54509806633,1000.6235294342041,1000.6823529601097,1000.7529411911964,1000.8588235378265,2000.1607843190432,2000.639215707779,3000.498039215803,3001.0,172.53926544189454,180.21304321289062,185.0449432373047,188.9237060546875,192.2406234741211,195.40666809082032,198.6761672973633,202.7447509765625,209.62285461425782,347.17889404296875,213.69078,0.0,test_data/Useful/Validation/rice-at-2-ft/20241108_085738_085.jpg,3841.0,75.0,63.726962583707966
92,0.0,0.0,0.0,0.0,0.0,0.0,0.0,0.0,0.0,0.0,0.0,0.0,0.0,0.0,0.0,0.0,0.0,0.0,0.0,0.0,0.0,0.0,0.0,0.0,0.0,0.0,0.0,0.0,0.0,0.0,0.0,0.0,0.0,0.0,0.0,0.0,0.0,0.0,0.0,0.0,0.0,0.0,0.0,0.0,0.0,0.0,0.0,0.0,0.0,0.0,0.0,0.0,0.0,0.0,0.0,0.0,0.0,0.0,0.0,0.0,0.0,0.0,0.0,0.0,0.0,0.0,0.0,0.0,0.0,0.0,0.0,0.0,0.0,3.0,7.0,9.0,11.480000000000018,13.720000000000027,16.960000000000036,21.0,22.0,25.0,28.0,31.159999999999968,33.39999999999998,37.0,38.0,40.0,42.0,45.0,48.0,51.0,53.32000000000005,56.0,59.799999999999955,67.0,77.27999999999997,82.0,85.75999999999999,101.0,0.0,1000.4156862795353,1000.5490196347237,1000.6274510025978,1000.6862745285034,1000.7529411911964,1000.8588235378265,2000.149019613862,2000.6313725709915,3000.4666666686535,3001.0,172.5479263305664,180.21727905273437,185.1296127319336,188.91675720214843,192.2003173828125,195.32760620117188,198.6832473754883,202.80550842285157,209.80166625976562,347.1925354003906,214.1816,0.0,test_data/Useful/Validation/rice-at-2-ft/20241108_085738_086.jpg,3918.0,71.0,60.39677754139312
93,0.0,0.0,0.0,0.0,0.0,0.0,0.0,0.0,0.0,0.0,0.0,0.0,0.0,0.0,0.0,0.0,0.0,0.0,0.0,0.0,0.0,0.0,0.0,0.0,0.0,0.0,0.0,0.0,0.0,0.0,0.0,0.0,0.0,0.0,0.0,0.0,0.0,0.0,0.0,0.0,0.0,0.0,0.0,0.0,0.0,0.0,0.0,0.0,0.0,0.0,0.0,0.0,0.0,0.0,0.0,0.0,0.0,0.0,0.0,0.0,0.0,0.0,0.0,0.0,0.0,0.0,0.0,0.0,0.0,0.0,0.0,0.0,0.0,2.0,5.0,7.0,9.0,13.0,16.960000000000036,20.0,21.440000000000055,24.0,25.0,29.0,32.0,33.639999999999986,35.879999999999995,37.24000000000001,41.360000000000014,44.0,47.84000000000003,50.0,53.0,55.559999999999945,62.0,67.0,70.27999999999997,77.03999999999996,85.75999999999999,94.0,0.0,1000.419607847929,1000.5529412031174,1000.6313725709915,1000.6901960968971,1000.7607843279839,1000.866666674614,2000.1725490242243,2000.6313725709915,3000.4509803950787,3001.0,172.88267517089844,180.49440307617186,185.38567504882812,189.17743835449218,192.4863739013672,195.66038513183594,199.0003662109375,203.01339721679688,209.96310424804688,347.24737548828125,214.01324,0.0,test_data/Useful/Validation/rice-at-2-ft/20241108_085738_087.jpg,3954.0,77.0,61.84717285947702
94,0.0,0.0,0.0,0.0,0.0,0.0,0.0,0.0,0.0,0.0,0.0,0.0,0.0,0.0,0.0,0.0,0.0,0.0,0.0,0.0,0.0,0.0,0.0,0.0,0.0,0.0,0.0,0.0,0.0,0.0,0.0,0.0,0.0,0.0,0.0,0.0,0.0,0.0,0.0,0.0,0.0,0.0,0.0,0.0,0.0,0.0,0.0,0.0,0.0,0.0,0.0,0.0,0.0,0.0,0.0,0.0,0.0,0.0,0.0,0.0,0.0,0.0,0.0,0.0,0.0,0.0,0.0,0.0,0.0,0.0,0.0,0.0,0.0,0.0,0.0,0.0,0.0,0.0,0.0,0.0,0.0,0.0,0.0,0.0,0.0,0.0,0.0,0.0,0.0,0.0,1.0,4.0,8.32000000000005,10.559999999999945,16.799999999999955,21.039999999999964,29.279999999999973,42.039999999999964,51.27999999999997,72.0,0.0,1000.3372549116611,1000.4823529422283,1000.5647059082985,1000.6235294342041,1000.678431391716,1000.7529411911964,1000.8980392217636,2000.3411764800549,2000.6745098233223,3001.0,170.58795623779298,178.2439392089844,183.13124237060546,187.01135864257813,190.45230865478516,193.70252075195313,197.1750274658203,201.48187255859375,209.19349670410156,348.27099609375,214.02206,0.0,test_data/Useful/Validation/rice-at-2-ft/20241108_085836_021.jpg,5575.0,20.0,63.55195548220348
95,0.0,0.0,0.0,0.0,0.0,0.0,0.0,0.0,0.0,0.0,0.0,0.0,0.0,0.0,0.0,0.0,0.0,0.0,0.0,0.0,0.0,0.0,0.0,0.0,0.0,0.0,0.0,0.0,0.0,0.0,0.0,0.0,0.0,0.0,0.0,0.0,0.0,0.0,0.0,0.0,0.0,0.0,0.0,0.0,0.0,0.0,0.0,0.0,0.0,0.0,0.0,0.0,0.0,0.0,0.0,0.0,0.0,0.0,0.0,0.0,0.0,0.0,0.0,0.0,0.0,0.0,0.0,0.0,0.0,0.0,0.0,0.0,0.0,0.0,0.0,0.0,0.0,0.0,0.0,0.0,0.0,0.0,0.0,0.0,0.0,0.0,0.0,1.0,3.0,3.0,5.840000000000032,10.0,14.32000000000005,19.559999999999945,24.799999999999955,30.0,34.0,41.0,49.27999999999997,89.0,0.0,1000.3372549116611,1000.486274510622,1000.5686274766922,1000.6274510025978,1000.6823529601097,1000.7607843279839,1000.9098039269447,2000.3882353007793,2000.6901960968971,3001.0,170.66876220703125,178.3670196533203,183.2692626953125,187.10965881347656,190.50741577148438,193.76531982421875,197.2364501953125,201.51612854003906,209.29795837402344,348.24114990234375,213.89966,0.0,test_data/Useful/Validation/rice-at-2-ft/20241108_085836_022.jpg,5519.0,30.0,58.14505293050096
96,0.0,0.0,0.0,0.0,0.0,0.0,0.0,0.0,0.0,0.0,0.0,0.0,0.0,0.0,0.0,0.0,0.0,0.0,0.0,0.0,0.0,0.0,0.0,0.0,0.0,0.0,0.0,0.0,0.0,0.0,0.0,0.0,0.0,0.0,0.0,0.0,0.0,0.0,0.0,0.0,0.0,0.0,0.0,0.0,0.0,0.0,0.0,0.0,0.0,0.0,0.0,0.0,0.0,0.0,0.0,0.0,0.0,0.0,0.0,0.0,0.0,0.0,0.0,0.0,0.0,0.0,0.0,0.0,0.0,0.0,0.0,0.0,0.0,0.0,0.0,0.0,0.0,0.0,0.0,0.0,0.0,0.0,0.0,0.0,0.0,0.0,0.0,0.0,3.0,5.0,6.840000000000032,8.0,13.6400000000001,18.559999999999945,20.799999999999955,29.0,36.0,41.039999999999964,48.75999999999999,71.0,0.0,1000.3372549116611,1000.486274510622,1000.5686274766922,1000.6313725709915,1000.6862745285034,1000.772549033165,1000.9215686321259,2000.4117647111416,2000.6941176652908,3001.0,170.35369873046875,178.1600799560547,183.13597106933594,187.03103637695312,190.4221954345703,193.7066192626953,197.1800079345703,201.47282714843752,209.37173461914062,348.2574157714844,214.04614,0.0,test_data/Useful/Validation/rice-at-2-ft/20241108_085836_023.jpg,5544.0,28.0,59.0840538351339
97,0.0,0.0,0.0,0.0,0.0,0.0,0.0,0.0,0.0,0.0,0.0,0.0,0.0,0.0,0.0,0.0,0.0,0.0,0.0,0.0,0.0,0.0,0.0,0.0,0.0,0.0,0.0,0.0,0.0,0.0,0.0,0.0,0.0,0.0,0.0,0.0,0.0,0.0,0.0,0.0,0.0,0.0,0.0,0.0,0.0,0.0,0.0,0.0,0.0,0.0,0.0,0.0,0.0,0.0,0.0,0.0,0.0,0.0,0.0,0.0,0.0,0.0,0.0,0.0,0.0,0.0,0.0,0.0,0.0,0.0,0.0,0.0,0.0,0.0,0.0,0.0,0.0,0.0,0.0,0.0,0.0,0.0,0.0,0.0,0.0,0.0,0.0,0.0,3.0,5.600000000000023,9.840000000000032,13.0,14.32000000000005,20.0,24.799999999999955,27.0,36.559999999999945,45.0,53.799999999999955,68.0,0.0,1000.3372549116611,1000.4901960790157,1000.5686274766922,1000.6313725709915,1000.6862745285034,1000.772549033165,1000.9215686321259,2000.4039215743542,2000.6980392336845,3001.0,170.693310546875,178.36993408203125,183.21408081054688,187.0521240234375,190.511474609375,193.7726593017578,197.31361389160156,201.66293334960938,209.4241943359375,348.231689453125,213.94402,0.0,test_data/Useful/Validation/rice-at-2-ft/20241108_085836_024.jpg,5482.0,29.0,60.98048684574374
98,0.0,0.0,0.0,0.0,0.0,0.0,0.0,0.0,0.0,0.0,0.0,0.0,0.0,0.0,0.0,0.0,0.0,0.0,0.0,0.0,0.0,0.0,0.0,0.0,0.0,0.0,0.0,0.0,0.0,0.0,0.0,0.0,0.0,0.0,0.0,0.0,0.0,0.0,0.0,0.0,0.0,0.0,0.0,0.0,0.0,0.0,0.0,0.0,0.0,0.0,0.0,0.0,0.0,0.0,0.0,0.0,0.0,0.0,0.0,0.0,0.0,0.0,0.0,0.0,0.0,0.0,0.0,0.0,0.0,0.0,0.0,0.0,0.0,0.0,0.0,0.0,0.0,0.0,0.0,0.0,0.0,0.0,0.0,0.0,0.0,0.0,0.0,1.0,3.3600000000000136,7.0,9.840000000000032,16.08000000000004,19.0,23.559999999999945,25.799999999999955,31.039999999999964,36.27999999999997,46.51999999999998,50.0,83.0,0.0,1000.3411764800549,1000.4901960790157,1000.5725490450859,1000.6352941393852,1000.6901960968971,1000.7803921699524,1000.9372549057007,2000.4274509847164,2000.7019608020782,3001.0,170.75843811035156,178.400146484375,183.28185272216797,187.1753692626953,190.59597778320312,193.8858642578125,197.32240295410156,201.60142517089844,209.33010864257812,348.23236083984375,213.95596,0.0,test_data/Useful/Validation/rice-at-2-ft/20241108_085836_025.jpg,5528.0,33.0,60.54358631648194
99,0.0,0.0,0.0,0.0,0.0,0.0,0.0,0.0,0.0,0.0,0.0,0.0,0.0,0.0,0.0,0.0,0.0,0.0,0.0,0.0,0.0,0.0,0.0,0.0,0.0,0.0,0.0,0.0,0.0,0.0,0.0,0.0,0.0,0.0,0.0,0.0,0.0,0.0,0.0,0.0,0.0,0.0,0.0,0.0,0.0,0.0,0.0,0.0,0.0,0.0,0.0,0.0,0.0,0.0,0.0,0.0,0.0,0.0,0.0,0.0,0.0,0.0,0.0,0.0,0.0,0.0,0.0,0.0,0.0,0.0,0.0,0.0,0.0,0.0,0.0,0.0,0.0,0.0,0.0,0.0,0.0,0.0,0.0,0.0,0.0,0.0,0.0,0.0,0.0,0.0,1.0,3.080000000000041,6.32000000000005,11.11999999999989,17.799999999999955,25.0,30.279999999999973,36.0,51.75999999999999,81.0,0.0,1000.3450980484486,1000.4941176474094,1000.5803921818733,1000.6392157077789,1000.6980392336845,1000.8039215803146,1000.9647058844566,2000.4627451002598,2000.7098039388657,3001.0,170.67169189453125,178.49163818359375,183.3513397216797,187.25654907226564,190.61781311035156,193.8602325439453,197.31966094970704,201.58941650390625,209.1732940673828,348.33270263671875,213.64575,0.0,test_data/Useful/Validation/rice-at-2-ft/20241108_085836_032.jpg,5526.0,22.0,57.133170834851725
100,0.0,0.0,0.0,0.0,0.0,0.0,0.0,0.0,0.0,0.0,0.0,0.0,0.0,0.0,0.0,0.0,0.0,0.0,0.0,0.0,0.0,0.0,0.0,0.0,0.0,0.0,0.0,0.0,0.0,0.0,0.0,0.0,0.0,0.0,0.0,0.0,0.0,0.0,0.0,0.0,0.0,0.0,0.0,0.0,0.0,0.0,0.0,0.0,0.0,0.0,0.0,0.0,0.0,0.0,0.0,0.0,0.0,0.0,0.0,0.0,0.0,0.0,0.0,0.0,0.0,0.0,0.0,0.0,0.0,0.0,0.0,0.0,0.0,0.0,0.0,0.0,0.0,0.0,0.0,0.0,0.0,0.0,0.0,0.0,0.0,0.0,0.0,0.0,0.0,0.0,2.840000000000032,6.0,9.0,13.0,18.799999999999955,26.0,34.0,45.559999999999945,61.51999999999998,79.0,0.0,1000.3450980484486,1000.4941176474094,1000.5764706134796,1000.6392157077789,1000.6980392336845,1000.7960784435272,1000.9568627476692,2000.4549019634724,2000.7098039388657,3001.0,171.0314971923828,178.65645446777344,183.56671142578125,187.43545532226562,190.80575561523438,194.10447692871094,197.50906372070312,201.7205810546875,209.31822204589844,348.2822265625,213.82101,0.0,test_data/Useful/Validation/rice-at-2-ft/20241108_085836_033.jpg,5527.0,25.0,59.376858524285645
101,0.0,0.0,0.0,0.0,0.0,0.0,0.0,0.0,0.0,0.0,0.0,0.0,0.0,0.0,0.0,0.0,0.0,0.0,0.0,0.0,0.0,0.0,0.0,0.0,0.0,0.0,0.0,0.0,0.0,0.0,0.0,0.0,0.0,0.0,0.0,0.0,0.0,0.0,0.0,0.0,0.0,0.0,0.0,0.0,0.0,0.0,0.0,0.0,0.0,0.0,0.0,0.0,0.0,0.0,0.0,0.0,0.0,0.0,0.0,0.0,0.0,0.0,0.0,0.0,0.0,0.0,0.0,0.0,0.0,0.0,0.0,0.0,0.0,0.0,0.0,0.0,0.0,0.0,0.0,0.0,0.0,0.0,0.0,0.0,0.0,0.0,0.0,0.0,0.0,0.0,0.0,0.08000000000004093,3.32000000000005,7.0,12.799999999999955,17.11999999999989,28.0,38.51999999999998,45.27999999999997,72.0,0.0,1000.3176470696926,1000.4705882370472,1000.5568627715111,1000.6196078658104,1000.678431391716,1000.7764706015587,1000.9411764740944,2000.4039215743542,2000.6862745285034,3001.0,170.78173828125,178.38835754394532,183.2283187866211,187.10303649902343,190.46253204345703,193.65786743164062,197.04525756835938,201.30006408691406,208.9084014892578,348.32427978515625,213.59308,0.0,test_data/Useful/Validation/rice-at-2-ft/20241108_085836_034.jpg,5451.0,21.0,58.34178861315675
102,0.0,0.0,0.0,0.0,0.0,0.0,0.0,0.0,0.0,0.0,0.0,0.0,0.0,0.0,0.0,0.0,0.0,0.0,0.0,0.0,0.0,0.0,0.0,0.0,0.0,0.0,0.0,0.0,0.0,0.0,0.0,0.0,0.0,0.0,0.0,0.0,0.0,0.0,0.0,0.0,0.0,0.0,0.0,0.0,0.0,0.0,0.0,0.0,0.0,0.0,0.0,0.0,0.0,0.0,0.0,0.0,0.0,0.0,0.0,0.0,0.0,0.0,0.0,0.0,0.0,0.0,0.0,0.0,0.0,0.0,0.0,0.0,0.0,0.0,0.0,0.0,0.0,0.0,0.0,0.0,0.0,0.0,0.0,0.0,0.0,0.0,0.0,0.0,0.0,0.0,0.0,4.0,6.32000000000005,9.0,16.59999999999991,22.11999999999989,35.0,41.51999999999998,50.75999999999999,93.0,0.0,1000.3058823645115,1000.4588235318661,1000.54509806633,1000.6078431606293,1000.6745098233223,1000.7843137383461,1000.9294117689133,2000.3843137323856,2000.6588235497475,3001.0,170.6708236694336,178.36581115722657,183.1992156982422,187.02078247070312,190.41927337646484,193.67872619628906,197.07400512695312,201.3046875,209.026611328125,348.26995849609375,213.89078,0.0,test_data/Useful/Validation/rice-at-2-ft/20241108_085836_035.jpg,5563.0,23.0,60.881771004310885
103,0.0,0.0,0.0,0.0,0.0,0.0,0.0,0.0,0.0,0.0,0.0,0.0,0.0,0.0,0.0,0.0,0.0,0.0,0.0,0.0,0.0,0.0,0.0,0.0,0.0,0.0,0.0,0.0,0.0,0.0,0.0,0.0,0.0,0.0,0.0,0.0,0.0,0.0,0.0,0.0,0.0,0.0,0.0,0.0,0.0,0.0,0.0,0.0,0.0,0.0,0.0,0.0,0.0,0.0,0.0,0.0,0.0,0.0,0.0,0.0,0.0,0.0,0.0,0.0,0.0,0.0,0.0,0.0,0.0,0.0,0.0,0.0,0.0,0.0,0.0,0.0,0.0,0.0,0.0,0.0,0.0,0.0,0.0,0.0,0.0,0.0,0.0,0.0,0.0,0.6000000000000227,6.0,7.0,8.0,11.559999999999945,18.399999999999864,26.039999999999964,32.559999999999945,37.51999999999998,49.51999999999998,78.0,0.0,1000.3137255012989,1000.4627451002598,1000.54509806633,1000.6078431606293,1000.6705882549286,1000.7803921699524,1000.9215686321259,2000.3607843220234,2000.65098041296,3001.0,170.9182891845703,178.50257873535156,183.36045837402344,187.22683715820312,190.59423828125,193.84390258789062,197.28946533203126,201.54579162597656,209.3525848388672,348.19873046875,214.05005,0.0,test_data/Useful/Validation/rice-at-2-ft/20241108_085836_036.jpg,5479.0,24.0,54.08304869063895
104,0.0,0.0,0.0,0.0,0.0,0.0,0.0,0.0,0.0,0.0,0.0,0.0,0.0,0.0,0.0,0.0,0.0,0.0,0.0,0.0,0.0,0.0,0.0,0.0,0.0,0.0,0.0,0.0,0.0,0.0,0.0,0.0,0.0,0.0,0.0,0.0,0.0,0.0,0.0,0.0,0.0,0.0,0.0,0.0,0.0,0.0,0.0,0.0,0.0,0.0,0.0,0.0,0.0,0.0,0.0,0.0,0.0,0.0,0.0,0.0,0.0,0.0,0.0,0.0,0.0,0.0,0.0,0.0,0.0,0.0,0.0,0.0,0.0,0.0,0.0,0.0,0.0,0.0,0.0,0.0,0.0,0.0,0.0,0.0,0.0,1.6399999999999864,5.0,6.0,8.0,11.0,12.0,15.080000000000041,18.0,20.559999999999945,23.799999999999955,29.0,33.27999999999997,40.0,48.51999999999998,75.0,0.0,1000.3176470696926,1000.4666666686535,1000.5529412031174,1000.6156862974167,1000.678431391716,1000.7921568751335,1000.9176470637321,2000.364705890417,2000.6549019813538,3001.0,171.18804931640625,178.81221923828124,183.68577575683594,187.50274658203125,190.92440795898438,194.18333435058594,197.65133666992188,202.01072692871094,209.8817596435547,348.0599670410156,214.50955,0.0,test_data/Useful/Validation/rice-at-2-ft/20241108_085836_043.jpg,5443.0,33.0,63.2308802992089
0,0.0,0.0,0.0,0.0,0.0,0.0,0.0,0.0,0.0,0.0,0.0,0.0,0.0,0.0,0.0,0.0,0.0,0.0,0.0,0.0,0.0,0.0,0.0,0.0,0.0,0.0,0.0,0.0,0.0,0.0,0.0,0.0,0.0,0.0,0.0,0.0,0.0,0.0,0.0,0.0,0.0,0.0,0.0,0.0,0.0,0.0,0.0,0.0,0.0,0.0,0.0,0.0,0.0,0.0,0.0,0.0,0.0,0.0,0.0,0.0,0.0,0.0,0.0,0.0,0.0,0.0,0.0,0.0,0.0,0.0,0.0,0.0,0.0,0.0,0.0,0.0,0.0,0.0,0.0,0.0,0.0,0.0,0.0,0.0,0.0,0.0,0.0,0.0,0.0,0.0,0.0,0.0,0.0,0.0,0.0,0.0,6.279999999999973,22.079999999999927,41.319999999999936,133.0,0.0,1000.6431372761726,1000.6901960968971,1000.7215686440468,1000.7490196228027,1000.7686274647713,1000.7921568751335,1000.811764717102,1000.839215695858,1000.8705882430077,3001.0,167.17675170898437,174.66615295410156,179.57022094726562,183.33360290527344,186.58042907714844,189.66568298339843,192.82322540283204,196.6074645996094,202.3378143310547,349.708984375,203.94914,3.0,test_data/Useful/Validation/sharp sand at 1ft/20241020_165659_051.jpg,1865.0,7.0,27.019106040214645
1,0.0,0.0,0.0,0.0,0.0,0.0,0.0,0.0,0.0,0.0,0.0,0.0,0.0,0.0,0.0,0.0,0.0,0.0,0.0,0.0,0.0,0.0,0.0,0.0,0.0,0.0,0.0,0.0,0.0,0.0,0.0,0.0,0.0,0.0,0.0,0.0,0.0,0.0,0.0,0.0,0.0,0.0,0.0,0.0,0.0,0.0,0.0,0.0,0.0,0.0,0.0,0.0,0.0,0.0,0.0,0.0,0.0,0.0,0.0,0.0,0.0,0.0,0.0,0.0,0.0,0.0,0.0,0.0,0.0,0.0,0.0,0.0,0.0,0.0,0.0,0.0,0.0,0.0,0.0,0.0,0.0,0.0,0.0,0.0,0.0,0.0,0.0,0.0,0.0,0.0,0.0,0.0,0.0,0.0,0.0,0.0,8.559999999999945,24.559999999999945,48.75999999999999,124.0,0.0,1000.6431372761726,1000.6901960968971,1000.7215686440468,1000.7490196228027,1000.7686274647713,1000.7921568751335,1000.811764717102,1000.839215695858,1000.8705882430077,3001.0,167.31044311523436,174.79440002441407,179.61818084716796,183.37318115234376,186.6661834716797,189.69662475585938,192.88180541992188,196.53651733398436,201.98415985107422,349.69879150390625,203.41385,3.0,test_data/Useful/Validation/sharp sand at 1ft/20241020_165659_052.jpg,1747.0,8.0,26.80979758355843
2,0.0,0.0,0.0,0.0,0.0,0.0,0.0,0.0,0.0,0.0,0.0,0.0,0.0,0.0,0.0,0.0,0.0,0.0,0.0,0.0,0.0,0.0,0.0,0.0,0.0,0.0,0.0,0.0,0.0,0.0,0.0,0.0,0.0,0.0,0.0,0.0,0.0,0.0,0.0,0.0,0.0,0.0,0.0,0.0,0.0,0.0,0.0,0.0,0.0,0.0,0.0,0.0,0.0,0.0,0.0,0.0,0.0,0.0,0.0,0.0,0.0,0.0,0.0,0.0,0.0,0.0,0.0,0.0,0.0,0.0,0.0,0.0,0.0,0.0,0.0,0.0,0.0,0.0,0.0,0.0,0.0,0.0,0.0,0.0,0.0,0.0,0.0,0.0,0.0,0.0,0.0,0.0,0.0,0.0,0.0,0.0,7.0,15.519999999999982,51.679999999999836,91.0,0.0,1000.6431372761726,1000.6941176652908,1000.7254902124405,1000.7490196228027,1000.7686274647713,1000.7921568751335,1000.811764717102,1000.8352941274643,1000.866666674614,3001.0,166.47462463378906,174.21368408203125,179.04537963867188,182.80760192871094,186.07547760009766,189.1651153564453,192.22659301757812,195.8663787841797,201.38302612304688,349.7544860839844,202.81647,3.0,test_data/Useful/Validation/sharp sand at 1ft/20241020_165659_054.jpg,1603.0,8.0,28.085772252705134
3,0.0,0.0,0.0,0.0,0.0,0.0,0.0,0.0,0.0,0.0,0.0,0.0,0.0,0.0,0.0,0.0,0.0,0.0,0.0,0.0,0.0,0.0,0.0,0.0,0.0,0.0,0.0,0.0,0.0,0.0,0.0,0.0,0.0,0.0,0.0,0.0,0.0,0.0,0.0,0.0,0.0,0.0,0.0,0.0,0.0,0.0,0.0,0.0,0.0,0.0,0.0,0.0,0.0,0.0,0.0,0.0,0.0,0.0,0.0,0.0,0.0,0.0,0.0,0.0,0.0,0.0,0.0,0.0,0.0,0.0,0.0,0.0,0.0,0.0,0.0,0.0,0.0,0.0,0.0,0.0,0.0,0.0,0.0,0.0,0.0,0.0,0.0,0.0,0.0,0.0,0.0,0.0,0.0,0.0,0.0,0.0,0.0,0.0,37.59999999999991,112.0,0.0,1000.6392157077789,1000.6901960968971,1000.7215686440468,1000.7490196228027,1000.772549033165,1000.7921568751335,1000.8156862854958,1000.839215695858,1000.8745098114014,3001.0,165.54776000976562,173.13124084472656,178.01577758789062,181.8051300048828,185.05191040039062,188.07217407226562,191.23638916015625,194.80679321289062,200.24356079101562,349.8536376953125,201.372,3.0,test_data/Useful/Validation/sharp sand at 1ft/20241020_165659_055.jpg,1454.0,3.0,33.184766066972905
4,0.0,0.0,0.0,0.0,0.0,0.0,0.0,0.0,0.0,0.0,0.0,0.0,0.0,0.0,0.0,0.0,0.0,0.0,0.0,0.0,0.0,0.0,0.0,0.0,0.0,0.0,0.0,0.0,0.0,0.0,0.0,0.0,0.0,0.0,0.0,0.0,0.0,0.0,0.0,0.0,0.0,0.0,0.0,0.0,0.0,0.0,0.0,0.0,0.0,0.0,0.0,0.0,0.0,0.0,0.0,0.0,0.0,0.0,0.0,0.0,0.0,0.0,0.0,0.0,0.0,0.0,0.0,0.0,0.0,0.0,0.0,0.0,0.0,0.0,0.0,0.0,0.0,0.0,0.0,0.0,0.0,0.0,0.0,0.0,0.0,0.0,0.0,0.0,0.0,0.0,0.0,0.0,0.0,0.0,0.0,0.0,0.0,0.0,0.0,0.0,0.0,1000.5686274766922,1000.6313725709915,1000.6666666865349,1000.6980392336845,1000.7294117808342,1000.7568627595901,1000.7882353067398,1000.8274509906769,1000.8823529481888,3000.984313726425,164.012646484375,171.79275512695312,176.61744689941406,180.4802703857422,183.90382385253906,187.04847717285156,190.26336669921875,193.82073974609375,198.8545379638672,349.8747253417969,198.42941,3.0,test_data/Useful/Validation/sharp sand at 1ft/20241020_165711_059.jpg,1013.0,0.0,29.52778754584024
5,0.0,0.0,0.0,0.0,0.0,0.0,0.0,0.0,0.0,0.0,0.0,0.0,0.0,0.0,0.0,0.0,0.0,0.0,0.0,0.0,0.0,0.0,0.0,0.0,0.0,0.0,0.0,0.0,0.0,0.0,0.0,0.0,0.0,0.0,0.0,0.0,0.0,0.0,0.0,0.0,0.0,0.0,0.0,0.0,0.0,0.0,0.0,0.0,0.0,0.0,0.0,0.0,0.0,0.0,0.0,0.0,0.0,0.0,0.0,0.0,0.0,0.0,0.0,0.0,0.0,0.0,0.0,0.0,0.0,0.0,0.0,0.0,0.0,0.0,0.0,0.0,0.0,0.0,0.0,0.0,0.0,0.0,0.0,0.0,0.0,0.0,0.0,0.0,0.0,0.0,0.0,0.0,0.0,0.0,0.0,0.0,0.0,0.0,0.0,0.0,0.0,1000.5764706134796,1000.6352941393852,1000.6705882549286,1000.7019608020782,1000.7294117808342,1000.7568627595901,1000.7882353067398,1000.8235294222832,1000.8745098114014,3000.972549021244,164.04788208007812,171.702685546875,176.64808197021483,180.5063018798828,183.8015365600586,186.9971466064453,190.14910125732422,193.7066650390625,198.79241943359375,349.88580322265625,198.10661,3.0,test_data/Useful/Validation/sharp sand at 1ft/20241020_165711_060.jpg,895.0,0.0,33.2811854360524
6,0.0,0.0,0.0,0.0,0.0,0.0,0.0,0.0,0.0,0.0,0.0,0.0,0.0,0.0,0.0,0.0,0.0,0.0,0.0,0.0,0.0,0.0,0.0,0.0,0.0,0.0,0.0,0.0,0.0,0.0,0.0,0.0,0.0,0.0,0.0,0.0,0.0,0.0,0.0,0.0,0.0,0.0,0.0,0.0,0.0,0.0,0.0,0.0,0.0,0.0,0.0,0.0,0.0,0.0,0.0,0.0,0.0,0.0,0.0,0.0,0.0,0.0,0.0,0.0,0.0,0.0,0.0,0.0,0.0,0.0,0.0,0.0,0.0,0.0,0.0,0.0,0.0,0.0,0.0,0.0,0.0,0.0,0.0,0.0,0.0,0.0,0.0,0.0,0.0,0.0,0.0,0.0,0.0,0.0,0.0,0.0,0.0,0.0,0.0,0.0,0.0,1000.5764706134796,1000.6313725709915,1000.6705882549286,1000.7019608020782,1000.7294117808342,1000.7568627595901,1000.7882353067398,1000.8235294222832,1000.8745098114014,3000.956862747669,164.14500885009767,171.97714233398438,176.86058044433594,180.65306091308594,184.00575256347656,187.13665771484375,190.26321411132812,193.8553009033203,198.89586029052734,349.8783874511719,198.37418,3.0,test_data/Useful/Validation/sharp sand at 1ft/20241020_165711_061.jpg,942.0,0.0,23.775437944363368
7,0.0,0.0,0.0,0.0,0.0,0.0,0.0,0.0,0.0,0.0,0.0,0.0,0.0,0.0,0.0,0.0,0.0,0.0,0.0,0.0,0.0,0.0,0.0,0.0,0.0,0.0,0.0,0.0,0.0,0.0,0.0,0.0,0.0,0.0,0.0,0.0,0.0,0.0,0.0,0.0,0.0,0.0,0.0,0.0,0.0,0.0,0.0,0.0,0.0,0.0,0.0,0.0,0.0,0.0,0.0,0.0,0.0,0.0,0.0,0.0,0.0,0.0,0.0,0.0,0.0,0.0,0.0,0.0,0.0,0.0,0.0,0.0,0.0,0.0,0.0,0.0,0.0,0.0,0.0,0.0,0.0,0.0,0.0,0.0,0.0,0.0,0.0,0.0,0.0,0.0,0.0,0.0,0.0,0.0,0.0,0.0,0.0,0.0,0.0,0.0,0.0,1000.5764706134796,1000.6352941393852,1000.6705882549286,1000.7019608020782,1000.7254902124405,1000.7568627595901,1000.7843137383461,1000.8196078538895,1000.8705882430077,3000.949019610882,164.12481689453125,171.80755615234375,176.74002075195312,180.598876953125,183.8697052001953,187.0068359375,190.1960906982422,193.78440856933594,198.90701904296876,349.8817443847656,198.52063,3.0,test_data/Useful/Validation/sharp sand at 1ft/20241020_165711_062.jpg,905.0,0.0,32.10189902642944
8,0.0,0.0,0.0,0.0,0.0,0.0,0.0,0.0,0.0,0.0,0.0,0.0,0.0,0.0,0.0,0.0,0.0,0.0,0.0,0.0,0.0,0.0,0.0,0.0,0.0,0.0,0.0,0.0,0.0,0.0,0.0,0.0,0.0,0.0,0.0,0.0,0.0,0.0,0.0,0.0,0.0,0.0,0.0,0.0,0.0,0.0,0.0,0.0,0.0,0.0,0.0,0.0,0.0,0.0,0.0,0.0,0.0,0.0,0.0,0.0,0.0,0.0,0.0,0.0,0.0,0.0,0.0,0.0,0.0,0.0,0.0,0.0,0.0,0.0,0.0,0.0,0.0,0.0,0.0,0.0,0.0,0.0,0.0,0.0,0.0,0.0,0.0,0.0,0.0,0.0,0.0,0.0,0.0,0.0,0.0,0.0,0.0,0.0,0.0,0.0,0.0,1000.5764706134796,1000.6352941393852,1000.6705882549286,1000.6980392336845,1000.7254902124405,1000.7529411911964,1000.7843137383461,1000.8196078538895,1000.8705882430077,3000.9372549057007,164.1008316040039,171.80616455078126,176.7384490966797,180.59217224121093,183.9424285888672,187.03632202148438,190.2322235107422,193.826171875,198.88043212890625,349.8750305175781,198.45168,3.0,test_data/Useful/Validation/sharp sand at 1ft/20241020_165711_063.jpg,915.0,0.0,35.02391589650862
9,0.0,0.0,0.0,0.0,0.0,0.0,0.0,0.0,0.0,0.0,0.0,0.0,0.0,0.0,0.0,0.0,0.0,0.0,0.0,0.0,0.0,0.0,0.0,0.0,0.0,0.0,0.0,0.0,0.0,0.0,0.0,0.0,0.0,0.0,0.0,0.0,0.0,0.0,0.0,0.0,0.0,0.0,0.0,0.0,0.0,0.0,0.0,0.0,0.0,0.0,0.0,0.0,0.0,0.0,0.0,0.0,0.0,0.0,0.0,0.0,0.0,0.0,0.0,0.0,0.0,0.0,0.0,0.0,0.0,0.0,0.0,0.0,0.0,0.0,0.0,0.0,0.0,0.0,0.0,0.0,0.0,0.0,0.0,0.0,0.0,0.0,0.0,0.0,0.0,0.0,0.0,0.0,0.0,0.0,0.0,0.0,0.0,0.0,0.0,0.0,0.0,1000.5764706134796,1000.6313725709915,1000.6705882549286,1000.6980392336845,1000.7254902124405,1000.7529411911964,1000.7843137383461,1000.8196078538895,1000.866666674614,3000.9647058844566,164.07049407958985,171.69888305664062,176.69744873046875,180.5311737060547,183.87710571289062,186.9948486328125,190.2092788696289,193.80085144042968,198.9181365966797,349.8662109375,198.67462,3.0,test_data/Useful/Validation/sharp sand at 1ft/20241020_165711_064.jpg,966.0,0.0,28.80799766772635
10,0.0,0.0,0.0,0.0,0.0,0.0,0.0,0.0,0.0,0.0,0.0,0.0,0.0,0.0,0.0,0.0,0.0,0.0,0.0,0.0,0.0,0.0,0.0,0.0,0.0,0.0,0.0,0.0,0.0,0.0,0.0,0.0,0.0,0.0,0.0,0.0,0.0,0.0,0.0,0.0,0.0,0.0,0.0,0.0,0.0,0.0,0.0,0.0,0.0,0.0,0.0,0.0,0.0,0.0,0.0,0.0,0.0,0.0,0.0,0.0,0.0,0.0,0.0,0.0,0.0,0.0,0.0,0.0,0.0,0.0,0.0,0.0,0.0,0.0,0.0,0.0,0.0,0.0,0.0,0.0,0.0,0.0,0.0,0.0,0.0,0.0,0.0,0.0,0.0,0.0,0.0,0.0,0.0,0.0,0.0,0.0,0.0,0.0,0.0,0.0,0.0,1000.5803921818733,1000.6352941393852,1000.6705882549286,1000.6980392336845,1000.7254902124405,1000.7529411911964,1000.7803921699524,1000.8156862854958,1000.8627451062202,3000.960784316063,163.91685638427734,171.66054992675782,176.6214797973633,180.47626342773438,183.81675720214844,186.962548828125,190.18643188476562,193.78290405273438,198.8155975341797,349.8743896484375,198.51233,3.0,test_data/Useful/Validation/sharp sand at 1ft/20241020_165711_065.jpg,941.0,0.0,36.971390838259616
11,0.0,0.0,0.0,0.0,0.0,0.0,0.0,0.0,0.0,0.0,0.0,0.0,0.0,0.0,0.0,0.0,0.0,0.0,0.0,0.0,0.0,0.0,0.0,0.0,0.0,0.0,0.0,0.0,0.0,0.0,0.0,0.0,0.0,0.0,0.0,0.0,0.0,0.0,0.0,0.0,0.0,0.0,0.0,0.0,0.0,0.0,0.0,0.0,0.0,0.0,0.0,0.0,0.0,0.0,0.0,0.0,0.0,0.0,0.0,0.0,0.0,0.0,0.0,0.0,0.0,0.0,0.0,0.0,0.0,0.0,0.0,0.0,0.0,0.0,0.0,0.0,0.0,0.0,0.0,0.0,0.0,0.0,0.0,0.0,0.0,0.0,0.0,0.0,0.0,0.0,0.0,0.0,0.0,0.0,0.0,0.0,0.0,0.0,0.0,0.0,0.0,1000.6431372761726,1000.6941176652908,1000.7294117808342,1000.7529411911964,1000.7803921699524,1000.8039215803146,1000.8313725590706,1000.8627451062202,1000.905882358551,3001.0,163.92347717285156,171.62503051757812,176.50514221191406,180.34979248046875,183.67120361328125,186.84331665039062,190.01529235839843,193.62107849121094,198.67268829345704,350.0722961425781,198.62143,3.0,test_data/Useful/Validation/sharp sand at 1ft/20241020_165711_069.jpg,995.0,0.0,27.000898110373594
12,0.0,0.0,0.0,0.0,0.0,0.0,0.0,0.0,0.0,0.0,0.0,0.0,0.0,0.0,0.0,0.0,0.0,0.0,0.0,0.0,0.0,0.0,0.0,0.0,0.0,0.0,0.0,0.0,0.0,0.0,0.0,0.0,0.0,0.0,0.0,0.0,0.0,0.0,0.0,0.0,0.0,0.0,0.0,0.0,0.0,0.0,0.0,0.0,0.0,0.0,0.0,0.0,0.0,0.0,0.0,0.0,0.0,0.0,0.0,0.0,0.0,0.0,0.0,0.0,0.0,0.0,0.0,0.0,0.0,0.0,0.0,0.0,0.0,0.0,0.0,0.0,0.0,0.0,0.0,0.0,0.0,0.0,0.0,0.0,0.0,0.0,0.0,0.0,0.0,0.0,0.0,0.0,0.0,0.0,0.0,0.0,0.0,0.0,0.0,0.0,0.0,1000.6470588445663,1000.6980392336845,1000.7294117808342,1000.7568627595901,1000.7803921699524,1000.8078431487083,1000.8352941274643,1000.866666674614,1000.9098039269447,3001.0,164.22332763671875,171.94412231445312,176.7802963256836,180.57994079589844,183.8536376953125,186.96314086914063,190.16839599609375,193.73826599121094,198.82203674316406,350.0769348144531,198.65509,3.0,test_data/Useful/Validation/sharp sand at 1ft/20241020_165711_070.jpg,1002.0,0.0,28.322559712223065
13,0.0,0.0,0.0,0.0,0.0,0.0,0.0,0.0,0.0,0.0,0.0,0.0,0.0,0.0,0.0,0.0,0.0,0.0,0.0,0.0,0.0,0.0,0.0,0.0,0.0,0.0,0.0,0.0,0.0,0.0,0.0,0.0,0.0,0.0,0.0,0.0,0.0,0.0,0.0,0.0,0.0,0.0,0.0,0.0,0.0,0.0,0.0,0.0,0.0,0.0,0.0,0.0,0.0,0.0,0.0,0.0,0.0,0.0,0.0,0.0,0.0,0.0,0.0,0.0,0.0,0.0,0.0,0.0,0.0,0.0,0.0,0.0,0.0,0.0,0.0,0.0,0.0,0.0,0.0,0.0,0.0,0.0,0.0,0.0,0.0,0.0,0.0,0.0,0.0,0.0,0.0,0.0,0.0,0.0,0.0,0.0,0.0,0.0,0.0,0.0,0.0,1000.6470588445663,1000.6980392336845,1000.7294117808342,1000.7568627595901,1000.7803921699524,1000.8039215803146,1000.8313725590706,1000.8627451062202,1000.9098039269447,3001.0,163.9671173095703,171.67933044433593,176.6391860961914,180.39987182617188,183.75587463378906,186.88598022460937,190.04692993164062,193.65093994140625,198.75859527587892,350.08026123046875,198.59656,3.0,test_data/Useful/Validation/sharp sand at 1ft/20241020_165711_071.jpg,965.0,0.0,23.989693735028183
14,0.0,0.0,0.0,0.0,0.0,0.0,0.0,0.0,0.0,0.0,0.0,0.0,0.0,0.0,0.0,0.0,0.0,0.0,0.0,0.0,0.0,0.0,0.0,0.0,0.0,0.0,0.0,0.0,0.0,0.0,0.0,0.0,0.0,0.0,0.0,0.0,0.0,0.0,0.0,0.0,0.0,0.0,0.0,0.0,0.0,0.0,0.0,0.0,0.0,0.0,0.0,0.0,0.0,0.0,0.0,0.0,0.0,0.0,0.0,0.0,0.0,0.0,0.0,0.0,0.0,0.0,0.0,0.0,0.0,0.0,0.0,0.0,0.0,0.0,0.0,0.0,0.0,0.0,0.0,0.0,0.0,0.0,0.0,0.0,0.0,0.0,0.0,0.0,0.0,0.0,0.0,0.0,0.0,0.0,0.0,0.0,0.0,0.0,0.0,0.0,0.0,1000.6431372761726,1000.6941176652908,1000.7294117808342,1000.7529411911964,1000.7803921699524,1000.8039215803146,1000.8313725590706,1000.8627451062202,1000.9098039269447,3001.0,164.0145721435547,171.75128173828125,176.6625213623047,180.48719787597656,183.83285522460938,186.93353271484375,190.0885772705078,193.67434692382812,198.82615661621094,350.07537841796875,198.6937,3.0,test_data/Useful/Validation/sharp sand at 1ft/20241020_165711_072.jpg,999.0,0.0,28.901822648614562
15,0.0,0.0,0.0,0.0,0.0,0.0,0.0,0.0,0.0,0.0,0.0,0.0,0.0,0.0,0.0,0.0,0.0,0.0,0.0,0.0,0.0,0.0,0.0,0.0,0.0,0.0,0.0,0.0,0.0,0.0,0.0,0.0,0.0,0.0,0.0,0.0,0.0,0.0,0.0,0.0,0.0,0.0,0.0,0.0,0.0,0.0,0.0,0.0,0.0,0.0,0.0,0.0,0.0,0.0,0.0,0.0,0.0,0.0,0.0,0.0,0.0,0.0,0.0,0.0,0.0,0.0,0.0,0.0,0.0,0.0,0.0,0.0,0.0,0.0,0.0,0.0,0.0,0.0,0.0,0.0,0.0,0.0,0.0,0.0,0.0,0.0,0.0,0.0,0.0,0.0,0.0,0.0,0.0,0.0,0.0,0.0,0.0,0.0,0.0,0.0,0.0,1000.6470588445663,1000.6941176652908,1000.7294117808342,1000.7568627595901,1000.7803921699524,1000.8039215803146,1000.8313725590706,1000.8627451062202,1000.905882358551,3001.0,164.01848449707032,171.73726806640624,176.6611587524414,180.4866485595703,183.773681640625,186.94404296875,190.0825958251953,193.67168884277345,198.80216369628906,350.07537841796875,198.99576,3.0,test_data/Useful/Validation/sharp sand at 1ft/20241020_165711_073.jpg,1040.0,0.0,26.2311194255527
16,0.0,0.0,0.0,0.0,0.0,0.0,0.0,0.0,0.0,0.0,0.0,0.0,0.0,0.0,0.0,0.0,0.0,0.0,0.0,0.0,0.0,0.0,0.0,0.0,0.0,0.0,0.0,0.0,0.0,0.0,0.0,0.0,0.0,0.0,0.0,0.0,0.0,0.0,0.0,0.0,0.0,0.0,0.0,0.0,0.0,0.0,0.0,0.0,0.0,0.0,0.0,0.0,0.0,0.0,0.0,0.0,0.0,0.0,0.0,0.0,0.0,0.0,0.0,0.0,0.0,0.0,0.0,0.0,0.0,0.0,0.0,0.0,0.0,0.0,0.0,0.0,0.0,0.0,0.0,0.0,0.0,0.0,0.0,0.0,0.0,0.0,0.0,0.0,0.0,0.0,0.0,0.0,0.0,0.0,0.0,0.0,0.0,0.0,0.0,0.0,0.0,1000.6392157077789,1000.6901960968971,1000.7254902124405,1000.7529411911964,1000.7764706015587,1000.8039215803146,1000.8313725590706,1000.8627451062202,1000.9098039269447,3001.0,164.1176956176758,171.81394653320314,176.6624298095703,180.43060302734375,183.70327758789062,186.81320190429688,190.02434997558595,193.64239501953125,198.73342895507812,350.07269287109375,198.74783,3.0,test_data/Useful/Validation/sharp sand at 1ft/20241020_165711_074.jpg,1011.0,0.0,36.12275835900074
17,0.0,0.0,0.0,0.0,0.0,0.0,0.0,0.0,0.0,0.0,0.0,0.0,0.0,0.0,0.0,0.0,0.0,0.0,0.0,0.0,0.0,0.0,0.0,0.0,0.0,0.0,0.0,0.0,0.0,0.0,0.0,0.0,0.0,0.0,0.0,0.0,0.0,0.0,0.0,0.0,0.0,0.0,0.0,0.0,0.0,0.0,0.0,0.0,0.0,0.0,0.0,0.0,0.0,0.0,0.0,0.0,0.0,0.0,0.0,0.0,0.0,0.0,0.0,0.0,0.0,0.0,0.0,0.0,0.0,0.0,0.0,0.0,0.0,0.0,0.0,0.0,0.0,0.0,0.0,0.0,0.0,0.0,0.0,0.0,0.0,0.0,0.0,0.0,0.0,0.0,0.0,0.0,0.0,0.0,0.0,0.0,0.0,0.0,0.0,0.0,0.0,1000.6392157077789,1000.6901960968971,1000.7254902124405,1000.7529411911964,1000.7764706015587,1000.8039215803146,1000.8313725590706,1000.8627451062202,1000.9098039269447,3001.0,164.02442321777343,171.7339080810547,176.6122848510742,180.43654174804686,183.7451934814453,186.850830078125,190.00800323486328,193.6441436767578,198.76887054443358,350.0735168457031,198.65862,3.0,test_data/Useful/Validation/sharp sand at 1ft/20241020_165711_075.jpg,1023.0,0.0,31.785866858836116
18,0.0,0.0,0.0,0.0,0.0,0.0,0.0,0.0,0.0,0.0,0.0,0.0,0.0,0.0,0.0,0.0,0.0,0.0,0.0,0.0,0.0,0.0,0.0,0.0,0.0,0.0,0.0,0.0,0.0,0.0,0.0,0.0,0.0,0.0,0.0,0.0,0.0,0.0,0.0,0.0,0.0,0.0,0.0,0.0,0.0,0.0,0.0,0.0,0.0,0.0,0.0,0.0,0.0,0.0,0.0,0.0,0.0,0.0,0.0,0.0,0.0,0.0,0.0,0.0,0.0,0.0,0.0,0.0,0.0,0.0,0.0,0.0,0.0,0.0,0.0,0.0,0.0,0.0,0.0,0.0,0.0,0.0,0.0,0.0,0.0,0.0,0.0,0.0,0.0,0.0,0.0,0.0,0.0,0.0,0.0,0.0,0.0,0.0,0.0,0.0,0.0,1000.6352941393852,1000.6901960968971,1000.7215686440468,1000.7490196228027,1000.7764706015587,1000.8000000119209,1000.8274509906769,1000.8627451062202,1000.9098039269447,3001.0,164.1068878173828,171.75634765625,176.67771911621094,180.4908020019531,183.83639526367188,186.95325927734376,190.0820343017578,193.70478515625,198.776611328125,350.0607604980469,198.74057,3.0,test_data/Useful/Validation/sharp sand at 1ft/20241020_165711_079.jpg,980.0,0.0,34.676378770700246
19,0.0,0.0,0.0,0.0,0.0,0.0,0.0,0.0,0.0,0.0,0.0,0.0,0.0,0.0,0.0,0.0,0.0,0.0,0.0,0.0,0.0,0.0,0.0,0.0,0.0,0.0,0.0,0.0,0.0,0.0,0.0,0.0,0.0,0.0,0.0,0.0,0.0,0.0,0.0,0.0,0.0,0.0,0.0,0.0,0.0,0.0,0.0,0.0,0.0,0.0,0.0,0.0,0.0,0.0,0.0,0.0,0.0,0.0,0.0,0.0,0.0,0.0,0.0,0.0,0.0,0.0,0.0,0.0,0.0,0.0,0.0,0.0,0.0,0.0,0.0,0.0,0.0,0.0,0.0,0.0,0.0,0.0,0.0,0.0,0.0,0.0,0.0,0.0,0.0,0.0,0.0,0.0,0.0,0.0,0.0,0.0,0.0,0.0,0.0,0.0,0.0,1000.65098041296,1000.6980392336845,1000.7294117808342,1000.7529411911964,1000.7764706015587,1000.8000000119209,1000.8235294222832,1000.8549019694328,1000.8980392217636,3000.988235294819,164.022119140625,171.66842956542968,176.601318359375,180.34263916015627,183.69366455078125,186.78344116210937,190.04571685791015,193.61619567871094,198.75764007568358,350.071533203125,198.93024,3.0,test_data/Useful/Validation/sharp sand at 1ft/20241020_165711_080.jpg,994.0,0.0,35.53729076420935
20,0.0,0.0,0.0,0.0,0.0,0.0,0.0,0.0,0.0,0.0,0.0,0.0,0.0,0.0,0.0,0.0,0.0,0.0,0.0,0.0,0.0,0.0,0.0,0.0,0.0,0.0,0.0,0.0,0.0,0.0,0.0,0.0,0.0,0.0,0.0,0.0,0.0,0.0,0.0,0.0,0.0,0.0,0.0,0.0,0.0,0.0,0.0,0.0,0.0,0.0,0.0,0.0,0.0,0.0,0.0,0.0,0.0,0.0,0.0,0.0,0.0,0.0,0.0,0.0,0.0,0.0,0.0,0.0,0.0,0.0,0.0,0.0,0.0,0.0,0.0,0.0,0.0,0.0,0.0,0.0,0.0,0.0,0.0,0.0,0.0,0.0,0.0,0.0,0.0,0.0,0.0,0.0,0.0,0.0,0.0,0.0,0.0,0.0,0.0,0.0,0.0,1000.6392157077789,1000.6901960968971,1000.7254902124405,1000.7490196228027,1000.7764706015587,1000.8000000119209,1000.8274509906769,1000.8588235378265,1000.905882358551,3001.0,163.94748077392578,171.76316833496094,176.6275177001953,180.40057373046875,183.69581604003906,186.7418212890625,189.95924377441406,193.5963592529297,198.655517578125,350.0634765625,198.61961,3.0,test_data/Useful/Validation/sharp sand at 1ft/20241020_165711_081.jpg,1016.0,0.0,26.672684727845237
21,0.0,0.0,0.0,0.0,0.0,0.0,0.0,0.0,0.0,0.0,0.0,0.0,0.0,0.0,0.0,0.0,0.0,0.0,0.0,0.0,0.0,0.0,0.0,0.0,0.0,0.0,0.0,0.0,0.0,0.0,0.0,0.0,0.0,0.0,0.0,0.0,0.0,0.0,0.0,0.0,0.0,0.0,0.0,0.0,0.0,0.0,0.0,0.0,0.0,0.0,0.0,0.0,0.0,0.0,0.0,0.0,0.0,0.0,0.0,0.0,0.0,0.0,0.0,0.0,0.0,0.0,0.0,0.0,0.0,0.0,0.0,0.0,0.0,0.0,0.0,0.0,0.0,0.0,0.0,0.0,0.0,0.0,0.0,0.0,0.0,0.0,0.0,0.0,0.0,0.0,0.0,0.0,0.0,0.0,0.0,0.0,0.0,0.0,0.0,0.0,0.0,1000.6470588445663,1000.6941176652908,1000.7254902124405,1000.7529411911964,1000.7764706015587,1000.8000000119209,1000.8235294222832,1000.8549019694328,1000.9019607901573,3001.0,163.6570587158203,171.41014099121094,176.39642333984375,180.24105834960938,183.54722595214844,186.7163848876953,189.92948455810546,193.5083984375,198.63775634765625,350.07025146484375,198.63005,3.0,test_data/Useful/Validation/sharp sand at 1ft/20241020_165711_082.jpg,1027.0,0.0,25.394245171095914
22,0.0,0.0,0.0,0.0,0.0,0.0,0.0,0.0,0.0,0.0,0.0,0.0,0.0,0.0,0.0,0.0,0.0,0.0,0.0,0.0,0.0,0.0,0.0,0.0,0.0,0.0,0.0,0.0,0.0,0.0,0.0,0.0,0.0,0.0,0.0,0.0,0.0,0.0,0.0,0.0,0.0,0.0,0.0,0.0,0.0,0.0,0.0,0.0,0.0,0.0,0.0,0.0,0.0,0.0,0.0,0.0,0.0,0.0,0.0,0.0,0.0,0.0,0.0,0.0,0.0,0.0,0.0,0.0,0.0,0.0,0.0,0.0,0.0,0.0,0.0,0.0,0.0,0.0,0.0,0.0,0.0,0.0,0.0,0.0,0.0,0.0,0.0,0.0,0.0,0.0,0.0,0.0,0.0,0.0,0.0,0.0,0.0,0.0,0.0,0.0,0.0,1000.6431372761726,1000.6941176652908,1000.7254902124405,1000.7490196228027,1000.7764706015587,1000.8000000119209,1000.8235294222832,1000.8549019694328,1000.9019607901573,3000.9960784316063,163.7978713989258,171.45489501953125,176.37287292480468,180.18851013183593,183.47442626953125,186.57859802246094,189.75009155273438,193.43490600585938,198.56396484375,350.0582275390625,198.58336,3.0,test_data/Useful/Validation/sharp sand at 1ft/20241020_165711_083.jpg,973.0,0.0,34.973729574958256
23,0.0,0.0,0.0,0.0,0.0,0.0,0.0,0.0,0.0,0.0,0.0,0.0,0.0,0.0,0.0,0.0,0.0,0.0,0.0,0.0,0.0,0.0,0.0,0.0,0.0,0.0,0.0,0.0,0.0,0.0,0.0,0.0,0.0,0.0,0.0,0.0,0.0,0.0,0.0,0.0,0.0,0.0,0.0,0.0,0.0,0.0,0.0,0.0,0.0,0.0,0.0,0.0,0.0,0.0,0.0,0.0,0.0,0.0,0.0,0.0,0.0,0.0,0.0,0.0,0.0,0.0,0.0,0.0,0.0,0.0,0.0,0.0,0.0,0.0,0.0,0.0,0.0,0.0,0.0,0.0,0.0,0.0,0.0,0.0,0.0,0.0,0.0,0.0,0.0,0.0,0.0,0.0,0.0,0.0,0.0,0.0,0.0,0.0,0.0,0.0,0.0,1000.6470588445663,1000.6941176652908,1000.7254902124405,1000.7529411911964,1000.7764706015587,1000.8000000119209,1000.8235294222832,1000.8549019694328,1000.8980392217636,3000.9960784316063,164.09010314941406,171.787841796875,176.53700256347656,180.31634521484375,183.57852172851562,186.71054077148438,189.824951171875,193.42726135253906,198.60142517089844,350.0665283203125,198.67577,3.0,test_data/Useful/Validation/sharp sand at 1ft/20241020_165711_084.jpg,1001.0,0.0,27.27191937837743
24,0.0,0.0,0.0,0.0,0.0,0.0,0.0,0.0,0.0,0.0,0.0,0.0,0.0,0.0,0.0,0.0,0.0,0.0,0.0,0.0,0.0,0.0,0.0,0.0,0.0,0.0,0.0,0.0,0.0,0.0,0.0,0.0,0.0,0.0,0.0,0.0,0.0,0.0,0.0,0.0,0.0,0.0,0.0,0.0,0.0,0.0,0.0,0.0,0.0,0.0,0.0,0.0,0.0,0.0,0.0,0.0,0.0,0.0,0.0,0.0,0.0,0.0,0.0,0.0,0.0,0.0,0.0,0.0,0.0,0.0,0.0,0.0,0.0,0.0,0.0,0.0,0.0,0.0,0.0,0.0,0.0,0.0,0.0,0.0,0.0,0.0,0.0,0.0,0.0,0.0,0.0,0.0,0.0,0.0,0.0,0.0,0.0,0.0,0.0,0.0,0.0,1000.6431372761726,1000.6941176652908,1000.7254902124405,1000.7529411911964,1000.7764706015587,1000.8000000119209,1000.8235294222832,1000.8549019694328,1000.9019607901573,3001.0,163.70578002929688,171.29367065429688,176.26397705078125,180.07708740234375,183.44171142578125,186.55287170410156,189.73724365234375,193.35275268554688,198.55812072753906,350.0574951171875,198.87297,3.0,test_data/Useful/Validation/sharp sand at 1ft/20241020_165711_085.jpg,1040.0,0.0,31.141636620393484
25,0.0,0.0,0.0,0.0,0.0,0.0,0.0,0.0,0.0,0.0,0.0,0.0,0.0,0.0,0.0,0.0,0.0,0.0,0.0,0.0,0.0,0.0,0.0,0.0,0.0,0.0,0.0,0.0,0.0,0.0,0.0,0.0,0.0,0.0,0.0,0.0,0.0,0.0,0.0,0.0,0.0,0.0,0.0,0.0,0.0,0.0,0.0,0.0,0.0,0.0,0.0,0.0,0.0,0.0,0.0,0.0,0.0,0.0,0.0,0.0,0.0,0.0,0.0,0.0,0.0,0.0,0.0,0.0,0.0,0.0,0.0,0.0,0.0,0.0,0.0,0.0,0.0,0.0,0.0,0.0,0.0,0.0,0.0,0.0,0.0,0.0,0.0,0.0,0.0,0.0,0.0,0.0,0.0,0.0,0.0,0.0,0.0,0.0,0.0,0.0,0.0,1000.5137255191803,1000.5960784554482,1000.6588235497475,1000.7098039388657,1000.7568627595901,1000.8039215803146,1000.8549019694328,1000.9098039269447,1000.972549021244,2001.0,164.02688598632812,171.7726287841797,176.76620483398438,180.64048767089844,184.0066680908203,187.22099609375,190.47059020996093,194.16417236328124,199.5872802734375,349.77752685546875,200.61542,3.0,test_data/Useful/Validation/sharp sand at 1ft/20241020_165856(0).jpg,1722.0,0.0,28.60124643305993
26,0.0,0.0,0.0,0.0,0.0,0.0,0.0,0.0,0.0,0.0,0.0,0.0,0.0,0.0,0.0,0.0,0.0,0.0,0.0,0.0,0.0,0.0,0.0,0.0,0.0,0.0,0.0,0.0,0.0,0.0,0.0,0.0,0.0,0.0,0.0,0.0,0.0,0.0,0.0,0.0,0.0,0.0,0.0,0.0,0.0,0.0,0.0,0.0,0.0,0.0,0.0,0.0,0.0,0.0,0.0,0.0,0.0,0.0,0.0,0.0,0.0,0.0,0.0,0.0,0.0,0.0,0.0,0.0,0.0,0.0,0.0,0.0,0.0,0.0,0.0,0.0,0.0,0.0,0.0,0.0,0.0,0.0,0.0,0.0,0.0,0.0,0.0,0.0,0.0,0.0,0.0,0.0,0.0,0.0,0.0,0.0,0.0,0.0,0.0,0.0,0.0,1000.5764706134796,1000.65098041296,1000.705882370472,1000.7529411911964,1000.7960784435272,1000.839215695858,1000.8862745165825,1000.9372549057007,1000.9921568632126,2001.0,163.859228515625,171.580126953125,176.6444305419922,180.5357177734375,183.91407775878906,187.1150115966797,190.3831039428711,194.07784729003907,199.49981842041015,349.9328918457031,200.96866,3.0,test_data/Useful/Validation/sharp sand at 1ft/20241020_165856.jpg,1959.0,0.0,30.315243954683112
27,0.0,0.0,0.0,0.0,0.0,0.0,0.0,0.0,0.0,0.0,0.0,0.0,0.0,0.0,0.0,0.0,0.0,0.0,0.0,0.0,0.0,0.0,0.0,0.0,0.0,0.0,0.0,0.0,0.0,0.0,0.0,0.0,0.0,0.0,0.0,0.0,0.0,0.0,0.0,0.0,0.0,0.0,0.0,0.0,0.0,0.0,0.0,0.0,0.0,0.0,0.0,0.0,0.0,0.0,0.0,0.0,0.0,0.0,0.0,0.0,0.0,0.0,0.0,0.0,0.0,0.0,0.0,0.0,0.0,0.0,0.0,0.0,0.0,0.0,0.0,0.0,0.0,0.0,0.0,0.0,0.0,0.0,0.0,0.0,0.0,0.0,0.0,0.0,0.0,0.0,0.0,0.0,0.0,0.0,0.0,0.0,0.0,0.0,0.0,0.0,0.0,1000.5725490450859,1000.6431372761726,1000.6901960968971,1000.7254902124405,1000.7568627595901,1000.7921568751335,1000.8313725590706,1000.8745098114014,1000.9294117689133,2001.0,163.5050811767578,171.26380920410156,176.25169372558594,180.08344116210938,183.47796630859375,186.64840087890624,189.9436538696289,193.7014373779297,199.2749481201172,349.8316650390625,201.17123,3.0,test_data/Useful/Validation/sharp sand at 1ft/20241020_165857.jpg,2016.0,0.0,28.716687256462762
28,0.0,0.0,0.0,0.0,0.0,0.0,0.0,0.0,0.0,0.0,0.0,0.0,0.0,0.0,0.0,0.0,0.0,0.0,0.0,0.0,0.0,0.0,0.0,0.0,0.0,0.0,0.0,0.0,0.0,0.0,0.0,0.0,0.0,0.0,0.0,0.0,0.0,0.0,0.0,0.0,0.0,0.0,0.0,0.0,0.0,0.0,0.0,0.0,0.0,0.0,0.0,0.0,0.0,0.0,0.0,0.0,0.0,0.0,0.0,0.0,0.0,0.0,0.0,0.0,0.0,0.0,0.0,0.0,0.0,0.0,0.0,0.0,0.0,0.0,0.0,0.0,0.0,0.0,0.0,0.0,0.0,0.0,0.0,0.0,0.0,0.0,0.0,0.0,0.0,0.0,0.0,0.0,0.0,0.0,0.0,0.0,0.0,0.0,0.0,60.0,0.0,1000.5686274766922,1000.6470588445663,1000.7019608020782,1000.7411764860153,1000.7843137383461,1000.8235294222832,1000.8627451062202,1000.9098039269447,1000.9686274528503,2001.0,164.89226226806642,172.5628662109375,177.37386169433594,181.16009826660155,184.47696685791016,187.54373168945312,190.74276733398438,194.44139099121094,200.0181427001953,349.8782043457031,202.43883,3.0,test_data/Useful/Validation/sharp sand at 1ft/20241020_165858(0).jpg,2360.0,1.0,31.30246716904814
29,0.0,0.0,0.0,0.0,0.0,0.0,0.0,0.0,0.0,0.0,0.0,0.0,0.0,0.0,0.0,0.0,0.0,0.0,0.0,0.0,0.0,0.0,0.0,0.0,0.0,0.0,0.0,0.0,0.0,0.0,0.0,0.0,0.0,0.0,0.0,0.0,0.0,0.0,0.0,0.0,0.0,0.0,0.0,0.0,0.0,0.0,0.0,0.0,0.0,0.0,0.0,0.0,0.0,0.0,0.0,0.0,0.0,0.0,0.0,0.0,0.0,0.0,0.0,0.0,0.0,0.0,0.0,0.0,0.0,0.0,0.0,0.0,0.0,0.0,0.0,0.0,0.0,0.0,0.0,0.0,0.0,0.0,0.0,0.0,0.0,0.0,0.0,0.0,0.0,0.0,0.0,0.0,0.0,0.0,0.0,0.0,0.0,0.0,0.0,0.0,0.0,1000.5803921818733,1000.65098041296,1000.6980392336845,1000.7333333492279,1000.7686274647713,1000.8039215803146,1000.8431372642517,1000.8901960849762,1000.9490196108818,2001.0,164.4277130126953,172.11729125976564,176.99122467041016,180.75901794433594,184.08586883544922,187.25,190.48931884765625,194.22222900390625,199.7427978515625,349.87982177734375,201.61548,3.0,test_data/Useful/Validation/sharp sand at 1ft/20241020_165858.jpg,2187.0,0.0,28.333179522979552
30,0.0,0.0,0.0,0.0,0.0,0.0,0.0,0.0,0.0,0.0,0.0,0.0,0.0,0.0,0.0,0.0,0.0,0.0,0.0,0.0,0.0,0.0,0.0,0.0,0.0,0.0,0.0,0.0,0.0,0.0,0.0,0.0,0.0,0.0,0.0,0.0,0.0,0.0,0.0,0.0,0.0,0.0,0.0,0.0,0.0,0.0,0.0,0.0,0.0,0.0,0.0,0.0,0.0,0.0,0.0,0.0,0.0,0.0,0.0,0.0,0.0,0.0,0.0,0.0,0.0,0.0,0.0,0.0,0.0,0.0,0.0,0.0,0.0,0.0,0.0,0.0,0.0,0.0,0.0,0.0,0.0,0.0,0.0,0.0,0.0,0.0,0.0,0.0,0.0,0.0,0.0,0.0,0.0,0.0,0.0,0.0,0.0,0.0,0.0,39.0,0.0,1000.5764706134796,1000.65098041296,1000.7019608020782,1000.7411764860153,1000.7803921699524,1000.8196078538895,1000.8627451062202,1000.9098039269447,1000.9686274528503,2001.0,164.74418029785156,172.39072265625,177.28978576660157,181.04402465820314,184.34691619873047,187.4612274169922,190.68002319335938,194.36280822753906,199.83795166015625,349.893310546875,201.46545,3.0,test_data/Useful/Validation/sharp sand at 1ft/20241020_165859.jpg,1936.0,1.0,32.58589843976377
31,0.0,0.0,0.0,0.0,0.0,0.0,0.0,0.0,0.0,0.0,0.0,0.0,0.0,0.0,0.0,0.0,0.0,0.0,0.0,0.0,0.0,0.0,0.0,0.0,0.0,0.0,0.0,0.0,0.0,0.0,0.0,0.0,0.0,0.0,0.0,0.0,0.0,0.0,0.0,0.0,0.0,0.0,0.0,0.0,0.0,0.0,0.0,0.0,0.0,0.0,0.0,0.0,0.0,0.0,0.0,0.0,0.0,0.0,0.0,0.0,0.0,0.0,0.0,0.0,0.0,0.0,0.0,0.0,0.0,0.0,0.0,0.0,0.0,0.0,0.0,0.0,0.0,0.0,0.0,0.0,0.0,0.0,0.0,0.0,0.0,0.0,0.0,0.0,0.0,0.0,0.0,0.0,0.0,0.0,0.0,0.0,0.0,0.0,0.0,39.0,0.0,1000.5333333611488,1000.6196078658104,1000.678431391716,1000.7215686440468,1000.7686274647713,1000.8156862854958,1000.8588235378265,1000.905882358551,1000.9607843160629,2001.0,165.0150573730469,172.68240356445312,177.57591247558594,181.34832763671875,184.58888244628906,187.73158569335936,190.9825241088867,194.72342529296876,200.4915771484375,349.7272033691406,203.30956,3.0,test_data/Useful/Validation/sharp sand at 1ft/20241020_165902.jpg,3065.0,2.0,27.747722764347827
32,0.0,0.0,0.0,0.0,0.0,0.0,0.0,0.0,0.0,0.0,0.0,0.0,0.0,0.0,0.0,0.0,0.0,0.0,0.0,0.0,0.0,0.0,0.0,0.0,0.0,0.0,0.0,0.0,0.0,0.0,0.0,0.0,0.0,0.0,0.0,0.0,0.0,0.0,0.0,0.0,0.0,0.0,0.0,0.0,0.0,0.0,0.0,0.0,0.0,0.0,0.0,0.0,0.0,0.0,0.0,0.0,0.0,0.0,0.0,0.0,0.0,0.0,0.0,0.0,0.0,0.0,0.0,0.0,0.0,0.0,0.0,0.0,0.0,0.0,0.0,0.0,0.0,0.0,0.0,0.0,0.0,0.0,0.0,0.0,0.0,0.0,0.0,0.0,0.0,0.0,0.0,0.0,0.0,0.0,0.0,0.0,0.0,0.0,11.3599999999999,58.0,0.0,1000.5647059082985,1000.6470588445663,1000.6980392336845,1000.7372549176216,1000.7764706015587,1000.8078431487083,1000.8431372642517,1000.8784313797951,1000.9254902005196,1001.0,165.2382843017578,172.8694305419922,177.69639434814454,181.4917419433594,184.7954559326172,187.890673828125,191.10811767578124,194.886962890625,200.67979431152344,349.6903076171875,203.41238,3.0,test_data/Useful/Validation/sharp sand at 1ft/20241020_165903(0).jpg,2772.0,3.0,32.809137099339466
33,0.0,0.0,0.0,0.0,0.0,0.0,0.0,0.0,0.0,0.0,0.0,0.0,0.0,0.0,0.0,0.0,0.0,0.0,0.0,0.0,0.0,0.0,0.0,0.0,0.0,0.0,0.0,0.0,0.0,0.0,0.0,0.0,0.0,0.0,0.0,0.0,0.0,0.0,0.0,0.0,0.0,0.0,0.0,0.0,0.0,0.0,0.0,0.0,0.0,0.0,0.0,0.0,0.0,0.0,0.0,0.0,0.0,0.0,0.0,0.0,0.0,0.0,0.0,0.0,0.0,0.0,0.0,0.0,0.0,0.0,0.0,0.0,0.0,0.0,0.0,0.0,0.0,0.0,0.0,0.0,0.0,0.0,0.0,0.0,0.0,0.0,0.0,0.0,0.0,0.0,0.0,0.0,0.0,0.0,0.0,0.0,0.0,0.0,8.3599999999999,66.0,0.0,1000.5254902243614,1000.6196078658104,1000.6862745285034,1000.7372549176216,1000.7882353067398,1000.8352941274643,1000.8823529481888,1000.933333337307,1000.9843137264252,2001.0,165.06837463378906,172.75588989257812,177.63392639160156,181.4135986328125,184.75845336914062,187.86765747070314,191.05852813720702,194.75057373046874,200.50701904296875,349.7439270019531,203.17459,3.0,test_data/Useful/Validation/sharp sand at 1ft/20241020_165903.jpg,2751.0,2.0,26.063568317592637
34,0.0,0.0,0.0,0.0,0.0,0.0,0.0,0.0,0.0,0.0,0.0,0.0,0.0,0.0,0.0,0.0,0.0,0.0,0.0,0.0,0.0,0.0,0.0,0.0,0.0,0.0,0.0,0.0,0.0,0.0,0.0,0.0,0.0,0.0,0.0,0.0,0.0,0.0,0.0,0.0,0.0,0.0,0.0,0.0,0.0,0.0,0.0,0.0,0.0,0.0,0.0,0.0,0.0,0.0,0.0,0.0,0.0,0.0,0.0,0.0,0.0,0.0,0.0,0.0,0.0,0.0,0.0,0.0,0.0,0.0,0.0,0.0,0.0,0.0,0.0,0.0,0.0,0.0,0.9600000000000364,3.0,4.440000000000055,5.67999999999995,9.0,12.0,16.0,18.639999999999986,21.879999999999995,25.0,29.360000000000014,35.0,39.680000000000064,42.08000000000004,48.0,51.0,56.0,60.07999999999993,66.27999999999997,72.51999999999998,86.55999999999995,117.0,0.0,1000.6352941393852,1000.6901960968971,1000.7254902124405,1000.7529411911964,1000.7764706015587,1000.7960784435272,1000.8156862854958,1000.839215695858,1000.8627451062202,2001.0,170.91238403320312,178.61538696289062,183.4658203125,187.24180603027344,190.5475616455078,193.7495849609375,197.07238159179687,201.1258544921875,207.824462890625,347.8874206542969,211.4049,3.0,test_data/Useful/Validation/sharp sand at 1ft/20241020_165904.jpg,2628.0,41.0,28.581407247453495
35,0.0,0.0,0.0,0.0,0.0,0.0,0.0,0.0,0.0,0.0,0.0,0.0,0.0,0.0,0.0,0.0,0.0,0.0,0.0,0.0,0.0,0.0,0.0,0.0,0.0,0.0,0.0,0.0,0.0,0.0,0.0,0.0,0.0,0.0,0.0,0.0,0.0,0.0,0.0,0.0,0.0,0.0,0.0,0.0,0.0,0.0,0.0,0.0,0.0,0.0,0.0,0.0,0.0,0.0,0.0,0.0,0.0,0.0,0.0,0.0,0.0,0.0,0.0,0.0,0.0,0.0,0.0,0.0,0.0,0.0,0.0,0.0,0.0,0.0,0.0,0.0,0.0,0.0,0.0,0.0,0.0,0.0,0.0,0.0,0.0,0.0,0.0,0.0,0.0,0.0,0.0,0.0,0.0,0.0,0.0,0.0,0.0,0.0,0.0,0.0,0.0,1000.5019608139992,1000.5882353186607,1000.6470588445663,1000.6901960968971,1000.7294117808342,1000.772549033165,1000.8156862854958,1000.8588235378265,1000.9137254953384,2000.945098042488,163.61380004882812,171.34384155273438,176.24425354003907,180.13673706054686,183.512451171875,186.72509765625,190.03054809570312,193.8128662109375,199.6868896484375,349.65020751953125,202.3857,3.0,test_data/Useful/Validation/sharp sand at 1ft/20241020_165905.jpg,2615.0,0.0,27.068326580056898
36,0.0,0.0,0.0,0.0,0.0,0.0,0.0,0.0,0.0,0.0,0.0,0.0,0.0,0.0,0.0,0.0,0.0,0.0,0.0,0.0,0.0,0.0,0.0,0.0,0.0,0.0,0.0,0.0,0.0,0.0,0.0,0.0,0.0,0.0,0.0,0.0,0.0,0.0,0.0,0.0,0.0,0.0,0.0,0.0,0.0,0.0,0.0,0.0,0.0,0.0,0.0,0.0,0.0,0.0,0.0,0.0,0.0,0.0,0.0,0.0,0.0,0.0,0.0,0.0,0.0,0.0,0.0,0.0,0.0,0.0,0.0,0.0,0.0,0.0,0.0,0.0,0.0,0.0,0.0,0.0,0.0,0.0,0.0,0.0,0.0,0.0,0.0,0.0,0.0,0.0,0.0,0.0,0.0,0.0,0.0,0.0,0.0,0.0,0.0,0.0,0.0,1000.5725490450859,1000.6431372761726,1000.6862745285034,1000.7215686440468,1000.7529411911964,1000.7843137383461,1000.8196078538895,1000.8627451062202,1000.9254902005196,2001.0,164.21500396728516,171.941357421875,176.78026733398437,180.6104278564453,183.923583984375,187.09962463378906,190.3443130493164,194.04393310546874,199.54903717041014,349.85003662109375,200.91203,3.0,test_data/Useful/Validation/sharp sand at 1ft/20241020_165906(0).jpg,1852.0,0.0,30.802221548167402
37,0.0,0.0,0.0,0.0,0.0,0.0,0.0,0.0,0.0,0.0,0.0,0.0,0.0,0.0,0.0,0.0,0.0,0.0,0.0,0.0,0.0,0.0,0.0,0.0,0.0,0.0,0.0,0.0,0.0,0.0,0.0,0.0,0.0,0.0,0.0,0.0,0.0,0.0,0.0,0.0,0.0,0.0,0.0,0.0,0.0,0.0,0.0,0.0,0.0,0.0,0.0,0.0,0.0,0.0,0.0,0.0,0.0,0.0,0.0,0.0,0.0,0.0,0.0,0.0,0.0,0.0,0.0,0.0,0.0,0.0,0.0,0.0,0.0,0.0,0.0,0.0,0.0,0.0,0.0,0.0,0.0,0.0,0.0,0.0,0.0,0.0,0.0,0.0,0.0,0.0,0.0,0.0,0.0,0.0,0.0,0.0,0.0,0.0,0.0,0.0,0.0,1000.4588235318661,1000.5411764979362,1000.5960784554482,1000.6470588445663,1000.6980392336845,1000.7490196228027,1000.8039215803146,1000.8627451062202,1000.933333337307,2001.0,163.8612503051758,171.55533752441406,176.39380645751953,180.2115936279297,183.51178741455078,186.6665466308594,190.00275573730468,193.77671813964844,199.84644775390626,349.59088134765625,203.42242,3.0,test_data/Useful/Validation/sharp sand at 1ft/20241020_170042.jpg,2925.0,0.0,28.294648633101556
38,0.0,0.0,0.0,0.0,0.0,0.0,0.0,0.0,0.0,0.0,0.0,0.0,0.0,0.0,0.0,0.0,0.0,0.0,0.0,0.0,0.0,0.0,0.0,0.0,0.0,0.0,0.0,0.0,0.0,0.0,0.0,0.0,0.0,0.0,0.0,0.0,0.0,0.0,0.0,0.0,0.0,0.0,0.0,0.0,0.0,0.0,0.0,0.0,0.0,0.0,0.0,0.0,0.0,0.0,0.0,0.0,0.0,0.0,0.0,0.0,0.0,0.0,0.0,0.0,0.0,0.0,0.0,0.0,0.0,0.0,0.0,0.0,0.0,0.0,0.0,0.0,0.0,0.0,0.0,0.0,0.0,0.0,0.0,0.0,0.0,0.0,0.0,0.0,0.0,0.0,0.0,0.0,0.0,0.0,0.0,0.0,0.0,0.0,28.039999999999964,79.0,0.0,1000.4274509847164,1000.5019608139992,1000.5568627715111,1000.6078431606293,1000.6588235497475,1000.7176470756531,1000.7803921699524,1000.8470588326454,1000.9176470637321,2001.0,165.42190551757812,173.05614318847657,177.89822082519532,181.63966064453126,184.884521484375,187.979248046875,191.19375610351562,194.89468383789062,200.687744140625,349.3249816894531,204.1752,3.0,test_data/Useful/Validation/sharp sand at 1ft/20241020_170043(0).jpg,2914.0,5.0,31.83901527994215
39,0.0,0.0,0.0,0.0,0.0,0.0,0.0,0.0,0.0,0.0,0.0,0.0,0.0,0.0,0.0,0.0,0.0,0.0,0.0,0.0,0.0,0.0,0.0,0.0,0.0,0.0,0.0,0.0,0.0,0.0,0.0,0.0,0.0,0.0,0.0,0.0,0.0,0.0,0.0,0.0,0.0,0.0,0.0,0.0,0.0,0.0,0.0,0.0,0.0,0.0,0.0,0.0,0.0,0.0,0.0,0.0,0.0,0.0,0.0,0.0,0.0,0.0,0.0,0.0,0.0,0.0,0.0,0.0,0.0,0.0,0.0,0.0,0.0,0.0,0.0,0.0,0.0,0.0,0.0,0.0,0.0,0.0,0.0,0.0,0.0,0.0,0.0,0.0,0.0,0.0,0.0,0.0,0.0,0.0,0.0,0.0,0.0,0.0,6.519999999999982,69.0,0.0,1000.4313725531101,1000.5058823823929,1000.5647059082985,1000.6156862974167,1000.6666666865349,1000.7254902124405,1000.7882353067398,1000.8509804010391,1000.9254902005196,2001.0,164.47958374023438,172.18370056152344,177.07874603271483,180.87454833984376,184.13130950927734,187.21092224121094,190.38411560058594,194.20455932617188,200.117919921875,349.44647216796875,203.68645,3.0,test_data/Useful/Validation/sharp sand at 1ft/20241020_170043.jpg,2900.0,3.0,30.80863545506591
40,0.0,0.0,0.0,0.0,0.0,0.0,0.0,0.0,0.0,0.0,0.0,0.0,0.0,0.0,0.0,0.0,0.0,0.0,0.0,0.0,0.0,0.0,0.0,0.0,0.0,0.0,0.0,0.0,0.0,0.0,0.0,0.0,0.0,0.0,0.0,0.0,0.0,0.0,0.0,0.0,0.0,0.0,0.0,0.0,0.0,0.0,0.0,0.0,0.0,0.0,0.0,0.0,0.0,0.0,0.0,0.0,0.0,0.0,0.0,0.0,0.0,0.0,0.0,0.0,0.0,0.0,0.0,0.0,0.0,0.0,0.0,0.0,0.0,0.0,0.0,0.0,0.0,0.0,0.0,0.0,0.0,0.0,0.0,0.0,0.0,0.0,0.0,0.0,0.0,0.0,0.0,0.0,0.0,0.0,7.0,17.039999999999964,31.679999999999836,55.19999999999982,78.83999999999992,115.0,0.0,1000.419607847929,1000.4941176474094,1000.5529412031174,1000.6078431606293,1000.6588235497475,1000.7176470756531,1000.7803921699524,1000.8470588326454,1000.9176470637321,2001.0,167.76602172851562,175.3483428955078,180.14864196777344,183.85003662109375,187.10598754882812,190.1191833496094,193.2337158203125,196.8552001953125,202.27914428710938,349.12640380859375,204.99948,3.0,test_data/Useful/Validation/sharp sand at 1ft/20241020_170044.jpg,2632.0,18.0,27.219325794147146
41,0.0,0.0,0.0,0.0,0.0,0.0,0.0,0.0,0.0,0.0,0.0,0.0,0.0,0.0,0.0,0.0,0.0,0.0,0.0,0.0,0.0,0.0,0.0,0.0,0.0,0.0,0.0,0.0,0.0,0.0,0.0,0.0,0.0,0.0,0.0,0.0,0.0,0.0,0.0,0.0,0.0,0.0,0.0,0.0,0.0,0.0,0.0,0.0,0.0,0.0,0.0,0.0,0.0,0.0,0.0,0.0,0.0,0.0,0.0,0.0,0.0,0.0,0.0,0.0,0.0,0.0,0.0,0.0,0.0,0.0,0.0,0.0,0.0,0.0,0.0,0.0,0.0,0.0,0.0,0.0,0.0,0.0,0.0,0.0,0.0,0.0,0.0,0.0,0.0,0.0,0.0,0.0,0.0,0.0,3.0,7.119999999999891,21.279999999999973,33.07999999999993,52.559999999999945,99.0,0.0,1000.4117647111416,1000.486274510622,1000.5490196347237,1000.6000000238419,1000.65098041296,1000.7098039388657,1000.772549033165,1000.8431372642517,1000.9176470637321,2001.0,167.3744384765625,174.8998260498047,179.7359619140625,183.50006713867188,186.6846923828125,189.71804809570312,192.84254455566406,196.37571716308594,201.9114532470703,349.1925354003906,204.47507,3.0,test_data/Useful/Validation/sharp sand at 1ft/20241020_170045.jpg,2492.0,13.0,28.303704656935768
42,0.0,0.0,0.0,0.0,0.0,0.0,0.0,0.0,0.0,0.0,0.0,0.0,0.0,0.0,0.0,0.0,0.0,0.0,0.0,0.0,0.0,0.0,0.0,0.0,0.0,0.0,0.0,0.0,0.0,0.0,0.0,0.0,0.0,0.0,0.0,0.0,0.0,0.0,0.0,0.0,0.0,0.0,0.0,0.0,0.0,0.0,0.0,0.0,0.0,0.0,0.0,0.0,0.0,0.0,0.0,0.0,0.0,0.0,0.0,0.0,0.0,0.0,0.0,0.0,0.0,0.0,0.0,0.0,0.0,0.0,0.0,0.0,0.0,0.0,0.0,0.0,0.0,0.0,0.0,0.0,0.0,0.0,0.0,0.0,0.0,0.0,0.0,0.0,0.0,0.0,0.0,0.0,0.0,0.0,0.7999999999999545,8.11999999999989,18.559999999999945,23.0,31.0,67.0,0.0,1000.5019608139992,1000.5725490450859,1000.6274510025978,1000.6745098233223,1000.7215686440468,1000.7764706015587,1000.8352941274643,1000.8980392217636,1000.9647058844566,3001.0,166.61298675537108,174.2237091064453,179.09268188476562,182.8148651123047,186.05491638183594,189.12149047851562,192.23613739013672,195.85997314453127,201.4924072265625,349.5313720703125,204.29715,3.0,test_data/Useful/Validation/sharp sand at 1ft/20241020_170046(0).jpg,2793.0,10.0,29.700017333931815
43,0.0,0.0,0.0,0.0,0.0,0.0,0.0,0.0,0.0,0.0,0.0,0.0,0.0,0.0,0.0,0.0,0.0,0.0,0.0,0.0,0.0,0.0,0.0,0.0,0.0,0.0,0.0,0.0,0.0,0.0,0.0,0.0,0.0,0.0,0.0,0.0,0.0,0.0,0.0,0.0,0.0,0.0,0.0,0.0,0.0,0.0,0.0,0.0,0.0,0.0,0.0,0.0,0.0,0.0,0.0,0.0,0.0,0.0,0.0,0.0,0.0,0.0,0.0,0.0,0.0,0.0,0.0,0.0,0.0,0.0,0.0,0.0,0.0,0.0,0.0,0.0,0.0,0.0,0.0,0.0,0.0,0.0,0.0,0.0,0.0,0.0,0.0,0.0,0.0,0.0,0.0,0.0,0.0,0.0,0.7999999999999545,5.279999999999745,23.279999999999973,34.59999999999991,57.83999999999992,110.0,0.0,1000.4823529422283,1000.5568627715111,1000.611764729023,1000.6588235497475,1000.705882370472,1000.7607843279839,1000.8274509906769,1000.8980392217636,1000.972549021244,2001.0,167.07872924804687,174.5692108154297,179.29824829101562,182.98275756835938,186.22830200195312,189.3059509277344,192.41249542236326,196.05133361816405,201.5298797607422,349.47576904296875,204.30594,3.0,test_data/Useful/Validation/sharp sand at 1ft/20241020_170046.jpg,2709.0,11.0,28.924826098660883
44,0.0,0.0,0.0,0.0,0.0,0.0,0.0,0.0,0.0,0.0,0.0,0.0,0.0,0.0,0.0,0.0,0.0,0.0,0.0,0.0,0.0,0.0,0.0,0.0,0.0,0.0,0.0,0.0,0.0,0.0,0.0,0.0,0.0,0.0,0.0,0.0,0.0,0.0,0.0,0.0,0.0,0.0,0.0,0.0,0.0,0.0,0.0,0.0,0.0,0.0,0.0,0.0,0.0,0.0,0.0,0.0,0.0,0.0,0.0,0.0,0.0,0.0,0.0,0.0,0.0,0.0,0.0,0.0,0.0,0.0,0.0,0.0,0.0,0.0,0.0,0.0,0.0,0.0,0.0,0.0,0.0,0.0,0.0,0.0,0.0,0.0,0.0,0.0,0.0,0.0,0.0,0.0,0.0,0.0,0.0,5.039999999999964,15.0,26.0,45.51999999999998,112.0,0.0,1000.4745098054409,1000.5529412031174,1000.611764729023,1000.6627451181412,1000.7176470756531,1000.772549033165,1000.839215695858,1000.9098039269447,1000.9764705896378,3001.0,167.47649688720702,175.13970336914062,179.94170837402345,183.67369079589844,186.95169830322266,189.99261474609375,193.119953918457,196.6763885498047,202.07725982666017,349.40875244140625,204.48138,3.0,test_data/Useful/Validation/sharp sand at 1ft/20241020_170047.jpg,2530.0,8.0,30.253670819360114
45,0.0,0.0,0.0,0.0,0.0,0.0,0.0,0.0,0.0,0.0,0.0,0.0,0.0,0.0,0.0,0.0,0.0,0.0,0.0,0.0,0.0,0.0,0.0,0.0,0.0,0.0,0.0,0.0,0.0,0.0,0.0,0.0,0.0,0.0,0.0,0.0,0.0,0.0,0.0,0.0,0.0,0.0,0.0,0.0,0.0,0.0,0.0,0.0,0.0,0.0,0.0,0.0,0.0,0.0,0.0,0.0,0.0,0.0,0.0,0.0,0.0,0.0,0.0,0.0,0.0,0.0,0.0,0.0,0.0,0.0,0.0,0.0,0.0,0.0,0.0,0.0,0.0,0.0,0.0,0.0,0.0,0.0,0.0,0.0,0.0,0.0,0.0,0.0,0.0,0.0,0.0,0.0,0.0,0.0,0.0,0.0,0.0,0.0,28.039999999999964,66.0,0.0,1000.5019608139992,1000.5764706134796,1000.6352941393852,1000.6862745285034,1000.7333333492279,1000.7882353067398,1000.8470588326454,1000.9137254953384,1000.9803921580315,2001.0,165.66816253662108,173.23868713378906,178.06160430908204,181.7953369140625,185.0263214111328,188.07318115234375,191.20831298828125,194.86712646484375,200.35015869140625,349.62481689453125,202.60098,3.0,test_data/Useful/Validation/sharp sand at 1ft/20241020_170048(0).jpg,2031.0,6.0,31.4816123447236
46,0.0,0.0,0.0,0.0,0.0,0.0,0.0,0.0,0.0,0.0,0.0,0.0,0.0,0.0,0.0,0.0,0.0,0.0,0.0,0.0,0.0,0.0,0.0,0.0,0.0,0.0,0.0,0.0,0.0,0.0,0.0,0.0,0.0,0.0,0.0,0.0,0.0,0.0,0.0,0.0,0.0,0.0,0.0,0.0,0.0,0.0,0.0,0.0,0.0,0.0,0.0,0.0,0.0,0.0,0.0,0.0,0.0,0.0,0.0,0.0,0.0,0.0,0.0,0.0,0.0,0.0,0.0,0.0,0.0,0.0,0.0,0.0,0.0,0.0,0.0,0.0,0.0,0.0,0.0,0.0,0.0,0.0,0.0,0.0,0.0,0.0,0.0,0.0,0.0,0.0,0.0,0.0,0.0,0.0,4.7999999999999545,12.11999999999989,21.0,29.519999999999982,56.11999999999989,128.0,0.0,1000.486274510622,1000.5647059082985,1000.6235294342041,1000.6705882549286,1000.7215686440468,1000.7764706015587,1000.839215695858,1000.9019607901573,1000.9686274528503,3000.7019608020782,167.7156982421875,175.2829132080078,180.1239013671875,183.8638153076172,187.093994140625,190.1039276123047,193.19761657714844,196.77993774414062,202.3340606689453,349.37890625,204.99911,3.0,test_data/Useful/Validation/sharp sand at 1ft/20241020_170048.jpg,2583.0,10.0,30.135772488176123
47,0.0,0.0,0.0,0.0,0.0,0.0,0.0,0.0,0.0,0.0,0.0,0.0,0.0,0.0,0.0,0.0,0.0,0.0,0.0,0.0,0.0,0.0,0.0,0.0,0.0,0.0,0.0,0.0,0.0,0.0,0.0,0.0,0.0,0.0,0.0,0.0,0.0,0.0,0.0,0.0,0.0,0.0,0.0,0.0,0.0,0.0,0.0,0.0,0.0,0.0,0.0,0.0,0.0,0.0,0.0,0.0,0.0,0.0,0.0,0.0,0.0,0.0,0.0,0.0,0.0,0.0,0.0,0.0,0.0,0.0,0.0,0.0,0.0,0.0,0.0,0.0,0.0,0.0,0.0,0.0,0.0,0.0,0.0,0.0,0.0,0.0,0.0,0.0,0.0,0.0,0.0,0.0,0.0,0.0,0.0,0.0,0.0,0.0,0.0,46.0,0.0,1000.5137255191803,1000.5921568870544,1000.6470588445663,1000.6941176652908,1000.7411764860153,1000.7921568751335,1000.8470588326454,1000.9137254953384,1000.9803921580315,2001.0,164.5513946533203,172.2161102294922,177.0433349609375,180.82510375976562,184.15426635742188,187.2592010498047,190.41290283203125,194.08035888671876,199.56368713378907,349.7503356933594,201.1174,3.0,test_data/Useful/Validation/sharp sand at 1ft/20241020_170049.jpg,1823.0,2.0,32.98825372461936
48,0.0,0.0,0.0,0.0,0.0,0.0,0.0,0.0,0.0,0.0,0.0,0.0,0.0,0.0,0.0,0.0,0.0,0.0,0.0,0.0,0.0,0.0,0.0,0.0,0.0,0.0,0.0,0.0,0.0,0.0,0.0,0.0,0.0,0.0,0.0,0.0,0.0,0.0,0.0,0.0,0.0,0.0,0.0,0.0,0.0,0.0,0.0,0.0,0.0,0.0,0.0,0.0,0.0,0.0,0.0,0.0,0.0,0.0,0.0,0.0,0.0,0.0,0.0,0.0,0.0,0.0,0.0,0.0,0.0,0.0,0.0,0.0,0.0,0.0,0.0,0.0,0.0,0.0,0.0,0.0,0.0,0.0,0.0,0.0,0.0,0.0,0.0,0.0,0.0,0.0,0.0,0.0,0.0,0.0,0.0,0.0,0.0,0.0,4.279999999999973,49.0,0.0,1000.5019608139992,1000.5803921818733,1000.6392157077789,1000.6901960968971,1000.7372549176216,1000.7882353067398,1000.8470588326454,1000.9137254953384,1000.9843137264252,3001.0,164.14386138916015,171.846923828125,176.7050323486328,180.47332763671875,183.78125,186.8557586669922,189.9896240234375,193.65518188476562,199.23452758789062,349.7431640625,201.26952,3.0,test_data/Useful/Validation/sharp sand at 1ft/20241020_170050.jpg,1676.0,3.0,27.759273025670243
49,0.0,0.0,0.0,0.0,0.0,0.0,0.0,0.0,0.0,0.0,0.0,0.0,0.0,0.0,0.0,0.0,0.0,0.0,0.0,0.0,0.0,0.0,0.0,0.0,0.0,0.0,0.0,0.0,0.0,0.0,0.0,0.0,0.0,0.0,0.0,0.0,0.0,0.0,0.0,0.0,0.0,0.0,0.0,0.0,0.0,0.0,0.0,0.0,0.0,0.0,0.0,0.0,0.0,0.0,0.0,0.0,0.0,0.0,0.0,0.0,0.0,0.0,0.0,0.0,0.0,0.0,0.0,0.0,0.0,0.0,0.0,0.0,0.0,0.0,0.0,0.0,0.0,0.0,0.0,0.0,0.0,0.0,0.0,0.0,0.0,0.0,0.0,0.0,0.0,0.0,0.0,0.0,0.0,0.0,0.0,0.0,0.0,0.0,0.0,0.0,0.0,1000.5725490450859,1000.6431372761726,1000.6980392336845,1000.7411764860153,1000.7882353067398,1000.8352941274643,1000.8862745165825,1000.9411764740944,1000.9960784316063,3000.8313725590706,164.0884552001953,171.85804748535156,176.76132202148438,180.5248809814453,183.91127014160156,187.08636474609375,190.30599975585938,193.9883575439453,199.71925354003906,349.929931640625,201.82495,3.0,test_data/Useful/Validation/sharp sand at 1ft/20241020_170051(0).jpg,2137.0,0.0,34.360608464796144
50,0.0,0.0,0.0,0.0,0.0,0.0,0.0,0.0,0.0,0.0,0.0,0.0,0.0,0.0,0.0,0.0,0.0,0.0,0.0,0.0,0.0,0.0,0.0,0.0,0.0,0.0,0.0,0.0,0.0,0.0,0.0,0.0,0.0,0.0,0.0,0.0,0.0,0.0,0.0,0.0,0.0,0.0,0.0,0.0,0.0,0.0,0.0,0.0,0.0,0.0,0.0,0.0,0.0,0.0,0.0,0.0,0.0,0.0,0.0,0.0,0.0,0.0,0.0,0.0,0.0,0.0,0.0,0.0,0.0,0.0,0.0,0.0,0.0,0.0,0.0,0.0,0.0,0.0,0.0,0.0,0.0,0.0,0.0,0.0,0.0,0.0,0.0,0.0,0.0,0.0,0.0,0.0,0.0,0.0,0.0,0.0,0.0,0.0,0.0,0.0,0.0,1000.5372549295425,1000.6156862974167,1000.6745098233223,1000.7254902124405,1000.7764706015587,1000.8313725590706,1000.8862745165825,1000.9490196108818,1001.0,3001.0,164.53157806396484,172.15180053710938,177.04246215820314,180.8936309814453,184.23204803466797,187.31141357421876,190.54230346679688,194.23846435546875,199.7024383544922,349.89306640625,201.29662,3.0,test_data/Useful/Validation/sharp sand at 1ft/20241020_170051.jpg,1894.0,0.0,27.134235800782925
51,0.0,0.0,0.0,0.0,0.0,0.0,0.0,0.0,0.0,0.0,0.0,0.0,0.0,0.0,0.0,0.0,0.0,0.0,0.0,0.0,0.0,0.0,0.0,0.0,0.0,0.0,0.0,0.0,0.0,0.0,0.0,0.0,0.0,0.0,0.0,0.0,0.0,0.0,0.0,0.0,0.0,0.0,0.0,0.0,0.0,0.0,0.0,0.0,0.0,0.0,0.0,0.0,0.0,0.0,0.0,0.0,0.0,0.0,0.0,0.0,0.0,0.0,0.0,0.0,0.0,0.0,0.0,0.0,0.0,0.0,0.0,0.0,0.0,0.0,0.0,0.0,0.0,0.0,0.0,0.0,0.0,0.0,0.0,0.0,0.0,0.0,0.0,0.0,0.0,0.0,0.0,0.0,0.0,0.0,0.0,0.0,0.0,0.0,0.0,0.0,0.0,1000.5607843399048,1000.6392157077789,1000.6941176652908,1000.7411764860153,1000.7882353067398,1000.8352941274643,1000.8862745165825,1000.9411764740944,1000.9960784316063,2001.0,164.1272399902344,171.81763000488283,176.69400177001953,180.46441040039062,183.8251190185547,186.94744567871095,190.23921966552734,194.015771484375,199.62981719970705,349.9382019042969,201.95667,3.0,test_data/Useful/Validation/sharp sand at 1ft/20241020_170052.jpg,2283.0,0.0,34.552380563701306
52,0.0,0.0,0.0,0.0,0.0,0.0,0.0,0.0,0.0,0.0,0.0,0.0,0.0,0.0,0.0,0.0,0.0,0.0,0.0,0.0,0.0,0.0,0.0,0.0,0.0,0.0,0.0,0.0,0.0,0.0,0.0,0.0,0.0,0.0,0.0,0.0,0.0,0.0,0.0,0.0,0.0,0.0,0.0,0.0,0.0,0.0,0.0,0.0,0.0,0.0,0.0,0.0,0.0,0.0,0.0,0.0,0.0,0.0,0.0,0.0,0.0,0.0,0.0,0.0,0.0,0.0,0.0,0.0,0.0,0.0,0.0,0.0,0.0,0.0,0.0,0.0,0.0,0.0,0.0,0.0,0.0,0.0,0.0,0.0,0.0,0.0,0.0,0.0,0.0,0.0,0.0,0.0,0.0,0.0,0.0,0.0,0.0,0.0,0.0,0.0,0.0,1000.5294117927551,1000.6039215922356,1000.6588235497475,1000.705882370472,1000.7490196228027,1000.7960784435272,1000.8470588326454,1000.9019607901573,1000.9647058844566,3000.866666674614,163.83443145751954,171.56385498046876,176.42046661376952,180.29241027832032,183.6722640991211,186.89730834960938,190.17361145019532,193.91977539062503,199.64830017089844,349.80047607421875,202.16545,3.0,test_data/Useful/Validation/sharp sand at 1ft/20241020_170053(0).jpg,2428.0,0.0,32.32151958691034
53,0.0,0.0,0.0,0.0,0.0,0.0,0.0,0.0,0.0,0.0,0.0,0.0,0.0,0.0,0.0,0.0,0.0,0.0,0.0,0.0,0.0,0.0,0.0,0.0,0.0,0.0,0.0,0.0,0.0,0.0,0.0,0.0,0.0,0.0,0.0,0.0,0.0,0.0,0.0,0.0,0.0,0.0,0.0,0.0,0.0,0.0,0.0,0.0,0.0,0.0,0.0,0.0,0.0,0.0,0.0,0.0,0.0,0.0,0.0,0.0,0.0,0.0,0.0,0.0,0.0,0.0,0.0,0.0,0.0,0.0,0.0,0.0,0.0,0.0,0.0,0.0,0.0,0.0,0.0,0.0,0.0,0.0,0.0,0.0,0.0,0.0,0.0,0.0,0.0,0.0,0.0,0.0,0.0,0.0,0.0,0.0,0.0,0.0,0.0,0.0,0.0,1000.5568627715111,1000.6313725709915,1000.6901960968971,1000.7411764860153,1000.7882353067398,1000.839215695858,1000.8941176533699,1000.9490196108818,1001.0,2001.0,164.35806274414062,171.9999542236328,176.86361694335938,180.64324951171875,184.00865936279297,187.13004150390626,190.33876342773436,194.09758300781252,199.75991821289062,349.93072509765625,201.78806,3.0,test_data/Useful/Validation/sharp sand at 1ft/20241020_170053.jpg,2310.0,0.0,34.621518346727996
54,0.0,0.0,0.0,0.0,0.0,0.0,0.0,0.0,0.0,0.0,0.0,0.0,0.0,0.0,0.0,0.0,0.0,0.0,0.0,0.0,0.0,0.0,0.0,0.0,0.0,0.0,0.0,0.0,0.0,0.0,0.0,0.0,0.0,0.0,0.0,0.0,0.0,0.0,0.0,0.0,0.0,0.0,0.0,0.0,0.0,0.0,0.0,0.0,0.0,0.0,0.0,0.0,0.0,0.0,0.0,0.0,0.0,0.0,0.0,0.0,0.0,0.0,0.0,0.0,0.0,0.0,0.0,0.0,0.0,0.0,0.0,0.0,0.0,0.0,0.0,0.0,0.0,0.0,0.0,0.0,0.0,0.0,0.0,0.0,0.0,0.0,0.0,0.0,0.0,0.0,0.0,0.0,0.0,0.0,0.0,0.0,0.0,0.0,0.0,0.0,0.0,1000.5294117927551,1000.6078431606293,1000.6666666865349,1000.7176470756531,1000.7647058963776,1000.8156862854958,1000.8627451062202,1000.9176470637321,1000.9803921580315,3000.7529411911964,164.03314208984375,171.73899536132814,176.66627349853516,180.5308410644531,183.8747329711914,187.09882202148438,190.3957305908203,194.1126708984375,199.8914337158203,349.8280334472656,202.1384,3.0,test_data/Useful/Validation/sharp sand at 1ft/20241020_170054.jpg,2357.0,0.0,34.235366854431106
55,0.0,0.0,0.0,0.0,0.0,0.0,0.0,0.0,0.0,0.0,0.0,0.0,0.0,0.0,0.0,0.0,0.0,0.0,0.0,0.0,0.0,0.0,0.0,0.0,0.0,0.0,0.0,0.0,0.0,0.0,0.0,0.0,0.0,0.0,0.0,0.0,0.0,0.0,0.0,0.0,0.0,0.0,0.0,0.0,0.0,0.0,0.0,0.0,0.0,0.0,0.0,0.0,0.0,0.0,0.0,0.0,0.0,0.0,0.0,0.0,0.0,0.0,0.0,0.0,0.0,0.0,0.0,0.0,0.0,0.0,0.0,0.0,0.0,0.0,0.0,0.0,0.0,0.0,0.0,0.0,0.0,0.0,0.0,0.0,0.0,0.0,0.0,0.0,0.0,0.0,0.0,0.0,0.0,0.0,0.0,0.0,0.0,0.0,0.0,0.0,0.0,1000.5372549295425,1000.6156862974167,1000.6745098233223,1000.7215686440468,1000.772549033165,1000.8196078538895,1000.8705882430077,1000.9254902005196,1000.9843137264252,3001.0,164.17299194335936,171.82847595214844,176.77015686035156,180.6298828125,183.97509765625,187.1377410888672,190.36988830566406,194.19054565429687,199.81179809570312,349.8437805175781,201.8647,3.0,test_data/Useful/Validation/sharp sand at 1ft/20241020_170055.jpg,2163.0,0.0,34.96621998968093
56,0.0,0.0,0.0,0.0,0.0,0.0,0.0,0.0,0.0,0.0,0.0,0.0,0.0,0.0,0.0,0.0,0.0,0.0,0.0,0.0,0.0,0.0,0.0,0.0,0.0,0.0,0.0,0.0,0.0,0.0,0.0,0.0,0.0,0.0,0.0,0.0,0.0,0.0,0.0,0.0,0.0,0.0,0.0,0.0,0.0,0.0,0.0,0.0,0.0,0.0,0.0,0.0,0.0,0.0,0.0,0.0,0.0,0.0,0.0,0.0,0.0,0.0,0.0,0.0,0.0,0.0,0.0,0.0,0.0,0.0,0.0,0.0,0.0,0.0,0.0,0.0,0.0,0.0,0.0,0.0,0.0,0.0,0.0,0.0,0.0,0.0,0.0,0.0,0.0,0.0,0.0,0.0,0.0,0.0,0.0,0.0,0.0,0.0,0.0,0.0,0.0,1000.5294117927551,1000.6039215922356,1000.6627451181412,1000.7098039388657,1000.7568627595901,1000.8039215803146,1000.8509804010391,1000.905882358551,1000.9686274528503,2001.0,164.01568603515625,171.8300018310547,176.68678283691406,180.55311584472656,183.88320922851562,187.0218505859375,190.25003051757812,194.03628540039062,199.86135864257812,349.8017883300781,203.11287,3.0,test_data/Useful/Validation/sharp sand at 1ft/20241020_170056(0).jpg,2764.0,0.0,25.960370751849766
57,0.0,0.0,0.0,0.0,0.0,0.0,0.0,0.0,0.0,0.0,0.0,0.0,0.0,0.0,0.0,0.0,0.0,0.0,0.0,0.0,0.0,0.0,0.0,0.0,0.0,0.0,0.0,0.0,0.0,0.0,0.0,0.0,0.0,0.0,0.0,0.0,0.0,0.0,0.0,0.0,0.0,0.0,0.0,0.0,0.0,0.0,0.0,0.0,0.0,0.0,0.0,0.0,0.0,0.0,0.0,0.0,0.0,0.0,0.0,0.0,0.0,0.0,0.0,0.0,0.0,0.0,0.0,0.0,0.0,0.0,0.0,0.0,0.0,0.0,0.0,0.0,0.0,0.0,0.0,0.0,0.0,0.0,0.0,0.0,0.0,0.0,0.0,0.0,0.0,0.0,0.0,0.0,0.0,0.0,0.0,0.0,0.0,0.0,0.0,0.0,0.0,1000.5647059082985,1000.6470588445663,1000.7019608020782,1000.7411764860153,1000.7803921699524,1000.8156862854958,1000.8588235378265,1000.905882358551,1000.9686274528503,3001.0,164.30396270751953,172.0862030029297,176.94091796875,180.76654052734375,184.06312561035156,187.2136688232422,190.42391967773438,194.04509277343752,199.25840301513674,349.8750305175781,199.41481,3.0,test_data/Useful/Validation/sharp sand at 1ft/20241020_170131.jpg,1368.0,0.0,26.339648285625213
58,0.0,0.0,0.0,0.0,0.0,0.0,0.0,0.0,0.0,0.0,0.0,0.0,0.0,0.0,0.0,0.0,0.0,0.0,0.0,0.0,0.0,0.0,0.0,0.0,0.0,0.0,0.0,0.0,0.0,0.0,0.0,0.0,0.0,0.0,0.0,0.0,0.0,0.0,0.0,0.0,0.0,0.0,0.0,0.0,0.0,0.0,0.0,0.0,0.0,0.0,0.0,0.0,0.0,0.0,0.0,0.0,0.0,0.0,0.0,0.0,0.0,0.0,0.0,0.0,0.0,0.0,0.0,0.0,0.0,0.0,0.0,0.0,0.0,0.0,0.0,0.0,0.0,0.0,0.0,0.0,0.0,0.0,0.0,0.0,0.0,0.0,0.0,0.0,0.0,0.0,0.0,0.0,0.0,0.0,0.0,0.0,0.0,0.0,0.0,0.0,0.0,1000.5058823823929,1000.5921568870544,1000.65098041296,1000.6980392336845,1000.7333333492279,1000.7764706015587,1000.8156862854958,1000.866666674614,1000.9294117689133,2000.3450980484486,164.14263916015625,171.8010711669922,176.67678833007812,180.51760864257812,183.86940002441406,187.03732299804688,190.1971435546875,193.84432983398438,199.1365966796875,349.7257080078125,199.79189,3.0,test_data/Useful/Validation/sharp sand at 1ft/20241020_170132(0).jpg,1380.0,0.0,27.660685635572978
59,0.0,0.0,0.0,0.0,0.0,0.0,0.0,0.0,0.0,0.0,0.0,0.0,0.0,0.0,0.0,0.0,0.0,0.0,0.0,0.0,0.0,0.0,0.0,0.0,0.0,0.0,0.0,0.0,0.0,0.0,0.0,0.0,0.0,0.0,0.0,0.0,0.0,0.0,0.0,0.0,0.0,0.0,0.0,0.0,0.0,0.0,0.0,0.0,0.0,0.0,0.0,0.0,0.0,0.0,0.0,0.0,0.0,0.0,0.0,0.0,0.0,0.0,0.0,0.0,0.0,0.0,0.0,0.0,0.0,0.0,0.0,0.0,0.0,0.0,0.0,0.0,0.0,0.0,0.0,0.0,0.0,0.0,0.0,0.0,0.0,0.0,0.0,0.0,0.0,0.0,0.0,0.0,0.0,0.0,0.0,0.0,0.0,0.0,0.0,0.0,0.0,1000.5294117927551,1000.6156862974167,1000.6745098233223,1000.7215686440468,1000.7686274647713,1000.8078431487083,1000.8509804010391,1000.9019607901573,1000.9647058844566,2000.9960784316063,164.32691650390626,172.10263061523438,177.01597595214844,180.81951904296875,184.14340209960938,187.2840118408203,190.5015411376953,194.15951538085938,199.3646240234375,349.80615234375,199.80429,3.0,test_data/Useful/Validation/sharp sand at 1ft/20241020_170132.jpg,1317.0,0.0,33.81535222910318
60,0.0,0.0,0.0,0.0,0.0,0.0,0.0,0.0,0.0,0.0,0.0,0.0,0.0,0.0,0.0,0.0,0.0,0.0,0.0,0.0,0.0,0.0,0.0,0.0,0.0,0.0,0.0,0.0,0.0,0.0,0.0,0.0,0.0,0.0,0.0,0.0,0.0,0.0,0.0,0.0,0.0,0.0,0.0,0.0,0.0,0.0,0.0,0.0,0.0,0.0,0.0,0.0,0.0,0.0,0.0,0.0,0.0,0.0,0.0,0.0,0.0,0.0,0.0,0.0,0.0,0.0,0.0,0.0,0.0,0.0,0.0,0.0,0.0,0.0,0.0,0.0,0.0,0.0,0.0,0.0,0.0,0.0,0.0,0.0,0.0,0.0,0.0,0.0,0.0,0.0,0.0,0.0,0.0,0.0,0.0,0.0,0.0,0.0,0.0,0.0,0.0,1000.4980392158031,1000.5803921818733,1000.6313725709915,1000.6705882549286,1000.705882370472,1000.7372549176216,1000.7764706015587,1000.8274509906769,1000.8941176533699,2000.9960784316063,164.40784606933593,172.1130828857422,177.04773559570313,180.88544921875,184.2126007080078,187.3529052734375,190.53142852783202,194.1129364013672,199.3580780029297,349.6916198730469,199.7185,3.0,test_data/Useful/Validation/sharp sand at 1ft/20241020_170133.jpg,1376.0,0.0,38.07798893563617
61,0.0,0.0,0.0,0.0,0.0,0.0,0.0,0.0,0.0,0.0,0.0,0.0,0.0,0.0,0.0,0.0,0.0,0.0,0.0,0.0,0.0,0.0,0.0,0.0,0.0,0.0,0.0,0.0,0.0,0.0,0.0,0.0,0.0,0.0,0.0,0.0,0.0,0.0,0.0,0.0,0.0,0.0,0.0,0.0,0.0,0.0,0.0,0.0,0.0,0.0,0.0,0.0,0.0,0.0,0.0,0.0,0.0,0.0,0.0,0.0,0.0,0.0,0.0,0.0,0.0,0.0,0.0,0.0,0.0,0.0,0.0,0.0,0.0,0.0,0.0,0.0,0.0,0.0,0.0,0.0,0.0,0.0,0.0,0.0,0.0,0.0,0.0,0.0,0.0,0.0,0.0,0.0,0.0,0.0,0.0,0.0,0.0,0.0,0.0,0.0,0.0,1000.4823529422283,1000.5607843399048,1000.611764729023,1000.65098041296,1000.6862745285034,1000.7176470756531,1000.7529411911964,1000.8000000119209,1000.866666674614,2000.9490196108818,164.26634521484374,172.03472595214845,176.97931365966798,180.77509765625,184.16195678710938,187.3163055419922,190.4974151611328,194.14596557617188,199.34832153320312,349.63360595703125,199.44354,3.0,test_data/Useful/Validation/sharp sand at 1ft/20241020_170134.jpg,1224.0,0.0,28.326102305868055
62,0.0,0.0,0.0,0.0,0.0,0.0,0.0,0.0,0.0,0.0,0.0,0.0,0.0,0.0,0.0,0.0,0.0,0.0,0.0,0.0,0.0,0.0,0.0,0.0,0.0,0.0,0.0,0.0,0.0,0.0,0.0,0.0,0.0,0.0,0.0,0.0,0.0,0.0,0.0,0.0,0.0,0.0,0.0,0.0,0.0,0.0,0.0,0.0,0.0,0.0,0.0,0.0,0.0,0.0,0.0,0.0,0.0,0.0,0.0,0.0,0.0,0.0,0.0,0.0,0.0,0.0,0.0,0.0,0.0,0.0,0.0,0.0,0.0,0.0,0.0,0.0,0.0,0.0,0.0,0.0,0.0,0.0,0.0,0.0,0.0,0.0,0.0,0.0,0.0,0.0,0.0,0.0,0.0,0.0,0.0,0.0,0.0,0.0,0.0,0.0,0.0,1000.5372549295425,1000.6156862974167,1000.6666666865349,1000.705882370472,1000.7372549176216,1000.772549033165,1000.811764717102,1000.8588235378265,1000.9254902005196,2000.9960784316063,164.40892333984374,172.11585998535156,177.0283676147461,180.82298278808594,184.16653442382812,187.30333557128907,190.50741577148438,194.1552734375,199.28102111816406,349.8375244140625,199.24594,3.0,test_data/Useful/Validation/sharp sand at 1ft/20241020_170135.jpg,1177.0,0.0,27.100114691808326
63,0.0,0.0,0.0,0.0,0.0,0.0,0.0,0.0,0.0,0.0,0.0,0.0,0.0,0.0,0.0,0.0,0.0,0.0,0.0,0.0,0.0,0.0,0.0,0.0,0.0,0.0,0.0,0.0,0.0,0.0,0.0,0.0,0.0,0.0,0.0,0.0,0.0,0.0,0.0,0.0,0.0,0.0,0.0,0.0,0.0,0.0,0.0,0.0,0.0,0.0,0.0,0.0,0.0,0.0,0.0,0.0,0.0,0.0,0.0,0.0,0.0,0.0,0.0,0.0,0.0,0.0,0.0,0.0,0.0,0.0,0.0,0.0,0.0,0.0,0.0,0.0,0.0,0.0,0.0,0.0,0.0,0.0,0.0,0.0,0.0,0.0,0.0,0.0,0.0,0.0,0.0,0.0,0.0,0.0,0.0,0.0,0.0,0.0,0.0,0.0,0.0,1000.5411764979362,1000.6196078658104,1000.6705882549286,1000.7098039388657,1000.7411764860153,1000.7764706015587,1000.8156862854958,1000.8705882430077,1000.9372549057007,2001.0,164.2735595703125,171.93475341796875,176.79002380371094,180.59799194335938,183.90750122070312,187.03619384765625,190.3040313720703,193.88302612304688,198.93663787841797,349.8480529785156,198.58472,3.0,test_data/Useful/Validation/sharp sand at 1ft/20241020_170136.jpg,1050.0,0.0,27.081380445248545
64,0.0,0.0,0.0,0.0,0.0,0.0,0.0,0.0,0.0,0.0,0.0,0.0,0.0,0.0,0.0,0.0,0.0,0.0,0.0,0.0,0.0,0.0,0.0,0.0,0.0,0.0,0.0,0.0,0.0,0.0,0.0,0.0,0.0,0.0,0.0,0.0,0.0,0.0,0.0,0.0,0.0,0.0,0.0,0.0,0.0,0.0,0.0,0.0,0.0,0.0,0.0,0.0,0.0,0.0,0.0,0.0,0.0,0.0,0.0,0.0,0.0,0.0,0.0,0.0,0.0,0.0,0.0,0.0,0.0,0.0,0.0,0.0,0.0,0.0,0.0,0.0,0.0,0.0,0.0,0.0,0.0,0.0,0.0,0.0,0.0,0.0,0.0,0.0,0.0,0.0,0.0,0.0,0.0,0.0,0.0,0.0,0.0,0.0,0.0,0.0,0.0,1000.5490196347237,1000.6313725709915,1000.6862745285034,1000.7294117808342,1000.7686274647713,1000.811764717102,1000.8549019694328,1000.9098039269447,1000.9764705896378,2001.0,164.27090454101562,172.0063018798828,176.92109069824218,180.73363647460937,184.12187957763672,187.27554321289062,190.5085906982422,194.09600830078125,199.22512817382812,349.8768310546875,199.0409,3.0,test_data/Useful/Validation/sharp sand at 1ft/20241020_170137(0).jpg,1253.0,0.0,29.893765710750937
65,0.0,0.0,0.0,0.0,0.0,0.0,0.0,0.0,0.0,0.0,0.0,0.0,0.0,0.0,0.0,0.0,0.0,0.0,0.0,0.0,0.0,0.0,0.0,0.0,0.0,0.0,0.0,0.0,0.0,0.0,0.0,0.0,0.0,0.0,0.0,0.0,0.0,0.0,0.0,0.0,0.0,0.0,0.0,0.0,0.0,0.0,0.0,0.0,0.0,0.0,0.0,0.0,0.0,0.0,0.0,0.0,0.0,0.0,0.0,0.0,0.0,0.0,0.0,0.0,0.0,0.0,0.0,0.0,0.0,0.0,0.0,0.0,0.0,0.0,0.0,0.0,0.0,0.0,0.0,0.0,0.0,0.0,0.0,0.0,0.0,0.0,0.0,0.0,0.0,0.0,0.0,0.0,0.0,0.0,0.0,0.0,0.0,0.0,0.0,0.0,0.0,1000.5568627715111,1000.6392157077789,1000.6862745285034,1000.7215686440468,1000.7568627595901,1000.7921568751335,1000.8352941274643,1000.8862745165825,1000.9529411792755,2001.0,164.32890625,172.1207275390625,176.92526397705078,180.79302978515625,184.12686157226562,187.2811248779297,190.45550842285155,194.15316467285157,199.2140350341797,349.8759460449219,199.06676,3.0,test_data/Useful/Validation/sharp sand at 1ft/20241020_170137.jpg,1270.0,0.0,30.964612522406018
66,0.0,0.0,0.0,0.0,0.0,0.0,0.0,0.0,0.0,0.0,0.0,0.0,0.0,0.0,0.0,0.0,0.0,0.0,0.0,0.0,0.0,0.0,0.0,0.0,0.0,0.0,0.0,0.0,0.0,0.0,0.0,0.0,0.0,0.0,0.0,0.0,0.0,0.0,0.0,0.0,0.0,0.0,0.0,0.0,0.0,0.0,0.0,0.0,0.0,0.0,0.0,0.0,0.0,0.0,0.0,0.0,0.0,0.0,0.0,0.0,0.0,0.0,0.0,0.0,0.0,0.0,0.0,0.0,0.0,0.0,0.0,0.0,0.0,0.0,0.0,0.0,0.0,0.0,0.0,0.0,0.0,0.0,0.0,0.0,0.0,0.0,0.0,0.0,0.0,0.0,0.0,0.0,0.0,0.0,0.0,0.0,0.0,0.0,0.0,0.0,0.0,1000.5372549295425,1000.6196078658104,1000.6745098233223,1000.7215686440468,1000.7647058963776,1000.811764717102,1000.8588235378265,1000.9137254953384,1000.9803921580315,2001.0,164.62328033447267,172.26648559570313,177.13119659423828,180.97564697265625,184.3575439453125,187.51173400878906,190.72552947998048,194.28750610351562,199.45838928222656,349.8601989746094,199.64494,3.0,test_data/Useful/Validation/sharp sand at 1ft/20241020_170139.jpg,1408.0,0.0,29.437885339188604
67,0.0,0.0,0.0,0.0,0.0,0.0,0.0,0.0,0.0,0.0,0.0,0.0,0.0,0.0,0.0,0.0,0.0,0.0,0.0,0.0,0.0,0.0,0.0,0.0,0.0,0.0,0.0,0.0,0.0,0.0,0.0,0.0,0.0,0.0,0.0,0.0,0.0,0.0,0.0,0.0,0.0,0.0,0.0,0.0,0.0,0.0,0.0,0.0,0.0,0.0,0.0,0.0,0.0,0.0,0.0,0.0,0.0,0.0,0.0,0.0,0.0,0.0,0.0,0.0,0.0,0.0,0.0,0.0,0.0,0.0,0.0,0.0,0.0,0.0,0.0,0.0,0.0,0.0,0.0,0.0,0.0,0.0,0.0,0.0,0.0,0.0,0.0,0.0,0.0,0.0,0.0,0.0,0.0,0.0,0.0,0.0,0.0,0.0,0.0,0.0,0.0,1000.5686274766922,1000.6470588445663,1000.7019608020782,1000.7490196228027,1000.7882353067398,1000.8313725590706,1000.8784313797951,1000.9294117689133,1000.9921568632126,2001.0,164.50448608398438,172.258544921875,177.1879425048828,181.04226684570312,184.37461853027344,187.53563232421874,190.75753631591797,194.3496887207031,199.52267456054688,349.9185485839844,199.33173,3.0,test_data/Useful/Validation/sharp sand at 1ft/20241020_170140(0).jpg,1364.0,0.0,28.24640207678517
68,0.0,0.0,0.0,0.0,0.0,0.0,0.0,0.0,0.0,0.0,0.0,0.0,0.0,0.0,0.0,0.0,0.0,0.0,0.0,0.0,0.0,0.0,0.0,0.0,0.0,0.0,0.0,0.0,0.0,0.0,0.0,0.0,0.0,0.0,0.0,0.0,0.0,0.0,0.0,0.0,0.0,0.0,0.0,0.0,0.0,0.0,0.0,0.0,0.0,0.0,0.0,0.0,0.0,0.0,0.0,0.0,0.0,0.0,0.0,0.0,0.0,0.0,0.0,0.0,0.0,0.0,0.0,0.0,0.0,0.0,0.0,0.0,0.0,0.0,0.0,0.0,0.0,0.0,0.0,0.0,0.0,0.0,0.0,0.0,0.0,0.0,0.0,0.0,0.0,0.0,0.0,0.0,0.0,0.0,0.0,0.0,0.0,0.0,0.0,0.0,0.0,1000.5568627715111,1000.6392157077789,1000.6941176652908,1000.7411764860153,1000.7843137383461,1000.8274509906769,1000.8745098114014,1000.9294117689133,1000.9882352948189,2001.0,164.56373596191406,172.2370147705078,177.18978881835938,181.02825927734375,184.39117431640625,187.5240478515625,190.73448181152344,194.399658203125,199.48715209960938,349.90472412109375,199.18253,3.0,test_data/Useful/Validation/sharp sand at 1ft/20241020_170140.jpg,1254.0,0.0,31.690064512545433
69,0.0,0.0,0.0,0.0,0.0,0.0,0.0,0.0,0.0,0.0,0.0,0.0,0.0,0.0,0.0,0.0,0.0,0.0,0.0,0.0,0.0,0.0,0.0,0.0,0.0,0.0,0.0,0.0,0.0,0.0,0.0,0.0,0.0,0.0,0.0,0.0,0.0,0.0,0.0,0.0,0.0,0.0,0.0,0.0,0.0,0.0,0.0,0.0,0.0,0.0,0.0,0.0,0.0,0.0,0.0,0.0,0.0,0.0,0.0,0.0,0.0,0.0,0.0,0.0,0.0,0.0,0.0,0.0,0.0,0.0,0.0,0.0,0.0,0.0,0.0,0.0,0.0,0.0,0.0,0.0,0.0,0.0,0.0,0.0,0.0,0.0,0.0,0.0,0.0,0.0,0.0,0.0,0.0,0.0,0.0,0.0,0.0,0.0,0.0,0.0,0.0,1000.517647087574,1000.6000000238419,1000.6588235497475,1000.705882370472,1000.7490196228027,1000.7921568751335,1000.839215695858,1000.8941176533699,1000.9568627476692,2001.0,164.19741821289062,171.99552001953126,176.91398010253906,180.78738708496093,184.10875701904297,187.28034057617188,190.5273452758789,194.18612670898438,199.38107299804688,349.7740478515625,199.71274,3.0,test_data/Useful/Validation/sharp sand at 1ft/20241020_170141.jpg,1427.0,0.0,31.649228359250888
70,0.0,0.0,0.0,0.0,0.0,0.0,0.0,0.0,0.0,0.0,0.0,0.0,0.0,0.0,0.0,0.0,0.0,0.0,0.0,0.0,0.0,0.0,0.0,0.0,0.0,0.0,0.0,0.0,0.0,0.0,0.0,0.0,0.0,0.0,0.0,0.0,0.0,0.0,0.0,0.0,0.0,0.0,0.0,0.0,0.0,0.0,0.0,0.0,0.0,0.0,0.0,0.0,0.0,0.0,0.0,0.0,0.0,0.0,0.0,0.0,0.0,0.0,0.0,0.0,0.0,0.0,0.0,0.0,0.0,0.0,0.0,0.0,0.0,0.0,0.0,0.0,0.0,0.0,0.0,0.0,0.0,0.0,0.0,0.0,0.0,0.0,0.0,0.0,0.0,0.0,0.0,0.0,0.0,0.0,0.0,0.0,0.0,0.0,0.0,0.0,0.0,1000.5294117927551,1000.6156862974167,1000.6705882549286,1000.7176470756531,1000.7607843279839,1000.8000000119209,1000.8431372642517,1000.8941176533699,1000.9568627476692,2001.0,164.26651000976562,171.98081970214844,176.87328643798827,180.78994445800782,184.13085174560547,187.26121215820314,190.51116943359375,194.16959228515626,199.3894805908203,349.78497314453125,199.86008,3.0,test_data/Useful/Validation/sharp sand at 1ft/20241020_170143.jpg,1449.0,0.0,27.29560787413702
71,0.0,0.0,0.0,0.0,0.0,0.0,0.0,0.0,0.0,0.0,0.0,0.0,0.0,0.0,0.0,0.0,0.0,0.0,0.0,0.0,0.0,0.0,0.0,0.0,0.0,0.0,0.0,0.0,0.0,0.0,0.0,0.0,0.0,0.0,0.0,0.0,0.0,0.0,0.0,0.0,0.0,0.0,0.0,0.0,0.0,0.0,0.0,0.0,0.0,0.0,0.0,0.0,0.0,0.0,0.0,0.0,0.0,0.0,0.0,0.0,0.0,0.0,0.0,0.0,0.0,0.0,0.0,0.0,0.0,0.0,0.0,0.0,0.0,0.0,0.0,0.0,0.0,0.0,0.0,0.0,0.0,0.0,0.0,0.0,0.0,0.0,0.0,0.0,0.0,0.0,0.0,0.0,0.0,0.0,0.0,0.0,0.0,0.0,0.0,0.0,0.0,1000.4745098054409,1000.5647059082985,1000.6235294342041,1000.6666666865349,1000.705882370472,1000.745098054409,1000.7843137383461,1000.8274509906769,1000.8823529481888,2000.9960784316063,163.92286682128906,171.54953002929688,176.4759063720703,180.29440307617188,183.65159606933594,186.8201904296875,190.04713745117186,193.80815734863282,199.4353485107422,349.5723876953125,201.42738,3.0,test_data/Useful/Validation/sharp sand at 1ft/20241020_170144(0).jpg,2013.0,0.0,27.580386698671287
72,0.0,0.0,0.0,0.0,0.0,0.0,0.0,0.0,0.0,0.0,0.0,0.0,0.0,0.0,0.0,0.0,0.0,0.0,0.0,0.0,0.0,0.0,0.0,0.0,0.0,0.0,0.0,0.0,0.0,0.0,0.0,0.0,0.0,0.0,0.0,0.0,0.0,0.0,0.0,0.0,0.0,0.0,0.0,0.0,0.0,0.0,0.0,0.0,0.0,0.0,0.0,0.0,0.0,0.0,0.0,0.0,0.0,0.0,0.0,0.0,0.0,0.0,0.0,0.0,0.0,0.0,0.0,0.0,0.0,0.0,0.0,0.0,0.0,0.0,0.0,0.0,0.0,0.0,0.0,0.0,0.0,0.0,0.0,0.0,0.0,0.0,0.0,0.0,0.0,0.0,0.0,0.0,0.0,0.0,0.0,0.0,0.0,0.0,0.0,47.0,0.0,1000.486274510622,1000.5764706134796,1000.6392157077789,1000.6862745285034,1000.7294117808342,1000.7686274647713,1000.811764717102,1000.8588235378265,1000.9176470637321,2001.0,164.41452026367188,172.0226287841797,176.9608917236328,180.80752563476562,184.17987060546875,187.29734802246094,190.5443115234375,194.27598571777344,199.70709228515625,349.66021728515625,200.93677,3.0,test_data/Useful/Validation/sharp sand at 1ft/20241020_170144.jpg,1601.0,1.0,32.299368227743926
73,0.0,0.0,0.0,0.0,0.0,0.0,0.0,0.0,0.0,0.0,0.0,0.0,0.0,0.0,0.0,0.0,0.0,0.0,0.0,0.0,0.0,0.0,0.0,0.0,0.0,0.0,0.0,0.0,0.0,0.0,0.0,0.0,0.0,0.0,0.0,0.0,0.0,0.0,0.0,0.0,0.0,0.0,0.0,0.0,0.0,0.0,0.0,0.0,0.0,0.0,0.0,0.0,0.0,0.0,0.0,0.0,0.0,0.0,0.0,0.0,0.0,0.0,0.0,0.0,0.0,0.0,0.0,0.0,0.0,0.0,0.0,0.0,0.0,0.0,0.0,0.0,0.0,0.0,0.0,0.0,0.0,0.0,0.0,0.0,0.0,0.0,0.0,0.0,0.0,0.0,0.0,0.0,0.0,0.0,0.0,0.0,0.0,0.0,0.0,0.0,0.0,1000.4823529422283,1000.5647059082985,1000.6156862974167,1000.6588235497475,1000.6941176652908,1000.7294117808342,1000.772549033165,1000.8156862854958,1000.8745098114014,2001.0,163.69161987304688,171.36065673828125,176.31544494628906,180.12948608398438,183.50949096679688,186.66529541015626,189.93474731445312,193.67304077148438,199.26293182373047,349.5852966308594,200.7922,3.0,test_data/Useful/Validation/sharp sand at 1ft/20241020_170145.jpg,1814.0,0.0,34.59817926201314
74,0.0,0.0,0.0,0.0,0.0,0.0,0.0,0.0,0.0,0.0,0.0,0.0,0.0,0.0,0.0,0.0,0.0,0.0,0.0,0.0,0.0,0.0,0.0,0.0,0.0,0.0,0.0,0.0,0.0,0.0,0.0,0.0,0.0,0.0,0.0,0.0,0.0,0.0,0.0,0.0,0.0,0.0,0.0,0.0,0.0,0.0,0.0,0.0,0.0,0.0,0.0,0.0,0.0,0.0,0.0,0.0,0.0,0.0,0.0,0.0,0.0,0.0,0.0,0.0,0.0,0.0,0.0,0.0,0.0,0.0,0.0,0.0,0.0,0.0,0.0,0.0,0.0,0.0,0.0,0.0,0.0,0.0,0.0,0.0,0.0,0.0,0.0,0.0,0.0,0.0,0.0,0.0,0.0,0.0,0.0,0.0,0.0,0.0,0.0,0.0,0.0,1000.4784313738346,1000.5607843399048,1000.6156862974167,1000.6588235497475,1000.6980392336845,1000.7333333492279,1000.7764706015587,1000.8235294222832,1000.8901960849762,2001.0,164.19778442382812,171.9368133544922,176.9206085205078,180.76895141601562,184.09942626953125,187.28460693359375,190.54971313476562,194.23611450195312,199.68621826171875,349.63848876953125,200.94449,3.0,test_data/Useful/Validation/sharp sand at 1ft/20241020_170146(0).jpg,1960.0,0.0,29.497880500384642
75,0.0,0.0,0.0,0.0,0.0,0.0,0.0,0.0,0.0,0.0,0.0,0.0,0.0,0.0,0.0,0.0,0.0,0.0,0.0,0.0,0.0,0.0,0.0,0.0,0.0,0.0,0.0,0.0,0.0,0.0,0.0,0.0,0.0,0.0,0.0,0.0,0.0,0.0,0.0,0.0,0.0,0.0,0.0,0.0,0.0,0.0,0.0,0.0,0.0,0.0,0.0,0.0,0.0,0.0,0.0,0.0,0.0,0.0,0.0,0.0,0.0,0.0,0.0,0.0,0.0,0.0,0.0,0.0,0.0,0.0,0.0,0.0,0.0,0.0,0.0,0.0,0.0,0.0,0.0,0.0,0.0,0.0,0.0,0.0,0.0,0.0,0.0,0.0,0.0,0.0,0.0,0.0,0.0,0.0,0.0,0.0,0.0,0.0,0.0,0.0,0.0,1000.4745098054409,1000.5529412031174,1000.6078431606293,1000.65098041296,1000.6941176652908,1000.7294117808342,1000.772549033165,1000.8196078538895,1000.8901960849762,2001.0,164.36245880126953,172.0371826171875,176.91991577148437,180.7169921875,184.09881591796875,187.2613525390625,190.51055908203125,194.20407104492188,199.62745361328126,349.626708984375,200.83127,3.0,test_data/Useful/Validation/sharp sand at 1ft/20241020_170147.jpg,1909.0,0.0,32.0250935414482
76,0.0,0.0,0.0,0.0,0.0,0.0,0.0,0.0,0.0,0.0,0.0,0.0,0.0,0.0,0.0,0.0,0.0,0.0,0.0,0.0,0.0,0.0,0.0,0.0,0.0,0.0,0.0,0.0,0.0,0.0,0.0,0.0,0.0,0.0,0.0,0.0,0.0,0.0,0.0,0.0,0.0,0.0,0.0,0.0,0.0,0.0,0.0,0.0,0.0,0.0,0.0,0.0,0.0,0.0,0.0,0.0,0.0,0.0,0.0,0.0,0.0,0.0,0.0,0.0,0.0,0.0,0.0,0.0,0.0,0.0,0.0,0.0,0.0,0.0,0.0,0.0,0.0,0.0,0.0,0.0,0.0,0.0,0.0,0.0,0.0,0.0,0.0,0.0,0.0,0.0,0.0,0.0,0.0,0.0,0.0,0.0,0.0,0.0,0.0,0.0,0.0,1000.4705882370472,1000.5490196347237,1000.6039215922356,1000.6470588445663,1000.6862745285034,1000.7215686440468,1000.7647058963776,1000.811764717102,1000.8823529481888,2001.0,164.18887329101562,171.93922424316406,176.83114624023438,180.671875,184.0321044921875,187.2142791748047,190.45179748535156,194.15288391113282,199.67694091796875,349.60662841796875,201.12825,3.0,test_data/Useful/Validation/sharp sand at 1ft/20241020_170148.jpg,2135.0,0.0,31.852080473253114
77,0.0,0.0,0.0,0.0,0.0,0.0,0.0,0.0,0.0,0.0,0.0,0.0,0.0,0.0,0.0,0.0,0.0,0.0,0.0,0.0,0.0,0.0,0.0,0.0,0.0,0.0,0.0,0.0,0.0,0.0,0.0,0.0,0.0,0.0,0.0,0.0,0.0,0.0,0.0,0.0,0.0,0.0,0.0,0.0,0.0,0.0,0.0,0.0,0.0,0.0,0.0,0.0,0.0,0.0,0.0,0.0,0.0,0.0,0.0,0.0,0.0,0.0,0.0,0.0,0.0,0.0,0.0,0.0,0.0,0.0,0.0,0.0,0.0,0.0,0.0,0.0,0.0,0.0,0.0,0.0,0.0,0.0,0.0,0.0,0.0,0.0,0.0,0.0,0.0,0.0,0.0,0.0,0.0,0.0,0.0,0.0,0.0,0.0,0.0,0.0,0.0,1000.5098039507866,1000.5882353186607,1000.6392157077789,1000.6862745285034,1000.7254902124405,1000.772549033165,1000.8196078538895,1000.8784313797951,1000.9450980424881,2001.0,163.8326873779297,171.62742614746094,176.65138244628906,180.47911071777344,183.8031768798828,186.93109130859375,190.19711151123047,193.9644012451172,199.57939758300782,349.76336669921875,201.59085,3.0,test_data/Useful/Validation/sharp sand at 1ft/20241020_170149(0).jpg,2188.0,0.0,27.729944043764142
78,0.0,0.0,0.0,0.0,0.0,0.0,0.0,0.0,0.0,0.0,0.0,0.0,0.0,0.0,0.0,0.0,0.0,0.0,0.0,0.0,0.0,0.0,0.0,0.0,0.0,0.0,0.0,0.0,0.0,0.0,0.0,0.0,0.0,0.0,0.0,0.0,0.0,0.0,0.0,0.0,0.0,0.0,0.0,0.0,0.0,0.0,0.0,0.0,0.0,0.0,0.0,0.0,0.0,0.0,0.0,0.0,0.0,0.0,0.0,0.0,0.0,0.0,0.0,0.0,0.0,0.0,0.0,0.0,0.0,0.0,0.0,0.0,0.0,0.0,0.0,0.0,0.0,0.0,0.0,0.0,0.0,0.0,0.0,0.0,0.0,0.0,0.0,0.0,0.0,0.0,0.0,0.0,0.0,0.0,0.0,0.0,0.0,0.0,0.0,0.0,0.0,1000.5647059082985,1000.6274510025978,1000.6705882549286,1000.705882370472,1000.7372549176216,1000.772549033165,1000.811764717102,1000.8627451062202,1000.933333337307,2001.0,163.7388458251953,171.51900939941407,176.45672760009765,180.25204467773438,183.55252075195312,186.7306671142578,189.99581909179688,193.71673583984375,199.42034912109375,349.8448181152344,201.75687,3.0,test_data/Useful/Validation/sharp sand at 1ft/20241020_170149.jpg,2317.0,0.0,27.00637158871179
79,0.0,0.0,0.0,0.0,0.0,0.0,0.0,0.0,0.0,0.0,0.0,0.0,0.0,0.0,0.0,0.0,0.0,0.0,0.0,0.0,0.0,0.0,0.0,0.0,0.0,0.0,0.0,0.0,0.0,0.0,0.0,0.0,0.0,0.0,0.0,0.0,0.0,0.0,0.0,0.0,0.0,0.0,0.0,0.0,0.0,0.0,0.0,0.0,0.0,0.0,0.0,0.0,0.0,0.0,0.0,0.0,0.0,0.0,0.0,0.0,0.0,0.0,0.0,0.0,0.0,0.0,0.0,0.0,0.0,0.0,0.0,0.0,0.0,0.0,0.0,0.0,0.0,0.0,0.0,0.0,0.0,0.0,0.0,0.0,0.0,0.0,0.0,0.0,0.0,0.0,0.0,0.0,0.0,0.0,0.0,0.0,0.0,0.0,0.0,0.0,0.0,1000.4941176474094,1000.5686274766922,1000.6235294342041,1000.6666666865349,1000.7098039388657,1000.7568627595901,1000.8039215803146,1000.8627451062202,1000.9294117689133,2001.0,163.938232421875,171.59975891113282,176.4356719970703,180.26658630371094,183.60797882080078,186.7416229248047,190.00981750488282,193.72018737792968,199.57574462890625,349.6897888183594,202.41391,3.0,test_data/Useful/Validation/sharp sand at 1ft/20241020_170150.jpg,2467.0,0.0,29.621719828368583
80,0.0,0.0,0.0,0.0,0.0,0.0,0.0,0.0,0.0,0.0,0.0,0.0,0.0,0.0,0.0,0.0,0.0,0.0,0.0,0.0,0.0,0.0,0.0,0.0,0.0,0.0,0.0,0.0,0.0,0.0,0.0,0.0,0.0,0.0,0.0,0.0,0.0,0.0,0.0,0.0,0.0,0.0,0.0,0.0,0.0,0.0,0.0,0.0,0.0,0.0,0.0,0.0,0.0,0.0,0.0,0.0,0.0,0.0,0.0,0.0,0.0,0.0,0.0,0.0,0.0,0.0,0.0,0.0,0.0,0.0,0.0,0.0,0.0,0.0,0.0,0.0,0.0,0.0,0.0,0.0,0.0,0.0,0.0,0.0,0.0,0.0,0.0,0.0,0.0,0.0,0.0,0.0,0.0,0.0,0.0,0.0,0.0,0.0,0.0,0.0,0.0,1000.4745098054409,1000.5529412031174,1000.6039215922356,1000.65098041296,1000.6980392336845,1000.745098054409,1000.8000000119209,1000.8549019694328,1000.9215686321259,2001.0,164.20321655273438,171.81214294433593,176.62407989501952,180.39260864257812,183.72783660888672,186.88153076171875,190.06704711914062,193.8303985595703,199.7313690185547,349.619384765625,202.86636,3.0,test_data/Useful/Validation/sharp sand at 1ft/20241020_170151.jpg,2659.0,0.0,28.352709631633452
81,0.0,0.0,0.0,0.0,0.0,0.0,0.0,0.0,0.0,0.0,0.0,0.0,0.0,0.0,0.0,0.0,0.0,0.0,0.0,0.0,0.0,0.0,0.0,0.0,0.0,0.0,0.0,0.0,0.0,0.0,0.0,0.0,0.0,0.0,0.0,0.0,0.0,0.0,0.0,0.0,0.0,0.0,0.0,0.0,0.0,0.0,0.0,0.0,0.0,0.0,0.0,0.0,0.0,0.0,0.0,0.0,0.0,0.0,0.0,0.0,0.0,0.0,0.0,0.0,0.0,0.0,0.0,0.0,0.0,0.0,0.0,0.0,0.0,0.0,0.0,0.0,0.0,0.0,0.0,0.0,0.0,0.0,0.0,0.0,0.0,0.0,0.0,0.0,0.0,0.0,0.0,0.0,0.0,0.0,0.0,0.0,0.0,0.0,0.0,0.0,0.0,1000.4705882370472,1000.5490196347237,1000.6039215922356,1000.65098041296,1000.6980392336845,1000.7411764860153,1000.7960784435272,1000.8549019694328,1000.9215686321259,2001.0,164.00962829589844,171.5684356689453,176.39610290527344,180.15106201171875,183.43588256835938,186.60357666015625,189.8150634765625,193.55108642578125,199.462158203125,349.6361083984375,202.77698,3.0,test_data/Useful/Validation/sharp sand at 1ft/20241020_170152.jpg,2574.0,0.0,32.17760870431153
82,0.0,0.0,0.0,0.0,0.0,0.0,0.0,0.0,0.0,0.0,0.0,0.0,0.0,0.0,0.0,0.0,0.0,0.0,0.0,0.0,0.0,0.0,0.0,0.0,0.0,0.0,0.0,0.0,0.0,0.0,0.0,0.0,0.0,0.0,0.0,0.0,0.0,0.0,0.0,0.0,0.0,0.0,0.0,0.0,0.0,0.0,0.0,0.0,0.0,0.0,0.0,0.0,0.0,0.0,0.0,0.0,0.0,0.0,0.0,0.0,0.0,0.0,0.0,0.0,0.0,0.0,0.0,0.0,0.0,0.0,0.0,0.0,0.0,0.0,0.0,0.0,0.0,0.0,0.0,0.0,0.0,0.0,0.0,0.0,0.0,0.0,0.0,0.0,0.0,0.0,0.0,0.0,0.0,0.0,0.0,0.0,0.0,0.0,0.0,0.0,0.0,1000.5098039507866,1000.584313750267,1000.6392157077789,1000.6862745285034,1000.7254902124405,1000.772549033165,1000.8235294222832,1000.8784313797951,1000.9450980424881,2001.0,164.37828979492187,172.052587890625,176.90837707519532,180.7508544921875,184.0474090576172,187.16741943359375,190.4138946533203,194.1500701904297,199.75343322753906,349.7406311035156,201.9949,3.0,test_data/Useful/Validation/sharp sand at 1ft/20241020_170153.jpg,2295.0,0.0,25.383617809298652
83,0.0,0.0,0.0,0.0,0.0,0.0,0.0,0.0,0.0,0.0,0.0,0.0,0.0,0.0,0.0,0.0,0.0,0.0,0.0,0.0,0.0,0.0,0.0,0.0,0.0,0.0,0.0,0.0,0.0,0.0,0.0,0.0,0.0,0.0,0.0,0.0,0.0,0.0,0.0,0.0,0.0,0.0,0.0,0.0,0.0,0.0,0.0,0.0,0.0,0.0,0.0,0.0,0.0,0.0,0.0,0.0,0.0,0.0,0.0,0.0,0.0,0.0,0.0,0.0,0.0,0.0,0.0,0.0,0.0,0.0,0.0,0.0,0.0,0.0,0.0,0.0,0.0,0.0,0.0,0.0,0.0,0.0,0.0,0.0,0.0,0.0,0.0,0.0,0.0,0.0,0.0,0.0,0.0,0.0,0.0,3.0399999999999636,11.0,22.519999999999982,34.51999999999998,77.0,0.0,1000.5372549295425,1000.6039215922356,1000.65098041296,1000.6901960968971,1000.7294117808342,1000.7764706015587,1000.8274509906769,1000.8862745165825,1000.9529411792755,2001.0,166.17737884521483,173.81817626953125,178.66119995117188,182.4342468261719,185.69100189208984,188.78671264648438,191.8918212890625,195.53054809570312,201.09017944335938,349.6499328613281,203.37344,3.0,test_data/Useful/Validation/sharp sand at 1ft/20241020_170159.jpg,2472.0,8.0,28.88163870849117
84,0.0,0.0,0.0,0.0,0.0,0.0,0.0,0.0,0.0,0.0,0.0,0.0,0.0,0.0,0.0,0.0,0.0,0.0,0.0,0.0,0.0,0.0,0.0,0.0,0.0,0.0,0.0,0.0,0.0,0.0,0.0,0.0,0.0,0.0,0.0,0.0,0.0,0.0,0.0,0.0,0.0,0.0,0.0,0.0,0.0,0.0,0.0,0.0,0.0,0.0,0.0,0.0,0.0,0.0,0.0,0.0,0.0,0.0,0.0,0.0,0.0,0.0,0.0,0.0,0.0,0.0,0.0,0.0,0.0,0.0,0.0,0.0,0.0,0.0,0.0,0.0,0.0,0.0,0.0,0.0,0.0,0.0,0.0,0.0,0.0,0.0,0.0,0.0,0.0,0.0,0.0,0.0,0.0,0.0,0.0,0.0,0.0,2.0,30.519999999999982,104.0,0.0,1000.4823529422283,1000.5607843399048,1000.6196078658104,1000.6666666865349,1000.7137255072594,1000.7686274647713,1000.8274509906769,1000.8980392217636,1000.9686274528503,2001.0,166.61536560058593,174.30711059570314,179.11477508544922,182.88255004882814,186.14070892333984,189.1402587890625,192.26718444824218,195.7967956542969,201.21827697753906,349.551513671875,203.39236,3.0,test_data/Useful/Validation/sharp sand at 1ft/20241020_170200.jpg,2333.0,5.0,32.35931329587624
85,0.0,0.0,0.0,0.0,0.0,0.0,0.0,0.0,0.0,0.0,0.0,0.0,0.0,0.0,0.0,0.0,0.0,0.0,0.0,0.0,0.0,0.0,0.0,0.0,0.0,0.0,0.0,0.0,0.0,0.0,0.0,0.0,0.0,0.0,0.0,0.0,0.0,0.0,0.0,0.0,0.0,0.0,0.0,0.0,0.0,0.0,0.0,0.0,0.0,0.0,0.0,0.0,0.0,0.0,0.0,0.0,0.0,0.0,0.0,0.0,0.0,0.0,0.0,0.0,0.0,0.0,0.0,0.0,0.0,0.0,0.0,0.0,0.0,0.0,0.0,0.0,0.0,0.0,0.0,0.0,0.0,0.0,0.0,0.0,0.0,0.0,0.0,0.0,0.0,0.0,0.0,0.0,0.0,0.0,0.0,0.0,0.0,0.0,15.0,53.0,0.0,1000.4941176474094,1000.5725490450859,1000.6313725709915,1000.6823529601097,1000.7254902124405,1000.7803921699524,1000.839215695858,1000.905882358551,1000.9764705896378,2001.0,166.16989135742188,173.90579223632812,178.7305908203125,182.4365997314453,185.7145538330078,188.7724182128906,191.90046081542968,195.47708435058593,200.69805908203125,349.63726806640625,202.15843,3.0,test_data/Useful/Validation/sharp sand at 1ft/20241020_170201(0).jpg,1953.0,3.0,29.515647552370474
86,0.0,0.0,0.0,0.0,0.0,0.0,0.0,0.0,0.0,0.0,0.0,0.0,0.0,0.0,0.0,0.0,0.0,0.0,0.0,0.0,0.0,0.0,0.0,0.0,0.0,0.0,0.0,0.0,0.0,0.0,0.0,0.0,0.0,0.0,0.0,0.0,0.0,0.0,0.0,0.0,0.0,0.0,0.0,0.0,0.0,0.0,0.0,0.0,0.0,0.0,0.0,0.0,0.0,0.0,0.0,0.0,0.0,0.0,0.0,0.0,0.0,0.0,0.0,0.0,0.0,0.0,0.0,0.0,0.0,0.0,0.0,0.0,0.0,0.0,0.0,0.0,0.0,0.0,0.0,0.0,0.0,0.0,0.0,0.0,0.0,0.0,0.0,0.0,0.0,0.0,0.0,0.0,0.0,0.0,0.0,0.0,0.0,10.519999999999982,28.59999999999991,54.0,0.0,1000.4784313738346,1000.5568627715111,1000.6156862974167,1000.6627451181412,1000.7098039388657,1000.7607843279839,1000.8235294222832,1000.8901960849762,1000.9607843160629,2001.0,166.19067840576173,173.91249389648436,178.7308090209961,182.43201904296876,185.6886215209961,188.7520294189453,191.86965942382812,195.46609497070312,200.8514617919922,349.5797424316406,202.40466,3.0,test_data/Useful/Validation/sharp sand at 1ft/20241020_170201.jpg,2055.0,6.0,29.535283244518837
87,0.0,0.0,0.0,0.0,0.0,0.0,0.0,0.0,0.0,0.0,0.0,0.0,0.0,0.0,0.0,0.0,0.0,0.0,0.0,0.0,0.0,0.0,0.0,0.0,0.0,0.0,0.0,0.0,0.0,0.0,0.0,0.0,0.0,0.0,0.0,0.0,0.0,0.0,0.0,0.0,0.0,0.0,0.0,0.0,0.0,0.0,0.0,0.0,0.0,0.0,0.0,0.0,0.0,0.0,0.0,0.0,0.0,0.0,0.0,0.0,0.0,0.0,0.0,0.0,0.0,0.0,0.0,0.0,0.0,0.0,0.0,0.0,0.0,0.0,0.0,0.0,0.0,0.0,0.0,0.0,0.0,0.0,0.0,0.0,0.0,0.0,0.0,0.0,0.0,0.0,0.0,0.0,0.0,0.0,0.0,0.0,0.0,0.0,0.0,0.0,0.0,1000.5411764979362,1000.6156862974167,1000.6705882549286,1000.7176470756531,1000.7647058963776,1000.811764717102,1000.866666674614,1000.9294117689133,1000.9921568632126,2001.0,164.34830017089843,171.9842956542969,176.8926544189453,180.77002563476563,184.0703582763672,187.17008361816406,190.4110305786133,194.11874389648438,199.53579711914062,349.8868103027344,201.06384,3.0,test_data/Useful/Validation/sharp sand at 1ft/20241020_170203.jpg,1903.0,0.0,29.76928168345009
88,0.0,0.0,0.0,0.0,0.0,0.0,0.0,0.0,0.0,0.0,0.0,0.0,0.0,0.0,0.0,0.0,0.0,0.0,0.0,0.0,0.0,0.0,0.0,0.0,0.0,0.0,0.0,0.0,0.0,0.0,0.0,0.0,0.0,0.0,0.0,0.0,0.0,0.0,0.0,0.0,0.0,0.0,0.0,0.0,0.0,0.0,0.0,0.0,0.0,0.0,0.0,0.0,0.0,0.0,0.0,0.0,0.0,0.0,0.0,0.0,0.0,0.0,0.0,0.0,0.0,0.0,0.0,0.0,0.0,0.0,0.0,0.0,0.0,0.0,0.0,0.0,0.0,0.0,0.0,0.0,0.0,0.0,0.0,0.0,0.0,0.0,0.0,0.0,0.0,0.0,0.0,0.0,0.0,0.0,0.0,0.0,0.0,0.0,0.0,0.0,0.0,1000.5490196347237,1000.6313725709915,1000.6862745285034,1000.7372549176216,1000.7882353067398,1000.839215695858,1000.8941176533699,1000.9529411792755,1001.0,2001.0,164.52778167724608,172.11263732910157,177.1028793334961,181.04151611328126,184.3880615234375,187.50748596191406,190.70639038085938,194.37527465820312,199.67453002929688,349.9461669921875,200.2692,3.0,test_data/Useful/Validation/sharp sand at 1ft/20241020_170204(0).jpg,1608.0,0.0,29.29828883521518
89,0.0,0.0,0.0,0.0,0.0,0.0,0.0,0.0,0.0,0.0,0.0,0.0,0.0,0.0,0.0,0.0,0.0,0.0,0.0,0.0,0.0,0.0,0.0,0.0,0.0,0.0,0.0,0.0,0.0,0.0,0.0,0.0,0.0,0.0,0.0,0.0,0.0,0.0,0.0,0.0,0.0,0.0,0.0,0.0,0.0,0.0,0.0,0.0,0.0,0.0,0.0,0.0,0.0,0.0,0.0,0.0,0.0,0.0,0.0,0.0,0.0,0.0,0.0,0.0,0.0,0.0,0.0,0.0,0.0,0.0,0.0,0.0,0.0,0.0,0.0,0.0,0.0,0.0,0.0,0.0,0.0,0.0,0.0,0.0,0.0,0.0,0.0,0.0,0.0,0.0,0.0,0.0,0.0,0.0,0.0,0.0,0.0,0.0,0.0,0.0,0.0,1000.5568627715111,1000.6352941393852,1000.6941176652908,1000.745098054409,1000.7921568751335,1000.8431372642517,1000.8941176533699,1000.9529411792755,1001.0,2001.0,164.33914184570312,172.14492797851562,177.0979431152344,180.9493865966797,184.29559326171875,187.47134399414062,190.71424865722656,194.4123992919922,199.66941833496094,349.96807861328125,200.54996,3.0,test_data/Useful/Validation/sharp sand at 1ft/20241020_170204.jpg,1703.0,0.0,29.408968485492238
90,0.0,0.0,0.0,0.0,0.0,0.0,0.0,0.0,0.0,0.0,0.0,0.0,0.0,0.0,0.0,0.0,0.0,0.0,0.0,0.0,0.0,0.0,0.0,0.0,0.0,0.0,0.0,0.0,0.0,0.0,0.0,0.0,0.0,0.0,0.0,0.0,0.0,0.0,0.0,0.0,0.0,0.0,0.0,0.0,0.0,0.0,0.0,0.0,0.0,0.0,0.0,0.0,0.0,0.0,0.0,0.0,0.0,0.0,0.0,0.0,0.0,0.0,0.0,0.0,0.0,0.0,0.0,0.0,0.0,0.0,0.0,0.0,0.0,0.0,0.0,0.0,0.0,0.0,0.0,0.0,0.0,0.0,0.0,0.0,0.0,0.0,0.0,0.0,0.0,0.0,0.0,0.0,0.0,0.0,0.0,0.0,0.0,0.0,0.0,0.0,0.0,1000.5215686559677,1000.6000000238419,1000.6588235497475,1000.705882370472,1000.7529411911964,1000.8039215803146,1000.8549019694328,1000.9176470637321,1000.9803921580315,3000.9960784316063,164.38516235351562,172.14157104492188,177.0530548095703,180.9431610107422,184.30081176757812,187.45445251464844,190.657958984375,194.344970703125,199.51797485351562,349.8358459472656,200.0241,3.0,test_data/Useful/Validation/sharp sand at 1ft/20241020_170205.jpg,1478.0,0.0,30.371372250338233
91,0.0,0.0,0.0,0.0,0.0,0.0,0.0,0.0,0.0,0.0,0.0,0.0,0.0,0.0,0.0,0.0,0.0,0.0,0.0,0.0,0.0,0.0,0.0,0.0,0.0,0.0,0.0,0.0,0.0,0.0,0.0,0.0,0.0,0.0,0.0,0.0,0.0,0.0,0.0,0.0,0.0,0.0,0.0,0.0,0.0,0.0,0.0,0.0,0.0,0.0,0.0,0.0,0.0,0.0,0.0,0.0,0.0,0.0,0.0,0.0,0.0,0.0,0.0,0.0,0.0,0.0,0.0,0.0,0.0,0.0,0.0,0.0,0.0,0.0,0.0,0.0,0.0,0.0,0.0,0.0,0.0,0.0,0.0,0.0,0.0,0.0,0.0,0.0,0.0,0.0,0.0,0.0,0.0,0.0,0.0,0.0,0.0,0.0,0.0,38.0,0.0,1000.5058823823929,1000.5882353186607,1000.6470588445663,1000.6941176652908,1000.7411764860153,1000.7882353067398,1000.839215695858,1000.8980392217636,1000.9607843160629,2001.0,164.4345245361328,172.1805419921875,177.13644409179688,180.96138916015624,184.36473083496094,187.47124328613282,190.70322265625,194.32640075683594,199.6199188232422,349.7662353515625,200.36522,3.0,test_data/Useful/Validation/sharp sand at 1ft/20241020_170206.jpg,1568.0,1.0,30.044753943170917
92,0.0,0.0,0.0,0.0,0.0,0.0,0.0,0.0,0.0,0.0,0.0,0.0,0.0,0.0,0.0,0.0,0.0,0.0,0.0,0.0,0.0,0.0,0.0,0.0,0.0,0.0,0.0,0.0,0.0,0.0,0.0,0.0,0.0,0.0,0.0,0.0,0.0,0.0,0.0,0.0,0.0,0.0,0.0,0.0,0.0,0.0,0.0,0.0,0.0,0.0,0.0,0.0,0.0,0.0,0.0,0.0,0.0,0.0,0.0,0.0,0.0,0.0,0.0,0.0,0.0,0.0,0.0,0.0,0.0,0.0,0.0,0.0,0.0,0.0,0.0,0.0,0.0,0.0,0.0,0.0,0.0,0.0,0.0,0.0,0.0,0.0,0.0,0.0,0.0,0.0,0.0,0.0,0.0,0.0,0.0,0.0,0.0,0.0,0.0,0.0,0.0,1000.4980392158031,1000.5803921818733,1000.6392157077789,1000.6862745285034,1000.7254902124405,1000.772549033165,1000.8196078538895,1000.8745098114014,1000.9411764740944,2001.0,164.10852966308593,171.77166748046875,176.7581787109375,180.61312866210938,183.9297332763672,187.13190612792968,190.3927459716797,194.07586669921875,199.43484497070312,349.7197265625,200.5039,3.0,test_data/Useful/Validation/sharp sand at 1ft/20241020_170207(0).jpg,1661.0,0.0,27.311651934435744
93,0.0,0.0,0.0,0.0,0.0,0.0,0.0,0.0,0.0,0.0,0.0,0.0,0.0,0.0,0.0,0.0,0.0,0.0,0.0,0.0,0.0,0.0,0.0,0.0,0.0,0.0,0.0,0.0,0.0,0.0,0.0,0.0,0.0,0.0,0.0,0.0,0.0,0.0,0.0,0.0,0.0,0.0,0.0,0.0,0.0,0.0,0.0,0.0,0.0,0.0,0.0,0.0,0.0,0.0,0.0,0.0,0.0,0.0,0.0,0.0,0.0,0.0,0.0,0.0,0.0,0.0,0.0,0.0,0.0,0.0,0.0,0.0,0.0,0.0,0.0,0.0,0.0,0.0,0.0,0.0,0.0,0.0,0.0,0.0,0.0,0.0,0.0,0.0,0.0,0.0,0.0,0.0,0.0,0.0,0.0,0.0,0.0,0.0,0.0,0.0,0.0,1000.4627451002598,1000.5490196347237,1000.6078431606293,1000.6549019813538,1000.7019608020782,1000.745098054409,1000.7921568751335,1000.8470588326454,1000.9215686321259,3000.8980392217636,164.27081298828125,172.06788940429686,176.90813293457032,180.7343017578125,184.0733871459961,187.22650146484375,190.4033218383789,194.02445068359376,199.29678344726562,349.64434814453125,200.14078,3.0,test_data/Useful/Validation/sharp sand at 1ft/20241020_170208.jpg,1368.0,0.0,33.78127517453255
94,0.0,0.0,0.0,0.0,0.0,0.0,0.0,0.0,0.0,0.0,0.0,0.0,0.0,0.0,0.0,0.0,0.0,0.0,0.0,0.0,0.0,0.0,0.0,0.0,0.0,0.0,0.0,0.0,0.0,0.0,0.0,0.0,0.0,0.0,0.0,0.0,0.0,0.0,0.0,0.0,0.0,0.0,0.0,0.0,0.0,0.0,0.0,0.0,0.0,0.0,0.0,0.0,0.0,0.0,0.0,0.0,0.0,0.0,0.0,0.0,0.0,0.0,0.0,0.0,0.0,0.0,0.0,0.0,0.0,0.0,0.0,0.0,0.0,0.0,0.0,0.0,0.0,0.0,0.0,0.0,0.0,0.0,0.0,0.0,0.0,0.0,0.0,0.0,0.0,0.0,0.0,0.0,0.0,0.0,0.0,0.0,0.0,0.0,0.0,0.0,0.0,1000.486274510622,1000.5686274766922,1000.6313725709915,1000.678431391716,1000.7176470756531,1000.7607843279839,1000.8078431487083,1000.866666674614,1000.933333337307,2001.0,164.35569763183594,172.121337890625,177.02395629882812,180.85686645507812,184.21651458740234,187.39730224609374,190.6450668334961,194.2755157470703,199.46177825927734,349.7065734863281,199.6413,3.0,test_data/Useful/Validation/sharp sand at 1ft/20241020_170209.jpg,1255.0,0.0,30.173879362593365
95,0.0,0.0,0.0,0.0,0.0,0.0,0.0,0.0,0.0,0.0,0.0,0.0,0.0,0.0,0.0,0.0,0.0,0.0,0.0,0.0,0.0,0.0,0.0,0.0,0.0,0.0,0.0,0.0,0.0,0.0,0.0,0.0,0.0,0.0,0.0,0.0,0.0,0.0,0.0,0.0,0.0,0.0,0.0,0.0,0.0,0.0,0.0,0.0,0.0,0.0,0.0,0.0,0.0,0.0,0.0,0.0,0.0,0.0,0.0,0.0,0.0,0.0,0.0,0.0,0.0,0.0,0.0,0.0,0.0,0.0,0.0,0.0,0.0,0.0,0.0,0.0,0.0,0.0,0.0,0.0,0.0,0.0,0.0,0.0,0.0,0.0,0.0,0.0,0.0,0.0,0.0,0.0,0.0,0.0,0.0,0.0,0.0,0.0,0.0,0.0,0.0,1000.5254902243614,1000.6039215922356,1000.6549019813538,1000.6980392336845,1000.7333333492279,1000.7764706015587,1000.8196078538895,1000.8745098114014,1000.9450980424881,2001.0,164.23562622070312,172.03201293945312,176.9539031982422,180.7549285888672,184.097900390625,187.2179412841797,190.40972900390625,194.0420379638672,199.22250366210938,349.7712707519531,199.35927,3.0,test_data/Useful/Validation/sharp sand at 1ft/20241020_170210.jpg,1343.0,0.0,31.37641269557118
96,0.0,0.0,0.0,0.0,0.0,0.0,0.0,0.0,0.0,0.0,0.0,0.0,0.0,0.0,0.0,0.0,0.0,0.0,0.0,0.0,0.0,0.0,0.0,0.0,0.0,0.0,0.0,0.0,0.0,0.0,0.0,0.0,0.0,0.0,0.0,0.0,0.0,0.0,0.0,0.0,0.0,0.0,0.0,0.0,0.0,0.0,0.0,0.0,0.0,0.0,0.0,0.0,0.0,0.0,0.0,0.0,0.0,0.0,0.0,0.0,0.0,0.0,0.0,0.0,0.0,0.0,0.0,0.0,0.0,0.0,0.0,0.0,0.0,0.0,0.0,0.0,0.0,0.0,0.0,0.0,0.0,0.0,0.0,0.0,0.0,0.0,0.0,0.0,0.0,0.0,0.0,0.0,0.0,0.0,0.0,0.0,0.0,0.0,0.0,0.0,0.0,1000.5960784554482,1000.6588235497475,1000.7019608020782,1000.7372549176216,1000.7686274647713,1000.8000000119209,1000.8352941274643,1000.8784313797951,1000.9372549057007,2001.0,163.95787811279297,171.63941650390626,176.5847625732422,180.43150329589844,183.7589874267578,186.89663696289062,190.10809326171875,193.80844116210938,199.2635055541992,349.85986328125,200.71054,3.0,test_data/Useful/Validation/sharp sand at 1ft/20241020_170211(0).jpg,1629.0,0.0,26.902162360399004
97,0.0,0.0,0.0,0.0,0.0,0.0,0.0,0.0,0.0,0.0,0.0,0.0,0.0,0.0,0.0,0.0,0.0,0.0,0.0,0.0,0.0,0.0,0.0,0.0,0.0,0.0,0.0,0.0,0.0,0.0,0.0,0.0,0.0,0.0,0.0,0.0,0.0,0.0,0.0,0.0,0.0,0.0,0.0,0.0,0.0,0.0,0.0,0.0,0.0,0.0,0.0,0.0,0.0,0.0,0.0,0.0,0.0,0.0,0.0,0.0,0.0,0.0,0.0,0.0,0.0,0.0,0.0,0.0,0.0,0.0,0.0,0.0,0.0,0.0,0.0,0.0,0.0,0.0,0.0,0.0,0.0,0.0,0.0,0.0,0.0,0.0,0.0,0.0,0.0,0.0,0.0,0.0,0.0,0.0,0.0,0.0,0.0,0.0,0.0,0.0,0.0,1000.5333333611488,1000.611764729023,1000.6627451181412,1000.705882370472,1000.745098054409,1000.7843137383461,1000.8313725590706,1000.8901960849762,1000.9568627476692,2001.0,163.96368713378905,171.73748779296875,176.6701202392578,180.58239135742187,183.9209213256836,187.0975341796875,190.2823486328125,193.97506713867188,199.11990814208986,349.7876281738281,199.40326,3.0,test_data/Useful/Validation/sharp sand at 1ft/20241020_170211.jpg,1331.0,0.0,24.406552597014183
98,0.0,0.0,0.0,0.0,0.0,0.0,0.0,0.0,0.0,0.0,0.0,0.0,0.0,0.0,0.0,0.0,0.0,0.0,0.0,0.0,0.0,0.0,0.0,0.0,0.0,0.0,0.0,0.0,0.0,0.0,0.0,0.0,0.0,0.0,0.0,0.0,0.0,0.0,0.0,0.0,0.0,0.0,0.0,0.0,0.0,0.0,0.0,0.0,0.0,0.0,0.0,0.0,0.0,0.0,0.0,0.0,0.0,0.0,0.0,0.0,0.0,0.0,0.0,0.0,0.0,0.0,0.0,0.0,0.0,0.0,0.0,0.0,0.0,0.0,0.0,0.0,0.0,0.0,0.0,0.0,0.0,0.0,0.0,0.0,0.0,0.0,0.0,0.0,0.0,0.0,0.0,0.0,0.0,0.0,0.0,0.0,0.0,0.0,0.0,0.0,0.0,1000.5333333611488,1000.6156862974167,1000.678431391716,1000.7254902124405,1000.772549033165,1000.8196078538895,1000.866666674614,1000.9176470637321,1000.9803921580315,2001.0,164.0592300415039,171.81475830078125,176.78683471679688,180.6532440185547,183.99720001220703,187.2009521484375,190.4265594482422,194.0770294189453,199.37762145996095,349.84930419921875,199.95683,3.0,test_data/Useful/Validation/sharp sand at 1ft/20241020_170212.jpg,1441.0,0.0,29.228094479322202
99,0.0,0.0,0.0,0.0,0.0,0.0,0.0,0.0,0.0,0.0,0.0,0.0,0.0,0.0,0.0,0.0,0.0,0.0,0.0,0.0,0.0,0.0,0.0,0.0,0.0,0.0,0.0,0.0,0.0,0.0,0.0,0.0,0.0,0.0,0.0,0.0,0.0,0.0,0.0,0.0,0.0,0.0,0.0,0.0,0.0,0.0,0.0,0.0,0.0,0.0,0.0,0.0,0.0,0.0,0.0,0.0,0.0,0.0,0.0,0.0,0.0,0.0,0.0,0.0,0.0,0.0,0.0,0.0,0.0,0.0,0.0,0.0,0.0,0.0,0.0,0.0,0.0,0.0,0.0,0.0,0.0,0.0,0.0,0.0,0.0,0.0,0.0,0.0,0.0,0.0,0.0,0.0,0.0,0.0,0.0,0.0,0.0,0.0,0.0,0.0,0.0,1000.5294117927551,1000.6156862974167,1000.6745098233223,1000.7215686440468,1000.7607843279839,1000.8039215803146,1000.8509804010391,1000.9098039269447,1000.972549021244,2001.0,163.86661376953126,171.64305725097657,176.60297241210938,180.4224395751953,183.81002807617188,186.95145263671876,190.1910415649414,193.85971984863284,199.13237457275392,349.825439453125,199.5091,3.0,test_data/Useful/Validation/sharp sand at 1ft/20241020_170213(0).jpg,1371.0,0.0,31.777772949162365
100,0.0,0.0,0.0,0.0,0.0,0.0,0.0,0.0,0.0,0.0,0.0,0.0,0.0,0.0,0.0,0.0,0.0,0.0,0.0,0.0,0.0,0.0,0.0,0.0,0.0,0.0,0.0,0.0,0.0,0.0,0.0,0.0,0.0,0.0,0.0,0.0,0.0,0.0,0.0,0.0,0.0,0.0,0.0,0.0,0.0,0.0,0.0,0.0,0.0,0.0,0.0,0.0,0.0,0.0,0.0,0.0,0.0,0.0,0.0,0.0,0.0,0.0,0.0,0.0,0.0,0.0,0.0,0.0,0.0,0.0,0.0,0.0,0.0,0.0,0.0,0.0,0.0,0.0,0.0,0.0,0.0,0.0,0.0,0.0,0.0,0.0,0.0,0.0,0.0,0.0,0.0,0.0,0.0,0.0,0.0,0.0,0.0,0.0,0.0,0.0,0.0,1000.5372549295425,1000.6235294342041,1000.6823529601097,1000.7294117808342,1000.7764706015587,1000.8235294222832,1000.8705882430077,1000.9215686321259,1000.9843137264252,2001.0,164.0499267578125,171.84561157226562,176.79129028320312,180.6717529296875,184.0589141845703,187.22877502441406,190.47706298828126,194.2005615234375,199.38284454345703,349.85650634765625,199.85413,3.0,test_data/Useful/Validation/sharp sand at 1ft/20241020_170213.jpg,1384.0,0.0,24.86472513697116
101,0.0,0.0,0.0,0.0,0.0,0.0,0.0,0.0,0.0,0.0,0.0,0.0,0.0,0.0,0.0,0.0,0.0,0.0,0.0,0.0,0.0,0.0,0.0,0.0,0.0,0.0,0.0,0.0,0.0,0.0,0.0,0.0,0.0,0.0,0.0,0.0,0.0,0.0,0.0,0.0,0.0,0.0,0.0,0.0,0.0,0.0,0.0,0.0,0.0,0.0,0.0,0.0,0.0,0.0,0.0,0.0,0.0,0.0,0.0,0.0,0.0,0.0,0.0,0.0,0.0,0.0,0.0,0.0,0.0,0.0,0.0,0.0,0.0,0.0,0.0,0.0,0.0,0.0,0.0,0.0,0.0,0.0,0.0,0.0,0.0,0.0,0.0,0.0,0.0,0.0,0.0,0.0,0.0,0.0,0.0,0.0,0.0,0.0,0.0,0.0,0.0,1000.5764706134796,1000.6392157077789,1000.678431391716,1000.7098039388657,1000.7333333492279,1000.7647058963776,1000.7960784435272,1000.8352941274643,1000.8941176533699,3000.89411765337,164.06989440917968,171.74813537597657,176.66400146484375,180.5331268310547,183.9212188720703,187.12844848632812,190.34048461914062,193.9625701904297,199.2145538330078,349.8219299316406,199.46921,3.0,test_data/Useful/Validation/sharp sand at 1ft/20241020_170214.jpg,1297.0,0.0,27.242043654403165
102,0.0,0.0,0.0,0.0,0.0,0.0,0.0,0.0,0.0,0.0,0.0,0.0,0.0,0.0,0.0,0.0,0.0,0.0,0.0,0.0,0.0,0.0,0.0,0.0,0.0,0.0,0.0,0.0,0.0,0.0,0.0,0.0,0.0,0.0,0.0,0.0,0.0,0.0,0.0,0.0,0.0,0.0,0.0,0.0,0.0,0.0,0.0,0.0,0.0,0.0,0.0,0.0,0.0,0.0,0.0,0.0,0.0,0.0,0.0,0.0,0.0,0.0,0.0,0.0,0.0,0.0,0.0,0.0,0.0,0.0,0.0,0.0,0.0,0.0,0.0,0.0,0.0,0.0,0.0,0.0,0.0,0.0,0.0,0.0,0.0,0.0,0.0,0.0,0.0,0.0,0.0,0.0,0.0,0.0,0.0,0.0,0.0,0.0,0.0,0.0,0.0,1000.5215686559677,1000.5921568870544,1000.6392157077789,1000.6745098233223,1000.705882370472,1000.7372549176216,1000.7686274647713,1000.811764717102,1000.8745098114014,2000.9882352948189,164.08304748535156,171.7815155029297,176.7146255493164,180.54646911621094,183.9142837524414,187.06358032226564,190.29214782714843,193.9136993408203,199.11358489990235,349.7271423339844,199.18613,3.0,test_data/Useful/Validation/sharp sand at 1ft/20241020_170215.jpg,1075.0,0.0,28.365996888705276
103,0.0,0.0,0.0,0.0,0.0,0.0,0.0,0.0,0.0,0.0,0.0,0.0,0.0,0.0,0.0,0.0,0.0,0.0,0.0,0.0,0.0,0.0,0.0,0.0,0.0,0.0,0.0,0.0,0.0,0.0,0.0,0.0,0.0,0.0,0.0,0.0,0.0,0.0,0.0,0.0,0.0,0.0,0.0,0.0,0.0,0.0,0.0,0.0,0.0,0.0,0.0,0.0,0.0,0.0,0.0,0.0,0.0,0.0,0.0,0.0,0.0,0.0,0.0,0.0,0.0,0.0,0.0,0.0,0.0,0.0,0.0,0.0,0.0,0.0,0.0,0.0,0.0,0.0,0.0,0.0,0.0,0.0,0.0,0.0,0.0,0.0,0.0,0.0,0.0,0.0,0.0,0.0,0.0,0.0,0.0,0.0,0.0,0.0,0.0,0.0,0.0,1000.5294117927551,1000.6000000238419,1000.6431372761726,1000.6745098233223,1000.7019608020782,1000.7294117808342,1000.7607843279839,1000.8000000119209,1000.8588235378265,3000.9294117689133,164.13860626220702,171.85230407714843,176.7001190185547,180.48165893554688,183.83151245117188,187.01803588867188,190.2405532836914,193.90205078125,199.20155334472656,349.730712890625,199.85764,3.0,test_data/Useful/Validation/sharp sand at 1ft/20241020_170216.jpg,1464.0,0.0,33.3264496139432
104,0.0,0.0,0.0,0.0,0.0,0.0,0.0,0.0,0.0,0.0,0.0,0.0,0.0,0.0,0.0,0.0,0.0,0.0,0.0,0.0,0.0,0.0,0.0,0.0,0.0,0.0,0.0,0.0,0.0,0.0,0.0,0.0,0.0,0.0,0.0,0.0,0.0,0.0,0.0,0.0,0.0,0.0,0.0,0.0,0.0,0.0,0.0,0.0,0.0,0.0,0.0,0.0,0.0,0.0,0.0,0.0,0.0,0.0,0.0,0.0,0.0,0.0,0.0,0.0,0.0,0.0,0.0,0.0,0.0,0.0,0.0,0.0,0.0,0.0,0.0,0.0,0.0,0.0,0.0,0.0,0.0,0.0,0.0,0.0,0.0,0.0,0.0,0.0,0.0,0.0,0.0,0.0,0.0,0.0,0.0,0.0,0.0,0.0,0.0,0.0,0.0,1000.5294117927551,1000.6078431606293,1000.6588235497475,1000.7019608020782,1000.7333333492279,1000.772549033165,1000.8196078538895,1000.8784313797951,1000.9450980424881,3001.0,164.52276611328125,172.20477294921875,177.07760620117188,180.95309448242188,184.2735137939453,187.36390686035156,190.55844116210938,194.21575927734375,199.48931884765625,349.859130859375,199.85388,3.0,test_data/Useful/Validation/sharp sand at 1ft/20241020_170217(0).jpg,1418.0,0.0,36.46116770324437
0,0.0,0.0,0.0,0.0,0.0,0.0,0.0,0.0,0.0,0.0,0.0,0.0,0.0,0.0,0.0,0.0,0.0,0.0,0.0,0.0,0.0,0.0,0.0,0.0,0.0,0.0,0.0,0.0,0.0,0.0,0.0,0.0,0.0,0.0,0.0,0.0,0.0,0.0,0.0,0.0,0.0,0.0,0.0,0.0,0.0,0.0,0.0,0.0,0.0,0.0,0.0,0.0,0.0,0.0,0.0,0.0,0.0,0.0,0.0,0.0,0.0,0.0,0.0,0.0,0.0,0.0,0.0,0.0,0.0,0.0,0.0,0.0,0.0,0.0,0.0,0.0,0.0,0.0,0.0,0.0,0.0,0.0,0.0,0.0,0.0,0.0,0.0,0.0,0.0,0.0,0.0,0.0,0.0,0.0,0.0,0.0,0.0,0.0,0.0,0.0,0.0,1000.5803921818733,1000.6431372761726,1000.6823529601097,1000.7098039388657,1000.7372549176216,1000.7647058963776,1000.7960784435272,1000.839215695858,1000.905882358551,2001.0,163.70954437255858,171.54254150390625,176.47775268554688,180.3675079345703,183.70462036132812,186.8847900390625,190.14046936035155,193.79629516601562,199.12872314453125,349.9216003417969,200.0694,3.0,test_data/Useful/Validation/sharp sand at 2ft/20241020_172219.jpg,1430.0,0.0,57.019106040214645
1,0.0,0.0,0.0,0.0,0.0,0.0,0.0,0.0,0.0,0.0,0.0,0.0,0.0,0.0,0.0,0.0,0.0,0.0,0.0,0.0,0.0,0.0,0.0,0.0,0.0,0.0,0.0,0.0,0.0,0.0,0.0,0.0,0.0,0.0,0.0,0.0,0.0,0.0,0.0,0.0,0.0,0.0,0.0,0.0,0.0,0.0,0.0,0.0,0.0,0.0,0.0,0.0,0.0,0.0,0.0,0.0,0.0,0.0,0.0,0.0,0.0,0.0,0.0,0.0,0.0,0.0,0.0,0.0,0.0,0.0,0.0,0.0,0.0,0.0,0.0,0.0,0.0,0.0,0.0,0.0,0.0,0.0,0.0,0.0,0.0,0.0,0.0,0.0,0.0,0.0,0.0,0.0,0.0,0.0,0.0,0.0,0.0,0.0,0.0,0.0,0.0,1000.5490196347237,1000.6274510025978,1000.6705882549286,1000.705882370472,1000.7372549176216,1000.7686274647713,1000.811764717102,1000.866666674614,1000.9411764740944,3001.0,164.19903564453125,172.00311279296875,176.93011474609375,180.79757690429688,184.14146423339844,187.30438232421875,190.49815826416017,194.04806518554688,199.15264892578125,349.89739990234375,198.84459,3.0,test_data/Useful/Validation/sharp sand at 2ft/20241020_172221.jpg,1238.0,0.0,56.809797583558435
2,0.0,0.0,0.0,0.0,0.0,0.0,0.0,0.0,0.0,0.0,0.0,0.0,0.0,0.0,0.0,0.0,0.0,0.0,0.0,0.0,0.0,0.0,0.0,0.0,0.0,0.0,0.0,0.0,0.0,0.0,0.0,0.0,0.0,0.0,0.0,0.0,0.0,0.0,0.0,0.0,0.0,0.0,0.0,0.0,0.0,0.0,0.0,0.0,0.0,0.0,0.0,0.0,0.0,0.0,0.0,0.0,0.0,0.0,0.0,0.0,0.0,0.0,0.0,0.0,0.0,0.0,0.0,0.0,0.0,0.0,0.0,0.0,0.0,0.0,0.0,0.0,0.0,0.0,0.0,0.0,0.0,0.0,0.0,0.0,0.0,0.0,0.0,0.0,0.0,0.0,0.0,0.0,0.0,0.0,0.0,0.0,0.0,0.0,0.0,0.0,0.0,1000.5529412031174,1000.6274510025978,1000.6705882549286,1000.7019608020782,1000.7294117808342,1000.7607843279839,1000.8000000119209,1000.8549019694328,1000.9294117689133,3001.0,164.23890686035156,171.8907012939453,176.8778839111328,180.76077270507812,184.15321350097656,187.31683349609375,190.54031372070312,194.16964721679688,199.26185760498046,349.8878479003906,199.01047,3.0,test_data/Useful/Validation/sharp sand at 2ft/20241020_172222.jpg,1275.0,0.0,58.085772252705134
3,0.0,0.0,0.0,0.0,0.0,0.0,0.0,0.0,0.0,0.0,0.0,0.0,0.0,0.0,0.0,0.0,0.0,0.0,0.0,0.0,0.0,0.0,0.0,0.0,0.0,0.0,0.0,0.0,0.0,0.0,0.0,0.0,0.0,0.0,0.0,0.0,0.0,0.0,0.0,0.0,0.0,0.0,0.0,0.0,0.0,0.0,0.0,0.0,0.0,0.0,0.0,0.0,0.0,0.0,0.0,0.0,0.0,0.0,0.0,0.0,0.0,0.0,0.0,0.0,0.0,0.0,0.0,0.0,0.0,0.0,0.0,0.0,0.0,0.0,0.0,0.0,0.0,0.0,0.0,0.0,0.0,0.0,0.0,0.0,0.0,0.0,0.0,0.0,0.0,0.0,0.0,0.0,0.0,0.0,0.0,0.0,0.0,0.0,0.0,0.0,0.0,1000.54509806633,1000.6156862974167,1000.6588235497475,1000.6980392336845,1000.7254902124405,1000.7607843279839,1000.8000000119209,1000.8509804010391,1000.9254902005196,3001.0,164.1642105102539,172.06584777832032,176.97811889648438,180.81832885742188,184.14369201660156,187.26914978027344,190.4853057861328,194.1134490966797,199.21194458007812,349.8626708984375,198.75694,3.0,test_data/Useful/Validation/sharp sand at 2ft/20241020_172223.jpg,1136.0,0.0,63.184766066972905
4,0.0,0.0,0.0,0.0,0.0,0.0,0.0,0.0,0.0,0.0,0.0,0.0,0.0,0.0,0.0,0.0,0.0,0.0,0.0,0.0,0.0,0.0,0.0,0.0,0.0,0.0,0.0,0.0,0.0,0.0,0.0,0.0,0.0,0.0,0.0,0.0,0.0,0.0,0.0,0.0,0.0,0.0,0.0,0.0,0.0,0.0,0.0,0.0,0.0,0.0,0.0,0.0,0.0,0.0,0.0,0.0,0.0,0.0,0.0,0.0,0.0,0.0,0.0,0.0,0.0,0.0,0.0,0.0,0.0,0.0,0.0,0.0,0.0,0.0,0.0,0.0,0.0,0.0,0.0,0.0,0.0,0.0,0.0,0.0,0.0,0.0,0.0,0.0,0.0,0.0,0.0,0.0,0.0,0.0,0.0,0.0,0.0,0.0,0.0,0.0,0.0,1000.5411764979362,1000.611764729023,1000.6588235497475,1000.6980392336845,1000.7254902124405,1000.7607843279839,1000.8039215803146,1000.8588235378265,1000.933333337307,3001.0,164.16127166748046,171.94847106933594,176.83755493164062,180.7346923828125,184.1178436279297,187.22183227539062,190.45196533203125,194.0943389892578,199.14935607910155,349.863037109375,198.78085,3.0,test_data/Useful/Validation/sharp sand at 2ft/20241020_172224.jpg,1140.0,0.0,59.52778754584024
5,0.0,0.0,0.0,0.0,0.0,0.0,0.0,0.0,0.0,0.0,0.0,0.0,0.0,0.0,0.0,0.0,0.0,0.0,0.0,0.0,0.0,0.0,0.0,0.0,0.0,0.0,0.0,0.0,0.0,0.0,0.0,0.0,0.0,0.0,0.0,0.0,0.0,0.0,0.0,0.0,0.0,0.0,0.0,0.0,0.0,0.0,0.0,0.0,0.0,0.0,0.0,0.0,0.0,0.0,0.0,0.0,0.0,0.0,0.0,0.0,0.0,0.0,0.0,0.0,0.0,0.0,0.0,0.0,0.0,0.0,0.0,0.0,0.0,0.0,0.0,0.0,0.0,0.0,0.0,0.0,0.0,0.0,0.0,0.0,0.0,0.0,0.0,0.0,0.0,0.0,0.0,0.0,0.0,0.0,0.0,0.0,0.0,0.0,0.0,0.0,0.0,1000.5490196347237,1000.6196078658104,1000.6627451181412,1000.6980392336845,1000.7294117808342,1000.7647058963776,1000.8039215803146,1000.8549019694328,1000.9294117689133,3001.0,164.23764190673828,171.98828125,176.8951416015625,180.72955322265625,184.02627563476562,187.1604797363281,190.31723022460938,193.914306640625,198.98928833007812,349.88446044921875,198.74101,3.0,test_data/Useful/Validation/sharp sand at 2ft/20241020_172225.jpg,1084.0,0.0,63.2811854360524
6,0.0,0.0,0.0,0.0,0.0,0.0,0.0,0.0,0.0,0.0,0.0,0.0,0.0,0.0,0.0,0.0,0.0,0.0,0.0,0.0,0.0,0.0,0.0,0.0,0.0,0.0,0.0,0.0,0.0,0.0,0.0,0.0,0.0,0.0,0.0,0.0,0.0,0.0,0.0,0.0,0.0,0.0,0.0,0.0,0.0,0.0,0.0,0.0,0.0,0.0,0.0,0.0,0.0,0.0,0.0,0.0,0.0,0.0,0.0,0.0,0.0,0.0,0.0,0.0,0.0,0.0,0.0,0.0,0.0,0.0,0.0,0.0,0.0,0.0,0.0,0.0,0.0,0.0,0.0,0.0,0.0,0.0,0.0,0.0,0.0,0.0,0.0,0.0,0.0,0.0,0.0,0.0,0.0,0.0,0.0,0.0,0.0,0.0,0.0,0.0,0.0,1000.5411764979362,1000.6156862974167,1000.6588235497475,1000.6980392336845,1000.7254902124405,1000.7607843279839,1000.8000000119209,1000.8549019694328,1000.9254902005196,3000.9803921580315,164.2816146850586,171.9676055908203,176.910107421875,180.74862976074218,184.1061553955078,187.27810363769532,190.44422760009766,194.017578125,199.07655334472656,349.8626403808594,198.61983,3.0,test_data/Useful/Validation/sharp sand at 2ft/20241020_172226.jpg,1118.0,0.0,53.77543794436337
7,0.0,0.0,0.0,0.0,0.0,0.0,0.0,0.0,0.0,0.0,0.0,0.0,0.0,0.0,0.0,0.0,0.0,0.0,0.0,0.0,0.0,0.0,0.0,0.0,0.0,0.0,0.0,0.0,0.0,0.0,0.0,0.0,0.0,0.0,0.0,0.0,0.0,0.0,0.0,0.0,0.0,0.0,0.0,0.0,0.0,0.0,0.0,0.0,0.0,0.0,0.0,0.0,0.0,0.0,0.0,0.0,0.0,0.0,0.0,0.0,0.0,0.0,0.0,0.0,0.0,0.0,0.0,0.0,0.0,0.0,0.0,0.0,0.0,0.0,0.0,0.0,0.0,0.0,0.0,0.0,0.0,0.0,0.0,0.0,0.0,0.0,0.0,0.0,0.0,0.0,0.0,0.0,0.0,0.0,0.0,0.0,0.0,0.0,0.0,0.0,0.0,1000.54509806633,1000.6156862974167,1000.6588235497475,1000.6941176652908,1000.7254902124405,1000.7607843279839,1000.8039215803146,1000.8588235378265,1000.933333337307,3000.9960784316063,164.26092681884765,172.03338012695312,176.9975128173828,180.87408447265625,184.2313690185547,187.39378356933594,190.60986328125,194.16943359375,199.22869873046875,349.86968994140625,198.74762,3.0,test_data/Useful/Validation/sharp sand at 2ft/20241020_172228.jpg,1132.0,0.0,62.10189902642944
8,0.0,0.0,0.0,0.0,0.0,0.0,0.0,0.0,0.0,0.0,0.0,0.0,0.0,0.0,0.0,0.0,0.0,0.0,0.0,0.0,0.0,0.0,0.0,0.0,0.0,0.0,0.0,0.0,0.0,0.0,0.0,0.0,0.0,0.0,0.0,0.0,0.0,0.0,0.0,0.0,0.0,0.0,0.0,0.0,0.0,0.0,0.0,0.0,0.0,0.0,0.0,0.0,0.0,0.0,0.0,0.0,0.0,0.0,0.0,0.0,0.0,0.0,0.0,0.0,0.0,0.0,0.0,0.0,0.0,0.0,0.0,0.0,0.0,0.0,0.0,0.0,0.0,0.0,0.0,0.0,0.0,0.0,0.0,0.0,0.0,0.0,0.0,0.0,0.0,0.0,0.0,0.0,0.0,0.0,0.0,0.0,0.0,0.0,0.0,0.0,0.0,1000.54509806633,1000.6156862974167,1000.6627451181412,1000.6980392336845,1000.7294117808342,1000.7686274647713,1000.8156862854958,1000.8745098114014,1000.9490196108818,3000.9960784316063,164.3468017578125,171.9458770751953,176.87689208984375,180.73472595214844,184.07167053222656,187.24687805175782,190.43560028076172,194.0540313720703,199.10643005371094,349.8953552246094,198.87646,3.0,test_data/Useful/Validation/sharp sand at 2ft/20241020_172230.jpg,1062.0,0.0,65.02391589650861
9,0.0,0.0,0.0,0.0,0.0,0.0,0.0,0.0,0.0,0.0,0.0,0.0,0.0,0.0,0.0,0.0,0.0,0.0,0.0,0.0,0.0,0.0,0.0,0.0,0.0,0.0,0.0,0.0,0.0,0.0,0.0,0.0,0.0,0.0,0.0,0.0,0.0,0.0,0.0,0.0,0.0,0.0,0.0,0.0,0.0,0.0,0.0,0.0,0.0,0.0,0.0,0.0,0.0,0.0,0.0,0.0,0.0,0.0,0.0,0.0,0.0,0.0,0.0,0.0,0.0,0.0,0.0,0.0,0.0,0.0,0.0,0.0,0.0,0.0,0.0,0.0,0.0,0.0,0.0,0.0,0.0,0.0,0.0,0.0,0.0,0.0,0.0,0.0,0.0,0.0,0.0,0.0,0.0,0.0,0.0,0.0,0.0,0.0,0.0,0.0,0.0,1000.5490196347237,1000.6196078658104,1000.6627451181412,1000.6980392336845,1000.7254902124405,1000.7607843279839,1000.8039215803146,1000.8588235378265,1000.9372549057007,2001.0,164.43469848632813,171.97423095703127,176.84527740478515,180.65222778320313,184.03689575195312,187.20445251464844,190.36721801757812,194.0012969970703,199.1513214111328,349.8756408691406,199.06691,3.0,test_data/Useful/Validation/sharp sand at 2ft/20241020_172231.jpg,1269.0,0.0,58.80799766772635
10,0.0,0.0,0.0,0.0,0.0,0.0,0.0,0.0,0.0,0.0,0.0,0.0,0.0,0.0,0.0,0.0,0.0,0.0,0.0,0.0,0.0,0.0,0.0,0.0,0.0,0.0,0.0,0.0,0.0,0.0,0.0,0.0,0.0,0.0,0.0,0.0,0.0,0.0,0.0,0.0,0.0,0.0,0.0,0.0,0.0,0.0,0.0,0.0,0.0,0.0,0.0,0.0,0.0,0.0,0.0,0.0,0.0,0.0,0.0,0.0,0.0,0.0,0.0,0.0,0.0,0.0,0.0,0.0,0.0,0.0,0.0,0.0,0.0,0.0,0.0,0.0,0.0,0.0,0.0,0.0,0.0,0.0,0.0,0.0,0.0,0.0,0.0,0.0,0.0,0.0,0.0,0.0,0.0,0.0,0.0,0.0,0.0,0.0,0.0,0.0,0.0,1000.54509806633,1000.611764729023,1000.6549019813538,1000.6901960968971,1000.7215686440468,1000.7529411911964,1000.7960784435272,1000.8509804010391,1000.9294117689133,2001.0,164.38365325927734,171.94500122070312,176.87891235351563,180.76272583007812,184.07911682128906,187.2583770751953,190.42250061035156,194.02957153320312,199.18490600585938,349.85498046875,199.31252,3.0,test_data/Useful/Validation/sharp sand at 2ft/20241020_172232.jpg,1405.0,0.0,66.97139083825961
11,0.0,0.0,0.0,0.0,0.0,0.0,0.0,0.0,0.0,0.0,0.0,0.0,0.0,0.0,0.0,0.0,0.0,0.0,0.0,0.0,0.0,0.0,0.0,0.0,0.0,0.0,0.0,0.0,0.0,0.0,0.0,0.0,0.0,0.0,0.0,0.0,0.0,0.0,0.0,0.0,0.0,0.0,0.0,0.0,0.0,0.0,0.0,0.0,0.0,0.0,0.0,0.0,0.0,0.0,0.0,0.0,0.0,0.0,0.0,0.0,0.0,0.0,0.0,0.0,0.0,0.0,0.0,0.0,0.0,0.0,0.0,0.0,0.0,0.0,0.0,0.0,0.0,0.0,0.0,0.0,0.0,0.0,0.0,0.0,0.0,0.0,0.0,0.0,0.0,0.0,0.0,0.0,0.0,0.0,0.0,0.0,0.0,0.0,0.0,0.0,0.0,1000.5372549295425,1000.6078431606293,1000.6549019813538,1000.6980392336845,1000.7333333492279,1000.772549033165,1000.8196078538895,1000.8784313797951,1000.9529411792755,2001.0,164.16415557861328,171.85995483398438,176.79153594970703,180.58402404785156,183.9021224975586,187.04212951660156,190.2352294921875,193.85036926269532,199.0680694580078,349.8760986328125,199.44263,3.0,test_data/Useful/Validation/sharp sand at 2ft/20241020_172233.jpg,1315.0,0.0,57.00089811037359
12,0.0,0.0,0.0,0.0,0.0,0.0,0.0,0.0,0.0,0.0,0.0,0.0,0.0,0.0,0.0,0.0,0.0,0.0,0.0,0.0,0.0,0.0,0.0,0.0,0.0,0.0,0.0,0.0,0.0,0.0,0.0,0.0,0.0,0.0,0.0,0.0,0.0,0.0,0.0,0.0,0.0,0.0,0.0,0.0,0.0,0.0,0.0,0.0,0.0,0.0,0.0,0.0,0.0,0.0,0.0,0.0,0.0,0.0,0.0,0.0,0.0,0.0,0.0,0.0,0.0,0.0,0.0,0.0,0.0,0.0,0.0,0.0,0.0,0.0,0.0,0.0,0.0,0.0,0.0,0.0,0.0,0.0,0.0,0.0,0.0,0.0,0.0,0.0,0.0,0.0,0.0,0.0,0.0,0.0,0.0,0.0,0.0,0.0,0.0,0.0,0.0,1000.5568627715111,1000.6274510025978,1000.6705882549286,1000.7098039388657,1000.7411764860153,1000.7803921699524,1000.8235294222832,1000.8823529481888,1000.9568627476692,3001.0,164.17884826660156,171.8524932861328,176.76419067382812,180.5982208251953,183.9364242553711,187.0587188720703,190.30078887939453,193.9151184082031,199.16838989257812,349.9197082519531,199.1543,3.0,test_data/Useful/Validation/sharp sand at 2ft/20241020_172234.jpg,1276.0,0.0,58.32255971222306
13,0.0,0.0,0.0,0.0,0.0,0.0,0.0,0.0,0.0,0.0,0.0,0.0,0.0,0.0,0.0,0.0,0.0,0.0,0.0,0.0,0.0,0.0,0.0,0.0,0.0,0.0,0.0,0.0,0.0,0.0,0.0,0.0,0.0,0.0,0.0,0.0,0.0,0.0,0.0,0.0,0.0,0.0,0.0,0.0,0.0,0.0,0.0,0.0,0.0,0.0,0.0,0.0,0.0,0.0,0.0,0.0,0.0,0.0,0.0,0.0,0.0,0.0,0.0,0.0,0.0,0.0,0.0,0.0,0.0,0.0,0.0,0.0,0.0,0.0,0.0,0.0,0.0,0.0,0.0,0.0,0.0,0.0,0.0,0.0,0.0,0.0,0.0,0.0,0.0,0.0,0.0,0.0,0.0,0.0,0.0,0.0,0.0,0.0,0.0,0.0,0.0,1000.5764706134796,1000.6431372761726,1000.6862745285034,1000.7215686440468,1000.7529411911964,1000.7882353067398,1000.8313725590706,1000.8901960849762,1000.9607843160629,3001.0,164.31878356933595,171.99027099609376,176.88085327148437,180.72157592773436,184.13731384277344,187.28612060546874,190.5019744873047,194.14370727539062,199.20602416992188,349.9661865234375,198.83807,3.0,test_data/Useful/Validation/sharp sand at 2ft/20241020_172235.jpg,1068.0,0.0,53.98969373502818
14,0.0,0.0,0.0,0.0,0.0,0.0,0.0,0.0,0.0,0.0,0.0,0.0,0.0,0.0,0.0,0.0,0.0,0.0,0.0,0.0,0.0,0.0,0.0,0.0,0.0,0.0,0.0,0.0,0.0,0.0,0.0,0.0,0.0,0.0,0.0,0.0,0.0,0.0,0.0,0.0,0.0,0.0,0.0,0.0,0.0,0.0,0.0,0.0,0.0,0.0,0.0,0.0,0.0,0.0,0.0,0.0,0.0,0.0,0.0,0.0,0.0,0.0,0.0,0.0,0.0,0.0,0.0,0.0,0.0,0.0,0.0,0.0,0.0,0.0,0.0,0.0,0.0,0.0,0.0,0.0,0.0,0.0,0.0,0.0,0.0,0.0,0.0,0.0,0.0,0.0,0.0,0.0,0.0,0.0,0.0,0.0,0.0,0.0,0.0,0.0,0.0,1000.5490196347237,1000.6274510025978,1000.6745098233223,1000.7137255072594,1000.7529411911964,1000.7960784435272,1000.8470588326454,1000.905882358551,1000.9764705896378,3001.0,164.4523468017578,172.16733093261718,177.085400390625,180.91810607910156,184.33187866210938,187.49993896484375,190.71029663085938,194.30844116210938,199.361328125,349.95220947265625,198.78294,3.0,test_data/Useful/Validation/sharp sand at 2ft/20241020_172236.jpg,1164.0,0.0,58.90182264861456
15,0.0,0.0,0.0,0.0,0.0,0.0,0.0,0.0,0.0,0.0,0.0,0.0,0.0,0.0,0.0,0.0,0.0,0.0,0.0,0.0,0.0,0.0,0.0,0.0,0.0,0.0,0.0,0.0,0.0,0.0,0.0,0.0,0.0,0.0,0.0,0.0,0.0,0.0,0.0,0.0,0.0,0.0,0.0,0.0,0.0,0.0,0.0,0.0,0.0,0.0,0.0,0.0,0.0,0.0,0.0,0.0,0.0,0.0,0.0,0.0,0.0,0.0,0.0,0.0,0.0,0.0,0.0,0.0,0.0,0.0,0.0,0.0,0.0,0.0,0.0,0.0,0.0,0.0,0.0,0.0,0.0,0.0,0.0,0.0,0.0,0.0,0.0,0.0,0.0,0.0,0.0,0.0,0.0,0.0,0.0,0.0,0.0,0.0,0.0,0.0,0.0,1000.5647059082985,1000.6352941393852,1000.6745098233223,1000.7098039388657,1000.7411764860153,1000.7764706015587,1000.8196078538895,1000.8745098114014,1000.9529411792755,3001.0,164.248551940918,171.87999877929687,176.85596313476563,180.68870544433594,184.055908203125,187.23486328125,190.47097778320312,194.06793212890625,199.16876220703125,349.93231201171875,198.91914,3.0,test_data/Useful/Validation/sharp sand at 2ft/20241020_172237(0).jpg,1227.0,0.0,56.2311194255527
16,0.0,0.0,0.0,0.0,0.0,0.0,0.0,0.0,0.0,0.0,0.0,0.0,0.0,0.0,0.0,0.0,0.0,0.0,0.0,0.0,0.0,0.0,0.0,0.0,0.0,0.0,0.0,0.0,0.0,0.0,0.0,0.0,0.0,0.0,0.0,0.0,0.0,0.0,0.0,0.0,0.0,0.0,0.0,0.0,0.0,0.0,0.0,0.0,0.0,0.0,0.0,0.0,0.0,0.0,0.0,0.0,0.0,0.0,0.0,0.0,0.0,0.0,0.0,0.0,0.0,0.0,0.0,0.0,0.0,0.0,0.0,0.0,0.0,0.0,0.0,0.0,0.0,0.0,0.0,0.0,0.0,0.0,0.0,0.0,0.0,0.0,0.0,0.0,0.0,0.0,0.0,0.0,0.0,0.0,0.0,0.0,0.0,0.0,0.0,0.0,0.0,1000.6000000238419,1000.6588235497475,1000.7019608020782,1000.7294117808342,1000.7607843279839,1000.7921568751335,1000.8313725590706,1000.8823529481888,1000.9568627476692,2001.0,164.32837371826173,172.00205078125,176.9905258178711,180.80615234375,184.1473388671875,187.31495971679686,190.52919006347656,194.14429321289063,199.1857437133789,350.0135498046875,198.67532,3.0,test_data/Useful/Validation/sharp sand at 2ft/20241020_172306.jpg,1072.0,0.0,66.12275835900074
17,0.0,0.0,0.0,0.0,0.0,0.0,0.0,0.0,0.0,0.0,0.0,0.0,0.0,0.0,0.0,0.0,0.0,0.0,0.0,0.0,0.0,0.0,0.0,0.0,0.0,0.0,0.0,0.0,0.0,0.0,0.0,0.0,0.0,0.0,0.0,0.0,0.0,0.0,0.0,0.0,0.0,0.0,0.0,0.0,0.0,0.0,0.0,0.0,0.0,0.0,0.0,0.0,0.0,0.0,0.0,0.0,0.0,0.0,0.0,0.0,0.0,0.0,0.0,0.0,0.0,0.0,0.0,0.0,0.0,0.0,0.0,0.0,0.0,0.0,0.0,0.0,0.0,0.0,0.0,0.0,0.0,0.0,0.0,0.0,0.0,0.0,0.0,0.0,0.0,0.0,0.0,0.0,0.0,0.0,0.0,0.0,0.0,0.0,0.0,0.0,0.0,1000.5764706134796,1000.6431372761726,1000.6862745285034,1000.7137255072594,1000.745098054409,1000.7764706015587,1000.8196078538895,1000.8784313797951,1000.9568627476692,3001.0,164.1254684448242,171.96583862304686,176.85174713134765,180.72724609375,184.10821533203125,187.2711181640625,190.4464874267578,194.04702758789062,199.1611328125,349.9529724121094,198.96333,3.0,test_data/Useful/Validation/sharp sand at 2ft/20241020_172307.jpg,1132.0,0.0,61.785866858836116
18,0.0,0.0,0.0,0.0,0.0,0.0,0.0,0.0,0.0,0.0,0.0,0.0,0.0,0.0,0.0,0.0,0.0,0.0,0.0,0.0,0.0,0.0,0.0,0.0,0.0,0.0,0.0,0.0,0.0,0.0,0.0,0.0,0.0,0.0,0.0,0.0,0.0,0.0,0.0,0.0,0.0,0.0,0.0,0.0,0.0,0.0,0.0,0.0,0.0,0.0,0.0,0.0,0.0,0.0,0.0,0.0,0.0,0.0,0.0,0.0,0.0,0.0,0.0,0.0,0.0,0.0,0.0,0.0,0.0,0.0,0.0,0.0,0.0,0.0,0.0,0.0,0.0,0.0,0.0,0.0,0.0,0.0,0.0,0.0,0.0,0.0,0.0,0.0,0.0,0.0,0.0,0.0,0.0,0.0,0.0,0.0,0.0,0.0,0.0,0.0,0.0,1000.5725490450859,1000.6392157077789,1000.6823529601097,1000.7137255072594,1000.745098054409,1000.7803921699524,1000.8235294222832,1000.8823529481888,1000.9607843160629,3001.0,164.1207733154297,171.9180145263672,176.8216094970703,180.6906280517578,184.0574951171875,187.20895385742188,190.40896606445312,194.01510620117188,199.1539306640625,349.9522399902344,198.80917,3.0,test_data/Useful/Validation/sharp sand at 2ft/20241020_172308.jpg,1117.0,0.0,64.67637877070025
19,0.0,0.0,0.0,0.0,0.0,0.0,0.0,0.0,0.0,0.0,0.0,0.0,0.0,0.0,0.0,0.0,0.0,0.0,0.0,0.0,0.0,0.0,0.0,0.0,0.0,0.0,0.0,0.0,0.0,0.0,0.0,0.0,0.0,0.0,0.0,0.0,0.0,0.0,0.0,0.0,0.0,0.0,0.0,0.0,0.0,0.0,0.0,0.0,0.0,0.0,0.0,0.0,0.0,0.0,0.0,0.0,0.0,0.0,0.0,0.0,0.0,0.0,0.0,0.0,0.0,0.0,0.0,0.0,0.0,0.0,0.0,0.0,0.0,0.0,0.0,0.0,0.0,0.0,0.0,0.0,0.0,0.0,0.0,0.0,0.0,0.0,0.0,0.0,0.0,0.0,0.0,0.0,0.0,0.0,0.0,0.0,0.0,0.0,0.0,0.0,0.0,1000.5764706134796,1000.6470588445663,1000.6901960968971,1000.7215686440468,1000.7529411911964,1000.7882353067398,1000.8274509906769,1000.8862745165825,1000.9647058844566,3000.949019610882,164.1101837158203,171.8063507080078,176.74606170654297,180.65516662597656,184.00306701660156,187.14072265625,190.38633728027344,193.97687377929688,199.09812927246094,349.9654541015625,199.12952,3.0,test_data/Useful/Validation/sharp sand at 2ft/20241020_172309.jpg,1158.0,0.0,65.53729076420936
20,0.0,0.0,0.0,0.0,0.0,0.0,0.0,0.0,0.0,0.0,0.0,0.0,0.0,0.0,0.0,0.0,0.0,0.0,0.0,0.0,0.0,0.0,0.0,0.0,0.0,0.0,0.0,0.0,0.0,0.0,0.0,0.0,0.0,0.0,0.0,0.0,0.0,0.0,0.0,0.0,0.0,0.0,0.0,0.0,0.0,0.0,0.0,0.0,0.0,0.0,0.0,0.0,0.0,0.0,0.0,0.0,0.0,0.0,0.0,0.0,0.0,0.0,0.0,0.0,0.0,0.0,0.0,0.0,0.0,0.0,0.0,0.0,0.0,0.0,0.0,0.0,0.0,0.0,0.0,0.0,0.0,0.0,0.0,0.0,0.0,0.0,0.0,0.0,0.0,0.0,0.0,0.0,0.0,0.0,0.0,0.0,0.0,0.0,0.0,0.0,0.0,1000.5725490450859,1000.6431372761726,1000.6862745285034,1000.7176470756531,1000.7490196228027,1000.7843137383461,1000.8235294222832,1000.8745098114014,1000.9490196108818,3001.0,163.89675903320312,171.64669799804688,176.5404052734375,180.42030334472656,183.8062744140625,186.95407104492188,190.18185119628907,193.7910186767578,198.92890472412108,349.9603576660156,198.62045,3.0,test_data/Useful/Validation/sharp sand at 2ft/20241020_172310(0).jpg,1183.0,0.0,56.67268472784524
21,0.0,0.0,0.0,0.0,0.0,0.0,0.0,0.0,0.0,0.0,0.0,0.0,0.0,0.0,0.0,0.0,0.0,0.0,0.0,0.0,0.0,0.0,0.0,0.0,0.0,0.0,0.0,0.0,0.0,0.0,0.0,0.0,0.0,0.0,0.0,0.0,0.0,0.0,0.0,0.0,0.0,0.0,0.0,0.0,0.0,0.0,0.0,0.0,0.0,0.0,0.0,0.0,0.0,0.0,0.0,0.0,0.0,0.0,0.0,0.0,0.0,0.0,0.0,0.0,0.0,0.0,0.0,0.0,0.0,0.0,0.0,0.0,0.0,0.0,0.0,0.0,0.0,0.0,0.0,0.0,0.0,0.0,0.0,0.0,0.0,0.0,0.0,0.0,0.0,0.0,0.0,0.0,0.0,0.0,0.0,0.0,0.0,0.0,0.0,0.0,0.0,1000.5725490450859,1000.6392157077789,1000.6823529601097,1000.7137255072594,1000.7411764860153,1000.772549033165,1000.811764717102,1000.866666674614,1000.9450980424881,3001.0,164.08277893066406,171.84170532226562,176.73703308105468,180.59964904785156,183.94730377197266,187.12298583984375,190.29319915771484,193.90806579589844,198.98965454101562,349.9422912597656,198.78,3.0,test_data/Useful/Validation/sharp sand at 2ft/20241020_172310.jpg,1225.0,0.0,55.39424517109592
22,0.0,0.0,0.0,0.0,0.0,0.0,0.0,0.0,0.0,0.0,0.0,0.0,0.0,0.0,0.0,0.0,0.0,0.0,0.0,0.0,0.0,0.0,0.0,0.0,0.0,0.0,0.0,0.0,0.0,0.0,0.0,0.0,0.0,0.0,0.0,0.0,0.0,0.0,0.0,0.0,0.0,0.0,0.0,0.0,0.0,0.0,0.0,0.0,0.0,0.0,0.0,0.0,0.0,0.0,0.0,0.0,0.0,0.0,0.0,0.0,0.0,0.0,0.0,0.0,0.0,0.0,0.0,0.0,0.0,0.0,0.0,0.0,0.0,0.0,0.0,0.0,0.0,0.0,0.0,0.0,0.0,0.0,0.0,0.0,0.0,0.0,0.0,0.0,0.0,0.0,0.0,0.0,0.0,0.0,0.0,0.0,0.0,0.0,0.0,0.0,0.0,1000.584313750267,1000.65098041296,1000.6941176652908,1000.7254902124405,1000.7568627595901,1000.7921568751335,1000.8313725590706,1000.8823529481888,1000.9529411792755,3001.0,164.06050567626954,171.71302795410156,176.64547729492188,180.49395751953125,183.85824584960938,187.0069122314453,190.19827270507812,193.8221893310547,198.95596313476562,349.982666015625,198.73721,3.0,test_data/Useful/Validation/sharp sand at 2ft/20241020_172311.jpg,1274.0,0.0,64.97372957495826
23,0.0,0.0,0.0,0.0,0.0,0.0,0.0,0.0,0.0,0.0,0.0,0.0,0.0,0.0,0.0,0.0,0.0,0.0,0.0,0.0,0.0,0.0,0.0,0.0,0.0,0.0,0.0,0.0,0.0,0.0,0.0,0.0,0.0,0.0,0.0,0.0,0.0,0.0,0.0,0.0,0.0,0.0,0.0,0.0,0.0,0.0,0.0,0.0,0.0,0.0,0.0,0.0,0.0,0.0,0.0,0.0,0.0,0.0,0.0,0.0,0.0,0.0,0.0,0.0,0.0,0.0,0.0,0.0,0.0,0.0,0.0,0.0,0.0,0.0,0.0,0.0,0.0,0.0,0.0,0.0,0.0,0.0,0.0,0.0,0.0,0.0,0.0,0.0,0.0,0.0,0.0,0.0,0.0,0.0,0.0,0.0,0.0,0.0,0.0,0.0,0.0,1000.6000000238419,1000.6666666865349,1000.7098039388657,1000.745098054409,1000.7803921699524,1000.8196078538895,1000.8627451062202,1000.9176470637321,1000.9843137264252,3001.0,164.29736328125,171.98622436523436,176.97007751464844,180.80349731445312,184.1439437866211,187.29168701171875,190.48484802246094,194.07760620117188,199.01467895507812,350.04949951171875,198.351,3.0,test_data/Useful/Validation/sharp sand at 2ft/20241020_172315(0).jpg,1006.0,0.0,57.27191937837743
24,0.0,0.0,0.0,0.0,0.0,0.0,0.0,0.0,0.0,0.0,0.0,0.0,0.0,0.0,0.0,0.0,0.0,0.0,0.0,0.0,0.0,0.0,0.0,0.0,0.0,0.0,0.0,0.0,0.0,0.0,0.0,0.0,0.0,0.0,0.0,0.0,0.0,0.0,0.0,0.0,0.0,0.0,0.0,0.0,0.0,0.0,0.0,0.0,0.0,0.0,0.0,0.0,0.0,0.0,0.0,0.0,0.0,0.0,0.0,0.0,0.0,0.0,0.0,0.0,0.0,0.0,0.0,0.0,0.0,0.0,0.0,0.0,0.0,0.0,0.0,0.0,0.0,0.0,0.0,0.0,0.0,0.0,0.0,0.0,0.0,0.0,0.0,0.0,0.0,0.0,0.0,0.0,0.0,0.0,0.0,0.0,0.0,0.0,0.0,0.0,0.0,1000.6156862974167,1000.678431391716,1000.7176470756531,1000.7529411911964,1000.7803921699524,1000.811764717102,1000.8509804010391,1000.9019607901573,1000.9686274528503,3001.0,164.2112579345703,171.84552001953125,176.77651977539062,180.6259002685547,184.00103759765625,187.16539001464844,190.35726928710938,193.93025817871094,198.96939239501953,350.0560302734375,198.29147,3.0,test_data/Useful/Validation/sharp sand at 2ft/20241020_172315.jpg,1059.0,0.0,61.141636620393484
25,0.0,0.0,0.0,0.0,0.0,0.0,0.0,0.0,0.0,0.0,0.0,0.0,0.0,0.0,0.0,0.0,0.0,0.0,0.0,0.0,0.0,0.0,0.0,0.0,0.0,0.0,0.0,0.0,0.0,0.0,0.0,0.0,0.0,0.0,0.0,0.0,0.0,0.0,0.0,0.0,0.0,0.0,0.0,0.0,0.0,0.0,0.0,0.0,0.0,0.0,0.0,0.0,0.0,0.0,0.0,0.0,0.0,0.0,0.0,0.0,0.0,0.0,0.0,0.0,0.0,0.0,0.0,0.0,0.0,0.0,0.0,0.0,0.0,0.0,0.0,0.0,0.0,0.0,0.0,0.0,0.0,0.0,0.0,0.0,0.0,0.0,0.0,0.0,0.0,0.0,0.0,0.0,0.0,0.0,0.0,0.0,0.0,0.0,22.639999999999873,144.0,0.0,1000.65098041296,1000.705882370472,1000.745098054409,1000.772549033165,1000.8000000119209,1000.8235294222832,1000.8470588326454,1000.8823529481888,1000.933333337307,3000.949019610882,165.5632781982422,173.23292541503906,178.10635833740236,181.85302124023437,185.08929443359375,188.1841796875,191.3238525390625,194.827783203125,199.85193328857423,350.0133056640625,199.52965,3.0,test_data/Useful/Validation/sharp sand at 2ft/20241020_172340_001.jpg,1150.0,1.0,58.60124643305993
26,0.0,0.0,0.0,0.0,0.0,0.0,0.0,0.0,0.0,0.0,0.0,0.0,0.0,0.0,0.0,0.0,0.0,0.0,0.0,0.0,0.0,0.0,0.0,0.0,0.0,0.0,0.0,0.0,0.0,0.0,0.0,0.0,0.0,0.0,0.0,0.0,0.0,0.0,0.0,0.0,0.0,0.0,0.0,0.0,0.0,0.0,0.0,0.0,0.0,0.0,0.0,0.0,0.0,0.0,0.0,0.0,0.0,0.0,0.0,0.0,0.0,0.0,0.0,0.0,0.0,0.0,0.0,0.0,0.0,0.0,0.0,0.0,0.0,0.0,0.0,0.0,0.0,0.0,0.0,0.0,0.0,0.0,0.0,0.0,0.0,0.0,0.0,0.0,0.0,0.0,0.0,0.0,0.0,0.0,0.0,0.0,0.0,0.0,19.559999999999945,116.0,0.0,1000.65098041296,1000.705882370472,1000.745098054409,1000.772549033165,1000.8000000119209,1000.8235294222832,1000.8470588326454,1000.8823529481888,1000.933333337307,3000.407843142748,165.4959716796875,173.01220703125,177.8508758544922,181.64527893066406,184.9233856201172,188.00462341308594,191.14785614013672,194.61068115234374,199.67007446289062,350.01690673828125,199.29968,3.0,test_data/Useful/Validation/sharp sand at 2ft/20241020_172340_002.jpg,1131.0,3.0,60.31524395468311
27,0.0,0.0,0.0,0.0,0.0,0.0,0.0,0.0,0.0,0.0,0.0,0.0,0.0,0.0,0.0,0.0,0.0,0.0,0.0,0.0,0.0,0.0,0.0,0.0,0.0,0.0,0.0,0.0,0.0,0.0,0.0,0.0,0.0,0.0,0.0,0.0,0.0,0.0,0.0,0.0,0.0,0.0,0.0,0.0,0.0,0.0,0.0,0.0,0.0,0.0,0.0,0.0,0.0,0.0,0.0,0.0,0.0,0.0,0.0,0.0,0.0,0.0,0.0,0.0,0.0,0.0,0.0,0.0,0.0,0.0,0.0,0.0,0.0,0.0,0.0,0.0,0.0,0.0,0.0,0.0,0.0,0.0,0.0,0.0,0.0,0.0,0.0,0.0,0.0,0.0,0.0,0.0,0.0,0.0,0.0,0.0,0.0,0.0,17.839999999999918,143.0,0.0,1000.6470588445663,1000.705882370472,1000.7411764860153,1000.772549033165,1000.8000000119209,1000.8235294222832,1000.8509804010391,1000.8823529481888,1000.933333337307,3000.3490196168423,165.82488708496095,173.3154724121094,178.19127655029297,181.94717102050782,185.19322204589844,188.23106384277344,191.3446823120117,194.8411376953125,199.86753997802734,350.00006103515625,199.55061,3.0,test_data/Useful/Validation/sharp sand at 2ft/20241020_172340_003.jpg,1101.0,3.0,58.71668725646276
28,0.0,0.0,0.0,0.0,0.0,0.0,0.0,0.0,0.0,0.0,0.0,0.0,0.0,0.0,0.0,0.0,0.0,0.0,0.0,0.0,0.0,0.0,0.0,0.0,0.0,0.0,0.0,0.0,0.0,0.0,0.0,0.0,0.0,0.0,0.0,0.0,0.0,0.0,0.0,0.0,0.0,0.0,0.0,0.0,0.0,0.0,0.0,0.0,0.0,0.0,0.0,0.0,0.0,0.0,0.0,0.0,0.0,0.0,0.0,0.0,0.0,0.0,0.0,0.0,0.0,0.0,0.0,0.0,0.0,0.0,0.0,0.0,0.0,0.0,0.0,0.0,0.0,0.0,0.0,0.0,0.0,0.0,0.0,0.0,0.0,0.0,0.0,0.0,0.0,0.0,0.0,0.0,0.0,0.0,0.0,0.0,0.0,0.0,21.3599999999999,142.0,0.0,1000.6431372761726,1000.7019608020782,1000.7411764860153,1000.772549033165,1000.8000000119209,1000.8235294222832,1000.8509804010391,1000.8862745165825,1000.9372549057007,3000.9803921580315,165.92752075195312,173.58175659179688,178.35183715820312,182.12364196777344,185.40194702148438,188.47509765625,191.6007080078125,195.14825439453125,200.12081909179688,349.9793701171875,199.6499,3.0,test_data/Useful/Validation/sharp sand at 2ft/20241020_172340_004.jpg,1080.0,1.0,61.30246716904814
29,0.0,0.0,0.0,0.0,0.0,0.0,0.0,0.0,0.0,0.0,0.0,0.0,0.0,0.0,0.0,0.0,0.0,0.0,0.0,0.0,0.0,0.0,0.0,0.0,0.0,0.0,0.0,0.0,0.0,0.0,0.0,0.0,0.0,0.0,0.0,0.0,0.0,0.0,0.0,0.0,0.0,0.0,0.0,0.0,0.0,0.0,0.0,0.0,0.0,0.0,0.0,0.0,0.0,0.0,0.0,0.0,0.0,0.0,0.0,0.0,0.0,0.0,0.0,0.0,0.0,0.0,0.0,0.0,0.0,0.0,0.0,0.0,0.0,0.0,0.0,0.0,0.0,0.0,0.0,0.0,0.0,0.0,0.0,0.0,0.0,0.0,0.0,0.0,0.0,0.0,0.0,0.0,0.0,0.0,0.0,0.0,0.2799999999999727,3.0,56.67999999999961,143.0,0.0,1000.6431372761726,1000.7019608020782,1000.7411764860153,1000.772549033165,1000.8000000119209,1000.8235294222832,1000.8509804010391,1000.8862745165825,1000.9372549057007,3000.5882353186607,166.17208099365234,173.82056884765626,178.64541625976562,182.39544677734375,185.62152099609375,188.66790771484375,191.73345642089845,195.2454376220703,200.1880645751953,349.943359375,199.65955,3.0,test_data/Useful/Validation/sharp sand at 2ft/20241020_172340_005.jpg,1098.0,7.0,58.33317952297955
30,0.0,0.0,0.0,0.0,0.0,0.0,0.0,0.0,0.0,0.0,0.0,0.0,0.0,0.0,0.0,0.0,0.0,0.0,0.0,0.0,0.0,0.0,0.0,0.0,0.0,0.0,0.0,0.0,0.0,0.0,0.0,0.0,0.0,0.0,0.0,0.0,0.0,0.0,0.0,0.0,0.0,0.0,0.0,0.0,0.0,0.0,0.0,0.0,0.0,0.0,0.0,0.0,0.0,0.0,0.0,0.0,0.0,0.0,0.0,0.0,0.0,0.0,0.0,0.0,0.0,0.0,0.0,0.0,0.0,0.0,0.0,0.0,0.0,0.0,0.0,0.0,0.0,0.0,0.0,0.0,0.0,0.0,0.0,0.0,0.0,0.0,0.0,0.0,0.0,0.0,0.0,0.0,0.0,0.0,0.0,0.0,2.839999999999918,16.23999999999978,63.11999999999989,133.0,0.0,1000.6470588445663,1000.705882370472,1000.7411764860153,1000.772549033165,1000.8000000119209,1000.8235294222832,1000.8509804010391,1000.8823529481888,1000.933333337307,3000.470588237047,166.75628356933595,174.2782440185547,179.03489685058594,182.72789001464844,185.9675750732422,189.03882446289063,192.12861328125,195.60304260253906,200.48219299316406,349.88702392578125,200.0956,3.0,test_data/Useful/Validation/sharp sand at 2ft/20241020_172340_009.jpg,1015.0,7.0,62.58589843976377
31,0.0,0.0,0.0,0.0,0.0,0.0,0.0,0.0,0.0,0.0,0.0,0.0,0.0,0.0,0.0,0.0,0.0,0.0,0.0,0.0,0.0,0.0,0.0,0.0,0.0,0.0,0.0,0.0,0.0,0.0,0.0,0.0,0.0,0.0,0.0,0.0,0.0,0.0,0.0,0.0,0.0,0.0,0.0,0.0,0.0,0.0,0.0,0.0,0.0,0.0,0.0,0.0,0.0,0.0,0.0,0.0,0.0,0.0,0.0,0.0,0.0,0.0,0.0,0.0,0.0,0.0,0.0,0.0,0.0,0.0,0.0,0.0,0.0,0.0,0.0,0.0,0.0,0.0,0.0,0.0,0.0,0.0,0.0,0.0,0.0,0.0,0.0,0.0,0.0,0.0,0.0,0.0,0.0,0.0,0.0,0.0,1.2799999999999727,18.11999999999989,50.27999999999997,157.0,0.0,1000.65098041296,1000.705882370472,1000.7411764860153,1000.772549033165,1000.7960784435272,1000.8235294222832,1000.8509804010391,1000.8823529481888,1000.933333337307,3000.9921568632126,166.45999145507812,174.14083862304688,178.96751403808594,182.68495178222656,185.9475555419922,188.93794860839844,191.9957275390625,195.49224853515625,200.3594207763672,349.89373779296875,199.83994,3.0,test_data/Useful/Validation/sharp sand at 2ft/20241020_172340_010.jpg,1022.0,7.0,57.74772276434783
32,0.0,0.0,0.0,0.0,0.0,0.0,0.0,0.0,0.0,0.0,0.0,0.0,0.0,0.0,0.0,0.0,0.0,0.0,0.0,0.0,0.0,0.0,0.0,0.0,0.0,0.0,0.0,0.0,0.0,0.0,0.0,0.0,0.0,0.0,0.0,0.0,0.0,0.0,0.0,0.0,0.0,0.0,0.0,0.0,0.0,0.0,0.0,0.0,0.0,0.0,0.0,0.0,0.0,0.0,0.0,0.0,0.0,0.0,0.0,0.0,0.0,0.0,0.0,0.0,0.0,0.0,0.0,0.0,0.0,0.0,0.0,0.0,0.0,0.0,0.0,0.0,0.0,0.0,0.0,0.0,0.0,0.0,0.0,0.0,0.0,0.0,0.0,0.0,0.0,0.0,0.0,0.0,0.0,0.0,0.0,0.0,4.279999999999973,18.519999999999982,52.87999999999988,140.0,0.0,1000.65098041296,1000.705882370472,1000.7411764860153,1000.7686274647713,1000.7960784435272,1000.8235294222832,1000.8470588326454,1000.8784313797951,1000.9294117689133,3000.4000000059605,166.5803253173828,174.15280456542968,179.00497436523438,182.80343627929688,186.02200317382812,189.01943969726562,192.03704071044922,195.53023681640624,200.39408264160156,349.8779602050781,199.94719,3.0,test_data/Useful/Validation/sharp sand at 2ft/20241020_172340_011.jpg,1067.0,6.0,62.809137099339466
33,0.0,0.0,0.0,0.0,0.0,0.0,0.0,0.0,0.0,0.0,0.0,0.0,0.0,0.0,0.0,0.0,0.0,0.0,0.0,0.0,0.0,0.0,0.0,0.0,0.0,0.0,0.0,0.0,0.0,0.0,0.0,0.0,0.0,0.0,0.0,0.0,0.0,0.0,0.0,0.0,0.0,0.0,0.0,0.0,0.0,0.0,0.0,0.0,0.0,0.0,0.0,0.0,0.0,0.0,0.0,0.0,0.0,0.0,0.0,0.0,0.0,0.0,0.0,0.0,0.0,0.0,0.0,0.0,0.0,0.0,0.0,0.0,0.0,0.0,0.0,0.0,0.0,0.0,0.0,0.0,0.0,0.0,0.0,0.0,0.0,0.0,0.0,0.0,0.0,0.0,0.0,0.0,0.0,0.0,0.0,1.0399999999999636,11.279999999999973,23.519999999999982,82.23999999999978,133.0,0.0,1000.6470588445663,1000.705882370472,1000.7411764860153,1000.7686274647713,1000.7960784435272,1000.8235294222832,1000.8509804010391,1000.8823529481888,1000.9294117689133,3000.4509803950787,166.91168212890625,174.42733764648438,179.220458984375,183.00197143554686,186.2379608154297,189.26303100585938,192.3672637939453,195.80606079101562,200.71922302246094,349.8348693847656,200.40756,3.0,test_data/Useful/Validation/sharp sand at 2ft/20241020_172340_012.jpg,1075.0,6.0,56.06356831759263
34,0.0,0.0,0.0,0.0,0.0,0.0,0.0,0.0,0.0,0.0,0.0,0.0,0.0,0.0,0.0,0.0,0.0,0.0,0.0,0.0,0.0,0.0,0.0,0.0,0.0,0.0,0.0,0.0,0.0,0.0,0.0,0.0,0.0,0.0,0.0,0.0,0.0,0.0,0.0,0.0,0.0,0.0,0.0,0.0,0.0,0.0,0.0,0.0,0.0,0.0,0.0,0.0,0.0,0.0,0.0,0.0,0.0,0.0,0.0,0.0,0.0,0.0,0.0,0.0,0.0,0.0,0.0,0.0,0.0,0.0,0.0,0.0,0.0,0.0,0.0,0.0,0.0,0.0,0.0,0.0,0.0,0.0,0.0,0.0,0.0,0.0,0.0,0.0,0.0,0.0,0.0,0.0,0.0,0.0,0.0,0.03999999999996362,6.279999999999973,26.039999999999964,55.83999999999992,115.0,0.0,1000.6549019813538,1000.705882370472,1000.7411764860153,1000.772549033165,1000.7960784435272,1000.8235294222832,1000.8470588326454,1000.8784313797951,1000.9294117689133,3001.0,166.70973205566406,174.31189880371093,179.2310775756836,182.9675537109375,186.15987396240234,189.160693359375,192.21735076904295,195.65504760742186,200.58066864013674,349.8530578613281,200.02948,3.0,test_data/Useful/Validation/sharp sand at 2ft/20241020_172340_013.jpg,1068.0,8.0,58.5814072474535
35,0.0,0.0,0.0,0.0,0.0,0.0,0.0,0.0,0.0,0.0,0.0,0.0,0.0,0.0,0.0,0.0,0.0,0.0,0.0,0.0,0.0,0.0,0.0,0.0,0.0,0.0,0.0,0.0,0.0,0.0,0.0,0.0,0.0,0.0,0.0,0.0,0.0,0.0,0.0,0.0,0.0,0.0,0.0,0.0,0.0,0.0,0.0,0.0,0.0,0.0,0.0,0.0,0.0,0.0,0.0,0.0,0.0,0.0,0.0,0.0,0.0,0.0,0.0,0.0,0.0,0.0,0.0,0.0,0.0,0.0,0.0,0.0,0.0,0.0,0.0,0.0,0.0,0.0,0.0,0.0,0.0,0.0,0.0,0.0,0.0,0.0,0.0,0.0,0.0,0.0,0.0,0.0,0.0,0.0,0.0,0.0,7.319999999999482,33.51999999999998,42.75999999999999,135.0,0.0,1000.6588235497475,1000.7098039388657,1000.745098054409,1000.772549033165,1000.7960784435272,1000.8196078538895,1000.8470588326454,1000.8784313797951,1000.9254902005196,2001.0,166.67249298095703,174.30046997070312,179.0961944580078,182.8445251464844,186.09371948242188,189.07144165039062,192.14378356933594,195.60662536621095,200.51455383300782,349.83465576171875,200.01466,3.0,test_data/Useful/Validation/sharp sand at 2ft/20241020_172340_014.jpg,1088.0,6.0,57.0683265800569
36,0.0,0.0,0.0,0.0,0.0,0.0,0.0,0.0,0.0,0.0,0.0,0.0,0.0,0.0,0.0,0.0,0.0,0.0,0.0,0.0,0.0,0.0,0.0,0.0,0.0,0.0,0.0,0.0,0.0,0.0,0.0,0.0,0.0,0.0,0.0,0.0,0.0,0.0,0.0,0.0,0.0,0.0,0.0,0.0,0.0,0.0,0.0,0.0,0.0,0.0,0.0,0.0,0.0,0.0,0.0,0.0,0.0,0.0,0.0,0.0,0.0,0.0,0.0,0.0,0.0,0.0,0.0,0.0,0.0,0.0,0.0,0.0,0.0,0.0,0.0,0.0,0.0,0.0,0.0,0.0,0.0,0.0,0.0,0.0,0.0,0.0,0.0,0.0,0.0,0.0,0.0,0.0,0.0,0.0,0.0,0.0,0.0,31.039999999999964,64.3599999999999,112.0,0.0,1000.6588235497475,1000.7098039388657,1000.745098054409,1000.772549033165,1000.7960784435272,1000.8196078538895,1000.8470588326454,1000.8784313797951,1000.9254902005196,3000.470588237047,166.61408233642578,174.19166564941406,178.98780822753906,182.70982360839844,185.95126342773438,189.0259033203125,192.09562072753906,195.52578735351562,200.39949951171874,349.8445129394531,199.93378,3.0,test_data/Useful/Validation/sharp sand at 2ft/20241020_172340_015.jpg,1018.0,5.0,60.8022215481674
37,0.0,0.0,0.0,0.0,0.0,0.0,0.0,0.0,0.0,0.0,0.0,0.0,0.0,0.0,0.0,0.0,0.0,0.0,0.0,0.0,0.0,0.0,0.0,0.0,0.0,0.0,0.0,0.0,0.0,0.0,0.0,0.0,0.0,0.0,0.0,0.0,0.0,0.0,0.0,0.0,0.0,0.0,0.0,0.0,0.0,0.0,0.0,0.0,0.0,0.0,0.0,0.0,0.0,0.0,0.0,0.0,0.0,0.0,0.0,0.0,0.0,0.0,0.0,0.0,0.0,0.0,0.0,0.0,0.0,0.0,0.0,0.0,0.0,0.0,0.0,0.0,0.0,0.0,0.0,0.0,0.0,0.0,0.0,0.0,0.0,0.0,0.0,0.0,0.0,0.0,0.0,0.0,0.0,0.0,0.0,0.0,0.0,18.11999999999989,69.07999999999993,133.0,0.0,1000.6588235497475,1000.7098039388657,1000.745098054409,1000.772549033165,1000.7960784435272,1000.8235294222832,1000.8470588326454,1000.8784313797951,1000.9254902005196,2001.0,166.62408447265625,174.212646484375,179.0181884765625,182.75585327148437,185.98760986328125,189.02818298339844,192.12490844726562,195.60824584960938,200.53839111328125,349.8392333984375,200.32823,3.0,test_data/Useful/Validation/sharp sand at 2ft/20241020_172340_019.jpg,1007.0,5.0,58.29464863310156
38,0.0,0.0,0.0,0.0,0.0,0.0,0.0,0.0,0.0,0.0,0.0,0.0,0.0,0.0,0.0,0.0,0.0,0.0,0.0,0.0,0.0,0.0,0.0,0.0,0.0,0.0,0.0,0.0,0.0,0.0,0.0,0.0,0.0,0.0,0.0,0.0,0.0,0.0,0.0,0.0,0.0,0.0,0.0,0.0,0.0,0.0,0.0,0.0,0.0,0.0,0.0,0.0,0.0,0.0,0.0,0.0,0.0,0.0,0.0,0.0,0.0,0.0,0.0,0.0,0.0,0.0,0.0,0.0,0.0,0.0,0.0,0.0,0.0,0.0,0.0,0.0,0.0,0.0,0.0,0.0,0.0,0.0,0.0,0.0,0.0,0.0,0.0,0.0,0.0,0.0,0.0,0.0,0.0,0.0,0.0,4.039999999999964,16.559999999999945,37.51999999999998,63.039999999999964,93.0,0.0,1000.6705882549286,1000.7176470756531,1000.7490196228027,1000.772549033165,1000.7960784435272,1000.8196078538895,1000.8431372642517,1000.8745098114014,1000.9137254953384,2001.0,167.11297607421875,174.70054626464844,179.56495666503906,183.23983764648438,186.47872924804688,189.4803009033203,192.48167419433594,195.9442565917969,200.90848236083986,349.7616271972656,200.82806,3.0,test_data/Useful/Validation/sharp sand at 2ft/20241020_172340_020.jpg,971.0,8.0,61.839015279942146
39,0.0,0.0,0.0,0.0,0.0,0.0,0.0,0.0,0.0,0.0,0.0,0.0,0.0,0.0,0.0,0.0,0.0,0.0,0.0,0.0,0.0,0.0,0.0,0.0,0.0,0.0,0.0,0.0,0.0,0.0,0.0,0.0,0.0,0.0,0.0,0.0,0.0,0.0,0.0,0.0,0.0,0.0,0.0,0.0,0.0,0.0,0.0,0.0,0.0,0.0,0.0,0.0,0.0,0.0,0.0,0.0,0.0,0.0,0.0,0.0,0.0,0.0,0.0,0.0,0.0,0.0,0.0,0.0,0.0,0.0,0.0,0.0,0.0,0.0,0.0,0.0,0.0,0.0,0.0,0.0,0.0,0.0,0.0,0.0,0.0,0.0,0.0,0.0,0.0,0.0,0.0,0.0,0.0,0.0,0.0,10.0,19.0,35.039999999999964,67.75999999999999,134.0,0.0,1000.678431391716,1000.7215686440468,1000.7490196228027,1000.772549033165,1000.7960784435272,1000.8196078538895,1000.8431372642517,1000.866666674614,1000.905882358551,2001.0,167.26680755615234,174.877685546875,179.6699966430664,183.42194519042968,186.64220428466797,189.6299560546875,192.67829284667968,196.07828063964843,200.95435028076173,349.7342224121094,200.79095,3.0,test_data/Useful/Validation/sharp sand at 2ft/20241020_172340_021.jpg,971.0,9.0,60.80863545506591
40,0.0,0.0,0.0,0.0,0.0,0.0,0.0,0.0,0.0,0.0,0.0,0.0,0.0,0.0,0.0,0.0,0.0,0.0,0.0,0.0,0.0,0.0,0.0,0.0,0.0,0.0,0.0,0.0,0.0,0.0,0.0,0.0,0.0,0.0,0.0,0.0,0.0,0.0,0.0,0.0,0.0,0.0,0.0,0.0,0.0,0.0,0.0,0.0,0.0,0.0,0.0,0.0,0.0,0.0,0.0,0.0,0.0,0.0,0.0,0.0,0.0,0.0,0.0,0.0,0.0,0.0,0.0,0.0,0.0,0.0,0.0,0.0,0.0,0.0,0.0,0.0,0.0,0.0,0.0,0.0,0.0,0.0,0.0,0.0,0.0,0.0,0.0,0.0,0.0,0.0,0.0,0.0,0.0,0.0,0.0,5.039999999999964,24.95999999999981,44.159999999999854,63.27999999999997,107.0,0.0,1000.678431391716,1000.7215686440468,1000.7490196228027,1000.772549033165,1000.7960784435272,1000.8156862854958,1000.839215695858,1000.866666674614,1000.905882358551,2001.0,167.33192443847656,175.0269317626953,179.84039306640625,183.49876403808594,186.75965881347656,189.71066284179688,192.7688980102539,196.18331909179688,200.99878997802733,349.73095703125,200.78006,3.0,test_data/Useful/Validation/sharp sand at 2ft/20241020_172340_022.jpg,926.0,11.0,57.219325794147146
41,0.0,0.0,0.0,0.0,0.0,0.0,0.0,0.0,0.0,0.0,0.0,0.0,0.0,0.0,0.0,0.0,0.0,0.0,0.0,0.0,0.0,0.0,0.0,0.0,0.0,0.0,0.0,0.0,0.0,0.0,0.0,0.0,0.0,0.0,0.0,0.0,0.0,0.0,0.0,0.0,0.0,0.0,0.0,0.0,0.0,0.0,0.0,0.0,0.0,0.0,0.0,0.0,0.0,0.0,0.0,0.0,0.0,0.0,0.0,0.0,0.0,0.0,0.0,0.0,0.0,0.0,0.0,0.0,0.0,0.0,0.0,0.0,0.0,0.0,0.0,0.0,0.0,0.0,0.0,0.0,0.0,0.0,0.0,0.0,0.0,0.0,0.0,0.0,0.0,0.0,0.0,0.0,0.0,0.0,1.7999999999999545,10.11999999999989,27.11999999999989,44.51999999999998,74.07999999999993,142.0,0.0,1000.678431391716,1000.7215686440468,1000.7490196228027,1000.772549033165,1000.7960784435272,1000.8156862854958,1000.839215695858,1000.866666674614,1000.905882358551,2001.0,167.47601318359375,175.02691650390625,179.78091430664062,183.4813232421875,186.68128967285156,189.66595458984375,192.6937713623047,196.09352111816406,200.9635772705078,349.70404052734375,200.64278,3.0,test_data/Useful/Validation/sharp sand at 2ft/20241020_172340_023.jpg,942.0,13.0,58.303704656935764
42,0.0,0.0,0.0,0.0,0.0,0.0,0.0,0.0,0.0,0.0,0.0,0.0,0.0,0.0,0.0,0.0,0.0,0.0,0.0,0.0,0.0,0.0,0.0,0.0,0.0,0.0,0.0,0.0,0.0,0.0,0.0,0.0,0.0,0.0,0.0,0.0,0.0,0.0,0.0,0.0,0.0,0.0,0.0,0.0,0.0,0.0,0.0,0.0,0.0,0.0,0.0,0.0,0.0,0.0,0.0,0.0,0.0,0.0,0.0,0.0,0.0,0.0,0.0,0.0,0.0,0.0,0.0,0.0,0.0,0.0,0.0,0.0,0.0,0.0,0.0,0.0,0.0,0.0,0.0,0.0,0.0,0.0,0.0,0.0,0.0,0.0,0.0,0.0,0.0,0.0,0.0,0.0,0.0,0.0,6.599999999999909,16.079999999999927,32.399999999999864,49.51999999999998,60.75999999999999,95.0,0.0,1000.678431391716,1000.7215686440468,1000.7490196228027,1000.772549033165,1000.7960784435272,1000.8156862854958,1000.839215695858,1000.866666674614,1000.905882358551,2001.0,167.45232086181642,175.13165283203125,179.938720703125,183.63848876953125,186.84959411621094,189.81317138671875,192.84071350097656,196.2364471435547,201.0970916748047,349.6951599121094,200.67123,3.0,test_data/Useful/Validation/sharp sand at 2ft/20241020_172340_024.jpg,958.0,11.0,59.70001733393181
43,0.0,0.0,0.0,0.0,0.0,0.0,0.0,0.0,0.0,0.0,0.0,0.0,0.0,0.0,0.0,0.0,0.0,0.0,0.0,0.0,0.0,0.0,0.0,0.0,0.0,0.0,0.0,0.0,0.0,0.0,0.0,0.0,0.0,0.0,0.0,0.0,0.0,0.0,0.0,0.0,0.0,0.0,0.0,0.0,0.0,0.0,0.0,0.0,0.0,0.0,0.0,0.0,0.0,0.0,0.0,0.0,0.0,0.0,0.0,0.0,0.0,0.0,0.0,0.0,0.0,0.0,0.0,0.0,0.0,0.0,0.0,0.0,0.0,0.0,0.0,0.0,0.0,0.0,0.0,0.0,0.0,0.0,0.0,0.0,0.0,0.0,0.0,0.0,0.0,0.0,0.0,0.0,0.0,0.5599999999999454,12.999999999999773,25.079999999999927,38.27999999999997,44.559999999999945,55.0,141.0,0.0,1000.6823529601097,1000.7215686440468,1000.7490196228027,1000.772549033165,1000.7960784435272,1000.8156862854958,1000.8352941274643,1000.8627451062202,1000.8980392217636,2001.0,167.66641235351562,175.20015869140624,180.02460784912108,183.72661437988282,186.98104858398438,189.93270568847657,192.97195129394532,196.35187072753905,201.22860717773438,349.7057800292969,200.95328,3.0,test_data/Useful/Validation/sharp sand at 2ft/20241020_172340_025.jpg,973.0,13.0,58.92482609866089
44,0.0,0.0,0.0,0.0,0.0,0.0,0.0,0.0,0.0,0.0,0.0,0.0,0.0,0.0,0.0,0.0,0.0,0.0,0.0,0.0,0.0,0.0,0.0,0.0,0.0,0.0,0.0,0.0,0.0,0.0,0.0,0.0,0.0,0.0,0.0,0.0,0.0,0.0,0.0,0.0,0.0,0.0,0.0,0.0,0.0,0.0,0.0,0.0,0.0,0.0,0.0,0.0,0.0,0.0,0.0,0.0,0.0,0.0,0.0,0.0,0.0,0.0,0.0,0.0,0.0,0.0,0.0,0.0,0.0,0.0,0.0,0.0,0.0,0.0,0.0,0.0,0.0,0.0,0.0,0.0,0.0,0.0,0.0,0.0,0.0,0.0,0.0,0.0,0.0,0.0,0.0,0.0,0.0,0.0,0.0,0.0,1.5599999999999454,21.039999999999964,57.51999999999998,106.0,0.0,1000.6431372761726,1000.6901960968971,1000.7176470756531,1000.745098054409,1000.7647058963776,1000.7882353067398,1000.811764717102,1000.8431372642517,1000.8862745165825,3000.9411764740944,166.13140869140625,173.82904052734375,178.6410675048828,182.3949432373047,185.57594299316406,188.63729858398438,191.74497985839844,195.21231079101562,200.08602905273438,349.8778991699219,199.31969,3.0,test_data/Useful/Validation/sharp sand at 2ft/20241020_172340_059.jpg,850.0,8.0,60.25367081936012
45,0.0,0.0,0.0,0.0,0.0,0.0,0.0,0.0,0.0,0.0,0.0,0.0,0.0,0.0,0.0,0.0,0.0,0.0,0.0,0.0,0.0,0.0,0.0,0.0,0.0,0.0,0.0,0.0,0.0,0.0,0.0,0.0,0.0,0.0,0.0,0.0,0.0,0.0,0.0,0.0,0.0,0.0,0.0,0.0,0.0,0.0,0.0,0.0,0.0,0.0,0.0,0.0,0.0,0.0,0.0,0.0,0.0,0.0,0.0,0.0,0.0,0.0,0.0,0.0,0.0,0.0,0.0,0.0,0.0,0.0,0.0,0.0,0.0,0.0,0.0,0.0,0.0,0.0,0.0,0.0,0.0,0.0,0.0,0.0,0.0,0.0,0.0,0.0,0.0,0.0,0.0,0.0,0.0,0.0,0.0,0.0,0.0,0.0,31.59999999999991,112.0,0.0,1000.6352941393852,1000.6823529601097,1000.7176470756531,1000.7411764860153,1000.7647058963776,1000.7882353067398,1000.8156862854958,1000.8470588326454,1000.8941176533699,3001.0,165.71261596679688,173.37453002929686,178.24720306396483,181.96422729492187,185.2493133544922,188.3231231689453,191.43402099609375,194.93365478515625,199.76219177246094,349.9082946777344,198.67667,3.0,test_data/Useful/Validation/sharp sand at 2ft/20241020_172340_060.jpg,874.0,5.0,61.4816123447236
46,0.0,0.0,0.0,0.0,0.0,0.0,0.0,0.0,0.0,0.0,0.0,0.0,0.0,0.0,0.0,0.0,0.0,0.0,0.0,0.0,0.0,0.0,0.0,0.0,0.0,0.0,0.0,0.0,0.0,0.0,0.0,0.0,0.0,0.0,0.0,0.0,0.0,0.0,0.0,0.0,0.0,0.0,0.0,0.0,0.0,0.0,0.0,0.0,0.0,0.0,0.0,0.0,0.0,0.0,0.0,0.0,0.0,0.0,0.0,0.0,0.0,0.0,0.0,0.0,0.0,0.0,0.0,0.0,0.0,0.0,0.0,0.0,0.0,0.0,0.0,0.0,0.0,0.0,0.0,0.0,0.0,0.0,0.0,0.0,0.0,0.0,0.0,0.0,0.0,0.0,0.0,0.0,0.0,0.0,0.0,0.0,7.519999999999754,26.039999999999964,58.319999999999936,130.0,0.0,1000.6549019813538,1000.6980392336845,1000.7215686440468,1000.745098054409,1000.7647058963776,1000.7882353067398,1000.8078431487083,1000.8352941274643,1000.8745098114014,2001.0,166.64376831054688,174.2384033203125,179.06332397460938,182.7590789794922,186.01742553710938,189.05673217773438,192.09796142578125,195.49561157226563,200.2902618408203,349.8237609863281,199.42015,3.0,test_data/Useful/Validation/sharp sand at 2ft/20241020_172340_061.jpg,809.0,12.0,60.13577248817612
47,0.0,0.0,0.0,0.0,0.0,0.0,0.0,0.0,0.0,0.0,0.0,0.0,0.0,0.0,0.0,0.0,0.0,0.0,0.0,0.0,0.0,0.0,0.0,0.0,0.0,0.0,0.0,0.0,0.0,0.0,0.0,0.0,0.0,0.0,0.0,0.0,0.0,0.0,0.0,0.0,0.0,0.0,0.0,0.0,0.0,0.0,0.0,0.0,0.0,0.0,0.0,0.0,0.0,0.0,0.0,0.0,0.0,0.0,0.0,0.0,0.0,0.0,0.0,0.0,0.0,0.0,0.0,0.0,0.0,0.0,0.0,0.0,0.0,0.0,0.0,0.0,0.0,0.0,0.0,0.0,0.0,0.0,0.0,0.0,0.0,0.0,0.0,0.0,0.0,0.0,0.0,0.0,0.0,0.0,0.0,0.0,6.279999999999973,32.679999999999836,82.87999999999988,133.0,0.0,1000.6549019813538,1000.6980392336845,1000.7215686440468,1000.745098054409,1000.7647058963776,1000.7882353067398,1000.8078431487083,1000.8352941274643,1000.8784313797951,3000.9960784316063,166.49781036376953,174.1210144042969,178.927001953125,182.70159912109375,185.93807983398438,188.9804229736328,192.03689575195312,195.49713134765625,200.36016845703125,349.8349304199219,199.73526,3.0,test_data/Useful/Validation/sharp sand at 2ft/20241020_172340_062.jpg,838.0,5.0,62.98825372461936
48,0.0,0.0,0.0,0.0,0.0,0.0,0.0,0.0,0.0,0.0,0.0,0.0,0.0,0.0,0.0,0.0,0.0,0.0,0.0,0.0,0.0,0.0,0.0,0.0,0.0,0.0,0.0,0.0,0.0,0.0,0.0,0.0,0.0,0.0,0.0,0.0,0.0,0.0,0.0,0.0,0.0,0.0,0.0,0.0,0.0,0.0,0.0,0.0,0.0,0.0,0.0,0.0,0.0,0.0,0.0,0.0,0.0,0.0,0.0,0.0,0.0,0.0,0.0,0.0,0.0,0.0,0.0,0.0,0.0,0.0,0.0,0.0,0.0,0.0,0.0,0.0,0.0,0.0,0.0,0.0,0.0,0.0,0.0,0.0,0.0,0.0,0.0,0.0,0.0,0.0,0.0,0.0,0.0,0.0,0.0,0.0,5.959999999999809,43.399999999999636,61.51999999999998,117.0,0.0,1000.6549019813538,1000.6980392336845,1000.7215686440468,1000.745098054409,1000.7647058963776,1000.7882353067398,1000.811764717102,1000.839215695858,1000.8784313797951,3000.9803921580315,166.415234375,173.99354553222656,178.7893829345703,182.5058135986328,185.73464965820312,188.7542938232422,191.7949966430664,195.2714080810547,200.12228393554688,349.84344482421875,199.3561,3.0,test_data/Useful/Validation/sharp sand at 2ft/20241020_172340_063.jpg,831.0,5.0,57.75927302567024
49,0.0,0.0,0.0,0.0,0.0,0.0,0.0,0.0,0.0,0.0,0.0,0.0,0.0,0.0,0.0,0.0,0.0,0.0,0.0,0.0,0.0,0.0,0.0,0.0,0.0,0.0,0.0,0.0,0.0,0.0,0.0,0.0,0.0,0.0,0.0,0.0,0.0,0.0,0.0,0.0,0.0,0.0,0.0,0.0,0.0,0.0,0.0,0.0,0.0,0.0,0.0,0.0,0.0,0.0,0.0,0.0,0.0,0.0,0.0,0.0,0.0,0.0,0.0,0.0,0.0,0.0,0.0,0.0,0.0,0.0,0.0,0.0,0.0,0.0,0.0,0.0,0.0,0.0,0.0,0.0,0.0,0.0,0.0,0.0,0.0,0.0,0.0,0.0,0.0,0.0,0.0,0.0,0.0,0.0,0.0,0.0,0.0,17.039999999999964,45.75999999999999,125.0,0.0,1000.65098041296,1000.6941176652908,1000.7215686440468,1000.745098054409,1000.7647058963776,1000.7882353067398,1000.811764717102,1000.839215695858,1000.8823529481888,3000.988235294819,166.06375122070312,173.55528259277344,178.3599090576172,182.07627868652344,185.3189697265625,188.36844482421876,191.4677276611328,194.92919921875,199.81748657226564,349.8773498535156,199.22424,3.0,test_data/Useful/Validation/sharp sand at 2ft/20241020_172340_064.jpg,864.0,6.0,64.36060846479614
50,0.0,0.0,0.0,0.0,0.0,0.0,0.0,0.0,0.0,0.0,0.0,0.0,0.0,0.0,0.0,0.0,0.0,0.0,0.0,0.0,0.0,0.0,0.0,0.0,0.0,0.0,0.0,0.0,0.0,0.0,0.0,0.0,0.0,0.0,0.0,0.0,0.0,0.0,0.0,0.0,0.0,0.0,0.0,0.0,0.0,0.0,0.0,0.0,0.0,0.0,0.0,0.0,0.0,0.0,0.0,0.0,0.0,0.0,0.0,0.0,0.0,0.0,0.0,0.0,0.0,0.0,0.0,0.0,0.0,0.0,0.0,0.0,0.0,0.0,0.0,0.0,0.0,0.0,0.0,0.0,0.0,0.0,0.0,0.0,0.0,0.0,0.0,0.0,0.0,0.0,0.0,0.0,0.0,0.0,0.0,0.0,8.559999999999945,29.639999999999873,61.75999999999999,79.0,0.0,1000.65098041296,1000.6941176652908,1000.7215686440468,1000.745098054409,1000.7647058963776,1000.7882353067398,1000.811764717102,1000.8431372642517,1000.8862745165825,2001.0,165.7322540283203,173.48338012695314,178.36190032958984,182.11543884277344,185.36158752441406,188.40209045410157,191.49534912109374,194.98929138183593,199.82764129638673,349.88623046875,198.88486,3.0,test_data/Useful/Validation/sharp sand at 2ft/20241020_172340_065.jpg,882.0,7.0,57.134235800782925
51,0.0,0.0,0.0,0.0,0.0,0.0,0.0,0.0,0.0,0.0,0.0,0.0,0.0,0.0,0.0,0.0,0.0,0.0,0.0,0.0,0.0,0.0,0.0,0.0,0.0,0.0,0.0,0.0,0.0,0.0,0.0,0.0,0.0,0.0,0.0,0.0,0.0,0.0,0.0,0.0,0.0,0.0,0.0,0.0,0.0,0.0,0.0,0.0,0.0,0.0,0.0,0.0,0.0,0.0,0.0,0.0,0.0,0.0,0.0,0.0,0.0,0.0,0.0,0.0,0.0,0.0,0.0,0.0,0.0,0.0,0.0,0.0,0.0,0.0,0.0,0.0,0.0,0.0,0.0,0.0,0.0,0.0,0.0,0.0,0.0,0.0,0.0,0.0,0.0,0.0,0.0,0.0,0.0,0.0,0.0,0.0,0.0,15.559999999999945,53.75999999999999,128.0,0.0,1000.6549019813538,1000.6941176652908,1000.7215686440468,1000.745098054409,1000.7686274647713,1000.7882353067398,1000.811764717102,1000.839215695858,1000.8823529481888,2001.0,166.01851806640624,173.548583984375,178.33326721191406,182.1616973876953,185.3951416015625,188.4178466796875,191.53363037109375,194.99549865722656,199.89190673828125,349.8797912597656,199.09776,3.0,test_data/Useful/Validation/sharp sand at 2ft/20241020_172340_066.jpg,841.0,5.0,64.5523805637013
52,0.0,0.0,0.0,0.0,0.0,0.0,0.0,0.0,0.0,0.0,0.0,0.0,0.0,0.0,0.0,0.0,0.0,0.0,0.0,0.0,0.0,0.0,0.0,0.0,0.0,0.0,0.0,0.0,0.0,0.0,0.0,0.0,0.0,0.0,0.0,0.0,0.0,0.0,0.0,0.0,0.0,0.0,0.0,0.0,0.0,0.0,0.0,0.0,0.0,0.0,0.0,0.0,0.0,0.0,0.0,0.0,0.0,0.0,0.0,0.0,0.0,0.0,0.0,0.0,0.0,0.0,0.0,0.0,0.0,0.0,0.0,0.0,0.0,0.0,0.0,0.0,0.0,0.0,0.0,0.0,0.0,0.0,0.0,0.0,0.0,0.0,0.0,0.0,0.0,0.0,0.0,0.0,0.0,0.0,0.0,0.0,0.0,0.0,0.0,44.0,0.0,1000.6588235497475,1000.7019608020782,1000.7294117808342,1000.7490196228027,1000.7686274647713,1000.7882353067398,1000.811764717102,1000.839215695858,1000.8784313797951,2001.0,163.6519744873047,171.4189910888672,176.24725341796875,180.0358428955078,183.31805419921875,186.450927734375,189.57278442382812,193.1364776611328,198.14999389648438,350.0699462890625,197.68503,3.0,test_data/Useful/Validation/sharp sand at 2ft/20241020_172340_069.jpg,746.0,1.0,62.32151958691034
53,0.0,0.0,0.0,0.0,0.0,0.0,0.0,0.0,0.0,0.0,0.0,0.0,0.0,0.0,0.0,0.0,0.0,0.0,0.0,0.0,0.0,0.0,0.0,0.0,0.0,0.0,0.0,0.0,0.0,0.0,0.0,0.0,0.0,0.0,0.0,0.0,0.0,0.0,0.0,0.0,0.0,0.0,0.0,0.0,0.0,0.0,0.0,0.0,0.0,0.0,0.0,0.0,0.0,0.0,0.0,0.0,0.0,0.0,0.0,0.0,0.0,0.0,0.0,0.0,0.0,0.0,0.0,0.0,0.0,0.0,0.0,0.0,0.0,0.0,0.0,0.0,0.0,0.0,0.0,0.0,0.0,0.0,0.0,0.0,0.0,0.0,0.0,0.0,0.0,0.0,0.0,0.0,0.0,0.0,0.0,0.0,0.0,0.0,0.0,0.0,0.0,1000.6627451181412,1000.7019608020782,1000.7294117808342,1000.7490196228027,1000.7686274647713,1000.7921568751335,1000.811764717102,1000.839215695858,1000.8784313797951,2000.9686274528503,163.34334716796874,171.02575073242187,175.8878646850586,179.70923767089843,183.03977966308594,186.18301391601562,189.35568237304688,192.945068359375,197.9866943359375,350.07830810546875,197.54997,3.0,test_data/Useful/Validation/sharp sand at 2ft/20241020_172340_070.jpg,742.0,0.0,64.621518346728
54,0.0,0.0,0.0,0.0,0.0,0.0,0.0,0.0,0.0,0.0,0.0,0.0,0.0,0.0,0.0,0.0,0.0,0.0,0.0,0.0,0.0,0.0,0.0,0.0,0.0,0.0,0.0,0.0,0.0,0.0,0.0,0.0,0.0,0.0,0.0,0.0,0.0,0.0,0.0,0.0,0.0,0.0,0.0,0.0,0.0,0.0,0.0,0.0,0.0,0.0,0.0,0.0,0.0,0.0,0.0,0.0,0.0,0.0,0.0,0.0,0.0,0.0,0.0,0.0,0.0,0.0,0.0,0.0,0.0,0.0,0.0,0.0,0.0,0.0,0.0,0.0,0.0,0.0,0.0,0.0,0.0,0.0,0.0,0.0,0.0,0.0,0.0,0.0,0.0,0.0,0.0,0.0,0.0,0.0,0.0,0.0,0.0,0.0,0.0,0.0,0.0,1000.6627451181412,1000.7019608020782,1000.7294117808342,1000.7529411911964,1000.772549033165,1000.7921568751335,1000.811764717102,1000.839215695858,1000.8823529481888,2001.0,163.27378845214844,171.01173400878906,175.86459350585938,179.69039916992188,183.0789337158203,186.24124755859376,189.46100921630858,193.05458068847656,198.20394897460938,350.084228515625,197.87645,3.0,test_data/Useful/Validation/sharp sand at 2ft/20241020_172340_071.jpg,754.0,0.0,64.2353668544311
55,0.0,0.0,0.0,0.0,0.0,0.0,0.0,0.0,0.0,0.0,0.0,0.0,0.0,0.0,0.0,0.0,0.0,0.0,0.0,0.0,0.0,0.0,0.0,0.0,0.0,0.0,0.0,0.0,0.0,0.0,0.0,0.0,0.0,0.0,0.0,0.0,0.0,0.0,0.0,0.0,0.0,0.0,0.0,0.0,0.0,0.0,0.0,0.0,0.0,0.0,0.0,0.0,0.0,0.0,0.0,0.0,0.0,0.0,0.0,0.0,0.0,0.0,0.0,0.0,0.0,0.0,0.0,0.0,0.0,0.0,0.0,0.0,0.0,0.0,0.0,0.0,0.0,0.0,0.0,0.0,0.0,0.0,0.0,0.0,0.0,0.0,0.0,0.0,0.0,0.0,0.0,0.0,0.0,0.0,0.0,0.0,0.0,0.0,0.0,0.0,0.0,1000.6627451181412,1000.705882370472,1000.7294117808342,1000.7529411911964,1000.772549033165,1000.7921568751335,1000.8156862854958,1000.839215695858,1000.8823529481888,3001.0,163.37318420410156,171.09490966796875,175.92471313476562,179.7694091796875,183.08718872070312,186.24891662597656,189.46652221679688,193.080322265625,198.17160034179688,350.089599609375,197.6748,3.0,test_data/Useful/Validation/sharp sand at 2ft/20241020_172340_072.jpg,723.0,0.0,64.96621998968094
56,0.0,0.0,0.0,0.0,0.0,0.0,0.0,0.0,0.0,0.0,0.0,0.0,0.0,0.0,0.0,0.0,0.0,0.0,0.0,0.0,0.0,0.0,0.0,0.0,0.0,0.0,0.0,0.0,0.0,0.0,0.0,0.0,0.0,0.0,0.0,0.0,0.0,0.0,0.0,0.0,0.0,0.0,0.0,0.0,0.0,0.0,0.0,0.0,0.0,0.0,0.0,0.0,0.0,0.0,0.0,0.0,0.0,0.0,0.0,0.0,0.0,0.0,0.0,0.0,0.0,0.0,0.0,0.0,0.0,0.0,0.0,0.0,0.0,0.0,0.0,0.0,0.0,0.0,0.0,0.0,0.0,0.0,0.0,0.0,0.0,0.0,0.0,0.0,0.0,0.0,0.0,0.0,0.0,0.0,0.0,0.0,0.0,0.0,0.0,0.0,0.0,1000.6627451181412,1000.7019608020782,1000.7294117808342,1000.7490196228027,1000.772549033165,1000.7921568751335,1000.8156862854958,1000.8431372642517,1000.8862745165825,3001.0,163.24637756347656,171.00892333984376,175.90256958007814,179.75415649414063,183.06908416748047,186.26953125,189.49119567871094,193.080322265625,198.17093048095703,350.10455322265625,197.60347,3.0,test_data/Useful/Validation/sharp sand at 2ft/20241020_172340_073.jpg,697.0,0.0,55.960370751849766
57,0.0,0.0,0.0,0.0,0.0,0.0,0.0,0.0,0.0,0.0,0.0,0.0,0.0,0.0,0.0,0.0,0.0,0.0,0.0,0.0,0.0,0.0,0.0,0.0,0.0,0.0,0.0,0.0,0.0,0.0,0.0,0.0,0.0,0.0,0.0,0.0,0.0,0.0,0.0,0.0,0.0,0.0,0.0,0.0,0.0,0.0,0.0,0.0,0.0,0.0,0.0,0.0,0.0,0.0,0.0,0.0,0.0,0.0,0.0,0.0,0.0,0.0,0.0,0.0,0.0,0.0,0.0,0.0,0.0,0.0,0.0,0.0,0.0,0.0,0.0,0.0,0.0,0.0,0.0,0.0,0.0,0.0,0.0,0.0,0.0,0.0,0.0,0.0,0.0,0.0,0.0,0.0,0.0,0.0,0.0,0.0,0.0,0.0,0.0,0.0,0.0,1000.6627451181412,1000.7019608020782,1000.7294117808342,1000.7490196228027,1000.772549033165,1000.7921568751335,1000.8156862854958,1000.8431372642517,1000.8862745165825,3001.0,163.3687316894531,171.0279998779297,175.960205078125,179.84490966796875,183.22781372070312,186.37518310546875,189.597900390625,193.212646484375,198.3061065673828,350.0846862792969,197.68661,3.0,test_data/Useful/Validation/sharp sand at 2ft/20241020_172340_074.jpg,727.0,0.0,56.339648285625216
58,0.0,0.0,0.0,0.0,0.0,0.0,0.0,0.0,0.0,0.0,0.0,0.0,0.0,0.0,0.0,0.0,0.0,0.0,0.0,0.0,0.0,0.0,0.0,0.0,0.0,0.0,0.0,0.0,0.0,0.0,0.0,0.0,0.0,0.0,0.0,0.0,0.0,0.0,0.0,0.0,0.0,0.0,0.0,0.0,0.0,0.0,0.0,0.0,0.0,0.0,0.0,0.0,0.0,0.0,0.0,0.0,0.0,0.0,0.0,0.0,0.0,0.0,0.0,0.0,0.0,0.0,0.0,0.0,0.0,0.0,0.0,0.0,0.0,0.0,0.0,0.0,0.0,0.0,0.0,0.0,0.0,0.0,0.0,0.0,0.0,0.0,0.0,0.0,0.0,0.0,0.0,0.0,0.0,0.0,0.0,0.0,0.0,0.0,0.0,0.0,0.0,1000.6627451181412,1000.7019608020782,1000.7294117808342,1000.7490196228027,1000.772549033165,1000.7921568751335,1000.8156862854958,1000.8431372642517,1000.8901960849762,3001.0,163.61487884521486,171.2277069091797,176.0972442626953,179.92670288085938,183.28372192382812,186.44983825683593,189.66488647460938,193.3059539794922,198.29580688476562,350.0869445800781,197.58116,3.0,test_data/Useful/Validation/sharp sand at 2ft/20241020_172340_075.jpg,684.0,0.0,57.66068563557298
59,0.0,0.0,0.0,0.0,0.0,0.0,0.0,0.0,0.0,0.0,0.0,0.0,0.0,0.0,0.0,0.0,0.0,0.0,0.0,0.0,0.0,0.0,0.0,0.0,0.0,0.0,0.0,0.0,0.0,0.0,0.0,0.0,0.0,0.0,0.0,0.0,0.0,0.0,0.0,0.0,0.0,0.0,0.0,0.0,0.0,0.0,0.0,0.0,0.0,0.0,0.0,0.0,0.0,0.0,0.0,0.0,0.0,0.0,0.0,0.0,0.0,0.0,0.0,0.0,0.0,0.0,0.0,0.0,0.0,0.0,0.0,0.0,0.0,0.0,0.0,0.0,0.0,0.0,0.0,0.0,0.0,0.0,0.0,0.0,0.0,0.0,0.0,0.0,0.0,0.0,0.0,0.0,0.0,0.0,0.0,0.0,0.0,0.0,0.0,0.0,0.0,1000.6588235497475,1000.7019608020782,1000.7294117808342,1000.7490196228027,1000.772549033165,1000.7921568751335,1000.8156862854958,1000.8470588326454,1000.8901960849762,3001.0,163.36488342285156,171.10211181640625,176.0028839111328,179.88204956054688,183.24990844726562,186.47830200195312,189.64210510253906,193.23716735839844,198.2942916870117,350.0817565917969,197.60323,3.0,test_data/Useful/Validation/sharp sand at 2ft/20241020_172340_076.jpg,665.0,0.0,63.81535222910318
60,0.0,0.0,0.0,0.0,0.0,0.0,0.0,0.0,0.0,0.0,0.0,0.0,0.0,0.0,0.0,0.0,0.0,0.0,0.0,0.0,0.0,0.0,0.0,0.0,0.0,0.0,0.0,0.0,0.0,0.0,0.0,0.0,0.0,0.0,0.0,0.0,0.0,0.0,0.0,0.0,0.0,0.0,0.0,0.0,0.0,0.0,0.0,0.0,0.0,0.0,0.0,0.0,0.0,0.0,0.0,0.0,0.0,0.0,0.0,0.0,0.0,0.0,0.0,0.0,0.0,0.0,0.0,0.0,0.0,0.0,0.0,0.0,0.0,0.0,0.0,0.0,0.0,0.0,0.0,0.0,0.0,0.0,0.0,0.0,0.0,0.0,0.0,0.0,0.0,0.0,0.0,0.0,0.0,0.0,0.0,0.0,0.0,0.0,0.0,0.0,0.0,1000.6823529601097,1000.7215686440468,1000.7490196228027,1000.772549033165,1000.7960784435272,1000.8156862854958,1000.839215695858,1000.8705882430077,1000.9176470637321,3001.0,163.62328643798827,171.49234008789062,176.3949737548828,180.24163818359375,183.56057739257812,186.70916748046875,189.917724609375,193.49459838867188,198.72906494140625,350.1697082519531,198.91437,3.0,test_data/Useful/Validation/sharp sand at 2ft/20241020_172410_013.jpg,1102.0,0.0,68.07798893563617
61,0.0,0.0,0.0,0.0,0.0,0.0,0.0,0.0,0.0,0.0,0.0,0.0,0.0,0.0,0.0,0.0,0.0,0.0,0.0,0.0,0.0,0.0,0.0,0.0,0.0,0.0,0.0,0.0,0.0,0.0,0.0,0.0,0.0,0.0,0.0,0.0,0.0,0.0,0.0,0.0,0.0,0.0,0.0,0.0,0.0,0.0,0.0,0.0,0.0,0.0,0.0,0.0,0.0,0.0,0.0,0.0,0.0,0.0,0.0,0.0,0.0,0.0,0.0,0.0,0.0,0.0,0.0,0.0,0.0,0.0,0.0,0.0,0.0,0.0,0.0,0.0,0.0,0.0,0.0,0.0,0.0,0.0,0.0,0.0,0.0,0.0,0.0,0.0,0.0,0.0,0.0,0.0,0.0,0.0,0.0,0.0,0.0,0.0,0.0,0.0,0.0,1000.6823529601097,1000.7215686440468,1000.7529411911964,1000.772549033165,1000.7960784435272,1000.8196078538895,1000.8431372642517,1000.8745098114014,1000.9215686321259,3001.0,163.63141784667968,171.4083709716797,176.34390258789062,180.16159057617188,183.55162048339844,186.70611572265625,189.9497833251953,193.60450744628906,198.756103515625,350.1828308105469,198.80371,3.0,test_data/Useful/Validation/sharp sand at 2ft/20241020_172410_014.jpg,1099.0,0.0,58.326102305868055
62,0.0,0.0,0.0,0.0,0.0,0.0,0.0,0.0,0.0,0.0,0.0,0.0,0.0,0.0,0.0,0.0,0.0,0.0,0.0,0.0,0.0,0.0,0.0,0.0,0.0,0.0,0.0,0.0,0.0,0.0,0.0,0.0,0.0,0.0,0.0,0.0,0.0,0.0,0.0,0.0,0.0,0.0,0.0,0.0,0.0,0.0,0.0,0.0,0.0,0.0,0.0,0.0,0.0,0.0,0.0,0.0,0.0,0.0,0.0,0.0,0.0,0.0,0.0,0.0,0.0,0.0,0.0,0.0,0.0,0.0,0.0,0.0,0.0,0.0,0.0,0.0,0.0,0.0,0.0,0.0,0.0,0.0,0.0,0.0,0.0,0.0,0.0,0.0,0.0,0.0,0.0,0.0,0.0,0.0,0.0,0.0,0.0,0.0,0.0,0.0,0.0,1000.6705882549286,1000.7176470756531,1000.7490196228027,1000.772549033165,1000.7960784435272,1000.8196078538895,1000.8470588326454,1000.8823529481888,1000.9372549057007,3001.0,163.97321319580078,171.71605224609374,176.6639617919922,180.47294921875,183.8474578857422,186.9788024902344,190.16778259277345,193.78460693359375,198.87130279541014,350.1617126464844,198.69366,3.0,test_data/Useful/Validation/sharp sand at 2ft/20241020_172410_015.jpg,1194.0,0.0,57.10011469180833
63,0.0,0.0,0.0,0.0,0.0,0.0,0.0,0.0,0.0,0.0,0.0,0.0,0.0,0.0,0.0,0.0,0.0,0.0,0.0,0.0,0.0,0.0,0.0,0.0,0.0,0.0,0.0,0.0,0.0,0.0,0.0,0.0,0.0,0.0,0.0,0.0,0.0,0.0,0.0,0.0,0.0,0.0,0.0,0.0,0.0,0.0,0.0,0.0,0.0,0.0,0.0,0.0,0.0,0.0,0.0,0.0,0.0,0.0,0.0,0.0,0.0,0.0,0.0,0.0,0.0,0.0,0.0,0.0,0.0,0.0,0.0,0.0,0.0,0.0,0.0,0.0,0.0,0.0,0.0,0.0,0.0,0.0,0.0,0.0,0.0,0.0,0.0,0.0,0.0,0.0,0.0,0.0,0.0,0.0,0.0,0.0,0.0,0.0,0.0,0.0,0.0,1000.6745098233223,1000.7215686440468,1000.7490196228027,1000.772549033165,1000.7960784435272,1000.8196078538895,1000.8431372642517,1000.8784313797951,1000.933333337307,3001.0,163.92854919433594,171.55545043945312,176.51226806640625,180.39395141601562,183.74221801757812,186.8956787109375,190.1066421508789,193.7566375732422,198.92349243164062,350.172607421875,198.71422,3.0,test_data/Useful/Validation/sharp sand at 2ft/20241020_172410_016.jpg,1173.0,0.0,57.08138044524854
64,0.0,0.0,0.0,0.0,0.0,0.0,0.0,0.0,0.0,0.0,0.0,0.0,0.0,0.0,0.0,0.0,0.0,0.0,0.0,0.0,0.0,0.0,0.0,0.0,0.0,0.0,0.0,0.0,0.0,0.0,0.0,0.0,0.0,0.0,0.0,0.0,0.0,0.0,0.0,0.0,0.0,0.0,0.0,0.0,0.0,0.0,0.0,0.0,0.0,0.0,0.0,0.0,0.0,0.0,0.0,0.0,0.0,0.0,0.0,0.0,0.0,0.0,0.0,0.0,0.0,0.0,0.0,0.0,0.0,0.0,0.0,0.0,0.0,0.0,0.0,0.0,0.0,0.0,0.0,0.0,0.0,0.0,0.0,0.0,0.0,0.0,0.0,0.0,0.0,0.0,0.0,0.0,0.0,0.0,0.0,0.0,0.0,0.0,0.0,0.0,0.0,1000.6745098233223,1000.7215686440468,1000.7490196228027,1000.772549033165,1000.7960784435272,1000.8196078538895,1000.8470588326454,1000.8784313797951,1000.933333337307,3001.0,164.10479431152345,171.69388732910156,176.61017761230468,180.4431884765625,183.8192596435547,186.95558166503906,190.12527465820312,193.76539611816406,198.9237319946289,350.1783447265625,198.71039,3.0,test_data/Useful/Validation/sharp sand at 2ft/20241020_172410_017.jpg,1157.0,0.0,59.89376571075094
65,0.0,0.0,0.0,0.0,0.0,0.0,0.0,0.0,0.0,0.0,0.0,0.0,0.0,0.0,0.0,0.0,0.0,0.0,0.0,0.0,0.0,0.0,0.0,0.0,0.0,0.0,0.0,0.0,0.0,0.0,0.0,0.0,0.0,0.0,0.0,0.0,0.0,0.0,0.0,0.0,0.0,0.0,0.0,0.0,0.0,0.0,0.0,0.0,0.0,0.0,0.0,0.0,0.0,0.0,0.0,0.0,0.0,0.0,0.0,0.0,0.0,0.0,0.0,0.0,0.0,0.0,0.0,0.0,0.0,0.0,0.0,0.0,0.0,0.0,0.0,0.0,0.0,0.0,0.0,0.0,0.0,0.0,0.0,0.0,0.0,0.0,0.0,0.0,0.0,0.0,0.0,0.0,0.0,0.0,0.0,0.0,0.0,0.0,0.0,0.0,0.0,1000.6705882549286,1000.7176470756531,1000.7490196228027,1000.772549033165,1000.7960784435272,1000.8196078538895,1000.8470588326454,1000.8823529481888,1000.9411764740944,3001.0,164.04736328125,171.7353485107422,176.67298889160156,180.4962921142578,183.8730010986328,187.00721740722656,190.22576904296875,193.8343048095703,198.9541015625,350.1714782714844,198.58136,3.0,test_data/Useful/Validation/sharp sand at 2ft/20241020_172410_018.jpg,1186.0,0.0,60.96461252240602
66,0.0,0.0,0.0,0.0,0.0,0.0,0.0,0.0,0.0,0.0,0.0,0.0,0.0,0.0,0.0,0.0,0.0,0.0,0.0,0.0,0.0,0.0,0.0,0.0,0.0,0.0,0.0,0.0,0.0,0.0,0.0,0.0,0.0,0.0,0.0,0.0,0.0,0.0,0.0,0.0,0.0,0.0,0.0,0.0,0.0,0.0,0.0,0.0,0.0,0.0,0.0,0.0,0.0,0.0,0.0,0.0,0.0,0.0,0.0,0.0,0.0,0.0,0.0,0.0,0.0,0.0,0.0,0.0,0.0,0.0,0.0,0.0,0.0,0.0,0.0,0.0,0.0,0.0,0.0,0.0,0.0,0.0,0.0,0.0,0.0,0.0,0.0,0.0,0.0,0.0,0.0,0.0,0.0,0.0,0.0,0.0,0.0,0.0,0.0,0.0,0.0,1000.678431391716,1000.7215686440468,1000.7529411911964,1000.7764706015587,1000.8000000119209,1000.8235294222832,1000.8470588326454,1000.8784313797951,1000.933333337307,3001.0,164.00256958007813,171.74434509277344,176.5899200439453,180.42974853515625,183.81884002685547,186.94881286621094,190.15068359375,193.81039428710938,198.86721801757812,350.1818542480469,198.45486,3.0,test_data/Useful/Validation/sharp sand at 2ft/20241020_172410_019.jpg,1149.0,0.0,59.437885339188604
67,0.0,0.0,0.0,0.0,0.0,0.0,0.0,0.0,0.0,0.0,0.0,0.0,0.0,0.0,0.0,0.0,0.0,0.0,0.0,0.0,0.0,0.0,0.0,0.0,0.0,0.0,0.0,0.0,0.0,0.0,0.0,0.0,0.0,0.0,0.0,0.0,0.0,0.0,0.0,0.0,0.0,0.0,0.0,0.0,0.0,0.0,0.0,0.0,0.0,0.0,0.0,0.0,0.0,0.0,0.0,0.0,0.0,0.0,0.0,0.0,0.0,0.0,0.0,0.0,0.0,0.0,0.0,0.0,0.0,0.0,0.0,0.0,0.0,0.0,0.0,0.0,0.0,0.0,0.0,0.0,0.0,0.0,0.0,0.0,0.0,0.0,0.0,0.0,0.0,0.0,0.0,0.0,0.0,0.0,0.0,0.0,0.0,0.0,0.0,0.0,0.0,1000.6862745285034,1000.7294117808342,1000.7568627595901,1000.7803921699524,1000.8000000119209,1000.8235294222832,1000.8470588326454,1000.8784313797951,1000.9254902005196,3001.0,163.6141815185547,171.31768798828125,176.2257080078125,180.04550170898438,183.40679168701172,186.57936096191406,189.78292846679688,193.37652587890625,198.51129150390625,350.2087707519531,198.20468,3.0,test_data/Useful/Validation/sharp sand at 2ft/20241020_172410_020.jpg,1033.0,0.0,58.246402076785174
68,0.0,0.0,0.0,0.0,0.0,0.0,0.0,0.0,0.0,0.0,0.0,0.0,0.0,0.0,0.0,0.0,0.0,0.0,0.0,0.0,0.0,0.0,0.0,0.0,0.0,0.0,0.0,0.0,0.0,0.0,0.0,0.0,0.0,0.0,0.0,0.0,0.0,0.0,0.0,0.0,0.0,0.0,0.0,0.0,0.0,0.0,0.0,0.0,0.0,0.0,0.0,0.0,0.0,0.0,0.0,0.0,0.0,0.0,0.0,0.0,0.0,0.0,0.0,0.0,0.0,0.0,0.0,0.0,0.0,0.0,0.0,0.0,0.0,0.0,0.0,0.0,0.0,0.0,0.0,0.0,0.0,0.0,0.0,0.0,0.0,0.0,0.0,0.0,0.0,0.0,0.0,0.0,0.0,0.0,0.0,2.199999999999818,18.639999999999645,46.559999999999945,68.51999999999998,107.0,0.0,1000.6823529601097,1000.7254902124405,1000.7529411911964,1000.7764706015587,1000.7960784435272,1000.8156862854958,1000.8352941274643,1000.8588235378265,1000.8980392217636,3001.0,166.24100189208986,173.92077026367187,178.69273681640624,182.45479736328124,185.6943130493164,188.75352172851564,191.80939025878905,195.29149475097657,200.20327758789062,349.91375732421875,199.69643,3.0,test_data/Useful/Validation/sharp sand at 2ft/20241020_172410_065.jpg,854.0,10.0,61.69006451254543
69,0.0,0.0,0.0,0.0,0.0,0.0,0.0,0.0,0.0,0.0,0.0,0.0,0.0,0.0,0.0,0.0,0.0,0.0,0.0,0.0,0.0,0.0,0.0,0.0,0.0,0.0,0.0,0.0,0.0,0.0,0.0,0.0,0.0,0.0,0.0,0.0,0.0,0.0,0.0,0.0,0.0,0.0,0.0,0.0,0.0,0.0,0.0,0.0,0.0,0.0,0.0,0.0,0.0,0.0,0.0,0.0,0.0,0.0,0.0,0.0,0.0,0.0,0.0,0.0,0.0,0.0,0.0,0.0,0.0,0.0,0.0,0.0,0.0,0.0,0.0,0.0,0.0,0.0,0.0,0.0,0.0,0.0,0.0,0.0,0.0,0.0,0.0,0.0,0.0,0.0,0.0,0.0,0.0,0.0,0.0,7.079999999999927,18.559999999999945,50.039999999999964,90.47999999999979,127.0,0.0,1000.6862745285034,1000.7294117808342,1000.7529411911964,1000.7764706015587,1000.7960784435272,1000.811764717102,1000.8313725590706,1000.8549019694328,1000.8901960849762,3001.0,166.9352554321289,174.44706115722659,179.26014556884766,182.91368408203124,186.17196655273438,189.2028045654297,192.2570037841797,195.66104125976562,200.54039001464844,349.85302734375,200.12595,3.0,test_data/Useful/Validation/sharp sand at 2ft/20241020_172410_066.jpg,883.0,14.0,61.649228359250884
70,0.0,0.0,0.0,0.0,0.0,0.0,0.0,0.0,0.0,0.0,0.0,0.0,0.0,0.0,0.0,0.0,0.0,0.0,0.0,0.0,0.0,0.0,0.0,0.0,0.0,0.0,0.0,0.0,0.0,0.0,0.0,0.0,0.0,0.0,0.0,0.0,0.0,0.0,0.0,0.0,0.0,0.0,0.0,0.0,0.0,0.0,0.0,0.0,0.0,0.0,0.0,0.0,0.0,0.0,0.0,0.0,0.0,0.0,0.0,0.0,0.0,0.0,0.0,0.0,0.0,0.0,0.0,0.0,0.0,0.0,0.0,0.0,0.0,0.0,0.0,0.0,0.0,0.0,0.0,0.0,0.0,0.0,0.0,0.0,0.0,0.0,0.0,0.0,0.0,0.0,0.0,0.0,0.0,0.0,2.7999999999999545,14.039999999999964,28.559999999999945,40.51999999999998,89.75999999999999,132.0,0.0,1000.6901960968971,1000.7294117808342,1000.7529411911964,1000.7764706015587,1000.7921568751335,1000.811764717102,1000.8313725590706,1000.8549019694328,1000.8901960849762,3001.0,167.40309143066406,174.93020629882812,179.7160186767578,183.42609252929688,186.65707397460938,189.67244567871094,192.6781997680664,196.12363891601564,200.97598876953126,349.80474853515625,200.36531,3.0,test_data/Useful/Validation/sharp sand at 2ft/20241020_172410_067.jpg,947.0,8.0,57.29560787413702
71,0.0,0.0,0.0,0.0,0.0,0.0,0.0,0.0,0.0,0.0,0.0,0.0,0.0,0.0,0.0,0.0,0.0,0.0,0.0,0.0,0.0,0.0,0.0,0.0,0.0,0.0,0.0,0.0,0.0,0.0,0.0,0.0,0.0,0.0,0.0,0.0,0.0,0.0,0.0,0.0,0.0,0.0,0.0,0.0,0.0,0.0,0.0,0.0,0.0,0.0,0.0,0.0,0.0,0.0,0.0,0.0,0.0,0.0,0.0,0.0,0.0,0.0,0.0,0.0,0.0,0.0,0.0,0.0,0.0,0.0,0.0,0.0,0.0,0.0,0.0,0.0,0.0,0.0,0.0,0.0,0.0,0.0,0.0,0.0,0.0,0.0,0.0,0.0,0.0,0.0,0.0,0.0,0.0,0.0,0.0,9.0,28.0,42.51999999999998,67.75999999999999,135.0,0.0,1000.6823529601097,1000.7254902124405,1000.7529411911964,1000.772549033165,1000.7921568751335,1000.811764717102,1000.8313725590706,1000.8588235378265,1000.8941176533699,3001.0,166.67925262451172,174.3101348876953,179.12908935546875,182.81876525878906,186.0541000366211,189.0869384765625,192.170166015625,195.64613342285156,200.5874481201172,349.8741149902344,200.27374,3.0,test_data/Useful/Validation/sharp sand at 2ft/20241020_172410_068.jpg,917.0,10.0,57.58038669867128
72,0.0,0.0,0.0,0.0,0.0,0.0,0.0,0.0,0.0,0.0,0.0,0.0,0.0,0.0,0.0,0.0,0.0,0.0,0.0,0.0,0.0,0.0,0.0,0.0,0.0,0.0,0.0,0.0,0.0,0.0,0.0,0.0,0.0,0.0,0.0,0.0,0.0,0.0,0.0,0.0,0.0,0.0,0.0,0.0,0.0,0.0,0.0,0.0,0.0,0.0,0.0,0.0,0.0,0.0,0.0,0.0,0.0,0.0,0.0,0.0,0.0,0.0,0.0,0.0,0.0,0.0,0.0,0.0,0.0,0.0,0.0,0.0,0.0,0.0,0.0,0.0,0.0,0.0,0.0,0.0,0.0,0.0,0.0,0.0,0.0,0.0,0.0,0.0,0.0,0.0,0.0,0.0,0.0,0.0,0.0,1.0799999999999272,18.559999999999945,39.51999999999998,88.0,120.0,0.0,1000.6862745285034,1000.7294117808342,1000.7529411911964,1000.7764706015587,1000.7921568751335,1000.811764717102,1000.8313725590706,1000.8588235378265,1000.8941176533699,3001.0,167.40489654541017,174.89576416015626,179.6495849609375,183.36007690429688,186.54932403564453,189.51080932617188,192.58490905761718,195.95306701660155,200.78938598632814,349.83856201171875,200.16171,3.0,test_data/Useful/Validation/sharp sand at 2ft/20241020_172410_069.jpg,877.0,7.0,62.299368227743926
73,0.0,0.0,0.0,0.0,0.0,0.0,0.0,0.0,0.0,0.0,0.0,0.0,0.0,0.0,0.0,0.0,0.0,0.0,0.0,0.0,0.0,0.0,0.0,0.0,0.0,0.0,0.0,0.0,0.0,0.0,0.0,0.0,0.0,0.0,0.0,0.0,0.0,0.0,0.0,0.0,0.0,0.0,0.0,0.0,0.0,0.0,0.0,0.0,0.0,0.0,0.0,0.0,0.0,0.0,0.0,0.0,0.0,0.0,0.0,0.0,0.0,0.0,0.0,0.0,0.0,0.0,0.0,0.0,0.0,0.0,0.0,0.0,0.0,0.0,0.0,0.0,0.0,0.0,0.0,0.0,0.0,0.0,0.0,0.0,0.0,0.0,0.0,0.0,0.0,0.0,0.0,0.0,0.0,0.0,5.0,19.079999999999927,39.27999999999997,49.159999999999854,74.03999999999996,140.0,0.0,1000.6901960968971,1000.7333333492279,1000.7568627595901,1000.7764706015587,1000.7960784435272,1000.811764717102,1000.8313725590706,1000.8549019694328,1000.8901960849762,3001.0,167.68258819580078,175.22504577636718,179.96783447265625,183.6376190185547,186.8460922241211,189.84324645996094,192.87647094726563,196.27786254882812,201.12869262695312,349.78936767578125,200.77437,3.0,test_data/Useful/Validation/sharp sand at 2ft/20241020_172410_070.jpg,1016.0,12.0,64.59817926201313
74,0.0,0.0,0.0,0.0,0.0,0.0,0.0,0.0,0.0,0.0,0.0,0.0,0.0,0.0,0.0,0.0,0.0,0.0,0.0,0.0,0.0,0.0,0.0,0.0,0.0,0.0,0.0,0.0,0.0,0.0,0.0,0.0,0.0,0.0,0.0,0.0,0.0,0.0,0.0,0.0,0.0,0.0,0.0,0.0,0.0,0.0,0.0,0.0,0.0,0.0,0.0,0.0,0.0,0.0,0.0,0.0,0.0,0.0,0.0,0.0,0.0,0.0,0.0,0.0,0.0,0.0,0.0,0.0,0.0,0.0,0.0,0.0,0.0,0.0,0.0,0.0,0.0,0.0,0.0,0.0,0.0,0.0,0.0,0.0,0.0,0.0,0.0,0.0,0.0,0.0,0.0,1.080000000000041,7.32000000000005,14.559999999999945,20.0,28.039999999999964,40.399999999999864,57.59999999999991,85.0,118.0,0.0,1000.6980392336845,1000.7372549176216,1000.7607843279839,1000.7803921699524,1000.7960784435272,1000.8156862854958,1000.8313725590706,1000.8549019694328,1000.8862745165825,3001.0,168.0645751953125,175.7606201171875,180.59719848632812,184.31495666503906,187.46046447753906,190.48338317871094,193.49359893798828,196.96639404296874,201.81503295898438,349.6475524902344,201.76744,3.0,test_data/Useful/Validation/sharp sand at 2ft/20241020_172410_071.jpg,1032.0,18.0,59.497880500384646
75,0.0,0.0,0.0,0.0,0.0,0.0,0.0,0.0,0.0,0.0,0.0,0.0,0.0,0.0,0.0,0.0,0.0,0.0,0.0,0.0,0.0,0.0,0.0,0.0,0.0,0.0,0.0,0.0,0.0,0.0,0.0,0.0,0.0,0.0,0.0,0.0,0.0,0.0,0.0,0.0,0.0,0.0,0.0,0.0,0.0,0.0,0.0,0.0,0.0,0.0,0.0,0.0,0.0,0.0,0.0,0.0,0.0,0.0,0.0,0.0,0.0,0.0,0.0,0.0,0.0,0.0,0.0,0.0,0.0,0.0,0.0,0.0,0.0,0.0,0.0,0.0,0.0,0.0,0.0,0.0,0.0,0.0,0.0,0.0,0.0,0.0,0.0,0.0,0.0,0.0,0.0,3.160000000000082,8.32000000000005,16.11999999999989,32.399999999999864,38.0,44.11999999999989,59.07999999999993,95.27999999999997,125.0,0.0,1000.7019608020782,1000.7372549176216,1000.7607843279839,1000.7803921699524,1000.7960784435272,1000.8156862854958,1000.8313725590706,1000.8549019694328,1000.8862745165825,3001.0,168.80907440185547,176.37884521484375,181.1508026123047,184.8715362548828,188.0692138671875,191.0178985595703,193.98587036132812,197.31504821777344,202.19219970703125,349.562255859375,202.03412,3.0,test_data/Useful/Validation/sharp sand at 2ft/20241020_172410_072.jpg,1067.0,15.0,62.0250935414482
76,0.0,0.0,0.0,0.0,0.0,0.0,0.0,0.0,0.0,0.0,0.0,0.0,0.0,0.0,0.0,0.0,0.0,0.0,0.0,0.0,0.0,0.0,0.0,0.0,0.0,0.0,0.0,0.0,0.0,0.0,0.0,0.0,0.0,0.0,0.0,0.0,0.0,0.0,0.0,0.0,0.0,0.0,0.0,0.0,0.0,0.0,0.0,0.0,0.0,0.0,0.0,0.0,0.0,0.0,0.0,0.0,0.0,0.0,0.0,0.0,0.0,0.0,0.0,0.0,0.0,0.0,0.0,0.0,0.0,0.0,0.0,0.0,0.0,0.0,0.0,0.0,0.0,0.0,0.0,0.0,0.0,0.0,0.0,0.0,0.0,0.0,0.0,0.0,0.0,0.0,0.0,0.0,0.0,1.6799999999998363,6.7999999999999545,15.039999999999964,32.27999999999997,44.07999999999993,77.87999999999988,120.0,0.0,1000.6941176652908,1000.7372549176216,1000.7607843279839,1000.7843137383461,1000.8000000119209,1000.8196078538895,1000.839215695858,1000.8588235378265,1000.8941176533699,3001.0,167.69198608398438,175.29258728027344,180.05196685791014,183.7736572265625,186.96259307861328,189.97989807128906,192.98553924560548,196.38419494628906,201.2113830566406,349.8208312988281,200.76978,3.0,test_data/Useful/Validation/sharp sand at 2ft/20241020_172410_075.jpg,925.0,15.0,61.85208047325311
77,0.0,0.0,0.0,0.0,0.0,0.0,0.0,0.0,0.0,0.0,0.0,0.0,0.0,0.0,0.0,0.0,0.0,0.0,0.0,0.0,0.0,0.0,0.0,0.0,0.0,0.0,0.0,0.0,0.0,0.0,0.0,0.0,0.0,0.0,0.0,0.0,0.0,0.0,0.0,0.0,0.0,0.0,0.0,0.0,0.0,0.0,0.0,0.0,0.0,0.0,0.0,0.0,0.0,0.0,0.0,0.0,0.0,0.0,0.0,0.0,0.0,0.0,0.0,0.0,0.0,0.0,0.0,0.0,0.0,0.0,0.0,0.0,0.0,0.0,0.0,0.0,0.0,0.0,0.0,0.0,0.0,0.0,0.0,0.0,0.0,0.0,0.0,0.0,0.36000000000001364,5.0,14.840000000000032,20.160000000000082,26.0,30.559999999999945,40.0,47.0,52.27999999999997,68.51999999999998,94.3599999999999,138.0,0.0,1000.7019608020782,1000.7411764860153,1000.7647058963776,1000.7843137383461,1000.8039215803146,1000.8196078538895,1000.839215695858,1000.8588235378265,1000.8862745165825,3001.0,168.9364471435547,176.683251953125,181.41446075439453,185.12517395019532,188.31340789794922,191.29758911132814,194.35818939208986,197.73883056640625,202.62905883789062,349.5811462402344,202.37073,3.0,test_data/Useful/Validation/sharp sand at 2ft/20241020_172410_076.jpg,917.0,23.0,57.72994404376414
78,0.0,0.0,0.0,0.0,0.0,0.0,0.0,0.0,0.0,0.0,0.0,0.0,0.0,0.0,0.0,0.0,0.0,0.0,0.0,0.0,0.0,0.0,0.0,0.0,0.0,0.0,0.0,0.0,0.0,0.0,0.0,0.0,0.0,0.0,0.0,0.0,0.0,0.0,0.0,0.0,0.0,0.0,0.0,0.0,0.0,0.0,0.0,0.0,0.0,0.0,0.0,0.0,0.0,0.0,0.0,0.0,0.0,0.0,0.0,0.0,0.0,0.0,0.0,0.0,0.0,0.0,0.0,0.0,0.0,0.0,0.0,0.0,0.0,0.0,0.0,0.0,0.0,0.0,0.0,0.0,0.0,0.0,0.0,0.0,0.0,0.0,0.0,0.0,3.3600000000000136,4.0,7.840000000000032,12.080000000000041,20.6400000000001,25.559999999999945,36.799999999999955,49.039999999999964,55.27999999999997,73.63999999999987,99.15999999999985,125.0,0.0,1000.7019608020782,1000.7411764860153,1000.7647058963776,1000.7882353067398,1000.8039215803146,1000.8196078538895,1000.839215695858,1000.8588235378265,1000.8862745165825,3001.0,169.41360473632812,176.8719482421875,181.58572387695312,185.26837768554688,188.4758758544922,191.45773010253905,194.45671997070312,197.87982177734375,202.6935577392578,349.57470703125,202.56015,3.0,test_data/Useful/Validation/sharp sand at 2ft/20241020_172410_077.jpg,937.0,22.0,57.00637158871179
79,0.0,0.0,0.0,0.0,0.0,0.0,0.0,0.0,0.0,0.0,0.0,0.0,0.0,0.0,0.0,0.0,0.0,0.0,0.0,0.0,0.0,0.0,0.0,0.0,0.0,0.0,0.0,0.0,0.0,0.0,0.0,0.0,0.0,0.0,0.0,0.0,0.0,0.0,0.0,0.0,0.0,0.0,0.0,0.0,0.0,0.0,0.0,0.0,0.0,0.0,0.0,0.0,0.0,0.0,0.0,0.0,0.0,0.0,0.0,0.0,0.0,0.0,0.0,0.0,0.0,0.0,0.0,0.0,0.0,0.0,0.0,0.0,0.0,0.0,0.0,0.0,0.0,0.0,0.0,0.0,0.0,0.0,0.0,0.0,0.0,0.0,0.0,0.0,0.0,0.0,3.840000000000032,8.080000000000041,11.32000000000005,19.23999999999978,28.399999999999864,39.039999999999964,52.0,70.19999999999982,94.03999999999996,139.0,0.0,1000.705882370472,1000.745098054409,1000.7686274647713,1000.7882353067398,1000.8039215803146,1000.8196078538895,1000.839215695858,1000.8588235378265,1000.8862745165825,3001.0,168.48186187744142,176.12568054199218,180.89344787597656,184.6042938232422,187.77427673339844,190.79033813476562,193.7962219238281,197.20306701660155,202.18718872070312,349.7225341796875,202.29843,3.0,test_data/Useful/Validation/sharp sand at 2ft/20241020_172410_078.jpg,954.0,25.0,59.62171982836858
80,0.0,0.0,0.0,0.0,0.0,0.0,0.0,0.0,0.0,0.0,0.0,0.0,0.0,0.0,0.0,0.0,0.0,0.0,0.0,0.0,0.0,0.0,0.0,0.0,0.0,0.0,0.0,0.0,0.0,0.0,0.0,0.0,0.0,0.0,0.0,0.0,0.0,0.0,0.0,0.0,0.0,0.0,0.0,0.0,0.0,0.0,0.0,0.0,0.0,0.0,0.0,0.0,0.0,0.0,0.0,0.0,0.0,0.0,0.0,0.0,0.0,0.0,0.0,0.0,0.0,0.0,0.0,0.0,0.0,0.0,0.0,0.0,0.0,0.0,0.0,0.0,0.0,0.0,0.0,0.0,0.0,0.0,0.0,0.0,0.0,0.0,0.0,0.0,0.36000000000001364,3.6000000000000227,9.0,14.0,18.32000000000005,23.0,30.799999999999955,38.159999999999854,48.0,60.0,70.31999999999994,105.0,0.0,1000.7098039388657,1000.7490196228027,1000.7686274647713,1000.7882353067398,1000.8039215803146,1000.8196078538895,1000.839215695858,1000.8549019694328,1000.8823529481888,3000.972549021244,168.91722564697267,176.49703979492188,181.25703125,184.90776977539062,188.09521484375,191.06542358398437,194.10336303710938,197.6042938232422,202.637060546875,349.6591796875,203.13568,3.0,test_data/Useful/Validation/sharp sand at 2ft/20241020_172410_079.jpg,1075.0,25.0,58.35270963163345
81,0.0,0.0,0.0,0.0,0.0,0.0,0.0,0.0,0.0,0.0,0.0,0.0,0.0,0.0,0.0,0.0,0.0,0.0,0.0,0.0,0.0,0.0,0.0,0.0,0.0,0.0,0.0,0.0,0.0,0.0,0.0,0.0,0.0,0.0,0.0,0.0,0.0,0.0,0.0,0.0,0.0,0.0,0.0,0.0,0.0,0.0,0.0,0.0,0.0,0.0,0.0,0.0,0.0,0.0,0.0,0.0,0.0,0.0,0.0,0.0,0.0,0.0,0.0,0.0,0.0,0.0,0.0,0.0,0.0,0.0,0.0,0.0,0.0,0.0,0.0,0.0,0.0,0.0,0.0,0.0,0.0,0.0,0.0,0.0,0.0,0.0,0.0,0.0,0.0,0.6000000000000227,5.840000000000032,9.0,18.32000000000005,23.559999999999945,31.799999999999955,36.0,48.83999999999992,60.039999999999964,74.0,122.0,0.0,1000.7098039388657,1000.745098054409,1000.7686274647713,1000.7882353067398,1000.8078431487083,1000.8235294222832,1000.839215695858,1000.8588235378265,1000.8862745165825,3001.0,168.10189819335938,175.7646484375,180.45591735839844,184.14785766601562,187.35940551757812,190.33883972167968,193.3842544555664,196.7929656982422,201.76233367919923,349.77349853515625,202.13861,3.0,test_data/Useful/Validation/sharp sand at 2ft/20241020_172410_080.jpg,969.0,21.0,62.17760870431153
82,0.0,0.0,0.0,0.0,0.0,0.0,0.0,0.0,0.0,0.0,0.0,0.0,0.0,0.0,0.0,0.0,0.0,0.0,0.0,0.0,0.0,0.0,0.0,0.0,0.0,0.0,0.0,0.0,0.0,0.0,0.0,0.0,0.0,0.0,0.0,0.0,0.0,0.0,0.0,0.0,0.0,0.0,0.0,0.0,0.0,0.0,0.0,0.0,0.0,0.0,0.0,0.0,0.0,0.0,0.0,0.0,0.0,0.0,0.0,0.0,0.0,0.0,0.0,0.0,0.0,0.0,0.0,0.0,0.0,0.0,0.0,0.0,0.0,0.0,0.0,0.0,0.0,0.0,0.0,0.0,0.0,0.0,0.0,0.0,0.0,0.0,0.0,0.0,0.0,0.0,0.0,0.0,0.0,0.0,0.0,10.0,14.519999999999754,37.59999999999991,55.51999999999998,100.0,0.0,1000.7098039388657,1000.7490196228027,1000.772549033165,1000.7921568751335,1000.8078431487083,1000.8235294222832,1000.839215695858,1000.8627451062202,1000.8901960849762,3000.988235294819,166.9778274536133,174.32713012695314,179.1364288330078,182.8544921875,186.08091735839844,189.10800170898438,192.1585235595703,195.60589599609375,200.57562255859375,349.96600341796875,200.82039,3.0,test_data/Useful/Validation/sharp sand at 2ft/20241020_172410_081.jpg,952.0,12.0,55.383617809298656
83,0.0,0.0,0.0,0.0,0.0,0.0,0.0,0.0,0.0,0.0,0.0,0.0,0.0,0.0,0.0,0.0,0.0,0.0,0.0,0.0,0.0,0.0,0.0,0.0,0.0,0.0,0.0,0.0,0.0,0.0,0.0,0.0,0.0,0.0,0.0,0.0,0.0,0.0,0.0,0.0,0.0,0.0,0.0,0.0,0.0,0.0,0.0,0.0,0.0,0.0,0.0,0.0,0.0,0.0,0.0,0.0,0.0,0.0,0.0,0.0,0.0,0.0,0.0,0.0,0.0,0.0,0.0,0.0,0.0,0.0,0.0,0.0,0.0,0.0,0.0,0.0,0.0,0.0,0.0,0.0,0.0,0.0,0.0,0.0,0.0,0.0,0.0,0.0,0.0,0.0,0.0,0.0,0.0,0.0,0.0,0.03999999999996362,9.0,34.039999999999964,64.27999999999997,103.0,0.0,1000.7137255072594,1000.7490196228027,1000.772549033165,1000.7921568751335,1000.8078431487083,1000.8235294222832,1000.839215695858,1000.8588235378265,1000.8901960849762,3000.972549021244,167.076904296875,174.6385955810547,179.39430236816406,183.13046264648438,186.2998046875,189.28927001953124,192.34395294189454,195.7493835449219,200.75879974365236,349.9681091308594,201.04413,3.0,test_data/Useful/Validation/sharp sand at 2ft/20241020_172410_082.jpg,937.0,12.0,58.88163870849117
84,0.0,0.0,0.0,0.0,0.0,0.0,0.0,0.0,0.0,0.0,0.0,0.0,0.0,0.0,0.0,0.0,0.0,0.0,0.0,0.0,0.0,0.0,0.0,0.0,0.0,0.0,0.0,0.0,0.0,0.0,0.0,0.0,0.0,0.0,0.0,0.0,0.0,0.0,0.0,0.0,0.0,0.0,0.0,0.0,0.0,0.0,0.0,0.0,0.0,0.0,0.0,0.0,0.0,0.0,0.0,0.0,0.0,0.0,0.0,0.0,0.0,0.0,0.0,0.0,0.0,0.0,0.0,0.0,0.0,0.0,0.0,0.0,0.0,0.0,0.0,0.0,0.0,0.0,0.0,0.0,0.0,0.0,0.0,0.0,0.0,0.0,0.0,0.0,0.0,0.0,0.0,0.0,0.0,0.0,0.0,0.0,0.0,0.0,0.0,0.0,0.0,1000.584313750267,1000.6352941393852,1000.6705882549286,1000.6980392336845,1000.7215686440468,1000.7490196228027,1000.7764706015587,1000.8156862854958,1000.8705882430077,3001.0,163.97874450683594,171.61395263671875,176.4646759033203,180.3011932373047,183.7016143798828,186.82631225585936,190.07036590576172,193.70949096679686,198.88675079345703,349.8875427246094,198.7056,3.0,test_data/Useful/Validation/sharp sand at 2ft/20241020_172526_071.jpg,1028.0,0.0,62.35931329587624
85,0.0,0.0,0.0,0.0,0.0,0.0,0.0,0.0,0.0,0.0,0.0,0.0,0.0,0.0,0.0,0.0,0.0,0.0,0.0,0.0,0.0,0.0,0.0,0.0,0.0,0.0,0.0,0.0,0.0,0.0,0.0,0.0,0.0,0.0,0.0,0.0,0.0,0.0,0.0,0.0,0.0,0.0,0.0,0.0,0.0,0.0,0.0,0.0,0.0,0.0,0.0,0.0,0.0,0.0,0.0,0.0,0.0,0.0,0.0,0.0,0.0,0.0,0.0,0.0,0.0,0.0,0.0,0.0,0.0,0.0,0.0,0.0,0.0,0.0,0.0,0.0,0.0,0.0,0.0,0.0,0.0,0.0,0.0,0.0,0.0,0.0,0.0,0.0,0.0,0.0,0.0,0.0,0.0,0.0,0.0,0.0,0.0,0.0,0.0,0.0,0.0,1000.5803921818733,1000.6352941393852,1000.6666666865349,1000.6980392336845,1000.7215686440468,1000.7490196228027,1000.7764706015587,1000.8156862854958,1000.8745098114014,3001.0,163.87105712890624,171.65879821777344,176.53427124023438,180.3868835449219,183.80032348632812,186.94778442382812,190.17135620117188,193.8062744140625,198.80657958984375,349.8786926269531,198.43826,3.0,test_data/Useful/Validation/sharp sand at 2ft/20241020_172526_072.jpg,967.0,0.0,59.515647552370474
86,0.0,0.0,0.0,0.0,0.0,0.0,0.0,0.0,0.0,0.0,0.0,0.0,0.0,0.0,0.0,0.0,0.0,0.0,0.0,0.0,0.0,0.0,0.0,0.0,0.0,0.0,0.0,0.0,0.0,0.0,0.0,0.0,0.0,0.0,0.0,0.0,0.0,0.0,0.0,0.0,0.0,0.0,0.0,0.0,0.0,0.0,0.0,0.0,0.0,0.0,0.0,0.0,0.0,0.0,0.0,0.0,0.0,0.0,0.0,0.0,0.0,0.0,0.0,0.0,0.0,0.0,0.0,0.0,0.0,0.0,0.0,0.0,0.0,0.0,0.0,0.0,0.0,0.0,0.0,0.0,0.0,0.0,0.0,0.0,0.0,0.0,0.0,0.0,0.0,0.0,0.0,0.0,0.0,0.0,0.0,0.0,0.0,0.0,0.0,0.0,0.0,1000.5803921818733,1000.6352941393852,1000.6666666865349,1000.6980392336845,1000.7215686440468,1000.7490196228027,1000.7764706015587,1000.8156862854958,1000.8705882430077,3001.0,164.0383758544922,171.6573944091797,176.5364227294922,180.40951538085938,183.77645874023438,186.91966552734374,190.17510681152342,193.81600952148438,198.84779357910156,349.9014892578125,198.36082,3.0,test_data/Useful/Validation/sharp sand at 2ft/20241020_172526_073.jpg,1070.0,0.0,59.53528324451884
87,0.0,0.0,0.0,0.0,0.0,0.0,0.0,0.0,0.0,0.0,0.0,0.0,0.0,0.0,0.0,0.0,0.0,0.0,0.0,0.0,0.0,0.0,0.0,0.0,0.0,0.0,0.0,0.0,0.0,0.0,0.0,0.0,0.0,0.0,0.0,0.0,0.0,0.0,0.0,0.0,0.0,0.0,0.0,0.0,0.0,0.0,0.0,0.0,0.0,0.0,0.0,0.0,0.0,0.0,0.0,0.0,0.0,0.0,0.0,0.0,0.0,0.0,0.0,0.0,0.0,0.0,0.0,0.0,0.0,0.0,0.0,0.0,0.0,0.0,0.0,0.0,0.0,0.0,0.0,0.0,0.0,0.0,0.0,0.0,0.0,0.0,0.0,0.0,0.0,0.0,0.0,0.0,0.0,0.0,0.0,0.0,0.0,0.0,0.0,0.0,0.0,1000.5764706134796,1000.6313725709915,1000.6666666865349,1000.6941176652908,1000.7215686440468,1000.7490196228027,1000.7764706015587,1000.811764717102,1000.8705882430077,3001.0,163.90625,171.5745391845703,176.5645751953125,180.4623565673828,183.83660888671875,186.9753875732422,190.23916625976562,193.8331756591797,198.96737670898438,349.88360595703125,198.62053,3.0,test_data/Useful/Validation/sharp sand at 2ft/20241020_172526_074.jpg,1034.0,0.0,59.76928168345009
88,0.0,0.0,0.0,0.0,0.0,0.0,0.0,0.0,0.0,0.0,0.0,0.0,0.0,0.0,0.0,0.0,0.0,0.0,0.0,0.0,0.0,0.0,0.0,0.0,0.0,0.0,0.0,0.0,0.0,0.0,0.0,0.0,0.0,0.0,0.0,0.0,0.0,0.0,0.0,0.0,0.0,0.0,0.0,0.0,0.0,0.0,0.0,0.0,0.0,0.0,0.0,0.0,0.0,0.0,0.0,0.0,0.0,0.0,0.0,0.0,0.0,0.0,0.0,0.0,0.0,0.0,0.0,0.0,0.0,0.0,0.0,0.0,0.0,0.0,0.0,0.0,0.0,0.0,0.0,0.0,0.0,0.0,0.0,0.0,0.0,0.0,0.0,0.0,0.0,0.0,0.0,0.0,0.0,0.0,0.0,0.0,0.0,0.0,0.0,0.0,0.0,1000.5725490450859,1000.6274510025978,1000.6627451181412,1000.6941176652908,1000.7176470756531,1000.745098054409,1000.7764706015587,1000.811764717102,1000.8705882430077,3001.0,163.9700164794922,171.77085876464844,176.6976318359375,180.50186157226562,183.8565216064453,187.0045623779297,190.2530517578125,193.86643981933594,198.96691131591797,349.86181640625,198.64456,3.0,test_data/Useful/Validation/sharp sand at 2ft/20241020_172526_075.jpg,1100.0,0.0,59.29828883521518
89,0.0,0.0,0.0,0.0,0.0,0.0,0.0,0.0,0.0,0.0,0.0,0.0,0.0,0.0,0.0,0.0,0.0,0.0,0.0,0.0,0.0,0.0,0.0,0.0,0.0,0.0,0.0,0.0,0.0,0.0,0.0,0.0,0.0,0.0,0.0,0.0,0.0,0.0,0.0,0.0,0.0,0.0,0.0,0.0,0.0,0.0,0.0,0.0,0.0,0.0,0.0,0.0,0.0,0.0,0.0,0.0,0.0,0.0,0.0,0.0,0.0,0.0,0.0,0.0,0.0,0.0,0.0,0.0,0.0,0.0,0.0,0.0,0.0,0.0,0.0,0.0,0.0,0.0,0.0,0.0,0.0,0.0,0.0,0.0,0.0,0.0,0.0,0.0,0.0,0.0,0.0,0.0,0.0,0.0,0.0,0.0,0.0,0.0,0.0,0.0,0.0,1000.5686274766922,1000.6235294342041,1000.6588235497475,1000.6901960968971,1000.7176470756531,1000.745098054409,1000.7764706015587,1000.8156862854958,1000.8745098114014,3001.0,164.0560302734375,171.7943572998047,176.69610595703125,180.5585479736328,183.90638732910156,187.07028198242188,190.29397583007812,193.89584045410157,198.95828552246093,349.86273193359375,198.6059,3.0,test_data/Useful/Validation/sharp sand at 2ft/20241020_172526_076.jpg,1070.0,0.0,59.40896848549224
90,0.0,0.0,0.0,0.0,0.0,0.0,0.0,0.0,0.0,0.0,0.0,0.0,0.0,0.0,0.0,0.0,0.0,0.0,0.0,0.0,0.0,0.0,0.0,0.0,0.0,0.0,0.0,0.0,0.0,0.0,0.0,0.0,0.0,0.0,0.0,0.0,0.0,0.0,0.0,0.0,0.0,0.0,0.0,0.0,0.0,0.0,0.0,0.0,0.0,0.0,0.0,0.0,0.0,0.0,0.0,0.0,0.0,0.0,0.0,0.0,0.0,0.0,0.0,0.0,0.0,0.0,0.0,0.0,0.0,0.0,0.0,0.0,0.0,0.0,0.0,0.0,0.0,0.0,0.0,0.0,0.0,0.0,0.0,0.0,0.0,0.0,0.0,0.0,0.0,0.0,0.0,0.0,0.0,0.0,0.0,0.0,0.0,0.0,0.0,0.0,0.0,1000.5725490450859,1000.6274510025978,1000.6627451181412,1000.6901960968971,1000.7176470756531,1000.745098054409,1000.772549033165,1000.811764717102,1000.866666674614,3001.0,163.84832763671875,171.54904174804688,176.52462768554688,180.45114135742188,183.84878540039062,187.01780700683594,190.2266082763672,193.84956665039064,198.90968322753906,349.87042236328125,198.36523,3.0,test_data/Useful/Validation/sharp sand at 2ft/20241020_172526_077.jpg,1085.0,0.0,60.37137225033823
91,0.0,0.0,0.0,0.0,0.0,0.0,0.0,0.0,0.0,0.0,0.0,0.0,0.0,0.0,0.0,0.0,0.0,0.0,0.0,0.0,0.0,0.0,0.0,0.0,0.0,0.0,0.0,0.0,0.0,0.0,0.0,0.0,0.0,0.0,0.0,0.0,0.0,0.0,0.0,0.0,0.0,0.0,0.0,0.0,0.0,0.0,0.0,0.0,0.0,0.0,0.0,0.0,0.0,0.0,0.0,0.0,0.0,0.0,0.0,0.0,0.0,0.0,0.0,0.0,0.0,0.0,0.0,0.0,0.0,0.0,0.0,0.0,0.0,0.0,0.0,0.0,0.0,0.0,0.0,0.0,0.0,0.0,0.0,0.0,0.0,0.0,0.0,0.0,0.0,0.0,0.0,0.0,0.0,0.0,0.0,0.0,0.0,0.0,0.0,0.0,0.0,1000.5803921818733,1000.6313725709915,1000.6627451181412,1000.6901960968971,1000.7176470756531,1000.7411764860153,1000.7686274647713,1000.8039215803146,1000.8588235378265,3001.0,163.782373046875,171.545703125,176.50273895263672,180.38450927734374,183.7477264404297,186.8922119140625,190.16973876953125,193.7794189453125,198.81072998046875,349.86700439453125,198.31094,3.0,test_data/Useful/Validation/sharp sand at 2ft/20241020_172526_078.jpg,1014.0,0.0,60.04475394317092
92,0.0,0.0,0.0,0.0,0.0,0.0,0.0,0.0,0.0,0.0,0.0,0.0,0.0,0.0,0.0,0.0,0.0,0.0,0.0,0.0,0.0,0.0,0.0,0.0,0.0,0.0,0.0,0.0,0.0,0.0,0.0,0.0,0.0,0.0,0.0,0.0,0.0,0.0,0.0,0.0,0.0,0.0,0.0,0.0,0.0,0.0,0.0,0.0,0.0,0.0,0.0,0.0,0.0,0.0,0.0,0.0,0.0,0.0,0.0,0.0,0.0,0.0,0.0,0.0,0.0,0.0,0.0,0.0,0.0,0.0,0.0,0.0,0.0,0.0,0.0,0.0,0.0,0.0,0.0,0.0,0.0,0.0,0.0,0.0,0.0,0.0,0.0,0.0,0.0,0.0,0.0,0.0,0.0,0.0,0.0,0.0,0.0,0.0,0.0,0.0,0.0,1000.5803921818733,1000.6313725709915,1000.6627451181412,1000.6901960968971,1000.7137255072594,1000.7411764860153,1000.7647058963776,1000.8000000119209,1000.8509804010391,3001.0,163.82891387939455,171.64162902832032,176.56689453125,180.46234130859375,183.81614685058594,186.9635009765625,190.13198547363282,193.78473205566408,198.85443115234375,349.86944580078125,198.33316,3.0,test_data/Useful/Validation/sharp sand at 2ft/20241020_172526_081.jpg,1049.0,0.0,57.311651934435744
93,0.0,0.0,0.0,0.0,0.0,0.0,0.0,0.0,0.0,0.0,0.0,0.0,0.0,0.0,0.0,0.0,0.0,0.0,0.0,0.0,0.0,0.0,0.0,0.0,0.0,0.0,0.0,0.0,0.0,0.0,0.0,0.0,0.0,0.0,0.0,0.0,0.0,0.0,0.0,0.0,0.0,0.0,0.0,0.0,0.0,0.0,0.0,0.0,0.0,0.0,0.0,0.0,0.0,0.0,0.0,0.0,0.0,0.0,0.0,0.0,0.0,0.0,0.0,0.0,0.0,0.0,0.0,0.0,0.0,0.0,0.0,0.0,0.0,0.0,0.0,0.0,0.0,0.0,0.0,0.0,0.0,0.0,0.0,0.0,0.0,0.0,0.0,0.0,0.0,0.0,0.0,0.0,0.0,0.0,0.0,0.0,0.0,0.0,0.0,0.0,0.0,1000.5647059082985,1000.6196078658104,1000.6588235497475,1000.6862745285034,1000.7137255072594,1000.7411764860153,1000.772549033165,1000.8078431487083,1000.866666674614,3001.0,164.07005310058594,171.73399353027344,176.67852783203125,180.61460876464844,183.94631958007812,187.07627868652344,190.3137969970703,193.85765075683594,198.97047424316406,349.8517150878906,198.31262,3.0,test_data/Useful/Validation/sharp sand at 2ft/20241020_172526_082.jpg,1074.0,0.0,63.78127517453255
94,0.0,0.0,0.0,0.0,0.0,0.0,0.0,0.0,0.0,0.0,0.0,0.0,0.0,0.0,0.0,0.0,0.0,0.0,0.0,0.0,0.0,0.0,0.0,0.0,0.0,0.0,0.0,0.0,0.0,0.0,0.0,0.0,0.0,0.0,0.0,0.0,0.0,0.0,0.0,0.0,0.0,0.0,0.0,0.0,0.0,0.0,0.0,0.0,0.0,0.0,0.0,0.0,0.0,0.0,0.0,0.0,0.0,0.0,0.0,0.0,0.0,0.0,0.0,0.0,0.0,0.0,0.0,0.0,0.0,0.0,0.0,0.0,0.0,0.0,0.0,0.0,0.0,0.0,0.0,0.0,0.0,0.0,0.0,0.0,0.0,0.0,0.0,0.0,0.0,0.0,0.0,0.0,0.0,0.0,0.0,0.0,0.0,0.0,0.0,0.0,0.0,1000.6039215922356,1000.6549019813538,1000.6862745285034,1000.7098039388657,1000.7372549176216,1000.7607843279839,1000.7843137383461,1000.8196078538895,1000.8705882430077,3001.0,163.6858169555664,171.43053588867187,176.42011566162108,180.26187133789062,183.67266082763672,186.84871520996094,190.0944351196289,193.71103515625,198.76416015625,349.955322265625,198.08716,3.0,test_data/Useful/Validation/sharp sand at 2ft/20241020_172526_083.jpg,973.0,0.0,60.17387936259337
95,0.0,0.0,0.0,0.0,0.0,0.0,0.0,0.0,0.0,0.0,0.0,0.0,0.0,0.0,0.0,0.0,0.0,0.0,0.0,0.0,0.0,0.0,0.0,0.0,0.0,0.0,0.0,0.0,0.0,0.0,0.0,0.0,0.0,0.0,0.0,0.0,0.0,0.0,0.0,0.0,0.0,0.0,0.0,0.0,0.0,0.0,0.0,0.0,0.0,0.0,0.0,0.0,0.0,0.0,0.0,0.0,0.0,0.0,0.0,0.0,0.0,0.0,0.0,0.0,0.0,0.0,0.0,0.0,0.0,0.0,0.0,0.0,0.0,0.0,0.0,0.0,0.0,0.0,0.0,0.0,0.0,0.0,0.0,0.0,0.0,0.0,0.0,0.0,0.0,0.0,0.0,0.0,0.0,0.0,0.0,0.0,0.0,0.0,0.0,0.0,0.0,1000.6039215922356,1000.6588235497475,1000.6941176652908,1000.7254902124405,1000.7490196228027,1000.7764706015587,1000.8078431487083,1000.8431372642517,1000.9019607901573,3001.0,164.12913360595704,171.700390625,176.58255767822266,180.48580932617188,183.86061096191406,187.02999877929688,190.2412567138672,193.84683227539062,198.95538330078125,349.9957580566406,198.59781,3.0,test_data/Useful/Validation/sharp sand at 2ft/20241020_172526_084.jpg,1054.0,0.0,61.376412695571176
96,0.0,0.0,0.0,0.0,0.0,0.0,0.0,0.0,0.0,0.0,0.0,0.0,0.0,0.0,0.0,0.0,0.0,0.0,0.0,0.0,0.0,0.0,0.0,0.0,0.0,0.0,0.0,0.0,0.0,0.0,0.0,0.0,0.0,0.0,0.0,0.0,0.0,0.0,0.0,0.0,0.0,0.0,0.0,0.0,0.0,0.0,0.0,0.0,0.0,0.0,0.0,0.0,0.0,0.0,0.0,0.0,0.0,0.0,0.0,0.0,0.0,0.0,0.0,0.0,0.0,0.0,0.0,0.0,0.0,0.0,0.0,0.0,0.0,0.0,0.0,0.0,0.0,0.0,0.0,0.0,0.0,0.0,0.0,0.0,0.0,0.0,0.0,0.0,0.0,0.0,0.0,0.0,0.0,0.0,0.0,0.0,0.0,0.0,0.0,0.0,0.0,1000.65098041296,1000.6980392336845,1000.7254902124405,1000.7490196228027,1000.772549033165,1000.7921568751335,1000.8196078538895,1000.8470588326454,1000.8941176533699,3001.0,164.03987884521484,171.66193237304688,176.5678955078125,180.4155517578125,183.73870849609375,186.85499572753906,190.04593811035156,193.6375732421875,198.7108337402344,350.0867004394531,198.51303,3.0,test_data/Useful/Validation/sharp sand at 2ft/20241020_172526_085.jpg,1050.0,0.0,56.902162360399004
97,0.0,0.0,0.0,0.0,0.0,0.0,0.0,0.0,0.0,0.0,0.0,0.0,0.0,0.0,0.0,0.0,0.0,0.0,0.0,0.0,0.0,0.0,0.0,0.0,0.0,0.0,0.0,0.0,0.0,0.0,0.0,0.0,0.0,0.0,0.0,0.0,0.0,0.0,0.0,0.0,0.0,0.0,0.0,0.0,0.0,0.0,0.0,0.0,0.0,0.0,0.0,0.0,0.0,0.0,0.0,0.0,0.0,0.0,0.0,0.0,0.0,0.0,0.0,0.0,0.0,0.0,0.0,0.0,0.0,0.0,0.0,0.0,0.0,0.0,0.0,0.0,0.0,0.0,0.0,0.0,0.0,0.0,0.0,0.0,0.0,0.0,0.0,0.0,0.0,0.0,0.0,0.0,0.0,0.0,0.0,0.0,0.0,0.0,0.0,0.0,0.0,1000.6352941393852,1000.6862745285034,1000.7215686440468,1000.7490196228027,1000.772549033165,1000.8000000119209,1000.8274509906769,1000.8627451062202,1000.9176470637321,3001.0,163.9494583129883,171.61718139648437,176.59146118164062,180.4676544189453,183.8467788696289,187.0301971435547,190.22745056152343,193.84841918945312,198.94890289306642,350.0802001953125,198.51672,3.0,test_data/Useful/Validation/sharp sand at 2ft/20241020_172526_086.jpg,1054.0,0.0,54.40655259701418
98,0.0,0.0,0.0,0.0,0.0,0.0,0.0,0.0,0.0,0.0,0.0,0.0,0.0,0.0,0.0,0.0,0.0,0.0,0.0,0.0,0.0,0.0,0.0,0.0,0.0,0.0,0.0,0.0,0.0,0.0,0.0,0.0,0.0,0.0,0.0,0.0,0.0,0.0,0.0,0.0,0.0,0.0,0.0,0.0,0.0,0.0,0.0,0.0,0.0,0.0,0.0,0.0,0.0,0.0,0.0,0.0,0.0,0.0,0.0,0.0,0.0,0.0,0.0,0.0,0.0,0.0,0.0,0.0,0.0,0.0,0.0,0.0,0.0,0.0,0.0,0.0,0.0,0.0,0.0,0.0,0.0,0.0,0.0,0.0,0.0,0.0,0.0,0.0,0.0,0.0,0.0,0.0,0.0,0.0,0.0,0.0,0.0,0.0,0.0,0.0,0.0,1000.6549019813538,1000.6980392336845,1000.7294117808342,1000.7529411911964,1000.772549033165,1000.7960784435272,1000.8235294222832,1000.8509804010391,1000.8980392217636,3001.0,163.70446014404297,171.43446350097656,176.37396240234375,180.30218505859375,183.6446304321289,186.76534729003905,189.96785736083984,193.5780792236328,198.741455078125,350.099365234375,198.46895,3.0,test_data/Useful/Validation/sharp sand at 2ft/20241020_172526_087.jpg,956.0,0.0,59.2280944793222
99,0.0,0.0,0.0,0.0,0.0,0.0,0.0,0.0,0.0,0.0,0.0,0.0,0.0,0.0,0.0,0.0,0.0,0.0,0.0,0.0,0.0,0.0,0.0,0.0,0.0,0.0,0.0,0.0,0.0,0.0,0.0,0.0,0.0,0.0,0.0,0.0,0.0,0.0,0.0,0.0,0.0,0.0,0.0,0.0,0.0,0.0,0.0,0.0,0.0,0.0,0.0,0.0,0.0,0.0,0.0,0.0,0.0,0.0,0.0,0.0,0.0,0.0,0.0,0.0,0.0,0.0,0.0,0.0,0.0,0.0,0.0,0.0,0.0,0.0,0.0,0.0,0.0,0.0,0.0,0.0,0.0,0.0,0.0,0.0,0.0,0.0,0.0,0.0,0.0,0.0,0.0,0.0,0.0,0.0,0.0,0.0,0.0,0.0,0.0,0.0,0.0,1000.6627451181412,1000.705882370472,1000.7333333492279,1000.7529411911964,1000.7764706015587,1000.7960784435272,1000.8196078538895,1000.8470588326454,1000.8901960849762,3001.0,163.63770904541016,171.3126678466797,176.23615112304688,180.04227294921876,183.39784240722656,186.54217529296875,189.7370635986328,193.36346435546875,198.48778381347657,350.12200927734375,198.29404,3.0,test_data/Useful/Validation/sharp sand at 2ft/20241020_172526_088.jpg,904.0,0.0,61.77777294916237
100,0.0,0.0,0.0,0.0,0.0,0.0,0.0,0.0,0.0,0.0,0.0,0.0,0.0,0.0,0.0,0.0,0.0,0.0,0.0,0.0,0.0,0.0,0.0,0.0,0.0,0.0,0.0,0.0,0.0,0.0,0.0,0.0,0.0,0.0,0.0,0.0,0.0,0.0,0.0,0.0,0.0,0.0,0.0,0.0,0.0,0.0,0.0,0.0,0.0,0.0,0.0,0.0,0.0,0.0,0.0,0.0,0.0,0.0,0.0,0.0,0.0,0.0,0.0,0.0,0.0,0.0,0.0,0.0,0.0,0.0,0.0,0.0,0.0,0.0,0.0,0.0,0.0,0.0,0.0,0.0,0.0,0.0,0.0,0.0,0.0,0.0,0.0,0.0,0.0,0.0,0.0,0.0,0.0,0.0,0.0,0.0,0.0,0.0,0.0,0.0,0.0,1000.6549019813538,1000.7019608020782,1000.7294117808342,1000.7529411911964,1000.7764706015587,1000.7960784435272,1000.8196078538895,1000.8509804010391,1000.8980392217636,3001.0,163.59327697753906,171.31695556640625,176.28997802734375,180.12728881835938,183.46640014648438,186.6394805908203,189.83050537109375,193.45953369140625,198.58795166015625,350.1190490722656,198.15279,3.0,test_data/Useful/Validation/sharp sand at 2ft/20241020_172526_091.jpg,958.0,0.0,54.86472513697116
101,0.0,0.0,0.0,0.0,0.0,0.0,0.0,0.0,0.0,0.0,0.0,0.0,0.0,0.0,0.0,0.0,0.0,0.0,0.0,0.0,0.0,0.0,0.0,0.0,0.0,0.0,0.0,0.0,0.0,0.0,0.0,0.0,0.0,0.0,0.0,0.0,0.0,0.0,0.0,0.0,0.0,0.0,0.0,0.0,0.0,0.0,0.0,0.0,0.0,0.0,0.0,0.0,0.0,0.0,0.0,0.0,0.0,0.0,0.0,0.0,0.0,0.0,0.0,0.0,0.0,0.0,0.0,0.0,0.0,0.0,0.0,0.0,0.0,0.0,0.0,0.0,0.0,0.0,0.0,0.0,0.0,0.0,0.0,0.0,0.0,0.0,0.0,0.0,0.0,0.0,0.0,0.0,0.0,0.0,0.0,0.0,0.0,0.0,0.0,0.0,0.0,1000.6470588445663,1000.6941176652908,1000.7254902124405,1000.7529411911964,1000.7764706015587,1000.8000000119209,1000.8274509906769,1000.8588235378265,1000.9098039269447,3001.0,163.76910400390625,171.52008056640625,176.37164306640625,180.23147583007812,183.58457946777344,186.758056640625,189.9177703857422,193.5678955078125,198.69326782226562,350.1057434082031,198.23653,3.0,test_data/Useful/Validation/sharp sand at 2ft/20241020_172526_092.jpg,954.0,0.0,57.24204365440316
102,0.0,0.0,0.0,0.0,0.0,0.0,0.0,0.0,0.0,0.0,0.0,0.0,0.0,0.0,0.0,0.0,0.0,0.0,0.0,0.0,0.0,0.0,0.0,0.0,0.0,0.0,0.0,0.0,0.0,0.0,0.0,0.0,0.0,0.0,0.0,0.0,0.0,0.0,0.0,0.0,0.0,0.0,0.0,0.0,0.0,0.0,0.0,0.0,0.0,0.0,0.0,0.0,0.0,0.0,0.0,0.0,0.0,0.0,0.0,0.0,0.0,0.0,0.0,0.0,0.0,0.0,0.0,0.0,0.0,0.0,0.0,0.0,0.0,0.0,0.0,0.0,0.0,0.0,0.0,0.0,0.0,0.0,0.0,0.0,0.0,0.0,0.0,0.0,0.0,0.0,0.0,0.0,0.0,0.0,0.0,0.0,0.0,0.0,0.0,0.0,0.0,1000.6392157077789,1000.6901960968971,1000.7254902124405,1000.7529411911964,1000.7764706015587,1000.8039215803146,1000.8313725590706,1000.8627451062202,1000.9176470637321,3001.0,163.79869079589844,171.57264709472656,176.47828674316406,180.30259704589844,183.68499755859375,186.86068725585938,190.10003662109375,193.68345642089844,198.85789489746094,350.0960998535156,198.54097,3.0,test_data/Useful/Validation/sharp sand at 2ft/20241020_172526_093.jpg,1037.0,0.0,58.365996888705276
103,0.0,0.0,0.0,0.0,0.0,0.0,0.0,0.0,0.0,0.0,0.0,0.0,0.0,0.0,0.0,0.0,0.0,0.0,0.0,0.0,0.0,0.0,0.0,0.0,0.0,0.0,0.0,0.0,0.0,0.0,0.0,0.0,0.0,0.0,0.0,0.0,0.0,0.0,0.0,0.0,0.0,0.0,0.0,0.0,0.0,0.0,0.0,0.0,0.0,0.0,0.0,0.0,0.0,0.0,0.0,0.0,0.0,0.0,0.0,0.0,0.0,0.0,0.0,0.0,0.0,0.0,0.0,0.0,0.0,0.0,0.0,0.0,0.0,0.0,0.0,0.0,0.0,0.0,0.0,0.0,0.0,0.0,0.0,0.0,0.0,0.0,0.0,0.0,0.0,0.0,0.0,0.0,0.0,0.0,0.0,0.0,0.0,0.0,0.0,0.0,0.0,1000.65098041296,1000.6980392336845,1000.7294117808342,1000.7529411911964,1000.7764706015587,1000.8000000119209,1000.8274509906769,1000.8588235378265,1000.905882358551,3001.0,163.5301513671875,171.3728485107422,176.34173583984375,180.22781372070312,183.58892822265625,186.78045654296875,189.94314575195312,193.5482177734375,198.6654052734375,350.1109619140625,198.3861,3.0,test_data/Useful/Validation/sharp sand at 2ft/20241020_172526_094.jpg,952.0,0.0,63.3264496139432
104,0.0,0.0,0.0,0.0,0.0,0.0,0.0,0.0,0.0,0.0,0.0,0.0,0.0,0.0,0.0,0.0,0.0,0.0,0.0,0.0,0.0,0.0,0.0,0.0,0.0,0.0,0.0,0.0,0.0,0.0,0.0,0.0,0.0,0.0,0.0,0.0,0.0,0.0,0.0,0.0,0.0,0.0,0.0,0.0,0.0,0.0,0.0,0.0,0.0,0.0,0.0,0.0,0.0,0.0,0.0,0.0,0.0,0.0,0.0,0.0,0.0,0.0,0.0,0.0,0.0,0.0,0.0,0.0,0.0,0.0,0.0,0.0,0.0,0.0,0.0,0.0,0.0,0.0,0.0,0.0,0.0,0.0,0.0,0.0,0.0,0.0,0.0,0.0,0.0,0.0,0.0,0.0,0.0,0.0,0.0,0.0,0.0,0.0,0.0,0.0,0.0,1000.6431372761726,1000.6941176652908,1000.7254902124405,1000.7529411911964,1000.7764706015587,1000.8000000119209,1000.8274509906769,1000.8627451062202,1000.9137254953384,3001.0,163.49325256347657,171.32586669921875,176.3037872314453,180.20042419433594,183.57797241210938,186.77285766601562,189.97842407226562,193.5995330810547,198.7511779785156,350.10614013671875,198.43503,3.0,test_data/Useful/Validation/sharp sand at 2ft/20241020_172526_095.jpg,996.0,0.0,66.46116770324437
0,0.0,0.0,0.0,0.0,0.0,0.0,0.0,0.0,0.0,0.0,0.0,0.0,0.0,0.0,0.0,0.0,0.0,0.0,0.0,0.0,0.0,0.0,0.0,0.0,0.0,0.0,0.0,0.0,0.0,0.0,0.0,0.0,0.0,0.0,0.0,0.0,0.0,0.0,0.0,0.0,0.0,0.0,0.0,0.0,0.0,0.0,0.0,0.0,0.0,0.0,0.0,0.0,0.0,0.0,0.0,0.0,0.0,0.0,0.0,0.0,0.0,0.0,0.0,0.0,0.0,0.0,0.0,0.0,0.0,0.0,0.0,0.0,0.0,0.0,0.0,0.0,0.0,0.0,0.9600000000000364,6.0,8.0,11.0,16.0,21.159999999999968,27.0,30.639999999999986,33.879999999999995,37.0,38.360000000000014,42.0,45.0,49.0,51.0,52.559999999999945,56.0,63.07999999999993,69.27999999999997,74.0,90.51999999999998,105.0,0.0,1000.4000000059605,1000.486274510622,1000.5568627715111,1000.6431372761726,1000.7843137383461,2000.4705882370472,2000.623529434204,2000.8039215803146,3000.584313750267,3001.0,170.5584716796875,178.2238006591797,183.1280517578125,186.96221923828125,190.28594207763672,193.54087829589844,196.84742889404296,200.8177947998047,207.4915771484375,346.9642333984375,210.81871,2.0,test_data/Useful/Validation/Stone Dust at 1 ft/IMG_9353.jpg,2445.0,53.0,25.318943673949043
1,0.0,0.0,0.0,0.0,0.0,0.0,0.0,0.0,0.0,0.0,0.0,0.0,0.0,0.0,0.0,0.0,0.0,0.0,0.0,0.0,0.0,0.0,0.0,0.0,0.0,0.0,0.0,0.0,0.0,0.0,0.0,0.0,0.0,0.0,0.0,0.0,0.0,0.0,0.0,0.0,0.0,0.0,0.0,0.0,0.0,0.0,0.0,0.0,0.0,0.0,0.0,0.0,0.0,0.0,0.0,0.0,0.0,0.0,0.0,0.0,0.0,0.0,0.0,0.0,0.0,0.0,0.0,0.0,0.0,0.0,0.0,0.0,0.0,0.0,0.0,0.0,0.0,0.0,0.0,0.0,2.0,5.0,9.919999999999959,12.0,17.0,19.0,22.0,26.0,28.360000000000014,32.200000000000045,35.0,38.0,42.0,45.559999999999945,50.799999999999955,57.039999999999964,58.27999999999997,64.0,70.0,87.0,0.0,1000.3450980484486,1000.4313725531101,1000.4980392158031,1000.5568627715111,1000.6196078658104,1000.678431391716,1000.7411764860153,1000.8627451062202,2000.6705882549286,3001.0,167.44722747802734,175.194091796875,180.11268615722656,183.95057678222656,187.4709930419922,190.85735473632812,194.46084442138672,198.9288330078125,206.66888427734375,346.8038635253906,210.86145,2.0,test_data/Useful/Validation/Stone Dust at 1 ft/IMG_9354.jpg,2366.0,44.0,29.90706718957888
2,0.0,0.0,0.0,0.0,0.0,0.0,0.0,0.0,0.0,0.0,0.0,0.0,0.0,0.0,0.0,0.0,0.0,0.0,0.0,0.0,0.0,0.0,0.0,0.0,0.0,0.0,0.0,0.0,0.0,0.0,0.0,0.0,0.0,0.0,0.0,0.0,0.0,0.0,0.0,0.0,0.0,0.0,0.0,0.0,0.0,0.0,0.0,0.0,0.0,0.0,0.0,0.0,0.0,0.0,0.0,0.0,0.0,0.0,0.0,0.0,0.0,0.0,0.0,0.0,0.0,0.0,0.0,0.0,0.0,0.0,0.0,0.0,0.0,0.0,0.0,0.0,0.0,0.0,0.0,0.0,0.0,0.0,0.0,0.0,0.0,0.0,0.0,0.0,1.0,4.0,8.0,9.080000000000041,12.0,15.559999999999945,21.799999999999955,24.039999999999964,30.279999999999973,36.039999999999964,46.039999999999964,69.0,0.0,1000.3568627536297,1000.5607843399048,1000.6980392336845,1000.8274509906769,2000.06274510175,2000.3568627536297,2000.6000000238419,2000.7960784435272,3000.0784313753247,3001.0,167.52316284179688,175.35482788085938,180.32516479492188,184.17410278320312,187.50669860839844,190.76522827148438,194.26080322265625,198.49429321289062,206.37010192871094,348.40283203125,212.12521,2.0,test_data/Useful/Validation/Stone Dust at 1 ft/WhatsApp Image 2024-09-05 at 17.06.47 (2).jpeg,5535.0,23.0,28.137214728358597
3,0.0,0.0,0.0,0.0,0.0,0.0,0.0,0.0,0.0,0.0,0.0,0.0,0.0,0.0,0.0,0.0,0.0,0.0,0.0,0.0,0.0,0.0,0.0,0.0,0.0,0.0,0.0,0.0,0.0,0.0,0.0,0.0,0.0,0.0,0.0,0.0,0.0,0.0,0.0,0.0,0.0,0.0,0.0,0.0,0.0,0.0,0.0,0.0,0.0,0.0,0.0,0.0,0.0,0.0,0.0,0.0,0.0,0.0,0.0,0.0,0.0,0.0,0.0,0.0,0.0,0.0,0.0,0.0,0.0,0.0,0.0,0.0,0.0,0.0,0.0,0.0,0.0,0.0,0.0,0.0,0.0,0.0,0.0,0.0,0.0,0.0,0.0,0.0,0.0,0.0,0.8400000000000318,3.0,6.0,8.0,11.799999999999955,18.079999999999927,26.279999999999973,34.51999999999998,41.51999999999998,54.0,0.0,1000.3803921639919,1000.5921568870544,1000.7333333492279,1000.8784313797951,2000.1529411822557,2000.458823531866,2000.678431391716,2000.866666674614,3000.133333340287,3001.0,167.33575439453125,174.93374328613282,179.83948974609376,183.63570556640624,187.06103515625,190.29132080078125,193.74208068847656,198.03488159179688,205.89149475097656,348.58380126953125,211.78061,2.0,test_data/Useful/Validation/Stone Dust at 1 ft/WhatsApp Image 2024-09-05 at 17.06.47.jpeg,5577.0,19.0,25.606258544395175
4,0.0,0.0,0.0,0.0,0.0,0.0,0.0,0.0,0.0,0.0,0.0,0.0,0.0,0.0,0.0,0.0,0.0,0.0,0.0,0.0,0.0,0.0,0.0,0.0,0.0,0.0,0.0,0.0,0.0,0.0,0.0,0.0,0.0,0.0,0.0,0.0,0.0,0.0,0.0,0.0,0.0,0.0,0.0,0.0,0.0,0.0,0.0,0.0,0.0,0.0,0.0,0.0,0.0,0.0,0.0,0.0,0.0,0.0,0.0,0.0,0.0,0.0,0.0,0.0,0.0,0.0,0.0,0.0,0.0,0.0,0.0,0.0,0.0,0.0,0.0,0.0,0.0,0.0,0.0,0.0,0.0,0.0,0.0,0.0,0.0,0.0,0.0,1.0,3.0,4.0,7.680000000000064,11.0,12.32000000000005,20.11999999999989,22.0,26.039999999999964,30.0,34.0,40.039999999999964,53.0,0.0,1000.3803921639919,1000.5882353186607,1000.7254902124405,1000.866666674614,2000.1176470592618,2000.4039215743542,2000.6313725709915,2000.8196078538895,3000.101960785687,3001.0,167.35497589111327,175.03645935058594,179.89822387695312,183.7801513671875,187.15808868408203,190.36875,193.85528564453125,198.0703125,205.93057250976562,348.5894470214844,211.74232,2.0,test_data/Useful/Validation/Stone Dust at 1 ft/WhatsApp Image 2024-09-05 at 17.06.48 (1).jpeg,5583.0,26.0,34.235838365360614
5,0.0,0.0,0.0,0.0,0.0,0.0,0.0,0.0,0.0,0.0,0.0,0.0,0.0,0.0,0.0,0.0,0.0,0.0,0.0,0.0,0.0,0.0,0.0,0.0,0.0,0.0,0.0,0.0,0.0,0.0,0.0,0.0,0.0,0.0,0.0,0.0,0.0,0.0,0.0,0.0,0.0,0.0,0.0,0.0,0.0,0.0,0.0,0.0,0.0,0.0,0.0,0.0,0.0,0.0,0.0,0.0,0.0,0.0,0.0,0.0,0.0,0.0,0.0,0.0,0.0,0.0,0.0,0.0,0.0,0.0,0.0,0.0,0.0,0.0,0.0,0.0,0.0,0.0,0.0,0.0,0.0,0.0,0.0,0.0,0.0,1.0,2.0,5.0,7.0,9.0,11.840000000000032,15.0,17.6400000000001,21.0,24.59999999999991,27.039999999999964,30.559999999999945,39.51999999999998,47.039999999999964,62.0,0.0,1000.3764705955982,1000.5803921818733,1000.7215686440468,1000.8509804010391,2000.1058823540807,2000.4313725531101,2000.6705882549286,2000.8745098114014,3000.133333340287,3001.0,167.9915008544922,175.5201416015625,180.41357421875,184.30133056640625,187.68655395507812,190.91693115234375,194.41424560546875,198.70181274414062,206.56466674804688,348.4820251464844,212.40263,2.0,test_data/Useful/Validation/Stone Dust at 1 ft/WhatsApp Image 2024-09-05 at 17.06.48 (2).jpeg,5539.0,32.0,28.569803569566147
6,0.0,0.0,0.0,0.0,0.0,0.0,0.0,0.0,0.0,0.0,0.0,0.0,0.0,0.0,0.0,0.0,0.0,0.0,0.0,0.0,0.0,0.0,0.0,0.0,0.0,0.0,0.0,0.0,0.0,0.0,0.0,0.0,0.0,0.0,0.0,0.0,0.0,0.0,0.0,0.0,0.0,0.0,0.0,0.0,0.0,0.0,0.0,0.0,0.0,0.0,0.0,0.0,0.0,0.0,0.0,0.0,0.0,0.0,0.0,0.0,0.0,0.0,0.0,0.0,0.0,0.0,0.0,0.0,0.0,0.0,0.0,0.0,0.0,0.0,0.0,0.0,0.0,0.0,0.0,0.0,0.0,0.0,0.0,0.0,0.0,0.0,0.0,0.0,2.3600000000000136,4.0,7.0,9.080000000000041,13.0,18.559999999999945,22.0,27.0,32.27999999999997,41.0,49.039999999999964,80.0,0.0,1000.3725490272045,1000.584313750267,1000.7215686440468,1000.8509804010391,2000.0823529437184,2000.4156862795353,2000.6627451181412,2000.866666674614,3000.1294117718935,3001.0,168.2052032470703,175.8684539794922,180.72312927246094,184.55413818359375,187.88694763183594,191.09658813476562,194.50270080566406,198.70826721191406,206.35231018066406,348.5098876953125,211.9204,2.0,test_data/Useful/Validation/Stone Dust at 1 ft/WhatsApp Image 2024-09-05 at 17.06.48 (3).jpeg,5451.0,26.0,27.658592358310052
7,0.0,0.0,0.0,0.0,0.0,0.0,0.0,0.0,0.0,0.0,0.0,0.0,0.0,0.0,0.0,0.0,0.0,0.0,0.0,0.0,0.0,0.0,0.0,0.0,0.0,0.0,0.0,0.0,0.0,0.0,0.0,0.0,0.0,0.0,0.0,0.0,0.0,0.0,0.0,0.0,0.0,0.0,0.0,0.0,0.0,0.0,0.0,0.0,0.0,0.0,0.0,0.0,0.0,0.0,0.0,0.0,0.0,0.0,0.0,0.0,0.0,0.0,0.0,0.0,0.0,0.0,0.0,0.0,0.0,0.0,0.0,0.0,0.0,0.0,0.0,0.0,0.0,0.0,0.0,0.0,0.0,0.0,0.0,0.0,0.0,0.0,0.0,0.0,0.0,2.0,5.0,8.0,10.0,17.11999999999989,24.0,30.0,39.0,44.039999999999964,48.51999999999998,65.0,0.0,1000.3882353007793,1000.6000000238419,1000.7411764860153,1000.8941176533699,2000.1607843190432,2000.4549019634724,2000.6705882549286,2000.8588235378265,3000.113725490868,3001.0,167.61646118164063,175.37753295898438,180.2813522338867,184.1374298095703,187.50021362304688,190.760986328125,194.17416381835938,198.43629455566406,206.38015747070312,348.4859619140625,212.04904,2.0,test_data/Useful/Validation/Stone Dust at 1 ft/WhatsApp Image 2024-09-05 at 17.06.48.jpeg,5582.0,26.0,33.21080320543906
8,0.0,0.0,0.0,0.0,0.0,0.0,0.0,0.0,0.0,0.0,0.0,0.0,0.0,0.0,0.0,0.0,0.0,0.0,0.0,0.0,0.0,0.0,0.0,0.0,0.0,0.0,0.0,0.0,0.0,0.0,0.0,0.0,0.0,0.0,0.0,0.0,0.0,0.0,0.0,0.0,0.0,0.0,0.0,0.0,0.0,0.0,0.0,0.0,0.0,0.0,0.0,0.0,0.0,0.0,0.0,0.0,0.0,0.0,0.0,0.0,0.0,0.0,0.0,0.0,0.0,0.0,0.0,0.0,0.0,0.0,0.0,0.0,0.0,0.0,0.0,0.0,0.0,0.0,0.0,0.0,0.0,0.0,0.0,0.0,0.0,0.0,0.0,0.0,0.0,2.6000000000000227,4.840000000000032,7.0,10.0,15.11999999999989,17.799999999999955,23.039999999999964,29.279999999999973,36.039999999999964,45.039999999999964,66.0,0.0,1000.3411764800549,1000.5411764979362,1000.678431391716,1000.7960784435272,2000.0039215688594,2000.3176470696926,2000.5921568870544,2000.811764717102,3000.117647059262,3001.0,167.90630340576172,175.51402587890624,180.38008728027344,184.23153686523438,187.60232543945312,190.8239288330078,194.22909545898438,198.50253295898438,206.40847778320312,348.4658203125,211.97122,2.0,test_data/Useful/Validation/Stone Dust at 1 ft/WhatsApp Image 2024-09-05 at 17.06.49 (1).jpeg,5515.0,23.0,26.15312221233145
9,0.0,0.0,0.0,0.0,0.0,0.0,0.0,0.0,0.0,0.0,0.0,0.0,0.0,0.0,0.0,0.0,0.0,0.0,0.0,0.0,0.0,0.0,0.0,0.0,0.0,0.0,0.0,0.0,0.0,0.0,0.0,0.0,0.0,0.0,0.0,0.0,0.0,0.0,0.0,0.0,0.0,0.0,0.0,0.0,0.0,0.0,0.0,0.0,0.0,0.0,0.0,0.0,0.0,0.0,0.0,0.0,0.0,0.0,0.0,0.0,0.0,0.0,0.0,0.0,0.0,0.0,0.0,0.0,0.0,0.0,0.0,0.0,0.0,0.0,0.0,0.0,0.0,0.0,0.0,0.0,0.0,0.0,0.0,0.0,0.0,0.0,0.0,1.0,2.7200000000000273,7.600000000000023,10.0,14.0,15.0,18.0,20.799999999999955,26.0,30.839999999999918,39.0,47.51999999999998,59.0,0.0,1000.3215686380863,1000.5294117927551,1000.6666666865349,1000.7803921699524,1000.933333337307,2000.2627451121807,2000.5803921818733,2000.8196078538895,3000.1215686276555,3001.0,168.11038818359376,175.89797973632812,180.7623291015625,184.58987426757812,187.97181701660156,191.21762084960938,194.6554412841797,198.92605590820312,206.82040405273438,348.4118347167969,212.51984,2.0,test_data/Useful/Validation/Stone Dust at 1 ft/WhatsApp Image 2024-09-05 at 17.06.49 (2).jpeg,5478.0,28.0,26.017563296915416
10,0.0,0.0,0.0,0.0,0.0,0.0,0.0,0.0,0.0,0.0,0.0,0.0,0.0,0.0,0.0,0.0,0.0,0.0,0.0,0.0,0.0,0.0,0.0,0.0,0.0,0.0,0.0,0.0,0.0,0.0,0.0,0.0,0.0,0.0,0.0,0.0,0.0,0.0,0.0,0.0,0.0,0.0,0.0,0.0,0.0,0.0,0.0,0.0,0.0,0.0,0.0,0.0,0.0,0.0,0.0,0.0,0.0,0.0,0.0,0.0,0.0,0.0,0.0,0.0,0.0,0.0,0.0,0.0,0.0,0.0,0.0,0.0,0.0,0.0,0.0,0.0,0.0,0.0,0.0,0.0,0.0,0.0,0.0,0.0,0.0,0.0,0.8799999999999955,3.0,4.0,6.600000000000023,8.0,10.0,11.32000000000005,13.0,22.0,24.039999999999964,32.27999999999997,37.0,47.51999999999998,76.0,0.0,1000.3294117748737,1000.5333333611488,1000.6705882549286,1000.7803921699524,1000.9450980424881,2000.2745098173618,2000.572549045086,2000.8078431487083,3000.113725490868,3001.0,167.89733123779297,175.54867553710938,180.37892150878906,184.16677856445312,187.57032775878906,190.80580139160156,194.23495483398438,198.47470092773438,206.359130859375,348.42755126953125,212.26266,2.0,test_data/Useful/Validation/Stone Dust at 1 ft/WhatsApp Image 2024-09-05 at 17.06.49 (3).jpeg,5484.0,26.0,30.379012918762356
11,0.0,0.0,0.0,0.0,0.0,0.0,0.0,0.0,0.0,0.0,0.0,0.0,0.0,0.0,0.0,0.0,0.0,0.0,0.0,0.0,0.0,0.0,0.0,0.0,0.0,0.0,0.0,0.0,0.0,0.0,0.0,0.0,0.0,0.0,0.0,0.0,0.0,0.0,0.0,0.0,0.0,0.0,0.0,0.0,0.0,0.0,0.0,0.0,0.0,0.0,0.0,0.0,0.0,0.0,0.0,0.0,0.0,0.0,0.0,0.0,0.0,0.0,0.0,0.0,0.0,0.0,0.0,0.0,0.0,0.0,0.0,0.0,0.0,0.0,0.0,0.0,0.0,0.0,0.0,0.0,0.0,0.0,0.0,0.0,0.0,0.0,0.0,0.0,1.0,3.0,5.840000000000032,8.0,11.32000000000005,14.559999999999945,20.399999999999864,27.0,31.559999999999945,38.0,43.799999999999955,64.0,0.0,1000.3607843220234,1000.5647059082985,1000.705882370472,1000.8470588326454,2000.1529411822557,2000.4509803950787,2000.6705882549286,2000.8627451062202,3000.1411764770746,3001.0,168.1293487548828,175.85379028320312,180.79376220703125,184.59046630859376,188.0224380493164,191.29000854492188,194.7381118774414,198.99671936035156,206.77996673583985,348.40130615234375,212.32532,2.0,test_data/Useful/Validation/Stone Dust at 1 ft/WhatsApp Image 2024-09-05 at 17.06.49.jpeg,5540.0,24.0,32.58658114636261
12,0.0,0.0,0.0,0.0,0.0,0.0,0.0,0.0,0.0,0.0,0.0,0.0,0.0,0.0,0.0,0.0,0.0,0.0,0.0,0.0,0.0,0.0,0.0,0.0,0.0,0.0,0.0,0.0,0.0,0.0,0.0,0.0,0.0,0.0,0.0,0.0,0.0,0.0,0.0,0.0,0.0,0.0,0.0,0.0,0.0,0.0,0.0,0.0,0.0,0.0,0.0,0.0,0.0,0.0,0.0,0.0,0.0,0.0,0.0,0.0,0.0,0.0,0.0,0.0,0.0,0.0,0.0,0.0,0.0,0.0,0.0,0.0,0.0,0.0,0.0,0.0,0.0,0.0,0.0,0.0,0.0,0.0,0.0,0.0,0.39999999999997726,2.6399999999999864,4.0,6.0,8.0,10.0,12.0,15.0,17.32000000000005,21.0,24.0,28.039999999999964,33.27999999999997,40.51999999999998,44.0,59.0,0.0,1000.3137255012989,1000.517647087574,1000.6588235497475,1000.7686274647713,1000.9019607901573,2000.203921571374,2000.5490196347237,2000.811764717102,3000.1215686276555,3001.0,168.09634399414062,175.71875,180.58944702148438,184.408935546875,187.77264404296875,190.98977661132812,194.378173828125,198.57537841796875,206.18545532226562,348.4933776855469,211.87737,2.0,test_data/Useful/Validation/Stone Dust at 1 ft/WhatsApp Image 2024-09-05 at 17.06.50 (1).jpeg,5528.0,32.0,32.09021089172924
13,0.0,0.0,0.0,0.0,0.0,0.0,0.0,0.0,0.0,0.0,0.0,0.0,0.0,0.0,0.0,0.0,0.0,0.0,0.0,0.0,0.0,0.0,0.0,0.0,0.0,0.0,0.0,0.0,0.0,0.0,0.0,0.0,0.0,0.0,0.0,0.0,0.0,0.0,0.0,0.0,0.0,0.0,0.0,0.0,0.0,0.0,0.0,0.0,0.0,0.0,0.0,0.0,0.0,0.0,0.0,0.0,0.0,0.0,0.0,0.0,0.0,0.0,0.0,0.0,0.0,0.0,0.0,0.0,0.0,0.0,0.0,0.0,0.0,0.0,0.0,0.0,0.0,0.0,0.0,0.0,0.0,0.0,0.0,0.0,0.0,0.0,0.0,2.1200000000000045,4.0,6.0,9.840000000000032,12.080000000000041,14.32000000000005,18.0,20.0,29.0,34.27999999999997,42.0,51.27999999999997,67.0,0.0,1000.2980392277241,1000.5019608139992,1000.6392157077789,1000.745098054409,1000.8509804010391,2000.0352941192687,2000.5215686559677,2000.878431379795,3000.1568627506495,3001.0,167.8665313720703,175.55729064941406,180.41846466064453,184.2415008544922,187.62037658691406,190.81689453125,194.2239532470703,198.37640380859375,205.8919677734375,348.56500244140625,211.67249,2.0,test_data/Useful/Validation/Stone Dust at 1 ft/WhatsApp Image 2024-09-05 at 17.06.50 (2).jpeg,5436.0,27.0,28.996304445313893
14,0.0,0.0,0.0,0.0,0.0,0.0,0.0,0.0,0.0,0.0,0.0,0.0,0.0,0.0,0.0,0.0,0.0,0.0,0.0,0.0,0.0,0.0,0.0,0.0,0.0,0.0,0.0,0.0,0.0,0.0,0.0,0.0,0.0,0.0,0.0,0.0,0.0,0.0,0.0,0.0,0.0,0.0,0.0,0.0,0.0,0.0,0.0,0.0,0.0,0.0,0.0,0.0,0.0,0.0,0.0,0.0,0.0,0.0,0.0,0.0,0.0,0.0,0.0,0.0,0.0,0.0,0.0,0.0,0.0,0.0,0.0,0.0,0.0,0.0,0.0,0.0,0.0,0.0,0.0,0.0,0.0,0.0,0.0,0.0,0.0,0.6399999999999864,2.0,4.0,5.0,6.2000000000000455,9.0,11.080000000000041,16.0,21.0,23.0,27.039999999999964,35.0,38.51999999999998,47.27999999999997,65.0,0.0,1000.352941185236,1000.5607843399048,1000.6980392336845,1000.8235294222832,2000.0274509806186,2000.3411764800549,2000.6078431606293,2000.8156862854958,3000.101960785687,3001.0,168.1959686279297,175.894287109375,180.82147216796875,184.69473266601562,188.06773376464844,191.28762817382812,194.71102905273438,198.909912109375,206.65292358398438,348.4353942871094,212.28177,2.0,test_data/Useful/Validation/Stone Dust at 1 ft/WhatsApp Image 2024-09-05 at 17.06.50.jpeg,5549.0,29.0,27.0074218071434
15,0.0,0.0,0.0,0.0,0.0,0.0,0.0,0.0,0.0,0.0,0.0,0.0,0.0,0.0,0.0,0.0,0.0,0.0,0.0,0.0,0.0,0.0,0.0,0.0,0.0,0.0,0.0,0.0,0.0,0.0,0.0,0.0,0.0,0.0,0.0,0.0,0.0,0.0,0.0,0.0,0.0,0.0,0.0,0.0,0.0,0.0,0.0,0.0,0.0,0.0,0.0,0.0,0.0,0.0,0.0,0.0,0.0,0.0,0.0,0.0,0.0,0.0,0.0,0.0,0.0,0.0,0.0,0.0,0.0,0.0,0.0,0.0,0.0,0.0,0.0,0.0,0.0,0.0,0.0,0.0,0.0,0.0,0.0,0.0,0.0,1.0,1.8799999999999955,3.0,6.0,9.600000000000023,12.0,15.0,19.0,22.559999999999945,25.0,28.079999999999927,32.27999999999997,36.0,42.0,78.0,0.0,1000.3058823645115,1000.5137255191803,1000.65098041296,1000.7647058963776,1000.8941176533699,2000.1921568661928,2000.5529412031174,2000.8274509906769,3000.1294117718935,3001.0,168.17367553710938,175.7061004638672,180.61251831054688,184.4899139404297,187.8743438720703,191.06956787109374,194.59711456298828,198.769677734375,206.39755249023438,348.43341064453125,211.97679,2.0,test_data/Useful/Validation/Stone Dust at 1 ft/WhatsApp Image 2024-09-05 at 17.06.51 (1).jpeg,5487.0,30.0,34.79672488168404
16,0.0,0.0,0.0,0.0,0.0,0.0,0.0,0.0,0.0,0.0,0.0,0.0,0.0,0.0,0.0,0.0,0.0,0.0,0.0,0.0,0.0,0.0,0.0,0.0,0.0,0.0,0.0,0.0,0.0,0.0,0.0,0.0,0.0,0.0,0.0,0.0,0.0,0.0,0.0,0.0,0.0,0.0,0.0,0.0,0.0,0.0,0.0,0.0,0.0,0.0,0.0,0.0,0.0,0.0,0.0,0.0,0.0,0.0,0.0,0.0,0.0,0.0,0.0,0.0,0.0,0.0,0.0,0.0,0.0,0.0,0.0,0.0,0.0,0.0,0.0,0.0,0.0,0.0,0.0,0.0,0.0,0.0,0.0,0.0,0.0,0.0,0.0,0.0,0.0,0.0,0.0,0.0,0.0,0.0,0.0,0.0,0.5599999999999454,11.519999999999982,20.75999999999999,55.0,0.0,1000.3215686380863,1000.5294117927551,1000.6549019813538,1000.7529411911964,1000.9294117689133,2000.5294117927551,2000.733333349228,3000.0705882385373,3000.274509817362,3001.0,165.58958282470704,173.3435821533203,178.27578735351562,182.1662170410156,185.63607788085938,188.9515838623047,192.51336669921875,196.92599487304688,205.32916259765625,348.90631103515625,211.29945,2.0,test_data/Useful/Validation/Stone Dust at 1 ft/WhatsApp Image 2024-09-05 at 17.06.51 (2).jpeg,6210.0,7.0,39.94222603653624
17,0.0,0.0,0.0,0.0,0.0,0.0,0.0,0.0,0.0,0.0,0.0,0.0,0.0,0.0,0.0,0.0,0.0,0.0,0.0,0.0,0.0,0.0,0.0,0.0,0.0,0.0,0.0,0.0,0.0,0.0,0.0,0.0,0.0,0.0,0.0,0.0,0.0,0.0,0.0,0.0,0.0,0.0,0.0,0.0,0.0,0.0,0.0,0.0,0.0,0.0,0.0,0.0,0.0,0.0,0.0,0.0,0.0,0.0,0.0,0.0,0.0,0.0,0.0,0.0,0.0,0.0,0.0,0.0,0.0,0.0,0.0,0.0,0.0,0.0,0.0,0.0,0.0,0.0,0.0,0.0,0.0,0.0,0.0,0.0,0.0,0.0,0.0,0.0,0.0,0.0,0.0,0.0,0.0,0.0,0.0,0.0,0.0,5.0,24.039999999999964,53.0,0.0,1000.3333333432674,1000.5411764979362,1000.6666666865349,1000.772549033165,2000.1176470592618,2000.5686274766922,2000.7490196228027,3000.0823529437184,3000.2823529541492,3001.0,165.55313720703126,173.29385986328126,178.24407958984375,182.11952209472656,185.5133056640625,188.87803649902344,192.491682434082,196.9366455078125,205.32846069335938,348.8935546875,211.40546,2.0,test_data/Useful/Validation/Stone Dust at 1 ft/WhatsApp Image 2024-09-05 at 17.06.51 (3).jpeg,6224.0,6.0,32.963311383106124
18,0.0,0.0,0.0,0.0,0.0,0.0,0.0,0.0,0.0,0.0,0.0,0.0,0.0,0.0,0.0,0.0,0.0,0.0,0.0,0.0,0.0,0.0,0.0,0.0,0.0,0.0,0.0,0.0,0.0,0.0,0.0,0.0,0.0,0.0,0.0,0.0,0.0,0.0,0.0,0.0,0.0,0.0,0.0,0.0,0.0,0.0,0.0,0.0,0.0,0.0,0.0,0.0,0.0,0.0,0.0,0.0,0.0,0.0,0.0,0.0,0.0,0.0,0.0,0.0,0.0,0.0,0.0,0.0,0.0,0.0,0.0,0.0,0.0,0.0,0.0,0.0,0.0,0.0,0.0,0.0,0.0,0.0,0.0,0.0,0.0,0.0,0.0,0.12000000000000455,3.3600000000000136,5.600000000000023,7.840000000000032,9.0,10.32000000000005,13.11999999999989,19.0,24.0,28.279999999999973,38.51999999999998,44.0,81.0,0.0,1000.3176470696926,1000.5215686559677,1000.6588235497475,1000.7686274647713,1000.8823529481888,2000.1686274558306,2000.623529434204,2001.0,3000.1803921610117,3001.0,167.72735748291015,175.490966796875,180.4138946533203,184.29055786132812,187.65505981445312,190.87905883789062,194.30428466796874,198.5090789794922,206.29443359375,348.5357360839844,212.01033,2.0,test_data/Useful/Validation/Stone Dust at 1 ft/WhatsApp Image 2024-09-05 at 17.06.51.jpeg,5377.0,26.0,30.371598772481658
19,0.0,0.0,0.0,0.0,0.0,0.0,0.0,0.0,0.0,0.0,0.0,0.0,0.0,0.0,0.0,0.0,0.0,0.0,0.0,0.0,0.0,0.0,0.0,0.0,0.0,0.0,0.0,0.0,0.0,0.0,0.0,0.0,0.0,0.0,0.0,0.0,0.0,0.0,0.0,0.0,0.0,0.0,0.0,0.0,0.0,0.0,0.0,0.0,0.0,0.0,0.0,0.0,0.0,0.0,0.0,0.0,0.0,0.0,0.0,0.0,0.0,0.0,0.0,0.0,0.0,0.0,0.0,0.0,0.0,0.0,0.0,0.0,0.0,0.0,0.0,0.0,0.0,0.0,0.0,0.0,0.0,0.0,0.0,0.0,0.0,0.0,0.0,0.0,0.0,0.0,0.0,0.0,0.0,0.0,0.0,0.0,0.0,8.559999999999945,19.0,38.0,0.0,1000.3372549116611,1000.54509806633,1000.6705882549286,1000.7686274647713,2000.074509806931,2000.5647059082985,2000.7568627595901,3000.101960785687,3000.301960796118,3001.0,165.5707778930664,173.26629028320312,178.20773620605468,182.121875,185.5522918701172,188.82901000976562,192.33795471191405,196.74876708984374,205.190185546875,348.9376525878906,211.32758,2.0,test_data/Useful/Validation/Stone Dust at 1 ft/WhatsApp Image 2024-09-05 at 17.06.52 (1).jpeg,6237.0,5.0,32.228356178867685
20,0.0,0.0,0.0,0.0,0.0,0.0,0.0,0.0,0.0,0.0,0.0,0.0,0.0,0.0,0.0,0.0,0.0,0.0,0.0,0.0,0.0,0.0,0.0,0.0,0.0,0.0,0.0,0.0,0.0,0.0,0.0,0.0,0.0,0.0,0.0,0.0,0.0,0.0,0.0,0.0,0.0,0.0,0.0,0.0,0.0,0.0,0.0,0.0,0.0,0.0,0.0,0.0,0.0,0.0,0.0,0.0,0.0,0.0,0.0,0.0,0.0,0.0,0.0,0.0,0.0,0.0,0.0,0.0,0.0,0.0,0.0,0.0,0.0,0.0,0.0,0.0,0.0,0.0,0.0,0.0,0.0,0.0,0.0,0.0,0.0,0.0,0.0,0.0,0.0,0.0,0.0,0.0,0.0,0.0,0.0,0.0,0.2799999999999727,8.039999999999964,19.039999999999964,45.0,0.0,1000.4627451002598,1000.6549019813538,1000.7960784435272,2000.203921571374,2000.4431372582912,2000.6039215922356,2000.7137255072594,2000.8431372642517,3000.2000000029802,3001.0,165.30211181640624,173.15107421875,178.11004791259765,181.9381317138672,185.36727905273438,188.7387237548828,192.30157470703125,196.80580139160156,205.5097198486328,348.8926696777344,211.50143,2.0,test_data/Useful/Validation/Stone Dust at 1 ft/WhatsApp Image 2024-09-05 at 17.06.52 (2).jpeg,6203.0,6.0,28.818132447836234
21,0.0,0.0,0.0,0.0,0.0,0.0,0.0,0.0,0.0,0.0,0.0,0.0,0.0,0.0,0.0,0.0,0.0,0.0,0.0,0.0,0.0,0.0,0.0,0.0,0.0,0.0,0.0,0.0,0.0,0.0,0.0,0.0,0.0,0.0,0.0,0.0,0.0,0.0,0.0,0.0,0.0,0.0,0.0,0.0,0.0,0.0,0.0,0.0,0.0,0.0,0.0,0.0,0.0,0.0,0.0,0.0,0.0,0.0,0.0,0.0,0.0,0.0,0.0,0.0,0.0,0.0,0.0,0.0,0.0,0.0,0.0,0.0,0.0,0.0,0.0,0.0,0.0,0.0,0.0,0.0,0.0,0.0,0.0,0.0,0.0,0.0,0.0,0.0,0.0,0.0,0.0,0.0,0.0,0.0,0.0,0.0,0.0,2.0399999999999636,16.0,51.0,0.0,1000.4313725531101,1000.6274510025978,1000.7490196228027,2000.0666666701436,2000.3686274588108,2000.572549045086,2000.7019608020782,2000.8352941274643,3000.192156866193,3001.0,165.59400939941406,173.26800537109375,178.1884002685547,182.0336456298828,185.52349853515625,188.851806640625,192.39852905273438,196.99571228027344,205.5618438720703,348.8859558105469,211.70145,2.0,test_data/Useful/Validation/Stone Dust at 1 ft/WhatsApp Image 2024-09-05 at 17.06.52 (3).jpeg,6204.0,6.0,30.444347453307287
22,0.0,0.0,0.0,0.0,0.0,0.0,0.0,0.0,0.0,0.0,0.0,0.0,0.0,0.0,0.0,0.0,0.0,0.0,0.0,0.0,0.0,0.0,0.0,0.0,0.0,0.0,0.0,0.0,0.0,0.0,0.0,0.0,0.0,0.0,0.0,0.0,0.0,0.0,0.0,0.0,0.0,0.0,0.0,0.0,0.0,0.0,0.0,0.0,0.0,0.0,0.0,0.0,0.0,0.0,0.0,0.0,0.0,0.0,0.0,0.0,0.0,0.0,0.0,0.0,0.0,0.0,0.0,0.0,0.0,0.0,0.0,0.0,0.0,0.0,0.0,0.0,0.0,0.0,0.0,0.0,0.0,0.0,0.0,0.0,0.0,0.0,0.0,0.0,0.0,0.0,0.0,0.0,0.0,0.0,6.7999999999999545,11.039999999999964,16.0,20.519999999999982,27.039999999999964,43.0,0.0,1000.4705882370472,1000.6627451181412,1000.8235294222832,2000.3333333432674,2000.5607843399048,2000.678431391716,2000.7803921699524,3000.113725490868,3000.3294117748737,3001.0,165.4516143798828,173.164990234375,178.10281066894532,182.01873779296875,185.48231506347656,188.8481903076172,192.44656372070312,196.942626953125,205.548095703125,348.89337158203125,211.80815,2.0,test_data/Useful/Validation/Stone Dust at 1 ft/WhatsApp Image 2024-09-05 at 17.07.01 (1).jpeg,6186.0,13.0,28.763296641607973
23,0.0,0.0,0.0,0.0,0.0,0.0,0.0,0.0,0.0,0.0,0.0,0.0,0.0,0.0,0.0,0.0,0.0,0.0,0.0,0.0,0.0,0.0,0.0,0.0,0.0,0.0,0.0,0.0,0.0,0.0,0.0,0.0,0.0,0.0,0.0,0.0,0.0,0.0,0.0,0.0,0.0,0.0,0.0,0.0,0.0,0.0,0.0,0.0,0.0,0.0,0.0,0.0,0.0,0.0,0.0,0.0,0.0,0.0,0.0,0.0,0.0,0.0,0.0,0.0,0.0,0.0,0.0,0.0,0.0,0.0,0.0,0.0,0.0,0.0,0.0,0.0,0.0,0.0,0.0,0.0,0.0,0.0,0.0,0.0,0.0,0.0,0.0,0.0,0.0,0.0,0.0,0.0,0.0,0.0,0.0,3.0,6.0,15.519999999999982,25.279999999999973,58.0,0.0,1000.4431372582912,1000.6313725709915,1000.7568627595901,2000.188235297799,2000.5254902243614,2000.6705882549286,2000.7882353067398,3000.133333340287,3000.341176480055,3001.0,165.23453216552736,172.93173217773438,177.90792388916014,181.7138671875,185.17864990234375,188.50486755371094,192.1083221435547,196.65823364257812,205.27090454101562,348.93792724609375,211.74274,2.0,test_data/Useful/Validation/Stone Dust at 1 ft/WhatsApp Image 2024-09-05 at 17.07.01 (2).jpeg,6104.0,9.0,29.517854816967358
24,0.0,0.0,0.0,0.0,0.0,0.0,0.0,0.0,0.0,0.0,0.0,0.0,0.0,0.0,0.0,0.0,0.0,0.0,0.0,0.0,0.0,0.0,0.0,0.0,0.0,0.0,0.0,0.0,0.0,0.0,0.0,0.0,0.0,0.0,0.0,0.0,0.0,0.0,0.0,0.0,0.0,0.0,0.0,0.0,0.0,0.0,0.0,0.0,0.0,0.0,0.0,0.0,0.0,0.0,0.0,0.0,0.0,0.0,0.0,0.0,0.0,0.0,0.0,0.0,0.0,0.0,0.0,0.0,0.0,0.0,0.0,0.0,0.0,0.0,0.0,0.0,0.0,0.0,0.0,0.0,0.0,0.0,0.0,0.0,0.0,0.0,0.0,0.0,0.0,0.0,0.0,0.0,0.0,0.0,0.0,0.0,0.0,0.0,6.519999999999982,69.0,0.0,1000.4235294163227,1000.611764729023,1000.7254902124405,1000.9843137264252,2000.4509803950787,2000.6352941393852,2000.7490196228027,3000.0941176488996,3000.3176470696926,3001.0,165.08193969726562,172.81988525390625,177.69537353515625,181.50103759765625,184.97178649902344,188.30093383789062,191.96511840820312,196.52037048339844,205.20364837646486,348.9638977050781,211.50818,2.0,test_data/Useful/Validation/Stone Dust at 1 ft/WhatsApp Image 2024-09-05 at 17.07.01.jpeg,6222.0,3.0,30.418594424296558
25,0.0,0.0,0.0,0.0,0.0,0.0,0.0,0.0,0.0,0.0,0.0,0.0,0.0,0.0,0.0,0.0,0.0,0.0,0.0,0.0,0.0,0.0,0.0,0.0,0.0,0.0,0.0,0.0,0.0,0.0,0.0,0.0,0.0,0.0,0.0,0.0,0.0,0.0,0.0,0.0,0.0,0.0,0.0,0.0,0.0,0.0,0.0,0.0,0.0,0.0,0.0,0.0,0.0,0.0,0.0,0.0,0.0,0.0,0.0,0.0,0.0,0.0,0.0,0.0,0.0,0.0,0.0,0.0,0.0,0.0,0.0,0.0,0.0,0.0,0.0,0.0,0.0,0.0,0.0,0.0,0.0,0.0,0.0,0.0,0.0,0.0,1.8799999999999955,3.1200000000000045,4.360000000000014,7.0,8.840000000000032,10.0,15.32000000000005,19.0,23.399999999999864,26.0,30.559999999999945,36.559999999999945,43.75999999999999,79.0,0.0,1000.4352941215038,1000.6235294342041,1000.7215686440468,1000.8274509906769,2000.2509804069996,2000.584313750267,2000.745098054409,3000.0705882385373,3000.2784313857555,3001.0,166.59613037109375,174.30707092285158,179.21066436767578,183.143408203125,186.5046844482422,189.82164001464844,193.32400512695312,197.70361328125,206.0712890625,348.725830078125,212.17378,2.0,test_data/Useful/Validation/Stone Dust at 1 ft/WhatsApp Image 2024-09-05 at 17.07.02 (1).jpeg,5380.0,29.0,30.85640810599372
26,0.0,0.0,0.0,0.0,0.0,0.0,0.0,0.0,0.0,0.0,0.0,0.0,0.0,0.0,0.0,0.0,0.0,0.0,0.0,0.0,0.0,0.0,0.0,0.0,0.0,0.0,0.0,0.0,0.0,0.0,0.0,0.0,0.0,0.0,0.0,0.0,0.0,0.0,0.0,0.0,0.0,0.0,0.0,0.0,0.0,0.0,0.0,0.0,0.0,0.0,0.0,0.0,0.0,0.0,0.0,0.0,0.0,0.0,0.0,0.0,0.0,0.0,0.0,0.0,0.0,0.0,0.0,0.0,0.0,0.0,0.0,0.0,0.0,0.0,0.0,0.0,0.0,0.0,0.0,0.0,0.0,0.0,0.0,0.0,0.0,0.0,0.0,2.0,4.360000000000014,6.600000000000023,8.0,11.0,13.32000000000005,19.559999999999945,22.0,24.039999999999964,29.399999999999864,35.0,43.75999999999999,77.0,0.0,1000.4431372582912,1000.6352941393852,1000.7333333492279,1000.8274509906769,2000.137254908681,2000.5921568870544,2000.7803921699524,3000.0941176488996,3000.309803932905,3001.0,166.96555938720704,174.5915283203125,179.48931884765625,183.27382202148436,186.65193939208984,189.93231201171875,193.48275756835938,197.83189392089844,206.017822265625,348.80096435546875,212.37459,2.0,test_data/Useful/Validation/Stone Dust at 1 ft/WhatsApp Image 2024-09-05 at 17.07.02 (2).jpeg,5350.0,27.0,29.156214022177352
27,0.0,0.0,0.0,0.0,0.0,0.0,0.0,0.0,0.0,0.0,0.0,0.0,0.0,0.0,0.0,0.0,0.0,0.0,0.0,0.0,0.0,0.0,0.0,0.0,0.0,0.0,0.0,0.0,0.0,0.0,0.0,0.0,0.0,0.0,0.0,0.0,0.0,0.0,0.0,0.0,0.0,0.0,0.0,0.0,0.0,0.0,0.0,0.0,0.0,0.0,0.0,0.0,0.0,0.0,0.0,0.0,0.0,0.0,0.0,0.0,0.0,0.0,0.0,0.0,0.0,0.0,0.0,0.0,0.0,0.0,0.0,0.0,0.0,0.0,0.0,0.0,0.0,0.0,0.0,0.0,0.0,0.0,0.0,0.0,0.0,0.0,0.0,0.0,1.3600000000000136,4.0,7.840000000000032,10.080000000000041,12.32000000000005,16.11999999999989,19.799999999999955,27.0,32.0,38.039999999999964,41.51999999999998,54.0,0.0,1000.4313725531101,1000.6235294342041,1000.7254902124405,1000.8196078538895,2000.1843137294054,2000.5647059082985,2000.7411764860153,3000.058823529631,3000.2823529541492,3001.0,166.00035095214844,173.7023162841797,178.60305786132812,182.4954833984375,185.85281372070312,189.14443969726562,192.66485595703125,197.04074096679688,205.462158203125,348.8644714355469,211.9354,2.0,test_data/Useful/Validation/Stone Dust at 1 ft/WhatsApp Image 2024-09-05 at 17.07.02 (3).jpeg,5387.0,27.0,35.132721948231314
28,0.0,0.0,0.0,0.0,0.0,0.0,0.0,0.0,0.0,0.0,0.0,0.0,0.0,0.0,0.0,0.0,0.0,0.0,0.0,0.0,0.0,0.0,0.0,0.0,0.0,0.0,0.0,0.0,0.0,0.0,0.0,0.0,0.0,0.0,0.0,0.0,0.0,0.0,0.0,0.0,0.0,0.0,0.0,0.0,0.0,0.0,0.0,0.0,0.0,0.0,0.0,0.0,0.0,0.0,0.0,0.0,0.0,0.0,0.0,0.0,0.0,0.0,0.0,0.0,0.0,0.0,0.0,0.0,0.0,0.0,0.0,0.0,0.0,0.0,0.0,0.0,0.0,0.0,0.0,0.0,0.0,0.0,0.0,0.0,0.0,2.0,4.0,6.0,7.0,8.0,10.0,11.080000000000041,14.0,16.559999999999945,19.0,23.079999999999927,29.0,31.0,39.75999999999999,68.0,0.0,1000.4156862795353,1000.6196078658104,1000.7254902124405,1000.8196078538895,2000.176470592618,2000.6039215922356,2000.772549033165,3000.086274512112,3000.3058823645115,3001.0,166.1259307861328,173.78526611328124,178.66464233398438,182.51336975097655,185.94046020507812,189.1561279296875,192.67025756835938,197.05926513671875,205.34869384765625,348.8882751464844,211.79156,2.0,test_data/Useful/Validation/Stone Dust at 1 ft/WhatsApp Image 2024-09-05 at 17.07.02.jpeg,5342.0,28.0,29.550700083069643
29,0.0,0.0,0.0,0.0,0.0,0.0,0.0,0.0,0.0,0.0,0.0,0.0,0.0,0.0,0.0,0.0,0.0,0.0,0.0,0.0,0.0,0.0,0.0,0.0,0.0,0.0,0.0,0.0,0.0,0.0,0.0,0.0,0.0,0.0,0.0,0.0,0.0,0.0,0.0,0.0,0.0,0.0,0.0,0.0,0.0,0.0,0.0,0.0,0.0,0.0,0.0,0.0,0.0,0.0,0.0,0.0,0.0,0.0,0.0,0.0,0.0,0.0,0.0,0.0,0.0,0.0,0.0,0.0,0.0,0.0,0.0,0.0,0.0,0.0,0.0,0.0,0.0,0.0,0.0,0.0,0.0,0.0,0.0,0.0,0.0,2.0,3.8799999999999955,6.0,9.0,10.600000000000023,13.0,14.0,17.0,19.0,21.799999999999955,26.0,34.27999999999997,37.51999999999998,47.799999999999955,79.0,0.0,1000.4313725531101,1000.6235294342041,1000.7215686440468,1000.8196078538895,2000.203921571374,2000.572549045086,2000.745098054409,3000.058823529631,3000.2784313857555,3001.0,166.28636779785157,173.9622985839844,178.82884063720704,182.7057678222656,186.125244140625,189.3897491455078,192.92168884277345,197.3042449951172,205.66452026367188,348.7895202636719,211.9892,2.0,test_data/Useful/Validation/Stone Dust at 1 ft/WhatsApp Image 2024-09-05 at 17.07.03 (1).jpeg,5296.0,32.0,32.070920154353146
30,0.0,0.0,0.0,0.0,0.0,0.0,0.0,0.0,0.0,0.0,0.0,0.0,0.0,0.0,0.0,0.0,0.0,0.0,0.0,0.0,0.0,0.0,0.0,0.0,0.0,0.0,0.0,0.0,0.0,0.0,0.0,0.0,0.0,0.0,0.0,0.0,0.0,0.0,0.0,0.0,0.0,0.0,0.0,0.0,0.0,0.0,0.0,0.0,0.0,0.0,0.0,0.0,0.0,0.0,0.0,0.0,0.0,0.0,0.0,0.0,0.0,0.0,0.0,0.0,0.0,0.0,0.0,0.0,0.0,0.0,0.0,0.0,0.0,0.0,0.0,0.0,0.0,0.0,0.0,0.0,0.0,0.0,0.0,0.0,0.0,0.0,3.0,6.0,8.0,9.600000000000023,11.0,14.0,15.32000000000005,20.0,24.799999999999955,28.039999999999964,32.27999999999997,37.0,42.27999999999997,78.0,0.0,1000.4313725531101,1000.6274510025978,1000.7254902124405,1000.8196078538895,2000.1568627506495,2000.5882353186607,2000.7686274647713,3000.086274512112,3000.301960796118,3001.0,165.8721160888672,173.64308166503906,178.58819122314452,182.41771850585937,185.81009674072266,189.04505615234376,192.53566284179686,196.9017822265625,205.3849639892578,348.8689880371094,211.96652,2.0,test_data/Useful/Validation/Stone Dust at 1 ft/WhatsApp Image 2024-09-05 at 17.07.03 (2).jpeg,5290.0,31.0,33.28562853707929
31,0.0,0.0,0.0,0.0,0.0,0.0,0.0,0.0,0.0,0.0,0.0,0.0,0.0,0.0,0.0,0.0,0.0,0.0,0.0,0.0,0.0,0.0,0.0,0.0,0.0,0.0,0.0,0.0,0.0,0.0,0.0,0.0,0.0,0.0,0.0,0.0,0.0,0.0,0.0,0.0,0.0,0.0,0.0,0.0,0.0,0.0,0.0,0.0,0.0,0.0,0.0,0.0,0.0,0.0,0.0,0.0,0.0,0.0,0.0,0.0,0.0,0.0,0.0,0.0,0.0,0.0,0.0,0.0,0.0,0.0,0.0,0.0,0.0,0.0,0.0,0.0,0.0,0.0,0.0,0.0,0.0,0.0,0.0,0.0,0.0,0.0,0.0,0.0,0.0,0.6000000000000227,2.0,5.080000000000041,7.6400000000001,13.0,19.0,24.039999999999964,28.279999999999973,32.0,37.75999999999999,48.0,0.0,1000.4392156898975,1000.6392157077789,1000.7411764860153,1000.8431372642517,2000.2823529541492,2000.6274510025978,2000.7803921699524,3000.086274512112,3000.3058823645115,3001.0,166.02638244628906,173.57314758300782,178.5370681762695,182.43460998535156,185.8008041381836,189.17276916503906,192.66824340820312,197.04859313964843,205.49008178710938,348.87005615234375,211.92319,2.0,test_data/Useful/Validation/Stone Dust at 1 ft/WhatsApp Image 2024-09-05 at 17.07.03 (3).jpeg,5358.0,22.0,34.01522610965132
32,0.0,0.0,0.0,0.0,0.0,0.0,0.0,0.0,0.0,0.0,0.0,0.0,0.0,0.0,0.0,0.0,0.0,0.0,0.0,0.0,0.0,0.0,0.0,0.0,0.0,0.0,0.0,0.0,0.0,0.0,0.0,0.0,0.0,0.0,0.0,0.0,0.0,0.0,0.0,0.0,0.0,0.0,0.0,0.0,0.0,0.0,0.0,0.0,0.0,0.0,0.0,0.0,0.0,0.0,0.0,0.0,0.0,0.0,0.0,0.0,0.0,0.0,0.0,0.0,0.0,0.0,0.0,0.0,0.0,0.0,0.0,0.0,0.0,0.0,0.0,0.0,0.0,0.0,0.0,0.0,0.0,0.0,0.0,0.0,0.0,0.0,1.0,3.0,5.0,8.0,9.840000000000032,12.160000000000082,17.0,22.11999999999989,26.0,31.079999999999927,35.27999999999997,42.0,49.75999999999999,62.0,0.0,1000.4431372582912,1000.6313725709915,1000.7254902124405,1000.8196078538895,2000.1254902034998,2000.5803921818733,2000.7764706015587,3000.0980392172933,3000.309803932905,3001.0,166.80890197753905,174.5727264404297,179.38837738037108,183.2488525390625,186.58767700195312,189.82162780761718,193.2954559326172,197.66567687988282,206.01507568359375,348.7787170410156,212.43246,2.0,test_data/Useful/Validation/Stone Dust at 1 ft/WhatsApp Image 2024-09-05 at 17.07.03.jpeg,5345.0,32.0,25.893054995132506
33,0.0,0.0,0.0,0.0,0.0,0.0,0.0,0.0,0.0,0.0,0.0,0.0,0.0,0.0,0.0,0.0,0.0,0.0,0.0,0.0,0.0,0.0,0.0,0.0,0.0,0.0,0.0,0.0,0.0,0.0,0.0,0.0,0.0,0.0,0.0,0.0,0.0,0.0,0.0,0.0,0.0,0.0,0.0,0.0,0.0,0.0,0.0,0.0,0.0,0.0,0.0,0.0,0.0,0.0,0.0,0.0,0.0,0.0,0.0,0.0,0.0,0.0,0.0,0.0,0.0,0.0,0.0,0.0,0.0,0.0,0.0,0.0,0.0,0.0,0.0,0.0,0.0,0.0,0.0,0.0,0.0,0.0,0.0,0.0,0.0,0.0,0.0,0.0,0.0,1.6000000000000227,3.0,5.0,9.0,13.559999999999945,20.0,25.0,31.279999999999973,37.07999999999993,45.51999999999998,74.0,0.0,1000.4392156898975,1000.6352941393852,1000.7372549176216,1000.839215695858,2000.2745098173618,2000.611764729023,2000.7686274647713,3000.0784313753247,3000.298039227724,3001.0,166.14726867675782,173.799072265625,178.703857421875,182.53724670410156,185.888671875,189.1756591796875,192.6512222290039,197.02679443359375,205.4303741455078,348.84613037109375,211.8847,2.0,test_data/Useful/Validation/Stone Dust at 1 ft/WhatsApp Image 2024-09-05 at 17.07.04 (1).jpeg,5327.0,24.0,31.45928288255949
34,0.0,0.0,0.0,0.0,0.0,0.0,0.0,0.0,0.0,0.0,0.0,0.0,0.0,0.0,0.0,0.0,0.0,0.0,0.0,0.0,0.0,0.0,0.0,0.0,0.0,0.0,0.0,0.0,0.0,0.0,0.0,0.0,0.0,0.0,0.0,0.0,0.0,0.0,0.0,0.0,0.0,0.0,0.0,0.0,0.0,0.0,0.0,0.0,0.0,0.0,0.0,0.0,0.0,0.0,0.0,0.0,0.0,0.0,0.0,0.0,0.0,0.0,0.0,0.0,0.0,0.0,0.0,0.0,0.0,0.0,0.0,0.0,0.0,0.0,0.0,0.0,0.0,0.0,0.0,0.0,0.0,0.0,0.0,0.0,0.0,0.0,1.0,3.0,4.0,6.0,11.0,13.080000000000041,16.0,20.679999999999836,25.0,27.0,30.279999999999973,35.51999999999998,41.51999999999998,66.0,0.0,1000.4431372582912,1000.6352941393852,1000.7333333492279,1000.839215695858,2000.2509804069996,2000.6078431606293,2000.7764706015587,3000.090196080506,3000.298039227724,3001.0,167.04733276367188,174.8113250732422,179.59710693359375,183.47511291503906,186.86338806152344,190.07821655273438,193.62184143066406,197.92559204101562,206.3611602783203,348.7165832519531,212.51833,2.0,test_data/Useful/Validation/Stone Dust at 1 ft/WhatsApp Image 2024-09-05 at 17.07.04 (2).jpeg,5327.0,29.0,32.26056503873656
35,0.0,0.0,0.0,0.0,0.0,0.0,0.0,0.0,0.0,0.0,0.0,0.0,0.0,0.0,0.0,0.0,0.0,0.0,0.0,0.0,0.0,0.0,0.0,0.0,0.0,0.0,0.0,0.0,0.0,0.0,0.0,0.0,0.0,0.0,0.0,0.0,0.0,0.0,0.0,0.0,0.0,0.0,0.0,0.0,0.0,0.0,0.0,0.0,0.0,0.0,0.0,0.0,0.0,0.0,0.0,0.0,0.0,0.0,0.0,0.0,0.0,0.0,0.0,0.0,0.0,0.0,0.0,0.0,0.0,0.0,0.0,0.0,0.0,0.0,0.0,0.0,0.0,0.0,0.0,0.0,0.0,0.0,0.0,0.0,0.0,0.0,0.0,0.0,0.36000000000001364,4.600000000000023,7.0,8.080000000000041,11.0,13.559999999999945,16.799999999999955,21.039999999999964,29.279999999999973,36.559999999999945,42.27999999999997,83.0,0.0,1000.4313725531101,1000.6274510025978,1000.7254902124405,1000.8313725590706,2000.258823543787,2000.5960784554482,2000.7529411911964,3000.06274510175,3000.274509817362,3001.0,166.164453125,173.86227416992188,178.7954559326172,182.66397094726562,186.04055786132812,189.2755126953125,192.757080078125,197.11167907714844,205.57424926757812,348.7997741699219,212.10716,2.0,test_data/Useful/Validation/Stone Dust at 1 ft/WhatsApp Image 2024-09-05 at 17.07.04 (3).jpeg,5354.0,24.0,31.09039378070167
36,0.0,0.0,0.0,0.0,0.0,0.0,0.0,0.0,0.0,0.0,0.0,0.0,0.0,0.0,0.0,0.0,0.0,0.0,0.0,0.0,0.0,0.0,0.0,0.0,0.0,0.0,0.0,0.0,0.0,0.0,0.0,0.0,0.0,0.0,0.0,0.0,0.0,0.0,0.0,0.0,0.0,0.0,0.0,0.0,0.0,0.0,0.0,0.0,0.0,0.0,0.0,0.0,0.0,0.0,0.0,0.0,0.0,0.0,0.0,0.0,0.0,0.0,0.0,0.0,0.0,0.0,0.0,0.0,0.0,0.0,0.0,0.0,0.0,0.0,0.0,0.0,0.0,0.0,0.0,0.0,0.0,0.0,0.0,0.0,0.0,0.0,0.0,0.0,3.0,5.600000000000023,6.840000000000032,10.0,12.32000000000005,15.679999999999836,20.0,24.0,29.0,34.559999999999945,45.039999999999964,74.0,0.0,1000.4588235318661,1000.6470588445663,1000.7490196228027,1000.8627451062202,2000.3176470696926,2000.6313725709915,2000.7803921699524,3000.086274512112,3000.301960796118,3001.0,166.36062622070312,174.12368774414062,179.03482055664062,182.90662841796876,186.33900451660156,189.6204376220703,193.13111877441406,197.48236083984375,205.7152557373047,348.81109619140625,212.2627,2.0,test_data/Useful/Validation/Stone Dust at 1 ft/WhatsApp Image 2024-09-05 at 17.07.04.jpeg,5333.0,25.0,29.055868557174257
37,0.0,0.0,0.0,0.0,0.0,0.0,0.0,0.0,0.0,0.0,0.0,0.0,0.0,0.0,0.0,0.0,0.0,0.0,0.0,0.0,0.0,0.0,0.0,0.0,0.0,0.0,0.0,0.0,0.0,0.0,0.0,0.0,0.0,0.0,0.0,0.0,0.0,0.0,0.0,0.0,0.0,0.0,0.0,0.0,0.0,0.0,0.0,0.0,0.0,0.0,0.0,0.0,0.0,0.0,0.0,0.0,0.0,0.0,0.0,0.0,0.0,0.0,0.0,0.0,0.0,0.0,0.0,0.0,0.0,0.0,0.0,0.0,0.0,0.0,0.0,0.0,0.0,0.0,0.0,0.0,0.0,0.0,0.0,0.0,0.0,0.0,0.0,0.0,0.0,1.6000000000000227,4.0,8.0,11.32000000000005,18.0,20.0,25.0,26.0,31.039999999999964,40.0,77.0,0.0,1000.4352941215038,1000.6274510025978,1000.7254902124405,1000.8156862854958,2000.058823529631,2000.5764706134796,2000.7764706015587,3000.0980392172933,3000.309803932905,3001.0,166.69271545410157,174.39332580566406,179.30286712646483,183.24435424804688,186.62545776367188,189.89185791015626,193.41818542480468,197.7609802246094,206.06561279296875,348.7772216796875,212.42526,2.0,test_data/Useful/Validation/Stone Dust at 1 ft/WhatsApp Image 2024-09-05 at 17.07.05 (1).jpeg,5315.0,22.0,34.11984350689984
38,0.0,0.0,0.0,0.0,0.0,0.0,0.0,0.0,0.0,0.0,0.0,0.0,0.0,0.0,0.0,0.0,0.0,0.0,0.0,0.0,0.0,0.0,0.0,0.0,0.0,0.0,0.0,0.0,0.0,0.0,0.0,0.0,0.0,0.0,0.0,0.0,0.0,0.0,0.0,0.0,0.0,0.0,0.0,0.0,0.0,0.0,0.0,0.0,0.0,0.0,0.0,0.0,0.0,0.0,0.0,0.0,0.0,0.0,0.0,0.0,0.0,0.0,0.0,0.0,0.0,0.0,0.0,0.0,0.0,0.0,0.0,0.0,0.0,0.0,0.0,0.0,0.0,0.0,0.0,0.0,0.0,0.0,0.0,0.0,0.0,0.0,0.0,0.0,0.0,0.0,2.0,5.0,8.32000000000005,11.559999999999945,14.0,20.039999999999964,23.0,30.519999999999982,37.75999999999999,64.0,0.0,1000.4549019634724,1000.6431372761726,1000.745098054409,1000.8509804010391,2000.3098039329052,2000.6352941393852,2000.784313738346,3000.086274512112,3000.3058823645115,3001.0,166.33973999023436,173.93592834472656,178.85406341552735,182.7157470703125,186.07174682617188,189.3380584716797,192.8677215576172,197.25430297851562,205.72189331054688,348.8452453613281,212.14998,2.0,test_data/Useful/Validation/Stone Dust at 1 ft/WhatsApp Image 2024-09-05 at 17.07.05 (2).jpeg,5271.0,19.0,28.126748508430243
39,0.0,0.0,0.0,0.0,0.0,0.0,0.0,0.0,0.0,0.0,0.0,0.0,0.0,0.0,0.0,0.0,0.0,0.0,0.0,0.0,0.0,0.0,0.0,0.0,0.0,0.0,0.0,0.0,0.0,0.0,0.0,0.0,0.0,0.0,0.0,0.0,0.0,0.0,0.0,0.0,0.0,0.0,0.0,0.0,0.0,0.0,0.0,0.0,0.0,0.0,0.0,0.0,0.0,0.0,0.0,0.0,0.0,0.0,0.0,0.0,0.0,0.0,0.0,0.0,0.0,0.0,0.0,0.0,0.0,0.0,0.0,0.0,0.0,0.0,0.0,0.0,0.0,0.0,0.0,0.0,0.0,0.0,0.0,0.0,0.0,0.0,0.0,2.0,4.720000000000027,8.0,9.840000000000032,11.0,13.0,17.0,18.0,25.039999999999964,31.0,35.0,51.51999999999998,68.0,0.0,1000.4313725531101,1000.6313725709915,1000.7294117808342,1000.8156862854958,1000.9607843160629,2000.5882353186607,2000.811764717102,3000.1215686276555,3000.337254911661,3001.0,166.85574340820312,174.48355102539062,179.41732788085938,183.24586486816406,186.5611114501953,189.8544464111328,193.3147430419922,197.63088989257812,205.82069396972656,348.85650634765625,212.2722,2.0,test_data/Useful/Validation/Stone Dust at 1 ft/WhatsApp Image 2024-09-05 at 17.07.05.jpeg,5305.0,28.0,31.127261992356367
40,0.0,0.0,0.0,0.0,0.0,0.0,0.0,0.0,0.0,0.0,0.0,0.0,0.0,0.0,0.0,0.0,0.0,0.0,0.0,0.0,0.0,0.0,0.0,0.0,0.0,0.0,0.0,0.0,0.0,0.0,0.0,0.0,0.0,0.0,0.0,0.0,0.0,0.0,0.0,0.0,0.0,0.0,0.0,0.0,0.0,0.0,0.0,0.0,0.0,0.0,0.0,0.0,0.0,0.0,0.0,0.0,0.0,0.0,0.0,0.0,0.0,0.0,0.0,0.0,0.0,0.0,0.0,0.0,0.0,0.0,0.0,0.0,0.0,0.0,0.0,0.0,0.0,0.0,0.0,0.0,0.0,0.0,0.0,0.0,1.0,2.0,3.0,6.0,7.0,8.0,11.0,14.080000000000041,17.0,19.559999999999945,22.799999999999955,28.0,30.279999999999973,35.51999999999998,45.039999999999964,90.0,0.0,1000.419607847929,1000.6235294342041,1000.7294117808342,1000.8156862854958,2000.0274509806186,2000.6156862974167,2000.8039215803146,3000.1098039224744,3000.3215686380863,3001.0,166.74850158691407,174.38658142089844,179.39500427246094,183.24111938476562,186.6236572265625,189.8853759765625,193.28659057617188,197.65074157714844,205.84518432617188,348.8043518066406,212.2738,2.0,test_data/Useful/Validation/Stone Dust at 1 ft/WhatsApp Image 2024-09-05 at 17.07.06 (1).jpeg,5286.0,31.0,29.398751054392047
41,0.0,0.0,0.0,0.0,0.0,0.0,0.0,0.0,0.0,0.0,0.0,0.0,0.0,0.0,0.0,0.0,0.0,0.0,0.0,0.0,0.0,0.0,0.0,0.0,0.0,0.0,0.0,0.0,0.0,0.0,0.0,0.0,0.0,0.0,0.0,0.0,0.0,0.0,0.0,0.0,0.0,0.0,0.0,0.0,0.0,0.0,0.0,0.0,0.0,0.0,0.0,0.0,0.0,0.0,0.0,0.0,0.0,0.0,0.0,0.0,0.0,0.0,0.0,0.0,0.0,0.0,0.0,0.0,0.0,0.0,0.0,0.0,0.0,0.0,0.0,0.0,0.0,0.0,0.0,0.0,0.0,0.0,0.0,0.0,0.0,0.0,0.0,0.0,1.0,3.6000000000000227,6.0,9.0,11.0,16.0,20.799999999999955,25.0,30.279999999999973,34.0,46.75999999999999,72.0,0.0,1000.4431372582912,1000.6431372761726,1000.7490196228027,1000.8627451062202,2000.3490196168423,2000.6470588445663,2000.7921568751335,3000.090196080506,3000.309803932905,3001.0,166.37937927246094,173.96546936035156,178.86932830810548,182.7395812988281,186.14373016357422,189.46539001464845,192.9158920288086,197.26441345214843,205.60647583007812,348.8378601074219,211.71448,2.0,test_data/Useful/Validation/Stone Dust at 1 ft/WhatsApp Image 2024-09-05 at 17.07.06 (2).jpeg,5235.0,25.0,32.22911418077669
42,0.0,0.0,0.0,0.0,0.0,0.0,0.0,0.0,0.0,0.0,0.0,0.0,0.0,0.0,0.0,0.0,0.0,0.0,0.0,0.0,0.0,0.0,0.0,0.0,0.0,0.0,0.0,0.0,0.0,0.0,0.0,0.0,0.0,0.0,0.0,0.0,0.0,0.0,0.0,0.0,0.0,0.0,0.0,0.0,0.0,0.0,0.0,0.0,0.0,0.0,0.0,0.0,0.0,0.0,0.0,0.0,0.0,0.0,0.0,0.0,0.0,0.0,0.0,0.36000000000001364,1.0,2.0,3.080000000000041,4.0,6.0,7.0,8.0,9.0,10.519999999999982,11.759999999999991,12.0,13.0,14.0,15.0,16.960000000000036,19.0,20.440000000000055,21.67999999999995,22.91999999999996,25.0,26.0,27.0,30.0,32.120000000000005,35.0,37.0,39.84000000000003,45.0,49.0,51.0,54.0,57.039999999999964,60.0,63.51999999999998,70.75999999999999,88.0,0.0,1000.7411764860153,1001.0,2000.2941176593304,2000.4627451002598,2000.572549045086,2000.678431391716,2000.8274509906769,3000.3176470696926,3000.5764706134796,3001.0,171.84119110107423,179.406005859375,184.30596923828125,188.1205810546875,191.48915100097656,194.7333557128906,198.10134887695312,202.31198120117188,209.77420043945312,347.1966857910156,214.8489,2.0,test_data/Useful/Validation/Stone Dust at 1 ft/WhatsApp Image 2024-09-05 at 17.10.28 (1).jpeg,3973.0,88.0,32.572085871704445
43,0.0,0.0,0.0,0.0,0.0,0.0,0.0,0.0,0.0,0.0,0.0,0.0,0.0,0.0,0.0,0.0,0.0,0.0,0.0,0.0,0.0,0.0,0.0,0.0,0.0,0.0,0.0,0.0,0.0,0.0,0.0,0.0,0.0,0.0,0.0,0.0,0.0,0.0,0.0,0.0,0.0,0.0,0.0,0.0,0.0,0.0,0.0,0.0,0.0,0.0,0.0,0.0,0.0,0.0,0.0,0.0,0.0,0.0,0.0,0.0,0.0,1.0,2.0,2.0,3.0,4.0,5.0,6.0,6.559999999999945,7.7999999999999545,9.0,10.0,11.0,12.0,14.0,15.0,16.0,17.0,19.960000000000036,22.0,22.0,23.0,24.0,26.0,26.399999999999977,28.0,30.0,32.0,33.360000000000014,36.0,37.0,40.0,41.32000000000005,45.0,46.799999999999955,51.0,53.0,55.0,58.0,73.0,0.0,1000.7529411911964,2000.0078431377187,2000.3019607961178,2000.4549019634724,2000.5647059082985,2000.6705882549286,2000.8196078538895,3000.313725501299,3000.568627476692,3001.0,171.47981719970704,179.2813262939453,184.19412231445312,188.04991149902344,191.42037963867188,194.6800537109375,198.12991333007812,202.29820251464844,209.89974975585938,347.0835876464844,214.9594,2.0,test_data/Useful/Validation/Stone Dust at 1 ft/WhatsApp Image 2024-09-05 at 17.10.28 (2).jpeg,3965.0,90.0,25.481432141401026
44,0.0,0.0,0.0,0.0,0.0,0.0,0.0,0.0,0.0,0.0,0.0,0.0,0.0,0.0,0.0,0.0,0.0,0.0,0.0,0.0,0.0,0.0,0.0,0.0,0.0,0.0,0.0,0.0,0.0,0.0,0.0,0.0,0.0,0.0,0.0,0.0,0.0,0.0,0.0,0.0,0.0,0.0,0.0,0.0,0.0,0.0,0.0,0.0,0.0,0.0,0.0,0.0,0.0,0.0,0.0,0.0,0.0,0.0,0.0,0.0,0.0,0.0,0.0,0.0,1.0,2.0,3.0,4.0,5.0,6.7999999999999545,7.039999999999964,8.0,9.0,11.0,12.0,14.0,15.0,16.0,17.0,17.0,18.0,19.0,20.0,22.0,24.0,25.0,27.879999999999995,29.0,31.0,33.0,34.84000000000003,37.08000000000004,40.32000000000005,42.0,44.0,48.0,52.27999999999997,58.0,68.75999999999999,91.0,0.0,1000.7647058963776,2000.0039215688594,2000.2901960909367,2000.4509803950787,2000.5607843399048,2000.6627451181412,2000.7960784435272,3000.2784313857555,3000.5647059082985,3001.0,171.7465362548828,179.45069885253906,184.36630249023438,188.18346252441407,191.54530334472656,194.72841796875,198.09763793945314,202.23931579589845,209.69354248046875,347.2244567871094,214.79355,2.0,test_data/Useful/Validation/Stone Dust at 1 ft/WhatsApp Image 2024-09-05 at 17.10.28 (3).jpeg,4031.0,85.0,25.000943487621445
45,0.0,0.0,0.0,0.0,0.0,0.0,0.0,0.0,0.0,0.0,0.0,0.0,0.0,0.0,0.0,0.0,0.0,0.0,0.0,0.0,0.0,0.0,0.0,0.0,0.0,0.0,0.0,0.0,0.0,0.0,0.0,0.0,0.0,0.0,0.0,0.0,0.0,0.0,0.0,0.0,0.0,0.0,0.0,0.0,0.0,0.0,0.0,0.0,0.0,0.0,0.0,0.0,0.0,0.0,0.0,0.0,0.0,0.0,0.0,0.0,0.0,0.0,0.0,1.0,1.0,2.0,3.0,4.0,5.0,6.0,7.0,9.279999999999973,11.0,11.0,12.0,13.0,14.0,16.0,17.0,18.0,20.0,21.0,22.91999999999996,24.0,27.0,28.639999999999986,30.0,31.120000000000005,35.0,37.60000000000002,41.0,42.08000000000004,44.32000000000005,47.0,49.0,52.0,56.559999999999945,61.51999999999998,64.75999999999999,110.0,0.0,1000.7803921699524,2000.0117647061124,2000.3058823645115,2000.458823531866,2000.5647059082985,2000.6627451181412,2000.784313738346,3000.2352941185236,3000.5529412031174,3001.0,171.65274047851562,179.37091064453125,184.18487548828125,188.03819274902344,191.4369354248047,194.6691131591797,198.0892333984375,202.2021484375,209.70558166503906,347.04656982421875,214.69252,2.0,test_data/Useful/Validation/Stone Dust at 1 ft/WhatsApp Image 2024-09-05 at 17.10.28.jpeg,3916.0,88.0,29.34301559245506
46,0.0,0.0,0.0,0.0,0.0,0.0,0.0,0.0,0.0,0.0,0.0,0.0,0.0,0.0,0.0,0.0,0.0,0.0,0.0,0.0,0.0,0.0,0.0,0.0,0.0,0.0,0.0,0.0,0.0,0.0,0.0,0.0,0.0,0.0,0.0,0.0,0.0,0.0,0.0,0.0,0.0,0.0,0.0,0.0,0.0,0.0,0.0,0.0,0.0,0.0,0.0,0.0,0.0,0.0,0.0,0.0,0.0,0.0,0.0,0.0,0.0,0.0,0.0,0.0,0.0,0.0,0.0,0.0,0.0,0.0,0.0,0.0,0.0,0.0,0.0,0.0,0.0,2.0,3.0,4.0,5.0,7.67999999999995,9.0,11.159999999999968,13.0,15.0,17.0,19.0,20.360000000000014,23.0,25.0,29.0,30.32000000000005,34.559999999999945,42.399999999999864,47.0,49.0,53.51999999999998,62.27999999999997,91.0,0.0,1000.611764729023,2000.0392156876624,2000.286274522543,2000.419607847929,2000.5137255191803,2000.5882353186607,2000.6431372761726,2000.6980392336845,2000.7803921699524,3001.0,169.94398498535156,177.5233612060547,182.4197540283203,186.2258758544922,189.61434936523438,192.84063720703125,196.28720092773438,200.5514678955078,208.44097900390625,347.92779541015625,214.28847,2.0,test_data/Useful/Validation/Stone Dust at 1 ft/WhatsApp Image 2024-09-05 at 17.10.29 (1).jpeg,4637.0,51.0,28.923424712523676
47,0.0,0.0,0.0,0.0,0.0,0.0,0.0,0.0,0.0,0.0,0.0,0.0,0.0,0.0,0.0,0.0,0.0,0.0,0.0,0.0,0.0,0.0,0.0,0.0,0.0,0.0,0.0,0.0,0.0,0.0,0.0,0.0,0.0,0.0,0.0,0.0,0.0,0.0,0.0,0.0,0.0,0.0,0.0,0.0,0.0,0.0,0.0,0.0,0.0,0.0,0.0,0.0,0.0,0.0,0.0,0.0,0.0,0.0,0.0,0.0,0.0,0.0,0.0,0.0,0.0,0.0,0.0,0.0,0.0,0.0,0.0,0.0,0.0,0.0,0.0,0.0,0.0,2.0,2.9600000000000364,4.0,5.0,6.0,8.0,9.159999999999968,11.0,13.0,15.0,18.0,22.0,23.0,25.0,27.0,34.0,37.0,40.0,45.0,48.0,51.51999999999998,59.75999999999999,72.0,0.0,1000.584313750267,2000.0039215688594,2000.2666666805744,2000.4156862795353,2000.5137255191803,2000.5882353186607,2000.6470588445663,2000.7019608020782,2000.800000011921,3001.0,169.64215240478515,177.32177734375,182.22429504394532,186.100537109375,189.51950073242188,192.82469177246094,196.30078125,200.5937042236328,208.70252990722656,347.9177551269531,214.19205,2.0,test_data/Useful/Validation/Stone Dust at 1 ft/WhatsApp Image 2024-09-05 at 17.10.29 (2).jpeg,4592.0,51.0,31.135583080926438
48,0.0,0.0,0.0,0.0,0.0,0.0,0.0,0.0,0.0,0.0,0.0,0.0,0.0,0.0,0.0,0.0,0.0,0.0,0.0,0.0,0.0,0.0,0.0,0.0,0.0,0.0,0.0,0.0,0.0,0.0,0.0,0.0,0.0,0.0,0.0,0.0,0.0,0.0,0.0,0.0,0.0,0.0,0.0,0.0,0.0,0.0,0.0,0.0,0.0,0.0,0.0,0.0,0.0,0.0,0.0,0.0,0.0,0.0,0.0,0.0,0.0,0.0,0.0,0.0,0.0,0.0,0.0,0.0,0.0,0.0,0.0,0.0,0.0,0.0,0.0,0.0,0.0,0.0,1.0,2.2000000000000455,3.4400000000000546,5.0,5.919999999999959,7.159999999999968,9.399999999999977,12.0,14.879999999999995,17.0,20.0,21.600000000000023,25.0,28.0,29.0,30.559999999999945,33.0,38.0,40.27999999999997,44.0,50.75999999999999,90.0,0.0,1000.6431372761726,2000.0666666701436,2000.3058823645115,2000.4352941215038,2000.5254902243614,2000.5960784554482,2000.65098041296,2000.705882370472,2000.800000011921,3001.0,169.708740234375,177.4554412841797,182.2736602783203,186.1597442626953,189.516357421875,192.81251525878906,196.22557067871094,200.53829956054688,208.62791442871094,347.92193603515625,214.28024,2.0,test_data/Useful/Validation/Stone Dust at 1 ft/WhatsApp Image 2024-09-05 at 17.10.29 (3).jpeg,4716.0,46.0,32.05264609747849
49,0.0,0.0,0.0,0.0,0.0,0.0,0.0,0.0,0.0,0.0,0.0,0.0,0.0,0.0,0.0,0.0,0.0,0.0,0.0,0.0,0.0,0.0,0.0,0.0,0.0,0.0,0.0,0.0,0.0,0.0,0.0,0.0,0.0,0.0,0.0,0.0,0.0,0.0,0.0,0.0,0.0,0.0,0.0,0.0,0.0,0.0,0.0,0.0,0.0,0.0,0.0,0.0,0.0,0.0,0.0,0.0,0.0,0.0,0.0,0.0,0.0,0.0,0.0,0.0,0.0,0.0,0.0,1.0,2.0,3.0,4.0,5.0,6.0,6.0,7.0,8.240000000000009,10.0,11.0,12.0,14.0,16.0,18.0,19.91999999999996,22.0,24.0,25.0,28.0,29.0,30.360000000000014,32.60000000000002,34.84000000000003,38.0,39.0,41.559999999999945,44.0,48.039999999999964,53.0,58.51999999999998,61.51999999999998,114.0,0.0,1000.8000000119209,2000.0117647061124,2000.32549020648,2000.486274510622,2000.6000000238419,2000.7098039388657,2000.9019607901573,3000.376470595598,3000.6078431606293,3001.0,171.66256713867188,179.35980224609375,184.27783203125,188.10598754882812,191.45748901367188,194.68829345703125,198.11303100585937,202.30892333984374,209.70155334472656,347.37066650390625,214.78647,2.0,test_data/Useful/Validation/Stone Dust at 1 ft/WhatsApp Image 2024-09-05 at 17.10.29.jpeg,4165.0,76.0,26.496431797989736
50,0.0,0.0,0.0,0.0,0.0,0.0,0.0,0.0,0.0,0.0,0.0,0.0,0.0,0.0,0.0,0.0,0.0,0.0,0.0,0.0,0.0,0.0,0.0,0.0,0.0,0.0,0.0,0.0,0.0,0.0,0.0,0.0,0.0,0.0,0.0,0.0,0.0,0.0,0.0,0.0,0.0,0.0,0.0,0.0,0.0,0.0,0.0,0.0,0.0,0.0,0.0,0.0,0.0,0.0,0.0,0.0,0.0,0.0,0.0,0.0,0.0,0.0,0.0,0.0,0.0,0.0,0.0,0.0,0.0,0.0,0.0,0.0,0.0,0.0,0.0,0.0,0.0,3.0,3.0,6.0,7.0,10.0,11.0,13.0,13.399999999999977,15.639999999999986,19.0,21.120000000000005,22.360000000000014,24.0,26.840000000000032,30.0,32.0,32.0,35.0,37.039999999999964,41.559999999999945,48.039999999999964,56.27999999999997,66.0,0.0,1000.6196078658104,2000.0470588244498,2000.2901960909367,2000.4235294163227,2000.517647087574,2000.5882353186607,2000.6431372761726,2000.6941176652908,2000.7764706015587,3001.0,169.6137237548828,177.2787078857422,182.22115783691407,186.09036254882812,189.47500610351562,192.7198944091797,196.17306518554688,200.51254272460938,208.64453125,347.8395080566406,214.36945,2.0,test_data/Useful/Validation/Stone Dust at 1 ft/WhatsApp Image 2024-09-05 at 17.10.30 (1).jpeg,4583.0,49.0,27.620350144029533
51,0.0,0.0,0.0,0.0,0.0,0.0,0.0,0.0,0.0,0.0,0.0,0.0,0.0,0.0,0.0,0.0,0.0,0.0,0.0,0.0,0.0,0.0,0.0,0.0,0.0,0.0,0.0,0.0,0.0,0.0,0.0,0.0,0.0,0.0,0.0,0.0,0.0,0.0,0.0,0.0,0.0,0.0,0.0,0.0,0.0,0.0,0.0,0.0,0.0,0.0,0.0,0.0,0.0,0.0,0.0,0.0,0.0,0.0,0.0,0.0,0.0,0.0,0.0,0.0,0.0,0.0,0.0,0.0,0.0,0.0,0.0,0.0,0.0,0.0,0.0,0.0,0.0,0.7200000000000273,1.0,2.2000000000000455,3.0,5.0,7.0,9.0,11.0,12.0,14.0,18.120000000000005,20.0,21.600000000000023,24.840000000000032,26.0,29.0,31.0,37.0,41.039999999999964,45.0,50.0,57.0,73.0,0.0,1000.5686274766922,1000.9137254953384,2000.2627451121807,2000.4313725531101,2000.5372549295425,2000.611764729023,2000.6666666865349,2000.7254902124405,2000.839215695858,3001.0,169.71420288085938,177.4918975830078,182.3602294921875,186.11578369140625,189.4951934814453,192.73374633789064,196.14109649658204,200.42247619628907,208.46847534179688,348.0054931640625,214.21863,2.0,test_data/Useful/Validation/Stone Dust at 1 ft/WhatsApp Image 2024-09-05 at 17.10.30 (2).jpeg,4641.0,49.0,29.8834938111791
52,0.0,0.0,0.0,0.0,0.0,0.0,0.0,0.0,0.0,0.0,0.0,0.0,0.0,0.0,0.0,0.0,0.0,0.0,0.0,0.0,0.0,0.0,0.0,0.0,0.0,0.0,0.0,0.0,0.0,0.0,0.0,0.0,0.0,0.0,0.0,0.0,0.0,0.0,0.0,0.0,0.0,0.0,0.0,0.0,0.0,0.0,0.0,0.0,0.0,0.0,0.0,0.0,0.0,0.0,0.0,0.0,0.0,0.0,0.0,0.0,0.0,0.0,0.0,0.0,0.0,0.0,0.0,0.0,0.0,0.0,0.0,0.0,0.0,0.0,0.0,1.0,2.0,3.0,4.0,5.0,7.0,9.67999999999995,11.0,13.0,15.0,16.639999999999986,18.0,20.120000000000005,23.0,26.0,27.840000000000032,31.0,33.32000000000005,36.11999999999989,38.799999999999955,43.0,48.0,55.039999999999964,62.51999999999998,88.0,0.0,1000.5529412031174,1000.9098039269447,2000.23137255013,2000.3960784375668,2000.5019608139992,2000.5803921818733,2000.639215707779,2000.6941176652908,2000.784313738346,3001.0,170.02597045898438,177.72169494628906,182.52952575683594,186.3327178955078,189.6996307373047,192.931396484375,196.38915405273437,200.6566162109375,208.472900390625,347.8680419921875,214.13147,2.0,test_data/Useful/Validation/Stone Dust at 1 ft/WhatsApp Image 2024-09-05 at 17.10.30 (3).jpeg,4597.0,55.0,38.11576497873719
53,0.0,0.0,0.0,0.0,0.0,0.0,0.0,0.0,0.0,0.0,0.0,0.0,0.0,0.0,0.0,0.0,0.0,0.0,0.0,0.0,0.0,0.0,0.0,0.0,0.0,0.0,0.0,0.0,0.0,0.0,0.0,0.0,0.0,0.0,0.0,0.0,0.0,0.0,0.0,0.0,0.0,0.0,0.0,0.0,0.0,0.0,0.0,0.0,0.0,0.0,0.0,0.0,0.0,0.0,0.0,0.0,0.0,0.0,0.0,0.0,0.0,0.0,0.0,0.0,0.0,0.0,0.0,0.0,0.0,0.0,0.0,0.0,0.0,0.0,0.0,0.0,0.0,0.0,0.0,2.0,3.4400000000000546,4.0,5.0,7.159999999999968,9.0,11.0,12.879999999999995,14.120000000000005,16.0,18.600000000000023,20.840000000000032,25.0,28.0,31.11999999999989,34.0,37.07999999999993,40.27999999999997,46.51999999999998,55.0,69.0,0.0,1000.5882353186607,1001.0,2000.2627451121807,2000.4156862795353,2000.517647087574,2000.5921568870544,2000.6470588445663,2000.705882370472,2000.7960784435272,3000.9960784316063,169.83322143554688,177.53155517578125,182.4373016357422,186.3178253173828,189.6694107055664,192.917333984375,196.33721160888672,200.6240692138672,208.5023651123047,347.93988037109375,214.30887,2.0,test_data/Useful/Validation/Stone Dust at 1 ft/WhatsApp Image 2024-09-05 at 17.10.30.jpeg,4661.0,45.0,25.525834478232724
54,0.0,0.0,0.0,0.0,0.0,0.0,0.0,0.0,0.0,0.0,0.0,0.0,0.0,0.0,0.0,0.0,0.0,0.0,0.0,0.0,0.0,0.0,0.0,0.0,0.0,0.0,0.0,0.0,0.0,0.0,0.0,0.0,0.0,0.0,0.0,0.0,0.0,0.0,0.0,0.0,0.0,0.0,0.0,0.0,0.0,0.0,0.0,0.0,0.0,0.0,0.0,0.0,0.0,0.0,0.0,0.0,0.0,0.0,0.0,0.0,0.0,0.0,0.0,0.0,0.0,0.0,0.0,0.0,0.0,0.0,0.0,0.0,0.0,0.0,0.0,1.0,2.0,3.0,4.0,5.0,6.440000000000055,8.67999999999995,10.0,12.159999999999968,15.0,16.0,17.879999999999995,21.0,23.0,24.600000000000023,26.840000000000032,29.0,33.0,36.0,39.0,46.0,50.27999999999997,53.0,58.51999999999998,87.0,0.0,1000.6431372761726,2000.06274510175,2000.3058823645115,2000.4352941215038,2000.5294117927551,2000.5960784554482,2000.65098041296,2000.7098039388657,2000.800000011921,3001.0,169.7987274169922,177.47984313964844,182.3588409423828,186.20675659179688,189.5538330078125,192.82024841308595,196.28149871826173,200.56964416503905,208.48748779296875,347.8670654296875,214.21576,2.0,test_data/Useful/Validation/Stone Dust at 1 ft/WhatsApp Image 2024-09-05 at 17.10.31 (1).jpeg,4601.0,55.0,30.287933796170506
55,0.0,0.0,0.0,0.0,0.0,0.0,0.0,0.0,0.0,0.0,0.0,0.0,0.0,0.0,0.0,0.0,0.0,0.0,0.0,0.0,0.0,0.0,0.0,0.0,0.0,0.0,0.0,0.0,0.0,0.0,0.0,0.0,0.0,0.0,0.0,0.0,0.0,0.0,0.0,0.0,0.0,0.0,0.0,0.0,0.0,0.0,0.0,0.0,0.0,0.0,0.0,0.0,0.0,0.0,0.0,0.0,0.0,0.0,0.0,0.0,0.0,0.0,0.0,0.0,0.0,0.0,0.0,0.0,0.0,0.0,0.0,0.0,0.0,0.0,0.0,0.0,0.0,1.0,2.0,5.0,5.0,6.0,7.0,10.0,11.0,12.0,14.0,17.0,20.360000000000014,22.0,23.840000000000032,26.08000000000004,28.0,31.0,35.799999999999955,43.039999999999964,46.0,47.51999999999998,55.0,79.0,0.0,1000.611764729023,2000.043137256056,2000.2823529541492,2000.4117647111416,2000.5058823823929,2000.5764706134796,2000.6313725709915,2000.6901960968971,2000.7882353067398,3001.0,169.8095504760742,177.4918212890625,182.35655212402344,186.26296997070312,189.62615966796875,192.89236755371093,196.37243041992187,200.65835876464843,208.57852172851562,347.7789306640625,214.34065,2.0,test_data/Useful/Validation/Stone Dust at 1 ft/WhatsApp Image 2024-09-05 at 17.10.31 (2).jpeg,4561.0,47.0,31.574060123698462
56,0.0,0.0,0.0,0.0,0.0,0.0,0.0,0.0,0.0,0.0,0.0,0.0,0.0,0.0,0.0,0.0,0.0,0.0,0.0,0.0,0.0,0.0,0.0,0.0,0.0,0.0,0.0,0.0,0.0,0.0,0.0,0.0,0.0,0.0,0.0,0.0,0.0,0.0,0.0,0.0,0.0,0.0,0.0,0.0,0.0,0.0,0.0,0.0,0.0,0.0,0.0,0.0,0.0,0.0,0.0,0.0,0.0,0.0,0.0,0.0,0.0,0.0,0.0,0.0,0.0,0.0,0.0,0.0,0.0,0.0,0.0,0.0,0.0,0.0,0.0,0.0,0.0,0.0,0.0,1.2000000000000455,3.0,5.0,5.919999999999959,7.0,9.0,11.0,12.0,14.120000000000005,17.0,19.0,23.0,26.08000000000004,29.0,33.559999999999945,37.0,41.039999999999964,45.27999999999997,51.039999999999964,63.0,82.0,0.0,1000.5529412031174,1000.8980392217636,2000.2274509817362,2000.3960784375668,2000.5019608139992,2000.5803921818733,2000.639215707779,2000.6980392336845,2000.7882353067398,3001.0,169.78424072265625,177.39784240722656,182.30128784179686,186.1745391845703,189.51041412353516,192.7668273925781,196.17063751220704,200.41133728027344,208.4201919555664,347.8548583984375,214.28693,2.0,test_data/Useful/Validation/Stone Dust at 1 ft/WhatsApp Image 2024-09-05 at 17.10.31.jpeg,4583.0,45.0,32.446996504212606
57,0.0,0.0,0.0,0.0,0.0,0.0,0.0,0.0,0.0,0.0,0.0,0.0,0.0,0.0,0.0,0.0,0.0,0.0,0.0,0.0,0.0,0.0,0.0,0.0,0.0,0.0,0.0,0.0,0.0,0.0,0.0,0.0,0.0,0.0,0.0,0.0,0.0,0.0,0.0,0.0,0.0,0.0,0.0,0.0,0.0,0.0,0.0,0.0,0.0,0.0,0.0,0.0,0.0,0.0,0.0,0.0,0.0,0.0,0.0,0.0,0.0,0.0,0.0,0.0,0.0,0.0,0.0,0.0,0.0,0.0,0.0,0.0,0.0,0.0,1.0,2.0,4.0,5.0,6.0,8.0,9.440000000000055,11.0,11.0,13.159999999999968,15.0,17.0,18.879999999999995,21.120000000000005,23.0,25.0,27.0,29.08000000000004,33.32000000000005,36.0,38.799999999999955,43.039999999999964,46.27999999999997,50.0,57.0,81.0,0.0,1000.6313725709915,2000.0470588244498,2000.286274522543,2000.419607847929,2000.5137255191803,2000.584313750267,2000.639215707779,2000.6980392336845,2000.7882353067398,3001.0,169.96501617431642,177.70643615722656,182.56910705566406,186.35023498535156,189.71482849121094,192.9322052001953,196.42413330078125,200.70196533203125,208.61654663085938,347.86474609375,214.33664,2.0,test_data/Useful/Validation/Stone Dust at 1 ft/WhatsApp Image 2024-09-05 at 17.10.32 (1).jpeg,4525.0,55.0,30.154517411546113
58,0.0,0.0,0.0,0.0,0.0,0.0,0.0,0.0,0.0,0.0,0.0,0.0,0.0,0.0,0.0,0.0,0.0,0.0,0.0,0.0,0.0,0.0,0.0,0.0,0.0,0.0,0.0,0.0,0.0,0.0,0.0,0.0,0.0,0.0,0.0,0.0,0.0,0.0,0.0,0.0,0.0,0.0,0.0,0.0,0.0,0.0,0.0,0.0,0.0,0.0,0.0,0.0,0.0,0.0,0.0,0.0,0.0,0.0,0.0,0.0,0.0,0.0,0.0,0.0,0.0,0.0,0.0,0.0,0.0,0.0,0.0,0.0,0.0,0.0,0.0,1.0,2.0,4.0,5.960000000000036,8.0,10.0,11.0,12.919999999999959,14.0,15.0,17.0,18.879999999999995,22.120000000000005,23.0,25.0,26.840000000000032,30.08000000000004,32.32000000000005,35.0,39.799999999999955,42.0,48.27999999999997,53.0,57.0,79.0,0.0,1000.6156862974167,2000.0039215688594,2000.2627451121807,2000.4117647111416,2000.5098039507866,2000.5803921818733,2000.639215707779,2000.6901960968971,2000.7647058963776,3000.9960784316063,169.8361053466797,177.5497283935547,182.4223175048828,186.22459411621094,189.6027374267578,192.882275390625,196.2957000732422,200.682373046875,208.5369873046875,347.9016418457031,214.24619,2.0,test_data/Useful/Validation/Stone Dust at 1 ft/WhatsApp Image 2024-09-05 at 17.10.32 (2).jpeg,4551.0,53.0,29.506333921255212
59,0.0,0.0,0.0,0.0,0.0,0.0,0.0,0.0,0.0,0.0,0.0,0.0,0.0,0.0,0.0,0.0,0.0,0.0,0.0,0.0,0.0,0.0,0.0,0.0,0.0,0.0,0.0,0.0,0.0,0.0,0.0,0.0,0.0,0.0,0.0,0.0,0.0,0.0,0.0,0.0,0.0,0.0,0.0,0.0,0.0,0.0,0.0,0.0,0.0,0.0,0.0,0.0,0.0,0.0,0.0,0.0,0.0,0.0,0.0,0.0,0.0,0.0,0.0,0.0,0.0,0.0,0.0,0.0,0.0,0.0,0.0,0.0,0.0,0.0,0.0,1.0,3.0,4.0,4.960000000000036,5.0,7.0,8.0,9.0,11.0,12.399999999999977,14.0,16.0,18.120000000000005,20.360000000000014,24.0,25.840000000000032,28.0,30.32000000000005,31.559999999999945,34.59999999999991,42.039999999999964,46.27999999999997,54.51999999999998,58.75999999999999,81.0,0.0,1000.6235294342041,2000.0078431377187,2000.2745098173618,2000.419607847929,2000.517647087574,2000.5882353186607,2000.6470588445663,2000.7019608020782,2000.7960784435272,3001.0,169.7634475708008,177.47250061035157,182.41342468261718,186.27029418945312,189.65255737304688,192.8816345214844,196.38690185546875,200.7164764404297,208.6869659423828,347.9024658203125,214.22754,2.0,test_data/Useful/Validation/Stone Dust at 1 ft/WhatsApp Image 2024-09-05 at 17.10.32 (3).jpeg,4673.0,54.0,30.834598249224456
60,0.0,0.0,0.0,0.0,0.0,0.0,0.0,0.0,0.0,0.0,0.0,0.0,0.0,0.0,0.0,0.0,0.0,0.0,0.0,0.0,0.0,0.0,0.0,0.0,0.0,0.0,0.0,0.0,0.0,0.0,0.0,0.0,0.0,0.0,0.0,0.0,0.0,0.0,0.0,0.0,0.0,0.0,0.0,0.0,0.0,0.0,0.0,0.0,0.0,0.0,0.0,0.0,0.0,0.0,0.0,0.0,0.0,0.0,0.0,0.0,0.0,0.0,0.0,0.0,0.0,0.0,0.0,0.0,0.0,0.0,0.0,0.0,0.0,0.0,0.0,0.0,1.4800000000000182,3.0,4.960000000000036,6.0,6.0,8.0,9.919999999999959,11.0,13.0,15.0,17.0,19.120000000000005,20.360000000000014,22.600000000000023,25.0,29.160000000000082,35.32000000000005,38.11999999999989,42.59999999999991,46.0,48.27999999999997,51.039999999999964,56.0,68.0,0.0,1000.5568627715111,1000.8705882430077,2000.2352941185236,2000.4235294163227,2000.5372549295425,2000.6156862974167,2000.6745098233223,2000.7372549176216,2000.9882352948189,3001.0,169.87247772216796,177.53887329101562,182.44115753173827,186.25375671386718,189.63939666748047,192.88336486816405,196.30732116699218,200.61151123046875,208.49154663085938,347.98406982421875,214.088,2.0,test_data/Useful/Validation/Stone Dust at 1 ft/WhatsApp Image 2024-09-05 at 17.10.32.jpeg,4541.0,54.0,30.261344105579425
61,0.0,0.0,0.0,0.0,0.0,0.0,0.0,0.0,0.0,0.0,0.0,0.0,0.0,0.0,0.0,0.0,0.0,0.0,0.0,0.0,0.0,0.0,0.0,0.0,0.0,0.0,0.0,0.0,0.0,0.0,0.0,0.0,0.0,0.0,0.0,0.0,0.0,0.0,0.0,0.0,0.0,0.0,0.0,0.0,0.0,0.0,0.0,0.0,0.0,0.0,0.0,0.0,0.0,0.0,0.0,0.0,0.0,0.0,0.0,0.0,0.0,0.0,0.0,0.0,0.0,0.0,0.0,0.0,0.0,0.0,2.0,2.2799999999999727,3.519999999999982,4.0,6.0,6.0,8.0,8.720000000000027,10.0,11.0,12.0,13.0,14.0,15.159999999999968,17.0,19.0,20.0,21.0,23.0,25.0,26.0,28.0,29.0,30.0,31.0,33.0,37.27999999999997,42.0,46.51999999999998,66.0,0.0,1000.6078431606293,1000.7019608020782,1000.7490196228027,1000.7843137383461,1000.8235294222832,2000.4549019634724,3000.04705882445,3000.337254911661,3000.529411792755,3001.0,160.38763427734375,168.0943359375,172.9801452636719,176.84332580566405,180.31005096435547,183.75879821777343,187.41358947753906,192.16858520507813,201.88699340820312,349.34295654296875,209.8558,2.0,test_data/Useful/Validation/Stone Dust at 1 ft/WhatsApp Image 2024-09-05 at 17.10.33 (1).jpeg,3405.0,58.0,30.102805107531694
62,0.0,0.0,0.0,0.0,0.0,0.0,0.0,0.0,0.0,0.0,0.0,0.0,0.0,0.0,0.0,0.0,0.0,0.0,0.0,0.0,0.0,0.0,0.0,0.0,0.0,0.0,0.0,0.0,0.0,0.0,0.0,0.0,0.0,0.0,0.0,0.0,0.0,0.0,0.0,0.0,0.0,0.0,0.0,0.0,0.0,0.0,0.0,0.0,0.0,0.0,0.0,0.0,0.0,0.0,0.0,0.0,0.0,0.0,0.0,0.0,0.0,0.0,0.0,0.0,0.0,0.0,0.0,0.0,0.0,0.0,0.0,0.0,0.0,0.0,0.0,0.0,0.0,0.0,0.0,0.0,0.0,0.0,0.0,0.0,0.0,0.0,0.0,0.0,1.3600000000000136,4.0,7.840000000000032,10.080000000000041,12.32000000000005,16.11999999999989,19.799999999999955,27.0,32.0,38.039999999999964,41.51999999999998,54.0,0.0,1000.4313725531101,1000.6235294342041,1000.7254902124405,1000.8196078538895,2000.1843137294054,2000.5647059082985,2000.7411764860153,3000.058823529631,3000.2823529541492,3001.0,166.00035095214844,173.7023162841797,178.60305786132812,182.4954833984375,185.85281372070312,189.14443969726562,192.66485595703125,197.04074096679688,205.462158203125,348.8644714355469,211.9354,2.0,test_data/Useful/Validation/Stone Dust at 1 ft/WhatsApp Image 2024-09-05 at 17.30.38 (1).jpeg,5387.0,27.0,32.23970674883423
63,0.0,0.0,0.0,0.0,0.0,0.0,0.0,0.0,0.0,0.0,0.0,0.0,0.0,0.0,0.0,0.0,0.0,0.0,0.0,0.0,0.0,0.0,0.0,0.0,0.0,0.0,0.0,0.0,0.0,0.0,0.0,0.0,0.0,0.0,0.0,0.0,0.0,0.0,0.0,0.0,0.0,0.0,0.0,0.0,0.0,0.0,0.0,0.0,0.0,0.0,0.0,0.0,0.0,0.0,0.0,0.0,0.0,0.0,0.0,0.0,0.0,0.0,0.0,0.0,0.0,0.0,0.0,0.0,0.0,0.0,0.0,0.0,0.0,0.0,0.0,0.0,0.0,0.0,0.0,0.0,0.0,0.0,0.0,0.0,0.0,2.0,4.0,6.0,7.0,8.0,10.0,11.080000000000041,14.0,16.559999999999945,19.0,23.079999999999927,29.0,31.0,39.75999999999999,68.0,0.0,1000.4156862795353,1000.6196078658104,1000.7254902124405,1000.8196078538895,2000.176470592618,2000.6039215922356,2000.772549033165,3000.086274512112,3000.3058823645115,3001.0,166.1259307861328,173.78526611328124,178.66464233398438,182.51336975097655,185.94046020507812,189.1561279296875,192.67025756835938,197.05926513671875,205.34869384765625,348.8882751464844,211.79156,2.0,test_data/Useful/Validation/Stone Dust at 1 ft/WhatsApp Image 2024-09-05 at 17.30.38.jpeg,5342.0,28.0,27.16908724862747
64,0.0,0.0,0.0,0.0,0.0,0.0,0.0,0.0,0.0,0.0,0.0,0.0,0.0,0.0,0.0,0.0,0.0,0.0,0.0,0.0,0.0,0.0,0.0,0.0,0.0,0.0,0.0,0.0,0.0,0.0,0.0,0.0,0.0,0.0,0.0,0.0,0.0,0.0,0.0,0.0,0.0,0.0,0.0,0.0,0.0,0.0,0.0,0.0,0.0,0.0,0.0,0.0,0.0,0.0,0.0,0.0,0.0,0.0,0.0,0.0,0.0,0.0,0.0,0.0,0.0,0.0,0.0,0.0,0.0,0.0,0.0,0.0,0.0,0.0,0.0,0.0,0.0,0.0,0.0,0.0,0.0,0.0,0.0,0.0,0.0,0.0,0.0,0.0,0.0,0.6000000000000227,2.0,5.080000000000041,7.6400000000001,13.0,19.0,24.039999999999964,28.279999999999973,32.0,37.75999999999999,48.0,0.0,1000.4392156898975,1000.6392157077789,1000.7411764860153,1000.8431372642517,2000.2823529541492,2000.6274510025978,2000.7803921699524,3000.086274512112,3000.3058823645115,3001.0,166.02638244628906,173.57314758300782,178.5370681762695,182.43460998535156,185.8008041381836,189.17276916503906,192.66824340820312,197.04859313964843,205.49008178710938,348.87005615234375,211.92319,2.0,test_data/Useful/Validation/Stone Dust at 1 ft/WhatsApp Image 2024-09-05 at 17.30.39 (1).jpeg,5358.0,22.0,29.262670000516867
65,0.0,0.0,0.0,0.0,0.0,0.0,0.0,0.0,0.0,0.0,0.0,0.0,0.0,0.0,0.0,0.0,0.0,0.0,0.0,0.0,0.0,0.0,0.0,0.0,0.0,0.0,0.0,0.0,0.0,0.0,0.0,0.0,0.0,0.0,0.0,0.0,0.0,0.0,0.0,0.0,0.0,0.0,0.0,0.0,0.0,0.0,0.0,0.0,0.0,0.0,0.0,0.0,0.0,0.0,0.0,0.0,0.0,0.0,0.0,0.0,0.0,0.0,0.0,0.0,0.0,0.0,0.0,0.0,0.0,0.0,0.0,0.0,0.0,0.0,0.0,0.0,0.0,0.0,0.0,0.0,0.0,0.0,0.0,0.0,0.0,0.0,1.0,3.0,5.0,8.0,9.840000000000032,12.160000000000082,17.0,22.11999999999989,26.0,31.079999999999927,35.27999999999997,42.0,49.75999999999999,62.0,0.0,1000.4431372582912,1000.6313725709915,1000.7254902124405,1000.8196078538895,2000.1254902034998,2000.5803921818733,2000.7764706015587,3000.0980392172933,3000.309803932905,3001.0,166.80890197753905,174.5727264404297,179.38837738037108,183.2488525390625,186.58767700195312,189.82162780761718,193.2954559326172,197.66567687988282,206.01507568359375,348.7787170410156,212.43246,2.0,test_data/Useful/Validation/Stone Dust at 1 ft/WhatsApp Image 2024-09-05 at 17.30.39.jpeg,5345.0,32.0,33.324362875604784
66,0.0,0.0,0.0,0.0,0.0,0.0,0.0,0.0,0.0,0.0,0.0,0.0,0.0,0.0,0.0,0.0,0.0,0.0,0.0,0.0,0.0,0.0,0.0,0.0,0.0,0.0,0.0,0.0,0.0,0.0,0.0,0.0,0.0,0.0,0.0,0.0,0.0,0.0,0.0,0.0,0.0,0.0,0.0,0.0,0.0,0.0,0.0,0.0,0.0,0.0,0.0,0.0,0.0,0.0,0.0,0.0,0.0,0.0,0.0,0.0,0.0,0.0,0.0,0.0,0.0,0.0,0.0,0.0,0.0,0.0,0.0,0.0,0.0,0.0,0.0,0.0,0.0,0.0,0.0,0.0,0.0,0.0,0.0,0.0,0.0,0.0,0.0,0.0,0.36000000000001364,4.600000000000023,7.0,8.080000000000041,11.0,13.559999999999945,16.799999999999955,21.039999999999964,29.279999999999973,36.559999999999945,42.27999999999997,83.0,0.0,1000.4313725531101,1000.6274510025978,1000.7254902124405,1000.8313725590706,2000.258823543787,2000.5960784554482,2000.7529411911964,3000.06274510175,3000.274509817362,3001.0,166.164453125,173.86227416992188,178.7954559326172,182.66397094726562,186.04055786132812,189.2755126953125,192.757080078125,197.11167907714844,205.57424926757812,348.7997741699219,212.10716,2.0,test_data/Useful/Validation/Stone Dust at 1 ft/WhatsApp Image 2024-09-05 at 17.30.40 (1).jpeg,5354.0,24.0,30.11702367153855
67,0.0,0.0,0.0,0.0,0.0,0.0,0.0,0.0,0.0,0.0,0.0,0.0,0.0,0.0,0.0,0.0,0.0,0.0,0.0,0.0,0.0,0.0,0.0,0.0,0.0,0.0,0.0,0.0,0.0,0.0,0.0,0.0,0.0,0.0,0.0,0.0,0.0,0.0,0.0,0.0,0.0,0.0,0.0,0.0,0.0,0.0,0.0,0.0,0.0,0.0,0.0,0.0,0.0,0.0,0.0,0.0,0.0,0.0,0.0,0.0,0.0,0.0,0.0,0.0,0.0,0.0,0.0,0.0,0.0,0.0,0.0,0.0,0.0,0.0,0.0,0.0,0.0,0.0,0.0,0.0,0.0,0.0,0.0,0.0,0.0,0.0,0.0,2.0,4.720000000000027,8.0,9.840000000000032,11.0,13.0,17.0,18.0,25.039999999999964,31.0,35.0,51.51999999999998,68.0,0.0,1000.4313725531101,1000.6313725709915,1000.7294117808342,1000.8156862854958,1000.9607843160629,2000.5882353186607,2000.811764717102,3000.1215686276555,3000.337254911661,3001.0,166.85574340820312,174.48355102539062,179.41732788085938,183.24586486816406,186.5611114501953,189.8544464111328,193.3147430419922,197.63088989257812,205.82069396972656,348.85650634765625,212.2722,2.0,test_data/Useful/Validation/Stone Dust at 1 ft/WhatsApp Image 2024-09-05 at 17.30.40 (2).jpeg,5305.0,28.0,29.360199940242147
68,0.0,0.0,0.0,0.0,0.0,0.0,0.0,0.0,0.0,0.0,0.0,0.0,0.0,0.0,0.0,0.0,0.0,0.0,0.0,0.0,0.0,0.0,0.0,0.0,0.0,0.0,0.0,0.0,0.0,0.0,0.0,0.0,0.0,0.0,0.0,0.0,0.0,0.0,0.0,0.0,0.0,0.0,0.0,0.0,0.0,0.0,0.0,0.0,0.0,0.0,0.0,0.0,0.0,0.0,0.0,0.0,0.0,0.0,0.0,0.0,0.0,0.0,0.0,0.0,0.0,0.0,0.0,0.0,0.0,0.0,0.0,0.0,0.0,0.0,0.0,0.0,0.0,0.0,0.0,0.0,0.0,0.0,0.0,0.0,0.0,0.0,0.0,0.0,3.0,5.600000000000023,6.840000000000032,10.0,12.32000000000005,15.679999999999836,20.0,24.0,29.0,34.559999999999945,45.039999999999964,74.0,0.0,1000.4588235318661,1000.6470588445663,1000.7490196228027,1000.8627451062202,2000.3176470696926,2000.6313725709915,2000.7803921699524,3000.086274512112,3000.301960796118,3001.0,166.36062622070312,174.12368774414062,179.03482055664062,182.90662841796876,186.33900451660156,189.6204376220703,193.13111877441406,197.48236083984375,205.7152557373047,348.81109619140625,212.2627,2.0,test_data/Useful/Validation/Stone Dust at 1 ft/WhatsApp Image 2024-09-05 at 17.30.40.jpeg,5333.0,25.0,27.32713615875132
69,0.0,0.0,0.0,0.0,0.0,0.0,0.0,0.0,0.0,0.0,0.0,0.0,0.0,0.0,0.0,0.0,0.0,0.0,0.0,0.0,0.0,0.0,0.0,0.0,0.0,0.0,0.0,0.0,0.0,0.0,0.0,0.0,0.0,0.0,0.0,0.0,0.0,0.0,0.0,0.0,0.0,0.0,0.0,0.0,0.0,0.0,0.0,0.0,0.0,0.0,0.0,0.0,0.0,0.0,0.0,0.0,0.0,0.0,0.0,0.0,0.0,0.0,0.0,0.0,0.0,0.0,0.0,0.0,0.0,0.0,0.0,0.0,0.0,0.0,0.0,0.0,0.0,0.0,0.0,0.0,0.0,0.0,0.0,0.0,1.0,2.0,3.0,6.0,7.0,8.0,11.0,14.080000000000041,17.0,19.559999999999945,22.799999999999955,28.0,30.279999999999973,35.51999999999998,45.039999999999964,90.0,0.0,1000.419607847929,1000.6235294342041,1000.7294117808342,1000.8156862854958,2000.0274509806186,2000.6156862974167,2000.8039215803146,3000.1098039224744,3000.3215686380863,3001.0,166.74850158691407,174.38658142089844,179.39500427246094,183.24111938476562,186.6236572265625,189.8853759765625,193.28659057617188,197.65074157714844,205.84518432617188,348.8043518066406,212.2738,2.0,test_data/Useful/Validation/Stone Dust at 1 ft/WhatsApp Image 2024-09-05 at 17.30.41 (1).jpeg,5286.0,31.0,29.188060986187626
70,0.0,0.0,0.0,0.0,0.0,0.0,0.0,0.0,0.0,0.0,0.0,0.0,0.0,0.0,0.0,0.0,0.0,0.0,0.0,0.0,0.0,0.0,0.0,0.0,0.0,0.0,0.0,0.0,0.0,0.0,0.0,0.0,0.0,0.0,0.0,0.0,0.0,0.0,0.0,0.0,0.0,0.0,0.0,0.0,0.0,0.0,0.0,0.0,0.0,0.0,0.0,0.0,0.0,0.0,0.0,0.0,0.0,0.0,0.0,0.0,0.0,0.0,0.0,0.0,0.0,0.0,0.0,0.0,0.5599999999999454,1.7999999999999545,2.0,3.0,4.0,5.0,6.0,7.0,8.0,10.0,10.0,11.0,12.0,13.67999999999995,16.0,16.0,19.0,20.0,21.0,24.0,25.360000000000014,27.600000000000023,29.0,33.0,35.32000000000005,38.559999999999945,41.0,43.0,45.0,49.0,55.51999999999998,83.0,0.0,1000.772549033165,1000.9176470637321,1000.9803921580315,1001.0,1001.0,2000.8352941274643,2001.0,3000.486274510622,3000.6862745285034,3001.0,173.37117919921874,181.06787109375,185.98453826904296,189.8291015625,193.21881103515625,196.47134704589843,199.93890380859375,204.21090698242188,212.01022338867188,347.8707580566406,216.43028,2.0,test_data/Useful/Validation/Stone Dust at 1 ft/WhatsApp Image 2024-09-05 at 17.30.41.jpeg,5559.0,67.0,30.66673115492249
71,0.0,0.0,0.0,0.0,0.0,0.0,0.0,0.0,0.0,0.0,0.0,0.0,0.0,0.0,0.0,0.0,0.0,0.0,0.0,0.0,0.0,0.0,0.0,0.0,0.0,0.0,0.0,0.0,0.0,0.0,0.0,0.0,0.0,0.0,0.0,0.0,0.0,0.0,0.0,0.0,0.0,0.0,0.0,0.0,0.0,0.0,0.0,0.0,0.0,0.0,0.0,0.0,0.0,0.0,0.0,0.0,0.0,0.0,0.0,0.0,0.0,0.0,0.0,0.0,0.0,0.0,0.0,0.0,0.0,0.0,0.0,0.0,0.0,0.0,0.0,0.0,0.0,0.0,0.0,0.0,0.0,0.0,0.0,0.0,0.0,0.0,0.0,0.0,0.0,0.0,0.0,0.0,0.0,1.5599999999999454,3.0,8.039999999999964,16.839999999999918,25.519999999999982,35.51999999999998,65.0,0.0,1000.4156862795353,1000.5960784554482,1000.7176470756531,2000.1568627506495,2000.4509803950787,2000.6000000238419,2000.6980392336845,3000.019607843831,3000.2470588237047,3000.9960784316063,165.39480590820312,173.16490173339844,178.0985107421875,182.05645446777345,185.5149688720703,188.92096557617188,192.55204315185546,197.3259765625,206.22972106933594,348.687255859375,212.43481,2.0,test_data/Useful/Validation/Stone Dust at 1 ft/WhatsApp Image 2024-09-05 at 17.30.42 (1).jpeg,5875.0,15.0,30.75544079132995
72,0.0,0.0,0.0,0.0,0.0,0.0,0.0,0.0,0.0,0.0,0.0,0.0,0.0,0.0,0.0,0.0,0.0,0.0,0.0,0.0,0.0,0.0,0.0,0.0,0.0,0.0,0.0,0.0,0.0,0.0,0.0,0.0,0.0,0.0,0.0,0.0,0.0,0.0,0.0,0.0,0.0,0.0,0.0,0.0,0.0,0.0,0.0,0.0,0.0,0.0,0.0,0.0,0.0,0.0,0.0,0.0,0.0,0.0,0.0,0.0,0.0,0.0,0.0,0.0,0.0,0.0,0.0,0.0,0.0,0.0,0.0,0.0,0.0,0.0,0.0,0.0,0.0,0.0,0.0,0.0,0.0,0.0,0.0,0.0,0.0,0.0,1.0,3.0,5.0,7.0,8.0,11.080000000000041,14.0,20.0,23.0,27.0,29.839999999999918,37.0,48.51999999999998,63.0,0.0,1000.4274509847164,1000.6313725709915,1000.7333333492279,1000.8274509906769,2000.2078431397676,2000.6313725709915,2000.7960784435272,3000.1098039224744,3000.3215686380863,3001.0,166.4112777709961,174.09009399414063,179.0719757080078,182.92025756835938,186.33928680419922,189.61941528320312,193.11297607421875,197.4310302734375,205.71401977539062,348.8369140625,212.14227,2.0,test_data/Useful/Validation/Stone Dust at 1 ft/WhatsApp Image 2024-09-05 at 17.30.42.jpeg,5259.0,28.0,32.123778261917884
73,0.0,0.0,0.0,0.0,0.0,0.0,0.0,0.0,0.0,0.0,0.0,0.0,0.0,0.0,0.0,0.0,0.0,0.0,0.0,0.0,0.0,0.0,0.0,0.0,0.0,0.0,0.0,0.0,0.0,0.0,0.0,0.0,0.0,0.0,0.0,0.0,0.0,0.0,0.0,0.0,0.0,0.0,0.0,0.0,0.0,0.0,0.0,0.0,0.0,0.0,0.0,0.0,0.0,0.0,0.0,0.0,0.0,0.0,0.0,0.0,0.0,0.0,0.0,0.0,0.0,0.0,0.0,0.0,0.0,0.0,0.0,0.0,0.0,0.0,0.0,0.0,0.0,0.0,0.0,0.0,0.0,0.0,0.0,0.0,0.0,0.0,0.0,0.0,0.0,0.0,0.0,0.0,0.0,2.5599999999999454,6.7999999999999545,9.0,15.839999999999918,27.519999999999982,35.51999999999998,55.0,0.0,1000.4509803950787,1000.6470588445663,1000.7529411911964,1000.8705882430077,2000.3176470696926,2000.6274510025978,2000.7803921699524,3000.086274512112,3000.3215686380863,3001.0,167.4637451171875,175.13518981933595,180.0967224121094,184.0333465576172,187.44866943359375,190.78841552734374,194.37028961181642,198.89181518554688,207.56607055664062,348.704833984375,213.17711,2.0,test_data/Useful/Validation/Stone Dust at 1 ft/WhatsApp Image 2024-09-05 at 17.30.43 (1).jpeg,5914.0,14.0,31.48196949452077
74,0.0,0.0,0.0,0.0,0.0,0.0,0.0,0.0,0.0,0.0,0.0,0.0,0.0,0.0,0.0,0.0,0.0,0.0,0.0,0.0,0.0,0.0,0.0,0.0,0.0,0.0,0.0,0.0,0.0,0.0,0.0,0.0,0.0,0.0,0.0,0.0,0.0,0.0,0.0,0.0,0.0,0.0,0.0,0.0,0.0,0.0,0.0,0.0,0.0,0.0,0.0,0.0,0.0,0.0,0.0,0.0,0.0,0.0,0.0,0.0,0.0,0.0,0.0,0.0,0.0,0.0,0.0,0.0,0.0,0.0,0.0,0.0,0.0,0.0,0.0,0.0,0.0,0.0,0.0,0.0,0.0,0.0,0.0,0.0,0.0,0.0,0.0,0.0,0.0,0.0,0.0,0.0,0.0,0.0,4.0,9.039999999999964,15.0,20.11999999999989,32.51999999999998,55.0,0.0,1000.4274509847164,1000.6156862974167,1000.7254902124405,1000.905882358551,2000.4549019634724,2000.6431372761726,2000.7647058963776,3000.1098039224744,3000.3215686380863,3001.0,165.73108825683593,173.42555236816406,178.3800506591797,182.221923828125,185.6725845336914,188.97633361816406,192.57080993652343,197.0991668701172,205.83926239013672,348.8526916503906,211.93443,2.0,test_data/Useful/Validation/Stone Dust at 1 ft/WhatsApp Image 2024-09-05 at 17.30.43.jpeg,5997.0,13.0,34.413005006914574
75,0.0,0.0,0.0,0.0,0.0,0.0,0.0,0.0,0.0,0.0,0.0,0.0,0.0,0.0,0.0,0.0,0.0,0.0,0.0,0.0,0.0,0.0,0.0,0.0,0.0,0.0,0.0,0.0,0.0,0.0,0.0,0.0,0.0,0.0,0.0,0.0,0.0,0.0,0.0,0.0,0.0,0.0,0.0,0.0,0.0,0.0,0.0,0.0,0.0,0.0,0.0,0.0,0.0,0.0,0.0,0.0,0.0,0.0,0.0,0.0,0.0,0.0,0.0,0.0,0.0,0.0,0.0,0.0,0.0,0.0,0.0,0.0,0.0,0.0,0.0,0.0,0.0,0.0,0.0,0.0,0.0,0.0,0.0,0.0,0.0,0.0,0.0,0.0,0.0,0.0,0.0,0.0,0.0,0.0,0.7999999999999545,2.0799999999999272,9.0,22.039999999999964,34.799999999999955,81.0,0.0,1000.4431372582912,1000.6274510025978,1000.7411764860153,2000.0392156876624,2000.4627451002598,2000.639215707779,2000.7568627595901,3000.086274512112,3000.3058823645115,3001.0,165.86029052734375,173.55795288085938,178.44728393554686,182.30841674804688,185.77315521240234,189.18280029296875,192.7471923828125,197.31307983398438,205.98727416992188,348.84832763671875,212.13951,2.0,test_data/Useful/Validation/Stone Dust at 1 ft/WhatsApp Image 2024-09-05 at 17.30.44.jpeg,6058.0,12.0,28.25214159277029
76,0.0,0.0,0.0,0.0,0.0,0.0,0.0,0.0,0.0,0.0,0.0,0.0,0.0,0.0,0.0,0.0,0.0,0.0,0.0,0.0,0.0,0.0,0.0,0.0,0.0,0.0,0.0,0.0,0.0,0.0,0.0,0.0,0.0,0.0,0.0,0.0,0.0,0.0,0.0,0.0,0.0,0.0,0.0,0.0,0.0,0.0,0.0,0.0,0.0,0.0,0.0,0.0,0.0,0.0,0.0,0.0,0.0,0.0,0.0,0.0,0.0,0.0,0.0,0.0,0.0,0.0,0.0,0.0,0.0,0.0,0.0,0.0,0.0,0.0,0.0,0.0,0.0,0.0,0.0,0.0,0.0,0.0,0.0,0.0,0.0,0.0,0.0,0.0,0.0,0.0,0.0,0.0,0.0,0.0,0.0,1.0,5.399999999999864,16.0,29.039999999999964,59.0,0.0,1000.4509803950787,1000.6313725709915,1000.745098054409,2000.137254908681,2000.474509805441,2000.6352941393852,2000.7411764860153,3000.074509806931,3000.298039227724,3001.0,165.42970275878906,173.19659423828125,178.15166168212892,182.066650390625,185.4653549194336,188.82659912109375,192.38279724121094,196.959716796875,205.6602783203125,348.87152099609375,211.94884,2.0,test_data/Useful/Validation/Stone Dust at 1 ft/WhatsApp Image 2024-09-05 at 17.30.45.jpeg,6009.0,9.0,36.197458477590516
77,0.0,0.0,0.0,0.0,0.0,0.0,0.0,0.0,0.0,0.0,0.0,0.0,0.0,0.0,0.0,0.0,0.0,0.0,0.0,0.0,0.0,0.0,0.0,0.0,0.0,0.0,0.0,0.0,0.0,0.0,0.0,0.0,0.0,0.0,0.0,0.0,0.0,0.0,0.0,0.0,0.0,0.0,0.0,0.0,0.0,0.0,0.0,0.0,0.0,0.0,0.0,0.0,0.0,0.0,0.0,0.0,0.0,0.0,0.0,0.0,0.0,0.0,0.0,0.0,0.0,0.0,0.0,0.0,0.0,0.0,0.0,0.0,0.0,0.0,0.0,0.0,0.0,0.0,0.0,0.0,0.0,0.0,0.0,0.0,0.0,0.0,0.0,0.0,0.0,0.0,0.0,0.0,0.0,0.0,3.0,8.079999999999927,12.0,17.079999999999927,24.0,55.0,0.0,1000.4352941215038,1000.6156862974167,1000.7294117808342,2000.0392156876624,2000.4705882370472,2000.639215707779,2000.7490196228027,3000.0823529437184,3000.298039227724,3001.0,165.77297973632812,173.44281005859375,178.3289337158203,182.15492248535156,185.6358642578125,189.0430450439453,192.67799377441406,197.26931762695312,206.09764099121094,348.80816650390625,212.24243,2.0,test_data/Useful/Validation/Stone Dust at 1 ft/WhatsApp Image 2024-09-05 at 17.30.46.jpeg,5959.0,11.0,33.26350166087137
78,0.0,0.0,0.0,0.0,0.0,0.0,0.0,0.0,0.0,0.0,0.0,0.0,0.0,0.0,0.0,0.0,0.0,0.0,0.0,0.0,0.0,0.0,0.0,0.0,0.0,0.0,0.0,0.0,0.0,0.0,0.0,0.0,0.0,0.0,0.0,0.0,0.0,0.0,0.0,0.0,0.0,0.0,0.0,0.0,0.0,0.0,0.0,0.0,0.0,0.0,0.0,0.0,0.0,0.0,0.0,0.0,0.0,0.0,0.0,0.0,0.0,0.0,0.0,0.0,0.0,0.0,0.0,0.0,0.0,0.0,0.0,0.0,0.0,0.0,0.0,0.0,0.0,0.0,0.0,0.0,0.0,0.0,0.0,0.0,0.0,0.0,0.0,0.0,0.0,0.0,0.0,0.0,2.0,3.0,9.799999999999955,14.0,19.0,29.0,35.039999999999964,52.0,0.0,1000.4431372582912,1000.6274510025978,1000.745098054409,2000.0901960805058,2000.4823529422283,2000.65098041296,2000.7647058963776,3000.101960785687,3000.3176470696926,3001.0,165.81615142822267,173.602783203125,178.5142044067383,182.40064697265626,185.8065643310547,189.153076171875,192.7364959716797,197.23306274414062,205.9517822265625,348.83984375,212.06741,2.0,test_data/Useful/Validation/Stone Dust at 1 ft/WhatsApp Image 2024-09-05 at 17.30.48.jpeg,5978.0,16.0,32.4155671199334
79,0.0,0.0,0.0,0.0,0.0,0.0,0.0,0.0,0.0,0.0,0.0,0.0,0.0,0.0,0.0,0.0,0.0,0.0,0.0,0.0,0.0,0.0,0.0,0.0,0.0,0.0,0.0,0.0,0.0,0.0,0.0,0.0,0.0,0.0,0.0,0.0,0.0,0.0,0.0,0.0,0.0,0.0,0.0,0.0,0.0,0.0,0.0,0.0,0.0,0.0,0.0,0.0,0.0,0.0,0.0,0.0,0.0,0.0,0.0,0.0,0.0,0.0,0.0,0.0,0.0,0.0,0.0,0.0,0.0,0.0,0.0,0.0,0.0,0.0,0.0,0.0,0.0,0.0,0.0,0.0,0.0,0.0,0.0,0.0,0.0,0.0,0.0,0.0,0.0,0.0,0.0,0.0,4.32000000000005,7.559999999999945,12.0,17.0,20.0,26.519999999999982,34.0,59.0,0.0,1000.447058826685,1000.6313725709915,1000.7490196228027,2000.137254908681,2000.486274510622,2000.6470588445663,2000.7529411911964,3000.0784313753247,3000.301960796118,3001.0,165.8777328491211,173.63516235351562,178.54063415527344,182.39205932617188,185.77783203125,189.10580444335938,192.6805419921875,197.25228881835938,205.99151611328125,348.8271789550781,211.9304,2.0,test_data/Useful/Validation/Stone Dust at 1 ft/WhatsApp Image 2024-09-05 at 17.30.53.jpeg,5921.0,18.0,25.236345482025683
80,0.0,0.0,0.0,0.0,0.0,0.0,0.0,0.0,0.0,0.0,0.0,0.0,0.0,0.0,0.0,0.0,0.0,0.0,0.0,0.0,0.0,0.0,0.0,0.0,0.0,0.0,0.0,0.0,0.0,0.0,0.0,0.0,0.0,0.0,0.0,0.0,0.0,0.0,0.0,0.0,0.0,0.0,0.0,0.0,0.0,0.0,0.0,0.0,0.0,0.0,0.0,0.0,0.0,0.0,0.0,0.0,0.0,0.0,0.0,0.0,0.0,0.0,0.0,0.0,0.0,0.0,0.0,0.0,0.0,0.0,0.0,0.0,0.0,0.0,0.0,0.0,0.0,0.0,0.0,0.0,0.0,0.0,0.0,0.0,0.0,0.0,0.0,0.0,0.0,0.0,0.0,0.0,0.0,0.0,0.0,1.0799999999999272,7.279999999999973,13.519999999999982,23.519999999999982,48.0,0.0,1000.4392156898975,1000.6196078658104,1000.7333333492279,2000.023529412225,2000.4549019634724,2000.6313725709915,2000.745098054409,3000.0784313753247,3000.301960796118,3001.0,165.48335876464844,173.1106384277344,178.02225494384766,181.93173217773438,185.40115356445312,188.74896850585938,192.3391540527344,196.97703247070314,205.7570037841797,348.88128662109375,211.95871,2.0,test_data/Useful/Validation/Stone Dust at 1 ft/WhatsApp Image 2024-09-05 at 17.30.55.jpeg,5954.0,9.0,33.69265649898431
81,0.0,0.0,0.0,0.0,0.0,0.0,0.0,0.0,0.0,0.0,0.0,0.0,0.0,0.0,0.0,0.0,0.0,0.0,0.0,0.0,0.0,0.0,0.0,0.0,0.0,0.0,0.0,0.0,0.0,0.0,0.0,0.0,0.0,0.0,0.0,0.0,0.0,0.0,0.0,0.0,0.0,0.0,0.0,0.0,0.0,0.0,0.0,0.0,0.0,0.0,0.0,0.0,0.0,0.0,0.0,0.0,0.0,0.0,0.0,0.0,0.0,0.0,0.0,0.0,0.0,0.0,0.0,0.0,0.0,0.0,0.0,0.0,0.0,0.0,0.0,0.0,0.0,0.0,0.0,0.0,0.0,0.0,0.0,0.0,0.0,0.0,0.0,0.0,0.0,0.0,0.0,0.0,0.0,0.0,0.0,0.0,10.279999999999973,20.039999999999964,31.319999999999936,51.0,0.0,1000.4509803950787,1000.6352941393852,1000.7529411911964,2000.1333333402872,2000.4901960790157,2000.65098041296,2000.7607843279839,3000.090196080506,3000.309803932905,3001.0,165.9477508544922,173.74964599609376,178.64614715576172,182.49940185546876,185.9192352294922,189.26052856445312,192.82735290527344,197.3306427001953,206.07534790039062,348.82794189453125,212.12775,2.0,test_data/Useful/Validation/Stone Dust at 1 ft/WhatsApp Image 2024-09-05 at 17.30.56.jpeg,5938.0,11.0,22.879639864129672
82,0.0,0.0,0.0,0.0,0.0,0.0,0.0,0.0,0.0,0.0,0.0,0.0,0.0,0.0,0.0,0.0,0.0,0.0,0.0,0.0,0.0,0.0,0.0,0.0,0.0,0.0,0.0,0.0,0.0,0.0,0.0,0.0,0.0,0.0,0.0,0.0,0.0,0.0,0.0,0.0,0.0,0.0,0.0,0.0,0.0,0.0,0.0,0.0,0.0,0.0,0.0,0.0,0.0,0.0,0.0,0.0,0.0,0.0,0.0,0.0,0.0,0.0,0.0,0.0,0.0,0.0,0.0,0.0,0.0,0.0,0.0,0.0,0.0,0.0,0.0,0.0,1.0,3.0,3.0,5.0,7.0,9.0,10.0,11.0,12.399999999999977,14.639999999999986,16.879999999999995,18.0,20.0,21.0,23.0,25.0,28.0,31.559999999999945,36.799999999999955,41.0,44.0,47.51999999999998,56.75999999999999,72.0,0.0,1000.4000000059605,1000.6039215922356,1000.7686274647713,2000.1215686276555,2000.3176470696926,2000.4823529422283,2000.6078431606293,2000.7215686440468,2000.8823529481888,3001.0,168.13578186035156,176.02228393554688,181.02259674072266,184.97510986328126,188.53162384033203,191.97398681640624,195.8468475341797,200.9772491455078,210.70559692382812,347.4464416503906,216.63338,2.0,test_data/Useful/Validation/Stone Dust at 1 ft/WhatsApp Image 2024-09-05 at 17.31.38.jpeg,5145.0,54.0,29.906667089639548
83,0.0,0.0,0.0,0.0,0.0,0.0,0.0,0.0,0.0,0.0,0.0,0.0,0.0,0.0,0.0,0.0,0.0,0.0,0.0,0.0,0.0,0.0,0.0,0.0,0.0,0.0,0.0,0.0,0.0,0.0,0.0,0.0,0.0,0.0,0.0,0.0,0.0,0.0,0.0,0.0,0.0,0.0,0.0,0.0,0.0,0.0,0.0,0.0,0.0,0.0,0.0,0.0,0.0,0.0,0.0,0.0,0.0,0.0,0.0,0.0,0.0,0.0,0.0,0.0,0.0,0.0,0.0,0.0,0.0,0.0,0.0,0.0,0.0,0.0,0.0,0.0,0.0,1.0,3.0,4.0,5.0,6.67999999999995,7.0,9.0,10.0,11.639999999999986,13.879999999999995,16.0,17.0,21.600000000000023,24.0,25.08000000000004,28.32000000000005,32.0,38.0,43.0,49.0,52.51999999999998,63.27999999999997,76.0,0.0,1000.3333333432674,1000.517647087574,1000.6470588445663,1000.7882353067398,2000.1529411822557,2000.364705890417,2000.5333333611488,2000.678431391716,2000.8588235378265,3001.0,168.24991607666016,175.99908447265625,180.96214294433594,184.94595336914062,188.46780395507812,191.9759521484375,195.83364868164062,200.8999481201172,210.60733032226562,347.4118347167969,216.31842,2.0,test_data/Useful/Validation/Stone Dust at 1 ft/WhatsApp Image 2024-09-05 at 17.31.39 (1).jpeg,5078.0,52.0,20.0
84,0.0,0.0,0.0,0.0,0.0,0.0,0.0,0.0,0.0,0.0,0.0,0.0,0.0,0.0,0.0,0.0,0.0,0.0,0.0,0.0,0.0,0.0,0.0,0.0,0.0,0.0,0.0,0.0,0.0,0.0,0.0,0.0,0.0,0.0,0.0,0.0,0.0,0.0,0.0,0.0,0.0,0.0,0.0,0.0,0.0,0.0,0.0,0.0,0.0,0.0,0.0,0.0,0.0,0.0,0.0,0.0,0.0,0.0,0.0,0.0,0.0,0.0,0.0,0.0,0.0,0.0,0.0,0.0,0.0,0.0,0.0,0.0,1.0,2.0,3.0,3.240000000000009,6.0,7.0,8.0,10.0,12.0,13.0,14.919999999999959,16.0,17.0,19.639999999999986,23.0,24.120000000000005,26.360000000000014,28.0,31.0,33.08000000000004,35.0,37.559999999999945,39.0,42.0,45.11999999999989,52.559999999999945,63.75999999999999,83.0,0.0,1000.3607843220234,1000.54509806633,1000.6901960968971,2000.0274509806186,2000.2666666805744,2000.4431372582912,2000.5803921818733,2000.705882370472,2000.89411765337,3001.0,168.29327392578125,176.01675415039062,180.99838256835938,184.94979858398438,188.4934539794922,192.06005859375,195.89874267578125,201.0294189453125,210.6704559326172,347.3670959472656,216.463,2.0,test_data/Useful/Validation/Stone Dust at 1 ft/WhatsApp Image 2024-09-05 at 17.31.39.jpeg,5114.0,63.0,29.402850925080607
85,0.0,0.0,0.0,0.0,0.0,0.0,0.0,0.0,0.0,0.0,0.0,0.0,0.0,0.0,0.0,0.0,0.0,0.0,0.0,0.0,0.0,0.0,0.0,0.0,0.0,0.0,0.0,0.0,0.0,0.0,0.0,0.0,0.0,0.0,0.0,0.0,0.0,0.0,0.0,0.0,0.0,0.0,0.0,0.0,0.0,0.0,0.0,0.0,0.0,0.0,0.0,0.0,0.0,0.0,0.0,0.0,0.0,0.0,0.0,0.0,0.0,0.0,0.0,0.0,0.0,0.0,0.0,0.0,0.0,0.0,0.0,0.0,0.0,0.0,0.0,0.0,0.0,1.0,2.0,4.0,5.0,6.67999999999995,8.0,10.0,10.399999999999977,12.639999999999986,15.0,17.0,21.0,22.0,24.0,26.08000000000004,29.0,32.0,34.0,37.039999999999964,38.27999999999997,47.0,52.75999999999999,75.0,0.0,1000.352941185236,1000.5411764979362,1000.678431391716,1000.8470588326454,2000.1921568661928,2000.3960784375668,2000.556862771511,2000.6941176652908,2000.8588235378265,3001.0,168.58893585205078,176.2921569824219,181.24932250976562,185.18040771484374,188.68441009521484,192.18916015625,196.0157897949219,201.17355346679688,210.7341766357422,347.38897705078125,216.39401,2.0,test_data/Useful/Validation/Stone Dust at 1 ft/WhatsApp Image 2024-09-05 at 17.31.40.jpeg,5130.0,51.0,31.05129222669809
86,0.0,0.0,0.0,0.0,0.0,0.0,0.0,0.0,0.0,0.0,0.0,0.0,0.0,0.0,0.0,0.0,0.0,0.0,0.0,0.0,0.0,0.0,0.0,0.0,0.0,0.0,0.0,0.0,0.0,0.0,0.0,0.0,0.0,0.0,0.0,0.0,0.0,0.0,0.0,0.0,0.0,0.0,0.0,0.0,0.0,0.0,0.0,0.0,0.0,0.0,0.0,0.0,0.0,0.0,0.0,0.0,0.0,0.0,0.0,0.0,0.0,0.0,0.0,0.0,0.0,0.0,0.0,0.0,0.0,0.0,0.0,0.0,0.0,0.0,0.0,0.0,0.0,0.0,1.0,2.0,4.0,5.67999999999995,8.0,10.0,11.399999999999977,12.0,14.0,15.0,18.0,19.600000000000023,21.0,24.08000000000004,26.0,28.559999999999945,30.799999999999955,38.039999999999964,46.27999999999997,50.51999999999998,59.0,77.0,0.0,1000.2901960909367,1000.4627451002598,1000.5882353186607,1000.6941176652908,1000.8196078538895,2000.1803921610117,2000.4392156898975,2000.6470588445663,2000.8745098114014,3001.0,168.60650634765625,176.36727905273438,181.35513305664062,185.28623657226564,188.83309936523438,192.29456176757813,196.129377746582,201.12232666015626,210.7791748046875,347.36773681640625,216.47574,2.0,test_data/Useful/Validation/Stone Dust at 1 ft/WhatsApp Image 2024-09-05 at 17.31.41 (1).jpeg,5104.0,49.0,29.842347645632987
87,0.0,0.0,0.0,0.0,0.0,0.0,0.0,0.0,0.0,0.0,0.0,0.0,0.0,0.0,0.0,0.0,0.0,0.0,0.0,0.0,0.0,0.0,0.0,0.0,0.0,0.0,0.0,0.0,0.0,0.0,0.0,0.0,0.0,0.0,0.0,0.0,0.0,0.0,0.0,0.0,0.0,0.0,0.0,0.0,0.0,0.0,0.0,0.0,0.0,0.0,0.0,0.0,0.0,0.0,0.0,0.0,0.0,0.0,0.0,0.0,0.0,0.0,0.0,0.0,0.0,0.0,0.0,0.0,0.0,0.0,0.0,0.0,0.0,1.0,2.0,3.0,4.480000000000018,6.0,7.960000000000036,8.0,9.0,10.0,11.919999999999959,13.0,14.0,17.0,18.0,21.0,24.0,25.0,28.0,30.08000000000004,32.0,34.0,38.0,40.039999999999964,43.559999999999945,49.07999999999993,57.0,76.0,0.0,1000.3098039329052,1000.4823529422283,1000.6039215922356,1000.7137255072594,1000.8784313797951,2000.2470588237047,2000.4823529422283,2000.6627451181412,2000.8627451062202,3001.0,168.42507934570312,176.1509552001953,181.14744567871094,185.08969116210938,188.602783203125,192.0447998046875,195.8609619140625,200.97801208496094,210.7017822265625,347.40789794921875,216.28,2.0,test_data/Useful/Validation/Stone Dust at 1 ft/WhatsApp Image 2024-09-05 at 17.31.41.jpeg,5102.0,61.0,28.097156750248093
88,0.0,0.0,0.0,0.0,0.0,0.0,0.0,0.0,0.0,0.0,0.0,0.0,0.0,0.0,0.0,0.0,0.0,0.0,0.0,0.0,0.0,0.0,0.0,0.0,0.0,0.0,0.0,0.0,0.0,0.0,0.0,0.0,0.0,0.0,0.0,0.0,0.0,0.0,0.0,0.0,0.0,0.0,0.0,0.0,0.0,0.0,0.0,0.0,0.0,0.0,0.0,0.0,0.0,0.0,0.0,0.0,0.0,0.0,0.0,0.0,0.0,0.0,0.0,0.0,0.0,0.0,0.0,0.0,0.0,0.0,0.0,0.0,0.0,0.0,0.0,0.0,0.0,0.0,0.0,0.0,0.0,0.0,0.0,0.0,0.0,0.0,0.0,0.0,0.0,0.0,1.8400000000000318,2.080000000000041,5.0,8.0,12.799999999999955,20.0,24.279999999999973,30.039999999999964,41.0,51.0,0.0,1000.2823529541492,1000.4235294163227,1000.5294117927551,1000.6196078658104,1000.6980392336845,1000.8078431487083,2000.4274509847164,2000.6901960968971,3000.2196078449488,3001.0,167.74249267578125,175.42938232421875,180.40574645996094,184.36426696777343,187.91506958007812,191.40877685546874,195.27823944091796,200.46945190429688,210.3811798095703,348.17193603515625,215.6452,2.0,test_data/Useful/Validation/Stone Dust at 1 ft/WhatsApp Image 2024-09-05 at 17.31.42 (1).jpeg,6115.0,20.0,28.911206682846398
89,0.0,0.0,0.0,0.0,0.0,0.0,0.0,0.0,0.0,0.0,0.0,0.0,0.0,0.0,0.0,0.0,0.0,0.0,0.0,0.0,0.0,0.0,0.0,0.0,0.0,0.0,0.0,0.0,0.0,0.0,0.0,0.0,0.0,0.0,0.0,0.0,0.0,0.0,0.0,0.0,0.0,0.0,0.0,0.0,0.0,0.0,0.0,0.0,0.0,0.0,0.0,0.0,0.0,0.0,0.0,0.0,0.0,0.0,0.0,0.0,0.0,0.0,0.0,0.0,0.0,0.0,0.0,0.0,0.0,0.0,0.0,0.0,0.0,0.0,0.0,0.0,0.0,0.0,0.0,0.0,0.0,0.0,0.0,0.0,0.0,0.0,0.0,0.0,0.0,2.0,4.840000000000032,8.080000000000041,11.32000000000005,15.0,17.0,21.039999999999964,27.0,33.0,36.75999999999999,61.0,0.0,1000.2784313857555,1000.4235294163227,1000.5333333611488,1000.6235294342041,1000.7098039388657,1000.8549019694328,2000.4666666686535,2000.6823529601097,3000.1843137294054,3001.0,167.50360107421875,175.21902465820312,180.18348693847656,184.20838928222656,187.7781982421875,191.29886474609376,195.22436065673827,200.4842041015625,210.39288330078125,348.13958740234375,215.86847,2.0,test_data/Useful/Validation/Stone Dust at 1 ft/WhatsApp Image 2024-09-05 at 17.31.42.jpeg,6030.0,25.0,22.287240717210974
90,0.0,0.0,0.0,0.0,0.0,0.0,0.0,0.0,0.0,0.0,0.0,0.0,0.0,0.0,0.0,0.0,0.0,0.0,0.0,0.0,0.0,0.0,0.0,0.0,0.0,0.0,0.0,0.0,0.0,0.0,0.0,0.0,0.0,0.0,0.0,0.0,0.0,0.0,0.0,0.0,0.0,0.0,0.0,0.0,0.0,0.0,0.0,0.0,0.0,0.0,0.0,0.0,0.0,0.0,0.0,0.0,0.0,0.0,0.0,0.0,0.0,0.0,0.0,0.0,0.0,0.0,0.0,0.0,0.0,0.0,0.0,0.0,0.0,0.0,0.0,0.0,0.0,0.0,0.0,0.0,0.0,0.0,0.0,0.0,0.0,0.0,0.0,0.0,2.3600000000000136,5.0,6.0,10.0,11.32000000000005,13.559999999999945,17.0,23.0,25.0,29.519999999999982,38.83999999999992,51.0,0.0,1000.2941176593304,1000.4509803950787,1000.5686274766922,1000.6666666865349,1000.7764706015587,2000.2705882489681,2000.517647087574,2000.678431391716,3000.0980392172933,3001.0,167.76974487304688,175.52992248535156,180.4711151123047,184.41751098632812,188.00820922851562,191.50808715820312,195.43470764160156,200.65492248535156,210.45274353027344,348.0605773925781,216.0328,2.0,test_data/Useful/Validation/Stone Dust at 1 ft/WhatsApp Image 2024-09-05 at 17.31.43 (1).jpeg,5931.0,24.0,30.412544219269826
91,0.0,0.0,0.0,0.0,0.0,0.0,0.0,0.0,0.0,0.0,0.0,0.0,0.0,0.0,0.0,0.0,0.0,0.0,0.0,0.0,0.0,0.0,0.0,0.0,0.0,0.0,0.0,0.0,0.0,0.0,0.0,0.0,0.0,0.0,0.0,0.0,0.0,0.0,0.0,0.0,0.0,0.0,0.0,0.0,0.0,0.0,0.0,0.0,0.0,0.0,0.0,0.0,0.0,0.0,0.0,0.0,0.0,0.0,0.0,0.0,0.0,0.0,0.0,0.0,0.0,0.0,0.0,0.0,0.0,0.0,0.0,0.0,0.0,0.0,0.0,0.0,0.0,0.0,0.0,0.0,0.0,0.0,0.0,0.0,0.0,0.0,0.0,0.0,1.0,2.0,5.0,7.080000000000041,11.32000000000005,16.0,20.799999999999955,26.039999999999964,30.279999999999973,34.0,41.0,54.0,0.0,1000.3843137323856,1000.5647059082985,1000.6980392336845,2000.1411764770746,2000.352941185236,2000.4941176474094,2000.6039215922356,2000.6980392336845,2000.8588235378265,3000.9960784316063,167.47561492919922,175.165771484375,180.19525146484375,184.20416259765625,187.72970581054688,191.2635040283203,195.16342010498047,200.3608825683594,210.3753662109375,348.16143798828125,215.67612,2.0,test_data/Useful/Validation/Stone Dust at 1 ft/WhatsApp Image 2024-09-05 at 17.31.43.jpeg,6006.0,26.0,27.842111437719012
92,0.0,0.0,0.0,0.0,0.0,0.0,0.0,0.0,0.0,0.0,0.0,0.0,0.0,0.0,0.0,0.0,0.0,0.0,0.0,0.0,0.0,0.0,0.0,0.0,0.0,0.0,0.0,0.0,0.0,0.0,0.0,0.0,0.0,0.0,0.0,0.0,0.0,0.0,0.0,0.0,0.0,0.0,0.0,0.0,0.0,0.0,0.0,0.0,0.0,0.0,0.0,0.0,0.0,0.0,0.0,0.0,0.0,0.0,0.0,0.0,0.0,0.0,0.0,0.0,0.0,0.0,0.0,0.0,0.0,0.0,0.0,0.0,0.0,0.0,0.0,0.0,0.0,0.0,0.0,0.0,0.0,0.0,0.0,0.0,1.0,2.6399999999999864,3.0,6.1200000000000045,9.0,10.0,13.0,14.080000000000041,16.0,17.559999999999945,20.0,23.039999999999964,30.0,35.559999999999945,45.75999999999999,68.0,0.0,1000.2823529541492,1000.4313725531101,1000.54509806633,1000.6392157077789,1000.7294117808342,2000.1058823540807,2000.4901960790157,2000.6862745285034,3000.160784319043,3001.0,168.04485778808595,175.63583068847657,180.6468933105469,184.57172241210938,188.09210968017578,191.60161743164062,195.5148941040039,200.70932006835938,210.6737518310547,348.0257873535156,215.97801,2.0,test_data/Useful/Validation/Stone Dust at 1 ft/WhatsApp Image 2024-09-05 at 17.31.44 (1).jpeg,5875.0,32.0,32.1855686562683
93,0.0,0.0,0.0,0.0,0.0,0.0,0.0,0.0,0.0,0.0,0.0,0.0,0.0,0.0,0.0,0.0,0.0,0.0,0.0,0.0,0.0,0.0,0.0,0.0,0.0,0.0,0.0,0.0,0.0,0.0,0.0,0.0,0.0,0.0,0.0,0.0,0.0,0.0,0.0,0.0,0.0,0.0,0.0,0.0,0.0,0.0,0.0,0.0,0.0,0.0,0.0,0.0,0.0,0.0,0.0,0.0,0.0,0.0,0.0,0.0,0.0,0.0,0.0,0.0,0.0,0.0,0.0,0.0,0.0,0.0,0.0,0.0,0.0,0.0,0.0,0.0,0.0,0.0,0.0,0.0,0.0,0.0,0.0,0.0,0.0,0.0,0.0,0.0,0.0,0.0,0.0,2.0,5.0,7.559999999999945,11.799999999999955,15.039999999999964,17.839999999999918,25.519999999999982,30.0,51.0,0.0,1000.2705882489681,1000.4078431427479,1000.517647087574,1000.6078431606293,1000.6862745285034,1000.7764706015587,2000.3098039329052,2000.639215707779,3000.1411764770746,3001.0,168.10348205566407,175.76467590332032,180.77572326660157,184.785595703125,188.30177307128906,191.74954223632812,195.64019775390625,200.85107421875,210.72918701171875,348.03887939453125,216.14906,2.0,test_data/Useful/Validation/Stone Dust at 1 ft/WhatsApp Image 2024-09-05 at 17.31.44.jpeg,5954.0,16.0,34.86523645573482
94,0.0,0.0,0.0,0.0,0.0,0.0,0.0,0.0,0.0,0.0,0.0,0.0,0.0,0.0,0.0,0.0,0.0,0.0,0.0,0.0,0.0,0.0,0.0,0.0,0.0,0.0,0.0,0.0,0.0,0.0,0.0,0.0,0.0,0.0,0.0,0.0,0.0,0.0,0.0,0.0,0.0,0.0,0.0,0.0,0.0,0.0,0.0,0.0,0.0,0.0,0.0,0.0,0.0,0.0,0.0,0.0,0.0,0.0,0.0,0.0,0.0,0.0,0.0,0.0,0.0,0.0,0.0,0.0,0.0,0.0,0.0,0.0,0.0,0.0,0.0,0.0,0.0,0.0,0.0,0.0,0.0,0.0,0.0,0.0,0.0,0.0,0.0,1.1200000000000045,4.0,7.0,8.0,9.080000000000041,14.0,16.0,20.799999999999955,23.039999999999964,25.279999999999973,32.559999999999945,44.799999999999955,73.0,0.0,1000.3058823645115,1000.4705882370472,1000.5921568870544,1000.6901960968971,1000.811764717102,2000.3294117748737,2000.556862771511,2000.705882370472,3000.1254902035,3001.0,167.8145309448242,175.61056518554688,180.6201171875,184.60195922851562,188.1724090576172,191.6524658203125,195.48487396240233,200.673583984375,210.43417358398438,348.0946350097656,216.07237,2.0,test_data/Useful/Validation/Stone Dust at 1 ft/WhatsApp Image 2024-09-05 at 17.31.45 (1).jpeg,5841.0,27.0,34.56498674931409
95,0.0,0.0,0.0,0.0,0.0,0.0,0.0,0.0,0.0,0.0,0.0,0.0,0.0,0.0,0.0,0.0,0.0,0.0,0.0,0.0,0.0,0.0,0.0,0.0,0.0,0.0,0.0,0.0,0.0,0.0,0.0,0.0,0.0,0.0,0.0,0.0,0.0,0.0,0.0,0.0,0.0,0.0,0.0,0.0,0.0,0.0,0.0,0.0,0.0,0.0,0.0,0.0,0.0,0.0,0.0,0.0,0.0,0.0,0.0,0.0,0.0,0.0,0.0,0.0,0.0,0.0,0.0,0.0,0.0,0.0,0.0,0.0,0.0,0.0,0.0,0.0,0.0,0.0,0.0,0.0,0.0,0.0,0.0,0.0,0.0,0.0,0.0,1.0,3.0,5.0,7.840000000000032,9.0,12.0,16.0,20.0,23.0,27.279999999999973,33.0,42.75999999999999,68.0,0.0,1000.2823529541492,1000.4313725531101,1000.54509806633,1000.6352941393852,1000.7254902124405,2000.043137256056,2000.4784313738346,2000.6862745285034,3000.160784319043,3000.988235294819,167.69767303466796,175.44847412109374,180.42864532470702,184.3656494140625,187.94808197021484,191.47962951660156,195.3699493408203,200.5997314453125,210.52584838867188,348.0693054199219,216.11844,2.0,test_data/Useful/Validation/Stone Dust at 1 ft/WhatsApp Image 2024-09-05 at 17.31.45.jpeg,5846.0,27.0,26.079679711003383
96,0.0,0.0,0.0,0.0,0.0,0.0,0.0,0.0,0.0,0.0,0.0,0.0,0.0,0.0,0.0,0.0,0.0,0.0,0.0,0.0,0.0,0.0,0.0,0.0,0.0,0.0,0.0,0.0,0.0,0.0,0.0,0.0,0.0,0.0,0.0,0.0,0.0,0.0,0.0,0.0,0.0,0.0,0.0,0.0,0.0,0.0,0.0,0.0,0.0,0.0,0.0,0.0,0.0,0.0,0.0,0.0,0.0,0.0,0.0,0.0,0.0,0.0,0.0,0.0,0.0,0.0,0.0,0.0,0.0,0.0,0.0,0.0,0.0,0.0,0.0,0.0,0.0,0.0,0.0,0.0,0.0,0.0,0.0,0.0,0.0,0.0,0.0,0.0,0.0,0.0,0.0,3.080000000000041,5.32000000000005,9.0,13.599999999999909,17.039999999999964,24.0,28.519999999999982,36.75999999999999,69.0,0.0,1000.3058823645115,1000.4666666686535,1000.5882353186607,1000.6901960968971,1000.8431372642517,2000.352941185236,2000.5529412031174,2000.6941176652908,3000.101960785687,3000.9960784316063,167.70816497802736,175.46754150390626,180.50154724121094,184.44695434570312,187.99185180664062,191.53423767089845,195.44149169921874,200.5494171142578,210.5762481689453,348.0639343261719,216.07037,2.0,test_data/Useful/Validation/Stone Dust at 1 ft/WhatsApp Image 2024-09-05 at 17.31.46.jpeg,5925.0,20.0,27.330695093193267
97,0.0,0.0,0.0,0.0,0.0,0.0,0.0,0.0,0.0,0.0,0.0,0.0,0.0,0.0,0.0,0.0,0.0,0.0,0.0,0.0,0.0,0.0,0.0,0.0,0.0,0.0,0.0,0.0,0.0,0.0,0.0,0.0,0.0,0.0,0.0,0.0,0.0,0.0,0.0,0.0,0.0,0.0,0.0,0.0,0.0,0.0,0.0,0.0,0.0,0.0,0.0,0.0,0.0,0.0,0.0,0.0,0.0,0.0,0.0,0.0,0.0,0.0,0.0,0.0,0.0,0.0,0.0,0.0,0.0,0.0,0.0,0.0,0.0,0.0,0.0,0.0,0.0,0.0,0.0,0.0,0.0,0.0,0.0,0.0,0.0,0.0,3.0,5.0,6.0,7.0,8.0,10.0,11.32000000000005,14.559999999999945,16.0,23.079999999999927,29.279999999999973,34.039999999999964,41.51999999999998,52.0,0.0,1000.4352941215038,1000.6274510025978,1000.811764717102,2000.2470588237047,2000.4039215743542,2000.5215686559677,2000.6156862974167,2000.6980392336845,2000.8078431487083,3001.0,168.03622436523438,175.6816650390625,180.64257507324217,184.6026397705078,188.12366485595703,191.62936401367188,195.45353240966796,200.66590576171876,210.7762451171875,348.0328674316406,216.39078,2.0,test_data/Useful/Validation/Stone Dust at 1 ft/WhatsApp Image 2024-09-05 at 17.31.47 (1).jpeg,5786.0,28.0,30.01580322287114
98,0.0,0.0,0.0,0.0,0.0,0.0,0.0,0.0,0.0,0.0,0.0,0.0,0.0,0.0,0.0,0.0,0.0,0.0,0.0,0.0,0.0,0.0,0.0,0.0,0.0,0.0,0.0,0.0,0.0,0.0,0.0,0.0,0.0,0.0,0.0,0.0,0.0,0.0,0.0,0.0,0.0,0.0,0.0,0.0,0.0,0.0,0.0,0.0,0.0,0.0,0.0,0.0,0.0,0.0,0.0,0.0,0.0,0.0,0.0,0.0,0.0,0.0,0.0,0.0,0.0,0.0,0.0,0.0,0.0,0.0,0.0,0.0,0.0,0.0,0.0,0.0,0.0,0.0,0.0,0.0,0.0,0.0,0.0,0.0,0.0,0.0,0.0,0.0,1.0,3.0,5.0,6.080000000000041,9.32000000000005,12.559999999999945,17.59999999999991,25.039999999999964,35.27999999999997,39.0,46.0,58.0,0.0,1000.4627451002598,1000.6549019813538,2000.101960785687,2000.2941176593304,2000.4313725531101,2000.5372549295425,2000.6274510025978,2000.705882370472,2000.8274509906769,3001.0,168.01527404785156,175.65054321289062,180.68951416015625,184.66734313964844,188.163330078125,191.69683227539062,195.56134033203125,200.7088623046875,210.73692321777344,348.02728271484375,215.98381,2.0,test_data/Useful/Validation/Stone Dust at 1 ft/WhatsApp Image 2024-09-05 at 17.31.47.jpeg,5766.0,27.0,32.59927461050529
99,0.0,0.0,0.0,0.0,0.0,0.0,0.0,0.0,0.0,0.0,0.0,0.0,0.0,0.0,0.0,0.0,0.0,0.0,0.0,0.0,0.0,0.0,0.0,0.0,0.0,0.0,0.0,0.0,0.0,0.0,0.0,0.0,0.0,0.0,0.0,0.0,0.0,0.0,0.0,0.0,0.0,0.0,0.0,0.0,0.0,0.0,0.0,0.0,0.0,0.0,0.0,0.0,0.0,0.0,0.0,0.0,0.0,0.0,0.0,0.0,0.0,0.0,0.0,0.0,0.0,0.0,0.0,0.0,0.0,0.0,0.0,0.0,0.0,0.0,0.0,0.0,0.0,0.0,0.0,0.0,0.0,0.0,0.0,0.0,0.0,0.0,0.0,0.0,0.0,0.0,3.840000000000032,7.0,11.32000000000005,15.559999999999945,20.0,26.079999999999927,30.0,34.039999999999964,39.75999999999999,92.0,0.0,1000.2901960909367,1000.4235294163227,1000.5254902243614,1000.611764729023,1000.6941176652908,1000.811764717102,2000.4000000059605,2000.6431372761726,3000.1450980454683,3001.0,167.7651596069336,175.44073486328125,180.4857177734375,184.44851684570312,187.9910888671875,191.43893432617188,195.30458068847656,200.4688262939453,210.41795349121094,348.0474853515625,215.89307,2.0,test_data/Useful/Validation/Stone Dust at 1 ft/WhatsApp Image 2024-09-05 at 17.31.48 (1).jpeg,5884.0,24.0,28.39339325902142
100,0.0,0.0,0.0,0.0,0.0,0.0,0.0,0.0,0.0,0.0,0.0,0.0,0.0,0.0,0.0,0.0,0.0,0.0,0.0,0.0,0.0,0.0,0.0,0.0,0.0,0.0,0.0,0.0,0.0,0.0,0.0,0.0,0.0,0.0,0.0,0.0,0.0,0.0,0.0,0.0,0.0,0.0,0.0,0.0,0.0,0.0,0.0,0.0,0.0,0.0,0.0,0.0,0.0,0.0,0.0,0.0,0.0,0.0,0.0,0.0,0.0,0.0,0.0,0.0,0.0,0.0,0.0,0.0,0.0,0.0,0.0,0.0,0.0,0.0,0.0,0.0,0.0,0.0,0.0,0.0,0.0,0.0,0.0,0.0,0.0,0.0,0.0,0.0,0.0,0.0,0.0,0.0,0.0,2.0,6.0,12.079999999999927,18.679999999999836,25.0,34.27999999999997,67.0,0.0,1000.2901960909367,1000.4274509847164,1000.5294117927551,1000.611764729023,1000.6901960968971,1000.7921568751335,2000.3411764800549,2000.6313725709915,3000.1450980454683,3001.0,167.6544189453125,175.42601013183594,180.4068603515625,184.37710571289062,187.91477966308594,191.4448974609375,195.33572387695312,200.58369140625,210.35238647460938,348.0594177246094,215.736,2.0,test_data/Useful/Validation/Stone Dust at 1 ft/WhatsApp Image 2024-09-05 at 17.31.48.jpeg,5886.0,15.0,29.225553246883443
101,0.0,0.0,0.0,0.0,0.0,0.0,0.0,0.0,0.0,0.0,0.0,0.0,0.0,0.0,0.0,0.0,0.0,0.0,0.0,0.0,0.0,0.0,0.0,0.0,0.0,0.0,0.0,0.0,0.0,0.0,0.0,0.0,0.0,0.0,0.0,0.0,0.0,0.0,0.0,0.0,0.0,0.0,0.0,0.0,0.0,0.0,0.0,0.0,0.0,0.0,0.0,0.0,0.0,0.0,0.0,0.0,0.0,0.0,0.0,0.0,0.0,0.0,0.0,0.0,0.0,0.0,0.0,0.0,0.0,0.0,0.0,0.0,0.0,0.0,0.0,0.0,0.0,0.0,0.0,0.0,0.0,0.0,0.0,0.0,0.0,0.0,0.0,0.0,0.0,0.0,2.0,5.080000000000041,9.32000000000005,12.0,14.799999999999955,19.0,29.279999999999973,38.51999999999998,44.51999999999998,73.0,0.0,1000.2901960909367,1000.4235294163227,1000.5254902243614,1000.6078431606293,1000.6862745285034,1000.8078431487083,2000.3882353007793,2000.6274510025978,3000.113725490868,3000.9921568632126,167.616943359375,175.37273254394532,180.30928649902344,184.27437744140624,187.79570770263672,191.3711364746094,195.28128967285156,200.51734008789063,210.2825164794922,348.0318908691406,215.7855,2.0,test_data/Useful/Validation/Stone Dust at 1 ft/WhatsApp Image 2024-09-05 at 17.31.49 (1).jpeg,5932.0,22.0,30.141468474068592
102,0.0,0.0,0.0,0.0,0.0,0.0,0.0,0.0,0.0,0.0,0.0,0.0,0.0,0.0,0.0,0.0,0.0,0.0,0.0,0.0,0.0,0.0,0.0,0.0,0.0,0.0,0.0,0.0,0.0,0.0,0.0,0.0,0.0,0.0,0.0,0.0,0.0,0.0,0.0,0.0,0.0,0.0,0.0,0.0,0.0,0.0,0.0,0.0,0.0,0.0,0.0,0.0,0.0,0.0,0.0,0.0,0.0,0.0,0.0,0.0,0.0,0.0,0.0,0.0,0.0,0.0,1.0,2.0,3.0,4.0,5.039999999999964,7.0,8.0,9.0,10.0,12.0,13.0,14.0,15.0,16.0,18.0,19.0,20.91999999999996,22.0,23.0,25.0,27.0,29.0,31.0,33.0,34.0,36.08000000000004,39.0,42.559999999999945,45.799999999999955,50.0,52.27999999999997,56.0,64.75999999999999,77.0,0.0,1000.65098041296,2000.1215686276555,2000.313725501299,2000.4235294163227,2000.5058823823929,2000.5647059082985,2000.6196078658104,2000.6666666865349,2000.7294117808342,3000.921568632126,169.50911865234374,177.2765686035156,182.23970642089844,186.16118164062502,189.60103607177734,193.00048828125,196.7444610595703,201.68275451660156,211.37794494628906,346.94842529296875,217.08246,2.0,test_data/Useful/Validation/Stone Dust at 1 ft/WhatsApp Image 2024-09-05 at 17.32.20 (1).jpeg,4293.0,70.0,28.718804556052184
103,0.0,0.0,0.0,0.0,0.0,0.0,0.0,0.0,0.0,0.0,0.0,0.0,0.0,0.0,0.0,0.0,0.0,0.0,0.0,0.0,0.0,0.0,0.0,0.0,0.0,0.0,0.0,0.0,0.0,0.0,0.0,0.0,0.0,0.0,0.0,0.0,0.0,0.0,0.0,0.0,0.0,0.0,0.0,0.0,0.0,0.0,0.0,0.0,0.0,0.0,0.0,0.0,0.0,0.0,0.0,0.0,0.0,0.0,0.0,0.0,0.0,0.0,0.0,0.0,0.0,1.8400000000000318,3.0,4.0,5.0,5.0,7.0,7.0,8.0,9.0,11.0,12.0,13.0,14.0,15.960000000000036,17.0,18.0,19.0,20.0,21.159999999999968,24.0,25.0,27.0,28.120000000000005,29.720000000000027,33.0,34.0,37.08000000000004,40.0,41.0,43.799999999999955,49.0,50.0,53.0,61.75999999999999,77.0,0.0,1000.7215686440468,2000.1921568661928,2000.3450980484486,2000.4431372582912,2000.517647087574,2000.5764706134796,2000.623529434204,2000.678431391716,2000.745098054409,3000.972549021244,169.41677856445312,177.14083862304688,182.1034393310547,186.07681274414062,189.5638427734375,193.02508544921875,196.7919158935547,201.74668884277344,211.3440704345703,346.90936279296875,217.24359,2.0,test_data/Useful/Validation/Stone Dust at 1 ft/WhatsApp Image 2024-09-05 at 17.32.20.jpeg,4338.0,74.0,29.636301102627808
104,0.0,0.0,0.0,0.0,0.0,0.0,0.0,0.0,0.0,0.0,0.0,0.0,0.0,0.0,0.0,0.0,0.0,0.0,0.0,0.0,0.0,0.0,0.0,0.0,0.0,0.0,0.0,0.0,0.0,0.0,0.0,0.0,0.0,0.0,0.0,0.0,0.0,0.0,0.0,0.0,0.0,0.0,0.0,0.0,0.0,0.0,0.0,0.0,0.0,0.0,0.0,0.0,0.0,0.0,0.0,0.0,0.0,0.0,0.0,0.0,0.0,0.0,0.0,0.0,0.0,0.0,0.0,0.0,0.0,0.0,0.0,0.0,1.5199999999999818,3.0,4.0,5.0,7.0,8.0,9.0,10.0,11.0,12.67999999999995,15.0,16.0,18.0,18.639999999999986,20.0,21.120000000000005,23.0,24.600000000000023,25.0,26.0,28.0,31.559999999999945,34.0,39.0,43.0,48.0,53.75999999999999,66.0,0.0,1000.5490196347237,1000.6745098233223,1000.7294117808342,1000.7647058963776,1000.8078431487083,2000.4823529422283,3000.054901961237,3000.364705890417,3000.560784339905,3001.0,167.07749938964844,174.7737274169922,179.77513427734374,183.76449584960938,187.2910614013672,190.7034912109375,194.40679931640625,199.23480224609375,208.23538208007812,348.5159912109375,214.0793,2.0,test_data/Useful/Validation/Stone Dust at 1 ft/WhatsApp Image 2024-09-05 at 17.32.21 (1).jpeg,3666.0,59.0,29.494276361807728
0,0.0,0.0,0.0,0.0,0.0,0.0,0.0,0.0,0.0,0.0,0.0,0.0,0.0,0.0,0.0,0.0,0.0,0.0,0.0,0.0,0.0,0.0,0.0,0.0,0.0,0.0,0.0,0.0,0.0,0.0,0.0,0.0,0.0,0.0,0.0,0.0,0.0,0.0,0.0,0.0,0.0,0.0,0.0,0.0,0.0,0.0,0.0,0.0,0.0,0.0,0.0,0.0,0.0,0.0,0.0,0.0,0.0,0.0,0.0,0.0,0.0,0.0,0.0,0.0,0.0,0.0,0.0,0.0,0.0,0.0,0.0,0.0,0.0,0.0,0.0,0.0,0.0,0.0,0.0,0.0,0.0,0.0,0.0,0.0,0.0,0.0,0.0,0.0,0.0,0.0,0.0,0.08000000000004093,2.0,4.0,10.799999999999955,16.0,21.279999999999973,26.039999999999964,40.039999999999964,59.0,0.0,1000.4117647111416,1000.6666666865349,1000.8862745165825,2000.2941176593304,2000.4431372582912,2000.5529412031174,2000.6470588445663,2000.7215686440468,2000.8039215803146,3001.0,169.74386596679688,177.49427795410156,182.39198303222656,186.30140075683593,189.78018951416016,193.1985290527344,196.8306671142578,201.4864959716797,209.9715576171875,348.33612060546875,214.7847,0.0,test_data/Useful/Validation/Three eight at 1ft/IMG-20240918-WA0055.jpg,6226.0,18.0,25.318943673949043
1,0.0,0.0,0.0,0.0,0.0,0.0,0.0,0.0,0.0,0.0,0.0,0.0,0.0,0.0,0.0,0.0,0.0,0.0,0.0,0.0,0.0,0.0,0.0,0.0,0.0,0.0,0.0,0.0,0.0,0.0,0.0,0.0,0.0,0.0,0.0,0.0,0.0,0.0,0.0,0.0,0.0,0.0,0.0,0.0,0.0,0.0,0.0,0.0,0.0,0.0,0.0,0.0,0.0,0.0,0.0,0.0,0.0,0.0,0.0,0.0,0.0,0.0,0.0,0.0,0.0,0.0,0.0,0.0,0.0,0.0,0.0,0.0,0.0,0.0,0.0,0.0,0.0,0.0,0.0,0.0,0.0,0.0,0.0,0.0,0.0,0.0,0.0,0.0,0.0,0.0,0.0,0.0,0.0,0.0,0.0,4.0,12.279999999999973,18.11999999999989,31.519999999999982,46.0,0.0,1000.4117647111416,1000.6745098233223,1000.933333337307,2000.3058823645115,2000.447058826685,2000.556862771511,2000.6470588445663,2000.7215686440468,2000.800000011921,3001.0,169.77877807617188,177.4935760498047,182.40889892578124,186.27269287109374,189.7399139404297,193.12104187011718,196.72793426513672,201.4543212890625,209.9037322998047,348.3198547363281,214.8453,0.0,test_data/Useful/Validation/Three eight at 1ft/IMG-20240918-WA0056.jpg,6221.0,11.0,29.90706718957888
2,0.0,0.0,0.0,0.0,0.0,0.0,0.0,0.0,0.0,0.0,0.0,0.0,0.0,0.0,0.0,0.0,0.0,0.0,0.0,0.0,0.0,0.0,0.0,0.0,0.0,0.0,0.0,0.0,0.0,0.0,0.0,0.0,0.0,0.0,0.0,0.0,0.0,0.0,0.0,0.0,0.0,0.0,0.0,0.0,0.0,0.0,0.0,0.0,0.0,0.0,0.0,0.0,0.0,0.0,0.0,0.0,0.0,0.0,0.0,0.0,0.0,0.0,0.0,0.0,0.0,0.0,0.0,0.0,0.0,0.0,0.0,0.0,0.0,0.0,0.0,0.0,0.0,0.0,0.0,0.0,0.0,0.0,0.0,0.0,0.0,0.0,0.0,0.0,0.0,0.0,0.0,0.0,0.0,2.5599999999999454,7.0,12.0,20.279999999999973,25.039999999999964,34.27999999999997,52.0,0.0,1000.4431372582912,1000.7333333492279,2000.1647058874369,2000.3568627536297,2000.474509805441,2000.5764706134796,2000.6588235497475,2000.7294117808342,2000.8078431487083,3001.0,169.76272583007812,177.51527404785156,182.44906616210938,186.355224609375,189.81006622314453,193.17374267578126,196.7755615234375,201.39840698242188,209.94041442871094,348.264892578125,215.002,0.0,test_data/Useful/Validation/Three eight at 1ft/IMG-20240918-WA0057.jpg,6122.0,14.0,28.137214728358597
3,0.0,0.0,0.0,0.0,0.0,0.0,0.0,0.0,0.0,0.0,0.0,0.0,0.0,0.0,0.0,0.0,0.0,0.0,0.0,0.0,0.0,0.0,0.0,0.0,0.0,0.0,0.0,0.0,0.0,0.0,0.0,0.0,0.0,0.0,0.0,0.0,0.0,0.0,0.0,0.0,0.0,0.0,0.0,0.0,0.0,0.0,0.0,0.0,0.0,0.0,0.0,0.0,0.0,0.0,0.0,0.0,0.0,0.0,0.0,0.0,0.0,0.0,0.0,0.0,0.0,0.0,0.0,0.0,0.0,0.0,0.0,0.0,0.0,0.0,0.0,0.0,0.0,0.0,0.0,0.0,0.0,0.0,0.0,0.0,0.0,0.0,0.0,0.0,0.0,0.0,0.0,0.0,2.0,4.0,9.799999999999955,16.039999999999964,22.0,30.519999999999982,46.27999999999997,63.0,0.0,1000.5372549295425,1000.8627451062202,2000.258823543787,2000.4039215743542,2000.5098039507866,2000.6000000238419,2000.6745098233223,2000.7411764860153,2000.8156862854958,3001.0,170.06263732910156,177.84332275390625,182.69382934570314,186.5772674560547,190.0232391357422,193.3734130859375,196.95563201904298,201.59117126464844,209.89898681640625,348.3070373535156,214.96439,0.0,test_data/Useful/Validation/Three eight at 1ft/IMG-20240918-WA0058.jpg,6096.0,17.0,25.606258544395175
4,0.0,0.0,0.0,0.0,0.0,0.0,0.0,0.0,0.0,0.0,0.0,0.0,0.0,0.0,0.0,0.0,0.0,0.0,0.0,0.0,0.0,0.0,0.0,0.0,0.0,0.0,0.0,0.0,0.0,0.0,0.0,0.0,0.0,0.0,0.0,0.0,0.0,0.0,0.0,0.0,0.0,0.0,0.0,0.0,0.0,0.0,0.0,0.0,0.0,0.0,0.0,0.0,0.0,0.0,0.0,0.0,0.0,0.0,0.0,0.0,0.0,0.0,0.0,0.0,0.0,0.0,0.0,0.0,0.0,0.0,0.0,0.0,0.0,0.0,0.0,0.0,0.0,0.0,0.0,0.0,0.0,0.0,0.0,0.0,0.0,0.0,0.0,0.0,0.0,0.0,0.0,0.0,0.0,0.0,1.0,7.0,11.559999999999945,22.079999999999927,31.279999999999973,61.0,0.0,1000.4431372582912,1000.7294117808342,2000.1568627506495,2000.352941185236,2000.474509805441,2000.572549045086,2000.6549019813538,2000.7294117808342,2000.8039215803146,3001.0,169.91232299804688,177.4827880859375,182.41433715820312,186.3397216796875,189.81179809570312,193.16565856933593,196.80186614990234,201.40598754882814,209.8111572265625,348.2982177734375,214.97108,0.0,test_data/Useful/Validation/Three eight at 1ft/IMG-20240918-WA0059.jpg,6141.0,13.0,34.235838365360614
5,0.0,0.0,0.0,0.0,0.0,0.0,0.0,0.0,0.0,0.0,0.0,0.0,0.0,0.0,0.0,0.0,0.0,0.0,0.0,0.0,0.0,0.0,0.0,0.0,0.0,0.0,0.0,0.0,0.0,0.0,0.0,0.0,0.0,0.0,0.0,0.0,0.0,0.0,0.0,0.0,0.0,0.0,0.0,0.0,0.0,0.0,0.0,0.0,0.0,0.0,0.0,0.0,0.0,0.0,0.0,0.0,0.0,0.0,0.0,0.0,0.0,0.0,0.0,0.0,0.0,0.0,0.0,0.0,0.0,0.0,0.0,0.0,0.0,0.0,0.0,0.0,0.0,0.0,0.0,0.0,0.0,0.0,0.0,0.0,0.0,0.0,0.0,0.0,0.0,0.0,0.0,2.0,5.0,8.0,13.799999999999955,18.0,26.279999999999973,30.039999999999964,36.75999999999999,46.0,0.0,1000.4745098054409,1000.7647058963776,2000.1960784345865,2000.3764705955982,2000.4941176474094,2000.5882353186607,2000.6666666865349,2000.7372549176216,2000.8156862854958,3001.0,169.9364013671875,177.5780487060547,182.52511596679688,186.432373046875,189.860107421875,193.2431182861328,196.8726348876953,201.56385803222656,209.97027587890625,348.29852294921875,214.96971,0.0,test_data/Useful/Validation/Three eight at 1ft/IMG-20240918-WA0060.jpg,6180.0,20.0,28.569803569566147
6,0.0,0.0,0.0,0.0,0.0,0.0,0.0,0.0,0.0,0.0,0.0,0.0,0.0,0.0,0.0,0.0,0.0,0.0,0.0,0.0,0.0,0.0,0.0,0.0,0.0,0.0,0.0,0.0,0.0,0.0,0.0,0.0,0.0,0.0,0.0,0.0,0.0,0.0,0.0,0.0,0.0,0.0,0.0,0.0,0.0,0.0,0.0,0.0,0.0,0.0,0.0,0.0,0.0,0.0,0.0,0.0,0.0,0.0,0.0,0.0,0.0,0.0,0.0,0.0,0.0,0.0,0.0,0.0,0.0,0.0,0.0,0.0,0.0,0.0,0.0,0.0,0.0,0.0,0.0,0.0,0.0,0.0,0.0,0.0,0.0,0.0,0.0,0.0,0.0,0.0,0.0,0.0,0.0,1.5599999999999454,3.7999999999999545,10.039999999999964,17.279999999999973,27.519999999999982,42.0,54.0,0.0,1000.5764706134796,1000.9411764740944,2000.2901960909367,2000.4235294163227,2000.5254902243614,2000.611764729023,2000.6823529601097,2000.7490196228027,2000.8235294222832,3001.0,169.93917846679688,177.68042602539063,182.56491088867188,186.47621154785156,189.92794799804688,193.26620483398438,196.90574645996094,201.5526123046875,210.04055786132812,348.3312683105469,214.92662,0.0,test_data/Useful/Validation/Three eight at 1ft/IMG-20240918-WA0061.jpg,6179.0,14.0,27.658592358310052
7,0.0,0.0,0.0,0.0,0.0,0.0,0.0,0.0,0.0,0.0,0.0,0.0,0.0,0.0,0.0,0.0,0.0,0.0,0.0,0.0,0.0,0.0,0.0,0.0,0.0,0.0,0.0,0.0,0.0,0.0,0.0,0.0,0.0,0.0,0.0,0.0,0.0,0.0,0.0,0.0,0.0,0.0,0.0,0.0,0.0,0.0,0.0,0.0,0.0,0.0,0.0,0.0,0.0,0.0,0.0,0.0,0.0,0.0,0.0,0.0,0.0,0.0,0.0,0.0,0.0,0.0,0.0,0.0,0.0,0.0,0.0,0.0,0.0,0.0,0.0,0.0,0.0,0.0,0.0,0.0,0.0,0.0,0.0,0.0,0.0,0.0,0.0,0.0,0.0,0.0,0.0,0.0,2.32000000000005,5.0,11.599999999999909,17.039999999999964,21.279999999999973,24.519999999999982,35.51999999999998,55.0,0.0,1000.5725490450859,1000.9019607901573,2000.2784313857555,2000.419607847929,2000.5215686559677,2000.6078431606293,2000.6823529601097,2000.7490196228027,2000.8235294222832,3001.0,170.080810546875,177.8060302734375,182.580810546875,186.53466796875,189.99282836914062,193.38406372070312,196.9787796020508,201.5609588623047,209.9898681640625,348.3167724609375,215.0818,0.0,test_data/Useful/Validation/Three eight at 1ft/IMG-20240918-WA0062.jpg,6181.0,18.0,33.21080320543906
8,0.0,0.0,0.0,0.0,0.0,0.0,0.0,0.0,0.0,0.0,0.0,0.0,0.0,0.0,0.0,0.0,0.0,0.0,0.0,0.0,0.0,0.0,0.0,0.0,0.0,0.0,0.0,0.0,0.0,0.0,0.0,0.0,0.0,0.0,0.0,0.0,0.0,0.0,0.0,0.0,0.0,0.0,0.0,0.0,0.0,0.0,0.0,0.0,0.0,0.0,0.0,0.0,0.0,0.0,0.0,0.0,0.0,0.0,0.0,0.0,0.0,0.0,0.0,0.0,0.0,0.0,0.0,0.0,0.0,0.0,0.0,0.0,0.0,0.0,0.0,0.0,0.0,0.0,0.0,0.0,0.0,0.0,0.0,0.0,0.0,0.0,0.0,0.0,0.0,0.0,0.0,0.0,0.0,1.0,7.599999999999909,12.039999999999964,20.279999999999973,25.519999999999982,33.27999999999997,53.0,0.0,1000.4235294163227,1000.6823529601097,1000.933333337307,2000.3058823645115,2000.447058826685,2000.556862771511,2000.6470588445663,2000.7215686440468,2000.8039215803146,3001.0,169.81346130371094,177.59019470214844,182.487548828125,186.35604858398438,189.82589721679688,193.18347778320313,196.8256378173828,201.39056396484375,209.85415649414062,348.3243408203125,214.79369,0.0,test_data/Useful/Validation/Three eight at 1ft/IMG-20240918-WA0063.jpg,6144.0,16.0,26.15312221233145
9,0.0,0.0,0.0,0.0,0.0,0.0,0.0,0.0,0.0,0.0,0.0,0.0,0.0,0.0,0.0,0.0,0.0,0.0,0.0,0.0,0.0,0.0,0.0,0.0,0.0,0.0,0.0,0.0,0.0,0.0,0.0,0.0,0.0,0.0,0.0,0.0,0.0,0.0,0.0,0.0,0.0,0.0,0.0,0.0,0.0,0.0,0.0,0.0,0.0,0.0,0.0,0.0,0.0,0.0,0.0,0.0,0.0,0.0,0.0,0.0,0.0,0.0,0.0,0.0,0.0,0.0,0.0,0.0,0.0,0.0,0.0,0.0,0.0,0.0,0.0,0.0,0.0,0.0,0.0,0.0,0.0,0.0,0.0,0.0,0.0,0.0,0.0,0.0,0.0,0.0,0.0,0.0,0.0,0.0,1.599999999999909,7.039999999999964,15.0,25.559999999999945,39.75999999999999,49.0,0.0,1000.3764705955982,1000.611764729023,1000.7882353067398,2000.1960784345865,2000.392156869173,2000.517647087574,2000.623529434204,2000.705882370472,2000.7921568751335,3001.0,169.6221160888672,177.36709594726562,182.36974182128907,186.2698974609375,189.75027465820312,193.13873291015625,196.76246643066406,201.3677215576172,209.7952880859375,348.30718994140625,214.76135,0.0,test_data/Useful/Validation/Three eight at 1ft/IMG-20240918-WA0064.jpg,6198.0,14.0,26.017563296915416
10,0.0,0.0,0.0,0.0,0.0,0.0,0.0,0.0,0.0,0.0,0.0,0.0,0.0,0.0,0.0,0.0,0.0,0.0,0.0,0.0,0.0,0.0,0.0,0.0,0.0,0.0,0.0,0.0,0.0,0.0,0.0,0.0,0.0,0.0,0.0,0.0,0.0,0.0,0.0,0.0,0.0,0.0,0.0,0.0,0.0,0.0,0.0,0.0,0.0,0.0,0.0,0.0,0.0,0.0,0.0,0.0,0.0,0.0,0.0,0.0,0.0,0.0,0.0,0.0,0.0,0.0,0.0,0.0,0.0,0.0,0.0,0.0,0.0,0.0,0.0,0.0,0.0,0.0,0.0,0.0,0.0,0.0,0.0,0.0,0.0,0.0,0.0,0.0,0.0,0.0,0.0,0.08000000000004093,4.0,8.0,11.0,20.0,23.839999999999918,33.039999999999964,42.0,84.0,0.0,1000.5921568870544,1001.0,2000.2941176593304,2000.4274509847164,2000.5333333611488,2000.6196078658104,2000.6901960968971,2000.7568627595901,2000.8313725590706,3001.0,170.46623840332032,178.21513671875,183.10020446777344,186.94801330566406,190.397216796875,193.7590362548828,197.29693603515625,201.88528442382812,210.30706787109375,348.2132568359375,215.32007,0.0,test_data/Useful/Validation/Three eight at 1ft/IMG-20240918-WA0065.jpg,5994.0,20.0,30.379012918762356
11,0.0,0.0,0.0,0.0,0.0,0.0,0.0,0.0,0.0,0.0,0.0,0.0,0.0,0.0,0.0,0.0,0.0,0.0,0.0,0.0,0.0,0.0,0.0,0.0,0.0,0.0,0.0,0.0,0.0,0.0,0.0,0.0,0.0,0.0,0.0,0.0,0.0,0.0,0.0,0.0,0.0,0.0,0.0,0.0,0.0,0.0,0.0,0.0,0.0,0.0,0.0,0.0,0.0,0.0,0.0,0.0,0.0,0.0,0.0,0.0,0.0,0.0,0.0,0.0,0.0,0.0,0.0,0.0,0.0,0.0,0.0,0.0,0.0,0.0,0.0,0.0,0.0,0.0,0.0,0.0,0.0,0.0,0.0,0.0,0.0,0.0,0.0,0.0,0.0,0.0,0.0,0.0,0.0,0.0,0.0,6.0,15.0,28.519999999999982,40.75999999999999,51.0,0.0,1000.5098039507866,1000.8235294222832,2000.2470588237047,2000.4000000059605,2000.5098039507866,2000.6000000238419,2000.6745098233223,2000.7411764860153,2000.8156862854958,3001.0,170.06857299804688,177.69216918945312,182.61505126953125,186.49097290039063,189.95399475097656,193.28082275390625,196.8952178955078,201.53419494628906,209.897216796875,348.2992248535156,214.90634,0.0,test_data/Useful/Validation/Three eight at 1ft/IMG-20240918-WA0066.jpg,6174.0,14.0,32.58658114636261
12,0.0,0.0,0.0,0.0,0.0,0.0,0.0,0.0,0.0,0.0,0.0,0.0,0.0,0.0,0.0,0.0,0.0,0.0,0.0,0.0,0.0,0.0,0.0,0.0,0.0,0.0,0.0,0.0,0.0,0.0,0.0,0.0,0.0,0.0,0.0,0.0,0.0,0.0,0.0,0.0,0.0,0.0,0.0,0.0,0.0,0.0,0.0,0.0,0.0,0.0,0.0,0.0,0.0,0.0,0.0,0.0,0.0,0.0,0.0,0.0,0.0,0.0,0.0,0.0,0.0,0.0,0.0,0.0,0.0,0.0,0.0,0.0,0.0,0.0,0.0,0.0,0.0,0.0,0.0,0.0,0.0,0.0,0.0,0.0,0.0,0.0,0.0,0.0,0.0,0.0,0.0,0.08000000000004093,4.0,7.559999999999945,11.799999999999955,15.039999999999964,22.0,29.039999999999964,42.51999999999998,54.0,0.0,1000.5686274766922,1000.9607843160629,2000.2823529541492,2000.4156862795353,2000.5215686559677,2000.6078431606293,2000.678431391716,2000.745098054409,2000.8196078538895,3001.0,169.91258239746094,177.6160888671875,182.6116180419922,186.5632781982422,189.9613800048828,193.28366088867188,196.94802856445312,201.5187713623047,210.0464630126953,348.276123046875,215.00436,0.0,test_data/Useful/Validation/Three eight at 1ft/IMG-20240918-WA0067.jpg,6089.0,20.0,32.09021089172924
13,0.0,0.0,0.0,0.0,0.0,0.0,0.0,0.0,0.0,0.0,0.0,0.0,0.0,0.0,0.0,0.0,0.0,0.0,0.0,0.0,0.0,0.0,0.0,0.0,0.0,0.0,0.0,0.0,0.0,0.0,0.0,0.0,0.0,0.0,0.0,0.0,0.0,0.0,0.0,0.0,0.0,0.0,0.0,0.0,0.0,0.0,0.0,0.0,0.0,0.0,0.0,0.0,0.0,0.0,0.0,0.0,0.0,0.0,0.0,0.0,0.0,0.0,0.0,0.0,0.0,0.0,0.0,0.0,0.0,0.0,0.0,0.0,0.0,0.0,0.0,0.0,0.0,0.0,0.0,0.0,0.0,0.0,0.0,0.0,0.0,0.0,0.0,0.0,0.0,0.0,0.0,0.0,0.0,2.5599999999999454,8.799999999999955,15.039999999999964,17.0,23.039999999999964,29.0,57.0,0.0,1000.5137255191803,1000.8313725590706,2000.2470588237047,2000.4000000059605,2000.5058823823929,2000.6000000238419,2000.6745098233223,2000.7411764860153,2000.8156862854958,3001.0,170.04598999023438,177.7268310546875,182.72445526123047,186.60329895019532,190.04815673828125,193.3978759765625,197.03406372070313,201.6211944580078,210.04672241210938,348.26910400390625,215.15703,0.0,test_data/Useful/Validation/Three eight at 1ft/IMG-20240918-WA0068.jpg,6125.0,15.0,28.996304445313893
14,0.0,0.0,0.0,0.0,0.0,0.0,0.0,0.0,0.0,0.0,0.0,0.0,0.0,0.0,0.0,0.0,0.0,0.0,0.0,0.0,0.0,0.0,0.0,0.0,0.0,0.0,0.0,0.0,0.0,0.0,0.0,0.0,0.0,0.0,0.0,0.0,0.0,0.0,0.0,0.0,0.0,0.0,0.0,0.0,0.0,0.0,0.0,0.0,0.0,0.0,0.0,0.0,0.0,0.0,0.0,0.0,0.0,0.0,0.0,0.0,0.0,0.0,0.0,0.0,0.0,0.0,0.0,0.0,0.0,0.0,0.0,0.0,0.0,0.0,0.0,0.0,0.0,0.0,0.0,0.0,0.0,0.0,0.0,0.0,0.0,0.0,0.0,0.0,0.0,0.0,0.0,0.0,1.0,4.559999999999945,8.599999999999909,12.039999999999964,18.0,25.0,33.0,48.0,0.0,1000.5568627715111,1000.8823529481888,2000.2745098173618,2000.4156862795353,2000.5215686559677,2000.6078431606293,2000.678431391716,2000.745098054409,2000.8235294222832,3001.0,169.8928192138672,177.58153686523437,182.541259765625,186.47573547363282,189.91712951660156,193.31192016601562,196.9306182861328,201.57257080078125,209.909912109375,348.3547668457031,214.72838,0.0,test_data/Useful/Validation/Three eight at 1ft/IMG-20240918-WA0069.jpg,6185.0,15.0,27.0074218071434
15,0.0,0.0,0.0,0.0,0.0,0.0,0.0,0.0,0.0,0.0,0.0,0.0,0.0,0.0,0.0,0.0,0.0,0.0,0.0,0.0,0.0,0.0,0.0,0.0,0.0,0.0,0.0,0.0,0.0,0.0,0.0,0.0,0.0,0.0,0.0,0.0,0.0,0.0,0.0,0.0,0.0,0.0,0.0,0.0,0.0,0.0,0.0,0.0,0.0,0.0,0.0,0.0,0.0,0.0,0.0,0.0,0.0,0.0,0.0,0.0,0.0,0.0,0.0,0.0,0.0,0.0,0.0,0.0,0.0,0.0,0.0,0.0,0.0,0.0,0.0,0.0,0.0,0.0,0.0,0.0,0.0,0.0,0.0,0.0,0.0,0.0,0.0,0.0,0.0,0.0,0.0,0.0,0.0,0.0,0.0,0.03999999999996362,16.399999999999864,27.039999999999964,40.51999999999998,53.0,0.0,1000.5333333611488,1000.839215695858,2000.2549019753933,2000.4039215743542,2000.5098039507866,2000.6000000238419,2000.6745098233223,2000.7411764860153,2000.8196078538895,3001.0,169.6700668334961,177.4428283691406,182.4219009399414,186.34755859375,189.8094711303711,193.13282470703126,196.79449462890625,201.41983032226562,209.92897033691406,348.36883544921875,214.76973,0.0,test_data/Useful/Validation/Three eight at 1ft/IMG-20240918-WA0070.jpg,6190.0,13.0,34.79672488168404
16,0.0,0.0,0.0,0.0,0.0,0.0,0.0,0.0,0.0,0.0,0.0,0.0,0.0,0.0,0.0,0.0,0.0,0.0,0.0,0.0,0.0,0.0,0.0,0.0,0.0,0.0,0.0,0.0,0.0,0.0,0.0,0.0,0.0,0.0,0.0,0.0,0.0,0.0,0.0,0.0,0.0,0.0,0.0,0.0,0.0,0.0,0.0,0.0,0.0,0.0,0.0,0.0,0.0,0.0,0.0,0.0,0.0,0.0,0.0,0.0,0.0,0.0,0.0,0.0,0.0,0.0,0.0,0.0,0.0,0.0,0.0,0.0,0.0,0.0,0.0,0.0,0.0,0.0,0.0,0.0,0.0,0.0,0.0,0.0,0.0,0.0,0.0,0.0,0.0,0.0,0.0,0.0,1.32000000000005,4.119999999999891,7.0,11.079999999999927,17.279999999999973,25.0,36.51999999999998,50.0,0.0,1000.4745098054409,1000.7647058963776,2000.1960784345865,2000.3686274588108,2000.4823529422283,2000.5803921818733,2000.6588235497475,2000.7294117808342,2000.8078431487083,3001.0,169.6251678466797,177.47982788085938,182.38878021240234,186.27505493164062,189.72938537597656,193.12237548828125,196.77523803710938,201.35430908203125,209.90286254882812,348.3119201660156,214.9725,0.0,test_data/Useful/Validation/Three eight at 1ft/IMG-20240918-WA0071.jpg,6110.0,16.0,39.94222603653624
17,0.0,0.0,0.0,0.0,0.0,0.0,0.0,0.0,0.0,0.0,0.0,0.0,0.0,0.0,0.0,0.0,0.0,0.0,0.0,0.0,0.0,0.0,0.0,0.0,0.0,0.0,0.0,0.0,0.0,0.0,0.0,0.0,0.0,0.0,0.0,0.0,0.0,0.0,0.0,0.0,0.0,0.0,0.0,0.0,0.0,0.0,0.0,0.0,0.0,0.0,0.0,0.0,0.0,0.0,0.0,0.0,0.0,0.0,0.0,0.0,0.0,0.0,0.0,0.0,0.0,0.0,0.0,0.0,0.0,0.0,0.0,0.0,0.0,0.0,0.0,0.0,0.0,0.0,0.0,0.0,0.0,0.0,0.0,0.0,0.0,0.0,0.0,0.0,0.0,0.0,0.0,0.0,0.32000000000005,3.0,6.0,10.11999999999989,18.0,25.0,33.75999999999999,60.0,0.0,1000.5764706134796,1000.9882352948189,2000.2901960909367,2000.4235294163227,2000.5254902243614,2000.611764729023,2000.6823529601097,2000.7490196228027,2000.8235294222832,3001.0,169.9276885986328,177.7334777832031,182.6768035888672,186.5723083496094,190.04391479492188,193.35153198242188,196.97509765625,201.55545043945312,210.017822265625,348.3139343261719,215.01852,0.0,test_data/Useful/Validation/Three eight at 1ft/IMG-20240918-WA0072.jpg,6116.0,14.0,32.963311383106124
18,0.0,0.0,0.0,0.0,0.0,0.0,0.0,0.0,0.0,0.0,0.0,0.0,0.0,0.0,0.0,0.0,0.0,0.0,0.0,0.0,0.0,0.0,0.0,0.0,0.0,0.0,0.0,0.0,0.0,0.0,0.0,0.0,0.0,0.0,0.0,0.0,0.0,0.0,0.0,0.0,0.0,0.0,0.0,0.0,0.0,0.0,0.0,0.0,0.0,0.0,0.0,0.0,0.0,0.0,0.0,0.0,0.0,0.0,0.0,0.0,0.0,0.0,0.0,0.0,0.0,0.0,0.0,0.0,0.0,0.0,0.0,0.0,0.0,0.0,0.0,0.0,0.0,0.0,0.0,0.0,0.0,0.0,0.0,0.0,0.0,0.0,0.0,0.0,0.0,0.0,0.0,0.0,0.0,1.0,3.0,9.0,15.839999999999918,28.519999999999982,39.0,65.0,0.0,1000.6156862974167,2000.058823529631,2000.3019607961178,2000.4313725531101,2000.5294117927551,2000.6156862974167,2000.6823529601097,2000.7490196228027,2000.8235294222832,3001.0,170.34303283691406,177.99090270996095,182.92896728515626,186.74900512695314,190.1807403564453,193.5066375732422,197.13528442382812,201.74192810058594,210.1017608642578,348.28033447265625,215.07234,0.0,test_data/Useful/Validation/Three eight at 1ft/IMG-20240918-WA0073.jpg,6127.0,15.0,30.371598772481658
19,0.0,0.0,0.0,0.0,0.0,0.0,0.0,0.0,0.0,0.0,0.0,0.0,0.0,0.0,0.0,0.0,0.0,0.0,0.0,0.0,0.0,0.0,0.0,0.0,0.0,0.0,0.0,0.0,0.0,0.0,0.0,0.0,0.0,0.0,0.0,0.0,0.0,0.0,0.0,0.0,0.0,0.0,0.0,0.0,0.0,0.0,0.0,0.0,0.0,0.0,0.0,0.0,0.0,0.0,0.0,0.0,0.0,0.0,0.0,0.0,0.0,0.0,0.0,0.0,0.0,0.0,0.0,0.0,0.0,0.0,0.0,0.0,0.0,0.0,0.0,0.0,0.0,0.0,0.0,0.0,0.0,0.0,0.0,0.0,0.0,0.0,0.0,0.0,0.0,0.0,0.0,0.0,0.0,0.0,0.0,7.0,17.0,23.039999999999964,34.51999999999998,52.0,0.0,1000.419607847929,1000.678431391716,1000.9450980424881,2000.298039227724,2000.4392156898975,2000.5490196347237,2000.639215707779,2000.717647075653,2000.7960784435272,3001.0,169.87266540527344,177.445556640625,182.41143341064452,186.3337860107422,189.75279235839844,193.0706024169922,196.69485473632812,201.2984619140625,209.80743408203125,348.2962646484375,214.85353,0.0,test_data/Useful/Validation/Three eight at 1ft/IMG-20240918-WA0074.jpg,6157.0,13.0,32.228356178867685
20,0.0,0.0,0.0,0.0,0.0,0.0,0.0,0.0,0.0,0.0,0.0,0.0,0.0,0.0,0.0,0.0,0.0,0.0,0.0,0.0,0.0,0.0,0.0,0.0,0.0,0.0,0.0,0.0,0.0,0.0,0.0,0.0,0.0,0.0,0.0,0.0,0.0,0.0,0.0,0.0,0.0,0.0,0.0,0.0,0.0,0.0,0.0,0.0,0.0,0.0,0.0,0.0,0.0,0.0,0.0,0.0,0.0,0.0,0.0,0.0,0.0,0.0,0.0,0.0,0.0,0.0,0.0,0.0,0.0,0.0,0.0,0.0,0.0,0.0,0.0,0.0,0.0,0.0,0.0,0.0,0.0,0.0,0.0,0.0,0.0,0.0,0.0,0.0,0.0,0.0,0.0,0.0,0.0,1.0,7.599999999999909,11.039999999999964,17.0,32.039999999999964,39.51999999999998,51.0,0.0,1000.2941176593304,1000.4745098054409,1000.5960784554482,1000.6941176652908,2000.0117647061124,2000.32549020648,2000.4941176474094,2000.6039215922356,2000.6901960968971,3000.945098042488,168.2011260986328,175.86851501464844,180.8715057373047,184.6942138671875,188.13780212402344,191.4867431640625,195.11129760742188,199.7618865966797,208.42481994628906,348.2464599609375,213.87277,0.0,test_data/Useful/Validation/Three eight at 1ft/WhatsApp Image 2024-08-23 at 10.35.39.jpeg,5967.0,16.0,28.818132447836234
21,0.0,0.0,0.0,0.0,0.0,0.0,0.0,0.0,0.0,0.0,0.0,0.0,0.0,0.0,0.0,0.0,0.0,0.0,0.0,0.0,0.0,0.0,0.0,0.0,0.0,0.0,0.0,0.0,0.0,0.0,0.0,0.0,0.0,0.0,0.0,0.0,0.0,0.0,0.0,0.0,0.0,0.0,0.0,0.0,0.0,0.0,0.0,0.0,0.0,0.0,0.0,0.0,0.0,0.0,0.0,0.0,0.0,0.0,0.0,0.0,0.0,0.0,0.0,0.0,0.0,0.0,0.0,0.0,0.0,0.0,0.0,0.0,0.0,0.0,0.0,0.0,0.0,0.0,0.0,0.0,0.0,0.0,0.0,0.0,0.0,0.0,0.0,0.0,0.0,0.0,0.0,0.0,0.0,1.5599999999999454,7.7999999999999545,13.079999999999927,21.0,26.519999999999982,36.559999999999945,60.0,0.0,1000.2705882489681,1000.4352941215038,1000.5529412031174,1000.6392157077789,1000.7254902124405,2000.0823529437184,2000.3882353007793,2000.556862771511,2000.6705882549286,3000.9686274528503,168.19557189941406,176.025146484375,180.91643981933595,184.82691955566406,188.31759643554688,191.68405151367188,195.31532287597656,199.9408721923828,208.4549560546875,348.2281799316406,213.96802,0.0,test_data/Useful/Validation/Three eight at 1ft/WhatsApp Image 2024-08-23 at 10.36.26.jpeg,5997.0,16.0,30.444347453307287
22,0.0,0.0,0.0,0.0,0.0,0.0,0.0,0.0,0.0,0.0,0.0,0.0,0.0,0.0,0.0,0.0,0.0,0.0,0.0,0.0,0.0,0.0,0.0,0.0,0.0,0.0,0.0,0.0,0.0,0.0,0.0,0.0,0.0,0.0,0.0,0.0,0.0,0.0,0.0,0.0,0.0,0.0,0.0,0.0,0.0,0.0,0.0,0.0,0.0,0.0,0.0,0.0,0.0,0.0,0.0,0.0,0.0,0.0,0.0,0.0,0.0,0.0,0.0,0.0,0.0,0.0,0.0,0.0,0.0,0.0,0.0,0.0,0.0,0.0,0.0,0.0,0.0,0.0,0.0,0.0,0.0,0.0,0.0,0.0,0.0,0.0,0.0,0.0,0.0,0.0,0.0,0.0,0.0,0.0,0.0,4.039999999999964,10.279999999999973,22.0,29.75999999999999,56.0,0.0,1000.2666666805744,1000.4431372582912,1000.5647059082985,1000.65098041296,1000.7372549176216,2000.0549019612372,2000.3960784375668,2000.572549045086,2000.6862745285034,3000.984313726425,168.1009521484375,175.89129638671875,180.86865234375,184.79473876953125,188.1951904296875,191.59164428710938,195.16168212890625,199.7799835205078,208.32809448242188,348.30999755859375,213.73492,0.0,test_data/Useful/Validation/Three eight at 1ft/WhatsApp Image 2024-08-23 at 10.37.26.jpeg,6126.0,10.0,28.763296641607973
23,0.0,0.0,0.0,0.0,0.0,0.0,0.0,0.0,0.0,0.0,0.0,0.0,0.0,0.0,0.0,0.0,0.0,0.0,0.0,0.0,0.0,0.0,0.0,0.0,0.0,0.0,0.0,0.0,0.0,0.0,0.0,0.0,0.0,0.0,0.0,0.0,0.0,0.0,0.0,0.0,0.0,0.0,0.0,0.0,0.0,0.0,0.0,0.0,0.0,0.0,0.0,0.0,0.0,0.0,0.0,0.0,0.0,0.0,0.0,0.0,0.0,0.0,0.0,0.0,0.0,0.0,0.0,0.0,0.0,0.0,0.0,0.0,0.0,0.0,0.0,0.0,0.0,0.0,0.0,0.0,0.0,0.0,0.0,0.0,0.0,0.0,0.0,0.0,0.0,0.0,0.0,0.0,0.0,0.0,2.7999999999999545,10.039999999999964,15.279999999999973,23.039999999999964,31.75999999999999,73.0,0.0,1000.286274522543,1000.4588235318661,1000.5803921818733,1000.6666666865349,1000.7803921699524,2000.2392156869173,2000.4549019634724,2000.5882353186607,2000.6862745285034,3001.0,168.13377075195314,175.86474609375,180.82542419433594,184.76953125,188.2462158203125,191.61004638671875,195.2490234375,199.86959838867188,208.58172607421875,348.2556457519531,213.74603,0.0,test_data/Useful/Validation/Three eight at 1ft/WhatsApp Image 2024-08-23 at 10.37.48.jpeg,6044.0,12.0,29.517854816967358
24,0.0,0.0,0.0,0.0,0.0,0.0,0.0,0.0,0.0,0.0,0.0,0.0,0.0,0.0,0.0,0.0,0.0,0.0,0.0,0.0,0.0,0.0,0.0,0.0,0.0,0.0,0.0,0.0,0.0,0.0,0.0,0.0,0.0,0.0,0.0,0.0,0.0,0.0,0.0,0.0,0.0,0.0,0.0,0.0,0.0,0.0,0.0,0.0,0.0,0.0,0.0,0.0,0.0,0.0,0.0,0.0,0.0,0.0,0.0,0.0,0.0,0.0,0.0,0.0,0.0,0.0,0.0,0.0,0.0,0.0,0.0,0.0,0.0,0.0,0.0,0.0,0.0,0.0,0.0,0.0,0.0,0.0,0.0,0.0,0.0,0.0,0.0,0.0,0.0,0.0,0.0,0.0,0.0,3.6799999999998363,7.0,15.0,19.279999999999973,24.0,34.51999999999998,58.0,0.0,1000.2705882489681,1000.4431372582912,1000.5607843399048,1000.6470588445663,1000.7411764860153,2000.1529411822557,2000.4235294163227,2000.5764706134796,2000.6823529601097,3001.0,167.97487182617186,175.68829345703125,180.64378356933594,184.5476806640625,188.0435028076172,191.43089294433594,195.0655517578125,199.771240234375,208.34512329101562,348.2757568359375,213.83734,0.0,test_data/Useful/Validation/Three eight at 1ft/WhatsApp Image 2024-08-23 at 10.37.57.jpeg,6048.0,16.0,30.418594424296558
25,0.0,0.0,0.0,0.0,0.0,0.0,0.0,0.0,0.0,0.0,0.0,0.0,0.0,0.0,0.0,0.0,0.0,0.0,0.0,0.0,0.0,0.0,0.0,0.0,0.0,0.0,0.0,0.0,0.0,0.0,0.0,0.0,0.0,0.0,0.0,0.0,0.0,0.0,0.0,0.0,0.0,0.0,0.0,0.0,0.0,0.0,0.0,0.0,0.0,0.0,0.0,0.0,0.0,0.0,0.0,0.0,0.0,0.0,0.0,0.0,0.0,0.0,0.0,0.0,0.0,0.0,0.0,0.0,0.0,0.0,0.0,0.0,0.0,0.0,0.0,0.0,0.0,0.0,0.0,0.0,0.0,0.0,0.0,0.0,0.0,0.0,0.0,0.0,0.0,0.0,0.0,0.0,0.0,2.0,6.399999999999864,8.039999999999964,17.399999999999864,31.559999999999945,43.75999999999999,56.0,0.0,1000.2627451121807,1000.4352941215038,1000.5568627715111,1000.6470588445663,1000.7411764860153,2000.1333333402872,2000.4156862795353,2000.5764706134796,2000.6823529601097,3001.0,168.20663452148438,175.80442810058594,180.7270965576172,184.6861114501953,188.12457275390625,191.50221252441406,195.10015869140625,199.67230224609375,208.30477905273438,348.2475280761719,213.85536,0.0,test_data/Useful/Validation/Three eight at 1ft/WhatsApp Image 2024-08-23 at 10.38.22.jpeg,5974.0,16.0,30.85640810599372
26,0.0,0.0,0.0,0.0,0.0,0.0,0.0,0.0,0.0,0.0,0.0,0.0,0.0,0.0,0.0,0.0,0.0,0.0,0.0,0.0,0.0,0.0,0.0,0.0,0.0,0.0,0.0,0.0,0.0,0.0,0.0,0.0,0.0,0.0,0.0,0.0,0.0,0.0,0.0,0.0,0.0,0.0,0.0,0.0,0.0,0.0,0.0,0.0,0.0,0.0,0.0,0.0,0.0,0.0,0.0,0.0,0.0,0.0,0.0,0.0,0.0,0.0,0.0,0.0,0.0,0.0,0.0,0.0,0.0,0.0,0.0,0.0,0.0,0.0,0.0,0.0,0.0,0.0,0.0,0.0,0.0,0.0,0.0,0.0,0.0,0.0,0.0,0.0,0.0,0.0,0.0,0.0,0.0,2.0,6.7999999999999545,12.079999999999927,19.279999999999973,35.0,46.27999999999997,78.0,0.0,1000.2901960909367,1000.4666666686535,1000.5803921818733,1000.6705882549286,1000.8000000119209,2000.2549019753933,2000.458823531866,2000.5882353186607,2000.6823529601097,3001.0,168.42517700195313,176.1517303466797,181.05567932128906,184.8912811279297,188.3708038330078,191.70660400390625,195.34121704101562,199.98023986816406,208.6046600341797,348.18133544921875,213.92867,0.0,test_data/Useful/Validation/Three eight at 1ft/WhatsApp Image 2024-08-23 at 10.42.05.jpeg,5973.0,16.0,29.156214022177352
27,0.0,0.0,0.0,0.0,0.0,0.0,0.0,0.0,0.0,0.0,0.0,0.0,0.0,0.0,0.0,0.0,0.0,0.0,0.0,0.0,0.0,0.0,0.0,0.0,0.0,0.0,0.0,0.0,0.0,0.0,0.0,0.0,0.0,0.0,0.0,0.0,0.0,0.0,0.0,0.0,0.0,0.0,0.0,0.0,0.0,0.0,0.0,0.0,0.0,0.0,0.0,0.0,0.0,0.0,0.0,0.0,0.0,0.0,0.0,0.0,0.0,0.0,0.0,0.0,0.0,0.0,0.0,0.0,0.0,0.0,0.0,0.0,0.0,0.0,0.0,0.0,0.0,0.0,0.0,0.0,0.0,0.0,0.0,0.0,0.0,0.0,0.0,0.0,0.0,0.0,0.0,0.0,0.0,0.0,0.0,6.039999999999964,10.279999999999973,20.0,26.519999999999982,52.0,0.0,1000.2705882489681,1000.447058826685,1000.5647059082985,1000.6549019813538,1000.7411764860153,2000.0470588244498,2000.4039215743542,2000.5803921818733,2000.6941176652908,3000.984313726425,168.21990661621095,175.98211059570312,180.92952728271484,184.83605041503907,188.29306030273438,191.63827514648438,195.22687683105468,199.91152954101562,208.44351196289062,348.31329345703125,213.8151,0.0,test_data/Useful/Validation/Three eight at 1ft/WhatsApp Image 2024-08-23 at 10.42.50.jpeg,6132.0,10.0,35.132721948231314
28,0.0,0.0,0.0,0.0,0.0,0.0,0.0,0.0,0.0,0.0,0.0,0.0,0.0,0.0,0.0,0.0,0.0,0.0,0.0,0.0,0.0,0.0,0.0,0.0,0.0,0.0,0.0,0.0,0.0,0.0,0.0,0.0,0.0,0.0,0.0,0.0,0.0,0.0,0.0,0.0,0.0,0.0,0.0,0.0,0.0,0.0,0.0,0.0,0.0,0.0,0.0,0.0,0.0,0.0,0.0,0.0,0.0,0.0,0.0,0.0,0.0,0.0,0.0,0.0,0.0,0.0,0.0,0.0,0.0,0.0,0.0,0.0,0.0,0.0,0.0,0.0,0.0,0.0,0.0,0.0,0.0,0.0,0.0,0.0,0.0,0.0,0.0,0.0,0.0,0.0,0.0,0.0,0.0,0.5599999999999454,4.7999999999999545,9.039999999999964,19.279999999999973,26.519999999999982,43.27999999999997,61.0,0.0,1000.2941176593304,1000.4745098054409,1000.5921568870544,1000.6862745285034,1000.8313725590706,2000.2901960909367,2000.4823529422283,2000.6039215922356,2000.6980392336845,3001.0,168.14200744628906,175.84149169921875,180.69457244873047,184.552734375,188.05764770507812,191.46181030273436,195.09170532226562,199.6839599609375,208.24765014648438,348.31671142578125,213.61002,0.0,test_data/Useful/Validation/Three eight at 1ft/WhatsApp Image 2024-08-23 at 10.42.58.jpeg,6123.0,14.0,29.550700083069643
29,0.0,0.0,0.0,0.0,0.0,0.0,0.0,0.0,0.0,0.0,0.0,0.0,0.0,0.0,0.0,0.0,0.0,0.0,0.0,0.0,0.0,0.0,0.0,0.0,0.0,0.0,0.0,0.0,0.0,0.0,0.0,0.0,0.0,0.0,0.0,0.0,0.0,0.0,0.0,0.0,0.0,0.0,0.0,0.0,0.0,0.0,0.0,0.0,0.0,0.0,0.0,0.0,0.0,0.0,0.0,0.0,0.0,0.0,0.0,0.0,0.0,0.0,0.0,0.0,0.0,0.0,0.0,0.0,0.0,0.0,0.0,0.0,0.0,0.0,0.0,0.0,0.0,0.0,0.0,0.0,0.0,0.0,0.0,0.0,0.0,0.0,0.0,0.0,0.0,0.0,0.0,0.0,0.0,0.0,0.0,2.119999999999891,10.279999999999973,18.559999999999945,34.51999999999998,46.0,0.0,1000.286274522543,1000.4627451002598,1000.584313750267,1000.6745098233223,1000.7843137383461,2000.215686276555,2000.458823531866,2000.6000000238419,2000.6980392336845,3000.984313726425,168.07808532714844,175.77322692871095,180.75684814453123,184.689697265625,188.21136474609375,191.61236572265625,195.2588653564453,199.90237426757812,208.4871963500977,348.30633544921875,213.78716,0.0,test_data/Useful/Validation/Three eight at 1ft/WhatsApp Image 2024-08-23 at 10.43.04.jpeg,6084.0,11.0,32.070920154353146
30,0.0,0.0,0.0,0.0,0.0,0.0,0.0,0.0,0.0,0.0,0.0,0.0,0.0,0.0,0.0,0.0,0.0,0.0,0.0,0.0,0.0,0.0,0.0,0.0,0.0,0.0,0.0,0.0,0.0,0.0,0.0,0.0,0.0,0.0,0.0,0.0,0.0,0.0,0.0,0.0,0.0,0.0,0.0,0.0,0.0,0.0,0.0,0.0,0.0,0.0,0.0,0.0,0.0,0.0,0.0,0.0,0.0,0.0,0.0,0.0,0.0,0.0,0.0,0.0,0.0,0.0,0.0,0.0,0.0,0.0,0.0,0.0,0.0,0.0,0.0,0.0,0.0,0.0,0.0,0.0,0.0,0.0,0.0,0.0,0.0,0.0,0.0,0.0,0.0,0.0,0.0,0.0,0.0,0.0,0.0,2.0,6.279999999999973,15.039999999999964,30.75999999999999,59.0,0.0,1000.2705882489681,1000.4431372582912,1000.5647059082985,1000.65098041296,1000.7568627595901,2000.1843137294054,2000.4352941215038,2000.5803921818733,2000.6823529601097,3000.9803921580315,168.31834716796877,176.00330810546876,180.9923583984375,184.89422302246095,188.36244201660156,191.69924926757812,195.30279693603515,200.0242431640625,208.61331176757812,348.1878967285156,213.91791,0.0,test_data/Useful/Validation/Three eight at 1ft/WhatsApp Image 2024-08-23 at 10.43.10.jpeg,6016.0,9.0,33.28562853707929
31,0.0,0.0,0.0,0.0,0.0,0.0,0.0,0.0,0.0,0.0,0.0,0.0,0.0,0.0,0.0,0.0,0.0,0.0,0.0,0.0,0.0,0.0,0.0,0.0,0.0,0.0,0.0,0.0,0.0,0.0,0.0,0.0,0.0,0.0,0.0,0.0,0.0,0.0,0.0,0.0,0.0,0.0,0.0,0.0,0.0,0.0,0.0,0.0,0.0,0.0,0.0,0.0,0.0,0.0,0.0,0.0,0.0,0.0,0.0,0.0,0.0,0.0,0.0,0.0,0.0,0.0,0.0,0.0,0.0,0.0,0.0,0.0,0.0,0.0,0.0,0.0,0.0,0.0,0.0,0.0,0.0,0.0,0.0,0.0,0.0,0.0,0.0,0.0,0.0,0.0,0.0,0.0,0.0,1.0,7.599999999999909,15.039999999999964,22.0,30.519999999999982,38.039999999999964,89.0,0.0,1000.2666666805744,1000.4392156898975,1000.5607843399048,1000.6470588445663,1000.7411764860153,2000.1176470592618,2000.4235294163227,2000.5803921818733,2000.6862745285034,3001.0,168.23199462890625,175.9574737548828,180.93568420410156,184.79112243652344,188.2707061767578,191.59873962402344,195.23208618164062,199.8831726074219,208.4178466796875,348.2685546875,213.71103,0.0,test_data/Useful/Validation/Three eight at 1ft/WhatsApp Image 2024-08-23 at 10.43.13.jpeg,6011.0,16.0,34.01522610965132
32,0.0,0.0,0.0,0.0,0.0,0.0,0.0,0.0,0.0,0.0,0.0,0.0,0.0,0.0,0.0,0.0,0.0,0.0,0.0,0.0,0.0,0.0,0.0,0.0,0.0,0.0,0.0,0.0,0.0,0.0,0.0,0.0,0.0,0.0,0.0,0.0,0.0,0.0,0.0,0.0,0.0,0.0,0.0,0.0,0.0,0.0,0.0,0.0,0.0,0.0,0.0,0.0,0.0,0.0,0.0,0.0,0.0,0.0,0.0,0.0,0.0,0.0,0.0,0.0,0.0,0.0,0.0,0.0,0.0,0.0,0.0,0.0,0.0,0.0,0.0,0.0,0.0,0.0,0.0,0.0,0.0,0.0,0.0,0.0,0.0,0.0,0.0,0.0,0.0,0.0,0.0,0.0,0.0,0.0,5.399999999999864,13.039999999999964,21.399999999999864,33.0,38.75999999999999,53.0,0.0,1000.2705882489681,1000.4431372582912,1000.5607843399048,1000.6431372761726,1000.7333333492279,2000.0509803928435,2000.4039215743542,2000.5764706134796,2000.6862745285034,3000.972549021244,168.4121551513672,176.21517944335938,181.143310546875,184.97734985351562,188.45103454589844,191.78598022460938,195.3333312988281,199.93975219726562,208.41421508789062,348.2950439453125,213.68303,0.0,test_data/Useful/Validation/Three eight at 1ft/WhatsApp Image 2024-08-23 at 10.43.15.jpeg,6024.0,16.0,25.893054995132506
33,0.0,0.0,0.0,0.0,0.0,0.0,0.0,0.0,0.0,0.0,0.0,0.0,0.0,0.0,0.0,0.0,0.0,0.0,0.0,0.0,0.0,0.0,0.0,0.0,0.0,0.0,0.0,0.0,0.0,0.0,0.0,0.0,0.0,0.0,0.0,0.0,0.0,0.0,0.0,0.0,0.0,0.0,0.0,0.0,0.0,0.0,0.0,0.0,0.0,0.0,0.0,0.0,0.0,0.0,0.0,0.0,0.0,0.0,0.0,0.0,0.0,0.0,0.0,0.0,0.0,0.0,0.0,0.0,0.0,0.0,0.0,0.0,0.0,0.0,0.0,0.0,0.0,0.0,0.0,0.0,0.0,0.0,0.0,0.0,0.0,0.0,0.0,0.0,0.0,0.0,0.0,0.0,0.0,4.0,8.0,10.039999999999964,20.839999999999918,31.0,36.75999999999999,48.0,0.0,1000.2823529541492,1000.4588235318661,1000.5764706134796,1000.6666666865349,1000.7686274647713,2000.188235297799,2000.4509803950787,2000.5960784554482,2000.7019608020782,3001.0,168.59860229492188,176.2814483642578,181.1998291015625,185.11104736328124,188.55068969726562,191.93441772460938,195.49729919433594,200.0401611328125,208.55055236816406,348.2613525390625,213.97102,0.0,test_data/Useful/Validation/Three eight at 1ft/WhatsApp Image 2024-08-23 at 10.43.17.jpeg,6051.0,16.0,31.45928288255949
34,0.0,0.0,0.0,0.0,0.0,0.0,0.0,0.0,0.0,0.0,0.0,0.0,0.0,0.0,0.0,0.0,0.0,0.0,0.0,0.0,0.0,0.0,0.0,0.0,0.0,0.0,0.0,0.0,0.0,0.0,0.0,0.0,0.0,0.0,0.0,0.0,0.0,0.0,0.0,0.0,0.0,0.0,0.0,0.0,0.0,0.0,0.0,0.0,0.0,0.0,0.0,0.0,0.0,0.0,0.0,0.0,0.0,0.0,0.0,0.0,0.0,0.0,0.0,0.0,0.0,0.0,0.0,0.0,0.0,0.0,0.0,0.0,0.0,0.0,0.0,0.0,0.0,0.0,0.0,0.0,0.0,0.0,0.0,0.0,0.0,0.0,0.0,0.0,0.0,0.0,0.0,0.0,0.0,0.0,3.0,9.0,14.559999999999945,24.519999999999982,34.559999999999945,64.0,0.0,1000.2823529541492,1000.4588235318661,1000.5725490450859,1000.6549019813538,1000.7411764860153,2000.043137256056,2000.4000000059605,2000.5764706134796,2000.6862745285034,3000.9921568632126,168.1869338989258,175.81244201660155,180.7657272338867,184.61322021484375,188.09048461914062,191.4617919921875,195.13742065429688,199.72186279296875,208.23320617675782,348.3726501464844,213.51358,0.0,test_data/Useful/Validation/Three eight at 1ft/WhatsApp Image 2024-08-23 at 10.43.18.jpeg,6063.0,13.0,32.26056503873656
35,0.0,0.0,0.0,0.0,0.0,0.0,0.0,0.0,0.0,0.0,0.0,0.0,0.0,0.0,0.0,0.0,0.0,0.0,0.0,0.0,0.0,0.0,0.0,0.0,0.0,0.0,0.0,0.0,0.0,0.0,0.0,0.0,0.0,0.0,0.0,0.0,0.0,0.0,0.0,0.0,0.0,0.0,0.0,0.0,0.0,0.0,0.0,0.0,0.0,0.0,0.0,0.0,0.0,0.0,0.0,0.0,0.0,0.0,0.0,0.0,0.0,0.0,0.0,0.0,0.0,0.0,0.0,0.0,0.0,0.0,0.0,0.0,0.0,0.0,0.0,0.0,0.0,0.0,0.0,0.0,0.0,0.0,0.0,0.0,0.0,0.0,0.0,0.0,0.0,0.0,0.0,0.0,1.6400000000001,7.0,9.0,11.039999999999964,17.399999999999864,29.039999999999964,35.0,62.0,0.0,1000.2901960909367,1000.4745098054409,1000.5921568870544,1000.6901960968971,1000.8745098114014,2000.3098039329052,2000.4901960790157,2000.6039215922356,2000.6941176652908,3000.988235294819,168.1109359741211,175.92001037597657,180.90985107421875,184.8288360595703,188.28121948242188,191.69418029785157,195.33334350585938,199.94659729003905,208.54168701171875,348.208984375,213.76282,0.0,test_data/Useful/Validation/Three eight at 1ft/WhatsApp Image 2024-08-23 at 10.43.19 (1).jpeg,5946.0,17.0,31.09039378070167
36,0.0,0.0,0.0,0.0,0.0,0.0,0.0,0.0,0.0,0.0,0.0,0.0,0.0,0.0,0.0,0.0,0.0,0.0,0.0,0.0,0.0,0.0,0.0,0.0,0.0,0.0,0.0,0.0,0.0,0.0,0.0,0.0,0.0,0.0,0.0,0.0,0.0,0.0,0.0,0.0,0.0,0.0,0.0,0.0,0.0,0.0,0.0,0.0,0.0,0.0,0.0,0.0,0.0,0.0,0.0,0.0,0.0,0.0,0.0,0.0,0.0,0.0,0.0,0.0,0.0,0.0,0.0,0.0,0.0,0.0,0.0,0.0,0.0,0.0,0.0,0.0,0.0,0.0,0.0,0.0,0.0,0.0,0.0,0.0,0.0,0.0,0.0,0.0,0.0,0.0,0.0,0.0,0.0,0.0,4.599999999999909,10.0,17.279999999999973,25.039999999999964,34.0,48.0,0.0,1000.2784313857555,1000.4549019634724,1000.5764706134796,1000.6666666865349,1000.8000000119209,2000.2627451121807,2000.4705882370472,2000.5921568870544,2000.6862745285034,3000.9647058844566,168.39683990478517,176.09879455566406,181.02310180664062,184.92819213867188,188.4026336669922,191.72265625,195.33407592773438,199.96966552734375,208.56936645507812,348.2110900878906,214.09079,0.0,test_data/Useful/Validation/Three eight at 1ft/WhatsApp Image 2024-08-23 at 10.43.19 (2).jpeg,5951.0,14.0,29.055868557174257
37,0.0,0.0,0.0,0.0,0.0,0.0,0.0,0.0,0.0,0.0,0.0,0.0,0.0,0.0,0.0,0.0,0.0,0.0,0.0,0.0,0.0,0.0,0.0,0.0,0.0,0.0,0.0,0.0,0.0,0.0,0.0,0.0,0.0,0.0,0.0,0.0,0.0,0.0,0.0,0.0,0.0,0.0,0.0,0.0,0.0,0.0,0.0,0.0,0.0,0.0,0.0,0.0,0.0,0.0,0.0,0.0,0.0,0.0,0.0,0.0,0.0,0.0,0.0,0.0,0.0,0.0,0.0,0.0,0.0,0.0,0.0,0.0,0.0,0.0,0.0,0.0,0.0,0.0,0.0,0.0,0.0,0.0,0.0,0.0,0.0,0.0,0.0,0.0,0.0,0.0,0.0,0.0,0.0,0.0,0.0,0.0,1.2799999999999727,14.039999999999964,28.0,48.0,0.0,1000.2823529541492,1000.4588235318661,1000.5764706134796,1000.6627451181412,1000.7647058963776,2000.1921568661928,2000.4549019634724,2000.5921568870544,2000.6941176652908,3000.9764705896378,167.9663116455078,175.73785400390625,180.6908416748047,184.6426239013672,188.1248779296875,191.5010192871094,195.16077880859376,199.75409240722655,208.27499389648438,348.3387756347656,213.55621,0.0,test_data/Useful/Validation/Three eight at 1ft/WhatsApp Image 2024-08-23 at 10.43.19.jpeg,6040.0,8.0,34.11984350689984
38,0.0,0.0,0.0,0.0,0.0,0.0,0.0,0.0,0.0,0.0,0.0,0.0,0.0,0.0,0.0,0.0,0.0,0.0,0.0,0.0,0.0,0.0,0.0,0.0,0.0,0.0,0.0,0.0,0.0,0.0,0.0,0.0,0.0,0.0,0.0,0.0,0.0,0.0,0.0,0.0,0.0,0.0,0.0,0.0,0.0,0.0,0.0,0.0,0.0,0.0,0.0,0.0,0.0,0.0,0.0,0.0,0.0,0.0,0.0,0.0,0.0,0.0,0.0,0.0,0.0,0.0,0.0,0.0,0.0,0.0,0.0,0.0,0.0,0.0,0.0,0.0,0.0,0.0,0.0,0.0,0.0,0.0,0.0,0.0,0.0,0.0,0.0,0.0,0.0,0.0,0.0,0.0,0.0,0.0,0.0,0.0,6.839999999999918,16.039999999999964,36.27999999999997,66.0,0.0,1000.3333333432674,1000.5058823823929,1000.6549019813538,1000.7921568751335,2000.203921571374,2000.3882353007793,2000.517647087574,2000.6274510025978,2000.7294117808342,3001.0,169.4206085205078,177.22303771972656,182.10360717773438,186.0730743408203,189.55105590820312,192.9183807373047,196.58704833984373,201.27362060546875,209.69235229492188,348.1134033203125,214.50035,0.0,test_data/Useful/Validation/Three eight at 1ft/WhatsApp Image 2024-08-23 at 10.43.20 (1).jpeg,6096.0,11.0,28.126748508430243
39,0.0,0.0,0.0,0.0,0.0,0.0,0.0,0.0,0.0,0.0,0.0,0.0,0.0,0.0,0.0,0.0,0.0,0.0,0.0,0.0,0.0,0.0,0.0,0.0,0.0,0.0,0.0,0.0,0.0,0.0,0.0,0.0,0.0,0.0,0.0,0.0,0.0,0.0,0.0,0.0,0.0,0.0,0.0,0.0,0.0,0.0,0.0,0.0,0.0,0.0,0.0,0.0,0.0,0.0,0.0,0.0,0.0,0.0,0.0,0.0,0.0,0.0,0.0,0.0,0.0,0.0,0.0,0.0,0.0,0.0,0.0,0.0,0.0,0.0,0.0,0.0,0.0,0.0,0.0,0.0,0.0,0.0,0.0,0.0,0.0,0.0,0.0,0.0,0.0,0.0,0.0,0.0,0.32000000000005,3.0,8.599999999999909,16.0,22.0,27.519999999999982,38.51999999999998,79.0,0.0,1000.3176470696926,1000.4745098054409,1000.611764729023,1000.7294117808342,1000.8784313797951,2000.3019607961178,2000.4666666686535,2000.5960784554482,2000.7098039388657,3001.0,169.45355072021485,177.1517761230469,182.0749053955078,186.0067138671875,189.4883575439453,192.84408569335938,196.51309204101562,201.2152862548828,209.6055908203125,348.13287353515625,214.44455,0.0,test_data/Useful/Validation/Three eight at 1ft/WhatsApp Image 2024-08-23 at 10.43.20 (2).jpeg,6250.0,17.0,31.127261992356367
40,0.0,0.0,0.0,0.0,0.0,0.0,0.0,0.0,0.0,0.0,0.0,0.0,0.0,0.0,0.0,0.0,0.0,0.0,0.0,0.0,0.0,0.0,0.0,0.0,0.0,0.0,0.0,0.0,0.0,0.0,0.0,0.0,0.0,0.0,0.0,0.0,0.0,0.0,0.0,0.0,0.0,0.0,0.0,0.0,0.0,0.0,0.0,0.0,0.0,0.0,0.0,0.0,0.0,0.0,0.0,0.0,0.0,0.0,0.0,0.0,0.0,0.0,0.0,0.0,0.0,0.0,0.0,0.0,0.0,0.0,0.0,0.0,0.0,0.0,0.0,0.0,0.0,0.0,0.0,0.0,0.0,0.0,0.0,0.0,0.0,0.0,0.0,0.0,0.0,0.0,0.0,0.0,0.0,0.0,0.0,0.0,3.5599999999999454,11.559999999999945,24.319999999999936,43.0,0.0,1000.2509804069996,1000.3960784375668,1000.5137255191803,1000.6156862974167,1000.7137255072594,2000.0039215688594,2000.380392163992,2000.5529412031174,2000.6705882549286,3000.984313726425,168.6189422607422,176.29017639160156,181.2195266723633,185.16934204101562,188.64359283447266,192.05352783203125,195.66676635742186,200.25598754882813,208.86676025390625,348.22882080078125,213.925,0.0,test_data/Useful/Validation/Three eight at 1ft/WhatsApp Image 2024-08-23 at 10.43.38 (1).jpeg,6122.0,8.0,29.398751054392047
41,0.0,0.0,0.0,0.0,0.0,0.0,0.0,0.0,0.0,0.0,0.0,0.0,0.0,0.0,0.0,0.0,0.0,0.0,0.0,0.0,0.0,0.0,0.0,0.0,0.0,0.0,0.0,0.0,0.0,0.0,0.0,0.0,0.0,0.0,0.0,0.0,0.0,0.0,0.0,0.0,0.0,0.0,0.0,0.0,0.0,0.0,0.0,0.0,0.0,0.0,0.0,0.0,0.0,0.0,0.0,0.0,0.0,0.0,0.0,0.0,0.0,0.0,0.0,0.0,0.0,0.0,0.0,0.0,0.0,0.0,0.0,0.0,0.0,0.0,0.0,0.0,0.0,0.0,0.0,0.0,0.0,0.0,0.0,0.0,0.0,0.0,0.0,0.0,0.0,0.0,0.0,0.0,0.0,0.0,0.0,0.0,1.5599999999999454,14.0,29.799999999999955,47.0,0.0,1000.258823543787,1000.4039215743542,1000.5254902243614,1000.6274510025978,1000.7254902124405,2000.0980392172933,2000.3960784375668,2000.556862771511,2000.6745098233223,3000.9960784316063,168.6729751586914,176.30957641601563,181.22310791015624,185.19442138671874,188.69100952148438,192.04814453125,195.67804870605468,200.24284667968752,208.66622924804688,348.3087463378906,213.52917,0.0,test_data/Useful/Validation/Three eight at 1ft/WhatsApp Image 2024-08-23 at 10.43.38 (2).jpeg,6123.0,8.0,32.22911418077669
42,0.0,0.0,0.0,0.0,0.0,0.0,0.0,0.0,0.0,0.0,0.0,0.0,0.0,0.0,0.0,0.0,0.0,0.0,0.0,0.0,0.0,0.0,0.0,0.0,0.0,0.0,0.0,0.0,0.0,0.0,0.0,0.0,0.0,0.0,0.0,0.0,0.0,0.0,0.0,0.0,0.0,0.0,0.0,0.0,0.0,0.0,0.0,0.0,0.0,0.0,0.0,0.0,0.0,0.0,0.0,0.0,0.0,0.0,0.0,0.0,0.0,0.0,0.0,0.0,0.0,0.0,0.0,0.0,0.0,0.0,0.0,0.0,0.0,0.0,0.0,0.0,0.0,0.0,0.0,0.0,0.0,0.0,0.0,0.0,0.0,0.0,0.0,0.0,0.0,0.0,0.0,0.0,0.0,0.0,0.0,0.0,7.279999999999973,16.519999999999982,34.319999999999936,58.0,0.0,1000.2274509817362,1000.3607843220234,1000.4666666686535,1000.5607843399048,1000.6431372761726,1000.7215686440468,1000.905882358551,2000.4431372582912,2000.6352941393852,3000.9960784316063,168.79779205322265,176.4501495361328,181.415185546875,185.31981201171874,188.781494140625,192.1676788330078,195.82025146484375,200.3689422607422,208.72427368164062,348.26947021484375,213.58228,0.0,test_data/Useful/Validation/Three eight at 1ft/WhatsApp Image 2024-08-23 at 10.43.38.jpeg,6123.0,10.0,32.572085871704445
43,0.0,0.0,0.0,0.0,0.0,0.0,0.0,0.0,0.0,0.0,0.0,0.0,0.0,0.0,0.0,0.0,0.0,0.0,0.0,0.0,0.0,0.0,0.0,0.0,0.0,0.0,0.0,0.0,0.0,0.0,0.0,0.0,0.0,0.0,0.0,0.0,0.0,0.0,0.0,0.0,0.0,0.0,0.0,0.0,0.0,0.0,0.0,0.0,0.0,0.0,0.0,0.0,0.0,0.0,0.0,0.0,0.0,0.0,0.0,0.0,0.0,0.0,0.0,0.0,0.0,0.0,0.0,0.0,0.0,0.0,0.0,0.0,0.0,0.0,0.0,0.0,0.0,0.0,0.0,0.0,0.0,0.0,0.0,0.0,0.0,0.0,0.0,0.0,0.0,0.0,0.0,0.0,0.0,0.0,3.0,10.0,14.279999999999973,21.0,38.0,49.0,0.0,1000.2509804069996,1000.392156869173,1000.5137255191803,1000.611764729023,1000.705882370472,1000.8862745165825,2000.364705890417,2000.54509806633,2000.6666666865349,3001.0,168.70364837646486,176.32742919921876,181.27765197753905,185.2430389404297,188.72726440429688,192.1035919189453,195.7626190185547,200.37046813964844,208.85650634765625,348.20556640625,214.03677,0.0,test_data/Useful/Validation/Three eight at 1ft/WhatsApp Image 2024-08-23 at 10.43.39 (1).jpeg,6085.0,14.0,25.481432141401026
44,0.0,0.0,0.0,0.0,0.0,0.0,0.0,0.0,0.0,0.0,0.0,0.0,0.0,0.0,0.0,0.0,0.0,0.0,0.0,0.0,0.0,0.0,0.0,0.0,0.0,0.0,0.0,0.0,0.0,0.0,0.0,0.0,0.0,0.0,0.0,0.0,0.0,0.0,0.0,0.0,0.0,0.0,0.0,0.0,0.0,0.0,0.0,0.0,0.0,0.0,0.0,0.0,0.0,0.0,0.0,0.0,0.0,0.0,0.0,0.0,0.0,0.0,0.0,0.0,0.0,0.0,0.0,0.0,0.0,0.0,0.0,0.0,0.0,0.0,0.0,0.0,0.0,0.0,0.0,0.0,0.0,0.0,0.0,0.0,0.0,0.0,0.0,0.0,0.0,0.0,0.0,0.0,0.0,0.0,0.0,0.0,6.839999999999918,14.519999999999982,25.279999999999973,44.0,0.0,1000.2627451121807,1000.4078431427479,1000.5333333611488,1000.6352941393852,1000.7372549176216,2000.1686274558306,2000.4156862795353,2000.5686274766922,2000.678431391716,3001.0,168.50677947998048,176.27545471191405,181.26246490478516,185.17779235839845,188.617919921875,192.01707458496094,195.66549682617188,200.2124786376953,208.7903594970703,348.28070068359375,213.97131,0.0,test_data/Useful/Validation/Three eight at 1ft/WhatsApp Image 2024-08-23 at 10.43.39.jpeg,6158.0,8.0,25.000943487621445
45,0.0,0.0,0.0,0.0,0.0,0.0,0.0,0.0,0.0,0.0,0.0,0.0,0.0,0.0,0.0,0.0,0.0,0.0,0.0,0.0,0.0,0.0,0.0,0.0,0.0,0.0,0.0,0.0,0.0,0.0,0.0,0.0,0.0,0.0,0.0,0.0,0.0,0.0,0.0,0.0,0.0,0.0,0.0,0.0,0.0,0.0,0.0,0.0,0.0,0.0,0.0,0.0,0.0,0.0,0.0,0.0,0.0,0.0,0.0,0.0,0.0,0.0,0.0,0.0,0.0,0.0,0.0,0.0,0.0,0.0,0.0,0.0,0.0,0.0,0.0,0.0,0.0,0.0,0.0,0.0,0.0,0.0,0.0,0.0,0.0,0.0,0.0,0.0,0.0,0.0,0.0,0.0,0.0,0.0,0.0,3.0399999999999636,9.279999999999973,25.679999999999836,40.0,74.0,0.0,1000.2549019753933,1000.4039215743542,1000.5294117927551,1000.6313725709915,1000.7372549176216,2000.1568627506495,2000.4117647111416,2000.5647059082985,2000.6745098233223,3001.0,168.66726531982422,176.41021728515625,181.26211547851562,185.17721557617188,188.61872100830078,191.96927490234376,195.62413177490234,200.4029022216797,208.82447814941406,348.28363037109375,213.77863,0.0,test_data/Useful/Validation/Three eight at 1ft/WhatsApp Image 2024-08-23 at 10.43.40 (1).jpeg,6127.0,13.0,29.34301559245506
46,0.0,0.0,0.0,0.0,0.0,0.0,0.0,0.0,0.0,0.0,0.0,0.0,0.0,0.0,0.0,0.0,0.0,0.0,0.0,0.0,0.0,0.0,0.0,0.0,0.0,0.0,0.0,0.0,0.0,0.0,0.0,0.0,0.0,0.0,0.0,0.0,0.0,0.0,0.0,0.0,0.0,0.0,0.0,0.0,0.0,0.0,0.0,0.0,0.0,0.0,0.0,0.0,0.0,0.0,0.0,0.0,0.0,0.0,0.0,0.0,0.0,0.0,0.0,0.0,0.0,0.0,0.0,0.0,0.0,0.0,0.0,0.0,0.0,0.0,0.0,0.0,0.0,0.0,0.0,0.0,0.0,0.0,0.0,0.0,0.0,0.0,0.0,0.0,0.0,0.0,0.0,0.0,0.0,2.0,5.0,9.079999999999927,15.0,26.0,39.75999999999999,54.0,0.0,1000.3294117748737,1000.4901960790157,1000.6156862974167,1000.7294117808342,2000.1450980454683,2000.3490196168423,2000.4823529422283,2000.5882353186607,2000.678431391716,3000.956862747669,168.68740844726562,176.52685546875,181.52896118164062,185.4967254638672,189.00718688964844,192.46213989257814,196.21890258789062,201.01470947265625,209.7360382080078,348.0688781738281,214.66713,0.0,test_data/Useful/Validation/Three eight at 1ft/WhatsApp Image 2024-08-23 at 10.43.40 (2).jpeg,6198.0,15.0,28.923424712523676
47,0.0,0.0,0.0,0.0,0.0,0.0,0.0,0.0,0.0,0.0,0.0,0.0,0.0,0.0,0.0,0.0,0.0,0.0,0.0,0.0,0.0,0.0,0.0,0.0,0.0,0.0,0.0,0.0,0.0,0.0,0.0,0.0,0.0,0.0,0.0,0.0,0.0,0.0,0.0,0.0,0.0,0.0,0.0,0.0,0.0,0.0,0.0,0.0,0.0,0.0,0.0,0.0,0.0,0.0,0.0,0.0,0.0,0.0,0.0,0.0,0.0,0.0,0.0,0.0,0.0,0.0,0.0,0.0,0.0,0.0,0.0,0.0,0.0,0.0,0.0,0.0,0.0,0.0,0.0,0.0,0.0,0.0,0.0,0.0,0.0,0.0,0.0,0.0,0.0,0.0,0.0,0.0,0.0,2.5599999999999454,6.0,14.0,19.0,21.519999999999982,31.75999999999999,60.0,0.0,1000.2313725501299,1000.3607843220234,1000.4705882370472,1000.5647059082985,1000.6431372761726,1000.7294117808342,2000.0352941192687,2000.4509803950787,2000.6352941393852,3000.9803921580315,168.78402252197264,176.52121276855468,181.48464965820312,185.37594604492188,188.8276596069336,192.28392333984374,195.94952392578125,200.57733154296875,209.1999053955078,348.1857604980469,214.13461,0.0,test_data/Useful/Validation/Three eight at 1ft/WhatsApp Image 2024-08-23 at 10.43.40.jpeg,6159.0,15.0,31.135583080926438
48,0.0,0.0,0.0,0.0,0.0,0.0,0.0,0.0,0.0,0.0,0.0,0.0,0.0,0.0,0.0,0.0,0.0,0.0,0.0,0.0,0.0,0.0,0.0,0.0,0.0,0.0,0.0,0.0,0.0,0.0,0.0,0.0,0.0,0.0,0.0,0.0,0.0,0.0,0.0,0.0,0.0,0.0,0.0,0.0,0.0,0.0,0.0,0.0,0.0,0.0,0.0,0.0,0.0,0.0,0.0,0.0,0.0,0.0,0.0,0.0,0.0,0.0,0.0,0.0,0.0,0.0,0.0,0.0,0.0,0.0,0.0,0.0,0.0,0.0,0.0,0.0,0.0,0.0,0.0,0.0,0.0,0.0,0.0,0.0,0.0,0.0,0.0,0.0,0.0,0.0,0.0,0.0,0.32000000000005,6.559999999999945,11.799999999999955,21.0,25.279999999999973,30.039999999999964,43.27999999999997,57.0,0.0,1000.4000000059605,1000.5764706134796,1000.7098039388657,1000.8352941274643,2000.2509804069996,2000.4627451002598,2000.6000000238419,2000.6980392336845,2000.7960784435272,3001.0,169.99002075195312,177.74497985839844,182.6333770751953,186.561279296875,190.01722717285156,193.38182678222657,196.99903869628906,201.52285766601562,209.7473907470703,348.45489501953125,214.44258,0.0,test_data/Useful/Validation/Three eight at 1ft/WhatsApp Image 2024-08-23 at 10.43.41 (1).jpeg,5950.0,18.0,32.05264609747849
49,0.0,0.0,0.0,0.0,0.0,0.0,0.0,0.0,0.0,0.0,0.0,0.0,0.0,0.0,0.0,0.0,0.0,0.0,0.0,0.0,0.0,0.0,0.0,0.0,0.0,0.0,0.0,0.0,0.0,0.0,0.0,0.0,0.0,0.0,0.0,0.0,0.0,0.0,0.0,0.0,0.0,0.0,0.0,0.0,0.0,0.0,0.0,0.0,0.0,0.0,0.0,0.0,0.0,0.0,0.0,0.0,0.0,0.0,0.0,0.0,0.0,0.0,0.0,0.0,0.0,0.0,0.0,0.0,0.0,0.0,0.0,0.0,0.0,0.0,0.0,0.0,0.0,0.0,0.0,0.0,0.0,0.0,0.0,0.0,0.0,0.0,0.0,0.0,0.0,0.0,0.0,3.080000000000041,5.0,7.0,12.799999999999955,20.079999999999927,29.0,33.51999999999998,42.51999999999998,70.0,0.0,1000.4274509847164,1000.6156862974167,1000.7529411911964,1000.9137254953384,2000.3450980484486,2000.5019608139992,2000.6196078658104,2000.705882370472,2000.800000011921,3001.0,170.14420318603516,177.80642700195312,182.7117919921875,186.6298828125,190.11734771728516,193.46791381835936,197.10772705078125,201.65216064453125,209.81344604492188,348.4075622558594,214.40198,0.0,test_data/Useful/Validation/Three eight at 1ft/WhatsApp Image 2024-08-23 at 10.43.41 (2).jpeg,5855.0,20.0,26.496431797989736
50,0.0,0.0,0.0,0.0,0.0,0.0,0.0,0.0,0.0,0.0,0.0,0.0,0.0,0.0,0.0,0.0,0.0,0.0,0.0,0.0,0.0,0.0,0.0,0.0,0.0,0.0,0.0,0.0,0.0,0.0,0.0,0.0,0.0,0.0,0.0,0.0,0.0,0.0,0.0,0.0,0.0,0.0,0.0,0.0,0.0,0.0,0.0,0.0,0.0,0.0,0.0,0.0,0.0,0.0,0.0,0.0,0.0,0.0,0.0,0.0,0.0,0.0,0.0,0.0,0.0,0.0,0.0,0.0,0.0,0.0,0.0,0.0,0.0,0.0,0.0,0.0,0.0,0.0,0.0,0.0,0.0,0.0,0.0,0.0,0.0,0.0,0.0,0.0,0.0,0.0,0.0,0.0,2.32000000000005,6.559999999999945,10.0,17.039999999999964,26.0,35.51999999999998,47.0,62.0,0.0,1000.3960784375668,1000.5686274766922,1000.7019608020782,1000.8196078538895,2000.2078431397676,2000.4509803950787,2000.5882353186607,2000.6941176652908,2000.7921568751335,3001.0,170.02472686767578,177.77356872558593,182.7453842163086,186.6154327392578,190.06031799316406,193.39837646484375,197.00296020507812,201.57815551757812,209.72772216796875,348.4371643066406,214.4036,0.0,test_data/Useful/Validation/Three eight at 1ft/WhatsApp Image 2024-08-23 at 10.43.41.jpeg,5920.0,19.0,27.620350144029533
51,0.0,0.0,0.0,0.0,0.0,0.0,0.0,0.0,0.0,0.0,0.0,0.0,0.0,0.0,0.0,0.0,0.0,0.0,0.0,0.0,0.0,0.0,0.0,0.0,0.0,0.0,0.0,0.0,0.0,0.0,0.0,0.0,0.0,0.0,0.0,0.0,0.0,0.0,0.0,0.0,0.0,0.0,0.0,0.0,0.0,0.0,0.0,0.0,0.0,0.0,0.0,0.0,0.0,0.0,0.0,0.0,0.0,0.0,0.0,0.0,0.0,0.0,0.0,0.0,0.0,0.0,0.0,0.0,0.0,0.0,0.0,0.0,0.0,0.0,0.0,0.0,0.0,0.0,0.0,0.0,0.0,0.0,0.0,0.0,0.0,0.0,0.0,0.0,0.0,0.0,0.0,0.0,2.32000000000005,8.0,11.799999999999955,16.039999999999964,20.839999999999918,32.51999999999998,44.0,65.0,0.0,1000.4352941215038,1000.6196078658104,1000.7568627595901,1000.9176470637321,2000.3490196168423,2000.5058823823929,2000.6196078658104,2000.7098039388657,2000.800000011921,3001.0,170.04452514648438,177.78142395019532,182.72559204101563,186.59595336914063,190.06637573242188,193.4260711669922,197.02679443359375,201.5625762939453,209.9185333251953,348.4155578613281,214.39175,0.0,test_data/Useful/Validation/Three eight at 1ft/WhatsApp Image 2024-08-23 at 10.43.42 (1).jpeg,5872.0,19.0,29.8834938111791
52,0.0,0.0,0.0,0.0,0.0,0.0,0.0,0.0,0.0,0.0,0.0,0.0,0.0,0.0,0.0,0.0,0.0,0.0,0.0,0.0,0.0,0.0,0.0,0.0,0.0,0.0,0.0,0.0,0.0,0.0,0.0,0.0,0.0,0.0,0.0,0.0,0.0,0.0,0.0,0.0,0.0,0.0,0.0,0.0,0.0,0.0,0.0,0.0,0.0,0.0,0.0,0.0,0.0,0.0,0.0,0.0,0.0,0.0,0.0,0.0,0.0,0.0,0.0,0.0,0.0,0.0,0.0,0.0,0.0,0.0,0.0,0.0,0.0,0.0,0.0,0.0,0.0,0.0,0.0,0.0,0.0,0.0,0.0,0.0,0.0,0.0,0.0,0.0,0.0,0.0,0.0,1.080000000000041,4.0,6.559999999999945,11.799999999999955,17.039999999999964,23.279999999999973,31.59999999999991,41.0,64.0,0.0,1000.3843137323856,1000.54509806633,1000.6745098233223,1000.7764706015587,1000.9215686321259,2000.3843137323856,2000.556862771511,2000.6745098233223,2000.784313738346,3001.0,169.97093200683594,177.8244171142578,182.725439453125,186.60607299804687,190.055419921875,193.38936462402344,197.026936340332,201.5756378173828,209.72116088867188,348.4599304199219,214.27072,0.0,test_data/Useful/Validation/Three eight at 1ft/WhatsApp Image 2024-08-23 at 10.43.42.jpeg,5954.0,19.0,38.11576497873719
53,0.0,0.0,0.0,0.0,0.0,0.0,0.0,0.0,0.0,0.0,0.0,0.0,0.0,0.0,0.0,0.0,0.0,0.0,0.0,0.0,0.0,0.0,0.0,0.0,0.0,0.0,0.0,0.0,0.0,0.0,0.0,0.0,0.0,0.0,0.0,0.0,0.0,0.0,0.0,0.0,0.0,0.0,0.0,0.0,0.0,0.0,0.0,0.0,0.0,0.0,0.0,0.0,0.0,0.0,0.0,0.0,0.0,0.0,0.0,0.0,0.0,0.0,0.0,0.0,0.0,0.0,0.0,0.0,0.0,0.0,0.0,0.0,0.0,0.0,0.0,0.0,0.0,0.0,0.0,0.0,0.0,0.0,0.0,0.0,0.0,0.0,0.0,0.0,0.0,0.0,0.0,0.0,0.0,1.5599999999999454,6.7999999999999545,15.0,19.839999999999918,28.0,37.51999999999998,67.0,0.0,1000.392156869173,1000.5607843399048,1000.6862745285034,1000.7960784435272,1000.9960784316063,2000.419607847929,2000.572549045086,2000.6862745285034,2000.7921568751335,3001.0,170.07024688720702,177.72930908203125,182.65997772216798,186.5500244140625,189.95274353027344,193.3242950439453,196.90982055664062,201.48373413085938,209.76065063476562,348.4685974121094,214.21935,0.0,test_data/Useful/Validation/Three eight at 1ft/WhatsApp Image 2024-08-23 at 10.43.43 (1).jpeg,5967.0,14.0,25.525834478232724
54,0.0,0.0,0.0,0.0,0.0,0.0,0.0,0.0,0.0,0.0,0.0,0.0,0.0,0.0,0.0,0.0,0.0,0.0,0.0,0.0,0.0,0.0,0.0,0.0,0.0,0.0,0.0,0.0,0.0,0.0,0.0,0.0,0.0,0.0,0.0,0.0,0.0,0.0,0.0,0.0,0.0,0.0,0.0,0.0,0.0,0.0,0.0,0.0,0.0,0.0,0.0,0.0,0.0,0.0,0.0,0.0,0.0,0.0,0.0,0.0,0.0,0.0,0.0,0.0,0.0,0.0,0.0,0.0,0.0,0.0,0.0,0.0,0.0,0.0,0.0,0.0,0.0,0.0,0.0,0.0,0.0,0.0,0.0,0.0,0.0,0.0,0.0,0.0,0.0,0.0,0.0,0.0,0.0,0.0,1.7999999999999545,7.039999999999964,14.279999999999973,25.0,37.27999999999997,63.0,0.0,1000.4352941215038,1000.6235294342041,1000.7607843279839,1000.9254902005196,2000.3568627536297,2000.5098039507866,2000.623529434204,2000.7137255072594,2000.8039215803146,3001.0,170.09786987304688,177.85036926269532,182.72793579101562,186.66476440429688,190.1214599609375,193.51309204101562,197.08299255371094,201.67127990722656,209.80780029296875,348.43267822265625,214.36575,0.0,test_data/Useful/Validation/Three eight at 1ft/WhatsApp Image 2024-08-23 at 10.43.43 (2).jpeg,5927.0,12.0,30.287933796170506
55,0.0,0.0,0.0,0.0,0.0,0.0,0.0,0.0,0.0,0.0,0.0,0.0,0.0,0.0,0.0,0.0,0.0,0.0,0.0,0.0,0.0,0.0,0.0,0.0,0.0,0.0,0.0,0.0,0.0,0.0,0.0,0.0,0.0,0.0,0.0,0.0,0.0,0.0,0.0,0.0,0.0,0.0,0.0,0.0,0.0,0.0,0.0,0.0,0.0,0.0,0.0,0.0,0.0,0.0,0.0,0.0,0.0,0.0,0.0,0.0,0.0,0.0,0.0,0.0,0.0,0.0,0.0,0.0,0.0,0.0,0.0,0.0,0.0,0.0,0.0,0.0,0.0,0.0,0.0,0.0,0.0,0.0,0.0,0.0,0.0,0.0,0.0,0.0,0.0,0.0,1.6800000000000637,3.0,5.96000000000015,11.559999999999945,15.0,21.039999999999964,32.0,36.0,49.319999999999936,67.0,0.0,1000.4941176474094,1000.6980392336845,1000.866666674614,2000.3019607961178,2000.4549019634724,2000.5686274766922,2000.6549019813538,2000.7294117808342,2000.8156862854958,3001.0,170.2294921875,177.9257598876953,182.82666015625,186.6807861328125,190.19119262695312,193.56130981445312,197.15176391601562,201.75209045410156,210.00421142578125,348.3781433105469,214.4881,0.0,test_data/Useful/Validation/Three eight at 1ft/WhatsApp Image 2024-08-23 at 10.43.43.jpeg,5913.0,22.0,31.574060123698462
56,0.0,0.0,0.0,0.0,0.0,0.0,0.0,0.0,0.0,0.0,0.0,0.0,0.0,0.0,0.0,0.0,0.0,0.0,0.0,0.0,0.0,0.0,0.0,0.0,0.0,0.0,0.0,0.0,0.0,0.0,0.0,0.0,0.0,0.0,0.0,0.0,0.0,0.0,0.0,0.0,0.0,0.0,0.0,0.0,0.0,0.0,0.0,0.0,0.0,0.0,0.0,0.0,0.0,0.0,0.0,0.0,0.0,0.0,0.0,0.0,0.0,0.0,0.0,0.0,0.0,0.0,0.0,0.0,0.0,0.0,0.0,0.0,0.0,0.0,0.0,0.0,0.0,0.0,0.0,0.0,0.0,0.0,0.0,0.0,0.0,0.0,0.0,0.0,0.0,0.0,1.8400000000000318,4.0,8.0,10.0,12.799999999999955,16.039999999999964,20.0,34.0,43.75999999999999,69.0,0.0,1000.4588235318661,1000.6549019813538,1000.8039215803146,2000.188235297799,2000.4156862795353,2000.54509806633,2000.6431372761726,2000.7254902124405,2000.811764717102,3001.0,170.35337829589844,177.97412109375,182.8418746948242,186.75125122070312,190.21722412109375,193.641357421875,197.22837829589844,201.78103637695312,209.9650421142578,348.3443603515625,214.50441,0.0,test_data/Useful/Validation/Three eight at 1ft/WhatsApp Image 2024-08-23 at 10.43.44 (1).jpeg,5905.0,20.0,32.446996504212606
57,0.0,0.0,0.0,0.0,0.0,0.0,0.0,0.0,0.0,0.0,0.0,0.0,0.0,0.0,0.0,0.0,0.0,0.0,0.0,0.0,0.0,0.0,0.0,0.0,0.0,0.0,0.0,0.0,0.0,0.0,0.0,0.0,0.0,0.0,0.0,0.0,0.0,0.0,0.0,0.0,0.0,0.0,0.0,0.0,0.0,0.0,0.0,0.0,0.0,0.0,0.0,0.0,0.0,0.0,0.0,0.0,0.0,0.0,0.0,0.0,0.0,0.0,0.0,0.0,0.0,0.0,0.0,0.0,0.0,0.0,0.0,0.0,0.0,0.0,0.0,0.0,0.0,0.0,0.0,0.0,0.0,0.0,0.0,0.0,0.0,0.0,0.0,0.0,0.0,0.0,3.0,5.0,7.32000000000005,10.0,15.0,26.11999999999989,32.559999999999945,38.51999999999998,46.799999999999955,60.0,0.0,1000.4392156898975,1000.6156862974167,1000.745098054409,1000.8784313797951,2000.3176470696926,2000.486274510622,2000.6078431606293,2000.7019608020782,2000.800000011921,3001.0,170.073486328125,177.86724853515625,182.86972045898438,186.74581909179688,190.2696075439453,193.5721435546875,197.20077514648438,201.84048461914062,210.00833129882812,348.37847900390625,214.50142,0.0,test_data/Useful/Validation/Three eight at 1ft/WhatsApp Image 2024-08-23 at 10.43.44 (2).jpeg,5895.0,24.0,30.154517411546113
58,0.0,0.0,0.0,0.0,0.0,0.0,0.0,0.0,0.0,0.0,0.0,0.0,0.0,0.0,0.0,0.0,0.0,0.0,0.0,0.0,0.0,0.0,0.0,0.0,0.0,0.0,0.0,0.0,0.0,0.0,0.0,0.0,0.0,0.0,0.0,0.0,0.0,0.0,0.0,0.0,0.0,0.0,0.0,0.0,0.0,0.0,0.0,0.0,0.0,0.0,0.0,0.0,0.0,0.0,0.0,0.0,0.0,0.0,0.0,0.0,0.0,0.0,0.0,0.0,0.0,0.0,0.0,0.0,0.0,0.0,0.0,0.0,0.0,0.0,0.0,0.0,0.0,0.0,0.0,0.0,0.0,0.0,0.0,0.0,0.0,0.0,0.0,0.0,0.0,0.0,0.0,1.0,6.0,11.11999999999989,15.0,22.079999999999927,28.839999999999918,36.559999999999945,44.0,59.0,0.0,1000.4156862795353,1000.5960784554482,1000.7333333492279,1000.8745098114014,2000.3176470696926,2000.4941176474094,2000.6156862974167,2000.7098039388657,2000.8039215803146,3001.0,170.20644836425782,177.91448974609375,182.78427124023438,186.67291259765625,190.15880584716797,193.50982360839845,197.1537307739258,201.67593994140626,209.88116455078125,348.4072265625,214.3492,0.0,test_data/Useful/Validation/Three eight at 1ft/WhatsApp Image 2024-08-23 at 10.43.44.jpeg,5949.0,21.0,29.506333921255212
59,0.0,0.0,0.0,0.0,0.0,0.0,0.0,0.0,0.0,0.0,0.0,0.0,0.0,0.0,0.0,0.0,0.0,0.0,0.0,0.0,0.0,0.0,0.0,0.0,0.0,0.0,0.0,0.0,0.0,0.0,0.0,0.0,0.0,0.0,0.0,0.0,0.0,0.0,0.0,0.0,0.0,0.0,0.0,0.0,0.0,0.0,0.0,0.0,0.0,0.0,0.0,0.0,0.0,0.0,0.0,0.0,0.0,0.0,0.0,0.0,0.0,0.0,0.0,0.0,0.0,0.0,0.0,0.0,0.0,0.0,0.0,0.0,0.0,0.0,0.0,0.0,0.0,0.0,0.0,0.0,0.0,0.0,0.0,0.0,0.0,0.0,0.0,0.0,0.0,0.0,0.0,0.0,0.0,0.0,2.0,9.0,16.279999999999973,26.559999999999945,36.75999999999999,61.0,0.0,1000.4156862795353,1000.5960784554482,1000.7333333492279,1000.8705882430077,2000.3098039329052,2000.4941176474094,2000.6156862974167,2000.7098039388657,2000.8039215803146,3001.0,170.11541748046875,177.8321075439453,182.773828125,186.66044006347656,190.15411376953125,193.53038940429687,197.10420989990234,201.63673400878906,209.8048553466797,348.4162902832031,214.28438,0.0,test_data/Useful/Validation/Three eight at 1ft/WhatsApp Image 2024-08-23 at 10.43.45 (1).jpeg,5973.0,13.0,30.834598249224456
60,0.0,0.0,0.0,0.0,0.0,0.0,0.0,0.0,0.0,0.0,0.0,0.0,0.0,0.0,0.0,0.0,0.0,0.0,0.0,0.0,0.0,0.0,0.0,0.0,0.0,0.0,0.0,0.0,0.0,0.0,0.0,0.0,0.0,0.0,0.0,0.0,0.0,0.0,0.0,0.0,0.0,0.0,0.0,0.0,0.0,0.0,0.0,0.0,0.0,0.0,0.0,0.0,0.0,0.0,0.0,0.0,0.0,0.0,0.0,0.0,0.0,0.0,0.0,0.0,0.0,0.0,0.0,0.0,0.0,0.0,0.0,0.0,0.0,0.0,0.0,0.0,0.0,0.0,0.0,0.0,0.0,0.0,0.0,0.0,0.0,0.0,1.0,4.1200000000000045,7.360000000000014,8.600000000000023,11.840000000000032,14.080000000000041,18.0,21.0,25.0,31.039999999999964,36.0,44.0,56.559999999999945,71.0,0.0,1000.4549019634724,1000.6745098233223,1000.8235294222832,2000.1960784345865,2000.4431372582912,2000.5764706134796,2000.6745098233223,2000.7490196228027,2000.8313725590706,3001.0,170.86751708984374,178.48045654296874,183.4049499511719,187.25526428222656,190.6728973388672,194.05902099609375,197.72631378173827,202.21974487304686,210.45648193359375,348.1500549316406,215.18997,0.0,test_data/Useful/Validation/Three eight at 1ft/WhatsApp Image 2024-08-23 at 11.02.00.jpeg,5820.0,31.0,30.261344105579425
61,0.0,0.0,0.0,0.0,0.0,0.0,0.0,0.0,0.0,0.0,0.0,0.0,0.0,0.0,0.0,0.0,0.0,0.0,0.0,0.0,0.0,0.0,0.0,0.0,0.0,0.0,0.0,0.0,0.0,0.0,0.0,0.0,0.0,0.0,0.0,0.0,0.0,0.0,0.0,0.0,0.0,0.0,0.0,0.0,0.0,0.0,0.0,0.0,0.0,0.0,0.0,0.0,0.0,0.0,0.0,0.0,0.0,0.0,0.0,0.0,0.0,0.0,0.0,0.0,0.0,0.0,0.0,0.0,0.0,0.0,0.0,0.0,0.0,0.0,0.0,0.0,0.0,0.0,0.0,0.0,0.0,0.0,0.0,0.0,0.0,1.0,3.0,5.1200000000000045,8.360000000000014,10.0,12.0,14.080000000000041,16.32000000000005,20.559999999999945,26.0,30.0,33.27999999999997,40.0,45.51999999999998,87.0,0.0,1000.4392156898975,1000.6549019813538,1000.8039215803146,2000.1215686276555,2000.4235294163227,2000.5647059082985,2000.6666666865349,2000.745098054409,2000.8274509906769,3001.0,170.74172973632812,178.4089813232422,183.3190155029297,187.26922607421875,190.70433044433594,194.0333465576172,197.58570251464843,202.0888641357422,210.31594848632812,348.15673828125,215.05841,0.0,test_data/Useful/Validation/Three eight at 1ft/WhatsApp Image 2024-08-23 at 11.02.06.jpeg,5780.0,31.0,30.102805107531694
62,0.0,0.0,0.0,0.0,0.0,0.0,0.0,0.0,0.0,0.0,0.0,0.0,0.0,0.0,0.0,0.0,0.0,0.0,0.0,0.0,0.0,0.0,0.0,0.0,0.0,0.0,0.0,0.0,0.0,0.0,0.0,0.0,0.0,0.0,0.0,0.0,0.0,0.0,0.0,0.0,0.0,0.0,0.0,0.0,0.0,0.0,0.0,0.0,0.0,0.0,0.0,0.0,0.0,0.0,0.0,0.0,0.0,0.0,0.0,0.0,0.0,0.0,0.0,0.0,0.0,0.0,0.0,0.0,0.0,0.0,0.0,0.0,0.0,0.0,0.0,0.0,0.0,0.0,0.0,0.0,0.0,0.0,0.0,0.0,0.0,0.0,0.0,1.0,3.0,5.0,9.840000000000032,14.080000000000041,18.32000000000005,19.0,24.0,29.039999999999964,36.559999999999945,42.039999999999964,49.0,58.0,0.0,1000.4352941215038,1000.6470588445663,1000.7921568751335,1001.0,2000.4117647111416,2000.5607843399048,2000.6627451181412,2000.7411764860153,2000.8274509906769,3001.0,170.69331817626954,178.36342163085936,183.30496215820312,187.14002990722656,190.59173583984375,193.93396911621093,197.53668212890625,202.10220336914062,210.2677001953125,348.2231140136719,214.98619,0.0,test_data/Useful/Validation/Three eight at 1ft/WhatsApp Image 2024-08-23 at 11.02.10 (1).jpeg,5874.0,29.0,32.23970674883423
63,0.0,0.0,0.0,0.0,0.0,0.0,0.0,0.0,0.0,0.0,0.0,0.0,0.0,0.0,0.0,0.0,0.0,0.0,0.0,0.0,0.0,0.0,0.0,0.0,0.0,0.0,0.0,0.0,0.0,0.0,0.0,0.0,0.0,0.0,0.0,0.0,0.0,0.0,0.0,0.0,0.0,0.0,0.0,0.0,0.0,0.0,0.0,0.0,0.0,0.0,0.0,0.0,0.0,0.0,0.0,0.0,0.0,0.0,0.0,0.0,0.0,0.0,0.0,0.0,0.0,0.0,0.0,0.0,0.0,0.0,0.0,0.0,0.0,0.0,0.0,0.0,0.0,0.0,0.0,0.0,0.0,0.0,0.0,0.0,0.0,0.0,1.8799999999999955,5.0,8.0,11.0,13.0,14.0,17.0,21.0,24.59999999999991,31.0,35.0,41.0,44.0,65.0,0.0,1000.4392156898975,1000.6666666865349,1000.8235294222832,2000.2078431397676,2000.4509803950787,2000.584313750267,2000.6745098233223,2000.7529411911964,2000.8352941274643,3001.0,170.44226531982423,178.25621032714844,183.18989105224608,187.15638732910156,190.59774780273438,193.95468139648438,197.59019470214844,202.14186096191406,210.362548828125,348.1660461425781,215.25626,0.0,test_data/Useful/Validation/Three eight at 1ft/WhatsApp Image 2024-08-23 at 11.02.10.jpeg,5796.0,29.0,27.16908724862747
64,0.0,0.0,0.0,0.0,0.0,0.0,0.0,0.0,0.0,0.0,0.0,0.0,0.0,0.0,0.0,0.0,0.0,0.0,0.0,0.0,0.0,0.0,0.0,0.0,0.0,0.0,0.0,0.0,0.0,0.0,0.0,0.0,0.0,0.0,0.0,0.0,0.0,0.0,0.0,0.0,0.0,0.0,0.0,0.0,0.0,0.0,0.0,0.0,0.0,0.0,0.0,0.0,0.0,0.0,0.0,0.0,0.0,0.0,0.0,0.0,0.0,0.0,0.0,0.0,0.0,0.0,0.0,0.0,0.0,0.0,0.0,0.0,0.0,0.0,0.0,0.0,0.0,0.0,0.0,0.0,0.0,0.0,0.0,0.0,0.0,0.0,0.0,0.0,0.0,0.6000000000000227,4.0,7.080000000000041,12.32000000000005,16.0,21.0,28.0,32.27999999999997,36.0,46.0,68.0,0.0,1000.4392156898975,1000.6588235497475,1000.8156862854958,2000.188235297799,2000.4431372582912,2000.5803921818733,2000.6745098233223,2000.7490196228027,2000.8352941274643,3001.0,170.36283111572266,178.272509765625,183.24035034179687,187.16355895996094,190.62408447265625,193.96604919433594,197.5487518310547,202.1061553955078,210.34243774414062,348.1831359863281,215.13004,0.0,test_data/Useful/Validation/Three eight at 1ft/WhatsApp Image 2024-08-23 at 11.02.11 (1).jpeg,5821.0,23.0,29.262670000516867
65,0.0,0.0,0.0,0.0,0.0,0.0,0.0,0.0,0.0,0.0,0.0,0.0,0.0,0.0,0.0,0.0,0.0,0.0,0.0,0.0,0.0,0.0,0.0,0.0,0.0,0.0,0.0,0.0,0.0,0.0,0.0,0.0,0.0,0.0,0.0,0.0,0.0,0.0,0.0,0.0,0.0,0.0,0.0,0.0,0.0,0.0,0.0,0.0,0.0,0.0,0.0,0.0,0.0,0.0,0.0,0.0,0.0,0.0,0.0,0.0,0.0,0.0,0.0,0.0,0.0,0.0,0.0,0.0,0.0,0.0,0.0,0.0,0.0,0.0,0.0,0.0,0.0,0.0,0.0,0.0,0.0,0.0,0.0,0.0,0.0,0.0,0.0,2.0,4.0,6.0,10.0,13.0,18.0,21.0,24.0,27.039999999999964,33.0,41.559999999999945,47.51999999999998,90.0,0.0,1000.4627451002598,1000.6823529601097,1000.8431372642517,2000.2470588237047,2000.458823531866,2000.584313750267,2000.6745098233223,2000.7490196228027,2000.8313725590706,3001.0,170.95091247558594,178.58274841308594,183.46426391601562,187.30514526367188,190.76998901367188,194.09080505371094,197.69497680664062,202.2484588623047,210.4066162109375,348.1488342285156,215.13002,0.0,test_data/Useful/Validation/Three eight at 1ft/WhatsApp Image 2024-08-23 at 11.02.11 (2).jpeg,5769.0,28.0,33.324362875604784
66,0.0,0.0,0.0,0.0,0.0,0.0,0.0,0.0,0.0,0.0,0.0,0.0,0.0,0.0,0.0,0.0,0.0,0.0,0.0,0.0,0.0,0.0,0.0,0.0,0.0,0.0,0.0,0.0,0.0,0.0,0.0,0.0,0.0,0.0,0.0,0.0,0.0,0.0,0.0,0.0,0.0,0.0,0.0,0.0,0.0,0.0,0.0,0.0,0.0,0.0,0.0,0.0,0.0,0.0,0.0,0.0,0.0,0.0,0.0,0.0,0.0,0.0,0.0,0.0,0.0,0.0,0.0,0.0,0.0,0.0,0.0,0.0,0.0,0.0,0.0,0.0,0.0,0.0,0.0,0.0,0.0,0.0,0.0,0.0,1.0,2.0,4.8799999999999955,7.1200000000000045,8.360000000000014,11.600000000000023,14.0,17.0,21.0,24.559999999999945,27.799999999999955,30.079999999999927,39.27999999999997,43.0,52.75999999999999,81.0,0.0,1000.4313725531101,1000.6431372761726,1000.7882353067398,1000.9921568632126,2000.4000000059605,2000.556862771511,2000.6588235497475,2000.7411764860153,2000.8235294222832,3001.0,170.7562255859375,178.4584197998047,183.37808227539062,187.24945678710938,190.72056579589844,194.07671813964845,197.70944213867188,202.20455932617188,210.42282104492188,348.1173400878906,215.18265,0.0,test_data/Useful/Validation/Three eight at 1ft/WhatsApp Image 2024-08-23 at 11.02.11.jpeg,5763.0,31.0,30.11702367153855
67,0.0,0.0,0.0,0.0,0.0,0.0,0.0,0.0,0.0,0.0,0.0,0.0,0.0,0.0,0.0,0.0,0.0,0.0,0.0,0.0,0.0,0.0,0.0,0.0,0.0,0.0,0.0,0.0,0.0,0.0,0.0,0.0,0.0,0.0,0.0,0.0,0.0,0.0,0.0,0.0,0.0,0.0,0.0,0.0,0.0,0.0,0.0,0.0,0.0,0.0,0.0,0.0,0.0,0.0,0.0,0.0,0.0,0.0,0.0,0.0,0.0,0.0,0.0,0.0,0.0,0.0,0.0,0.0,0.0,0.0,0.0,0.0,0.0,0.0,0.0,0.0,0.0,0.0,0.0,0.0,0.0,0.0,0.0,0.0,0.0,0.0,0.0,0.0,3.0,7.0,10.0,15.080000000000041,19.0,22.0,25.59999999999991,35.0,37.559999999999945,43.039999999999964,52.51999999999998,82.0,0.0,1000.4980392158031,1000.7215686440468,1000.9019607901573,2000.3215686380863,2000.4901960790157,2000.6039215922356,2000.6862745285034,2000.7529411911964,2000.8352941274643,3001.0,170.89739990234375,178.50839233398438,183.4113311767578,187.27105712890625,190.73492431640625,194.06930541992188,197.65963745117188,202.18060302734375,210.3463134765625,348.123291015625,215.09155,0.0,test_data/Useful/Validation/Three eight at 1ft/WhatsApp Image 2024-08-23 at 11.02.12 (1).jpeg,5766.0,32.0,29.360199940242147
68,0.0,0.0,0.0,0.0,0.0,0.0,0.0,0.0,0.0,0.0,0.0,0.0,0.0,0.0,0.0,0.0,0.0,0.0,0.0,0.0,0.0,0.0,0.0,0.0,0.0,0.0,0.0,0.0,0.0,0.0,0.0,0.0,0.0,0.0,0.0,0.0,0.0,0.0,0.0,0.0,0.0,0.0,0.0,0.0,0.0,0.0,0.0,0.0,0.0,0.0,0.0,0.0,0.0,0.0,0.0,0.0,0.0,0.0,0.0,0.0,0.0,0.0,0.0,0.0,0.0,0.0,0.0,0.0,0.0,0.0,0.0,0.0,0.0,0.0,0.0,0.0,0.0,0.0,0.0,0.0,0.0,0.0,0.0,0.0,0.0,0.0,2.759999999999991,4.1200000000000045,7.0,9.0,11.0,15.080000000000041,18.0,20.0,23.0,28.0,31.279999999999973,38.51999999999998,47.51999999999998,59.0,0.0,1000.4431372582912,1000.6627451181412,1000.8156862854958,2000.2000000029802,2000.4509803950787,2000.584313750267,2000.6745098233223,2000.7490196228027,2000.8352941274643,3001.0,170.69996032714843,178.4065704345703,183.35496215820314,187.20242614746093,190.60358428955078,193.9574768066406,197.56589050292968,202.08383483886718,210.36070251464847,348.16070556640625,215.11334,0.0,test_data/Useful/Validation/Three eight at 1ft/WhatsApp Image 2024-08-23 at 11.02.12 (2).jpeg,5730.0,31.0,27.32713615875132
69,0.0,0.0,0.0,0.0,0.0,0.0,0.0,0.0,0.0,0.0,0.0,0.0,0.0,0.0,0.0,0.0,0.0,0.0,0.0,0.0,0.0,0.0,0.0,0.0,0.0,0.0,0.0,0.0,0.0,0.0,0.0,0.0,0.0,0.0,0.0,0.0,0.0,0.0,0.0,0.0,0.0,0.0,0.0,0.0,0.0,0.0,0.0,0.0,0.0,0.0,0.0,0.0,0.0,0.0,0.0,0.0,0.0,0.0,0.0,0.0,0.0,0.0,0.0,0.0,0.0,0.0,0.0,0.0,0.0,0.0,0.0,0.0,0.0,0.0,0.0,0.0,0.0,0.0,0.0,0.0,0.0,0.0,0.0,0.15999999999996817,1.0,4.0,5.0,7.0,9.0,11.0,13.0,16.08000000000004,21.32000000000005,25.559999999999945,29.0,34.0,38.0,41.51999999999998,51.51999999999998,60.0,0.0,1000.4901960790157,1000.7137255072594,1000.8941176533699,2000.3098039329052,2000.486274510622,2000.6000000238419,2000.6823529601097,2000.7529411911964,2000.8352941274643,3001.0,170.70544891357423,178.3656463623047,183.37222442626953,187.22356567382812,190.66495513916016,193.98822937011718,197.6121398925781,202.1643249511719,210.351806640625,348.1058044433594,215.19888,0.0,test_data/Useful/Validation/Three eight at 1ft/WhatsApp Image 2024-08-23 at 11.02.12.jpeg,5678.0,34.0,29.188060986187626
70,0.0,0.0,0.0,0.0,0.0,0.0,0.0,0.0,0.0,0.0,0.0,0.0,0.0,0.0,0.0,0.0,0.0,0.0,0.0,0.0,0.0,0.0,0.0,0.0,0.0,0.0,0.0,0.0,0.0,0.0,0.0,0.0,0.0,0.0,0.0,0.0,0.0,0.0,0.0,0.0,0.0,0.0,0.0,0.0,0.0,0.0,0.0,0.0,0.0,0.0,0.0,0.0,0.0,0.0,0.0,0.0,0.0,0.0,0.0,0.0,0.0,0.0,0.0,0.0,0.0,0.0,0.0,0.0,0.0,0.0,0.0,0.0,0.0,0.0,0.0,0.0,0.0,0.0,0.0,0.0,0.0,0.0,0.0,0.0,0.0,0.6399999999999864,2.0,6.0,8.0,11.600000000000023,13.0,16.08000000000004,19.32000000000005,23.559999999999945,28.399999999999864,33.0,36.0,41.51999999999998,49.0,83.0,0.0,1000.4588235318661,1000.678431391716,1000.8352941274643,2000.2235294133425,2000.4509803950787,2000.5803921818733,2000.6745098233223,2000.7490196228027,2000.8313725590706,3001.0,170.79295959472657,178.47611083984376,183.43875122070312,187.31717529296876,190.7437744140625,194.07843322753905,197.64898681640625,202.19577026367188,210.42507934570312,348.1192626953125,215.13562,0.0,test_data/Useful/Validation/Three eight at 1ft/WhatsApp Image 2024-08-23 at 11.02.13 (1).jpeg,5758.0,34.0,30.66673115492249
71,0.0,0.0,0.0,0.0,0.0,0.0,0.0,0.0,0.0,0.0,0.0,0.0,0.0,0.0,0.0,0.0,0.0,0.0,0.0,0.0,0.0,0.0,0.0,0.0,0.0,0.0,0.0,0.0,0.0,0.0,0.0,0.0,0.0,0.0,0.0,0.0,0.0,0.0,0.0,0.0,0.0,0.0,0.0,0.0,0.0,0.0,0.0,0.0,0.0,0.0,0.0,0.0,0.0,0.0,0.0,0.0,0.0,0.0,0.0,0.0,0.0,0.0,0.0,0.0,0.0,0.0,0.0,0.0,0.0,0.0,0.0,0.0,0.0,0.0,0.0,0.0,0.0,0.0,0.0,0.0,0.0,0.0,0.0,0.0,0.0,0.0,1.0,2.0,3.0,7.0,9.0,15.080000000000041,18.0,22.559999999999945,26.0,31.0,40.0,46.51999999999998,51.27999999999997,90.0,0.0,1000.4784313738346,1000.7019608020782,1000.866666674614,2000.2745098173618,2000.4666666686535,2000.5882353186607,2000.678431391716,2000.7490196228027,2000.8313725590706,3001.0,170.6829833984375,178.44151611328124,183.38900909423828,187.34656982421876,190.761962890625,194.06375122070312,197.68540954589844,202.1808624267578,210.3605499267578,348.0953674316406,215.08818,0.0,test_data/Useful/Validation/Three eight at 1ft/WhatsApp Image 2024-08-23 at 11.02.13 (2).jpeg,5660.0,29.0,30.75544079132995
72,0.0,0.0,0.0,0.0,0.0,0.0,0.0,0.0,0.0,0.0,0.0,0.0,0.0,0.0,0.0,0.0,0.0,0.0,0.0,0.0,0.0,0.0,0.0,0.0,0.0,0.0,0.0,0.0,0.0,0.0,0.0,0.0,0.0,0.0,0.0,0.0,0.0,0.0,0.0,0.0,0.0,0.0,0.0,0.0,0.0,0.0,0.0,0.0,0.0,0.0,0.0,0.0,0.0,0.0,0.0,0.0,0.0,0.0,0.0,0.0,0.0,0.0,0.0,0.0,0.0,0.0,0.0,0.0,0.0,0.0,0.0,0.0,0.0,0.0,0.0,0.0,0.0,0.0,0.0,0.0,0.0,0.0,0.0,0.0,0.0,0.0,0.0,2.0,3.3600000000000136,5.600000000000023,9.0,12.080000000000041,14.32000000000005,17.0,18.799999999999955,23.159999999999854,31.559999999999945,38.51999999999998,48.039999999999964,65.0,0.0,1000.4745098054409,1000.6941176652908,1000.8627451062202,2000.2784313857555,2000.4705882370472,2000.5921568870544,2000.678431391716,2000.7490196228027,2000.8313725590706,3001.0,170.79522705078125,178.4076690673828,183.3638488769531,187.23562927246095,190.70626068115234,194.0359649658203,197.67295837402344,202.26025390625,210.42617797851562,348.09381103515625,215.03528,0.0,test_data/Useful/Validation/Three eight at 1ft/WhatsApp Image 2024-08-23 at 11.02.13.jpeg,5703.0,28.0,32.123778261917884
73,0.0,0.0,0.0,0.0,0.0,0.0,0.0,0.0,0.0,0.0,0.0,0.0,0.0,0.0,0.0,0.0,0.0,0.0,0.0,0.0,0.0,0.0,0.0,0.0,0.0,0.0,0.0,0.0,0.0,0.0,0.0,0.0,0.0,0.0,0.0,0.0,0.0,0.0,0.0,0.0,0.0,0.0,0.0,0.0,0.0,0.0,0.0,0.0,0.0,0.0,0.0,0.0,0.0,0.0,0.0,0.0,0.0,0.0,0.0,0.0,0.0,0.0,0.0,0.0,0.0,0.0,0.0,0.0,0.0,0.0,0.0,0.0,0.0,0.0,0.0,0.0,0.0,0.0,0.0,0.0,0.0,0.0,0.0,0.0,0.0,0.0,3.0,4.1200000000000045,8.0,9.0,10.0,14.080000000000041,18.32000000000005,21.0,26.0,30.0,34.83999999999992,39.51999999999998,46.27999999999997,64.0,0.0,1000.4627451002598,1000.6823529601097,1000.8431372642517,2000.2470588237047,2000.4549019634724,2000.5803921818733,2000.6745098233223,2000.745098054409,2000.8274509906769,3001.0,170.87582397460938,178.55465698242188,183.442626953125,187.329345703125,190.74526977539062,194.1204833984375,197.6962890625,202.22901306152343,210.4107666015625,348.0762939453125,215.3047,0.0,test_data/Useful/Validation/Three eight at 1ft/WhatsApp Image 2024-08-23 at 11.02.14 (1).jpeg,5672.0,31.0,31.48196949452077
74,0.0,0.0,0.0,0.0,0.0,0.0,0.0,0.0,0.0,0.0,0.0,0.0,0.0,0.0,0.0,0.0,0.0,0.0,0.0,0.0,0.0,0.0,0.0,0.0,0.0,0.0,0.0,0.0,0.0,0.0,0.0,0.0,0.0,0.0,0.0,0.0,0.0,0.0,0.0,0.0,0.0,0.0,0.0,0.0,0.0,0.0,0.0,0.0,0.0,0.0,0.0,0.0,0.0,0.0,0.0,0.0,0.0,0.0,0.0,0.0,0.0,0.0,0.0,0.0,0.0,0.0,0.0,0.0,0.0,0.0,0.0,0.0,0.0,0.0,0.0,0.0,0.0,0.0,0.0,0.0,0.0,0.0,0.0,0.0,0.0,1.6399999999999864,4.8799999999999955,5.1200000000000045,8.0,10.0,14.0,16.08000000000004,20.0,23.11999999999989,25.0,29.039999999999964,36.0,41.039999999999964,48.51999999999998,67.0,0.0,1000.4745098054409,1000.7019608020782,1000.8784313797951,2000.298039227724,2000.4784313738346,2000.5960784554482,2000.6823529601097,2000.7529411911964,2000.8352941274643,3001.0,170.8643341064453,178.55899047851562,183.3838653564453,187.3081787109375,190.8250274658203,194.18834228515624,197.80826873779296,202.2823913574219,210.50096130371094,348.0685729980469,215.27742,0.0,test_data/Useful/Validation/Three eight at 1ft/WhatsApp Image 2024-08-23 at 11.02.14 (2).jpeg,5769.0,34.0,34.413005006914574
75,0.0,0.0,0.0,0.0,0.0,0.0,0.0,0.0,0.0,0.0,0.0,0.0,0.0,0.0,0.0,0.0,0.0,0.0,0.0,0.0,0.0,0.0,0.0,0.0,0.0,0.0,0.0,0.0,0.0,0.0,0.0,0.0,0.0,0.0,0.0,0.0,0.0,0.0,0.0,0.0,0.0,0.0,0.0,0.0,0.0,0.0,0.0,0.0,0.0,0.0,0.0,0.0,0.0,0.0,0.0,0.0,0.0,0.0,0.0,0.0,0.0,0.0,0.0,0.0,0.0,0.0,0.0,0.0,0.0,0.0,0.0,0.0,0.0,0.0,0.0,0.0,0.0,0.0,0.0,0.0,0.0,0.0,0.0,0.0,0.0,0.0,0.0,2.1200000000000045,4.360000000000014,7.0,10.0,11.0,13.32000000000005,18.559999999999945,24.59999999999991,29.039999999999964,32.559999999999945,40.039999999999964,51.75999999999999,66.0,0.0,1000.3490196168423,1000.5568627715111,1000.6941176652908,1000.7803921699524,1000.8588235378265,1000.9450980424881,2000.2666666805744,2000.5921568870544,2000.7607843279839,3001.0,170.8726013183594,178.59384155273438,183.4853546142578,187.33848571777344,190.73896026611328,194.06293334960938,197.66012268066407,202.09837951660157,210.2974090576172,348.2381896972656,215.08554,0.0,test_data/Useful/Validation/Three eight at 1ft/WhatsApp Image 2024-08-23 at 11.02.14.jpeg,5920.0,28.0,28.25214159277029
76,0.0,0.0,0.0,0.0,0.0,0.0,0.0,0.0,0.0,0.0,0.0,0.0,0.0,0.0,0.0,0.0,0.0,0.0,0.0,0.0,0.0,0.0,0.0,0.0,0.0,0.0,0.0,0.0,0.0,0.0,0.0,0.0,0.0,0.0,0.0,0.0,0.0,0.0,0.0,0.0,0.0,0.0,0.0,0.0,0.0,0.0,0.0,0.0,0.0,0.0,0.0,0.0,0.0,0.0,0.0,0.0,0.0,0.0,0.0,0.0,0.0,0.0,0.0,0.0,0.0,0.0,0.0,0.0,0.0,0.0,0.0,0.0,0.0,0.0,0.0,0.0,0.0,0.0,0.0,0.0,0.0,0.0,0.0,0.0,0.0,0.0,0.0,0.0,0.36000000000001364,3.6000000000000227,7.0,9.080000000000041,11.0,14.0,16.59999999999991,19.039999999999964,22.11999999999989,32.0,39.51999999999998,75.0,0.0,1000.2980392277241,1000.4941176474094,1000.6196078658104,1000.7372549176216,2000.1294117718935,2000.392156869173,2000.5372549295425,2000.6313725709915,2000.717647075653,3000.9764705896378,169.18941497802734,176.8774383544922,181.78317260742188,185.6277313232422,189.13499450683594,192.41265869140625,196.00177001953125,200.48834228515625,208.92747497558594,348.1938171386719,214.17543,0.0,test_data/Useful/Validation/Three eight at 1ft/WhatsApp Image 2024-08-23 at 11.02.15 (1).jpeg,5671.0,24.0,36.197458477590516
77,0.0,0.0,0.0,0.0,0.0,0.0,0.0,0.0,0.0,0.0,0.0,0.0,0.0,0.0,0.0,0.0,0.0,0.0,0.0,0.0,0.0,0.0,0.0,0.0,0.0,0.0,0.0,0.0,0.0,0.0,0.0,0.0,0.0,0.0,0.0,0.0,0.0,0.0,0.0,0.0,0.0,0.0,0.0,0.0,0.0,0.0,0.0,0.0,0.0,0.0,0.0,0.0,0.0,0.0,0.0,0.0,0.0,0.0,0.0,0.0,0.0,0.0,0.0,0.0,0.0,0.0,0.0,0.0,0.0,0.0,0.0,0.0,0.0,0.0,0.0,0.0,0.0,0.0,0.0,0.0,0.0,0.0,0.0,0.0,0.0,0.0,1.0,3.0,5.0,6.0,7.0,9.160000000000082,13.0,16.559999999999945,23.0,25.039999999999964,30.679999999999836,40.0,46.75999999999999,67.0,0.0,1000.3098039329052,1000.5019608139992,1000.6274510025978,1000.7529411911964,2000.188235297799,2000.4156862795353,2000.5490196347237,2000.6352941393852,2000.7215686440468,3001.0,169.07974243164062,176.6951690673828,181.62722778320312,185.50698852539062,188.93539428710938,192.2975311279297,195.89796447753906,200.40077209472656,208.71395874023438,348.2100830078125,214.00728,0.0,test_data/Useful/Validation/Three eight at 1ft/WhatsApp Image 2024-08-23 at 11.02.15 (2).jpeg,5570.0,29.0,33.26350166087137
78,0.0,0.0,0.0,0.0,0.0,0.0,0.0,0.0,0.0,0.0,0.0,0.0,0.0,0.0,0.0,0.0,0.0,0.0,0.0,0.0,0.0,0.0,0.0,0.0,0.0,0.0,0.0,0.0,0.0,0.0,0.0,0.0,0.0,0.0,0.0,0.0,0.0,0.0,0.0,0.0,0.0,0.0,0.0,0.0,0.0,0.0,0.0,0.0,0.0,0.0,0.0,0.0,0.0,0.0,0.0,0.0,0.0,0.0,0.0,0.0,0.0,0.0,0.0,0.0,0.0,0.0,0.0,0.0,0.0,0.0,0.0,0.0,0.0,0.0,0.0,0.0,0.0,0.0,0.0,0.0,0.0,0.0,0.0,0.0,1.0,2.0,4.0,6.0,9.0,12.0,14.0,18.0,23.0,24.0,28.0,33.0,37.0,41.51999999999998,45.0,96.0,0.0,1000.3490196168423,1000.5607843399048,1000.6941176652908,1000.7843137383461,1000.8627451062202,1000.9647058844566,2000.3764705955982,2000.6313725709915,2000.7803921699524,3001.0,170.62893676757812,178.27272338867186,183.18561859130858,187.05166015625,190.42608642578125,193.7273406982422,197.341064453125,201.86868286132812,209.92799377441406,348.2860107421875,214.72873,0.0,test_data/Useful/Validation/Three eight at 1ft/WhatsApp Image 2024-08-23 at 11.02.15.jpeg,5820.0,34.0,32.4155671199334
79,0.0,0.0,0.0,0.0,0.0,0.0,0.0,0.0,0.0,0.0,0.0,0.0,0.0,0.0,0.0,0.0,0.0,0.0,0.0,0.0,0.0,0.0,0.0,0.0,0.0,0.0,0.0,0.0,0.0,0.0,0.0,0.0,0.0,0.0,0.0,0.0,0.0,0.0,0.0,0.0,0.0,0.0,0.0,0.0,0.0,0.0,0.0,0.0,0.0,0.0,0.0,0.0,0.0,0.0,0.0,0.0,0.0,0.0,0.0,0.0,0.0,0.0,0.0,0.0,0.0,0.0,0.0,0.0,0.0,0.0,0.0,0.0,0.0,0.0,0.0,0.0,0.0,0.0,0.0,0.0,0.0,0.0,0.0,0.0,0.0,0.0,0.0,0.0,0.0,3.0,5.0,7.080000000000041,14.32000000000005,18.559999999999945,22.0,26.0,30.279999999999973,36.51999999999998,46.039999999999964,75.0,0.0,1000.2980392277241,1000.4823529422283,1000.6078431606293,1000.7137255072594,2000.023529412225,2000.352941185236,2000.517647087574,2000.6196078658104,2000.7137255072594,3001.0,169.47328186035156,177.08572387695312,182.05239868164062,185.97348022460938,189.40432739257812,192.75697326660156,196.37648010253906,200.97824096679688,209.38270568847656,348.0769348144531,214.6171,0.0,test_data/Useful/Validation/Three eight at 1ft/WhatsApp Image 2024-08-23 at 11.02.16 (1).jpeg,5685.0,28.0,25.236345482025683
80,0.0,0.0,0.0,0.0,0.0,0.0,0.0,0.0,0.0,0.0,0.0,0.0,0.0,0.0,0.0,0.0,0.0,0.0,0.0,0.0,0.0,0.0,0.0,0.0,0.0,0.0,0.0,0.0,0.0,0.0,0.0,0.0,0.0,0.0,0.0,0.0,0.0,0.0,0.0,0.0,0.0,0.0,0.0,0.0,0.0,0.0,0.0,0.0,0.0,0.0,0.0,0.0,0.0,0.0,0.0,0.0,0.0,0.0,0.0,0.0,0.0,0.0,0.0,0.0,0.0,0.0,0.0,0.0,0.0,0.0,0.0,0.0,0.0,0.0,0.0,0.0,0.0,0.0,0.0,0.0,0.0,0.0,0.0,0.0,0.0,0.0,0.0,0.0,0.0,0.0,0.0,0.0,0.0,3.5599999999999454,6.7999999999999545,15.0,17.279999999999973,32.59999999999991,43.799999999999955,64.0,0.0,1000.2117647081614,1000.3960784375668,1000.5333333611488,1000.6352941393852,1000.7294117808342,1000.9529411792755,2000.4235294163227,2000.6078431606293,2000.717647075653,3001.0,168.59750366210938,176.28236389160156,181.20999145507812,185.06407165527344,188.49440002441406,191.873291015625,195.44674682617188,199.9923858642578,208.3250732421875,348.3150939941406,213.71017,0.0,test_data/Useful/Validation/Three eight at 1ft/WhatsApp Image 2024-08-23 at 11.02.44 (1).jpeg,5713.0,16.0,33.69265649898431
81,0.0,0.0,0.0,0.0,0.0,0.0,0.0,0.0,0.0,0.0,0.0,0.0,0.0,0.0,0.0,0.0,0.0,0.0,0.0,0.0,0.0,0.0,0.0,0.0,0.0,0.0,0.0,0.0,0.0,0.0,0.0,0.0,0.0,0.0,0.0,0.0,0.0,0.0,0.0,0.0,0.0,0.0,0.0,0.0,0.0,0.0,0.0,0.0,0.0,0.0,0.0,0.0,0.0,0.0,0.0,0.0,0.0,0.0,0.0,0.0,0.0,0.0,0.0,0.0,0.0,0.0,0.0,0.0,0.0,0.0,0.0,0.0,0.0,0.0,0.0,0.0,0.0,0.0,0.0,0.0,0.0,0.0,0.0,0.0,0.0,0.0,0.0,0.0,0.0,0.0,0.0,2.080000000000041,5.32000000000005,8.559999999999945,12.0,17.039999999999964,23.279999999999973,27.039999999999964,40.27999999999997,68.0,0.0,1000.2000000029802,1000.3725490272045,1000.5058823823929,1000.6078431606293,1000.6941176652908,1000.811764717102,2000.3333333432674,2000.584313750267,2000.705882370472,3000.988235294819,168.37424926757814,176.1377166748047,181.0754196166992,184.927001953125,188.40304565429688,191.80538940429688,195.37718200683594,199.92367553710938,208.57308959960938,348.27093505859375,214.0196,0.0,test_data/Useful/Validation/Three eight at 1ft/WhatsApp Image 2024-08-23 at 11.02.44.jpeg,5625.0,18.0,22.879639864129672
82,0.0,0.0,0.0,0.0,0.0,0.0,0.0,0.0,0.0,0.0,0.0,0.0,0.0,0.0,0.0,0.0,0.0,0.0,0.0,0.0,0.0,0.0,0.0,0.0,0.0,0.0,0.0,0.0,0.0,0.0,0.0,0.0,0.0,0.0,0.0,0.0,0.0,0.0,0.0,0.0,0.0,0.0,0.0,0.0,0.0,0.0,0.0,0.0,0.0,0.0,0.0,0.0,0.0,0.0,0.0,0.0,0.0,0.0,0.0,0.0,0.0,0.0,0.0,0.0,0.0,0.0,0.0,0.0,0.0,0.0,0.0,0.0,0.0,0.0,0.0,0.0,0.0,0.0,0.0,0.0,0.0,0.0,0.0,0.0,0.0,0.0,0.0,0.0,0.0,0.6000000000000227,2.840000000000032,5.0,7.0,11.0,15.799999999999955,21.079999999999927,28.279999999999973,35.0,41.0,57.0,0.0,1000.2078431397676,1000.3882353007793,1000.5254902243614,1000.6274510025978,1000.7215686440468,1000.8980392217636,2000.4000000059605,2000.5960784554482,2000.705882370472,3001.0,168.86692810058594,176.40955810546876,181.37669219970704,185.2548370361328,188.66165161132812,192.00051879882812,195.61441040039062,200.13587036132813,208.4732666015625,348.25286865234375,213.99225,0.0,test_data/Useful/Validation/Three eight at 1ft/WhatsApp Image 2024-08-23 at 11.02.45 (1).jpeg,5702.0,23.0,29.906667089639548
83,0.0,0.0,0.0,0.0,0.0,0.0,0.0,0.0,0.0,0.0,0.0,0.0,0.0,0.0,0.0,0.0,0.0,0.0,0.0,0.0,0.0,0.0,0.0,0.0,0.0,0.0,0.0,0.0,0.0,0.0,0.0,0.0,0.0,0.0,0.0,0.0,0.0,0.0,0.0,0.0,0.0,0.0,0.0,0.0,0.0,0.0,0.0,0.0,0.0,0.0,0.0,0.0,0.0,0.0,0.0,0.0,0.0,0.0,0.0,0.0,0.0,0.0,0.0,0.0,0.0,0.0,0.0,0.0,0.0,0.0,0.0,0.0,0.0,0.0,0.0,0.0,0.0,0.0,0.0,0.0,0.0,0.0,0.0,0.0,0.0,0.0,0.0,0.0,0.0,0.6000000000000227,3.0,6.0,6.32000000000005,8.0,11.0,21.0,25.839999999999918,33.51999999999998,40.0,68.0,0.0,1000.1960784345865,1000.3686274588108,1000.5019608139992,1000.6039215922356,1000.6901960968971,1000.7921568751335,2000.2666666805744,2000.572549045086,2000.705882370472,3001.0,168.54470825195312,176.31598510742188,181.26934051513672,185.17839355468752,188.58920288085938,191.88534240722657,195.48888092041017,200.03060302734374,208.4628448486328,348.296875,213.88132,0.0,test_data/Useful/Validation/Three eight at 1ft/WhatsApp Image 2024-08-23 at 11.02.45 (2).jpeg,5704.0,20.0,20.0
84,0.0,0.0,0.0,0.0,0.0,0.0,0.0,0.0,0.0,0.0,0.0,0.0,0.0,0.0,0.0,0.0,0.0,0.0,0.0,0.0,0.0,0.0,0.0,0.0,0.0,0.0,0.0,0.0,0.0,0.0,0.0,0.0,0.0,0.0,0.0,0.0,0.0,0.0,0.0,0.0,0.0,0.0,0.0,0.0,0.0,0.0,0.0,0.0,0.0,0.0,0.0,0.0,0.0,0.0,0.0,0.0,0.0,0.0,0.0,0.0,0.0,0.0,0.0,0.0,0.0,0.0,0.0,0.0,0.0,0.0,0.0,0.0,0.0,0.0,0.0,0.0,0.0,0.0,0.0,0.0,0.0,0.0,0.0,0.0,0.0,0.0,0.0,0.0,0.0,0.0,0.0,0.0,0.0,3.0,8.0,19.079999999999927,23.0,30.039999999999964,35.51999999999998,52.0,0.0,1000.2117647081614,1000.3960784375668,1000.5333333611488,1000.6352941393852,1000.7333333492279,1000.9254902005196,2000.4235294163227,2000.611764729023,2000.7215686440468,3001.0,168.55389404296875,176.29785766601563,181.232666015625,185.13916015625,188.6043701171875,191.95021057128906,195.54055786132812,200.04083251953125,208.4738311767578,348.2937316894531,214.01349,0.0,test_data/Useful/Validation/Three eight at 1ft/WhatsApp Image 2024-08-23 at 11.02.45 (3).jpeg,5728.0,15.0,29.402850925080607
85,0.0,0.0,0.0,0.0,0.0,0.0,0.0,0.0,0.0,0.0,0.0,0.0,0.0,0.0,0.0,0.0,0.0,0.0,0.0,0.0,0.0,0.0,0.0,0.0,0.0,0.0,0.0,0.0,0.0,0.0,0.0,0.0,0.0,0.0,0.0,0.0,0.0,0.0,0.0,0.0,0.0,0.0,0.0,0.0,0.0,0.0,0.0,0.0,0.0,0.0,0.0,0.0,0.0,0.0,0.0,0.0,0.0,0.0,0.0,0.0,0.0,0.0,0.0,0.0,0.0,0.0,0.0,0.0,0.0,0.0,0.0,0.0,0.0,0.0,0.0,0.0,0.0,0.0,0.0,0.0,0.0,0.0,0.0,0.0,0.0,0.0,0.0,0.0,0.0,0.0,0.0,0.0,2.0,4.0,7.599999999999909,14.079999999999927,20.839999999999918,28.519999999999982,37.75999999999999,62.0,0.0,1000.2000000029802,1000.3764705955982,1000.5098039507866,1000.611764729023,1000.6901960968971,1000.7882353067398,2000.243137255311,2000.5686274766922,2000.705882370472,3000.9960784316063,168.59006958007814,176.10394287109375,181.08421325683594,184.9661865234375,188.43202209472656,191.78546142578125,195.30499267578125,199.8728790283203,208.27359008789062,348.3363037109375,213.89056,0.0,test_data/Useful/Validation/Three eight at 1ft/WhatsApp Image 2024-08-23 at 11.02.45.jpeg,5720.0,17.0,31.05129222669809
86,0.0,0.0,0.0,0.0,0.0,0.0,0.0,0.0,0.0,0.0,0.0,0.0,0.0,0.0,0.0,0.0,0.0,0.0,0.0,0.0,0.0,0.0,0.0,0.0,0.0,0.0,0.0,0.0,0.0,0.0,0.0,0.0,0.0,0.0,0.0,0.0,0.0,0.0,0.0,0.0,0.0,0.0,0.0,0.0,0.0,0.0,0.0,0.0,0.0,0.0,0.0,0.0,0.0,0.0,0.0,0.0,0.0,0.0,0.0,0.0,0.0,0.0,0.0,0.0,0.0,0.0,0.0,0.0,0.0,0.0,0.0,0.0,0.0,0.0,0.0,0.0,0.0,0.0,0.0,0.0,0.0,0.0,0.0,0.0,0.0,0.0,0.0,0.0,0.0,0.0,0.0,4.080000000000041,7.0,8.559999999999945,12.799999999999955,20.0,23.0,30.039999999999964,42.75999999999999,62.0,0.0,1000.1960784345865,1000.3686274588108,1000.5019608139992,1000.6000000238419,1000.6823529601097,1000.7803921699524,2000.2078431397676,2000.5529412031174,2000.6980392336845,3001.0,168.68638610839844,176.50006103515625,181.3360137939453,185.20118713378906,188.6180419921875,191.93556213378906,195.48773193359375,200.0231201171875,208.41152954101562,348.28082275390625,213.77716,0.0,test_data/Useful/Validation/Three eight at 1ft/WhatsApp Image 2024-08-23 at 11.02.46 (1).jpeg,5711.0,20.0,29.842347645632987
87,0.0,0.0,0.0,0.0,0.0,0.0,0.0,0.0,0.0,0.0,0.0,0.0,0.0,0.0,0.0,0.0,0.0,0.0,0.0,0.0,0.0,0.0,0.0,0.0,0.0,0.0,0.0,0.0,0.0,0.0,0.0,0.0,0.0,0.0,0.0,0.0,0.0,0.0,0.0,0.0,0.0,0.0,0.0,0.0,0.0,0.0,0.0,0.0,0.0,0.0,0.0,0.0,0.0,0.0,0.0,0.0,0.0,0.0,0.0,0.0,0.0,0.0,0.0,0.0,0.0,0.0,0.0,0.0,0.0,0.0,0.0,0.0,0.0,0.0,0.0,0.0,0.0,0.0,0.0,0.0,0.0,0.0,0.0,0.0,0.0,0.0,0.0,0.0,0.0,0.0,0.0,2.080000000000041,6.0,10.0,14.599999999999909,20.039999999999964,23.279999999999973,28.519999999999982,35.51999999999998,45.0,0.0,1000.2078431397676,1000.3803921639919,1000.5137255191803,1000.611764729023,1000.6941176652908,1000.8039215803146,2000.3176470696926,2000.5764706134796,2000.6980392336845,3000.9960784316063,168.52081298828125,176.32302856445312,181.18581848144532,185.06305541992188,188.56898498535156,191.9143310546875,195.4818878173828,200.0831756591797,208.66220092773438,348.255859375,214.06282,0.0,test_data/Useful/Validation/Three eight at 1ft/WhatsApp Image 2024-08-23 at 11.02.46.jpeg,5666.0,18.0,28.097156750248093
88,0.0,0.0,0.0,0.0,0.0,0.0,0.0,0.0,0.0,0.0,0.0,0.0,0.0,0.0,0.0,0.0,0.0,0.0,0.0,0.0,0.0,0.0,0.0,0.0,0.0,0.0,0.0,0.0,0.0,0.0,0.0,0.0,0.0,0.0,0.0,0.0,0.0,0.0,0.0,0.0,0.0,0.0,0.0,0.0,0.0,0.0,0.0,0.0,0.0,0.0,0.0,0.0,0.0,0.0,0.0,0.0,0.0,0.0,0.0,0.0,0.0,0.0,0.0,0.0,0.0,0.0,0.0,0.0,0.0,0.0,0.0,0.0,0.0,0.0,0.0,0.0,0.0,0.0,0.0,0.0,0.0,0.0,0.0,0.0,0.0,0.0,0.0,0.0,0.0,0.0,0.0,0.0,3.0,6.0,8.799999999999955,14.039999999999964,18.0,23.0,35.27999999999997,68.0,0.0,1000.2156862765551,1000.3960784375668,1000.5333333611488,1000.6352941393852,1000.7333333492279,1000.9647058844566,2000.4313725531101,2000.6078431606293,2000.717647075653,3000.988235294819,168.59994506835938,176.30210876464844,181.26339416503907,185.12413024902344,188.57408905029297,191.87305603027343,195.46134185791016,199.99833068847659,208.4042510986328,348.33160400390625,213.85101,0.0,test_data/Useful/Validation/Three eight at 1ft/WhatsApp Image 2024-08-23 at 11.02.47 (1).jpeg,5773.0,16.0,28.911206682846398
89,0.0,0.0,0.0,0.0,0.0,0.0,0.0,0.0,0.0,0.0,0.0,0.0,0.0,0.0,0.0,0.0,0.0,0.0,0.0,0.0,0.0,0.0,0.0,0.0,0.0,0.0,0.0,0.0,0.0,0.0,0.0,0.0,0.0,0.0,0.0,0.0,0.0,0.0,0.0,0.0,0.0,0.0,0.0,0.0,0.0,0.0,0.0,0.0,0.0,0.0,0.0,0.0,0.0,0.0,0.0,0.0,0.0,0.0,0.0,0.0,0.0,0.0,0.0,0.0,0.0,0.0,0.0,0.0,0.0,0.0,0.0,0.0,0.0,0.0,0.0,0.0,0.0,0.0,0.0,0.0,0.0,0.0,0.0,0.0,0.0,0.0,0.0,0.0,0.0,0.0,0.0,0.0,2.0,4.0,7.7999999999999545,12.039999999999964,17.0,28.039999999999964,39.75999999999999,73.0,0.0,1000.1960784345865,1000.3686274588108,1000.5019608139992,1000.6000000238419,1000.6823529601097,1000.7803921699524,2000.2235294133425,2000.5490196347237,2000.6941176652908,3000.9960784316063,168.71720428466796,176.4881103515625,181.38494873046875,185.21829223632812,188.6428680419922,191.98898315429688,195.52659606933594,200.06936645507812,208.54605102539062,348.25732421875,214.01869,0.0,test_data/Useful/Validation/Three eight at 1ft/WhatsApp Image 2024-08-23 at 11.02.47 (2).jpeg,5673.0,16.0,22.287240717210974
90,0.0,0.0,0.0,0.0,0.0,0.0,0.0,0.0,0.0,0.0,0.0,0.0,0.0,0.0,0.0,0.0,0.0,0.0,0.0,0.0,0.0,0.0,0.0,0.0,0.0,0.0,0.0,0.0,0.0,0.0,0.0,0.0,0.0,0.0,0.0,0.0,0.0,0.0,0.0,0.0,0.0,0.0,0.0,0.0,0.0,0.0,0.0,0.0,0.0,0.0,0.0,0.0,0.0,0.0,0.0,0.0,0.0,0.0,0.0,0.0,0.0,0.0,0.0,0.0,0.0,0.0,0.0,0.0,0.0,0.0,0.0,0.0,0.0,0.0,0.0,0.0,0.0,0.0,0.0,0.0,0.0,0.0,0.0,0.0,0.0,0.0,0.0,0.0,0.0,0.0,0.0,0.08000000000004093,5.32000000000005,10.559999999999945,15.0,22.039999999999964,25.279999999999973,30.519999999999982,46.75999999999999,56.0,0.0,1000.2196078449488,1000.4000000059605,1000.5333333611488,1000.6352941393852,1000.7333333492279,2000.06274510175,2000.4352941215038,2000.6039215922356,2000.705882370472,3001.0,168.78909301757812,176.5222625732422,181.38131561279297,185.1854705810547,188.66622924804688,191.98192138671874,195.59784545898438,200.14253845214844,208.51025390625,348.21771240234375,213.97188,0.0,test_data/Useful/Validation/Three eight at 1ft/WhatsApp Image 2024-08-23 at 11.02.47.jpeg,5696.0,20.0,30.412544219269826
91,0.0,0.0,0.0,0.0,0.0,0.0,0.0,0.0,0.0,0.0,0.0,0.0,0.0,0.0,0.0,0.0,0.0,0.0,0.0,0.0,0.0,0.0,0.0,0.0,0.0,0.0,0.0,0.0,0.0,0.0,0.0,0.0,0.0,0.0,0.0,0.0,0.0,0.0,0.0,0.0,0.0,0.0,0.0,0.0,0.0,0.0,0.0,0.0,0.0,0.0,0.0,0.0,0.0,0.0,0.0,0.0,0.0,0.0,0.0,0.0,0.0,0.0,0.0,0.0,0.0,0.0,0.0,0.0,0.0,0.0,0.0,0.0,0.0,0.0,0.0,0.0,0.0,0.0,0.0,0.0,0.0,0.0,0.0,0.0,0.0,0.0,0.0,0.0,2.7200000000000273,6.600000000000023,9.0,12.0,15.0,17.559999999999945,20.0,30.039999999999964,35.559999999999945,40.51999999999998,49.0,52.0,0.0,1000.2823529541492,1000.4666666686535,1000.5921568870544,1000.6862745285034,1000.8313725590706,2000.2509804069996,2000.4705882370472,2000.611764729023,2000.705882370472,3000.9960784316063,168.72614288330078,176.5314514160156,181.47936553955077,185.40514221191407,188.83731079101562,192.19329528808595,195.81454467773438,200.42593383789062,208.95669555664062,348.0912780761719,214.49481,0.0,test_data/Useful/Validation/Three eight at 1ft/WhatsApp Image 2024-08-23 at 11.02.48 (1).jpeg,5508.0,30.0,27.842111437719012
92,0.0,0.0,0.0,0.0,0.0,0.0,0.0,0.0,0.0,0.0,0.0,0.0,0.0,0.0,0.0,0.0,0.0,0.0,0.0,0.0,0.0,0.0,0.0,0.0,0.0,0.0,0.0,0.0,0.0,0.0,0.0,0.0,0.0,0.0,0.0,0.0,0.0,0.0,0.0,0.0,0.0,0.0,0.0,0.0,0.0,0.0,0.0,0.0,0.0,0.0,0.0,0.0,0.0,0.0,0.0,0.0,0.0,0.0,0.0,0.0,0.0,0.0,0.0,0.0,0.0,0.0,0.0,0.0,0.0,0.0,0.0,0.0,0.0,0.0,0.0,0.0,0.0,0.0,0.0,0.0,0.0,0.0,0.0,0.0,0.0,0.0,0.0,0.0,0.0,0.0,4.0,7.0,11.32000000000005,15.0,19.0,21.079999999999927,28.0,35.51999999999998,44.51999999999998,53.0,0.0,1000.2470588237047,1000.4235294163227,1000.54509806633,1000.6313725709915,1000.7137255072594,1000.8588235378265,2000.32549020648,2000.5607843399048,2000.6901960968971,3000.9921568632126,168.72488403320312,176.50960998535157,181.41388244628905,185.29953002929688,188.76030731201172,192.13313903808594,195.78504943847656,200.44082641601562,209.0897979736328,348.0917663574219,214.53943,0.0,test_data/Useful/Validation/Three eight at 1ft/WhatsApp Image 2024-08-23 at 11.02.48 (2).jpeg,5598.0,23.0,32.1855686562683
93,0.0,0.0,0.0,0.0,0.0,0.0,0.0,0.0,0.0,0.0,0.0,0.0,0.0,0.0,0.0,0.0,0.0,0.0,0.0,0.0,0.0,0.0,0.0,0.0,0.0,0.0,0.0,0.0,0.0,0.0,0.0,0.0,0.0,0.0,0.0,0.0,0.0,0.0,0.0,0.0,0.0,0.0,0.0,0.0,0.0,0.0,0.0,0.0,0.0,0.0,0.0,0.0,0.0,0.0,0.0,0.0,0.0,0.0,0.0,0.0,0.0,0.0,0.0,0.0,0.0,0.0,0.0,0.0,0.0,0.0,0.0,0.0,0.0,0.0,0.0,0.0,0.0,0.0,0.0,0.0,0.0,0.0,0.0,0.0,0.0,0.0,0.0,0.0,0.0,0.0,0.0,0.0,1.32000000000005,6.0,10.0,17.039999999999964,24.279999999999973,34.0,46.0,69.0,0.0,1000.2039215713739,1000.3843137323856,1000.5215686559677,1000.6235294342041,1000.7176470756531,1000.8901960849762,2000.392156869173,2000.5960784554482,2000.7098039388657,3001.0,169.0292205810547,176.54319763183594,181.4323272705078,185.28811645507812,188.72409057617188,192.097412109375,195.58901977539062,200.08474731445312,208.40223693847656,348.25152587890625,213.94608,0.0,test_data/Useful/Validation/Three eight at 1ft/WhatsApp Image 2024-08-23 at 11.02.48.jpeg,5676.0,19.0,34.86523645573482
94,0.0,0.0,0.0,0.0,0.0,0.0,0.0,0.0,0.0,0.0,0.0,0.0,0.0,0.0,0.0,0.0,0.0,0.0,0.0,0.0,0.0,0.0,0.0,0.0,0.0,0.0,0.0,0.0,0.0,0.0,0.0,0.0,0.0,0.0,0.0,0.0,0.0,0.0,0.0,0.0,0.0,0.0,0.0,0.0,0.0,0.0,0.0,0.0,0.0,0.0,0.0,0.0,0.0,0.0,0.0,0.0,0.0,0.0,0.0,0.0,0.0,0.0,0.0,0.0,0.0,0.0,0.0,0.0,0.0,0.0,0.0,0.0,0.0,0.0,0.0,0.0,0.0,0.0,0.0,0.0,0.0,0.0,0.0,0.0,0.0,0.0,0.0,1.1200000000000045,4.0,6.0,8.0,12.0,15.0,16.559999999999945,25.0,30.0,33.0,39.039999999999964,48.039999999999964,59.0,0.0,1000.258823543787,1000.4313725531101,1000.5568627715111,1000.6431372761726,1000.7333333492279,2000.0078431377187,2000.3764705955982,2000.5764706134796,2000.6941176652908,3001.0,168.7108612060547,176.5499267578125,181.51504516601562,185.38889770507814,188.8312759399414,192.20797729492188,195.878662109375,200.47364807128906,209.16546630859375,348.0755920410156,214.56602,0.0,test_data/Useful/Validation/Three eight at 1ft/WhatsApp Image 2024-08-23 at 11.02.49 (1).jpeg,5586.0,30.0,34.56498674931409
95,0.0,0.0,0.0,0.0,0.0,0.0,0.0,0.0,0.0,0.0,0.0,0.0,0.0,0.0,0.0,0.0,0.0,0.0,0.0,0.0,0.0,0.0,0.0,0.0,0.0,0.0,0.0,0.0,0.0,0.0,0.0,0.0,0.0,0.0,0.0,0.0,0.0,0.0,0.0,0.0,0.0,0.0,0.0,0.0,0.0,0.0,0.0,0.0,0.0,0.0,0.0,0.0,0.0,0.0,0.0,0.0,0.0,0.0,0.0,0.0,0.0,0.0,0.0,0.0,0.0,0.0,0.0,0.0,0.0,0.0,0.0,0.0,0.0,0.0,0.0,0.0,0.0,0.0,0.0,0.0,0.0,0.0,0.0,0.0,0.0,0.0,0.0,0.0,0.0,0.0,0.8400000000000318,5.0,9.32000000000005,12.0,17.0,22.0,25.559999999999945,31.519999999999982,38.75999999999999,50.0,0.0,1000.2705882489681,1000.4549019634724,1000.5803921818733,1000.678431391716,1000.8039215803146,2000.2235294133425,2000.458823531866,2000.6078431606293,2000.705882370472,3000.9960784316063,168.7648712158203,176.56301879882812,181.51583862304688,185.39535522460938,188.7972412109375,192.18094482421876,195.83609008789062,200.4470672607422,209.0389404296875,348.11102294921875,214.37036,0.0,test_data/Useful/Validation/Three eight at 1ft/WhatsApp Image 2024-08-23 at 11.02.49 (2).jpeg,5645.0,20.0,26.079679711003383
96,0.0,0.0,0.0,0.0,0.0,0.0,0.0,0.0,0.0,0.0,0.0,0.0,0.0,0.0,0.0,0.0,0.0,0.0,0.0,0.0,0.0,0.0,0.0,0.0,0.0,0.0,0.0,0.0,0.0,0.0,0.0,0.0,0.0,0.0,0.0,0.0,0.0,0.0,0.0,0.0,0.0,0.0,0.0,0.0,0.0,0.0,0.0,0.0,0.0,0.0,0.0,0.0,0.0,0.0,0.0,0.0,0.0,0.0,0.0,0.0,0.0,0.0,0.0,0.0,0.0,0.0,0.0,0.0,0.0,0.0,0.0,0.0,0.0,0.0,0.0,0.0,0.0,0.0,0.0,0.0,0.0,0.0,0.0,0.0,0.0,0.0,0.0,0.0,2.0,4.600000000000023,7.0,11.080000000000041,14.0,18.11999999999989,22.0,26.0,29.279999999999973,34.0,43.27999999999997,56.0,0.0,1000.2627451121807,1000.4392156898975,1000.5647059082985,1000.6549019813538,1000.7490196228027,2000.0901960805058,2000.4039215743542,2000.5882353186607,2000.6980392336845,3000.9921568632126,168.83740997314453,176.58779907226562,181.49278259277344,185.42701721191406,188.82766723632812,192.18922424316406,195.88166046142578,200.58535766601562,209.2886199951172,348.04498291015625,214.72673,0.0,test_data/Useful/Validation/Three eight at 1ft/WhatsApp Image 2024-08-23 at 11.02.49.jpeg,5561.0,26.0,27.330695093193267
97,0.0,0.0,0.0,0.0,0.0,0.0,0.0,0.0,0.0,0.0,0.0,0.0,0.0,0.0,0.0,0.0,0.0,0.0,0.0,0.0,0.0,0.0,0.0,0.0,0.0,0.0,0.0,0.0,0.0,0.0,0.0,0.0,0.0,0.0,0.0,0.0,0.0,0.0,0.0,0.0,0.0,0.0,0.0,0.0,0.0,0.0,0.0,0.0,0.0,0.0,0.0,0.0,0.0,0.0,0.0,0.0,0.0,0.0,0.0,0.0,0.0,0.0,0.0,0.0,0.0,0.0,0.0,0.0,0.0,0.0,0.0,0.0,0.0,0.0,0.0,0.0,0.0,0.0,0.0,0.0,0.0,0.0,0.0,0.0,0.0,0.0,0.0,0.0,1.3600000000000136,4.0,6.0,11.0,14.0,19.0,21.0,23.039999999999964,27.279999999999973,34.0,41.75999999999999,75.0,0.0,1000.2705882489681,1000.4549019634724,1000.5803921818733,1000.6705882549286,1000.7803921699524,2000.1725490242243,2000.4392156898975,2000.6039215922356,2000.7098039388657,3001.0,168.78309631347656,176.5638427734375,181.45794067382812,185.3539245605469,188.79125213623047,192.1487274169922,195.75743713378907,200.42745971679688,208.99038696289062,348.0977783203125,214.6099,0.0,test_data/Useful/Validation/Three eight at 1ft/WhatsApp Image 2024-08-23 at 11.02.50 (1).jpeg,5532.0,26.0,30.01580322287114
98,0.0,0.0,0.0,0.0,0.0,0.0,0.0,0.0,0.0,0.0,0.0,0.0,0.0,0.0,0.0,0.0,0.0,0.0,0.0,0.0,0.0,0.0,0.0,0.0,0.0,0.0,0.0,0.0,0.0,0.0,0.0,0.0,0.0,0.0,0.0,0.0,0.0,0.0,0.0,0.0,0.0,0.0,0.0,0.0,0.0,0.0,0.0,0.0,0.0,0.0,0.0,0.0,0.0,0.0,0.0,0.0,0.0,0.0,0.0,0.0,0.0,0.0,0.0,0.0,0.0,0.0,0.0,0.0,0.0,0.0,0.0,0.0,0.0,0.0,0.0,0.0,0.0,0.0,0.0,0.0,0.0,0.0,0.0,0.0,0.0,0.0,0.0,0.0,0.0,0.6000000000000227,3.840000000000032,7.080000000000041,12.0,14.0,17.0,20.0,24.0,34.0,43.51999999999998,65.0,0.0,1000.2000000029802,1000.3764705955982,1000.5137255191803,1000.6156862974167,1000.705882370472,1000.8431372642517,2000.3725490272045,2000.6000000238419,2000.7137255072594,3001.0,169.28649139404297,177.01845092773436,181.95079498291017,185.83028869628907,189.19435119628906,192.4873046875,196.0749938964844,200.52342834472657,208.75125122070312,348.1398010253906,214.20743,0.0,test_data/Useful/Validation/Three eight at 1ft/WhatsApp Image 2024-08-23 at 11.02.50 (2).jpeg,5544.0,23.0,32.59927461050529
99,0.0,0.0,0.0,0.0,0.0,0.0,0.0,0.0,0.0,0.0,0.0,0.0,0.0,0.0,0.0,0.0,0.0,0.0,0.0,0.0,0.0,0.0,0.0,0.0,0.0,0.0,0.0,0.0,0.0,0.0,0.0,0.0,0.0,0.0,0.0,0.0,0.0,0.0,0.0,0.0,0.0,0.0,0.0,0.0,0.0,0.0,0.0,0.0,0.0,0.0,0.0,0.0,0.0,0.0,0.0,0.0,0.0,0.0,0.0,0.0,0.0,0.0,0.0,0.0,0.0,0.0,0.0,0.0,0.0,0.0,0.0,0.0,0.0,0.0,0.0,0.0,0.0,0.0,0.0,0.0,0.0,0.0,0.0,0.0,0.0,0.0,2.0,3.0,6.0,7.0,9.840000000000032,12.080000000000041,15.0,19.11999999999989,21.799999999999955,25.159999999999854,33.27999999999997,38.039999999999964,50.51999999999998,77.0,0.0,1000.2901960909367,1000.4784313738346,1000.6039215922356,1000.6980392336845,1000.8705882430077,2000.2784313857555,2000.4901960790157,2000.6274510025978,2000.717647075653,3001.0,168.8724365234375,176.5214385986328,181.45870971679688,185.3541259765625,188.78976440429688,192.18690490722656,195.85140991210938,200.46043395996094,208.96095275878906,348.11138916015625,214.50682,0.0,test_data/Useful/Validation/Three eight at 1ft/WhatsApp Image 2024-08-23 at 11.02.50.jpeg,5578.0,32.0,28.39339325902142
100,0.0,0.0,0.0,0.0,0.0,0.0,0.0,0.0,0.0,0.0,0.0,0.0,0.0,0.0,0.0,0.0,0.0,0.0,0.0,0.0,0.0,0.0,0.0,0.0,0.0,0.0,0.0,0.0,0.0,0.0,0.0,0.0,0.0,0.0,0.0,0.0,0.0,0.0,0.0,0.0,0.0,0.0,0.0,0.0,0.0,0.0,0.0,0.0,0.0,0.0,0.0,0.0,0.0,0.0,0.0,0.0,0.0,0.0,0.0,0.0,0.0,0.0,0.0,0.0,0.0,0.0,0.0,0.0,0.0,0.0,0.0,0.0,0.0,0.0,0.0,0.0,0.0,0.0,0.0,0.0,0.0,0.0,0.0,0.0,0.0,0.0,0.0,0.0,0.0,1.6000000000000227,4.0,6.0,9.0,12.559999999999945,16.0,22.039999999999964,26.0,28.519999999999982,41.0,62.0,0.0,1000.2000000029802,1000.3764705955982,1000.5137255191803,1000.6156862974167,1000.7098039388657,1000.866666674614,2000.3843137323856,2000.5921568870544,2000.7098039388657,3000.988235294819,168.30597381591798,175.9855499267578,180.9337615966797,184.79275207519532,188.25678253173828,191.6063659667969,195.26756286621094,199.7643280029297,208.08395385742188,348.3501892089844,213.48405,0.0,test_data/Useful/Validation/Three eight at 1ft/WhatsApp Image 2024-08-23 at 11.03.02 (2).jpeg,5719.0,22.0,29.225553246883443
101,0.0,0.0,0.0,0.0,0.0,0.0,0.0,0.0,0.0,0.0,0.0,0.0,0.0,0.0,0.0,0.0,0.0,0.0,0.0,0.0,0.0,0.0,0.0,0.0,0.0,0.0,0.0,0.0,0.0,0.0,0.0,0.0,0.0,0.0,0.0,0.0,0.0,0.0,0.0,0.0,0.0,0.0,0.0,0.0,0.0,0.0,0.0,0.0,0.0,0.0,0.0,0.0,0.0,0.0,0.0,0.0,0.0,0.0,0.0,0.0,0.0,0.0,0.0,0.0,0.0,0.0,0.0,0.0,0.0,0.0,0.0,0.0,0.0,0.0,0.0,0.0,0.0,0.0,0.0,0.0,0.0,0.0,0.0,0.0,0.0,0.0,0.0,0.0,1.0,3.0,5.840000000000032,7.0,11.32000000000005,14.559999999999945,18.0,22.039999999999964,27.559999999999945,34.51999999999998,41.0,46.0,0.0,1000.2000000029802,1000.3764705955982,1000.5137255191803,1000.6156862974167,1000.7098039388657,1000.8862745165825,2000.3882353007793,2000.5960784554482,2000.7137255072594,3001.0,168.77786254882812,176.48114013671875,181.37709045410156,185.31192016601562,188.73289489746094,192.06077270507814,195.67901306152345,200.0924530029297,208.47177124023438,348.2455749511719,213.99377,0.0,test_data/Useful/Validation/Three eight at 1ft/WhatsApp Image 2024-08-23 at 11.03.02.jpeg,5696.0,24.0,30.141468474068592
102,0.0,0.0,0.0,0.0,0.0,0.0,0.0,0.0,0.0,0.0,0.0,0.0,0.0,0.0,0.0,0.0,0.0,0.0,0.0,0.0,0.0,0.0,0.0,0.0,0.0,0.0,0.0,0.0,0.0,0.0,0.0,0.0,0.0,0.0,0.0,0.0,0.0,0.0,0.0,0.0,0.0,0.0,0.0,0.0,0.0,0.0,0.0,0.0,0.0,0.0,0.0,0.0,0.0,0.0,0.0,0.0,0.0,0.0,0.0,0.0,0.0,0.0,0.0,0.0,0.0,0.0,0.0,0.0,0.0,0.0,0.0,0.0,0.0,0.0,0.0,0.0,0.0,0.0,0.0,0.0,0.0,0.0,0.0,0.0,0.0,0.0,0.0,0.0,0.0,3.0,5.840000000000032,8.0,9.32000000000005,13.559999999999945,19.0,23.079999999999927,32.0,35.039999999999964,48.0,63.0,0.0,1000.2039215713739,1000.3803921639919,1000.517647087574,1000.6156862974167,1000.7098039388657,1000.8549019694328,2000.3686274588108,2000.5882353186607,2000.705882370472,3001.0,168.48434448242188,176.16680908203125,181.09951782226562,185.0025177001953,188.4630126953125,191.75617370605468,195.3767883300781,199.9907440185547,208.35818481445312,348.2649230957031,213.66747,0.0,test_data/Useful/Validation/Three eight at 1ft/WhatsApp Image 2024-08-23 at 11.03.03 (1).jpeg,5723.0,25.0,28.718804556052184
103,0.0,0.0,0.0,0.0,0.0,0.0,0.0,0.0,0.0,0.0,0.0,0.0,0.0,0.0,0.0,0.0,0.0,0.0,0.0,0.0,0.0,0.0,0.0,0.0,0.0,0.0,0.0,0.0,0.0,0.0,0.0,0.0,0.0,0.0,0.0,0.0,0.0,0.0,0.0,0.0,0.0,0.0,0.0,0.0,0.0,0.0,0.0,0.0,0.0,0.0,0.0,0.0,0.0,0.0,0.0,0.0,0.0,0.0,0.0,0.0,0.0,0.0,0.0,0.0,0.0,0.0,0.0,0.0,0.0,0.0,0.0,0.0,0.0,0.0,0.0,0.0,0.0,0.0,0.0,0.0,0.0,0.0,0.0,0.0,0.0,0.0,0.0,0.0,0.0,0.0,0.0,0.0,0.0,1.1199999999998909,5.0,12.039999999999964,20.0,28.519999999999982,37.799999999999955,60.0,0.0,1000.2117647081614,1000.392156869173,1000.5333333611488,1000.6392157077789,1000.745098054409,2000.1176470592618,2000.4549019634724,2000.6156862974167,2000.717647075653,3001.0,168.5945037841797,176.35203552246094,181.3540069580078,185.2295684814453,188.70761108398438,192.02691650390625,195.62811279296875,200.13311767578125,208.38668823242188,348.23333740234375,213.89314,0.0,test_data/Useful/Validation/Three eight at 1ft/WhatsApp Image 2024-08-23 at 11.03.03.jpeg,5661.0,15.0,29.636301102627808
104,0.0,0.0,0.0,0.0,0.0,0.0,0.0,0.0,0.0,0.0,0.0,0.0,0.0,0.0,0.0,0.0,0.0,0.0,0.0,0.0,0.0,0.0,0.0,0.0,0.0,0.0,0.0,0.0,0.0,0.0,0.0,0.0,0.0,0.0,0.0,0.0,0.0,0.0,0.0,0.0,0.0,0.0,0.0,0.0,0.0,0.0,0.0,0.0,0.0,0.0,0.0,0.0,0.0,0.0,0.0,0.0,0.0,0.0,0.0,0.0,0.0,0.0,0.0,0.0,0.0,0.0,0.0,0.0,0.0,0.0,0.0,0.0,0.0,0.0,0.0,0.0,0.0,0.0,0.0,0.0,0.0,0.0,0.0,0.0,0.0,0.0,0.0,0.0,0.0,0.0,0.0,2.080000000000041,4.32000000000005,10.0,13.799999999999955,19.039999999999964,26.0,31.519999999999982,46.51999999999998,65.0,0.0,1000.1960784345865,1000.3647058904171,1000.4980392158031,1000.6000000238419,1000.6901960968971,1000.811764717102,2000.3450980484486,2000.5882353186607,2000.7098039388657,3000.9960784316063,169.13615875244142,176.7951629638672,181.67013854980468,185.5658721923828,189.06126403808594,192.3754455566406,195.99769897460936,200.51515197753906,209.02426147460938,348.09112548828125,214.54613,0.0,test_data/Useful/Validation/Three eight at 1ft/WhatsApp Image 2024-08-23 at 11.06.26.jpeg,5672.0,20.0,29.494276361807728
0,0.0,0.0,0.0,0.0,0.0,0.0,0.0,0.0,0.0,0.0,0.0,0.0,0.0,0.0,0.0,0.0,0.0,0.0,0.0,0.0,0.0,0.0,0.0,0.0,0.0,0.0,0.0,0.0,0.0,0.0,0.0,0.0,0.0,0.0,0.0,0.0,0.0,0.0,0.0,0.0,0.0,0.0,0.0,0.0,0.0,0.0,0.0,0.0,0.0,0.0,0.0,0.0,0.0,0.0,0.0,0.0,0.0,0.0,0.0,0.0,0.0,0.0,0.0,0.0,0.0,0.0,0.0,0.0,0.0,1.0,2.0,3.0,3.0,4.0,4.0,5.0,7.0,7.720000000000027,9.0,9.200000000000045,10.0,12.0,14.0,15.159999999999968,17.0,19.0,20.0,21.120000000000005,23.360000000000014,25.0,27.0,29.0,31.0,34.559999999999945,37.799999999999955,43.0,47.0,52.0,63.07999999999993,103.0,0.0,1000.4117647111416,1000.6745098233223,1000.811764717102,1000.9921568632126,2000.5764706134796,2000.7764706015587,3000.06274510175,3000.447058826685,3000.662745118141,3001.0,169.98956146240235,177.5766845703125,182.4543258666992,186.3407775878906,189.69796752929688,192.94588623046874,196.34548950195312,200.61154174804688,208.35670471191406,348.1373596191406,213.91772,1.0,test_data/Useful/Validation/Three Quarter at 1 ft/IMG-20240821-WA0097.jpg,4263.0,65.0,31.558427521842486
1,0.0,0.0,0.0,0.0,0.0,0.0,0.0,0.0,0.0,0.0,0.0,0.0,0.0,0.0,0.0,0.0,0.0,0.0,0.0,0.0,0.0,0.0,0.0,0.0,0.0,0.0,0.0,0.0,0.0,0.0,0.0,0.0,0.0,0.0,0.0,0.0,0.0,0.0,0.0,0.0,0.0,0.0,0.0,0.0,0.0,0.0,0.0,0.0,0.0,0.0,0.0,0.0,0.0,0.0,0.0,0.0,0.0,0.0,0.0,0.0,0.0,0.0,0.0,0.0,0.0,0.0,0.0,0.0,0.0,0.0,0.0,0.0,0.0,0.0,0.0,1.0,2.480000000000018,3.0,5.0,6.0,7.440000000000055,8.67999999999995,10.0,12.159999999999968,15.399999999999977,17.639999999999986,19.0,19.120000000000005,22.0,25.0,28.0,31.08000000000004,34.0,35.559999999999945,37.799999999999955,40.039999999999964,43.0,51.59999999999991,66.51999999999998,90.0,0.0,1000.4156862795353,1000.6745098233223,1000.8000000119209,1000.9450980424881,2000.5960784554482,2000.8078431487083,3000.164705887437,3000.501960813999,3000.6823529601097,3001.0,169.58932495117188,177.319091796875,182.19544982910156,186.0415802001953,189.43228149414062,192.6646728515625,196.10025024414062,200.32518005371094,208.09242248535156,348.17730712890625,213.56702,1.0,test_data/Useful/Validation/Three Quarter at 1 ft/IMG-20240821-WA0098.jpg,4115.0,58.0,26.193748857735294
2,0.0,0.0,0.0,0.0,0.0,0.0,0.0,0.0,0.0,0.0,0.0,0.0,0.0,0.0,0.0,0.0,0.0,0.0,0.0,0.0,0.0,0.0,0.0,0.0,0.0,0.0,0.0,0.0,0.0,0.0,0.0,0.0,0.0,0.0,0.0,0.0,0.0,0.0,0.0,0.0,0.0,0.0,0.0,0.0,0.0,0.0,0.0,0.0,0.0,0.0,0.0,0.0,0.0,0.0,0.0,0.0,1.0,1.0,2.0,3.0,3.6399999999999864,4.0,5.0,6.0,6.0,8.0,9.0,10.0,11.559999999999945,12.799999999999955,14.0,15.0,15.0,16.0,19.0,20.0,20.480000000000018,21.0,23.0,24.0,26.0,27.0,28.0,29.319999999999936,33.0,35.0,36.0,37.120000000000005,39.0,41.60000000000002,43.0,46.0,48.0,50.0,53.799999999999955,55.07999999999993,58.0,64.03999999999996,68.75999999999999,74.0,0.0,1000.5372549295425,1000.811764717102,1000.972549021244,2000.243137255311,2000.4627451002598,2000.611764729023,2000.7254902124405,2000.8627451062202,3000.2941176593304,3001.0,171.85055541992188,179.59141845703127,184.56975860595702,188.42466735839844,191.89669799804688,195.21705627441406,198.78021240234375,203.2145538330078,211.52362060546875,346.48004150390625,216.84554,1.0,test_data/Useful/Validation/Three Quarter at 1 ft/IMG-20240821-WA0099.jpg,3759.0,106.0,30.72126007858863
3,0.0,0.0,0.0,0.0,0.0,0.0,0.0,0.0,0.0,0.0,0.0,0.0,0.0,0.0,0.0,0.0,0.0,0.0,0.0,0.0,0.0,0.0,0.0,0.0,0.0,0.0,0.0,0.0,0.0,0.0,0.0,0.0,0.0,0.0,0.0,0.0,0.0,0.0,0.0,0.0,0.0,0.0,0.0,0.0,0.0,0.0,0.0,0.0,0.0,0.0,0.0,0.0,0.0,0.0,0.0,0.0,0.0,0.0,0.0,0.0,0.0,0.0,0.0,0.0,0.0,0.0,0.0,0.0,0.0,0.0,0.0,1.0,3.0,4.0,5.0,6.0,7.0,9.0,10.0,11.0,13.0,14.0,16.0,17.0,18.0,20.0,23.879999999999995,26.0,27.0,29.600000000000023,32.0,34.0,35.0,36.0,39.0,42.039999999999964,50.27999999999997,53.0,55.75999999999999,74.0,0.0,1000.392156869173,1000.65098041296,1000.7843137383461,1000.9019607901573,2000.5372549295425,2000.7960784435272,3000.149019613862,3000.4941176474094,3000.6823529601097,3001.0,170.28359985351562,177.8717803955078,182.81103515625,186.66400146484375,190.03209686279297,193.22042846679688,196.6726287841797,200.82550048828125,208.48965454101562,348.0654296875,213.98209,1.0,test_data/Useful/Validation/Three Quarter at 1 ft/IMG-20240821-WA0100.jpg,4175.0,72.0,27.588127704606045
4,0.0,0.0,0.0,0.0,0.0,0.0,0.0,0.0,0.0,0.0,0.0,0.0,0.0,0.0,0.0,0.0,0.0,0.0,0.0,0.0,0.0,0.0,0.0,0.0,0.0,0.0,0.0,0.0,0.0,0.0,0.0,0.0,0.0,0.0,0.0,0.0,0.0,0.0,0.0,0.0,0.0,0.0,0.0,0.0,0.0,0.0,0.0,0.0,0.0,0.0,0.0,0.0,0.0,0.0,0.0,0.0,0.0,0.0,0.0,0.0,0.0,0.0,0.0,0.0,0.0,0.0,0.0,0.0,0.0,1.0,2.0,3.0,4.0,5.0,6.0,7.0,8.0,9.0,10.0,10.200000000000045,12.0,13.0,14.0,15.0,17.399999999999977,19.0,20.0,22.0,24.0,25.0,27.0,30.0,35.0,38.559999999999945,41.799999999999955,46.0,48.0,53.039999999999964,69.51999999999998,90.0,0.0,1000.3176470696926,1000.584313750267,1000.7215686440468,1000.8588235378265,2000.4313725531101,2000.678431391716,3000.019607843831,3000.380392163992,3000.584313750267,3001.0,170.3602554321289,178.14569702148438,183.01433715820312,186.8704071044922,190.31484985351562,193.64437561035155,197.15044403076172,201.51494140625,209.42037963867188,347.5448913574219,214.82407,1.0,test_data/Useful/Validation/Three Quarter at 1 ft/IMG-20240821-WA0101.jpg,4055.0,71.0,30.052032298880754
5,0.0,0.0,0.0,0.0,0.0,0.0,0.0,0.0,0.0,0.0,0.0,0.0,0.0,0.0,0.0,0.0,0.0,0.0,0.0,0.0,0.0,0.0,0.0,0.0,0.0,0.0,0.0,0.0,0.0,0.0,0.0,0.0,0.0,0.0,0.0,0.0,0.0,0.0,0.0,0.0,0.0,0.0,0.0,0.0,0.0,0.0,0.0,0.0,0.0,0.0,0.0,0.0,0.0,0.0,0.0,0.0,0.0,0.0,0.0,0.0,0.0,0.0,0.0,0.0,0.0,0.0,0.0,0.0,0.0,0.0,0.0,0.0,0.0,0.0,0.0,0.0,0.0,0.0,2.0,3.0,4.0,5.0,6.0,8.0,9.799999999999955,12.0,13.0,15.0,16.0,19.600000000000023,22.0,26.0,29.0,34.11999999999989,36.799999999999955,40.039999999999964,45.27999999999997,48.51999999999998,56.0,75.0,0.0,1000.392156869173,1000.6588235497475,1000.7882353067398,1000.9176470637321,2000.5490196347237,2000.7882353067398,3000.113725490868,3000.474509805441,3000.6745098233223,3001.0,169.7619644165039,177.40805053710938,182.36251831054688,186.21947631835937,189.597900390625,192.79954528808594,196.28387451171875,200.46646118164062,208.10594177246094,348.21533203125,213.55086,1.0,test_data/Useful/Validation/Three Quarter at 1 ft/IMG-20240821-WA0102.jpg,4290.0,49.0,31.1831814929415
6,0.0,0.0,0.0,0.0,0.0,0.0,0.0,0.0,0.0,0.0,0.0,0.0,0.0,0.0,0.0,0.0,0.0,0.0,0.0,0.0,0.0,0.0,0.0,0.0,0.0,0.0,0.0,0.0,0.0,0.0,0.0,0.0,0.0,0.0,0.0,0.0,0.0,0.0,0.0,0.0,0.0,0.0,0.0,0.0,0.0,0.0,0.0,0.0,0.0,0.0,0.0,0.0,0.0,0.0,0.0,0.0,0.0,0.0,0.0,0.0,0.0,0.0,0.0,0.0,0.0,1.0,2.0,3.0,4.0,5.0,5.0,7.0,7.0,9.0,10.0,11.240000000000009,12.0,13.0,14.0,15.200000000000045,17.0,18.0,19.91999999999996,22.0,23.0,24.639999999999986,25.0,26.0,29.0,31.0,32.0,34.0,36.0,39.559999999999945,43.0,46.0,51.0,61.07999999999993,74.51999999999998,95.0,0.0,1000.4431372582912,1000.6980392336845,1000.8156862854958,1000.9803921580315,2000.6352941393852,2000.8627451062202,3000.2470588237047,3000.5372549295425,3000.705882370472,3001.0,169.61626434326172,177.27825317382812,182.19341735839845,186.0036407470703,189.35641479492188,192.52566528320312,195.89303588867188,200.0887451171875,207.7660369873047,348.15692138671875,213.36592,1.0,test_data/Useful/Validation/Three Quarter at 1 ft/IMG-20240821-WA0103.jpg,3730.0,77.0,33.83739679215837
7,0.0,0.0,0.0,0.0,0.0,0.0,0.0,0.0,0.0,0.0,0.0,0.0,0.0,0.0,0.0,0.0,0.0,0.0,0.0,0.0,0.0,0.0,0.0,0.0,0.0,0.0,0.0,0.0,0.0,0.0,0.0,0.0,0.0,0.0,0.0,0.0,0.0,0.0,0.0,0.0,0.0,0.0,0.0,0.0,0.0,0.0,0.0,0.0,0.0,0.0,0.0,0.0,0.0,0.0,0.0,0.0,0.0,0.0,0.0,0.0,0.0,0.0,0.0,0.0,0.0,0.0,0.0,0.0,0.0,1.0,2.0,3.2799999999999727,5.0,6.0,7.0,9.0,10.0,11.0,11.0,12.200000000000045,14.0,15.0,16.0,17.0,19.0,20.0,22.0,24.0,25.0,25.0,27.0,29.08000000000004,34.0,38.559999999999945,41.0,44.07999999999993,53.399999999999864,60.51999999999998,68.51999999999998,94.0,0.0,1000.4901960790157,1000.7176470756531,1000.8274509906769,2000.0470588244498,2000.6000000238419,2000.800000011921,3000.1686274558306,3000.517647087574,3000.694117665291,3001.0,169.55599975585938,177.2457275390625,182.17852783203125,186.01345825195312,189.3722381591797,192.6200927734375,196.11672973632812,200.36392211914062,208.06454467773438,348.16400146484375,213.51315,1.0,test_data/Useful/Validation/Three Quarter at 1 ft/IMG-20240821-WA0104.jpg,3799.0,72.0,31.979209123144617
8,0.0,0.0,0.0,0.0,0.0,0.0,0.0,0.0,0.0,0.0,0.0,0.0,0.0,0.0,0.0,0.0,0.0,0.0,0.0,0.0,0.0,0.0,0.0,0.0,0.0,0.0,0.0,0.0,0.0,0.0,0.0,0.0,0.0,0.0,0.0,0.0,0.0,0.0,0.0,0.0,0.0,0.0,0.0,0.0,0.0,0.0,0.0,0.0,0.0,0.0,0.0,0.0,0.0,0.0,0.0,0.0,0.0,0.0,0.0,0.0,0.0,0.0,0.0,0.0,0.0,0.0,0.0,0.0,0.0,0.0,0.0,1.0,3.0,3.759999999999991,5.0,6.0,7.0,8.720000000000027,10.0,11.0,12.440000000000055,15.0,16.0,18.0,19.0,20.639999999999986,21.879999999999995,23.120000000000005,26.0,27.0,29.0,31.0,32.32000000000005,35.0,40.399999999999864,43.039999999999964,46.27999999999997,49.0,57.0,85.0,0.0,1000.4901960790157,1000.7254902124405,1000.8431372642517,2000.101960785687,2000.6000000238419,2000.7960784435272,3000.117647059262,3000.501960813999,3000.690196096897,3001.0,169.35899353027344,177.08087158203125,181.9053176879883,185.76107177734374,189.13410186767578,192.377294921875,195.7907257080078,199.98887634277344,207.65432739257812,348.2641296386719,213.1193,1.0,test_data/Useful/Validation/Three Quarter at 1 ft/IMG-20240821-WA0105.jpg,3731.0,63.0,28.633857371579303
9,0.0,0.0,0.0,0.0,0.0,0.0,0.0,0.0,0.0,0.0,0.0,0.0,0.0,0.0,0.0,0.0,0.0,0.0,0.0,0.0,0.0,0.0,0.0,0.0,0.0,0.0,0.0,0.0,0.0,0.0,0.0,0.0,0.0,0.0,0.0,0.0,0.0,0.0,0.0,0.0,0.0,0.0,0.0,0.0,0.0,0.0,0.0,0.0,0.0,0.0,0.0,0.0,0.0,0.0,0.0,0.0,0.0,0.0,0.0,0.0,0.0,0.0,0.0,0.0,0.0,0.0,0.0,0.0,0.0,2.0,3.0,4.0,5.0,6.0,7.0,8.0,9.0,10.0,11.0,12.200000000000045,13.0,16.0,18.91999999999996,19.159999999999968,21.0,21.639999999999986,23.0,25.0,28.0,30.600000000000023,33.0,35.08000000000004,37.0,39.0,42.0,44.0,48.0,56.0,61.75999999999999,69.0,0.0,1000.447058826685,1000.7019608020782,1000.8196078538895,1001.0,2000.6196078658104,2000.8274509906769,3000.188235297799,3000.5137255191803,3000.694117665291,3001.0,169.8399856567383,177.5036376953125,182.45052185058594,186.2718505859375,189.6250762939453,192.86553649902342,196.28057403564452,200.47616577148438,208.08737182617188,348.2140808105469,213.47104,1.0,test_data/Useful/Validation/Three Quarter at 1 ft/IMG-20240821-WA0106.jpg,3730.0,70.0,34.39736707937371
10,0.0,0.0,0.0,0.0,0.0,0.0,0.0,0.0,0.0,0.0,0.0,0.0,0.0,0.0,0.0,0.0,0.0,0.0,0.0,0.0,0.0,0.0,0.0,0.0,0.0,0.0,0.0,0.0,0.0,0.0,0.0,0.0,0.0,0.0,0.0,0.0,0.0,0.0,0.0,0.0,0.0,0.0,0.0,0.0,0.0,0.0,0.0,0.0,0.0,0.0,0.0,0.0,0.0,0.0,0.0,0.0,0.0,0.0,0.0,0.0,0.0,0.0,0.0,0.0,0.0,0.0,0.0,0.0,0.0,0.0,0.0,0.0,0.0,0.0,0.0,1.0,3.0,4.0,5.0,7.0,7.0,9.0,10.919999999999959,12.0,14.399999999999977,16.0,19.0,20.120000000000005,22.0,24.0,24.0,28.0,31.32000000000005,33.559999999999945,38.0,39.039999999999964,46.27999999999997,50.0,57.75999999999999,67.0,0.0,1000.4666666686535,1000.7137255072594,1000.8352941274643,2000.0470588244498,2000.5921568870544,2000.7921568751335,3000.090196080506,3000.4901960790157,3000.6823529601097,3001.0,169.53033905029298,177.11542358398438,182.002880859375,185.924072265625,189.28568267822266,192.5308807373047,195.9655746459961,200.1981994628906,207.84095764160156,348.27911376953125,213.28703,1.0,test_data/Useful/Validation/Three Quarter at 1 ft/IMG-20240821-WA0107.jpg,3909.0,56.0,28.743219823386678
11,0.0,0.0,0.0,0.0,0.0,0.0,0.0,0.0,0.0,0.0,0.0,0.0,0.0,0.0,0.0,0.0,0.0,0.0,0.0,0.0,0.0,0.0,0.0,0.0,0.0,0.0,0.0,0.0,0.0,0.0,0.0,0.0,0.0,0.0,0.0,0.0,0.0,0.0,0.0,0.0,0.0,0.0,0.0,0.0,0.0,0.0,0.0,0.0,0.0,0.0,0.0,0.0,0.0,0.0,0.0,0.0,0.0,0.0,0.0,0.0,0.0,0.0,0.0,0.0,0.0,0.0,0.0,0.0,0.0,0.0,0.0,0.0,0.0,0.0,0.0,2.0,4.0,5.0,7.0,9.0,10.440000000000055,12.67999999999995,14.0,15.0,17.0,18.0,19.0,21.0,22.0,24.600000000000023,26.840000000000032,28.08000000000004,31.32000000000005,33.559999999999945,37.0,39.039999999999964,42.0,44.51999999999998,54.75999999999999,87.0,0.0,1000.4274509847164,1000.6901960968971,1000.8156862854958,1000.9647058844566,2000.5333333611488,2000.7647058963776,3000.043137256056,3000.4549019634724,3000.6745098233223,3001.0,169.5741424560547,177.35690307617188,182.24966430664062,186.10899353027344,189.4857635498047,192.67526245117188,196.07430267333984,200.24781799316406,207.89859008789062,348.2547607421875,213.2827,1.0,test_data/Useful/Validation/Three Quarter at 1 ft/IMG-20240821-WA0109.jpg,3944.0,56.0,34.398917711909384
12,0.0,0.0,0.0,0.0,0.0,0.0,0.0,0.0,0.0,0.0,0.0,0.0,0.0,0.0,0.0,0.0,0.0,0.0,0.0,0.0,0.0,0.0,0.0,0.0,0.0,0.0,0.0,0.0,0.0,0.0,0.0,0.0,0.0,0.0,0.0,0.0,0.0,0.0,0.0,0.0,0.0,0.0,0.0,0.0,0.0,0.0,0.0,0.0,0.0,0.0,0.0,0.0,0.0,0.0,0.0,0.0,0.0,0.0,0.0,0.0,0.0,0.0,0.0,0.0,0.0,0.0,0.0,0.0,0.0,0.0,0.0,0.0,1.0,4.0,5.0,6.0,7.0,8.0,9.960000000000036,10.200000000000045,12.440000000000055,13.0,14.0,16.0,18.0,20.0,23.0,24.0,25.0,26.600000000000023,28.0,30.0,33.32000000000005,35.0,37.0,41.039999999999964,45.0,54.0,62.51999999999998,79.0,0.0,1000.4313725531101,1000.6941176652908,1000.8156862854958,1000.9647058844566,2000.5607843399048,2000.784313738346,3000.086274512112,3000.486274510622,3000.6862745285034,3001.0,169.2719528198242,176.98114318847655,181.87602996826172,185.66250610351562,189.08078002929688,192.30703735351562,195.73037719726562,199.94947814941406,207.6521453857422,348.3459777832031,213.04704,1.0,test_data/Useful/Validation/Three Quarter at 1 ft/IMG-20240821-WA0110.jpg,3822.0,62.0,30.65034756776453
13,0.0,0.0,0.0,0.0,0.0,0.0,0.0,0.0,0.0,0.0,0.0,0.0,0.0,0.0,0.0,0.0,0.0,0.0,0.0,0.0,0.0,0.0,0.0,0.0,0.0,0.0,0.0,0.0,0.0,0.0,0.0,0.0,0.0,0.0,0.0,0.0,0.0,0.0,0.0,0.0,0.0,0.0,0.0,0.0,0.0,0.0,0.0,0.0,0.0,0.0,0.0,0.0,0.0,0.0,0.0,0.0,0.0,0.0,0.0,0.0,0.0,0.0,0.0,0.0,0.0,0.0,0.0,0.0,0.0,0.0,0.0,0.0,1.0,4.0,5.0,6.0,7.0,8.0,9.960000000000036,10.200000000000045,12.440000000000055,13.0,14.0,16.0,18.0,20.0,23.0,24.0,25.0,26.600000000000023,28.0,30.0,33.32000000000005,35.0,37.0,41.039999999999964,45.0,54.0,62.51999999999998,79.0,0.0,1000.4313725531101,1000.6941176652908,1000.8156862854958,1000.9647058844566,2000.5607843399048,2000.784313738346,3000.086274512112,3000.486274510622,3000.6862745285034,3001.0,169.2719528198242,176.98114318847655,181.87602996826172,185.66250610351562,189.08078002929688,192.30703735351562,195.73037719726562,199.94947814941406,207.6521453857422,348.3459777832031,213.04704,1.0,test_data/Useful/Validation/Three Quarter at 1 ft/IMG-20240821-WA0112.jpg,3822.0,62.0,31.523227481433615
14,0.0,0.0,0.0,0.0,0.0,0.0,0.0,0.0,0.0,0.0,0.0,0.0,0.0,0.0,0.0,0.0,0.0,0.0,0.0,0.0,0.0,0.0,0.0,0.0,0.0,0.0,0.0,0.0,0.0,0.0,0.0,0.0,0.0,0.0,0.0,0.0,0.0,0.0,0.0,0.0,0.0,0.0,0.0,0.0,0.0,0.0,0.0,0.0,0.0,0.0,0.0,0.0,0.0,0.0,0.0,0.0,0.0,0.0,0.0,0.0,0.0,0.0,0.0,0.0,0.0,0.0,0.0,0.0,0.0,0.0,1.0,2.0,2.519999999999982,3.0,5.0,6.0,8.0,9.0,10.0,12.0,14.0,14.67999999999995,16.0,18.0,19.0,20.0,21.0,23.0,23.360000000000014,25.0,27.0,29.0,31.32000000000005,34.0,39.0,40.0,45.27999999999997,52.039999999999964,61.75999999999999,73.0,0.0,1000.4823529422283,1000.7215686440468,1000.8352941274643,2000.0274509806186,2000.5803921818733,2000.7960784435272,3000.117647059262,3000.501960813999,3000.690196096897,3001.0,169.68297882080077,177.2727813720703,182.11854400634766,185.92513732910157,189.3041534423828,192.5544891357422,195.92332458496094,200.13401794433594,207.8127899169922,348.2543640136719,213.0344,1.0,test_data/Useful/Validation/Three Quarter at 1 ft/IMG-20240821-WA0113.jpg,3861.0,64.0,32.91921618965744
15,0.0,0.0,0.0,0.0,0.0,0.0,0.0,0.0,0.0,0.0,0.0,0.0,0.0,0.0,0.0,0.0,0.0,0.0,0.0,0.0,0.0,0.0,0.0,0.0,0.0,0.0,0.0,0.0,0.0,0.0,0.0,0.0,0.0,0.0,0.0,0.0,0.0,0.0,0.0,0.0,0.0,0.0,0.0,0.0,0.0,0.0,0.0,0.0,0.0,0.0,0.0,0.0,0.0,0.0,0.0,0.0,0.0,0.0,0.0,0.0,0.0,0.0,0.0,0.0,0.0,0.0,0.0,0.0,0.0,0.0,0.0,0.0,1.5199999999999818,3.0,4.0,4.240000000000009,6.0,7.0,9.960000000000036,11.0,13.0,15.0,15.919999999999959,18.159999999999968,20.0,22.0,23.0,25.120000000000005,27.0,28.0,32.0,35.0,36.0,38.0,39.799999999999955,43.039999999999964,48.0,52.51999999999998,57.0,72.0,0.0,1000.4980392158031,1000.7294117808342,1000.8509804010391,2000.1921568661928,2000.6274510025978,2000.8156862854958,3000.1529411822557,3000.5098039507866,3000.690196096897,3001.0,169.81906127929688,177.53221130371094,182.37300872802734,186.2035675048828,189.57483673095703,192.83836059570314,196.22447509765624,200.4768524169922,208.19435119628906,348.20245361328125,213.56264,1.0,test_data/Useful/Validation/Three Quarter at 1 ft/IMG-20240821-WA0114.jpg,3926.0,64.0,28.930075165848
16,0.0,0.0,0.0,0.0,0.0,0.0,0.0,0.0,0.0,0.0,0.0,0.0,0.0,0.0,0.0,0.0,0.0,0.0,0.0,0.0,0.0,0.0,0.0,0.0,0.0,0.0,0.0,0.0,0.0,0.0,0.0,0.0,0.0,0.0,0.0,0.0,0.0,0.0,0.0,0.0,0.0,0.0,0.0,0.0,0.0,0.0,0.0,0.0,0.0,0.0,0.0,0.0,0.0,0.0,0.0,0.0,0.0,0.0,0.0,0.0,0.0,0.0,0.0,0.0,0.0,0.0,0.0,0.0,1.0,3.0,5.0,5.0,6.0,6.759999999999991,8.0,9.0,9.480000000000018,11.0,12.0,13.0,15.0,15.0,16.91999999999996,18.159999999999968,21.0,22.639999999999986,24.0,25.120000000000005,27.0,30.0,32.0,34.0,35.0,36.559999999999945,38.0,43.0,45.27999999999997,49.039999999999964,54.51999999999998,76.0,0.0,1000.4705882370472,1000.7176470756531,1000.839215695858,2000.0941176488996,2000.6156862974167,2000.811764717102,3000.137254908681,3000.501960813999,3000.690196096897,3001.0,169.76483154296875,177.49154663085938,182.42323303222656,186.31332397460938,189.65546417236328,192.85199890136718,196.2529327392578,200.45838012695313,208.1126708984375,348.2348327636719,213.40807,1.0,test_data/Useful/Validation/Three Quarter at 1 ft/IMG-20240821-WA0115.jpg,3913.0,70.0,27.63511614273767
17,0.0,0.0,0.0,0.0,0.0,0.0,0.0,0.0,0.0,0.0,0.0,0.0,0.0,0.0,0.0,0.0,0.0,0.0,0.0,0.0,0.0,0.0,0.0,0.0,0.0,0.0,0.0,0.0,0.0,0.0,0.0,0.0,0.0,0.0,0.0,0.0,0.0,0.0,0.0,0.0,0.0,0.0,0.0,0.0,0.0,0.0,0.0,0.0,0.0,0.0,0.0,0.0,0.0,0.0,0.0,0.0,0.0,0.0,0.0,0.0,0.0,0.0,0.0,0.0,0.0,0.0,0.0,0.0,0.0,0.0,0.0,1.0,2.0,3.0,5.0,6.0,8.0,9.0,10.0,11.0,13.0,14.67999999999995,16.0,19.0,20.0,21.0,22.879999999999995,24.120000000000005,27.0,30.0,32.84000000000003,33.24000000000012,37.32000000000005,40.559999999999945,42.799999999999955,45.039999999999964,50.27999999999997,56.0,61.75999999999999,87.0,0.0,1000.4745098054409,1000.7176470756531,1000.839215695858,2000.0823529437184,2000.6000000238419,2000.7960784435272,3000.1058823540807,3000.4941176474094,3000.6862745285034,3001.0,169.5502700805664,177.32640380859374,182.2129348754883,186.0763427734375,189.45681762695312,192.683935546875,196.13662719726562,200.42259216308594,208.1570587158203,348.2463073730469,213.4531,1.0,test_data/Useful/Validation/Three Quarter at 1 ft/IMG-20240821-WA0117.jpg,3907.0,69.0,29.302266850183106
18,0.0,0.0,0.0,0.0,0.0,0.0,0.0,0.0,0.0,0.0,0.0,0.0,0.0,0.0,0.0,0.0,0.0,0.0,0.0,0.0,0.0,0.0,0.0,0.0,0.0,0.0,0.0,0.0,0.0,0.0,0.0,0.0,0.0,0.0,0.0,0.0,0.0,0.0,0.0,0.0,0.0,0.0,0.0,0.0,0.0,0.0,0.0,0.0,0.0,0.0,0.0,0.0,0.0,0.0,0.0,0.0,0.0,0.0,0.0,0.0,0.0,0.0,0.0,0.0,0.0,0.0,0.0,0.0,0.0,1.0,1.0399999999999636,3.0,4.0,5.759999999999991,6.0,7.0,8.0,8.0,9.960000000000036,10.200000000000045,12.0,14.0,15.0,17.0,19.0,21.639999999999986,22.879999999999995,25.0,26.0,27.0,28.840000000000032,32.08000000000004,34.32000000000005,38.0,39.799999999999955,44.0,46.559999999999945,54.0,60.75999999999999,84.0,0.0,1000.4901960790157,1000.7294117808342,1000.8470588326454,2000.1686274558306,2000.6196078658104,2000.811764717102,3000.1529411822557,3000.5098039507866,3000.694117665291,3001.0,169.4288558959961,177.13906860351562,181.95787048339844,185.8296356201172,189.21865844726562,192.4924774169922,195.92253570556642,200.11788940429688,207.79832458496094,348.30340576171875,213.29874,1.0,test_data/Useful/Validation/Three Quarter at 1 ft/IMG-20240821-WA0121.jpg,3911.0,65.0,27.45749624782404
19,0.0,0.0,0.0,0.0,0.0,0.0,0.0,0.0,0.0,0.0,0.0,0.0,0.0,0.0,0.0,0.0,0.0,0.0,0.0,0.0,0.0,0.0,0.0,0.0,0.0,0.0,0.0,0.0,0.0,0.0,0.0,0.0,0.0,0.0,0.0,0.0,0.0,0.0,0.0,0.0,0.0,0.0,0.0,0.0,0.0,0.0,0.0,0.0,0.0,0.0,0.2400000000000091,2.0,3.0,3.0,4.0,5.0,5.67999999999995,7.0,8.0,8.0,9.0,9.0,10.120000000000005,11.360000000000014,12.0,13.0,14.0,14.0,16.0,17.0,18.0,19.0,20.0,21.0,22.0,22.24000000000001,23.0,24.720000000000027,26.0,28.0,30.0,31.0,32.0,35.0,36.0,37.639999999999986,39.0,41.0,43.0,44.0,45.0,46.0,48.0,49.0,51.799999999999955,57.0,58.0,61.51999999999998,67.27999999999997,94.0,0.0,1000.5411764979362,1000.8156862854958,1000.9803921580315,2000.3568627536297,2000.556862771511,2000.6980392336845,2000.8431372642517,3000.1529411822557,3000.5490196347237,3001.0,171.75160369873046,179.39080810546875,184.38369750976562,188.234130859375,191.60598754882812,194.97805786132812,198.5314498901367,202.9665771484375,211.3261703491211,345.97955322265625,216.60669,1.0,test_data/Useful/Validation/Three Quarter at 1 ft/IMG-20240821-WA0124.jpg,3317.0,112.0,24.755242273448538
20,0.0,0.0,0.0,0.0,0.0,0.0,0.0,0.0,0.0,0.0,0.0,0.0,0.0,0.0,0.0,0.0,0.0,0.0,0.0,0.0,0.0,0.0,0.0,0.0,0.0,0.0,0.0,0.0,0.0,0.0,0.0,0.0,0.0,0.0,0.0,0.0,0.0,0.0,0.0,0.0,0.0,0.0,0.0,0.0,0.0,0.0,0.0,0.0,0.0,0.0,0.0,0.0,0.0,0.0,0.0,0.0,0.0,0.0,1.0,2.0,2.0,3.0,4.0,5.0,6.0,6.840000000000032,7.0,8.0,9.0,10.0,10.0,12.0,13.0,13.759999999999991,14.0,15.0,17.0,17.720000000000027,19.0,21.0,22.440000000000055,24.0,25.0,26.0,27.0,28.639999999999986,30.0,31.0,32.0,34.0,36.0,38.0,40.32000000000005,44.0,46.0,47.039999999999964,51.27999999999997,53.51999999999998,63.75999999999999,91.0,0.0,1000.5137255191803,1000.7254902124405,1000.8352941274643,2000.32549020648,2000.8627451062202,3000.188235297799,3000.4509803950787,3000.6156862974167,3000.745098054409,3001.0,171.31028747558594,178.94271850585938,183.75245666503906,187.58355712890625,190.92337799072266,194.08395385742188,197.3711196899414,201.32007446289063,208.1375701904297,347.814453125,213.07727,1.0,test_data/Useful/Validation/Three Quarter at 1 ft/IMG-20240821-WA0237.jpg,3138.0,90.0,32.424214711523064
21,0.0,0.0,0.0,0.0,0.0,0.0,0.0,0.0,0.0,0.0,0.0,0.0,0.0,0.0,0.0,0.0,0.0,0.0,0.0,0.0,0.0,0.0,0.0,0.0,0.0,0.0,0.0,0.0,0.0,0.0,0.0,0.0,0.0,0.0,0.0,0.0,0.0,0.0,0.0,0.0,0.0,0.0,0.0,0.0,0.0,0.0,0.0,0.0,0.0,0.0,0.0,0.0,0.0,0.0,0.0,0.0,0.0,0.0,1.1599999999999682,2.0,3.0,4.0,5.0,5.0,6.0,6.0,7.0,8.0,9.0,10.0,11.039999999999964,12.279999999999973,14.0,15.0,15.0,16.0,17.0,18.0,18.0,19.0,20.0,21.0,23.0,24.0,24.399999999999977,25.0,26.0,27.0,28.360000000000014,31.0,33.0,35.08000000000004,38.0,41.559999999999945,43.0,45.11999999999989,51.27999999999997,57.0,64.03999999999996,101.0,0.0,1000.486274510622,1000.7098039388657,1000.8235294222832,2000.2274509817362,2000.7803921699524,3000.101960785687,3000.403921574354,3000.584313750267,3000.7254902124405,3001.0,170.13046264648438,177.72262573242188,182.56410217285156,186.29579162597656,189.62002563476562,192.7768096923828,196.08477783203125,200.06640625,207.03646850585938,348.1503601074219,212.1592,1.0,test_data/Useful/Validation/Three Quarter at 1 ft/IMG-20240821-WA0238.jpg,3050.0,86.0,33.71938625105828
22,0.0,0.0,0.0,0.0,0.0,0.0,0.0,0.0,0.0,0.0,0.0,0.0,0.0,0.0,0.0,0.0,0.0,0.0,0.0,0.0,0.0,0.0,0.0,0.0,0.0,0.0,0.0,0.0,0.0,0.0,0.0,0.0,0.0,0.0,0.0,0.0,0.0,0.0,0.0,0.0,0.0,0.0,0.0,0.0,0.0,0.0,0.0,0.0,0.0,0.0,0.0,0.0,0.0,0.0,0.0,0.0,0.0,1.0,1.1599999999999682,2.3999999999999773,3.6399999999999864,4.0,5.0,5.360000000000014,6.600000000000023,7.0,8.0,8.0,8.559999999999945,9.0,10.0,11.0,12.0,12.0,13.0,14.0,14.480000000000018,15.0,17.0,19.0,19.0,20.0,21.0,22.0,23.0,25.0,26.0,28.0,30.0,32.0,33.0,35.0,37.32000000000005,41.0,43.799999999999955,46.039999999999964,50.0,54.51999999999998,61.27999999999997,73.0,0.0,1000.5019608139992,1000.7254902124405,1000.839215695858,2000.4078431427479,2000.7921568751335,3000.101960785687,3000.407843142748,3000.5882353186607,3000.729411780834,3001.0,170.24834289550782,177.77822875976562,182.60576629638672,186.44859008789064,189.7509536743164,192.95235290527344,196.27288665771485,200.30168762207032,207.43167114257812,348.0498046875,212.58598,1.0,test_data/Useful/Validation/Three Quarter at 1 ft/IMG-20240821-WA0239.jpg,3263.0,88.0,31.681907565390194
23,0.0,0.0,0.0,0.0,0.0,0.0,0.0,0.0,0.0,0.0,0.0,0.0,0.0,0.0,0.0,0.0,0.0,0.0,0.0,0.0,0.0,0.0,0.0,0.0,0.0,0.0,0.0,0.0,0.0,0.0,0.0,0.0,0.0,0.0,0.0,0.0,0.0,0.0,0.0,0.0,0.0,0.0,0.0,0.0,0.0,0.0,0.0,0.0,0.0,0.0,0.0,0.0,0.0,0.0,0.0,0.0,0.0,0.0,0.0,0.0,0.0,0.0,1.0,2.0,3.0,4.0,6.0,7.0,7.559999999999945,9.0,10.0,11.279999999999973,12.0,13.0,13.0,15.0,16.0,17.0,17.0,18.0,19.0,20.0,21.0,22.0,24.0,24.639999999999986,26.0,28.0,29.0,30.600000000000023,33.0,35.0,38.32000000000005,40.559999999999945,43.0,46.039999999999964,53.27999999999997,57.0,61.51999999999998,82.0,0.0,1000.5137255191803,1000.7294117808342,1000.839215695858,2000.4941176474094,2000.8235294222832,3000.149019613862,3000.43137255311,3000.600000023842,3000.733333349228,3001.0,169.9549072265625,177.59605407714844,182.49124145507812,186.31686401367188,189.63674926757812,192.8145782470703,196.12701721191405,200.08363342285156,207.03765869140625,348.14434814453125,212.17612,1.0,test_data/Useful/Validation/Three Quarter at 1 ft/IMG-20240821-WA0240.jpg,3080.0,84.0,28.37154890206999
24,0.0,0.0,0.0,0.0,0.0,0.0,0.0,0.0,0.0,0.0,0.0,0.0,0.0,0.0,0.0,0.0,0.0,0.0,0.0,0.0,0.0,0.0,0.0,0.0,0.0,0.0,0.0,0.0,0.0,0.0,0.0,0.0,0.0,0.0,0.0,0.0,0.0,0.0,0.0,0.0,0.0,0.0,0.0,0.0,0.0,0.0,0.0,0.0,0.0,0.0,0.0,0.0,0.0,0.0,0.0,0.0,0.0,0.0,0.0,0.39999999999997726,1.0,2.0,2.1200000000000045,3.0,4.0,4.0,5.080000000000041,6.0,7.0,8.0,9.0,9.0,10.0,11.0,13.0,14.0,15.0,16.0,17.0,18.0,18.440000000000055,19.0,20.0,22.0,23.0,24.0,26.0,26.120000000000005,29.360000000000014,30.0,33.680000000000064,36.0,38.0,40.559999999999945,43.0,46.039999999999964,52.27999999999997,55.0,64.03999999999996,90.0,0.0,1000.5019608139992,1000.7137255072594,1000.8156862854958,2000.2549019753933,2000.784313738346,3000.1215686276555,3000.4235294163227,3000.5921568870544,3000.7254902124405,3001.0,169.76521759033204,177.45663452148438,182.2831024169922,186.05945434570313,189.38226318359375,192.53689575195312,195.88388061523438,199.9793701171875,207.16537475585938,347.9875183105469,212.23586,1.0,test_data/Useful/Validation/Three Quarter at 1 ft/IMG-20240821-WA0241.jpg,3044.0,84.0,28.54755158624679
25,0.0,0.0,0.0,0.0,0.0,0.0,0.0,0.0,0.0,0.0,0.0,0.0,0.0,0.0,0.0,0.0,0.0,0.0,0.0,0.0,0.0,0.0,0.0,0.0,0.0,0.0,0.0,0.0,0.0,0.0,0.0,0.0,0.0,0.0,0.0,0.0,0.0,0.0,0.0,0.0,0.0,0.0,0.0,0.0,0.0,0.0,0.0,0.0,0.0,0.0,0.0,0.0,0.0,0.0,0.0,0.0,0.0,0.0,0.0,0.0,0.0,0.0,0.0,0.0,1.0,1.8400000000000318,2.080000000000041,3.32000000000005,4.0,5.0,6.0,7.0,8.519999999999982,9.759999999999991,10.0,11.0,13.0,13.720000000000027,15.0,17.0,19.0,20.0,22.0,23.159999999999968,25.0,26.0,27.879999999999995,29.0,30.0,32.0,35.0,38.0,43.0,44.0,48.0,52.0,56.0,62.559999999999945,68.75999999999999,96.0,0.0,1000.4823529422283,1000.7098039388657,1000.8196078538895,2000.058823529631,2000.7529411911964,3000.06274510175,3000.3843137323856,3000.5764706134796,3000.721568644047,3001.0,170.02967681884766,177.744873046875,182.6276107788086,186.4591064453125,189.7803497314453,192.94290161132812,196.3386688232422,200.39056396484375,207.52854919433594,348.00958251953125,212.81879,1.0,test_data/Useful/Validation/Three Quarter at 1 ft/IMG-20240821-WA0242.jpg,3202.0,81.0,33.95948347278353
26,0.0,0.0,0.0,0.0,0.0,0.0,0.0,0.0,0.0,0.0,0.0,0.0,0.0,0.0,0.0,0.0,0.0,0.0,0.0,0.0,0.0,0.0,0.0,0.0,0.0,0.0,0.0,0.0,0.0,0.0,0.0,0.0,0.0,0.0,0.0,0.0,0.0,0.0,0.0,0.0,0.0,0.0,0.0,0.0,0.0,0.0,0.0,0.0,0.0,0.0,0.0,0.0,0.0,0.0,0.0,0.0,0.0,0.0,0.0,0.0,0.0,0.0,0.0,0.0,1.6000000000000227,3.0,4.0,5.0,5.0,6.7999999999999545,7.0,8.0,9.0,10.0,11.0,11.0,12.480000000000018,13.720000000000027,14.960000000000036,16.200000000000045,18.440000000000055,20.0,21.0,23.0,23.0,26.0,29.0,31.120000000000005,34.0,36.60000000000002,39.0,42.08000000000004,45.32000000000005,48.0,50.799999999999955,55.0,57.27999999999997,66.51999999999998,72.75999999999999,106.0,0.0,1000.4941176474094,1000.7215686440468,1000.8274509906769,2000.2549019753933,2000.7803921699524,3000.0941176488996,3000.407843142748,3000.5882353186607,3000.729411780834,3001.0,169.945068359375,177.6133026123047,182.48416137695312,186.3133087158203,189.6191635131836,192.76768798828124,196.12213134765625,200.23056030273438,207.3709259033203,348.09722900390625,212.49826,1.0,test_data/Useful/Validation/Three Quarter at 1 ft/IMG-20240821-WA0243.jpg,3127.0,88.0,34.33661999485515
27,0.0,0.0,0.0,0.0,0.0,0.0,0.0,0.0,0.0,0.0,0.0,0.0,0.0,0.0,0.0,0.0,0.0,0.0,0.0,0.0,0.0,0.0,0.0,0.0,0.0,0.0,0.0,0.0,0.0,0.0,0.0,0.0,0.0,0.0,0.0,0.0,0.0,0.0,0.0,0.0,0.0,0.0,0.0,0.0,0.0,0.0,0.0,0.0,0.0,0.0,0.0,0.0,0.0,0.0,0.0,0.0,0.0,0.0,0.0,0.0,0.0,1.0,2.0,2.0,3.6000000000000227,4.0,5.0,6.0,7.0,7.7999999999999545,9.0,10.0,11.0,11.0,12.0,13.0,14.0,15.0,16.0,16.0,17.0,19.0,20.0,21.0,22.399999999999977,24.639999999999986,26.0,30.120000000000005,31.0,33.0,35.84000000000003,38.08000000000004,40.0,43.0,44.0,48.039999999999964,55.11999999999989,60.0,67.75999999999999,86.0,0.0,1000.4745098054409,1000.7019608020782,1000.811764717102,2000.0039215688594,2000.7411764860153,3000.054901961237,3000.3725490272045,3000.568627476692,3000.717647075653,3001.0,169.61439514160156,177.26763916015625,182.18576049804688,186.00904846191406,189.30575561523438,192.45225524902344,195.72781372070312,199.70325317382813,206.86907043457032,348.1872253417969,212.25662,1.0,test_data/Useful/Validation/Three Quarter at 1 ft/IMG-20240821-WA0244.jpg,3095.0,89.0,30.155451945563325
28,0.0,0.0,0.0,0.0,0.0,0.0,0.0,0.0,0.0,0.0,0.0,0.0,0.0,0.0,0.0,0.0,0.0,0.0,0.0,0.0,0.0,0.0,0.0,0.0,0.0,0.0,0.0,0.0,0.0,0.0,0.0,0.0,0.0,0.0,0.0,0.0,0.0,0.0,0.0,0.0,0.0,0.0,0.0,0.0,0.0,0.0,0.0,0.0,0.0,0.0,0.0,0.0,0.0,0.0,0.0,0.0,0.0,0.0,0.0,1.0,1.6399999999999864,2.0,3.0,4.0,5.0,6.0,7.0,9.0,9.559999999999945,10.0,11.0,11.0,12.0,13.0,14.0,15.0,16.0,17.0,18.960000000000036,19.200000000000045,21.0,22.0,23.0,24.0,25.0,26.0,28.0,31.0,32.0,33.0,36.0,39.0,40.0,43.0,45.0,46.07999999999993,50.27999999999997,55.0,60.75999999999999,85.0,0.0,1000.4901960790157,1000.7176470756531,1000.8274509906769,2000.2196078449488,2000.7686274647713,3000.0784313753247,3000.3960784375668,3000.584313750267,3000.729411780834,3001.0,169.92845458984374,177.58858642578124,182.3798370361328,186.16187438964843,189.50089263916016,192.68190307617186,195.99278106689454,200.01380920410156,207.15660095214844,348.1785888671875,212.1443,1.0,test_data/Useful/Validation/Three Quarter at 1 ft/IMG-20240821-WA0245.jpg,3135.0,89.0,34.88603827498739
29,0.0,0.0,0.0,0.0,0.0,0.0,0.0,0.0,0.0,0.0,0.0,0.0,0.0,0.0,0.0,0.0,0.0,0.0,0.0,0.0,0.0,0.0,0.0,0.0,0.0,0.0,0.0,0.0,0.0,0.0,0.0,0.0,0.0,0.0,0.0,0.0,0.0,0.0,0.0,0.0,0.0,0.0,0.0,0.0,0.0,0.0,0.0,0.0,0.0,0.0,0.0,0.0,0.0,0.0,0.0,0.0,0.0,0.0,0.0,0.0,0.0,0.0,0.0,0.0,0.0,1.0,1.080000000000041,4.0,4.0,5.0,6.0,6.0,7.0,8.0,9.0,10.0,12.0,13.0,14.0,16.0,18.0,19.0,20.0,21.0,23.0,23.639999999999986,25.0,27.0,29.0,31.600000000000023,33.0,36.0,37.32000000000005,40.559999999999945,43.799999999999955,47.0,49.27999999999997,53.0,61.51999999999998,87.0,0.0,1000.4745098054409,1000.705882370472,1000.811764717102,1000.9803921580315,2000.7372549176216,3000.054901961237,3000.376470595598,3000.572549045086,3000.721568644047,3001.0,169.74542236328125,177.44271850585938,182.27239990234375,186.00454711914062,189.30535125732422,192.522705078125,195.82196044921875,199.87173461914062,206.90805053710938,348.2371520996094,212.0323,1.0,test_data/Useful/Validation/Three Quarter at 1 ft/IMG-20240821-WA0246.jpg,3149.0,74.0,28.90199926764248
30,0.0,0.0,0.0,0.0,0.0,0.0,0.0,0.0,0.0,0.0,0.0,0.0,0.0,0.0,0.0,0.0,0.0,0.0,0.0,0.0,0.0,0.0,0.0,0.0,0.0,0.0,0.0,0.0,0.0,0.0,0.0,0.0,0.0,0.0,0.0,0.0,0.0,0.0,0.0,0.0,0.0,0.0,0.0,0.0,0.0,0.0,0.0,0.0,0.0,0.0,0.0,0.0,0.0,0.0,0.0,0.0,0.0,0.0,0.0,0.0,0.0,0.0,1.0,2.0,3.0,3.0,4.0,5.0,5.559999999999945,6.7999999999999545,7.0,8.0,9.0,10.0,12.0,13.0,14.0,15.0,16.0,17.200000000000045,18.0,19.0,22.0,23.159999999999968,25.399999999999977,27.639999999999986,29.0,31.0,33.0,35.0,37.0,38.0,40.0,42.0,46.0,47.039999999999964,52.0,59.039999999999964,64.75999999999999,89.0,0.0,1000.4901960790157,1000.7137255072594,1000.8196078538895,2000.0078431377187,2000.7607843279839,3000.0784313753247,3000.3960784375668,3000.5803921818733,3000.7254902124405,3001.0,170.0077651977539,177.6099609375,182.54266357421875,186.3842010498047,189.73049926757812,192.92396545410156,196.23355102539062,200.29360961914062,207.2930145263672,348.0910949707031,212.53557,1.0,test_data/Useful/Validation/Three Quarter at 1 ft/IMG-20240821-WA0247.jpg,3147.0,88.0,29.927273733269708
31,0.0,0.0,0.0,0.0,0.0,0.0,0.0,0.0,0.0,0.0,0.0,0.0,0.0,0.0,0.0,0.0,0.0,0.0,0.0,0.0,0.0,0.0,0.0,0.0,0.0,0.0,0.0,0.0,0.0,0.0,0.0,0.0,0.0,0.0,0.0,0.0,0.0,0.0,0.0,0.0,0.0,0.0,0.0,0.0,0.0,0.0,0.0,0.0,0.0,0.0,0.0,0.0,0.0,0.0,0.0,1.0,1.0,2.0,2.159999999999968,4.0,5.0,5.0,6.0,6.360000000000014,7.0,8.0,10.0,11.0,11.0,12.0,13.0,14.0,15.0,16.0,17.0,18.0,18.480000000000018,19.0,19.0,20.0,21.0,22.67999999999995,23.91999999999996,25.0,26.399999999999977,28.0,29.0,32.0,33.0,34.60000000000002,37.84000000000003,40.0,42.0,44.0,45.799999999999955,47.039999999999964,52.27999999999997,57.51999999999998,69.03999999999996,94.0,0.0,1000.6000000238419,1000.7568627595901,1000.8549019694328,2000.2941176593304,2000.717647075653,3000.0784313753247,3000.435294121504,3000.6039215922356,3000.7254902124405,3001.0,169.949658203125,177.61872253417968,182.54467163085937,186.3760986328125,189.79490661621094,193.02513122558594,196.46255493164062,200.6836700439453,208.3724822998047,347.7717590332031,213.64265,1.0,test_data/Useful/Validation/Three Quarter at 1 ft/IMG-20240821-WA0248.jpg,3150.0,100.0,27.52030375904704
32,0.0,0.0,0.0,0.0,0.0,0.0,0.0,0.0,0.0,0.0,0.0,0.0,0.0,0.0,0.0,0.0,0.0,0.0,0.0,0.0,0.0,0.0,0.0,0.0,0.0,0.0,0.0,0.0,0.0,0.0,0.0,0.0,0.0,0.0,0.0,0.0,0.0,0.0,0.0,0.0,0.0,0.0,0.0,0.0,0.0,0.0,0.0,0.0,0.0,0.0,0.0,0.0,0.0,0.0,0.0,0.0,0.0,0.0,0.0,0.0,0.0,1.0,2.0,3.0,4.0,5.0,5.080000000000041,6.0,7.0,7.0,9.0,9.0,10.519999999999982,11.0,12.0,13.0,14.0,15.0,16.0,18.0,19.0,21.0,21.0,22.159999999999968,24.399999999999977,26.0,27.879999999999995,29.0,31.0,33.0,34.84000000000003,38.08000000000004,40.32000000000005,43.0,47.0,50.039999999999964,53.0,57.0,68.55999999999995,84.0,0.0,1000.611764729023,1000.7647058963776,1000.8823529481888,2000.4039215743542,2000.7137255072594,3000.019607843831,3000.392156869173,3000.5803921818733,3000.7098039388657,3001.0,169.6317901611328,177.37567138671875,182.3017120361328,186.07763671875,189.4949493408203,192.81890869140625,196.3065948486328,200.59506225585938,208.3345947265625,347.77130126953125,213.78485,1.0,test_data/Useful/Validation/Three Quarter at 1 ft/IMG-20240821-WA0249.jpg,3108.0,85.0,25.333804923080955
33,0.0,0.0,0.0,0.0,0.0,0.0,0.0,0.0,0.0,0.0,0.0,0.0,0.0,0.0,0.0,0.0,0.0,0.0,0.0,0.0,0.0,0.0,0.0,0.0,0.0,0.0,0.0,0.0,0.0,0.0,0.0,0.0,0.0,0.0,0.0,0.0,0.0,0.0,0.0,0.0,0.0,0.0,0.0,0.0,0.0,0.0,0.0,0.0,0.0,0.0,0.0,0.0,0.0,0.0,0.0,0.0,0.0,0.0,0.0,0.0,0.0,2.0,3.0,4.0,5.0,6.0,7.0,8.0,8.0,9.0,10.0,10.0,11.0,11.0,12.0,13.0,14.0,15.0,15.0,16.200000000000045,18.0,19.67999999999995,21.0,23.159999999999968,26.0,27.0,28.0,30.120000000000005,32.0,33.60000000000002,35.84000000000003,36.08000000000004,37.32000000000005,41.0,46.799999999999955,49.039999999999964,55.0,59.0,62.75999999999999,82.0,0.0,1000.6078431606293,1000.7607843279839,1000.8627451062202,2000.3882353007793,2000.7254902124405,3000.0509803928435,3000.4156862795353,3000.5882353186607,3000.7098039388657,3001.0,169.7463104248047,177.387939453125,182.31723022460938,186.19345703125,189.63074493408203,192.9553985595703,196.43881225585938,200.77838134765625,208.5618438720703,347.7310485839844,213.82822,1.0,test_data/Useful/Validation/Three Quarter at 1 ft/IMG-20240821-WA0250.jpg,3192.0,87.0,28.794388810096997
34,0.0,0.0,0.0,0.0,0.0,0.0,0.0,0.0,0.0,0.0,0.0,0.0,0.0,0.0,0.0,0.0,0.0,0.0,0.0,0.0,0.0,0.0,0.0,0.0,0.0,0.0,0.0,0.0,0.0,0.0,0.0,0.0,0.0,0.0,0.0,0.0,0.0,0.0,0.0,0.0,0.0,0.0,0.0,0.0,0.0,0.0,0.0,0.0,0.0,0.0,0.0,0.0,0.0,0.0,0.0,0.0,0.0,0.0,0.0,0.0,0.0,0.0,0.0,0.0,0.0,1.0,1.080000000000041,4.0,4.0,5.0,6.0,6.0,7.0,8.0,9.0,10.0,12.0,13.0,14.0,16.0,18.0,19.0,20.0,21.0,23.0,23.639999999999986,25.0,27.0,29.0,31.600000000000023,33.0,36.0,37.32000000000005,40.559999999999945,43.799999999999955,47.0,49.27999999999997,53.0,61.51999999999998,87.0,0.0,1000.4745098054409,1000.705882370472,1000.811764717102,1000.9803921580315,2000.7372549176216,3000.054901961237,3000.376470595598,3000.572549045086,3000.721568644047,3001.0,169.74542236328125,177.44271850585938,182.27239990234375,186.00454711914062,189.30535125732422,192.522705078125,195.82196044921875,199.87173461914062,206.90805053710938,348.2371520996094,212.0323,1.0,test_data/Useful/Validation/Three Quarter at 1 ft/IMG-20240821-WA0251.jpg,3149.0,74.0,28.173320925842972
35,0.0,0.0,0.0,0.0,0.0,0.0,0.0,0.0,0.0,0.0,0.0,0.0,0.0,0.0,0.0,0.0,0.0,0.0,0.0,0.0,0.0,0.0,0.0,0.0,0.0,0.0,0.0,0.0,0.0,0.0,0.0,0.0,0.0,0.0,0.0,0.0,0.0,0.0,0.0,0.0,0.0,0.0,0.0,0.0,0.0,0.0,0.0,0.0,0.0,0.0,0.0,0.0,0.0,0.0,0.0,0.0,0.0,0.0,0.0,1.0,1.6399999999999864,2.0,3.0,4.0,5.0,6.0,7.0,9.0,9.559999999999945,10.0,11.0,11.0,12.0,13.0,14.0,15.0,16.0,17.0,18.960000000000036,19.200000000000045,21.0,22.0,23.0,24.0,25.0,26.0,28.0,31.0,32.0,33.0,36.0,39.0,40.0,43.0,45.0,46.07999999999993,50.27999999999997,55.0,60.75999999999999,85.0,0.0,1000.4901960790157,1000.7176470756531,1000.8274509906769,2000.2196078449488,2000.7686274647713,3000.0784313753247,3000.3960784375668,3000.584313750267,3000.729411780834,3001.0,169.92845458984374,177.58858642578124,182.3798370361328,186.16187438964843,189.50089263916016,192.68190307617186,195.99278106689454,200.01380920410156,207.15660095214844,348.1785888671875,212.1443,1.0,test_data/Useful/Validation/Three Quarter at 1 ft/IMG-20240821-WA0252.jpg,3135.0,89.0,29.801528148316393
36,0.0,0.0,0.0,0.0,0.0,0.0,0.0,0.0,0.0,0.0,0.0,0.0,0.0,0.0,0.0,0.0,0.0,0.0,0.0,0.0,0.0,0.0,0.0,0.0,0.0,0.0,0.0,0.0,0.0,0.0,0.0,0.0,0.0,0.0,0.0,0.0,0.0,0.0,0.0,0.0,0.0,0.0,0.0,0.0,0.0,0.0,0.0,0.0,0.0,0.0,0.0,0.0,0.0,0.0,0.0,0.0,0.0,0.0,0.0,0.0,0.0,0.8799999999999955,2.0,3.0,4.0,4.840000000000032,6.0,7.0,7.0,8.0,9.0,10.0,11.519999999999982,12.0,13.0,13.0,14.480000000000018,16.0,17.960000000000036,19.0,20.0,21.0,23.0,24.0,25.399999999999977,27.0,29.879999999999995,32.0,34.0,35.0,37.84000000000003,41.0,42.0,44.0,46.0,48.23999999999978,57.0,60.0,64.75999999999999,86.0,0.0,1000.4901960790157,1000.7098039388657,1000.811764717102,1000.9607843160629,2000.6705882549286,3000.023529412225,3000.3568627536297,3000.5647059082985,3000.717647075653,3001.0,170.5492401123047,178.31663513183594,183.1223907470703,186.9083251953125,190.21575164794922,193.37008666992188,196.7017822265625,200.67398071289062,207.6518096923828,348.0768127441406,212.66699,1.0,test_data/Useful/Validation/Three Quarter at 1 ft/IMG-20240821-WA0253.jpg,3155.0,93.0,33.456552288836036
37,0.0,0.0,0.0,0.0,0.0,0.0,0.0,0.0,0.0,0.0,0.0,0.0,0.0,0.0,0.0,0.0,0.0,0.0,0.0,0.0,0.0,0.0,0.0,0.0,0.0,0.0,0.0,0.0,0.0,0.0,0.0,0.0,0.0,0.0,0.0,0.0,0.0,0.0,0.0,0.0,0.0,0.0,0.0,0.0,0.0,0.0,0.0,0.0,0.0,0.0,0.0,0.0,0.0,0.0,0.0,0.0,0.0,0.0,0.0,0.0,0.0,2.0,3.0,4.0,5.0,6.0,7.0,8.0,8.0,9.0,10.0,10.0,11.0,11.0,12.0,13.0,14.0,15.0,15.0,16.200000000000045,18.0,19.67999999999995,21.0,23.159999999999968,26.0,27.0,28.0,30.120000000000005,32.0,33.60000000000002,35.84000000000003,36.08000000000004,37.32000000000005,41.0,46.799999999999955,49.039999999999964,55.0,59.0,62.75999999999999,82.0,0.0,1000.6078431606293,1000.7607843279839,1000.8627451062202,2000.3882353007793,2000.7254902124405,3000.0509803928435,3000.4156862795353,3000.5882353186607,3000.7098039388657,3001.0,169.7463104248047,177.387939453125,182.31723022460938,186.19345703125,189.63074493408203,192.9553985595703,196.43881225585938,200.77838134765625,208.5618438720703,347.7310485839844,213.82822,1.0,test_data/Useful/Validation/Three Quarter at 1 ft/IMG-20240821-WA0254.jpg,3192.0,87.0,29.978105915708873
38,0.0,0.0,0.0,0.0,0.0,0.0,0.0,0.0,0.0,0.0,0.0,0.0,0.0,0.0,0.0,0.0,0.0,0.0,0.0,0.0,0.0,0.0,0.0,0.0,0.0,0.0,0.0,0.0,0.0,0.0,0.0,0.0,0.0,0.0,0.0,0.0,0.0,0.0,0.0,0.0,0.0,0.0,0.0,0.0,0.0,0.0,0.0,0.0,0.0,0.0,0.0,0.0,0.0,0.0,0.0,0.0,1.0,2.0,2.0,3.0,3.6399999999999864,5.0,5.1200000000000045,6.0,8.0,9.0,10.0,11.0,11.0,12.799999999999955,13.0,14.0,14.0,15.0,15.0,16.0,17.480000000000018,19.0,19.960000000000036,21.0,22.0,23.0,24.0,26.0,27.399999999999977,29.0,30.879999999999995,33.0,35.0,37.0,41.84000000000003,44.0,45.0,47.0,49.0,54.039999999999964,57.0,63.0,70.75999999999999,100.0,0.0,1000.4039215743542,1000.6549019813538,1000.7882353067398,2000.4039215743542,2000.7137255072594,3000.054901961237,3000.3176470696926,3000.4941176474094,3000.635294139385,3001.0,171.41738739013672,179.12425537109377,184.0038299560547,187.85394287109375,191.19444274902344,194.407470703125,197.77011108398438,201.7764892578125,208.8166275024414,347.2882385253906,213.53946,1.0,test_data/Useful/Validation/Three Quarter at 1 ft/IMG-20240821-WA0255.jpg,3013.0,99.0,32.083776473810055
39,0.0,0.0,0.0,0.0,0.0,0.0,0.0,0.0,0.0,0.0,0.0,0.0,0.0,0.0,0.0,0.0,0.0,0.0,0.0,0.0,0.0,0.0,0.0,0.0,0.0,0.0,0.0,0.0,0.0,0.0,0.0,0.0,0.0,0.0,0.0,0.0,0.0,0.0,0.0,0.0,0.0,0.0,0.0,0.0,0.0,0.0,0.0,0.0,0.0,0.0,0.0,0.0,0.0,0.0,0.0,1.0,1.0,2.0,3.0,4.0,5.0,5.0,6.0,7.0,8.0,9.0,10.0,11.0,11.559999999999945,12.799999999999955,13.039999999999964,14.0,16.0,16.0,18.0,19.0,20.0,21.0,21.0,23.0,23.0,25.0,25.0,26.0,27.0,28.0,30.0,33.0,33.0,35.0,36.0,38.0,41.32000000000005,44.0,47.0,50.0,53.27999999999997,58.039999999999964,63.75999999999999,89.0,0.0,1000.5294117927551,1000.7372549176216,1000.8470588326454,2000.3490196168423,2000.745098054409,3000.0509803928435,3000.380392163992,3000.572549045086,3000.717647075653,3001.0,170.10960540771484,177.81713256835937,182.61520385742188,186.43455505371094,189.7911376953125,192.9644775390625,196.27525329589844,200.29287719726562,207.37725830078125,348.07537841796875,212.59402,1.0,test_data/Useful/Validation/Three Quarter at 1 ft/IMG-20240821-WA0256.jpg,3094.0,100.0,29.142888960620503
40,0.0,0.0,0.0,0.0,0.0,0.0,0.0,0.0,0.0,0.0,0.0,0.0,0.0,0.0,0.0,0.0,0.0,0.0,0.0,0.0,0.0,0.0,0.0,0.0,0.0,0.0,0.0,0.0,0.0,0.0,0.0,0.0,0.0,0.0,0.0,0.0,0.0,0.0,0.0,0.0,0.0,0.0,0.0,0.0,0.0,0.0,0.0,0.0,0.0,0.0,0.0,0.0,0.0,0.0,0.0,0.0,0.0,1.919999999999959,2.159999999999968,4.0,4.639999999999986,5.0,6.0,7.0,7.0,8.0,9.0,9.0,10.0,11.0,11.0,13.0,13.519999999999982,14.0,15.0,17.0,18.0,19.0,20.0,22.0,23.440000000000055,26.0,27.0,28.0,29.0,30.0,32.0,33.0,35.0,36.0,37.0,39.0,43.0,47.0,50.0,54.0,59.0,65.0,72.0,96.0,0.0,1000.3019607961178,1000.5490196347237,1000.705882370472,1000.811764717102,1000.9529411792755,2000.2705882489681,2000.4941176474094,2000.6588235497475,2000.7921568751335,3001.0,171.71246337890625,179.3241729736328,184.07373046875,187.8824005126953,191.22206115722656,194.38394165039062,197.68150329589844,201.64141845703125,208.55526733398438,347.5018005371094,213.4208,1.0,test_data/Useful/Validation/Three Quarter at 1 ft/WhatsApp Image 2024-08-21 at 14.16.45.jpeg,3224.0,96.0,31.915697233504478
41,0.0,0.0,0.0,0.0,0.0,0.0,0.0,0.0,0.0,0.0,0.0,0.0,0.0,0.0,0.0,0.0,0.0,0.0,0.0,0.0,0.0,0.0,0.0,0.0,0.0,0.0,0.0,0.0,0.0,0.0,0.0,0.0,0.0,0.0,0.0,0.0,0.0,0.0,0.0,0.0,0.0,0.0,0.0,0.0,0.0,0.0,0.0,0.0,0.0,0.0,0.0,0.0,0.0,0.0,0.0,0.0,0.0,1.0,2.0,3.0,3.0,4.0,5.1200000000000045,6.0,8.0,9.0,10.0,11.0,11.0,12.0,13.0,14.0,15.0,16.0,17.0,18.0,18.480000000000018,20.0,20.0,21.0,21.440000000000055,22.67999999999995,24.0,25.159999999999968,26.0,28.0,29.0,30.0,32.0,33.0,34.0,37.0,40.0,42.559999999999945,44.0,48.0,54.559999999999945,60.0,68.27999999999997,93.0,0.0,1000.2901960909367,1000.5294117927551,1000.6862745285034,1000.7921568751335,1000.9098039269447,2000.2274509817362,2000.4784313738346,2000.65098041296,2000.7886274635796,3001.0,171.70968627929688,179.24652099609375,184.06837463378906,187.8663787841797,191.1767578125,194.37468872070312,197.62945556640625,201.66014099121094,208.63084411621094,347.4438171386719,213.52289,1.0,test_data/Useful/Validation/Three Quarter at 1 ft/WhatsApp Image 2024-08-21 at 14.16.46 (1).jpeg,3184.0,91.0,33.33785833012906
42,0.0,0.0,0.0,0.0,0.0,0.0,0.0,0.0,0.0,0.0,0.0,0.0,0.0,0.0,0.0,0.0,0.0,0.0,0.0,0.0,0.0,0.0,0.0,0.0,0.0,0.0,0.0,0.0,0.0,0.0,0.0,0.0,0.0,0.0,0.0,0.0,0.0,0.0,0.0,0.0,0.0,0.0,0.0,0.0,0.0,0.0,0.0,0.0,0.0,0.0,0.0,0.0,0.0,0.0,0.0,1.0,2.0,3.0,3.0,4.0,5.0,6.0,8.0,8.0,9.0,11.0,12.0,13.0,13.0,14.0,15.0,15.0,16.0,17.0,19.0,19.24000000000001,21.0,21.720000000000027,22.960000000000036,24.0,26.0,27.0,28.0,30.0,30.0,32.0,33.0,34.0,35.0,36.60000000000002,39.84000000000003,42.08000000000004,44.32000000000005,45.0,48.0,51.0,57.27999999999997,62.51999999999998,74.27999999999997,103.0,0.0,1000.2784313857555,1000.5137255191803,1000.6705882549286,1000.7764706015587,1000.8823529481888,2000.1411764770746,2000.447058826685,2000.6352941393852,2000.784313738346,3001.0,171.76124572753906,179.3409423828125,184.1456298828125,188.00025939941406,191.332275390625,194.49481201171875,197.81338500976562,201.75299072265625,208.6533203125,347.4339599609375,213.4657,1.0,test_data/Useful/Validation/Three Quarter at 1 ft/WhatsApp Image 2024-08-21 at 14.16.46 (2).jpeg,3175.0,103.0,30.94442982221164
43,0.0,0.0,0.0,0.0,0.0,0.0,0.0,0.0,0.0,0.0,0.0,0.0,0.0,0.0,0.0,0.0,0.0,0.0,0.0,0.0,0.0,0.0,0.0,0.0,0.0,0.0,0.0,0.0,0.0,0.0,0.0,0.0,0.0,0.0,0.0,0.0,0.0,0.0,0.0,0.0,0.0,0.0,0.0,0.0,0.0,0.0,0.0,0.0,0.0,0.0,0.0,0.0,0.0,0.0,0.0,0.0,0.0,0.0,0.0,0.0,0.0,1.0,2.1200000000000045,3.0,4.600000000000023,6.0,7.0,8.0,8.0,9.0,11.0,12.0,14.0,14.0,16.0,16.24000000000001,18.0,18.720000000000027,20.0,21.200000000000045,22.440000000000055,24.0,25.0,26.0,26.399999999999977,27.0,28.0,30.120000000000005,33.0,36.0,38.0,40.0,42.32000000000005,45.559999999999945,48.0,51.07999999999993,56.27999999999997,62.0,71.75999999999999,112.0,0.0,1000.2941176593304,1000.5333333611488,1000.6823529601097,1000.7843137383461,1000.8901960849762,2000.1725490242243,2000.4627451002598,2000.6431372761726,2000.784313738346,3001.0,171.63307189941406,179.25093994140624,184.17359313964843,187.94508056640626,191.2851104736328,194.43144836425782,197.71482849121094,201.661328125,208.4988250732422,347.5293273925781,213.40843,1.0,test_data/Useful/Validation/Three Quarter at 1 ft/WhatsApp Image 2024-08-21 at 14.16.46 (3).jpeg,3227.0,89.0,35.29781363369958
44,0.0,0.0,0.0,0.0,0.0,0.0,0.0,0.0,0.0,0.0,0.0,0.0,0.0,0.0,0.0,0.0,0.0,0.0,0.0,0.0,0.0,0.0,0.0,0.0,0.0,0.0,0.0,0.0,0.0,0.0,0.0,0.0,0.0,0.0,0.0,0.0,0.0,0.0,0.0,0.0,0.0,0.0,0.0,0.0,0.0,0.0,0.0,0.0,0.0,0.0,0.0,0.0,0.0,0.0,0.0,0.0,1.0,2.0,3.0,3.3999999999999773,4.0,5.0,6.0,7.0,8.0,9.0,9.0,10.0,11.0,12.0,13.0,14.0,14.0,15.0,15.0,16.24000000000001,18.0,20.0,21.0,23.0,23.0,25.0,25.0,28.159999999999968,29.0,31.0,32.879999999999995,34.0,37.0,38.0,40.0,42.0,44.0,45.559999999999945,48.799999999999955,52.039999999999964,58.0,63.51999999999998,70.51999999999998,94.0,0.0,1000.2784313857555,1000.5137255191803,1000.6705882549286,1000.7764706015587,1000.8784313797951,2000.1294117718935,2000.4509803950787,2000.6431372761726,2000.7960784435272,3001.0,171.87938385009767,179.35484619140627,184.21390075683593,188.00481262207032,191.3661117553711,194.53184814453124,197.807568359375,201.7363037109375,208.62753295898438,347.5298767089844,213.53639,1.0,test_data/Useful/Validation/Three Quarter at 1 ft/WhatsApp Image 2024-08-21 at 14.16.46.jpeg,3177.0,100.0,32.8008715265199
45,0.0,0.0,0.0,0.0,0.0,0.0,0.0,0.0,0.0,0.0,0.0,0.0,0.0,0.0,0.0,0.0,0.0,0.0,0.0,0.0,0.0,0.0,0.0,0.0,0.0,0.0,0.0,0.0,0.0,0.0,0.0,0.0,0.0,0.0,0.0,0.0,0.0,0.0,0.0,0.0,0.0,0.0,0.0,0.0,0.0,0.0,0.0,0.0,0.0,0.0,0.0,0.0,0.0,0.0,0.0,0.0,0.0,1.0,2.0,3.0,3.0,4.0,5.1200000000000045,6.0,8.0,9.0,10.0,11.0,11.0,12.0,13.0,14.0,15.0,16.0,17.0,18.0,18.480000000000018,20.0,20.0,21.0,21.440000000000055,22.67999999999995,24.0,25.159999999999968,26.0,28.0,29.0,30.0,32.0,33.0,34.0,37.0,40.0,42.559999999999945,44.0,48.0,54.559999999999945,60.0,68.27999999999997,93.0,0.0,1000.2901960909367,1000.5294117927551,1000.6862745285034,1000.7921568751335,1000.9098039269447,2000.2274509817362,2000.4784313738346,2000.65098041296,2000.7886274635796,3001.0,171.70968627929688,179.24652099609375,184.06837463378906,187.8663787841797,191.1767578125,194.37468872070312,197.62945556640625,201.66014099121094,208.63084411621094,347.4438171386719,213.52289,1.0,test_data/Useful/Validation/Three Quarter at 1 ft/WhatsApp Image 2024-08-21 at 14.16.47 (1).jpeg,3184.0,91.0,29.80390809323359
46,0.0,0.0,0.0,0.0,0.0,0.0,0.0,0.0,0.0,0.0,0.0,0.0,0.0,0.0,0.0,0.0,0.0,0.0,0.0,0.0,0.0,0.0,0.0,0.0,0.0,0.0,0.0,0.0,0.0,0.0,0.0,0.0,0.0,0.0,0.0,0.0,0.0,0.0,0.0,0.0,0.0,0.0,0.0,0.0,0.0,0.0,0.0,0.0,0.0,0.0,0.0,0.0,0.0,0.0,0.0,0.0,0.0,0.0,0.0,0.0,0.0,1.0,2.1200000000000045,3.0,4.600000000000023,6.0,7.0,8.0,8.0,9.0,11.0,12.0,14.0,14.0,16.0,16.24000000000001,18.0,18.720000000000027,20.0,21.200000000000045,22.440000000000055,24.0,25.0,26.0,26.399999999999977,27.0,28.0,30.120000000000005,33.0,36.0,38.0,40.0,42.32000000000005,45.559999999999945,48.0,51.07999999999993,56.27999999999997,62.0,71.75999999999999,112.0,0.0,1000.2941176593304,1000.5333333611488,1000.6823529601097,1000.7843137383461,1000.8901960849762,2000.1725490242243,2000.4627451002598,2000.6431372761726,2000.784313738346,3001.0,171.63307189941406,179.25093994140624,184.17359313964843,187.94508056640626,191.2851104736328,194.43144836425782,197.71482849121094,201.661328125,208.4988250732422,347.5293273925781,213.40843,1.0,test_data/Useful/Validation/Three Quarter at 1 ft/WhatsApp Image 2024-08-21 at 14.16.47 (2).jpeg,3227.0,89.0,31.51187061388296
47,0.0,0.0,0.0,0.0,0.0,0.0,0.0,0.0,0.0,0.0,0.0,0.0,0.0,0.0,0.0,0.0,0.0,0.0,0.0,0.0,0.0,0.0,0.0,0.0,0.0,0.0,0.0,0.0,0.0,0.0,0.0,0.0,0.0,0.0,0.0,0.0,0.0,0.0,0.0,0.0,0.0,0.0,0.0,0.0,0.0,0.0,0.0,0.0,0.0,0.0,0.0,0.0,0.0,0.0,0.0,0.0,0.0,0.0,0.0,1.0,1.6399999999999864,3.0,3.0,4.0,5.0,6.840000000000032,7.0,8.0,9.0,10.0,11.0,13.0,15.0,16.0,17.0,18.24000000000001,19.0,20.720000000000027,21.0,22.200000000000045,23.0,24.0,26.0,28.0,29.0,31.0,33.0,36.0,37.0,38.0,40.84000000000003,42.0,44.0,46.0,48.799999999999955,51.039999999999964,54.27999999999997,58.51999999999998,66.27999999999997,87.0,0.0,1000.2784313857555,1000.5058823823929,1000.6627451181412,1000.772549033165,1000.8784313797951,2000.1294117718935,2000.4392156898975,2000.6274510025978,2000.7764706015587,3001.0,171.60748291015625,179.22420349121094,184.0708038330078,187.88364868164064,191.2380599975586,194.4461181640625,197.79373168945312,201.731689453125,208.85308837890625,347.37030029296875,213.89536,1.0,test_data/Useful/Validation/Three Quarter at 1 ft/WhatsApp Image 2024-08-21 at 14.16.47 (3).jpeg,3274.0,92.0,23.172179888463127
48,0.0,0.0,0.0,0.0,0.0,0.0,0.0,0.0,0.0,0.0,0.0,0.0,0.0,0.0,0.0,0.0,0.0,0.0,0.0,0.0,0.0,0.0,0.0,0.0,0.0,0.0,0.0,0.0,0.0,0.0,0.0,0.0,0.0,0.0,0.0,0.0,0.0,0.0,0.0,0.0,0.0,0.0,0.0,0.0,0.0,0.0,0.0,0.0,0.0,0.0,0.0,0.0,0.0,0.0,0.0,1.0,2.0,3.0,3.0,4.0,5.0,6.0,8.0,8.0,9.0,11.0,12.0,13.0,13.0,14.0,15.0,15.0,16.0,17.0,19.0,19.24000000000001,21.0,21.720000000000027,22.960000000000036,24.0,26.0,27.0,28.0,30.0,30.0,32.0,33.0,34.0,35.0,36.60000000000002,39.84000000000003,42.08000000000004,44.32000000000005,45.0,48.0,51.0,57.27999999999997,62.51999999999998,74.27999999999997,103.0,0.0,1000.2784313857555,1000.5137255191803,1000.6705882549286,1000.7764706015587,1000.8823529481888,2000.1411764770746,2000.447058826685,2000.6352941393852,2000.784313738346,3001.0,171.76124572753906,179.3409423828125,184.1456298828125,188.00025939941406,191.332275390625,194.49481201171875,197.81338500976562,201.75299072265625,208.6533203125,347.4339599609375,213.4657,1.0,test_data/Useful/Validation/Three Quarter at 1 ft/WhatsApp Image 2024-08-21 at 14.16.47.jpeg,3175.0,103.0,27.99300549087056
49,0.0,0.0,0.0,0.0,0.0,0.0,0.0,0.0,0.0,0.0,0.0,0.0,0.0,0.0,0.0,0.0,0.0,0.0,0.0,0.0,0.0,0.0,0.0,0.0,0.0,0.0,0.0,0.0,0.0,0.0,0.0,0.0,0.0,0.0,0.0,0.0,0.0,0.0,0.0,0.0,0.0,0.0,0.0,0.0,0.0,0.0,0.0,0.0,0.0,0.0,0.0,0.0,0.0,0.0,0.0,0.0,0.0,0.0,0.0,1.0,1.6399999999999864,3.0,3.0,4.0,5.0,6.840000000000032,7.0,8.0,9.0,10.0,11.0,13.0,15.0,16.0,17.0,18.24000000000001,19.0,20.720000000000027,21.0,22.200000000000045,23.0,24.0,26.0,28.0,29.0,31.0,33.0,36.0,37.0,38.0,40.84000000000003,42.0,44.0,46.0,48.799999999999955,51.039999999999964,54.27999999999997,58.51999999999998,66.27999999999997,87.0,0.0,1000.2784313857555,1000.5058823823929,1000.6627451181412,1000.772549033165,1000.8784313797951,2000.1294117718935,2000.4392156898975,2000.6274510025978,2000.7764706015587,3001.0,171.60748291015625,179.22420349121094,184.0708038330078,187.88364868164064,191.2380599975586,194.4461181640625,197.79373168945312,201.731689453125,208.85308837890625,347.37030029296875,213.89536,1.0,test_data/Useful/Validation/Three Quarter at 1 ft/WhatsApp Image 2024-08-21 at 14.16.48 (1).jpeg,3274.0,92.0,35.24436550183511
50,0.0,0.0,0.0,0.0,0.0,0.0,0.0,0.0,0.0,0.0,0.0,0.0,0.0,0.0,0.0,0.0,0.0,0.0,0.0,0.0,0.0,0.0,0.0,0.0,0.0,0.0,0.0,0.0,0.0,0.0,0.0,0.0,0.0,0.0,0.0,0.0,0.0,0.0,0.0,0.0,0.0,0.0,0.0,0.0,0.0,0.0,0.0,0.0,0.0,0.0,0.0,0.0,0.0,0.0,0.0,0.0,1.0,2.0,3.0,3.0,4.0,5.0,6.0,7.0,7.0,8.0,9.0,11.0,11.0,12.799999999999955,14.0,15.0,16.0,17.0,18.0,19.0,21.0,22.0,23.0,24.0,24.440000000000055,26.0,27.0,28.159999999999968,31.0,32.0,33.879999999999995,35.0,37.360000000000014,39.0,40.0,42.0,45.0,47.0,48.0,50.11999999999989,59.559999999999945,66.51999999999998,78.03999999999996,100.0,0.0,1000.3490196168423,1000.5882353186607,1000.7254902124405,1000.8274509906769,2000.0039215688594,2000.3098039329052,2000.5098039507866,2000.6627451181412,2000.7882353067398,3001.0,171.15208740234374,178.74224853515625,183.62225189208985,187.44134216308595,190.85797882080078,194.06646728515625,197.42019653320312,201.52853393554688,208.6409149169922,347.4267883300781,213.80887,1.0,test_data/Useful/Validation/Three Quarter at 1 ft/WhatsApp Image 2024-08-21 at 14.16.48 (2).jpeg,3233.0,101.0,33.529357380395936
51,0.0,0.0,0.0,0.0,0.0,0.0,0.0,0.0,0.0,0.0,0.0,0.0,0.0,0.0,0.0,0.0,0.0,0.0,0.0,0.0,0.0,0.0,0.0,0.0,0.0,0.0,0.0,0.0,0.0,0.0,0.0,0.0,0.0,0.0,0.0,0.0,0.0,0.0,0.0,0.0,0.0,0.0,0.0,0.0,0.0,0.0,0.0,0.0,0.0,0.0,0.0,0.0,0.0,0.0,1.0,1.4400000000000546,3.0,4.0,5.0,5.399999999999977,7.0,7.0,8.0,8.0,9.0,10.0,11.0,11.0,12.0,13.0,14.0,14.279999999999973,16.519999999999982,17.0,18.0,19.0,20.480000000000018,21.720000000000027,23.0,24.0,24.440000000000055,25.0,27.0,28.0,29.0,31.0,32.0,34.0,35.0,39.0,40.84000000000003,43.0,46.0,48.0,53.799999999999955,57.0,60.0,63.51999999999998,70.75999999999999,86.0,0.0,1000.3215686380863,1000.5607843399048,1000.7098039388657,1000.811764717102,1000.9647058844566,2000.2627451121807,2000.4784313738346,2000.6352941393852,2000.7686274647713,3001.0,171.53052673339843,179.21320190429688,184.00176696777345,187.82101745605468,191.1465606689453,194.30237426757813,197.6122024536133,201.634033203125,208.7002716064453,347.3755187988281,213.60817,1.0,test_data/Useful/Validation/Three Quarter at 1 ft/WhatsApp Image 2024-08-21 at 14.16.48 (3).jpeg,3228.0,103.0,35.18513927036257
52,0.0,0.0,0.0,0.0,0.0,0.0,0.0,0.0,0.0,0.0,0.0,0.0,0.0,0.0,0.0,0.0,0.0,0.0,0.0,0.0,0.0,0.0,0.0,0.0,0.0,0.0,0.0,0.0,0.0,0.0,0.0,0.0,0.0,0.0,0.0,0.0,0.0,0.0,0.0,0.0,0.0,0.0,0.0,0.0,0.0,0.0,0.0,0.0,0.0,0.0,0.0,0.0,0.0,0.0,0.0,0.0,1.0,2.0,3.0,3.0,4.0,5.0,6.0,7.0,7.0,8.0,9.0,11.0,11.0,12.799999999999955,14.0,15.0,16.0,17.0,18.0,19.0,21.0,22.0,23.0,24.0,24.440000000000055,26.0,27.0,28.159999999999968,31.0,32.0,33.879999999999995,35.0,37.360000000000014,39.0,40.0,42.0,45.0,47.0,48.0,50.11999999999989,59.559999999999945,66.51999999999998,78.03999999999996,100.0,0.0,1000.3490196168423,1000.5882353186607,1000.7254902124405,1000.8274509906769,2000.0039215688594,2000.3098039329052,2000.5098039507866,2000.6627451181412,2000.7882353067398,3001.0,171.15208740234374,178.74224853515625,183.62225189208985,187.44134216308595,190.85797882080078,194.06646728515625,197.42019653320312,201.52853393554688,208.6409149169922,347.4267883300781,213.80887,1.0,test_data/Useful/Validation/Three Quarter at 1 ft/WhatsApp Image 2024-08-21 at 14.16.48.jpeg,3233.0,101.0,32.519422090337486
53,0.0,0.0,0.0,0.0,0.0,0.0,0.0,0.0,0.0,0.0,0.0,0.0,0.0,0.0,0.0,0.0,0.0,0.0,0.0,0.0,0.0,0.0,0.0,0.0,0.0,0.0,0.0,0.0,0.0,0.0,0.0,0.0,0.0,0.0,0.0,0.0,0.0,0.0,0.0,0.0,0.0,0.0,0.0,0.0,0.0,0.0,0.0,0.0,0.0,0.0,0.0,0.0,0.0,0.0,0.0,0.0,0.0,0.0,0.0,2.0,3.0,3.8799999999999955,4.0,6.0,6.600000000000023,7.840000000000032,8.0,10.0,10.559999999999945,11.799999999999955,12.0,13.0,14.0,15.0,16.0,16.24000000000001,18.0,19.0,20.0,22.0,23.0,24.0,25.0,25.159999999999968,28.0,29.639999999999986,32.0,34.0,35.0,37.0,39.0,41.0,43.32000000000005,45.559999999999945,47.799999999999955,50.0,52.27999999999997,57.51999999999998,68.75999999999999,107.0,0.0,1000.352941185236,1000.5921568870544,1000.7294117808342,1000.839215695858,2000.0196078438312,2000.3294117748737,2000.517647087574,2000.6588235497475,2000.7803921699524,3001.0,171.4298126220703,179.09250183105468,183.9483840942383,187.716064453125,191.053466796875,194.2601318359375,197.5757827758789,201.65887451171875,208.72012329101562,347.40716552734375,213.84782,1.0,test_data/Useful/Validation/Three Quarter at 1 ft/WhatsApp Image 2024-08-21 at 14.16.49 (1).jpeg,3305.0,90.0,29.72296285509969
54,0.0,0.0,0.0,0.0,0.0,0.0,0.0,0.0,0.0,0.0,0.0,0.0,0.0,0.0,0.0,0.0,0.0,0.0,0.0,0.0,0.0,0.0,0.0,0.0,0.0,0.0,0.0,0.0,0.0,0.0,0.0,0.0,0.0,0.0,0.0,0.0,0.0,0.0,0.0,0.0,0.0,0.0,0.0,0.0,0.0,0.0,0.0,0.0,0.0,0.0,0.0,0.0,0.0,0.0,0.0,0.0,0.0,0.0,1.0,1.0,2.6399999999999864,3.0,4.1200000000000045,5.0,6.0,7.0,7.0,8.0,9.0,9.0,10.0,11.279999999999973,13.519999999999982,15.0,16.0,17.0,18.480000000000018,19.720000000000027,20.0,21.0,22.0,23.0,24.0,26.0,27.0,28.0,30.879999999999995,31.0,34.0,35.60000000000002,39.0,41.0,43.0,45.0,46.0,51.0,53.27999999999997,57.51999999999998,66.27999999999997,85.0,0.0,1000.3294117748737,1000.5725490450859,1000.7176470756531,1000.8235294222832,1001.0,2000.2901960909367,2000.5019608139992,2000.6549019813538,2000.7882353067398,3001.0,171.42911376953126,178.93819580078124,183.7979736328125,187.58306884765625,190.90257263183594,194.0656280517578,197.35990142822266,201.42546691894532,208.50701904296875,347.4991149902344,213.5373,1.0,test_data/Useful/Validation/Three Quarter at 1 ft/WhatsApp Image 2024-08-21 at 14.16.49 (2).jpeg,3283.0,98.0,30.573607020655896
55,0.0,0.0,0.0,0.0,0.0,0.0,0.0,0.0,0.0,0.0,0.0,0.0,0.0,0.0,0.0,0.0,0.0,0.0,0.0,0.0,0.0,0.0,0.0,0.0,0.0,0.0,0.0,0.0,0.0,0.0,0.0,0.0,0.0,0.0,0.0,0.0,0.0,0.0,0.0,0.0,0.0,0.0,0.0,0.0,0.0,0.0,0.0,0.0,0.0,0.0,0.0,0.0,0.0,0.0,0.0,0.0,0.0,0.0,0.0,2.0,3.0,3.8799999999999955,4.0,6.0,6.600000000000023,7.840000000000032,8.0,10.0,10.559999999999945,11.799999999999955,12.0,13.0,14.0,15.0,16.0,16.24000000000001,18.0,19.0,20.0,22.0,23.0,24.0,25.0,25.159999999999968,28.0,29.639999999999986,32.0,34.0,35.0,37.0,39.0,41.0,43.32000000000005,45.559999999999945,47.799999999999955,50.0,52.27999999999997,57.51999999999998,68.75999999999999,107.0,0.0,1000.352941185236,1000.5921568870544,1000.7294117808342,1000.839215695858,2000.0196078438312,2000.3294117748737,2000.517647087574,2000.6588235497475,2000.7803921699524,3001.0,171.4298126220703,179.09250183105468,183.9483840942383,187.716064453125,191.053466796875,194.2601318359375,197.5757827758789,201.65887451171875,208.72012329101562,347.40716552734375,213.84782,1.0,test_data/Useful/Validation/Three Quarter at 1 ft/WhatsApp Image 2024-08-21 at 14.16.49 (3).jpeg,3305.0,90.0,30.325968344560806
56,0.0,0.0,0.0,0.0,0.0,0.0,0.0,0.0,0.0,0.0,0.0,0.0,0.0,0.0,0.0,0.0,0.0,0.0,0.0,0.0,0.0,0.0,0.0,0.0,0.0,0.0,0.0,0.0,0.0,0.0,0.0,0.0,0.0,0.0,0.0,0.0,0.0,0.0,0.0,0.0,0.0,0.0,0.0,0.0,0.0,0.0,0.0,0.0,0.0,0.0,0.0,0.0,0.0,0.0,0.0,0.0,0.0,0.0,1.0,1.0,2.6399999999999864,3.0,4.1200000000000045,5.0,6.0,7.0,7.0,8.0,9.0,9.0,10.0,11.279999999999973,13.519999999999982,15.0,16.0,17.0,18.480000000000018,19.720000000000027,20.0,21.0,22.0,23.0,24.0,26.0,27.0,28.0,30.879999999999995,31.0,34.0,35.60000000000002,39.0,41.0,43.0,45.0,46.0,51.0,53.27999999999997,57.51999999999998,66.27999999999997,85.0,0.0,1000.3294117748737,1000.5725490450859,1000.7176470756531,1000.8235294222832,1001.0,2000.2901960909367,2000.5019608139992,2000.6549019813538,2000.7882353067398,3001.0,171.42911376953126,178.93819580078124,183.7979736328125,187.58306884765625,190.90257263183594,194.0656280517578,197.35990142822266,201.42546691894532,208.50701904296875,347.4991149902344,213.5373,1.0,test_data/Useful/Validation/Three Quarter at 1 ft/WhatsApp Image 2024-08-21 at 14.16.49.jpeg,3283.0,98.0,29.030937406522636
57,0.0,0.0,0.0,0.0,0.0,0.0,0.0,0.0,0.0,0.0,0.0,0.0,0.0,0.0,0.0,0.0,0.0,0.0,0.0,0.0,0.0,0.0,0.0,0.0,0.0,0.0,0.0,0.0,0.0,0.0,0.0,0.0,0.0,0.0,0.0,0.0,0.0,0.0,0.0,0.0,0.0,0.0,0.0,0.0,0.0,0.0,0.0,0.0,0.0,0.0,0.0,0.0,0.0,0.0,1.0,1.4400000000000546,3.0,4.0,5.0,5.399999999999977,7.0,7.0,8.0,8.0,9.0,10.0,11.0,11.0,12.0,13.0,14.0,14.279999999999973,16.519999999999982,17.0,18.0,19.0,20.480000000000018,21.720000000000027,23.0,24.0,24.440000000000055,25.0,27.0,28.0,29.0,31.0,32.0,34.0,35.0,39.0,40.84000000000003,43.0,46.0,48.0,53.799999999999955,57.0,60.0,63.51999999999998,70.75999999999999,86.0,0.0,1000.3215686380863,1000.5607843399048,1000.7098039388657,1000.811764717102,1000.9647058844566,2000.2627451121807,2000.4784313738346,2000.6352941393852,2000.7686274647713,3001.0,171.53052673339843,179.21320190429688,184.00176696777345,187.82101745605468,191.1465606689453,194.30237426757813,197.6122024536133,201.634033203125,208.7002716064453,347.3755187988281,213.60817,1.0,test_data/Useful/Validation/Three Quarter at 1 ft/WhatsApp Image 2024-08-21 at 14.16.50 (1).jpeg,3228.0,103.0,32.10988323853703
58,0.0,0.0,0.0,0.0,0.0,0.0,0.0,0.0,0.0,0.0,0.0,0.0,0.0,0.0,0.0,0.0,0.0,0.0,0.0,0.0,0.0,0.0,0.0,0.0,0.0,0.0,0.0,0.0,0.0,0.0,0.0,0.0,0.0,0.0,0.0,0.0,0.0,0.0,0.0,0.0,0.0,0.0,0.0,0.0,0.0,0.0,0.0,0.0,0.0,0.0,0.0,0.0,0.0,0.0,0.0,0.0,0.0,0.0,0.0,0.0,0.6399999999999864,1.0,2.0,3.0,4.0,4.0,6.0,7.0,8.0,8.0,10.0,12.0,12.0,13.0,14.0,15.0,16.0,17.0,18.0,19.200000000000045,21.0,23.0,24.0,25.159999999999968,27.0,29.0,30.879999999999995,33.0,35.0,37.0,39.0,42.0,44.32000000000005,46.559999999999945,52.0,55.0,58.559999999999945,68.55999999999995,72.75999999999999,83.0,0.0,1000.3137255012989,1000.5568627715111,1000.6980392336845,1000.8039215803146,1000.9568627476692,2000.2470588237047,2000.4627451002598,2000.623529434204,2000.7647058963776,3001.0,171.8432388305664,179.4615478515625,184.34616088867188,188.1340789794922,191.44454193115234,194.56765441894532,197.8391876220703,201.80663452148437,208.7479446411133,347.3794860839844,213.67073,1.0,test_data/Useful/Validation/Three Quarter at 1 ft/WhatsApp Image 2024-08-21 at 14.16.50 (2).jpeg,3262.0,90.0,28.895766792803983
59,0.0,0.0,0.0,0.0,0.0,0.0,0.0,0.0,0.0,0.0,0.0,0.0,0.0,0.0,0.0,0.0,0.0,0.0,0.0,0.0,0.0,0.0,0.0,0.0,0.0,0.0,0.0,0.0,0.0,0.0,0.0,0.0,0.0,0.0,0.0,0.0,0.0,0.0,0.0,0.0,0.0,0.0,0.0,0.0,0.0,0.0,0.0,0.0,0.0,0.0,0.0,0.0,0.7200000000000273,2.0,3.0,3.0,4.0,5.0,6.0,7.0,8.0,9.0,10.0,10.0,11.0,12.0,13.0,14.0,14.0,16.0,17.0,18.0,19.0,19.75999999999999,21.0,22.0,23.480000000000018,24.0,25.0,26.0,27.0,28.0,29.0,31.0,32.39999999999998,34.0,35.0,37.0,38.360000000000014,40.60000000000002,43.0,46.08000000000004,49.0,52.11999999999989,54.0,56.0,60.27999999999997,64.0,69.0,101.0,0.0,1000.3490196168423,1000.5686274766922,1000.6980392336845,1000.7803921699524,1000.905882358551,2000.298039227724,2000.5058823823929,2000.65098041296,2000.7607843279839,3001.0,170.66372680664062,178.34365844726562,183.28248596191406,187.16118774414062,190.5635986328125,193.91207580566407,197.4561767578125,201.90383911132812,209.65208435058594,346.9150085449219,214.59601,1.0,test_data/Useful/Validation/Three Quarter at 1 ft/WhatsApp Image 2024-08-21 at 14.16.50 (3).jpeg,3024.0,109.0,30.475670415242593
60,0.0,0.0,0.0,0.0,0.0,0.0,0.0,0.0,0.0,0.0,0.0,0.0,0.0,0.0,0.0,0.0,0.0,0.0,0.0,0.0,0.0,0.0,0.0,0.0,0.0,0.0,0.0,0.0,0.0,0.0,0.0,0.0,0.0,0.0,0.0,0.0,0.0,0.0,0.0,0.0,0.0,0.0,0.0,0.0,0.0,0.0,0.0,0.0,0.0,0.0,0.0,0.0,0.0,0.0,0.0,0.0,0.0,0.0,0.0,0.0,0.0,0.0,0.0,0.0,0.0,0.0,0.0,0.0,0.0,0.0,0.0,0.0,1.0,4.0,5.0,6.0,7.0,8.0,9.960000000000036,10.200000000000045,12.440000000000055,13.0,14.0,16.0,18.0,20.0,23.0,24.0,25.0,26.600000000000023,28.0,30.0,33.32000000000005,35.0,37.0,41.039999999999964,45.0,54.0,62.51999999999998,79.0,0.0,1000.4313725531101,1000.6941176652908,1000.8156862854958,1000.9647058844566,2000.5607843399048,2000.784313738346,3000.086274512112,3000.486274510622,3000.6862745285034,3001.0,169.2719528198242,176.98114318847655,181.87602996826172,185.66250610351562,189.08078002929688,192.30703735351562,195.73037719726562,199.94947814941406,207.6521453857422,348.3459777832031,213.04704,1.0,test_data/Useful/Validation/Three Quarter at 1 ft/WhatsApp Image 2024-08-21 at 14.17.07.jpeg,3822.0,62.0,31.950652500919645
61,0.0,0.0,0.0,0.0,0.0,0.0,0.0,0.0,0.0,0.0,0.0,0.0,0.0,0.0,0.0,0.0,0.0,0.0,0.0,0.0,0.0,0.0,0.0,0.0,0.0,0.0,0.0,0.0,0.0,0.0,0.0,0.0,0.0,0.0,0.0,0.0,0.0,0.0,0.0,0.0,0.0,0.0,0.0,0.0,0.0,0.0,0.0,0.0,0.0,0.0,0.0,0.0,0.0,0.0,0.0,0.0,0.0,0.0,0.0,0.0,0.0,0.0,0.0,0.0,0.0,0.0,0.0,0.0,0.0,0.0,0.0,0.0,0.0,0.0,0.0,2.0,4.0,5.0,7.0,9.0,10.440000000000055,12.67999999999995,14.0,15.0,17.0,18.0,19.0,21.0,22.0,24.600000000000023,26.840000000000032,28.08000000000004,31.32000000000005,33.559999999999945,37.0,39.039999999999964,42.0,44.51999999999998,54.75999999999999,87.0,0.0,1000.4274509847164,1000.6901960968971,1000.8156862854958,1000.9647058844566,2000.5333333611488,2000.7647058963776,3000.043137256056,3000.4549019634724,3000.6745098233223,3001.0,169.5741424560547,177.35690307617188,182.24966430664062,186.10899353027344,189.4857635498047,192.67526245117188,196.07430267333984,200.24781799316406,207.89859008789062,348.2547607421875,213.2827,1.0,test_data/Useful/Validation/Three Quarter at 1 ft/WhatsApp Image 2024-08-21 at 14.17.08 (1).jpeg,3944.0,56.0,27.392130164963614
62,0.0,0.0,0.0,0.0,0.0,0.0,0.0,0.0,0.0,0.0,0.0,0.0,0.0,0.0,0.0,0.0,0.0,0.0,0.0,0.0,0.0,0.0,0.0,0.0,0.0,0.0,0.0,0.0,0.0,0.0,0.0,0.0,0.0,0.0,0.0,0.0,0.0,0.0,0.0,0.0,0.0,0.0,0.0,0.0,0.0,0.0,0.0,0.0,0.0,0.0,0.0,0.0,0.0,0.0,0.0,0.0,0.0,0.0,0.0,0.0,0.0,0.0,0.0,0.0,0.0,0.0,0.0,0.0,0.0,1.0,2.0,3.2799999999999727,5.0,6.0,7.0,9.0,10.0,11.0,11.0,12.200000000000045,14.0,15.0,16.0,17.0,19.0,20.0,22.0,24.0,25.0,25.0,27.0,29.08000000000004,34.0,38.559999999999945,41.0,44.07999999999993,53.399999999999864,60.51999999999998,68.51999999999998,94.0,0.0,1000.4901960790157,1000.7176470756531,1000.8274509906769,2000.0470588244498,2000.6000000238419,2000.800000011921,3000.1686274558306,3000.517647087574,3000.694117665291,3001.0,169.55599975585938,177.2457275390625,182.17852783203125,186.01345825195312,189.3722381591797,192.6200927734375,196.11672973632812,200.36392211914062,208.06454467773438,348.16400146484375,213.51315,1.0,test_data/Useful/Validation/Three Quarter at 1 ft/WhatsApp Image 2024-08-21 at 14.17.08 (2).jpeg,3799.0,72.0,27.51434424682129
63,0.0,0.0,0.0,0.0,0.0,0.0,0.0,0.0,0.0,0.0,0.0,0.0,0.0,0.0,0.0,0.0,0.0,0.0,0.0,0.0,0.0,0.0,0.0,0.0,0.0,0.0,0.0,0.0,0.0,0.0,0.0,0.0,0.0,0.0,0.0,0.0,0.0,0.0,0.0,0.0,0.0,0.0,0.0,0.0,0.0,0.0,0.0,0.0,0.0,0.0,0.0,0.0,0.0,0.0,0.0,0.0,0.0,0.0,0.0,0.0,0.0,0.0,0.0,0.0,0.0,0.0,0.0,0.0,0.0,0.0,0.0,0.0,1.0,4.0,5.0,6.0,7.0,8.0,9.960000000000036,10.200000000000045,12.440000000000055,13.0,14.0,16.0,18.0,20.0,23.0,24.0,25.0,26.600000000000023,28.0,30.0,33.32000000000005,35.0,37.0,41.039999999999964,45.0,54.0,62.51999999999998,79.0,0.0,1000.4313725531101,1000.6941176652908,1000.8156862854958,1000.9647058844566,2000.5607843399048,2000.784313738346,3000.086274512112,3000.486274510622,3000.6862745285034,3001.0,169.2719528198242,176.98114318847655,181.87602996826172,185.66250610351562,189.08078002929688,192.30703735351562,195.73037719726562,199.94947814941406,207.6521453857422,348.3459777832031,213.04704,1.0,test_data/Useful/Validation/Three Quarter at 1 ft/WhatsApp Image 2024-08-21 at 14.17.08.jpeg,3822.0,62.0,33.061349663422035
64,0.0,0.0,0.0,0.0,0.0,0.0,0.0,0.0,0.0,0.0,0.0,0.0,0.0,0.0,0.0,0.0,0.0,0.0,0.0,0.0,0.0,0.0,0.0,0.0,0.0,0.0,0.0,0.0,0.0,0.0,0.0,0.0,0.0,0.0,0.0,0.0,0.0,0.0,0.0,0.0,0.0,0.0,0.0,0.0,0.0,0.0,0.0,0.0,0.0,0.0,0.0,0.0,0.0,0.0,0.0,0.0,0.0,0.0,0.0,0.0,0.0,0.0,0.0,0.0,0.0,0.0,0.0,0.0,0.0,0.0,1.0,2.0,2.519999999999982,3.0,5.0,6.0,8.0,9.0,10.0,12.0,14.0,14.67999999999995,16.0,18.0,19.0,20.0,21.0,23.0,23.360000000000014,25.0,27.0,29.0,31.32000000000005,34.0,39.0,40.0,45.27999999999997,52.039999999999964,61.75999999999999,73.0,0.0,1000.4823529422283,1000.7215686440468,1000.8352941274643,2000.0274509806186,2000.5803921818733,2000.7960784435272,3000.117647059262,3000.501960813999,3000.690196096897,3001.0,169.68297882080077,177.2727813720703,182.11854400634766,185.92513732910157,189.3041534423828,192.5544891357422,195.92332458496094,200.13401794433594,207.8127899169922,348.2543640136719,213.0344,1.0,test_data/Useful/Validation/Three Quarter at 1 ft/WhatsApp Image 2024-08-21 at 14.17.09 (1).jpeg,3861.0,64.0,26.634625161159633
65,0.0,0.0,0.0,0.0,0.0,0.0,0.0,0.0,0.0,0.0,0.0,0.0,0.0,0.0,0.0,0.0,0.0,0.0,0.0,0.0,0.0,0.0,0.0,0.0,0.0,0.0,0.0,0.0,0.0,0.0,0.0,0.0,0.0,0.0,0.0,0.0,0.0,0.0,0.0,0.0,0.0,0.0,0.0,0.0,0.0,0.0,0.0,0.0,0.0,0.0,0.0,0.0,0.0,0.0,0.0,0.0,0.0,0.0,0.0,0.0,0.0,0.0,0.0,0.0,0.0,0.0,0.0,0.0,0.0,0.0,0.0,0.0,0.0,0.0,0.0,1.0,3.0,4.0,5.0,7.0,7.0,9.0,10.919999999999959,12.0,14.399999999999977,16.0,19.0,20.120000000000005,22.0,24.0,24.0,28.0,31.32000000000005,33.559999999999945,38.0,39.039999999999964,46.27999999999997,50.0,57.75999999999999,67.0,0.0,1000.4666666686535,1000.7137255072594,1000.8352941274643,2000.0470588244498,2000.5921568870544,2000.7921568751335,3000.090196080506,3000.4901960790157,3000.6823529601097,3001.0,169.53033905029298,177.11542358398438,182.002880859375,185.924072265625,189.28568267822266,192.5308807373047,195.9655746459961,200.1981994628906,207.84095764160156,348.27911376953125,213.28703,1.0,test_data/Useful/Validation/Three Quarter at 1 ft/WhatsApp Image 2024-08-21 at 14.17.09.jpeg,3909.0,56.0,28.32844776494572
66,0.0,0.0,0.0,0.0,0.0,0.0,0.0,0.0,0.0,0.0,0.0,0.0,0.0,0.0,0.0,0.0,0.0,0.0,0.0,0.0,0.0,0.0,0.0,0.0,0.0,0.0,0.0,0.0,0.0,0.0,0.0,0.0,0.0,0.0,0.0,0.0,0.0,0.0,0.0,0.0,0.0,0.0,0.0,0.0,0.0,0.0,0.0,0.0,0.0,0.0,0.0,0.0,0.0,0.0,0.0,0.0,0.0,0.0,0.0,0.0,0.0,0.0,0.0,0.0,0.0,0.0,0.0,0.0,0.0,0.0,0.0,0.0,1.5199999999999818,3.0,4.0,4.240000000000009,6.0,7.0,9.960000000000036,11.0,13.0,15.0,15.919999999999959,18.159999999999968,20.0,22.0,23.0,25.120000000000005,27.0,28.0,32.0,35.0,36.0,38.0,39.799999999999955,43.039999999999964,48.0,52.51999999999998,57.0,72.0,0.0,1000.4980392158031,1000.7294117808342,1000.8509804010391,2000.1921568661928,2000.6274510025978,2000.8156862854958,3000.1529411822557,3000.5098039507866,3000.690196096897,3001.0,169.81906127929688,177.53221130371094,182.37300872802734,186.2035675048828,189.57483673095703,192.83836059570314,196.22447509765624,200.4768524169922,208.19435119628906,348.20245361328125,213.56264,1.0,test_data/Useful/Validation/Three Quarter at 1 ft/WhatsApp Image 2024-08-21 at 14.17.10 (1).jpeg,3926.0,64.0,32.231765480916714
67,0.0,0.0,0.0,0.0,0.0,0.0,0.0,0.0,0.0,0.0,0.0,0.0,0.0,0.0,0.0,0.0,0.0,0.0,0.0,0.0,0.0,0.0,0.0,0.0,0.0,0.0,0.0,0.0,0.0,0.0,0.0,0.0,0.0,0.0,0.0,0.0,0.0,0.0,0.0,0.0,0.0,0.0,0.0,0.0,0.0,0.0,0.0,0.0,0.0,0.0,0.0,0.0,0.0,0.0,0.0,0.0,0.0,0.0,0.0,0.0,0.0,0.0,0.0,0.0,0.0,0.0,0.0,0.0,1.0,3.0,5.0,5.0,6.0,6.759999999999991,8.0,9.0,9.480000000000018,11.0,12.0,13.0,15.0,15.0,16.91999999999996,18.159999999999968,21.0,22.639999999999986,24.0,25.120000000000005,27.0,30.0,32.0,34.0,35.0,36.559999999999945,38.0,43.0,45.27999999999997,49.039999999999964,54.51999999999998,76.0,0.0,1000.4705882370472,1000.7176470756531,1000.839215695858,2000.0941176488996,2000.6156862974167,2000.811764717102,3000.137254908681,3000.501960813999,3000.690196096897,3001.0,169.76483154296875,177.49154663085938,182.42323303222656,186.31332397460938,189.65546417236328,192.85199890136718,196.2529327392578,200.45838012695313,208.1126708984375,348.2348327636719,213.40807,1.0,test_data/Useful/Validation/Three Quarter at 1 ft/WhatsApp Image 2024-08-21 at 14.17.10 (2).jpeg,3913.0,70.0,29.67578508711592
68,0.0,0.0,0.0,0.0,0.0,0.0,0.0,0.0,0.0,0.0,0.0,0.0,0.0,0.0,0.0,0.0,0.0,0.0,0.0,0.0,0.0,0.0,0.0,0.0,0.0,0.0,0.0,0.0,0.0,0.0,0.0,0.0,0.0,0.0,0.0,0.0,0.0,0.0,0.0,0.0,0.0,0.0,0.0,0.0,0.0,0.0,0.0,0.0,0.0,0.0,0.0,0.0,0.0,0.0,0.0,0.0,0.0,0.0,0.0,0.0,0.0,0.0,0.0,0.0,0.0,0.0,0.0,0.0,0.0,0.0,0.0,0.0,1.5199999999999818,3.0,4.0,4.240000000000009,6.0,7.0,9.960000000000036,11.0,13.0,15.0,15.919999999999959,18.159999999999968,20.0,22.0,23.0,25.120000000000005,27.0,28.0,32.0,35.0,36.0,38.0,39.799999999999955,43.039999999999964,48.0,52.51999999999998,57.0,72.0,0.0,1000.4980392158031,1000.7294117808342,1000.8509804010391,2000.1921568661928,2000.6274510025978,2000.8156862854958,3000.1529411822557,3000.5098039507866,3000.690196096897,3001.0,169.81906127929688,177.53221130371094,182.37300872802734,186.2035675048828,189.57483673095703,192.83836059570314,196.22447509765624,200.4768524169922,208.19435119628906,348.20245361328125,213.56264,1.0,test_data/Useful/Validation/Three Quarter at 1 ft/WhatsApp Image 2024-08-21 at 14.17.10 (3).jpeg,3926.0,64.0,28.35732741448312
69,0.0,0.0,0.0,0.0,0.0,0.0,0.0,0.0,0.0,0.0,0.0,0.0,0.0,0.0,0.0,0.0,0.0,0.0,0.0,0.0,0.0,0.0,0.0,0.0,0.0,0.0,0.0,0.0,0.0,0.0,0.0,0.0,0.0,0.0,0.0,0.0,0.0,0.0,0.0,0.0,0.0,0.0,0.0,0.0,0.0,0.0,0.0,0.0,0.0,0.0,0.0,0.0,0.0,0.0,0.0,0.0,0.0,0.0,0.0,0.0,0.0,0.0,0.0,0.0,0.0,0.0,0.0,0.0,0.0,0.0,1.0,2.0,2.519999999999982,3.0,5.0,6.0,8.0,9.0,10.0,12.0,14.0,14.67999999999995,16.0,18.0,19.0,20.0,21.0,23.0,23.360000000000014,25.0,27.0,29.0,31.32000000000005,34.0,39.0,40.0,45.27999999999997,52.039999999999964,61.75999999999999,73.0,0.0,1000.4823529422283,1000.7215686440468,1000.8352941274643,2000.0274509806186,2000.5803921818733,2000.7960784435272,3000.117647059262,3000.501960813999,3000.690196096897,3001.0,169.68297882080077,177.2727813720703,182.11854400634766,185.92513732910157,189.3041534423828,192.5544891357422,195.92332458496094,200.13401794433594,207.8127899169922,348.2543640136719,213.0344,1.0,test_data/Useful/Validation/Three Quarter at 1 ft/WhatsApp Image 2024-08-21 at 14.17.10.jpeg,3861.0,64.0,24.994394875009558
70,0.0,0.0,0.0,0.0,0.0,0.0,0.0,0.0,0.0,0.0,0.0,0.0,0.0,0.0,0.0,0.0,0.0,0.0,0.0,0.0,0.0,0.0,0.0,0.0,0.0,0.0,0.0,0.0,0.0,0.0,0.0,0.0,0.0,0.0,0.0,0.0,0.0,0.0,0.0,0.0,0.0,0.0,0.0,0.0,0.0,0.0,0.0,0.0,0.0,0.0,0.0,0.0,0.0,0.0,0.0,0.0,0.0,0.0,0.0,0.0,0.0,0.0,0.0,0.0,0.0,0.0,0.0,0.0,0.0,0.0,0.0,1.0,2.0,3.0,5.0,6.0,8.0,9.0,10.0,11.0,13.0,14.67999999999995,16.0,19.0,20.0,21.0,22.879999999999995,24.120000000000005,27.0,30.0,32.84000000000003,33.24000000000012,37.32000000000005,40.559999999999945,42.799999999999955,45.039999999999964,50.27999999999997,56.0,61.75999999999999,87.0,0.0,1000.4745098054409,1000.7176470756531,1000.839215695858,2000.0823529437184,2000.6000000238419,2000.7960784435272,3000.1058823540807,3000.4941176474094,3000.6862745285034,3001.0,169.5502700805664,177.32640380859374,182.2129348754883,186.0763427734375,189.45681762695312,192.683935546875,196.13662719726562,200.42259216308594,208.1570587158203,348.2463073730469,213.4531,1.0,test_data/Useful/Validation/Three Quarter at 1 ft/WhatsApp Image 2024-08-21 at 14.17.11.jpeg,3907.0,69.0,33.468282210500774
71,0.0,0.0,0.0,0.0,0.0,0.0,0.0,0.0,0.0,0.0,0.0,0.0,0.0,0.0,0.0,0.0,0.0,0.0,0.0,0.0,0.0,0.0,0.0,0.0,0.0,0.0,0.0,0.0,0.0,0.0,0.0,0.0,0.0,0.0,0.0,0.0,0.0,0.0,0.0,0.0,0.0,0.0,0.0,0.0,0.0,0.0,0.0,0.0,0.0,0.0,0.0,0.0,0.0,0.0,0.0,0.0,0.0,0.0,0.0,0.0,0.0,0.0,0.0,0.0,0.0,0.0,0.0,0.0,0.0,0.0,0.0,1.0,2.0,3.0,5.0,6.0,8.0,9.0,10.0,11.0,13.0,14.67999999999995,16.0,19.0,20.0,21.0,22.879999999999995,24.120000000000005,27.0,30.0,32.84000000000003,33.24000000000012,37.32000000000005,40.559999999999945,42.799999999999955,45.039999999999964,50.27999999999997,56.0,61.75999999999999,87.0,0.0,1000.4745098054409,1000.7176470756531,1000.839215695858,2000.0823529437184,2000.6000000238419,2000.7960784435272,3000.1058823540807,3000.4941176474094,3000.6862745285034,3001.0,169.5502700805664,177.32640380859374,182.2129348754883,186.0763427734375,189.45681762695312,192.683935546875,196.13662719726562,200.42259216308594,208.1570587158203,348.2463073730469,213.4531,1.0,test_data/Useful/Validation/Three Quarter at 1 ft/WhatsApp Image 2024-08-21 at 14.17.14 (1).jpeg,3907.0,69.0,29.659786985699146
72,0.0,0.0,0.0,0.0,0.0,0.0,0.0,0.0,0.0,0.0,0.0,0.0,0.0,0.0,0.0,0.0,0.0,0.0,0.0,0.0,0.0,0.0,0.0,0.0,0.0,0.0,0.0,0.0,0.0,0.0,0.0,0.0,0.0,0.0,0.0,0.0,0.0,0.0,0.0,0.0,0.0,0.0,0.0,0.0,0.0,0.0,0.0,0.0,0.0,0.0,0.0,0.0,0.0,0.0,0.0,0.0,0.0,0.0,0.0,0.0,0.0,0.0,0.0,0.0,0.0,0.0,0.0,0.0,0.0,1.0,1.0399999999999636,3.0,4.0,5.759999999999991,6.0,7.0,8.0,8.0,9.960000000000036,10.200000000000045,12.0,14.0,15.0,17.0,19.0,21.639999999999986,22.879999999999995,25.0,26.0,27.0,28.840000000000032,32.08000000000004,34.32000000000005,38.0,39.799999999999955,44.0,46.559999999999945,54.0,60.75999999999999,84.0,0.0,1000.4901960790157,1000.7294117808342,1000.8470588326454,2000.1686274558306,2000.6196078658104,2000.811764717102,3000.1529411822557,3000.5098039507866,3000.694117665291,3001.0,169.4288558959961,177.13906860351562,181.95787048339844,185.8296356201172,189.21865844726562,192.4924774169922,195.92253570556642,200.11788940429688,207.79832458496094,348.30340576171875,213.29874,1.0,test_data/Useful/Validation/Three Quarter at 1 ft/WhatsApp Image 2024-08-21 at 14.17.14 (2).jpeg,3911.0,65.0,29.95173719759992
73,0.0,0.0,0.0,0.0,0.0,0.0,0.0,0.0,0.0,0.0,0.0,0.0,0.0,0.0,0.0,0.0,0.0,0.0,0.0,0.0,0.0,0.0,0.0,0.0,0.0,0.0,0.0,0.0,0.0,0.0,0.0,0.0,0.0,0.0,0.0,0.0,0.0,0.0,0.0,0.0,0.0,0.0,0.0,0.0,0.0,0.0,0.0,0.0,0.0,0.0,0.0,0.0,0.0,0.0,0.0,0.0,0.0,0.0,0.0,0.0,0.0,0.0,0.0,0.0,0.0,0.0,0.0,0.0,1.0,3.0,5.0,5.0,6.0,6.759999999999991,8.0,9.0,9.480000000000018,11.0,12.0,13.0,15.0,15.0,16.91999999999996,18.159999999999968,21.0,22.639999999999986,24.0,25.120000000000005,27.0,30.0,32.0,34.0,35.0,36.559999999999945,38.0,43.0,45.27999999999997,49.039999999999964,54.51999999999998,76.0,0.0,1000.4705882370472,1000.7176470756531,1000.839215695858,2000.0941176488996,2000.6156862974167,2000.811764717102,3000.137254908681,3000.501960813999,3000.690196096897,3001.0,169.76483154296875,177.49154663085938,182.42323303222656,186.31332397460938,189.65546417236328,192.85199890136718,196.2529327392578,200.45838012695313,208.1126708984375,348.2348327636719,213.40807,1.0,test_data/Useful/Validation/Three Quarter at 1 ft/WhatsApp Image 2024-08-21 at 14.17.14.jpeg,3913.0,70.0,31.04963226558649
74,0.0,0.0,0.0,0.0,0.0,0.0,0.0,0.0,0.0,0.0,0.0,0.0,0.0,0.0,0.0,0.0,0.0,0.0,0.0,0.0,0.0,0.0,0.0,0.0,0.0,0.0,0.0,0.0,0.0,0.0,0.0,0.0,0.0,0.0,0.0,0.0,0.0,0.0,0.0,0.0,0.0,0.0,0.0,0.0,0.0,0.0,0.0,0.0,0.0,0.0,0.0,0.0,0.0,0.0,0.0,0.0,0.0,0.0,0.0,0.0,0.0,0.0,0.0,0.0,0.0,0.0,0.0,0.0,0.0,1.0,1.0399999999999636,3.0,4.0,5.759999999999991,6.0,7.0,8.0,8.0,9.960000000000036,10.200000000000045,12.0,14.0,15.0,17.0,19.0,21.639999999999986,22.879999999999995,25.0,26.0,27.0,28.840000000000032,32.08000000000004,34.32000000000005,38.0,39.799999999999955,44.0,46.559999999999945,54.0,60.75999999999999,84.0,0.0,1000.4901960790157,1000.7294117808342,1000.8470588326454,2000.1686274558306,2000.6196078658104,2000.811764717102,3000.1529411822557,3000.5098039507866,3000.694117665291,3001.0,169.4288558959961,177.13906860351562,181.95787048339844,185.8296356201172,189.21865844726562,192.4924774169922,195.92253570556642,200.11788940429688,207.79832458496094,348.30340576171875,213.29874,1.0,test_data/Useful/Validation/Three Quarter at 1 ft/WhatsApp Image 2024-08-21 at 14.17.15 (1).jpeg,3911.0,65.0,34.466729418208175
75,0.0,0.0,0.0,0.0,0.0,0.0,0.0,0.0,0.0,0.0,0.0,0.0,0.0,0.0,0.0,0.0,0.0,0.0,0.0,0.0,0.0,0.0,0.0,0.0,0.0,0.0,0.0,0.0,0.0,0.0,0.0,0.0,0.0,0.0,0.0,0.0,0.0,0.0,0.0,0.0,0.0,0.0,0.0,0.0,0.0,0.0,0.0,0.0,0.0,0.0,0.0,0.0,0.0,0.0,0.0,0.0,0.0,0.0,0.0,0.0,0.0,0.0,0.0,0.0,0.0,1.0,1.0,2.0,3.0,4.0,5.0,6.0,8.0,8.759999999999991,10.0,11.0,11.0,12.0,13.0,15.0,16.0,17.0,20.0,22.0,23.0,24.0,25.879999999999995,27.0,28.0,32.0,34.0,35.0,37.32000000000005,41.559999999999945,45.799999999999955,50.0,54.27999999999997,60.51999999999998,69.03999999999996,92.0,0.0,1000.4980392158031,1000.7215686440468,1000.8313725590706,2000.1215686276555,2000.639215707779,2000.8235294222832,3000.215686276555,3000.533333361149,3000.6980392336845,3001.0,169.68711853027344,177.3613037109375,182.2273941040039,186.08228759765626,189.43942260742188,192.66763916015626,196.04102478027343,200.2084228515625,207.6895751953125,347.9941101074219,213.0831,1.0,test_data/Useful/Validation/Three Quarter at 1 ft/WhatsApp Image 2024-08-21 at 14.17.15 (2).jpeg,3437.0,78.0,30.580956050637965
76,0.0,0.0,0.0,0.0,0.0,0.0,0.0,0.0,0.0,0.0,0.0,0.0,0.0,0.0,0.0,0.0,0.0,0.0,0.0,0.0,0.0,0.0,0.0,0.0,0.0,0.0,0.0,0.0,0.0,0.0,0.0,0.0,0.0,0.0,0.0,0.0,0.0,0.0,0.0,0.0,0.0,0.0,0.0,0.0,0.0,0.0,0.0,0.0,0.0,0.0,0.0,0.0,0.0,0.0,0.0,0.0,0.0,0.0,0.0,0.0,0.0,0.0,0.0,0.0,0.0,0.0,0.0,0.0,0.0,0.0,0.0,0.0,0.0,0.0,0.0,1.0,3.0,4.0,5.0,7.0,7.0,9.0,10.919999999999959,12.0,14.399999999999977,16.0,19.0,20.120000000000005,22.0,24.0,24.0,28.0,31.32000000000005,33.559999999999945,38.0,39.039999999999964,46.27999999999997,50.0,57.75999999999999,67.0,0.0,1000.4666666686535,1000.7137255072594,1000.8352941274643,2000.0470588244498,2000.5921568870544,2000.7921568751335,3000.090196080506,3000.4901960790157,3000.6823529601097,3001.0,169.53033905029298,177.11542358398438,182.002880859375,185.924072265625,189.28568267822266,192.5308807373047,195.9655746459961,200.1981994628906,207.84095764160156,348.27911376953125,213.28703,1.0,test_data/Useful/Validation/Three Quarter at 1 ft/WhatsApp Image 2024-08-21 at 14.17.15.jpeg,3909.0,56.0,28.96347321112078
77,0.0,0.0,0.0,0.0,0.0,0.0,0.0,0.0,0.0,0.0,0.0,0.0,0.0,0.0,0.0,0.0,0.0,0.0,0.0,0.0,0.0,0.0,0.0,0.0,0.0,0.0,0.0,0.0,0.0,0.0,0.0,0.0,0.0,0.0,0.0,0.0,0.0,0.0,0.0,0.0,0.0,0.0,0.0,0.0,0.0,0.0,0.0,0.0,0.0,0.0,0.0,0.0,0.0,0.0,0.0,0.0,0.0,0.0,0.0,0.0,0.0,1.0,1.0,2.3600000000000136,4.0,4.0,5.0,5.0,6.0,6.0,7.0,8.0,10.0,11.0,12.0,14.0,15.0,16.0,16.960000000000036,18.0,20.0,21.0,23.91999999999996,25.0,27.0,28.0,29.879999999999995,32.0,34.0,35.60000000000002,37.0,38.0,39.0,42.0,44.799999999999955,48.039999999999964,51.83999999999992,59.039999999999964,70.0,88.0,0.0,1000.54509806633,1000.745098054409,1000.8549019694328,2000.2196078449488,2000.6313725709915,2000.8078431487083,3000.176470592618,3000.529411792755,3000.6980392336845,3001.0,169.9820983886719,177.63380432128906,182.51953125,186.3180725097656,189.6599578857422,192.83804931640626,196.28256225585938,200.46852111816406,207.9892120361328,347.92401123046875,213.40483,1.0,test_data/Useful/Validation/Three Quarter at 1 ft/WhatsApp Image 2024-08-21 at 14.17.17.jpeg,3393.0,88.0,30.920924373347713
78,0.0,0.0,0.0,0.0,0.0,0.0,0.0,0.0,0.0,0.0,0.0,0.0,0.0,0.0,0.0,0.0,0.0,0.0,0.0,0.0,0.0,0.0,0.0,0.0,0.0,0.0,0.0,0.0,0.0,0.0,0.0,0.0,0.0,0.0,0.0,0.0,0.0,0.0,0.0,0.0,0.0,0.0,0.0,0.0,0.0,0.0,0.0,0.0,0.0,0.0,0.0,0.0,0.0,0.0,0.0,0.0,0.0,0.0,0.0,0.0,0.0,1.0,1.0,2.3600000000000136,4.0,4.0,5.0,5.0,6.0,6.0,7.0,8.0,10.0,11.0,12.0,14.0,15.0,16.0,16.960000000000036,18.0,20.0,21.0,23.91999999999996,25.0,27.0,28.0,29.879999999999995,32.0,34.0,35.60000000000002,37.0,38.0,39.0,42.0,44.799999999999955,48.039999999999964,51.83999999999992,59.039999999999964,70.0,88.0,0.0,1000.54509806633,1000.745098054409,1000.8549019694328,2000.2196078449488,2000.6313725709915,2000.8078431487083,3000.176470592618,3000.529411792755,3000.6980392336845,3001.0,169.9820983886719,177.63380432128906,182.51953125,186.3180725097656,189.6599578857422,192.83804931640626,196.28256225585938,200.46852111816406,207.9892120361328,347.92401123046875,213.40483,1.0,test_data/Useful/Validation/Three Quarter at 1 ft/WhatsApp Image 2024-08-21 at 14.17.18 (1).jpeg,3393.0,88.0,33.89030024988938
79,0.0,0.0,0.0,0.0,0.0,0.0,0.0,0.0,0.0,0.0,0.0,0.0,0.0,0.0,0.0,0.0,0.0,0.0,0.0,0.0,0.0,0.0,0.0,0.0,0.0,0.0,0.0,0.0,0.0,0.0,0.0,0.0,0.0,0.0,0.0,0.0,0.0,0.0,0.0,0.0,0.0,0.0,0.0,0.0,0.0,0.0,0.0,0.0,0.0,0.0,0.0,0.0,0.0,0.0,0.0,0.0,0.0,0.0,0.0,0.0,0.0,0.0,0.0,0.0,0.0,1.0,1.0,2.0,3.0,4.0,5.0,6.0,8.0,8.759999999999991,10.0,11.0,11.0,12.0,13.0,15.0,16.0,17.0,20.0,22.0,23.0,24.0,25.879999999999995,27.0,28.0,32.0,34.0,35.0,37.32000000000005,41.559999999999945,45.799999999999955,50.0,54.27999999999997,60.51999999999998,69.03999999999996,92.0,0.0,1000.4980392158031,1000.7215686440468,1000.8313725590706,2000.1215686276555,2000.639215707779,2000.8235294222832,3000.215686276555,3000.533333361149,3000.6980392336845,3001.0,169.68711853027344,177.3613037109375,182.2273941040039,186.08228759765626,189.43942260742188,192.66763916015626,196.04102478027343,200.2084228515625,207.6895751953125,347.9941101074219,213.0831,1.0,test_data/Useful/Validation/Three Quarter at 1 ft/WhatsApp Image 2024-08-21 at 14.17.18.jpeg,3437.0,78.0,26.882302497874097
80,0.0,0.0,0.0,0.0,0.0,0.0,0.0,0.0,0.0,0.0,0.0,0.0,0.0,0.0,0.0,0.0,0.0,0.0,0.0,0.0,0.0,0.0,0.0,0.0,0.0,0.0,0.0,0.0,0.0,0.0,0.0,0.0,0.0,0.0,0.0,0.0,0.0,0.0,0.0,0.0,0.0,0.0,0.0,0.0,0.0,0.0,0.0,0.0,0.0,0.0,0.0,0.0,0.0,0.0,0.0,0.0,0.0,0.0,1.0,2.0,3.0,3.0,4.0,5.0,5.0,6.0,8.0,9.0,10.0,12.0,12.0,13.0,14.0,15.0,16.0,16.24000000000001,18.0,20.0,21.0,22.0,22.440000000000055,24.0,25.0,27.159999999999968,30.0,30.0,32.0,34.0,35.360000000000014,37.0,39.84000000000003,43.0,44.32000000000005,46.0,47.0,53.039999999999964,56.27999999999997,67.55999999999995,77.03999999999996,97.0,0.0,1000.5019608139992,1000.7098039388657,1000.8196078538895,2000.1647058874369,2000.8274509906769,3000.1686274558306,3000.4431372582912,3000.6078431606293,3000.7411764860153,3001.0,170.32556610107423,177.9615936279297,182.7630615234375,186.5584716796875,189.85910034179688,192.98709106445312,196.2437744140625,200.2822723388672,207.19200134277344,347.99237060546875,212.09644,1.0,test_data/Useful/Validation/Three Quarter at 1 ft/WhatsApp Image 2024-08-21 at 14.19.02 (1).jpeg,3030.0,98.0,29.422684183677003
81,0.0,0.0,0.0,0.0,0.0,0.0,0.0,0.0,0.0,0.0,0.0,0.0,0.0,0.0,0.0,0.0,0.0,0.0,0.0,0.0,0.0,0.0,0.0,0.0,0.0,0.0,0.0,0.0,0.0,0.0,0.0,0.0,0.0,0.0,0.0,0.0,0.0,0.0,0.0,0.0,0.0,0.0,0.0,0.0,0.0,0.0,0.0,0.0,0.0,0.0,0.0,0.0,0.0,0.0,0.0,0.0,0.0,0.0,1.0,2.0,3.0,3.0,4.0,5.0,5.0,6.0,8.0,9.0,10.0,12.0,12.0,13.0,14.0,15.0,16.0,16.24000000000001,18.0,20.0,21.0,22.0,22.440000000000055,24.0,25.0,27.159999999999968,30.0,30.0,32.0,34.0,35.360000000000014,37.0,39.84000000000003,43.0,44.32000000000005,46.0,47.0,53.039999999999964,56.27999999999997,67.55999999999995,77.03999999999996,97.0,0.0,1000.5019608139992,1000.7098039388657,1000.8196078538895,2000.1647058874369,2000.8274509906769,3000.1686274558306,3000.4431372582912,3000.6078431606293,3000.7411764860153,3001.0,170.32556610107423,177.9615936279297,182.7630615234375,186.5584716796875,189.85910034179688,192.98709106445312,196.2437744140625,200.2822723388672,207.19200134277344,347.99237060546875,212.09644,1.0,test_data/Useful/Validation/Three Quarter at 1 ft/WhatsApp Image 2024-08-21 at 14.19.02.jpeg,3030.0,98.0,25.961982316116007
82,0.0,0.0,0.0,0.0,0.0,0.0,0.0,0.0,0.0,0.0,0.0,0.0,0.0,0.0,0.0,0.0,0.0,0.0,0.0,0.0,0.0,0.0,0.0,0.0,0.0,0.0,0.0,0.0,0.0,0.0,0.0,0.0,0.0,0.0,0.0,0.0,0.0,0.0,0.0,0.0,0.0,0.0,0.0,0.0,0.0,0.0,0.0,0.0,0.0,0.0,0.0,0.0,0.0,0.0,1.0,2.0,3.0,3.0,4.0,4.399999999999977,5.639999999999986,6.0,7.0,8.0,8.0,9.0,10.0,11.32000000000005,12.0,13.0,14.0,15.0,15.519999999999982,16.0,17.0,18.0,19.0,19.0,20.0,21.0,22.440000000000055,23.0,24.0,25.159999999999968,26.0,28.0,30.0,31.120000000000005,33.0,34.0,37.0,39.08000000000004,41.0,43.559999999999945,45.799999999999955,49.07999999999993,55.27999999999997,59.0,63.75999999999999,89.0,0.0,1000.5019608139992,1000.7098039388657,1000.8196078538895,2000.031372550875,2000.7882353067398,3000.113725490868,3000.419607847929,3000.596078455448,3000.733333349228,3001.0,169.8695068359375,177.56341552734375,182.3823699951172,186.2365966796875,189.5693817138672,192.72852478027343,196.03027801513673,200.01304626464844,206.92526245117188,348.0674743652344,212.10815,1.0,test_data/Useful/Validation/Three Quarter at 1 ft/WhatsApp Image 2024-08-21 at 14.19.03 (1).jpeg,3005.0,102.0,30.2441840618708
83,0.0,0.0,0.0,0.0,0.0,0.0,0.0,0.0,0.0,0.0,0.0,0.0,0.0,0.0,0.0,0.0,0.0,0.0,0.0,0.0,0.0,0.0,0.0,0.0,0.0,0.0,0.0,0.0,0.0,0.0,0.0,0.0,0.0,0.0,0.0,0.0,0.0,0.0,0.0,0.0,0.0,0.0,0.0,0.0,0.0,0.0,0.0,0.0,0.0,0.0,0.0,0.0,0.0,0.0,1.0,2.0,3.0,3.0,4.0,4.399999999999977,5.639999999999986,6.0,7.0,8.0,8.0,9.0,10.0,11.32000000000005,12.0,13.0,14.0,15.0,15.519999999999982,16.0,17.0,18.0,19.0,19.0,20.0,21.0,22.440000000000055,23.0,24.0,25.159999999999968,26.0,28.0,30.0,31.120000000000005,33.0,34.0,37.0,39.08000000000004,41.0,43.559999999999945,45.799999999999955,49.07999999999993,55.27999999999997,59.0,63.75999999999999,89.0,0.0,1000.5019608139992,1000.7098039388657,1000.8196078538895,2000.031372550875,2000.7882353067398,3000.113725490868,3000.419607847929,3000.596078455448,3000.733333349228,3001.0,169.8695068359375,177.56341552734375,182.3823699951172,186.2365966796875,189.5693817138672,192.72852478027343,196.03027801513673,200.01304626464844,206.92526245117188,348.0674743652344,212.10815,1.0,test_data/Useful/Validation/Three Quarter at 1 ft/WhatsApp Image 2024-08-21 at 14.19.03 (2).jpeg,3005.0,102.0,34.97767776863902
84,0.0,0.0,0.0,0.0,0.0,0.0,0.0,0.0,0.0,0.0,0.0,0.0,0.0,0.0,0.0,0.0,0.0,0.0,0.0,0.0,0.0,0.0,0.0,0.0,0.0,0.0,0.0,0.0,0.0,0.0,0.0,0.0,0.0,0.0,0.0,0.0,0.0,0.0,0.0,0.0,0.0,0.0,0.0,0.0,0.0,0.0,0.0,0.0,0.0,0.0,0.0,0.0,0.0,0.0,0.0,0.0,0.0,0.0,0.0,1.0,2.0,3.0,4.1200000000000045,5.0,6.0,7.0,9.0,9.32000000000005,10.0,11.0,11.0,11.279999999999973,12.0,13.0,15.0,15.240000000000009,16.0,17.0,18.0,19.0,20.0,21.0,22.0,23.0,25.0,26.639999999999986,28.0,30.0,31.0,34.0,36.84000000000003,39.0,40.0,41.0,42.799999999999955,45.039999999999964,48.27999999999997,56.51999999999998,66.51999999999998,114.0,0.0,1000.4823529422283,1000.7019608020782,1000.811764717102,1001.0,2000.7803921699524,3000.117647059262,3000.4156862795353,3000.5921568870544,3000.729411780834,3001.0,170.0949279785156,177.80107421875,182.6219268798828,186.4047882080078,189.691162109375,192.91101684570313,196.2283981323242,200.19933471679687,207.10256958007812,348.0588073730469,211.87155,1.0,test_data/Useful/Validation/Three Quarter at 1 ft/WhatsApp Image 2024-08-21 at 14.19.03 (3).jpeg,3045.0,87.0,27.690679524277193
85,0.0,0.0,0.0,0.0,0.0,0.0,0.0,0.0,0.0,0.0,0.0,0.0,0.0,0.0,0.0,0.0,0.0,0.0,0.0,0.0,0.0,0.0,0.0,0.0,0.0,0.0,0.0,0.0,0.0,0.0,0.0,0.0,0.0,0.0,0.0,0.0,0.0,0.0,0.0,0.0,0.0,0.0,0.0,0.0,0.0,0.0,0.0,0.0,0.0,0.0,0.0,0.0,0.0,0.0,0.0,0.0,0.0,0.0,0.0,1.0,2.0,3.0,4.1200000000000045,5.0,6.0,7.0,9.0,9.32000000000005,10.0,11.0,11.0,11.279999999999973,12.0,13.0,15.0,15.240000000000009,16.0,17.0,18.0,19.0,20.0,21.0,22.0,23.0,25.0,26.639999999999986,28.0,30.0,31.0,34.0,36.84000000000003,39.0,40.0,41.0,42.799999999999955,45.039999999999964,48.27999999999997,56.51999999999998,66.51999999999998,114.0,0.0,1000.4823529422283,1000.7019608020782,1000.811764717102,1001.0,2000.7803921699524,3000.117647059262,3000.4156862795353,3000.5921568870544,3000.729411780834,3001.0,170.0949279785156,177.80107421875,182.6219268798828,186.4047882080078,189.691162109375,192.91101684570313,196.2283981323242,200.19933471679687,207.10256958007812,348.0588073730469,211.87155,1.0,test_data/Useful/Validation/Three Quarter at 1 ft/WhatsApp Image 2024-08-21 at 14.19.03.jpeg,3045.0,87.0,30.079182583083103
86,0.0,0.0,0.0,0.0,0.0,0.0,0.0,0.0,0.0,0.0,0.0,0.0,0.0,0.0,0.0,0.0,0.0,0.0,0.0,0.0,0.0,0.0,0.0,0.0,0.0,0.0,0.0,0.0,0.0,0.0,0.0,0.0,0.0,0.0,0.0,0.0,0.0,0.0,0.0,0.0,0.0,0.0,0.0,0.0,0.0,0.0,0.0,0.0,0.0,0.0,0.0,0.0,0.0,0.0,0.0,0.0,0.0,0.0,1.0,1.0,2.6399999999999864,4.0,5.0,5.0,6.0,7.0,8.0,9.0,9.0,10.0,11.0,11.0,12.0,13.0,14.0,14.0,16.0,17.0,18.0,18.200000000000045,20.0,20.0,21.0,22.159999999999968,24.0,25.0,25.0,27.120000000000005,29.0,31.0,32.0,34.0,36.0,39.0,44.799999999999955,53.039999999999964,59.0,63.51999999999998,71.75999999999999,84.0,0.0,1000.5137255191803,1000.7215686440468,1000.8313725590706,2000.3882353007793,2000.811764717102,3000.137254908681,3000.4274509847164,3000.596078455448,3000.729411780834,3001.0,170.09886169433594,177.71210632324218,182.53305053710938,186.30067443847656,189.62989044189453,192.8167236328125,196.20726623535157,200.2376678466797,207.2355499267578,347.999755859375,212.19757,1.0,test_data/Useful/Validation/Three Quarter at 1 ft/WhatsApp Image 2024-08-21 at 14.19.04 (1).jpeg,3014.0,87.0,31.56478958227175
87,0.0,0.0,0.0,0.0,0.0,0.0,0.0,0.0,0.0,0.0,0.0,0.0,0.0,0.0,0.0,0.0,0.0,0.0,0.0,0.0,0.0,0.0,0.0,0.0,0.0,0.0,0.0,0.0,0.0,0.0,0.0,0.0,0.0,0.0,0.0,0.0,0.0,0.0,0.0,0.0,0.0,0.0,0.0,0.0,0.0,0.0,0.0,0.0,0.0,0.0,0.0,0.0,0.0,0.0,0.0,0.0,0.0,0.0,1.0,1.0,2.6399999999999864,4.0,5.0,5.0,6.0,7.0,8.0,9.0,9.0,10.0,11.0,11.0,12.0,13.0,14.0,14.0,16.0,17.0,18.0,18.200000000000045,20.0,20.0,21.0,22.159999999999968,24.0,25.0,25.0,27.120000000000005,29.0,31.0,32.0,34.0,36.0,39.0,44.799999999999955,53.039999999999964,59.0,63.51999999999998,71.75999999999999,84.0,0.0,1000.5137255191803,1000.7215686440468,1000.8313725590706,2000.3882353007793,2000.811764717102,3000.137254908681,3000.4274509847164,3000.596078455448,3000.729411780834,3001.0,170.09886169433594,177.71210632324218,182.53305053710938,186.30067443847656,189.62989044189453,192.8167236328125,196.20726623535157,200.2376678466797,207.2355499267578,347.999755859375,212.19757,1.0,test_data/Useful/Validation/Three Quarter at 1 ft/WhatsApp Image 2024-08-21 at 14.19.04.jpeg,3014.0,87.0,31.257312322799557
88,0.0,0.0,0.0,0.0,0.0,0.0,0.0,0.0,0.0,0.0,0.0,0.0,0.0,0.0,0.0,0.0,0.0,0.0,0.0,0.0,0.0,0.0,0.0,0.0,0.0,0.0,0.0,0.0,0.0,0.0,0.0,0.0,0.0,0.0,0.0,0.0,0.0,0.0,0.0,0.0,0.0,0.0,0.0,0.0,0.0,0.0,0.0,0.0,0.0,0.0,0.0,0.0,0.0,0.0,0.0,0.0,0.0,0.0,1.0,1.3999999999999773,2.0,3.0,4.0,5.0,6.0,6.0,7.0,7.0,8.0,9.0,10.0,11.0,12.0,13.0,14.0,14.0,15.0,16.0,17.0,19.0,20.0,22.0,23.0,24.0,25.399999999999977,27.639999999999986,29.0,30.120000000000005,31.360000000000014,34.0,35.84000000000003,38.0,41.0,43.559999999999945,45.0,48.11999999999989,58.0,62.0,69.75999999999999,95.0,0.0,1000.5098039507866,1000.7215686440468,1000.8352941274643,2000.474509805441,2000.8156862854958,3000.1411764770746,3000.43137255311,3000.596078455448,3000.729411780834,3001.0,169.6811538696289,177.2566131591797,182.21261596679688,186.02134704589844,189.33595275878906,192.52690734863282,195.84547424316406,199.91006164550782,206.99496459960938,348.0747985839844,212.20085,1.0,test_data/Useful/Validation/Three Quarter at 1 ft/WhatsApp Image 2024-08-21 at 14.19.05.jpeg,2978.0,91.0,33.882290890260386
89,0.0,0.0,0.0,0.0,0.0,0.0,0.0,0.0,0.0,0.0,0.0,0.0,0.0,0.0,0.0,0.0,0.0,0.0,0.0,0.0,0.0,0.0,0.0,0.0,0.0,0.0,0.0,0.0,0.0,0.0,0.0,0.0,0.0,0.0,0.0,0.0,0.0,0.0,0.0,0.0,0.0,0.0,0.0,0.0,0.0,0.0,0.0,0.0,0.0,0.0,0.0,0.0,0.0,0.0,0.0,0.0,0.0,0.0,0.0,0.0,0.0,2.0,3.0,3.0,4.0,5.0,6.080000000000041,7.0,9.0,9.0,9.0,10.0,11.0,11.0,12.0,13.0,15.0,15.720000000000027,17.0,18.0,20.0,21.0,23.0,24.0,25.0,26.0,28.0,30.0,31.0,32.60000000000002,34.0,37.0,38.32000000000005,42.0,44.0,47.0,52.0,60.51999999999998,65.0,90.0,0.0,1000.5058823823929,1000.7176470756531,1000.8313725590706,2000.3960784375668,2000.866666674614,3000.2000000029802,3000.458823531866,3000.6156862974167,3000.7411764860153,3001.0,170.2353515625,177.80758361816407,182.6629440307617,186.41929626464844,189.7377166748047,192.92245483398438,196.2432861328125,200.1677703857422,207.11976623535156,348.14544677734375,212.25412,1.0,test_data/Useful/Validation/Three Quarter at 1 ft/WhatsApp Image 2024-08-21 at 14.19.06 (1).jpeg,3059.0,86.0,28.68420269557533
90,0.0,0.0,0.0,0.0,0.0,0.0,0.0,0.0,0.0,0.0,0.0,0.0,0.0,0.0,0.0,0.0,0.0,0.0,0.0,0.0,0.0,0.0,0.0,0.0,0.0,0.0,0.0,0.0,0.0,0.0,0.0,0.0,0.0,0.0,0.0,0.0,0.0,0.0,0.0,0.0,0.0,0.0,0.0,0.0,0.0,0.0,0.0,0.0,0.0,0.0,0.0,0.0,0.0,0.0,0.0,0.0,0.0,0.0,0.0,0.0,0.0,2.0,3.0,3.0,4.0,5.0,6.080000000000041,7.0,9.0,9.0,9.0,10.0,11.0,11.0,12.0,13.0,15.0,15.720000000000027,17.0,18.0,20.0,21.0,23.0,24.0,25.0,26.0,28.0,30.0,31.0,32.60000000000002,34.0,37.0,38.32000000000005,42.0,44.0,47.0,52.0,60.51999999999998,65.0,90.0,0.0,1000.5058823823929,1000.7176470756531,1000.8313725590706,2000.3960784375668,2000.866666674614,3000.2000000029802,3000.458823531866,3000.6156862974167,3000.7411764860153,3001.0,170.2353515625,177.80758361816407,182.6629440307617,186.41929626464844,189.7377166748047,192.92245483398438,196.2432861328125,200.1677703857422,207.11976623535156,348.14544677734375,212.25412,1.0,test_data/Useful/Validation/Three Quarter at 1 ft/WhatsApp Image 2024-08-21 at 14.19.06 (2).jpeg,3059.0,86.0,28.104103298911106
91,0.0,0.0,0.0,0.0,0.0,0.0,0.0,0.0,0.0,0.0,0.0,0.0,0.0,0.0,0.0,0.0,0.0,0.0,0.0,0.0,0.0,0.0,0.0,0.0,0.0,0.0,0.0,0.0,0.0,0.0,0.0,0.0,0.0,0.0,0.0,0.0,0.0,0.0,0.0,0.0,0.0,0.0,0.0,0.0,0.0,0.0,0.0,0.0,0.0,0.0,0.0,0.0,0.0,0.0,0.0,0.0,0.0,0.0,0.0,0.0,0.0,0.0,0.0,1.0,2.0,3.0,4.0,6.0,7.0,7.0,8.0,9.0,9.519999999999982,11.0,13.0,14.0,15.0,16.720000000000027,18.0,18.0,19.0,20.0,21.91999999999996,23.0,24.0,25.0,26.0,28.0,29.0,31.0,32.0,34.08000000000004,37.32000000000005,40.0,42.799999999999955,46.0,52.27999999999997,59.559999999999945,65.51999999999998,83.0,0.0,1000.4941176474094,1000.7098039388657,1000.8235294222832,2000.2784313857555,2000.8039215803146,3000.133333340287,3000.4235294163227,3000.596078455448,3000.729411780834,3001.0,169.874755859375,177.48882446289062,182.4139877319336,186.19962158203126,189.53643798828125,192.70598449707032,196.02760162353516,200.01844482421876,207.01309661865236,348.1351013183594,212.01611,1.0,test_data/Useful/Validation/Three Quarter at 1 ft/WhatsApp Image 2024-08-21 at 14.19.06.jpeg,3059.0,79.0,27.810213603172528
92,0.0,0.0,0.0,0.0,0.0,0.0,0.0,0.0,0.0,0.0,0.0,0.0,0.0,0.0,0.0,0.0,0.0,0.0,0.0,0.0,0.0,0.0,0.0,0.0,0.0,0.0,0.0,0.0,0.0,0.0,0.0,0.0,0.0,0.0,0.0,0.0,0.0,0.0,0.0,0.0,0.0,0.0,0.0,0.0,0.0,0.0,0.0,0.0,0.0,0.0,0.0,0.0,0.0,0.0,0.0,0.0,0.0,0.0,1.0,2.0,3.0,4.0,5.0,5.0,6.0,7.0,8.0,8.32000000000005,9.0,10.799999999999955,12.0,13.0,14.0,14.0,15.0,16.0,17.0,18.0,19.0,20.0,21.0,22.0,22.91999999999996,24.0,24.399999999999977,26.0,28.0,29.0,31.0,33.60000000000002,35.84000000000003,39.0,43.32000000000005,46.0,48.0,53.0,56.0,61.51999999999998,65.0,77.0,0.0,1000.4901960790157,1000.7098039388657,1000.8196078538895,2000.2352941185236,2000.8039215803146,3000.1411764770746,3000.4274509847164,3000.596078455448,3000.733333349228,3001.0,169.75759887695312,177.54095153808595,182.3866744995117,186.241748046875,189.53658294677734,192.72859802246094,196.01551971435546,200.04688110351563,206.96144104003906,348.0743408203125,212.00217,1.0,test_data/Useful/Validation/Three Quarter at 1 ft/WhatsApp Image 2024-08-21 at 14.19.07 (1).jpeg,2995.0,96.0,30.547475732512392
93,0.0,0.0,0.0,0.0,0.0,0.0,0.0,0.0,0.0,0.0,0.0,0.0,0.0,0.0,0.0,0.0,0.0,0.0,0.0,0.0,0.0,0.0,0.0,0.0,0.0,0.0,0.0,0.0,0.0,0.0,0.0,0.0,0.0,0.0,0.0,0.0,0.0,0.0,0.0,0.0,0.0,0.0,0.0,0.0,0.0,0.0,0.0,0.0,0.0,0.0,0.0,0.0,0.0,0.0,0.0,0.0,0.0,0.0,1.0,2.0,3.0,4.0,5.0,5.0,6.0,7.0,8.0,8.32000000000005,9.0,10.799999999999955,12.0,13.0,14.0,14.0,15.0,16.0,17.0,18.0,19.0,20.0,21.0,22.0,22.91999999999996,24.0,24.399999999999977,26.0,28.0,29.0,31.0,33.60000000000002,35.84000000000003,39.0,43.32000000000005,46.0,48.0,53.0,56.0,61.51999999999998,65.0,77.0,0.0,1000.4901960790157,1000.7098039388657,1000.8196078538895,2000.2352941185236,2000.8039215803146,3000.1411764770746,3000.4274509847164,3000.596078455448,3000.733333349228,3001.0,169.75759887695312,177.54095153808595,182.3866744995117,186.241748046875,189.53658294677734,192.72859802246094,196.01551971435546,200.04688110351563,206.96144104003906,348.0743408203125,212.00217,1.0,test_data/Useful/Validation/Three Quarter at 1 ft/WhatsApp Image 2024-08-21 at 14.19.07 (2).jpeg,2995.0,96.0,29.00125176356906
94,0.0,0.0,0.0,0.0,0.0,0.0,0.0,0.0,0.0,0.0,0.0,0.0,0.0,0.0,0.0,0.0,0.0,0.0,0.0,0.0,0.0,0.0,0.0,0.0,0.0,0.0,0.0,0.0,0.0,0.0,0.0,0.0,0.0,0.0,0.0,0.0,0.0,0.0,0.0,0.0,0.0,0.0,0.0,0.0,0.0,0.0,0.0,0.0,0.0,0.0,0.0,0.0,0.0,0.0,0.0,0.0,0.0,0.0,0.0,1.0,2.0,3.0,4.0,5.360000000000014,7.0,7.0,8.0,8.0,9.0,10.0,10.0,11.0,12.0,13.0,13.0,14.0,15.0,16.0,18.0,20.0,21.0,22.0,24.0,25.159999999999968,27.0,28.639999999999986,30.0,32.120000000000005,33.360000000000014,36.0,38.0,42.0,45.0,47.559999999999945,48.0,51.039999999999964,55.27999999999997,62.0,72.51999999999998,100.0,0.0,1000.5019608139992,1000.7137255072594,1000.8196078538895,1001.0,2000.8156862854958,3000.164705887437,3000.4509803950787,3000.6156862974167,3000.7411764860153,3001.0,170.8256393432617,178.4540557861328,183.22593688964844,187.0426025390625,190.35629272460938,193.53207397460938,196.81948852539062,200.82790527343752,207.67135620117188,348.01483154296875,212.55287,1.0,test_data/Useful/Validation/Three Quarter at 1 ft/WhatsApp Image 2024-08-21 at 14.19.07.jpeg,3069.0,93.0,29.424092784836102
95,0.0,0.0,0.0,0.0,0.0,0.0,0.0,0.0,0.0,0.0,0.0,0.0,0.0,0.0,0.0,0.0,0.0,0.0,0.0,0.0,0.0,0.0,0.0,0.0,0.0,0.0,0.0,0.0,0.0,0.0,0.0,0.0,0.0,0.0,0.0,0.0,0.0,0.0,0.0,0.0,0.0,0.0,0.0,0.0,0.0,0.0,0.0,0.0,0.0,0.0,0.0,0.0,0.0,0.0,0.0,0.0,0.0,0.0,0.0,0.0,0.0,0.0,0.0,0.0,1.0,2.0,4.0,4.32000000000005,6.0,7.0,9.0,10.279999999999973,12.0,12.0,13.0,14.240000000000009,15.0,16.0,17.0,19.0,20.440000000000055,21.0,22.0,23.0,24.399999999999977,26.0,27.0,27.120000000000005,28.360000000000014,30.0,32.0,35.0,37.0,39.0,43.799999999999955,48.039999999999964,56.0,60.039999999999964,68.51999999999998,79.0,0.0,1000.4901960790157,1000.705882370472,1000.8196078538895,2000.1960784345865,2000.784313738346,3000.117647059262,3000.4156862795353,3000.5921568870544,3000.729411780834,3001.0,169.9676513671875,177.507080078125,182.3568572998047,186.10765075683594,189.44932556152344,192.63479614257812,195.93682861328125,199.92892456054688,206.95565795898438,348.10565185546875,211.95547,1.0,test_data/Useful/Validation/Three Quarter at 1 ft/WhatsApp Image 2024-08-21 at 14.19.08 (1).jpeg,2991.0,81.0,27.32174707316023
96,0.0,0.0,0.0,0.0,0.0,0.0,0.0,0.0,0.0,0.0,0.0,0.0,0.0,0.0,0.0,0.0,0.0,0.0,0.0,0.0,0.0,0.0,0.0,0.0,0.0,0.0,0.0,0.0,0.0,0.0,0.0,0.0,0.0,0.0,0.0,0.0,0.0,0.0,0.0,0.0,0.0,0.0,0.0,0.0,0.0,0.0,0.0,0.0,0.0,0.0,0.0,0.0,0.0,0.0,0.0,0.0,0.0,0.0,0.0,1.0,2.0,3.0,4.0,5.360000000000014,7.0,7.0,8.0,8.0,9.0,10.0,10.0,11.0,12.0,13.0,13.0,14.0,15.0,16.0,18.0,20.0,21.0,22.0,24.0,25.159999999999968,27.0,28.639999999999986,30.0,32.120000000000005,33.360000000000014,36.0,38.0,42.0,45.0,47.559999999999945,48.0,51.039999999999964,55.27999999999997,62.0,72.51999999999998,100.0,0.0,1000.5019608139992,1000.7137255072594,1000.8196078538895,1001.0,2000.8156862854958,3000.164705887437,3000.4509803950787,3000.6156862974167,3000.7411764860153,3001.0,170.8256393432617,178.4540557861328,183.22593688964844,187.0426025390625,190.35629272460938,193.53207397460938,196.81948852539062,200.82790527343752,207.67135620117188,348.01483154296875,212.55287,1.0,test_data/Useful/Validation/Three Quarter at 1 ft/WhatsApp Image 2024-08-21 at 14.19.08.jpeg,3069.0,93.0,37.39532663830888
97,0.0,0.0,0.0,0.0,0.0,0.0,0.0,0.0,0.0,0.0,0.0,0.0,0.0,0.0,0.0,0.0,0.0,0.0,0.0,0.0,0.0,0.0,0.0,0.0,0.0,0.0,0.0,0.0,0.0,0.0,0.0,0.0,0.0,0.0,0.0,0.0,0.0,0.0,0.0,0.0,0.0,0.0,0.0,0.0,0.0,0.0,0.0,0.0,0.0,0.0,0.0,0.0,0.0,0.0,0.0,0.0,0.0,0.0,1.0,1.3999999999999773,2.0,3.0,4.0,5.0,6.0,6.0,7.0,7.0,8.0,9.0,10.0,11.0,12.0,13.0,14.0,14.0,15.0,16.0,17.0,19.0,20.0,22.0,23.0,24.0,25.399999999999977,27.639999999999986,29.0,30.120000000000005,31.360000000000014,34.0,35.84000000000003,38.0,41.0,43.559999999999945,45.0,48.11999999999989,58.0,62.0,69.75999999999999,95.0,0.0,1000.5098039507866,1000.7215686440468,1000.8352941274643,2000.474509805441,2000.8156862854958,3000.1411764770746,3000.43137255311,3000.596078455448,3000.729411780834,3001.0,169.6811538696289,177.2566131591797,182.21261596679688,186.02134704589844,189.33595275878906,192.52690734863282,195.84547424316406,199.91006164550782,206.99496459960938,348.0747985839844,212.20085,1.0,test_data/Useful/Validation/Three Quarter at 1 ft/WhatsApp Image 2024-08-21 at 14.19.27 (1).jpeg,2978.0,91.0,30.398324848101822
98,0.0,0.0,0.0,0.0,0.0,0.0,0.0,0.0,0.0,0.0,0.0,0.0,0.0,0.0,0.0,0.0,0.0,0.0,0.0,0.0,0.0,0.0,0.0,0.0,0.0,0.0,0.0,0.0,0.0,0.0,0.0,0.0,0.0,0.0,0.0,0.0,0.0,0.0,0.0,0.0,0.0,0.0,0.0,0.0,0.0,0.0,0.0,0.0,0.0,0.0,0.0,0.0,0.0,0.0,0.0,0.0,0.0,0.0,0.0,0.0,0.0,0.0,0.0,0.0,1.0,2.0,4.0,4.32000000000005,6.0,7.0,9.0,10.279999999999973,12.0,12.0,13.0,14.240000000000009,15.0,16.0,17.0,19.0,20.440000000000055,21.0,22.0,23.0,24.399999999999977,26.0,27.0,27.120000000000005,28.360000000000014,30.0,32.0,35.0,37.0,39.0,43.799999999999955,48.039999999999964,56.0,60.039999999999964,68.51999999999998,79.0,0.0,1000.4901960790157,1000.705882370472,1000.8196078538895,2000.1960784345865,2000.784313738346,3000.117647059262,3000.4156862795353,3000.5921568870544,3000.729411780834,3001.0,169.9676513671875,177.507080078125,182.3568572998047,186.10765075683594,189.44932556152344,192.63479614257812,195.93682861328125,199.92892456054688,206.95565795898438,348.10565185546875,211.95547,1.0,test_data/Useful/Validation/Three Quarter at 1 ft/WhatsApp Image 2024-08-21 at 14.19.27.jpeg,2991.0,81.0,29.408021925396135
99,0.0,0.0,0.0,0.0,0.0,0.0,0.0,0.0,0.0,0.0,0.0,0.0,0.0,0.0,0.0,0.0,0.0,0.0,0.0,0.0,0.0,0.0,0.0,0.0,0.0,0.0,0.0,0.0,0.0,0.0,0.0,0.0,0.0,0.0,0.0,0.0,0.0,0.0,0.0,0.0,0.0,0.0,0.0,0.0,0.0,0.0,0.0,0.0,0.0,0.0,0.0,0.0,0.0,0.0,0.0,0.0,0.0,0.0,0.0,0.0,1.0,1.8799999999999955,3.0,4.0,5.0,5.0,6.0,6.32000000000005,7.0,8.0,8.039999999999964,10.0,11.0,11.0,13.0,14.0,15.0,16.0,17.0,19.0,20.0,21.0,22.91999999999996,25.0,26.0,27.0,27.879999999999995,31.0,33.0,34.60000000000002,36.0,38.0,40.0,43.559999999999945,45.0,48.039999999999964,54.27999999999997,61.51999999999998,69.75999999999999,105.0,0.0,1000.517647087574,1000.7254902124405,1000.839215695858,2000.4549019634724,2000.8235294222832,3000.1450980454683,3000.43137255311,3000.600000023842,3000.7372549176216,3001.0,170.35316467285156,178.0340362548828,182.88326568603514,186.65785217285156,189.9728546142578,193.137841796875,196.4480209350586,200.43270874023438,207.43069458007812,348.03240966796875,212.35925,1.0,test_data/Useful/Validation/Three Quarter at 1 ft/WhatsApp Image 2024-08-21 at 14.19.28.jpeg,3071.0,87.0,37.99543260018004
100,0.0,0.0,0.0,0.0,0.0,0.0,0.0,0.0,0.0,0.0,0.0,0.0,0.0,0.0,0.0,0.0,0.0,0.0,0.0,0.0,0.0,0.0,0.0,0.0,0.0,0.0,0.0,0.0,0.0,0.0,0.0,0.0,0.0,0.0,0.0,0.0,0.0,0.0,0.0,0.0,0.0,0.0,0.0,0.0,0.0,0.0,0.0,0.0,0.0,0.0,0.0,0.0,0.0,0.0,0.0,0.0,1.67999999999995,2.919999999999959,4.0,4.0,5.0,6.0,7.0,8.0,9.0,10.0,10.0,10.32000000000005,12.0,13.0,13.0,14.0,15.0,15.0,16.0,16.0,17.0,18.720000000000027,19.0,20.0,21.0,22.0,24.0,25.0,27.0,28.0,30.879999999999995,32.0,33.360000000000014,35.0,36.84000000000003,37.0,39.0,40.559999999999945,44.0,49.039999999999964,55.0,58.0,69.03999999999996,84.0,0.0,1000.4549019634724,1000.6941176652908,1000.8039215803146,1000.9411764740944,2000.6705882549286,3000.0352941192687,3000.3490196168423,3000.556862771511,3000.7137255072594,3001.0,170.90369110107423,178.59718322753906,183.44725036621094,187.2544708251953,190.5272674560547,193.68148803710938,197.0305633544922,200.990966796875,207.8787841796875,347.9086608886719,212.8759,1.0,test_data/Useful/Validation/Three Quarter at 1 ft/WhatsApp Image 2024-08-21 at 14.19.49 (1).jpeg,3208.0,102.0,31.333504270397484
101,0.0,0.0,0.0,0.0,0.0,0.0,0.0,0.0,0.0,0.0,0.0,0.0,0.0,0.0,0.0,0.0,0.0,0.0,0.0,0.0,0.0,0.0,0.0,0.0,0.0,0.0,0.0,0.0,0.0,0.0,0.0,0.0,0.0,0.0,0.0,0.0,0.0,0.0,0.0,0.0,0.0,0.0,0.0,0.0,0.0,0.0,0.0,0.0,0.0,0.0,0.0,0.0,0.0,0.0,0.0,0.0,0.0,0.9199999999999591,1.0,2.0,2.6399999999999864,3.0,4.0,4.0,5.0,6.0,7.0,8.0,9.0,10.0,11.0,12.0,13.0,13.759999999999991,14.0,15.0,16.0,17.720000000000027,18.0,20.0,21.0,22.0,24.0,25.0,26.0,28.0,29.879999999999995,31.0,33.0,34.60000000000002,37.0,39.0,41.0,45.0,48.0,50.0,53.0,58.51999999999998,66.75999999999999,102.0,0.0,1000.4745098054409,1000.7098039388657,1000.8235294222832,2000.1098039224744,2000.7254902124405,3000.0352941192687,3000.3450980484486,3000.5529412031174,3000.7098039388657,3001.0,170.3341094970703,177.9506805419922,182.8801010131836,186.6756378173828,190.02264404296875,193.13978576660156,196.4713134765625,200.47544860839844,207.51417541503906,348.11907958984375,212.67758,1.0,test_data/Useful/Validation/Three Quarter at 1 ft/WhatsApp Image 2024-08-21 at 14.19.49 (2).jpeg,3186.0,95.0,28.513137541413183
102,0.0,0.0,0.0,0.0,0.0,0.0,0.0,0.0,0.0,0.0,0.0,0.0,0.0,0.0,0.0,0.0,0.0,0.0,0.0,0.0,0.0,0.0,0.0,0.0,0.0,0.0,0.0,0.0,0.0,0.0,0.0,0.0,0.0,0.0,0.0,0.0,0.0,0.0,0.0,0.0,0.0,0.0,0.0,0.0,0.0,0.0,0.0,0.0,0.0,0.0,0.0,0.0,0.0,0.0,0.0,0.0,0.0,0.0,1.0,1.0,2.0,3.0,4.0,5.0,6.0,7.0,7.0,8.0,8.559999999999945,9.0,10.0,11.0,11.519999999999982,12.0,13.0,14.0,15.0,16.0,17.0,19.0,20.0,21.0,23.0,24.159999999999968,25.0,26.639999999999986,27.0,29.0,31.0,33.0,33.84000000000003,37.0,39.0,43.0,47.799999999999955,50.0,55.27999999999997,62.51999999999998,71.75999999999999,114.0,0.0,1000.4784313738346,1000.705882370472,1000.811764717102,1000.9568627476692,2000.6980392336845,3000.043137256056,3000.368627458811,3000.568627476692,3000.721568644047,3001.0,170.69760131835938,178.32183837890625,183.114501953125,186.94650268554688,190.27096557617188,193.4442901611328,196.73886108398438,200.73167419433594,207.68118286132812,348.0548095703125,212.66191,1.0,test_data/Useful/Validation/Three Quarter at 1 ft/WhatsApp Image 2024-08-21 at 14.19.49.jpeg,3177.0,92.0,31.653519347737156
103,0.0,0.0,0.0,0.0,0.0,0.0,0.0,0.0,0.0,0.0,0.0,0.0,0.0,0.0,0.0,0.0,0.0,0.0,0.0,0.0,0.0,0.0,0.0,0.0,0.0,0.0,0.0,0.0,0.0,0.0,0.0,0.0,0.0,0.0,0.0,0.0,0.0,0.0,0.0,0.0,0.0,0.0,0.0,0.0,0.0,0.0,0.0,0.0,0.0,0.0,0.0,0.0,0.0,0.0,0.0,0.0,0.0,0.0,0.0,0.0,1.6399999999999864,2.0,3.0,4.0,4.600000000000023,5.0,7.0,8.0,9.0,9.0,10.0,11.279999999999973,12.0,13.0,14.0,15.0,15.0,17.0,18.0,19.0,20.0,21.0,23.91999999999996,24.159999999999968,26.0,27.0,28.0,30.0,31.360000000000014,34.0,35.0,37.08000000000004,41.0,42.0,44.0,47.07999999999993,51.27999999999997,57.039999999999964,63.0,92.0,0.0,1000.4941176474094,1000.7215686440468,1000.8352941274643,2000.2392156869173,2000.7137255072594,3000.0156862754375,3000.3176470696926,3000.5411764979362,3000.7019608020782,3001.0,170.58189086914064,178.0746276855469,183.01931610107422,186.8483673095703,190.16644287109375,193.33131408691406,196.64987182617188,200.6441650390625,207.52438354492188,348.0386047363281,212.65643,1.0,test_data/Useful/Validation/Three Quarter at 1 ft/WhatsApp Image 2024-08-21 at 14.19.50 (1).jpeg,3180.0,88.0,33.26479731922532
104,0.0,0.0,0.0,0.0,0.0,0.0,0.0,0.0,0.0,0.0,0.0,0.0,0.0,0.0,0.0,0.0,0.0,0.0,0.0,0.0,0.0,0.0,0.0,0.0,0.0,0.0,0.0,0.0,0.0,0.0,0.0,0.0,0.0,0.0,0.0,0.0,0.0,0.0,0.0,0.0,0.0,0.0,0.0,0.0,0.0,0.0,0.0,0.0,0.0,0.0,0.0,0.0,0.0,0.0,0.0,0.0,0.0,0.0,0.0,0.0,1.6399999999999864,2.0,3.0,4.0,4.600000000000023,5.0,7.0,8.0,9.0,9.0,10.0,11.279999999999973,12.0,13.0,14.0,15.0,15.0,17.0,18.0,19.0,20.0,21.0,23.91999999999996,24.159999999999968,26.0,27.0,28.0,30.0,31.360000000000014,34.0,35.0,37.08000000000004,41.0,42.0,44.0,47.07999999999993,51.27999999999997,57.039999999999964,63.0,92.0,0.0,1000.4941176474094,1000.7215686440468,1000.8352941274643,2000.2392156869173,2000.7137255072594,3000.0156862754375,3000.3176470696926,3000.5411764979362,3000.7019608020782,3001.0,170.58189086914064,178.0746276855469,183.01931610107422,186.8483673095703,190.16644287109375,193.33131408691406,196.64987182617188,200.6441650390625,207.52438354492188,348.0386047363281,212.65643,1.0,test_data/Useful/Validation/Three Quarter at 1 ft/WhatsApp Image 2024-08-21 at 14.19.50.jpeg,3180.0,88.0,30.628121660564773
