,perc_1,perc_2,perc_3,perc_4,perc_5,perc_6,perc_7,perc_8,perc_9,perc_10,perc_11,perc_12,perc_13,perc_14,perc_15,perc_16,perc_17,perc_18,perc_19,perc_20,perc_21,perc_22,perc_23,perc_24,perc_25,perc_26,perc_27,perc_28,perc_29,perc_30,perc_31,perc_32,perc_33,perc_34,perc_35,perc_36,perc_37,perc_38,perc_39,perc_40,perc_41,perc_42,perc_43,perc_44,perc_45,perc_46,perc_47,perc_48,perc_49,perc_50,perc_51,perc_52,perc_53,perc_54,perc_55,perc_56,perc_57,perc_58,perc_59,perc_60,perc_61,perc_62,perc_63,perc_64,perc_65,perc_66,perc_67,perc_68,perc_69,perc_70,perc_71,perc_72,perc_73,perc_74,perc_75,perc_76,perc_77,perc_78,perc_79,perc_80,perc_81,perc_82,perc_83,perc_84,perc_85,perc_86,perc_87,perc_88,perc_89,perc_90,perc_91,perc_92,perc_93,perc_94,perc_95,perc_96,perc_97,perc_98,perc_99,perc_100,mode,color_percentile_10,color_percentile_20,color_percentile_30,color_percentile_40,color_percentile_50,color_percentile_60,color_percentile_70,color_percentile_80,color_percentile_90,color_percentile_100,fourier_distribution_10,fourier_distribution_20,fourier_distribution_30,fourier_distribution_40,fourier_distribution_50,fourier_distribution_60,fourier_distribution_70,fourier_distribution_80,fourier_distribution_90,fourier_distribution_100,fourier_median,class,image_name,no_of_connected_components,kept_components,distance
0,24.96,36.400000000000006,42.0,45.96,48.400000000000006,52.0,57.0,58.0,61.16,63.0,65.64,67.88,69.0,70.0,71.0,72.84,74.0,75.0,76.0,77.0,79.0,80.0,81.0,82.0,83.0,84.0,85.0,86.0,87.0,88.0,89.0,89.0,91.0,92.0,93.0,93.0,94.0,95.0,95.0,96.0,97.0,98.0,98.0,99.56,101.0,101.0,101.27999999999997,102.0,103.0,104.0,104.0,105.0,105.0,106.0,107.0,107.0,108.0,108.0,109.0,109.0,110.0,110.0,111.0,112.0,112.60000000000002,113.84000000000003,114.0,115.0,115.0,116.0,117.0,117.0,118.0,119.0,119.0,120.0,121.48000000000002,122.0,123.0,124.0,124.0,125.0,125.91999999999996,126.0,127.0,127.0,128.0,128.0,129.0,130.60000000000002,131.0,132.08000000000004,134.0,136.0,137.79999999999995,139.0,140.0,141.0,143.0,150.0,93.0,1000.5058823823929,1000.6431372761726,1000.7411764860153,1000.8470588326454,1000.9921568632126,2000.8470588326454,3000.458823531866,3000.65098041296,3000.78823530674,3001.0,184.329638671875,191.87784423828126,196.67072601318358,200.33832702636718,203.48611450195312,206.45365295410156,209.41439361572264,212.73651123046875,217.22474670410156,345.9519958496094,238.20654,0.0,test_data/Useful/Validation/rice-at-1-ft/20241108_084833.jpg,1822.0,312.0,31.754627519611553
1,35.24,39.0,42.0,45.0,49.0,51.0,53.0,56.92,60.16,62.0,63.64,66.0,68.0,69.0,70.6,72.0,73.0,73.0,74.0,75.80000000000001,76.0,77.28,78.0,79.0,80.0,81.0,82.48000000000002,83.0,84.0,86.0,87.0,87.0,88.0,89.0,90.0,90.0,91.0,92.0,92.0,93.0,93.0,93.0,94.32,95.0,96.0,97.0,97.27999999999997,98.0,98.0,99.0,100.0,100.48000000000002,101.0,101.96000000000004,102.0,103.0,104.0,104.0,104.0,105.0,105.0,106.0,106.0,107.36000000000001,108.0,109.0,109.0,110.0,110.0,111.0,112.0,113.0,113.0,114.0,115.0,115.0,116.0,116.0,117.0,118.0,118.0,119.0,120.0,121.0,122.0,123.0,123.0,124.12,126.0,127.0,128.0,129.0,130.32000000000005,132.0,133.0,135.03999999999996,138.0,140.0,145.51999999999998,159.0,98.0,1000.5490196347237,1000.6666666865349,1000.7490196228027,1000.8352941274643,1000.9803921580315,2000.9921568632126,3000.533333361149,3000.6745098233223,3000.772549033165,3001.0,182.68523864746095,190.26364135742188,195.0516357421875,198.72836303710938,201.92205810546875,204.92191162109376,207.96482543945314,211.39755859375,216.5220489501953,345.98809814453125,241.25565,0.0,test_data/Useful/Validation/rice-at-1-ft/20241108_084837_001.jpg,1433.0,281.0,33.6935872213217
2,26.0,33.44,38.0,43.0,46.2,50.44,55.0,56.0,58.16,61.0,63.64,65.88,68.12,70.36000000000001,71.0,72.0,73.08000000000001,77.0,78.0,79.0,80.0,81.0,81.0,82.0,83.0,85.0,86.0,86.0,87.95999999999998,89.0,89.44,90.68,91.0,93.0,93.39999999999998,94.0,95.0,96.0,96.0,96.0,97.0,98.0,98.0,99.0,99.0,100.0,101.0,102.0,103.0,103.0,103.0,104.0,104.0,104.0,105.0,106.0,106.0,107.0,107.0,108.0,108.0,109.0,110.0,111.0,111.0,112.0,113.0,113.0,114.0,114.0,115.0,115.0,116.0,116.0,117.0,117.0,118.0,119.0,119.96000000000004,120.20000000000005,121.0,121.0,122.0,122.15999999999997,123.39999999999998,124.0,125.0,126.12,127.0,129.0,129.0,131.0,132.0,133.0,134.0,136.0,137.27999999999997,142.0,146.51999999999998,157.0,104.0,1000.54509806633,1000.6627451181412,1000.7490196228027,1000.839215695858,1000.9882352948189,2000.9372549057007,3000.5254902243614,3000.6705882549286,3000.772549033165,3001.0,182.92005920410156,190.5223846435547,195.2743682861328,198.99373474121094,202.19391632080078,205.1792205810547,208.25409698486328,211.69265747070312,216.6407012939453,345.9917907714844,240.81042,0.0,test_data/Useful/Validation/rice-at-1-ft/20241108_084837_002.jpg,1441.0,271.0,32.46570079200356
3,31.0,38.480000000000004,47.72,52.0,56.0,58.0,60.0,61.0,63.0,65.0,67.0,69.0,71.0,73.36000000000001,74.0,76.84,78.0,80.0,81.0,82.0,83.0,84.0,85.0,86.0,87.0,87.0,88.0,89.0,90.0,91.0,92.0,92.68,93.0,94.0,95.0,96.0,97.0,98.0,99.0,99.0,100.0,101.0,101.0,102.0,102.0,103.0,103.27999999999997,104.0,105.0,105.0,106.0,107.0,108.0,109.0,109.0,110.0,110.0,111.0,112.0,112.0,113.0,114.0,115.0,115.0,115.60000000000002,116.0,116.0,117.0,117.0,118.0,118.0,119.0,120.0,120.0,121.0,122.0,122.0,123.0,124.0,125.0,126.0,126.0,127.0,127.0,128.0,129.0,129.88,130.0,131.0,132.0,133.84000000000003,135.0,136.0,138.0,139.0,140.03999999999996,142.27999999999997,144.55999999999995,148.0,160.0,117.0,1000.5372549295425,1000.6627451181412,1000.7529411911964,1000.8509804010391,2000.149019613862,2000.960784316063,3000.5137255191803,3000.666666686535,3000.7764706015587,3001.0,183.8497314453125,191.3904602050781,196.16153259277343,199.8903045654297,203.094970703125,206.05502319335938,209.08775329589844,212.4402313232422,217.16653442382812,346.1239013671875,239.1488,0.0,test_data/Useful/Validation/rice-at-1-ft/20241108_084837_003.jpg,1629.0,291.0,27.602314928410642
4,32.72,42.0,44.0,49.96,54.0,57.0,61.68000000000001,63.92,66.0,67.4,69.64,71.88,73.12,74.36000000000001,76.0,77.0,78.0,79.0,81.56,82.0,83.0,85.28,86.0,87.0,87.0,88.0,90.0,91.0,91.0,92.0,93.0,93.0,94.92000000000002,95.0,96.0,96.63999999999999,97.88,99.0,99.36000000000001,100.0,101.0,102.0,103.0,104.0,105.0,106.0,107.0,107.0,108.0,108.0,109.0,110.0,110.0,111.0,112.0,112.0,113.0,113.0,114.0,115.0,115.0,115.0,116.0,117.0,118.0,118.0,119.0,120.0,120.0,120.0,121.0,122.0,122.0,123.0,124.0,124.0,125.0,125.0,126.0,127.0,127.0,128.0,128.0,129.0,129.0,130.0,131.0,131.0,132.0,133.60000000000002,135.0,136.0,137.0,138.0,139.0,141.0,143.0,144.0,147.0,156.0,115.0,1000.5294117927551,1000.6588235497475,1000.7529411911964,1000.8509804010391,2000.1568627506495,2000.9568627476692,3000.5098039507866,3000.666666686535,3000.7764706015587,3001.0,183.85272216796875,191.49472045898438,196.26425018310547,199.95635986328125,203.1401824951172,206.13143920898438,209.10208129882812,212.47958374023438,217.13499450683594,346.1274719238281,239.25256,0.0,test_data/Useful/Validation/rice-at-1-ft/20241108_084837_004.jpg,1550.0,249.0,31.2361596911072
5,36.480000000000004,43.480000000000004,53.0,56.0,57.0,59.0,62.0,63.0,65.0,66.4,68.0,69.0,71.0,72.0,73.0,74.0,76.0,77.0,78.0,79.0,80.0,82.0,82.52000000000001,84.0,84.0,85.0,86.0,87.0,88.0,89.0,90.44,91.0,92.0,93.0,94.0,94.0,95.0,96.0,97.0,98.0,98.0,99.0,100.0,101.0,101.0,102.0,102.27999999999997,103.0,104.0,105.0,106.0,106.0,107.0,108.0,108.0,109.0,109.0,110.0,110.15999999999997,111.0,112.0,112.0,113.0,114.0,114.0,115.0,116.0,116.32000000000005,117.0,118.0,118.0,119.0,120.0,120.0,121.0,122.0,123.0,123.72000000000003,124.0,125.0,126.0,126.67999999999995,127.0,128.0,129.0,129.0,130.0,132.0,132.0,133.60000000000002,134.0,135.0,136.0,137.0,138.0,139.0,141.0,142.0,150.0,161.0,108.0,1000.5333333611488,1000.6627451181412,1000.7529411911964,1000.8509804010391,2000.1686274558306,2000.9529411792755,3000.5098039507866,3000.666666686535,3000.7764706015587,3001.0,184.09490966796875,191.57302856445312,196.28436279296875,199.9242706298828,203.07195281982422,206.01798095703126,208.99793853759766,212.32948303222656,216.97866821289062,346.1021423339844,238.82967,0.0,test_data/Useful/Validation/rice-at-1-ft/20241108_084837_005.jpg,1629.0,266.0,29.471530157355126
6,39.0,44.480000000000004,48.0,50.96,53.0,55.44,59.68000000000001,61.92,64.16,66.0,68.0,70.88,73.0,75.0,77.0,78.0,79.0,80.0,81.0,83.0,84.0,86.0,87.0,88.0,89.0,90.0,91.0,91.0,92.0,93.0,93.44,94.0,94.0,95.0,95.0,96.63999999999999,97.0,98.0,99.0,99.0,100.83999999999997,101.0,102.0,102.0,103.0,103.0,104.0,104.0,105.0,106.0,107.0,107.0,108.0,109.0,109.0,110.0,110.67999999999995,111.0,112.0,113.0,114.63999999999999,115.0,116.0,116.0,117.0,117.0,118.0,118.0,119.0,119.0,120.0,121.0,121.0,122.0,123.0,124.0,125.0,125.0,126.0,126.0,127.0,128.0,128.0,130.0,130.39999999999998,131.0,132.0,133.12,134.0,135.0,136.0,136.0,137.0,138.0,139.0,141.0,144.27999999999997,146.0,147.76,156.0,126.0,1000.5333333611488,1000.6588235497475,1000.7529411911964,1000.8509804010391,2000.1411764770746,3000.043137256056,3000.5137255191803,3000.666666686535,3000.7764706015587,3001.0,183.79855346679688,191.42510986328125,196.2205352783203,199.94400024414062,203.07101440429688,206.01219177246094,208.9864959716797,212.30975952148438,217.00161743164062,346.0950012207031,238.82957,0.0,test_data/Useful/Validation/rice-at-1-ft/20241108_084837_006.jpg,1609.0,288.0,29.78048409109095
7,28.48,39.44,45.0,48.96,52.2,55.0,57.0,58.92,62.0,64.0,66.0,67.0,70.0,72.36000000000001,74.0,75.0,77.0,78.32,80.56,81.0,82.0,83.0,83.0,84.0,85.0,86.0,86.0,87.0,88.0,89.0,89.0,90.0,91.0,91.0,92.0,94.0,95.0,96.0,97.0,97.0,97.83999999999997,98.0,99.0,100.0,100.80000000000001,101.0,102.0,102.0,102.75999999999999,103.0,104.0,105.0,105.72000000000003,106.0,107.0,108.0,108.67999999999995,109.0,109.15999999999997,110.0,111.0,112.0,112.0,113.0,114.0,115.0,115.0,116.0,116.0,117.0,118.0,119.0,119.0,119.0,120.0,121.0,122.0,122.0,123.0,124.0,125.0,126.0,126.0,126.0,127.0,128.0,129.0,130.0,131.0,132.0,133.0,135.0,136.0,136.55999999999995,138.0,139.03999999999996,142.0,146.0,148.76,154.0,119.0,1000.5333333611488,1000.6588235497475,1000.7490196228027,1000.8431372642517,2000.0823529437184,3000.023529412225,3000.517647087574,3000.666666686535,3000.772549033165,3001.0,183.5635513305664,191.16779174804688,195.9406524658203,199.58994140625,202.81746673583984,205.76434326171875,208.76878356933594,212.1419647216797,216.90872192382812,346.0492248535156,238.66058,0.0,test_data/Useful/Validation/rice-at-1-ft/20241108_084837_007.jpg,1536.0,280.0,28.303000831703248
8,23.240000000000002,32.480000000000004,38.0,42.0,45.0,50.44,53.0,56.0,59.16,62.400000000000006,65.0,67.75999999999999,69.0,69.36000000000001,71.6,72.0,73.0,74.0,75.0,76.0,78.03999999999999,80.0,81.52000000000001,83.0,83.0,84.0,85.0,85.0,87.0,88.0,89.0,90.0,90.0,91.0,91.0,92.0,93.0,94.12,95.0,96.0,96.0,97.0,98.0,99.0,99.0,100.0,101.0,101.0,101.0,103.0,103.0,104.0,105.0,105.0,106.0,106.44000000000005,107.0,108.0,109.0,109.0,110.0,110.0,111.0,111.36000000000001,112.0,113.0,113.0,114.0,115.0,115.0,115.03999999999996,116.0,117.0,117.0,118.0,118.0,119.0,120.0,121.0,122.0,122.0,123.0,124.0,124.15999999999997,125.0,126.0,127.0,129.0,129.0,130.0,131.0,132.0,133.0,134.0,136.0,137.03999999999996,139.0,141.0,143.76,153.0,101.0,1000.5294117927551,1000.6549019813538,1000.745098054409,1000.839215695858,1000.9843137264252,2000.8980392217636,3000.501960813999,3000.6588235497475,3000.772549033165,3001.0,183.4174560546875,190.92617797851562,195.7779083251953,199.50193786621094,202.71810913085938,205.6847381591797,208.6874542236328,212.0545196533203,216.89817810058594,346.06878662109375,238.83665,0.0,test_data/Useful/Validation/rice-at-1-ft/20241108_084837_008.jpg,1586.0,252.0,29.719604271629986
9,30.0,40.480000000000004,45.0,50.0,55.0,57.0,58.0,60.92,62.0,63.0,64.0,65.88,68.0,69.36000000000001,71.0,72.0,74.08000000000001,75.0,76.0,78.0,80.0,80.28,82.0,83.75999999999999,84.0,85.24000000000001,86.0,87.0,88.95999999999998,89.0,90.0,91.0,92.0,93.0,94.0,95.0,96.0,97.0,98.0,98.0,99.0,100.0,101.0,102.0,102.80000000000001,103.0,103.27999999999997,104.0,105.0,106.0,106.24000000000001,107.0,108.0,109.0,109.0,110.0,110.0,111.0,111.15999999999997,112.0,113.0,113.0,114.0,114.0,115.0,115.84000000000003,116.0,117.32000000000005,118.0,119.0,119.03999999999996,120.0,120.0,121.0,122.0,122.0,123.0,123.0,124.0,125.0,126.0,126.0,127.0,127.0,128.0,129.0,130.0,130.0,131.36,132.0,133.0,135.0,136.0,136.55999999999995,138.0,140.03999999999996,142.0,144.0,146.0,159.0,109.0,1000.5294117927551,1000.6549019813538,1000.745098054409,1000.8431372642517,1001.0,2000.89411765337,3000.4941176474094,3000.6588235497475,3000.772549033165,3001.0,183.55042724609376,191.1435089111328,195.91871643066406,199.64170837402344,202.7977066040039,205.7455078125,208.7535430908203,212.1458740234375,216.94064331054688,346.0974426269531,238.23563,0.0,test_data/Useful/Validation/rice-at-1-ft/20241108_084837_009.jpg,1561.0,284.0,32.57190324892077
10,17.68,36.400000000000006,43.72,50.96,54.0,57.0,58.68000000000001,61.92,64.0,66.0,68.0,70.0,72.0,72.36000000000001,73.0,75.0,79.0,81.0,82.0,82.0,83.0,84.0,84.0,85.0,86.0,87.24000000000001,88.0,89.0,90.0,90.19999999999999,91.0,91.68,93.0,94.0,94.0,95.0,96.0,96.12,97.0,97.0,98.0,98.0,99.0,100.0,101.0,102.0,102.0,102.51999999999998,103.0,104.0,104.24000000000001,105.0,105.0,106.0,107.0,107.0,108.0,108.0,109.0,110.0,111.0,111.88,112.0,112.0,114.0,114.0,115.0,116.0,117.0,117.0,118.0,118.0,119.51999999999998,120.0,120.0,121.0,121.0,122.0,123.0,123.0,124.0,125.0,125.0,126.0,126.0,127.0,128.0,129.0,130.0,132.0,133.0,133.08000000000004,135.0,136.0,137.0,138.03999999999996,142.27999999999997,146.0,149.76,156.0,120.0,1000.5333333611488,1000.6588235497475,1000.745098054409,1000.8431372642517,2000.0470588244498,2000.8980392217636,3000.498039215803,3000.6588235497475,3000.772549033165,3001.0,183.56765747070312,191.10580444335938,195.86068725585938,199.58595581054686,202.76080322265625,205.722900390625,208.7226104736328,212.11148071289062,216.87753295898438,346.0963134765625,238.10426,0.0,test_data/Useful/Validation/rice-at-1-ft/20241108_084837_010.jpg,1512.0,253.0,27.41333014136825
11,19.0,32.480000000000004,40.44,44.0,48.0,52.0,55.68000000000001,57.92,61.0,63.0,64.64,67.0,68.12,70.36000000000001,71.0,73.84,74.08000000000001,76.0,77.56,79.0,80.03999999999999,82.28,83.0,84.0,85.0,86.0,87.0,88.0,88.0,88.0,89.0,90.0,91.0,92.0,92.0,93.0,94.0,94.0,95.0,95.0,96.0,96.0,97.0,97.0,99.0,99.0,100.27999999999997,101.0,102.0,102.0,103.0,103.48000000000002,104.0,105.0,105.20000000000005,106.0,106.0,107.91999999999996,108.0,108.39999999999998,109.0,110.0,110.0,111.0,111.0,111.84000000000003,113.0,113.0,114.0,115.0,116.0,116.27999999999997,117.51999999999998,119.0,120.0,120.0,121.0,121.72000000000003,122.96000000000004,124.0,124.0,125.0,126.0,127.0,127.0,128.0,129.0,129.0,130.0,132.0,132.84000000000003,134.08000000000004,136.0,136.55999999999995,139.0,140.0,141.0,143.03999999999996,146.76,151.0,88.0,1000.5372549295425,1000.6588235497475,1000.7490196228027,1000.8431372642517,2000.1411764770746,2000.9568627476692,3000.517647087574,3000.666666686535,3000.7686274647713,3001.0,183.04144287109375,190.66891174316407,195.45545959472656,199.16415405273438,202.36660766601562,205.364501953125,208.3755340576172,211.74066162109375,216.6551971435547,346.07696533203125,238.83862,0.0,test_data/Useful/Validation/rice-at-1-ft/20241108_084837_011.jpg,1502.0,262.0,30.049443298621785
12,18.72,34.96,39.72,43.96,47.0,49.44,52.0,55.92,58.0,60.0,63.0,66.0,66.12,68.0,71.0,72.0,73.0,75.0,76.0,77.0,79.0,80.0,81.0,82.0,82.0,83.0,84.0,85.0,86.0,87.0,87.44,88.0,89.0,89.0,90.0,91.0,92.0,93.0,94.0,95.0,95.83999999999997,96.0,96.0,97.56,98.80000000000001,99.0,99.0,100.0,100.75999999999999,101.0,102.0,103.0,103.0,104.0,104.20000000000005,105.0,105.0,106.0,106.15999999999997,107.0,108.0,109.0,109.12,110.0,111.0,111.0,112.0,112.0,113.0,113.0,114.0,114.27999999999997,115.0,116.0,117.0,118.0,119.0,119.0,120.0,120.0,121.0,121.67999999999995,122.0,123.0,124.0,124.0,125.88,126.0,128.0,129.0,130.84000000000003,131.0,132.32000000000005,134.0,135.79999999999995,137.0,141.0,142.51999999999998,145.0,152.0,120.0,1000.5372549295425,1000.6588235497475,1000.7490196228027,1000.8431372642517,2000.149019613862,2000.945098042488,3000.5215686559677,3000.666666686535,3000.7686274647713,3001.0,182.9006805419922,190.52085876464844,195.31324768066406,198.9791259765625,202.16876220703125,205.12835693359375,208.1793975830078,211.59043884277344,216.6226043701172,346.0460205078125,239.99979,0.0,test_data/Useful/Validation/rice-at-1-ft/20241108_084837_012.jpg,1480.0,281.0,34.69533326798078
13,20.240000000000002,29.44,37.0,40.0,43.400000000000006,47.0,51.0,52.0,54.16,56.0,58.0,59.0,60.120000000000005,62.0,63.0,65.0,66.0,68.0,68.56,70.0,72.0,74.0,74.52000000000001,75.0,76.0,77.0,78.48000000000002,79.0,80.0,81.0,82.0,83.0,83.92000000000002,84.0,85.0,86.0,87.0,88.0,88.0,89.0,89.0,90.0,91.0,91.0,92.0,94.0,94.0,95.0,95.0,96.0,96.0,97.0,97.0,98.0,98.20000000000005,99.0,99.67999999999995,100.0,101.0,102.0,103.0,103.0,104.0,104.0,105.0,105.0,106.08000000000004,107.32000000000005,108.0,108.0,109.0,110.0,111.0,112.0,112.0,112.24000000000001,113.0,114.0,114.0,115.0,116.0,117.0,118.0,119.0,119.0,120.0,121.0,122.0,123.0,124.0,124.84000000000003,125.0,126.0,127.55999999999995,129.0,131.0,133.0,134.0,136.76,150.0,104.0,1000.54509806633,1000.6627451181412,1000.745098054409,1000.8352941274643,1001.0,2000.9137254953384,3000.529411792755,3000.6705882549286,3000.7686274647713,3001.0,181.8665313720703,189.35842895507812,194.20814514160156,197.94845581054688,201.19920349121094,204.22605895996094,207.33985900878906,210.9561004638672,216.2799835205078,345.8890380859375,239.0018,0.0,test_data/Useful/Validation/rice-at-1-ft/20241108_084837_013.jpg,1440.0,294.0,28.59263977287303
14,21.0,29.48,37.0,41.96,45.2,47.0,49.68000000000001,52.0,55.0,57.0,58.0,59.0,61.0,62.0,63.0,64.0,65.0,66.0,67.0,67.80000000000001,68.03999999999999,70.0,71.0,72.0,73.0,73.0,73.48000000000002,74.0,75.0,76.0,77.0,78.0,79.0,80.0,81.0,82.0,83.0,83.0,84.0,84.60000000000002,85.0,86.0,86.0,87.0,88.0,89.0,89.0,89.51999999999998,90.0,91.0,92.0,92.0,93.0,93.0,94.0,95.0,95.0,96.0,97.0,98.0,98.0,100.0,100.0,101.0,101.0,102.0,103.0,103.0,104.0,105.0,105.0,106.0,106.0,107.0,108.0,109.0,109.0,110.0,110.0,111.0,111.0,112.0,113.0,113.0,113.39999999999998,115.0,116.0,117.0,119.0,121.0,122.68000000000006,123.0,124.32000000000005,126.55999999999995,128.0,130.0,132.0,133.0,137.76,152.0,73.0,1000.54509806633,1000.6588235497475,1000.7411764860153,1000.8313725590706,1000.9529411792755,2000.89411765337,3000.529411792755,3000.6705882549286,3000.7647058963776,3001.0,181.3676300048828,188.9447265625,193.75469970703125,197.5528991699219,200.84569549560547,203.90408325195312,207.0719024658203,210.73586730957032,216.27664184570312,345.87725830078125,240.14417,0.0,test_data/Useful/Validation/rice-at-1-ft/20241108_084837_014.jpg,1444.0,307.0,28.823097805708834
15,12.24,21.96,29.72,35.92,38.0,40.44,43.0,44.0,46.31999999999999,50.0,52.0,54.0,56.0,58.0,60.0,61.0,61.0,62.31999999999999,64.0,65.0,66.0,66.28,67.0,68.75999999999999,69.0,70.0,71.0,72.0,73.0,74.19999999999999,76.0,77.0,78.0,79.0,79.0,80.0,81.0,82.0,82.36000000000001,83.0,84.0,86.0,86.0,87.0,88.0,88.0,89.0,89.51999999999998,90.0,91.0,91.0,92.0,93.0,93.0,94.0,94.0,95.0,95.0,95.15999999999997,97.0,97.0,98.0,99.0,100.0,100.0,101.0,102.0,103.0,103.0,104.0,104.03999999999996,105.0,105.51999999999998,107.0,108.0,108.0,109.0,110.0,110.0,111.0,112.0,113.67999999999995,114.91999999999996,116.0,117.0,118.0,119.0,120.0,121.36000000000001,122.60000000000002,123.0,124.0,125.0,127.0,129.0,130.03999999999996,132.0,134.0,139.76,144.0,95.0,1000.5411764979362,1000.6549019813538,1000.7333333492279,1000.8235294222832,1000.9294117689133,2000.866666674614,3000.5137255191803,3000.666666686535,3000.7647058963776,3001.0,181.34627685546874,189.03661193847657,193.85638427734375,197.58441162109375,200.8441925048828,203.92364196777345,207.09048309326172,210.7332763671875,216.291748046875,345.81903076171875,238.7135,0.0,test_data/Useful/Validation/rice-at-1-ft/20241108_084837_015.jpg,1526.0,321.0,32.45000099744958
16,15.48,27.48,32.0,36.96,39.0,42.0,45.0,47.0,50.0,52.0,55.0,56.0,57.120000000000005,58.0,59.0,60.0,61.0,62.0,63.56,65.80000000000001,66.0,67.0,68.0,68.0,68.0,70.0,71.0,71.0,72.0,74.0,75.0,76.0,76.0,77.0,78.0,79.0,79.88,80.12,81.0,82.0,82.83999999999997,83.0,84.0,84.0,85.0,86.0,86.0,87.0,88.0,88.0,89.0,89.0,90.0,91.0,92.0,93.0,94.0,94.0,95.0,96.0,96.0,97.0,97.0,97.36000000000001,98.0,99.0,99.0,100.0,101.0,101.0,101.03999999999996,102.0,103.0,104.0,104.0,105.0,106.0,106.0,107.0,108.0,108.0,109.0,110.0,111.0,112.0,113.0,115.0,116.0,116.0,118.0,120.0,121.0,123.0,124.0,126.79999999999995,128.03999999999996,130.0,132.0,135.76,146.0,97.0,1000.5411764979362,1000.6549019813538,1000.7333333492279,1000.8274509906769,1000.9411764740944,2000.8627451062202,3000.5137255191803,3000.666666686535,3000.7647058963776,3001.0,181.41573486328124,188.97874450683594,193.8050765991211,197.55379638671874,200.76980590820312,203.83944702148438,207.0467529296875,210.71142578125,216.26931762695312,345.834716796875,237.97697,0.0,test_data/Useful/Validation/rice-at-1-ft/20241108_084837_016.jpg,1533.0,331.0,30.229125876607693
17,26.0,30.0,32.0,37.96,40.0,43.0,45.0,47.0,51.0,53.400000000000006,55.0,56.0,57.0,58.360000000000014,60.0,61.0,62.0,63.0,64.0,65.0,66.03999999999999,68.0,68.0,69.0,70.0,72.0,72.0,73.0,74.0,75.0,76.0,77.0,78.0,79.0,79.0,80.0,81.0,82.0,83.0,83.0,83.0,84.0,85.0,85.0,86.0,86.0,87.0,87.0,88.0,89.0,89.0,90.0,90.0,91.0,91.20000000000005,92.0,93.0,93.0,94.0,95.0,95.0,96.0,96.12,97.36000000000001,98.0,99.0,100.0,101.0,101.55999999999995,102.0,103.0,104.0,104.0,105.0,106.0,107.0,108.0,109.0,109.0,110.0,110.0,111.0,112.0,113.0,114.0,114.0,115.0,116.0,117.0,118.60000000000002,119.0,120.0,122.0,123.55999999999995,125.0,127.0,128.27999999999997,131.0,138.03999999999996,147.0,83.0,1000.5411764979362,1000.6549019813538,1000.7333333492279,1000.8235294222832,1000.9294117689133,2000.8588235378265,3000.5137255191803,3000.662745118141,3000.7647058963776,3001.0,181.01939697265624,188.65097045898438,193.47012481689453,197.27808837890626,200.5880355834961,203.7285888671875,206.9048309326172,210.63350830078124,216.36566009521485,345.8378601074219,239.46414,0.0,test_data/Useful/Validation/rice-at-1-ft/20241108_084837_017.jpg,1436.0,312.0,29.69972067367332
18,22.48,28.48,37.0,40.0,43.0,45.0,47.0,49.0,51.16,53.0,55.0,56.0,59.0,59.360000000000014,61.0,62.84,65.08000000000001,66.0,67.0,67.80000000000001,69.0,71.0,72.0,72.0,73.0,74.0,75.0,76.0,76.0,77.0,78.0,79.68,80.0,81.0,82.0,83.0,83.0,83.12,84.0,85.0,85.0,86.0,87.0,87.56,88.0,89.0,89.0,90.0,91.0,92.0,92.0,93.0,93.0,93.96000000000004,95.0,95.0,96.0,97.0,98.0,99.0,99.0,100.0,101.0,101.0,102.0,103.0,104.0,104.0,105.0,105.79999999999995,107.0,107.0,107.0,109.0,110.0,110.0,111.0,112.0,113.0,114.0,115.0,116.0,117.0,118.0,119.0,120.0,121.0,122.0,123.0,124.0,125.0,126.08000000000004,128.0,129.55999999999995,131.79999999999995,133.0,135.27999999999997,137.51999999999998,141.0,156.0,107.0,1000.5411764979362,1000.6549019813538,1000.7333333492279,1000.8235294222832,1000.9215686321259,2000.8627451062202,3000.5137255191803,3000.666666686535,3000.7647058963776,3001.0,181.5041259765625,189.06045532226562,193.8467254638672,197.61013793945312,200.8727264404297,203.95770263671875,207.12799072265625,210.76461791992188,216.281982421875,345.83245849609375,240.03574,0.0,test_data/Useful/Validation/rice-at-1-ft/20241108_084837_018.jpg,1397.0,300.0,34.87127135758165
19,24.240000000000002,30.48,32.72,37.96,40.0,44.879999999999995,46.68000000000001,49.92,51.0,53.0,54.64,56.0,57.120000000000005,58.360000000000014,60.0,61.0,63.08000000000001,65.0,65.0,66.0,67.0,68.0,69.0,70.0,71.0,71.24000000000001,72.0,73.0,74.0,75.0,76.0,77.0,78.0,78.0,79.0,80.0,80.0,81.0,81.0,82.0,84.0,85.0,85.32,86.0,87.0,87.0,88.27999999999997,89.0,90.0,90.0,91.0,92.0,93.0,93.96000000000004,94.0,95.0,95.0,96.0,97.0,97.0,97.0,98.0,99.0,99.36000000000001,100.0,101.0,101.0,102.0,102.0,103.0,103.0,104.0,104.0,104.0,105.0,106.0,107.0,108.0,109.0,110.0,110.0,111.0,111.0,112.0,113.0,114.0,115.0,115.0,116.0,116.60000000000002,118.84000000000003,121.0,122.0,124.0,126.0,127.0,129.0,131.51999999999998,135.76,143.0,104.0,1000.5411764979362,1000.65098041296,1000.7294117808342,1000.8196078538895,1000.9098039269447,2000.8509804010391,3000.505882382393,3000.662745118141,3000.7647058963776,3001.0,181.2354949951172,188.8347198486328,193.6561737060547,197.46124267578125,200.7388916015625,203.83743286132812,207.02735900878906,210.67811584472656,216.181884765625,345.79144287109375,240.38577,0.0,test_data/Useful/Validation/rice-at-1-ft/20241108_084837_019.jpg,1408.0,331.0,25.99037505552583
20,11.48,18.48,26.439999999999998,30.96,33.0,35.0,38.68000000000001,40.92,42.16,45.400000000000006,46.64,48.0,49.120000000000005,51.0,52.0,53.0,54.0,55.0,56.56,57.80000000000001,58.0,59.0,60.0,61.0,62.0,63.0,64.48000000000002,65.0,67.0,68.0,69.0,70.0,72.0,74.0,75.0,75.63999999999999,76.88,77.0,78.0,79.0,79.0,80.0,80.0,81.0,82.0,82.0,83.0,83.0,84.0,84.0,85.0,86.0,86.0,87.0,87.20000000000005,88.0,89.0,89.0,90.0,91.0,92.0,93.0,94.0,94.0,95.0,95.0,96.0,96.0,97.0,98.79999999999995,99.0,100.0,100.51999999999998,102.0,103.0,104.0,104.0,105.0,106.0,107.0,107.0,107.0,108.0,110.0,111.39999999999998,113.0,114.0,114.12,117.0,118.0,119.0,120.08000000000004,122.0,123.55999999999995,125.79999999999995,127.0,131.27999999999997,133.51999999999998,136.76,145.0,107.0,1000.5803921818733,1000.6823529601097,1000.7686274647713,1000.8627451062202,2000.1960784345865,3000.1411764770746,3000.584313750267,3000.6980392336845,3000.7921568751335,3001.0,181.13235473632812,188.64915466308594,193.5517120361328,197.3470458984375,200.5836181640625,203.68289184570312,206.86422729492188,210.53724670410156,216.14828491210938,346.0281982421875,239.90271,0.0,test_data/Useful/Validation/rice-at-1-ft/20241108_084837_050.jpg,1530.0,282.0,29.594603239706593
21,14.24,21.0,25.72,31.0,34.2,37.0,41.0,42.0,44.0,47.400000000000006,49.0,50.879999999999995,52.0,54.0,56.0,57.0,58.0,59.0,59.56,60.0,61.0,64.0,66.0,67.0,67.0,68.0,69.0,69.0,70.0,71.0,72.0,72.68,73.0,74.0,75.0,76.0,77.88,78.0,78.36000000000001,79.0,80.0,81.07999999999998,82.0,83.0,83.0,84.0,85.0,85.0,86.0,86.0,87.0,88.0,89.72000000000003,90.0,90.20000000000005,91.0,92.0,93.0,94.0,94.0,95.0,96.0,96.0,97.0,98.0,99.0,99.0,100.0,101.0,101.0,102.0,102.0,102.0,103.0,103.0,104.0,105.0,106.0,107.0,108.0,109.0,110.0,111.0,112.0,113.0,113.63999999999999,114.0,115.0,116.0,116.60000000000002,117.0,119.08000000000004,121.32000000000005,123.0,127.0,129.03999999999996,131.27999999999997,133.0,137.76,145.0,102.0,1000.584313750267,1000.6862745285034,1000.7686274647713,1000.8627451062202,2000.23137255013,3000.1568627506495,3000.5882353186607,3000.6980392336845,3000.7921568751335,3001.0,180.9437973022461,188.57022094726562,193.3531036376953,197.1514129638672,200.4662628173828,203.56187744140624,206.74637451171876,210.49142456054688,216.19595336914062,346.0293273925781,241.15991,0.0,test_data/Useful/Validation/rice-at-1-ft/20241108_084837_051.jpg,1510.0,297.0,28.564977964025214
22,19.240000000000002,28.0,32.44,36.96,39.0,41.44,43.0,44.92,47.0,50.0,51.64,54.75999999999999,56.0,57.360000000000014,58.599999999999994,60.0,61.0,63.0,64.0,65.0,66.0,67.0,68.52000000000001,70.0,71.0,71.24000000000001,72.0,73.0,74.0,76.0,77.0,77.0,78.0,79.0,79.39999999999998,80.0,81.0,81.12,82.0,83.0,84.0,84.0,85.0,86.0,87.0,88.0,88.0,89.0,89.0,90.0,90.24000000000001,92.0,93.0,94.0,94.0,95.0,96.0,96.0,97.0,98.0,98.0,99.0,100.0,100.0,100.0,101.0,102.0,102.0,103.0,104.0,105.0,105.27999999999997,106.0,107.0,108.0,109.0,109.0,109.0,110.0,111.0,113.0,113.0,114.0,114.0,115.0,116.0,116.0,118.0,118.0,119.0,120.0,121.0,123.0,124.0,127.0,128.03999999999996,130.0,134.0,140.0,150.0,100.0,1000.584313750267,1000.6862745285034,1000.7686274647713,1000.8627451062202,2000.258823543787,3000.1725490242243,3000.5882353186607,3000.6980392336845,3000.7921568751335,3001.0,181.01051330566406,188.66040649414063,193.48604736328124,197.34324645996094,200.6499252319336,203.72557373046874,206.90719451904297,210.60562133789062,216.2235107421875,346.06268310546875,240.07362,0.0,test_data/Useful/Validation/rice-at-1-ft/20241108_084837_052.jpg,1426.0,283.0,25.215074916983273
23,21.0,25.44,31.439999999999998,33.0,38.2,40.0,46.360000000000014,49.92,52.0,54.400000000000006,56.64,58.879999999999995,59.0,60.360000000000014,62.599999999999994,64.84,65.0,67.0,68.56,70.80000000000001,71.0,71.28,72.0,73.0,74.0,74.0,75.0,75.72000000000003,76.0,77.0,78.0,79.0,80.0,81.0,81.0,82.0,82.0,83.0,84.0,85.0,86.0,86.0,87.0,88.0,88.0,89.0,90.0,91.0,92.0,93.0,93.0,94.0,94.0,94.0,95.0,95.0,96.0,96.0,97.0,98.0,98.0,99.0,100.0,100.0,101.0,101.84000000000003,103.0,103.0,104.0,104.0,105.0,106.0,107.0,107.75999999999999,108.0,109.0,109.48000000000002,110.0,111.0,111.0,112.0,113.0,113.91999999999996,115.0,115.0,116.0,117.0,117.0,118.36000000000001,119.0,120.0,121.0,121.0,122.0,124.0,128.0,130.0,133.03999999999996,135.76,148.0,94.0,1000.584313750267,1000.6862745285034,1000.7686274647713,1000.8627451062202,2000.1921568661928,3000.1294117718935,3000.5803921818733,3000.694117665291,3000.7921568751335,3001.0,181.29869842529297,188.98516540527345,193.78521728515625,197.54042053222656,200.7964324951172,203.83843994140625,207.0076110839844,210.64291381835938,216.085205078125,346.103759765625,241.10501,0.0,test_data/Useful/Validation/rice-at-1-ft/20241108_084837_053.jpg,1456.0,284.0,27.393122042926247
24,21.0,31.96,35.72,38.96,45.0,47.0,50.0,51.92,53.0,55.0,56.64,58.0,60.0,61.360000000000014,63.0,64.84,65.08000000000001,66.0,67.0,68.0,68.03999999999999,69.0,71.0,72.0,72.0,73.0,73.48000000000002,74.0,75.0,76.0,76.0,77.0,77.0,78.16000000000003,80.0,80.0,81.0,82.0,83.0,84.0,85.0,85.0,86.0,87.0,88.0,89.0,89.27999999999997,90.0,91.0,92.0,92.0,93.0,93.0,94.0,95.0,96.0,97.0,98.0,99.0,100.0,100.63999999999999,101.0,102.0,103.0,103.0,103.0,104.0,104.32000000000005,105.0,106.0,106.0,107.0,108.0,108.0,109.0,110.0,110.0,111.0,112.0,112.20000000000005,113.0,114.0,114.0,115.15999999999997,116.0,117.0,118.0,119.0,120.0,122.0,122.84000000000003,125.0,126.0,127.0,127.79999999999995,130.0,133.27999999999997,137.51999999999998,141.76,155.0,103.0,1000.584313750267,1000.6862745285034,1000.7686274647713,1000.8627451062202,2000.2000000029802,3000.1215686276555,3000.5764706134796,3000.694117665291,3000.7921568751335,3001.0,181.4767608642578,189.05609130859375,193.80145263671875,197.56796264648438,200.83203125,203.89553833007812,207.07064819335938,210.72796325683595,216.13937377929688,346.0937194824219,240.02731,0.0,test_data/Useful/Validation/rice-at-1-ft/20241108_084837_054.jpg,1427.0,301.0,29.901831456320167
25,20.0,25.48,28.72,32.0,38.400000000000006,45.44,48.0,50.0,52.0,53.400000000000006,54.0,56.0,58.0,59.0,60.0,61.0,62.08000000000001,64.0,65.0,66.0,67.0,68.0,69.0,70.0,72.0,73.0,74.0,75.0,76.0,77.0,77.0,78.0,78.0,79.16000000000003,80.0,81.0,82.88,83.0,83.0,84.0,84.83999999999997,86.0,87.32,88.0,88.80000000000001,89.0,90.0,90.0,91.0,91.0,92.0,93.0,93.0,94.0,94.0,95.0,95.0,95.0,96.0,97.0,98.0,99.0,99.0,99.36000000000001,100.0,101.0,101.08000000000004,102.0,102.0,103.0,104.0,105.0,105.0,106.0,106.0,107.0,108.0,109.0,109.0,110.0,111.0,112.0,113.0,114.0,114.39999999999998,115.0,116.0,116.0,117.0,118.0,119.0,121.0,122.0,123.0,125.0,127.07999999999993,131.27999999999997,134.0,137.76,152.0,99.0,1000.5803921818733,1000.6862745285034,1000.7647058963776,1000.8588235378265,1001.0,2000.9803921580315,3000.568627476692,3000.694117665291,3000.7921568751335,3001.0,181.2948760986328,188.94391784667968,193.78553771972656,197.55743408203125,200.78207397460938,203.8491668701172,207.03936767578125,210.70611572265625,216.22872924804688,346.0906677246094,241.43655,0.0,test_data/Useful/Validation/rice-at-1-ft/20241108_084837_055.jpg,1539.0,324.0,25.417705477206354
26,22.240000000000002,33.480000000000004,37.0,40.96,44.2,49.0,50.68000000000001,53.0,54.16,57.0,59.0,61.0,63.120000000000005,65.0,66.6,67.0,68.0,69.32,70.0,71.0,72.0,72.0,73.0,74.0,74.0,75.0,76.48000000000002,77.0,77.0,79.0,79.44,80.0,81.0,81.0,82.0,83.0,85.0,86.0,86.0,87.0,87.0,88.0,89.0,89.56,90.0,90.04000000000002,91.27999999999997,92.0,93.0,94.0,94.24000000000001,95.0,96.0,97.0,97.0,98.0,98.67999999999995,99.0,100.0,100.39999999999998,101.0,101.0,102.0,102.0,103.0,104.0,105.0,105.0,106.0,107.0,108.0,108.27999999999997,109.0,110.0,111.0,111.0,112.0,112.72000000000003,113.0,114.0,114.44000000000005,115.0,116.0,117.0,117.39999999999998,118.0,119.0,120.0,120.0,121.0,122.0,123.0,124.0,125.0,126.79999999999995,129.0,130.0,131.51999999999998,135.0,141.0,101.0,1000.5803921818733,1000.6823529601097,1000.7647058963776,1000.8549019694328,1001.0,2000.9254902005196,3000.5647059082985,3000.690196096897,3000.78823530674,3001.0,181.4853057861328,189.1549530029297,193.96002502441405,197.63238525390625,200.95003509521484,204.02608642578124,207.16637725830077,210.75209045410156,216.19943237304688,346.11016845703125,241.4138,0.0,test_data/Useful/Validation/rice-at-1-ft/20241108_084837_056.jpg,1432.0,302.0,29.626205791850396
27,18.48,26.0,31.72,36.96,43.0,45.44,48.68000000000001,50.0,51.0,53.0,55.0,56.879999999999995,59.0,60.360000000000014,62.599999999999994,64.84,67.0,67.32,68.56,69.0,70.0,71.0,72.0,73.0,74.0,75.0,76.0,77.0,78.0,78.0,79.0,80.0,81.0,82.0,83.0,84.0,84.0,85.0,86.0,87.0,88.0,89.0,89.32,90.0,91.0,91.0,92.0,92.51999999999998,93.0,94.0,95.0,95.0,96.0,97.0,97.0,98.0,98.0,99.0,99.0,100.0,100.0,101.0,101.0,102.0,103.0,104.0,105.0,105.0,106.0,106.0,107.0,108.0,109.0,109.75999999999999,110.0,110.0,111.0,112.0,112.0,112.0,114.0,114.0,115.0,116.0,117.0,118.0,119.0,120.0,120.36000000000001,122.0,124.0,125.0,127.0,128.55999999999995,130.79999999999995,131.0,135.0,138.51999999999998,141.76,150.0,112.0,1000.5647059082985,1000.6705882549286,1000.7529411911964,1000.8431372642517,1000.972549021244,2000.8823529481888,3000.5411764979362,3000.678431391716,3000.7764706015587,3001.0,181.68283081054688,189.36748046875,194.1561080932617,197.881689453125,201.0792236328125,204.15541076660156,207.26617431640625,210.85877990722656,216.23641967773438,346.16729736328125,240.16913,0.0,test_data/Useful/Validation/rice-at-1-ft/20241108_084837_057.jpg,1501.0,281.0,29.21415251828783
28,25.240000000000002,31.96,35.72,38.96,43.2,46.0,49.360000000000014,51.0,54.0,55.0,56.0,58.0,59.0,60.360000000000014,62.0,63.0,65.0,66.0,67.0,67.80000000000001,68.0,69.0,70.0,71.0,72.0,73.0,74.0,76.0,76.95999999999998,78.0,78.0,79.0,80.92000000000002,81.0,82.0,82.63999999999999,83.0,84.0,86.0,86.0,87.0,88.0,88.0,89.0,90.80000000000001,91.0,92.0,92.0,93.0,93.0,94.0,94.48000000000002,95.0,96.0,96.0,97.0,97.67999999999995,98.0,99.0,99.0,100.0,100.0,101.0,102.0,103.0,104.0,105.0,106.0,106.0,108.0,108.0,109.0,110.0,110.0,111.0,112.0,113.0,113.72000000000003,115.0,115.20000000000005,117.0,117.0,118.0,119.0,120.0,120.0,121.0,122.0,123.0,123.0,124.0,125.0,126.0,128.0,129.79999999999995,131.0,132.27999999999997,134.0,138.0,151.0,96.0,1000.5568627715111,1000.6627451181412,1000.7411764860153,1000.8313725590706,1000.9529411792755,2000.8627451062202,3000.5254902243614,3000.666666686535,3000.7647058963776,3001.0,181.6972442626953,189.2976531982422,194.11920471191405,197.832275390625,201.02706909179688,204.06057739257812,207.2083740234375,210.84744262695312,216.1849822998047,346.197509765625,241.27243,0.0,test_data/Useful/Validation/rice-at-1-ft/20241108_084837_058.jpg,1432.0,290.0,32.986053620280885
29,23.240000000000002,27.0,36.72,41.0,46.2,48.44,50.0,52.92,54.16,56.400000000000006,58.0,60.0,61.0,63.0,64.6,66.0,66.08000000000001,68.0,69.0,69.0,71.0,72.0,73.52000000000001,74.0,75.0,76.0,77.0,78.0,79.0,80.0,80.0,81.0,82.0,83.0,84.0,84.63999999999999,85.0,86.12,87.0,88.0,88.0,89.0,90.0,90.0,91.0,92.0,92.0,93.0,93.75999999999999,94.0,95.0,95.48000000000002,96.0,97.0,98.0,99.0,99.0,100.0,100.15999999999997,102.0,102.0,102.0,103.0,104.0,104.0,105.0,105.0,106.0,107.0,107.0,108.0,109.0,109.0,110.0,111.0,111.24000000000001,112.0,113.0,113.0,114.0,114.44000000000005,115.0,116.0,117.0,118.0,118.0,119.0,119.12,120.0,121.0,121.84000000000003,123.0,125.0,126.0,128.79999999999995,131.0,133.27999999999997,135.0,137.0,151.0,102.0,1000.5490196347237,1000.6588235497475,1000.7333333492279,1000.8235294222832,1000.9450980424881,2000.8549019694328,3000.517647087574,3000.6588235497475,3000.75686275959,3001.0,181.56630249023436,189.17344665527344,194.008740234375,197.7733612060547,201.02618408203125,204.08155822753906,207.15736389160156,210.78504943847656,216.17343139648438,346.208740234375,241.23569,0.0,test_data/Useful/Validation/rice-at-1-ft/20241108_084837_059.jpg,1561.0,307.0,30.952630057362644
30,23.200000000000003,32.480000000000004,36.0,41.0,45.0,45.0,47.68000000000001,49.92,53.16,54.80000000000001,57.64,59.879999999999995,61.0,63.0,65.0,65.84,68.0,69.0,70.0,71.0,73.0,73.28,74.0,76.0,77.0,78.0,78.0,79.0,80.95999999999998,82.0,82.0,83.0,84.0,85.0,86.0,86.0,87.0,88.0,88.0,88.60000000000002,89.0,90.0,91.0,92.0,92.0,93.0,93.0,94.0,94.75999999999999,95.0,96.0,97.0,98.0,98.0,98.0,99.0,100.0,100.91999999999996,101.0,102.0,103.0,103.0,104.0,105.0,106.0,106.0,107.0,108.0,108.0,109.0,109.0,110.0,110.51999999999998,111.0,112.0,112.0,114.0,114.0,115.0,116.0,117.0,117.0,118.0,118.15999999999997,119.0,120.0,121.0,122.12,123.0,124.0,125.84000000000003,126.0,127.0,128.0,129.0,131.0,133.27999999999997,137.51999999999998,142.51999999999998,161.0,88.0,1000.5411764979362,1000.65098041296,1000.7254902124405,1000.8156862854958,1000.9294117689133,2000.8274509906769,3000.501960813999,3000.65098041296,3000.7490196228027,3001.0,181.74567413330078,189.26449584960938,194.09746856689452,197.81856079101564,201.0831298828125,204.1116180419922,207.2061004638672,210.80111694335938,216.25457763671875,346.2043762207031,239.6029,0.0,test_data/Useful/Validation/rice-at-1-ft/20241108_084837_060.jpg,1497.0,299.0,29.88521866763225
31,26.240000000000002,35.96,43.44,46.96,51.0,53.44,55.0,56.0,58.16,60.0,61.0,62.879999999999995,64.12,66.0,68.0,70.0,71.08000000000001,74.0,74.0,75.0,76.0,77.0,78.0,79.0,80.0,80.0,81.0,82.0,83.0,83.0,84.0,85.0,85.0,86.0,87.0,88.0,88.0,89.0,90.0,90.60000000000002,91.0,92.0,93.0,94.0,94.0,95.0,96.0,96.0,97.0,97.0,98.0,98.0,99.0,100.0,100.20000000000005,101.0,102.0,102.0,103.0,104.0,104.0,104.88,105.0,106.0,106.0,107.0,108.0,108.0,109.0,109.0,110.0,110.27999999999997,111.0,111.0,112.0,113.0,113.0,114.0,115.0,116.0,117.0,117.0,118.0,119.15999999999997,120.0,120.0,121.0,122.0,123.0,123.60000000000002,125.0,126.0,127.0,128.55999999999995,130.79999999999995,132.0,133.27999999999997,135.0,137.0,147.0,111.0,1000.54509806633,1000.6549019813538,1000.7294117808342,1000.8196078538895,1000.9450980424881,2000.8509804010391,3000.5098039507866,3000.6549019813538,3000.7529411911964,3001.0,181.81520080566406,189.44683837890625,194.24688720703125,197.96721801757812,201.18585968017578,204.23871459960938,207.3546600341797,210.86843872070312,216.2503204345703,346.23480224609375,239.40512,0.0,test_data/Useful/Validation/rice-at-1-ft/20241108_084837_061.jpg,1447.0,285.0,29.795406057836082
32,30.0,33.0,41.0,43.0,47.2,49.0,52.0,56.0,58.0,59.400000000000006,62.0,63.0,64.0,65.36000000000001,67.0,67.0,69.0,70.0,70.0,71.0,73.0,74.0,75.0,76.75999999999999,77.0,78.0,79.0,79.72000000000003,81.0,82.0,82.0,83.68,84.0,85.0,86.0,87.0,87.0,89.0,89.0,90.60000000000002,92.0,92.0,93.0,93.0,94.0,95.0,95.0,96.0,97.0,97.0,98.0,98.0,98.0,99.0,99.0,100.0,101.0,101.0,102.0,102.0,103.0,104.0,104.0,105.0,106.0,106.0,107.0,108.0,108.0,109.0,109.0,110.0,110.51999999999998,111.0,111.0,113.0,113.0,114.0,115.0,116.0,117.44000000000005,118.0,118.0,119.15999999999997,120.0,120.0,121.0,122.0,122.0,123.60000000000002,124.0,125.0,127.0,128.55999999999995,129.79999999999995,131.03999999999996,133.27999999999997,136.0,141.03999999999996,154.0,98.0,1000.54509806633,1000.65098041296,1000.7294117808342,1000.8196078538895,1000.9411764740944,2000.8431372642517,3000.505882382393,3000.65098041296,3000.7529411911964,3001.0,181.96722564697265,189.50690612792968,194.31552124023438,198.039794921875,201.3022003173828,204.30850219726562,207.45245361328125,211.04037475585938,216.35940551757812,346.2166748046875,238.81097,0.0,test_data/Useful/Validation/rice-at-1-ft/20241108_084837_062.jpg,1508.0,297.0,28.673172495396525
33,22.240000000000002,28.96,39.0,40.96,44.0,48.44,51.0,53.92,56.0,58.0,61.64,65.0,67.0,68.0,69.0,71.0,72.0,73.32,76.0,76.80000000000001,78.0,78.28,79.52000000000001,81.0,81.0,82.0,83.0,83.0,84.0,85.0,86.0,86.0,87.0,88.0,88.0,89.0,90.0,91.0,91.0,92.60000000000002,93.0,94.0,95.0,95.0,96.0,96.0,97.0,97.0,98.0,99.0,99.0,100.0,100.0,101.0,102.0,103.0,103.0,104.0,104.15999999999997,105.0,106.0,106.0,106.0,107.0,107.0,108.0,108.0,109.0,109.0,110.0,110.0,111.0,112.0,112.75999999999999,113.0,114.0,115.0,115.72000000000003,117.0,118.0,118.0,119.0,119.0,120.0,121.0,121.63999999999999,123.0,124.0,125.0,126.0,127.0,128.0,129.0,130.0,131.0,133.03999999999996,135.0,139.0,141.76,149.0,106.0,1000.5490196347237,1000.65098041296,1000.7294117808342,1000.8196078538895,1000.933333337307,2000.8313725590706,3000.501960813999,3000.65098041296,3000.7490196228027,3001.0,181.78225708007812,189.4023651123047,194.2744567871094,198.02540588378906,201.27881622314453,204.29721069335938,207.3786163330078,210.95016479492188,216.30740356445312,346.21661376953125,238.82292,0.0,test_data/Useful/Validation/rice-at-1-ft/20241108_084837_063.jpg,1457.0,270.0,28.562109691248544
34,22.44,33.0,37.0,41.0,47.0,50.44,53.0,54.92,56.0,59.0,61.0,62.0,64.0,64.0,66.0,66.0,67.0,69.0,70.0,71.0,72.0,74.0,74.0,75.0,76.0,77.0,79.0,80.0,80.0,81.0,81.0,82.0,82.0,84.0,85.0,85.0,85.88,87.0,87.0,88.0,88.83999999999997,89.0,90.0,90.56,92.0,93.0,93.0,94.0,94.0,94.0,95.0,95.0,96.0,96.0,97.0,97.44000000000005,98.0,99.0,100.0,101.0,101.63999999999999,102.0,103.0,103.36000000000001,105.0,105.84000000000003,107.0,107.0,108.0,108.0,109.0,110.0,110.0,110.75999999999999,111.0,111.24000000000001,112.0,113.0,114.0,115.0,117.0,117.0,118.0,119.15999999999997,120.0,121.0,122.0,122.12,123.0,125.0,127.0,128.0,130.0,131.0,133.5999999999999,135.0,136.0,138.51999999999998,143.0,149.0,94.0,1000.5490196347237,1000.6549019813538,1000.7333333492279,1000.8196078538895,1000.9372549057007,2000.839215695858,3000.501960813999,3000.65098041296,3000.7529411911964,3001.0,181.88906555175782,189.4082489013672,194.30462646484375,198.0010986328125,201.23583984375,204.2687225341797,207.39076232910156,210.9768859863281,216.27938842773438,346.20306396484375,239.52751,0.0,test_data/Useful/Validation/rice-at-1-ft/20241108_084837_064.jpg,1481.0,292.0,30.15454373399343
35,16.200000000000003,28.48,33.0,40.0,44.0,47.0,49.68000000000001,52.0,53.0,55.400000000000006,57.64,60.0,62.120000000000005,65.0,66.0,67.0,67.0,68.0,69.56,70.0,71.0,72.0,73.0,74.0,76.0,76.0,77.0,78.0,79.0,80.0,80.0,81.0,82.0,83.0,84.0,84.0,85.0,85.12,86.0,87.0,88.0,88.07999999999998,89.0,90.0,91.0,92.0,92.27999999999997,93.0,94.0,95.0,95.24000000000001,96.0,97.0,98.0,98.0,99.0,100.0,101.0,102.0,102.0,103.0,103.0,104.0,105.0,105.0,106.0,107.0,108.0,108.0,110.0,111.0,111.0,112.0,112.0,113.0,113.0,114.0,114.72000000000003,115.0,116.20000000000005,117.0,118.0,119.0,119.0,120.0,121.0,122.0,122.0,124.0,125.0,126.0,126.0,127.0,128.0,129.0,131.0,133.0,135.51999999999998,141.51999999999998,147.0,84.0,1000.5490196347237,1000.6549019813538,1000.7294117808342,1000.8196078538895,1000.9372549057007,2000.8431372642517,3000.505882382393,3000.6549019813538,3000.7490196228027,3001.0,181.71918029785155,189.34320983886718,194.15710906982423,197.84569396972657,201.05399322509766,204.18584594726562,207.30763549804686,210.89242553710938,216.30662536621094,346.1871643066406,240.05289,0.0,test_data/Useful/Validation/rice-at-1-ft/20241108_084837_065.jpg,1496.0,295.0,27.075260119996415
36,17.48,24.96,32.0,35.0,39.0,43.44,47.68000000000001,49.0,52.0,54.400000000000006,57.0,59.0,60.0,62.0,64.6,66.84,68.0,69.0,70.0,71.0,72.0,73.0,74.0,75.0,76.0,76.24000000000001,78.0,78.0,79.0,80.0,81.0,82.0,83.0,83.16000000000003,84.0,85.0,85.0,86.0,87.0,87.60000000000002,88.83999999999997,89.0,89.32,90.0,90.80000000000001,91.0,92.0,93.0,93.75999999999999,94.0,95.0,96.0,96.72000000000003,97.0,97.0,98.0,99.0,99.0,100.0,100.39999999999998,101.0,102.0,102.0,103.0,104.0,105.0,105.0,106.0,107.0,108.0,109.0,110.0,110.0,111.0,112.0,112.24000000000001,113.0,114.0,115.0,116.0,117.0,117.0,118.0,119.0,120.0,120.63999999999999,121.0,122.0,123.0,123.0,123.0,124.08000000000004,126.0,127.55999999999995,129.0,131.0,132.0,135.0,138.76,150.0,97.0,1000.5529412031174,1000.6588235497475,1000.7333333492279,1000.8235294222832,1000.9529411792755,2000.8549019694328,3000.517647087574,3000.6549019813538,3000.7529411911964,3001.0,181.5110626220703,189.0553955078125,193.8340301513672,197.59483337402344,200.83277893066406,203.96347045898438,207.1514892578125,210.74240112304688,216.25018310546875,346.1817932128906,240.21608,0.0,test_data/Useful/Validation/rice-at-1-ft/20241108_084837_066.jpg,1453.0,321.0,25.70045769012367
37,17.0,26.48,31.439999999999998,37.0,41.0,44.0,48.0,50.0,53.16,55.400000000000006,57.0,58.879999999999995,61.0,62.0,63.599999999999994,65.0,66.0,67.0,68.0,69.0,70.0,71.0,72.0,74.0,75.0,75.24000000000001,76.0,76.72000000000003,77.0,78.0,78.44,80.0,81.0,82.0,83.0,84.0,84.88,85.0,86.0,87.0,87.0,88.0,89.0,90.0,90.0,91.0,91.27999999999997,92.51999999999998,93.0,94.0,95.0,95.48000000000002,96.0,97.0,98.0,98.0,98.67999999999995,99.91999999999996,100.15999999999997,101.0,101.63999999999999,102.0,103.0,104.0,104.0,105.0,105.0,106.0,107.0,108.0,108.0,109.0,110.0,111.0,111.0,112.0,113.0,114.0,115.0,115.0,116.0,116.0,117.0,117.0,119.0,120.0,120.0,121.0,122.36000000000001,123.0,124.0,125.0,127.0,128.0,129.0,132.0,133.0,134.51999999999998,138.0,145.0,98.0,1000.5568627715111,1000.6588235497475,1000.7372549176216,1000.8274509906769,1000.9647058844566,2000.9019607901573,3000.533333361149,3000.662745118141,3000.7529411911964,3001.0,181.32318878173828,188.95397338867187,193.81300506591796,197.6065643310547,200.88778686523438,203.9473114013672,207.11080932617188,210.78042602539062,216.2723388671875,346.15753173828125,242.00768,0.0,test_data/Useful/Validation/rice-at-1-ft/20241108_084837_067.jpg,1473.0,304.0,28.92294105696951
38,18.240000000000002,22.0,30.72,37.92,40.2,44.0,46.68000000000001,48.92,51.0,52.400000000000006,54.0,57.0,58.0,59.0,60.599999999999994,62.0,64.0,65.0,66.0,67.0,69.0,70.0,71.0,72.0,73.0,74.0,75.0,76.0,77.0,78.0,78.0,79.0,79.92000000000002,80.0,82.0,82.0,83.0,84.0,85.0,86.0,87.0,88.0,89.0,90.0,90.0,90.0,92.0,92.0,93.0,93.0,94.0,95.0,95.0,96.0,96.0,97.0,98.0,98.0,99.0,100.0,100.0,101.0,101.0,102.0,103.0,104.0,105.0,106.0,106.0,107.0,108.0,109.0,110.0,110.0,111.0,112.0,112.0,113.0,114.0,115.0,116.0,116.0,118.0,118.0,119.0,120.0,121.0,122.0,123.0,124.60000000000002,126.0,127.0,128.32000000000005,129.0,132.0,134.0,135.0,136.51999999999998,140.76,156.0,90.0,1000.5529412031174,1000.6588235497475,1000.7333333492279,1000.8235294222832,1000.9607843160629,2000.89411765337,3000.533333361149,3000.662745118141,3000.7529411911964,3001.0,181.49771423339843,189.16885375976562,193.94790649414062,197.68069458007812,200.89986419677734,203.97619018554687,207.14645538330078,210.80865478515625,216.24673461914062,346.1833190917969,241.82266,0.0,test_data/Useful/Validation/rice-at-1-ft/20241108_084837_068.jpg,1538.0,337.0,31.36288856013627
39,21.48,30.48,34.16,37.96,41.0,43.0,46.0,50.92,52.16,55.400000000000006,57.0,60.879999999999995,62.0,62.360000000000014,64.0,66.0,66.08000000000001,68.0,68.0,69.0,71.0,71.0,73.0,73.0,74.0,75.0,76.0,77.0,78.0,79.0,79.44,80.0,81.0,82.0,83.0,83.0,84.0,85.0,85.0,86.0,87.0,88.0,89.0,89.56,91.0,91.0,92.0,92.0,93.0,93.0,94.0,94.0,95.0,96.0,96.0,97.0,97.0,97.0,98.0,99.0,100.0,101.0,101.0,102.0,102.0,103.0,104.0,104.0,105.0,105.0,106.0,107.0,107.0,108.0,108.0,109.0,109.0,111.0,111.0,112.0,113.0,114.0,115.0,115.0,116.0,117.0,117.0,118.12,120.0,120.60000000000002,123.0,125.0,127.0,129.55999999999995,131.0,132.03999999999996,134.27999999999997,136.51999999999998,141.51999999999998,149.0,97.0,1000.5647059082985,1000.6666666865349,1000.745098054409,1000.839215695858,2000.2745098173618,3000.1254902035,3000.5529412031174,3000.6705882549286,3000.760784327984,3001.0,181.7393341064453,189.40652770996093,194.18246002197264,197.853076171875,201.10163116455078,204.16844177246094,207.2754669189453,210.86414184570313,216.3203125,346.1458740234375,241.61536,0.0,test_data/Useful/Validation/rice-at-1-ft/20241108_084837_069.jpg,1490.0,286.0,27.583506011916583
40,22.240000000000002,32.0,37.0,39.0,44.0,47.44,51.0,53.92,56.0,57.0,59.0,60.0,62.0,63.0,65.0,66.0,67.0,68.0,69.0,70.0,71.0,72.0,73.0,74.0,75.0,76.0,77.48000000000002,79.0,79.95999999999998,81.0,81.0,82.0,83.0,84.0,85.0,85.63999999999999,86.0,87.0,88.0,88.0,89.0,90.0,90.0,91.0,91.0,92.0,93.0,94.0,94.0,95.0,96.0,97.0,97.0,98.0,98.0,99.0,100.0,101.0,101.0,102.0,102.0,102.88,104.0,104.0,105.0,106.0,106.0,107.0,107.0,108.79999999999995,109.0,110.0,110.0,111.0,112.0,112.24000000000001,113.0,114.0,114.0,115.0,115.0,116.0,117.0,118.0,119.0,120.0,121.0,122.0,123.36000000000001,124.0,125.0,127.08000000000004,128.32000000000005,130.0,132.0,133.0,135.0,138.51999999999998,143.0,173.0,91.0,1000.5686274766922,1000.6705882549286,1000.7529411911964,1000.8470588326454,2000.3490196168423,3000.1725490242243,3000.556862771511,3000.6705882549286,3000.760784327984,3001.0,181.7140350341797,189.19541931152344,194.0771484375,197.82654724121093,201.13214111328125,204.22799682617188,207.3756301879883,211.0496368408203,216.44395446777344,346.18780517578125,240.32086,0.0,test_data/Useful/Validation/rice-at-1-ft/20241108_084837_070.jpg,1547.0,302.0,21.91738627110566
41,22.240000000000002,27.0,29.72,38.0,41.2,46.0,47.68000000000001,50.0,52.0,54.0,56.0,57.0,59.0,60.360000000000014,62.0,63.84,65.08000000000001,67.0,68.56,70.80000000000001,71.03999999999999,73.28,75.0,76.0,77.0,77.24000000000001,78.48000000000002,80.0,80.95999999999998,81.19999999999999,82.0,83.0,84.0,85.0,85.0,86.63999999999999,87.0,88.0,89.0,89.0,90.83999999999997,91.0,92.0,92.0,92.0,94.0,94.27999999999997,95.0,96.0,96.0,96.0,97.0,97.0,98.0,98.0,98.44000000000005,99.0,100.0,100.0,101.0,101.0,102.0,103.0,103.0,103.0,104.84000000000003,105.0,107.0,107.0,108.0,108.03999999999996,109.0,110.0,110.0,111.0,112.0,113.0,113.0,113.96000000000004,114.0,116.0,116.67999999999995,117.0,118.0,119.39999999999998,121.0,122.0,123.0,124.0,125.0,126.0,126.08000000000004,127.32000000000005,129.0,131.0,134.0,135.27999999999997,138.0,142.76,156.0,96.0,1000.5725490450859,1000.6745098233223,1000.7568627595901,1000.8509804010391,2000.3725490272045,3000.203921571374,3000.5647059082985,3000.6745098233223,3000.760784327984,3001.0,181.51239013671875,189.16122436523438,193.97016143798828,197.74489135742186,201.01782989501953,204.08633728027343,207.26400756835938,210.90623474121094,216.5162811279297,346.16357421875,239.92789,0.0,test_data/Useful/Validation/rice-at-1-ft/20241108_084837_071.jpg,1452.0,295.0,31.50326560782739
42,19.240000000000002,28.48,34.0,37.0,41.0,44.0,47.68000000000001,49.92,53.0,55.0,57.0,58.0,60.0,63.0,64.0,65.0,67.0,68.32,70.56,72.0,73.0,74.0,75.0,76.0,77.0,78.0,78.0,79.72000000000003,80.0,81.0,82.0,83.0,83.0,84.0,85.0,85.0,85.88,86.12,87.0,88.0,89.0,90.0,90.0,91.0,91.0,92.0,93.0,93.0,94.0,95.0,95.0,96.0,96.0,97.0,98.20000000000005,99.0,100.0,101.0,101.0,102.0,102.0,103.0,104.0,104.0,105.0,105.0,106.0,106.0,107.0,108.0,108.0,109.0,109.51999999999998,111.0,112.0,112.0,113.0,114.0,114.96000000000004,115.0,116.0,116.67999999999995,117.0,118.0,118.39999999999998,119.0,120.0,121.0,122.36000000000001,123.0,124.0,126.08000000000004,128.0,128.0,129.79999999999995,133.0,135.27999999999997,137.0,143.76,156.0,105.0,1000.5725490450859,1000.678431391716,1000.7607843279839,1000.8549019694328,2000.3843137323856,3000.2235294133425,3000.5647059082985,3000.6745098233223,3000.760784327984,3001.0,181.47174072265625,189.18333129882814,193.99008331298828,197.75070495605468,201.01781463623047,204.08011474609376,207.2727813720703,210.96900939941406,216.44711303710938,346.17657470703125,240.58913,0.0,test_data/Useful/Validation/rice-at-1-ft/20241108_084837_072.jpg,1476.0,309.0,29.986095123715693
43,18.0,28.0,33.879999999999995,37.96,41.0,43.0,46.0,47.0,51.0,53.0,54.64,56.879999999999995,58.0,60.0,61.0,62.0,63.08000000000001,64.0,65.0,66.0,67.0,67.28,68.52000000000001,70.0,71.0,72.0,73.0,74.0,75.0,76.0,77.0,78.0,78.0,79.0,80.0,80.0,81.0,82.0,83.0,84.0,84.83999999999997,85.0,86.0,87.0,88.0,89.0,90.27999999999997,92.0,92.75999999999999,93.0,93.24000000000001,94.0,95.0,95.0,96.0,97.0,97.0,98.0,99.0,99.39999999999998,101.0,101.0,102.0,102.0,103.0,104.0,104.0,105.0,106.0,106.0,107.0,108.0,109.0,110.0,110.0,111.0,111.48000000000002,112.0,114.0,115.0,115.44000000000005,116.0,117.0,117.0,118.0,118.63999999999999,119.0,120.0,121.36000000000001,122.60000000000002,124.0,124.08000000000004,126.0,128.0,129.0,130.0,132.0,133.51999999999998,137.76,151.0,102.0,1000.5803921818733,1000.6823529601097,1000.7647058963776,1000.8588235378265,2000.4509803950787,3000.23137255013,3000.568627476692,3000.6745098233223,3000.760784327984,3001.0,181.68182373046875,189.20999145507812,194.00474548339844,197.78887939453125,201.02294921875,204.09971618652344,207.26675415039062,210.96157836914062,216.52609252929688,346.168212890625,240.47331,0.0,test_data/Useful/Validation/rice-at-1-ft/20241108_084837_073.jpg,1546.0,308.0,28.82118467921936
44,21.48,29.48,34.0,38.0,41.0,43.44,46.0,48.0,51.0,53.0,54.0,56.879999999999995,59.0,59.360000000000014,61.599999999999994,63.0,64.0,66.0,66.0,67.0,69.0,70.0,71.0,72.0,73.0,75.0,76.48000000000002,77.0,78.0,78.0,79.0,80.0,80.0,81.0,82.0,82.0,83.0,84.0,85.0,86.0,87.0,87.0,88.0,88.56,89.80000000000001,90.0,91.0,91.51999999999998,92.0,93.0,93.0,94.0,95.0,95.0,96.0,96.0,97.0,97.0,98.0,99.0,100.0,101.0,101.0,102.0,103.0,103.0,104.0,105.0,106.0,106.0,107.0,108.0,109.0,109.75999999999999,111.0,111.24000000000001,112.0,112.0,113.0,113.0,114.0,114.0,115.0,116.0,117.0,117.0,118.0,119.0,120.0,121.60000000000002,123.0,123.08000000000004,124.32000000000005,126.0,127.0,128.0,132.0,133.0,137.51999999999998,156.0,112.0,1000.5803921818733,1000.6823529601097,1000.7686274647713,1000.8627451062202,2000.4627451002598,3000.2509804069996,3000.568627476692,3000.678431391716,3000.760784327984,3001.0,181.50687103271486,189.14369201660156,193.99302368164064,197.78392944335937,201.05841064453125,204.136328125,207.28182983398438,210.91415405273438,216.41375732421875,346.19012451171875,241.07791,0.0,test_data/Useful/Validation/rice-at-1-ft/20241108_084837_074.jpg,1525.0,288.0,29.534219489288418
45,24.0,30.0,33.72,36.96,40.0,42.44,45.0,47.0,49.16,51.0,54.0,56.0,57.0,58.0,59.0,61.0,63.08000000000001,65.0,66.0,67.0,67.0,68.0,69.0,70.0,71.0,72.0,73.0,74.0,75.0,76.0,77.0,78.0,80.0,80.0,81.0,82.0,82.0,83.0,84.0,84.0,85.0,85.0,86.0,86.0,87.80000000000001,89.0,89.0,90.0,90.0,91.0,92.0,93.0,94.0,94.0,94.0,96.0,96.67999999999995,97.0,98.0,98.0,99.0,100.0,101.0,102.0,102.0,103.84000000000003,104.0,105.0,106.0,107.0,108.0,109.0,109.0,110.0,111.0,112.0,112.0,113.0,113.0,114.0,114.0,115.0,116.0,117.0,118.0,120.0,120.88,121.0,122.0,123.0,124.0,126.0,126.32000000000005,128.0,130.0,132.0,133.55999999999995,138.0,143.76,151.0,94.0,1000.5803921818733,1000.6823529601097,1000.7686274647713,1000.8627451062202,2000.4392156898975,3000.2078431397676,3000.5647059082985,3000.6745098233223,3000.760784327984,3001.0,181.44983978271483,189.04814453125,193.91102294921876,197.6678253173828,200.90005493164062,203.95872497558594,207.1873779296875,210.8516845703125,216.46018981933594,346.19598388671875,241.06812,0.0,test_data/Useful/Validation/rice-at-1-ft/20241108_084837_075.jpg,1480.0,306.0,31.349114391473446
46,13.48,27.48,31.0,34.0,37.0,41.0,42.68000000000001,45.92,48.16,51.0,53.0,55.0,57.0,58.0,59.0,60.84,61.08000000000001,63.0,64.0,65.0,65.0,67.0,68.0,68.75999999999999,70.0,72.0,73.0,73.0,75.0,76.0,76.44,77.68,79.0,80.0,81.0,81.63999999999999,82.0,83.0,84.0,84.60000000000002,85.0,85.0,86.0,87.0,88.0,89.0,89.0,89.51999999999998,90.0,91.0,92.0,92.48000000000002,93.0,94.0,95.0,95.0,96.0,97.0,98.0,98.0,99.0,99.88,100.0,101.0,101.0,102.0,103.0,103.32000000000005,105.0,106.0,106.0,106.27999999999997,107.0,108.0,108.0,109.0,110.0,110.0,111.0,112.0,112.44000000000005,113.0,115.0,116.0,117.0,117.0,118.0,119.0,121.0,121.60000000000002,123.0,125.0,126.0,128.0,129.0,132.0,134.0,136.51999999999998,140.76,151.0,106.0,1000.5882353186607,1000.6862745285034,1000.772549033165,1000.8627451062202,2000.4274509847164,3000.215686276555,3000.568627476692,3000.678431391716,3000.760784327984,3001.0,181.2710418701172,188.978271484375,193.89016723632812,197.6357421875,200.86990356445312,203.9451110839844,207.14102172851562,210.83383178710938,216.45423889160156,346.20489501953125,239.7979,0.0,test_data/Useful/Validation/rice-at-1-ft/20241108_084837_076.jpg,1532.0,303.0,33.5627805979638
47,18.0,23.48,27.72,31.0,36.2,39.0,43.68000000000001,47.0,48.16,49.400000000000006,51.0,52.879999999999995,54.0,55.360000000000014,57.0,58.0,60.0,62.31999999999999,64.56,65.80000000000001,67.0,68.28,70.0,70.0,72.0,73.0,74.0,74.0,75.95999999999998,76.0,77.0,78.0,78.0,79.16000000000003,81.0,82.0,83.0,83.12,85.0,86.0,87.0,88.0,88.0,89.0,89.0,90.0,90.0,90.51999999999998,91.0,91.0,92.0,93.0,93.0,94.0,95.0,95.0,95.0,96.0,97.0,97.0,98.0,99.0,99.0,100.0,101.0,102.0,102.0,103.0,104.0,105.0,105.0,106.27999999999997,107.0,108.0,109.0,109.0,110.0,111.0,112.0,113.0,113.0,114.0,115.0,115.0,116.0,117.0,118.0,120.0,121.0,122.60000000000002,123.0,124.0,126.0,127.55999999999995,128.79999999999995,131.03999999999996,134.0,137.51999999999998,142.76,146.0,90.0,1000.5960784554482,1000.6941176652908,1000.7803921699524,1000.8705882430077,2000.4823529422283,3000.2470588237047,3000.5764706134796,3000.6823529601097,3000.7647058963776,3001.0,181.30841064453125,188.91847229003906,193.80117797851562,197.58697509765625,200.88937377929688,203.9774932861328,207.14552307128906,210.8600616455078,216.41983032226562,346.20654296875,240.58693,0.0,test_data/Useful/Validation/rice-at-1-ft/20241108_084837_077.jpg,1457.0,300.0,28.996228970141413
48,18.0,27.0,31.72,37.96,40.0,42.0,45.68000000000001,48.92,53.16,55.400000000000006,57.0,59.0,60.24000000000001,63.360000000000014,65.0,65.0,67.0,68.0,69.0,70.0,71.0,71.0,72.0,73.0,74.0,74.0,75.0,76.0,76.0,77.0,78.0,79.0,80.0,81.0,82.0,83.0,83.0,84.0,85.0,86.0,87.0,87.0,88.0,88.56,89.0,90.0,91.0,91.0,92.0,92.0,93.0,94.0,94.0,95.0,96.0,96.0,97.0,98.0,98.0,99.0,99.0,100.0,102.0,102.36000000000001,103.0,104.0,105.0,105.0,106.0,107.0,107.03999999999996,108.0,109.0,109.0,110.0,110.0,111.0,112.0,113.0,113.0,114.0,114.67999999999995,115.0,116.0,117.0,117.0,118.0,120.0,121.0,122.60000000000002,123.0,124.0,125.32000000000005,127.0,130.0,133.0,135.27999999999997,138.0,141.76,146.0,74.0,1000.6000000238419,1000.6980392336845,1000.7882353067398,1000.8784313797951,2000.5137255191803,3000.2784313857555,3000.5803921818733,3000.6862745285034,3000.7686274647713,3001.0,181.42938232421875,189.19110107421875,194.01426696777344,197.74365234375,200.982177734375,204.057861328125,207.25120544433594,210.94680786132812,216.46728515625,346.1788635253906,239.79591,0.0,test_data/Useful/Validation/rice-at-1-ft/20241108_084837_078.jpg,1569.0,307.0,29.654291732365298
49,28.240000000000002,31.0,34.0,36.96,41.0,44.0,45.0,47.0,48.0,51.0,54.0,55.879999999999995,57.0,59.0,60.0,61.84,62.08000000000001,65.0,65.56,66.0,67.0,68.0,70.0,71.0,72.0,73.0,74.0,75.0,76.0,77.0,78.0,79.0,79.0,80.0,81.0,82.0,83.0,83.0,84.0,85.0,85.0,86.0,87.0,88.0,89.0,90.0,91.0,91.0,91.75999999999999,93.0,93.24000000000001,94.0,95.0,95.96000000000004,96.0,96.44000000000005,97.0,97.0,98.0,98.0,99.0,100.0,101.0,101.36000000000001,102.0,102.0,103.0,104.0,104.55999999999995,105.0,105.0,106.0,107.0,107.75999999999999,108.0,109.0,110.0,111.0,112.0,113.0,114.0,114.0,115.0,116.0,117.0,118.0,118.0,119.0,120.0,121.0,122.84000000000003,123.0,124.0,126.0,127.0,130.0,131.27999999999997,136.51999999999998,138.76,144.0,85.0,1000.6039215922356,1000.7019608020782,1000.7921568751335,1000.8823529481888,2000.5372549295425,3000.2666666805744,3000.5803921818733,3000.6823529601097,3000.7686274647713,3001.0,181.44363403320312,188.9866485595703,193.88638305664062,197.67465209960938,200.88223266601562,203.97900390625,207.14908447265626,210.83367919921875,216.47377014160156,346.15625,240.11179,0.0,test_data/Useful/Validation/rice-at-1-ft/20241108_084837_079.jpg,1506.0,297.0,35.50980279635315
50,23.240000000000002,28.48,32.72,35.0,43.0,44.0,46.0,49.0,51.16,54.0,57.0,59.0,61.0,62.0,63.0,64.0,65.08000000000001,67.0,68.0,69.0,70.0,71.0,72.52000000000001,74.0,75.0,76.0,77.0,78.72000000000003,79.0,80.0,81.0,82.0,82.92000000000002,83.0,84.0,85.0,86.0,86.0,87.0,89.0,89.83999999999997,90.07999999999998,91.0,92.0,92.80000000000001,93.0,93.27999999999997,94.0,94.75999999999999,96.0,97.0,97.0,98.0,98.0,99.0,100.0,101.0,101.0,101.0,102.0,102.0,103.0,103.0,104.0,104.0,105.0,105.08000000000004,106.32000000000005,107.0,108.0,108.0,109.0,110.0,110.0,111.0,112.0,112.0,113.0,113.96000000000004,114.0,115.0,116.0,116.91999999999996,117.0,118.0,118.63999999999999,119.0,120.0,121.0,121.0,123.84000000000003,124.0,125.0,127.55999999999995,129.0,131.0,133.0,138.0,140.0,150.0,101.0,1000.486274510622,1000.6156862974167,1000.705882370472,1000.8274509906769,1000.9882352948189,2000.9137254953384,3000.43137255311,3000.584313750267,3000.6823529601097,3001.0,180.85784912109375,188.46194458007812,193.15679931640625,196.90872192382812,200.1366958618164,203.1658935546875,206.25244140625,209.87652587890625,215.2163543701172,345.71197509765625,243.85873,0.0,test_data/Useful/Validation/rice-at-1-ft/20241108_084919_017.jpg,1227.0,260.0,32.1857630007713
51,23.240000000000002,34.0,36.72,39.0,41.2,44.0,45.0,47.0,51.16,53.400000000000006,55.0,57.0,58.120000000000005,60.0,60.599999999999994,62.0,64.0,65.32,67.0,68.0,69.03999999999999,71.0,71.0,72.0,73.0,74.0,75.0,76.0,76.95999999999998,78.0,78.0,79.0,79.0,80.0,81.0,81.0,81.88,83.0,84.0,85.0,85.0,86.0,86.0,87.0,87.80000000000001,88.0,89.0,90.0,90.75999999999999,91.0,92.0,92.48000000000002,93.0,95.0,95.0,96.0,96.67999999999995,97.0,98.0,99.0,100.0,100.0,101.0,101.0,102.0,103.0,104.08000000000004,105.0,106.0,106.79999999999995,107.0,107.0,108.0,109.0,110.0,111.0,111.0,112.0,113.0,114.0,114.44000000000005,115.0,116.0,116.15999999999997,117.0,118.63999999999999,119.0,120.0,121.0,123.0,124.0,125.0,126.0,127.55999999999995,130.0,131.0,133.0,135.0,137.76,143.0,100.0,1000.486274510622,1000.6156862974167,1000.7098039388657,1000.8274509906769,2000.06274510175,3000.019607843831,3000.4392156898975,3000.584313750267,3000.6823529601097,3001.0,180.720166015625,188.3788818359375,193.19903259277345,196.95315551757812,200.161376953125,203.2410430908203,206.35031127929688,209.9258270263672,215.20474243164062,345.7284851074219,241.51552,0.0,test_data/Useful/Validation/rice-at-1-ft/20241108_084919_018.jpg,1294.0,248.0,26.603666720538794
52,14.24,19.0,23.0,30.0,38.0,41.0,43.0,46.0,48.16,51.0,53.0,55.879999999999995,57.0,58.0,59.599999999999994,61.0,63.0,63.31999999999999,65.0,67.0,68.0,69.0,69.0,70.0,72.0,72.24000000000001,74.0,74.0,75.0,75.19999999999999,76.0,77.0,79.0,79.0,80.0,81.0,82.0,83.0,84.0,85.0,85.0,86.0,86.0,87.0,87.0,88.0,88.0,89.0,90.0,90.0,91.0,92.0,93.0,93.0,95.0,95.0,96.0,97.0,97.0,98.0,99.0,99.88,101.0,102.0,103.0,103.0,104.0,104.0,105.0,105.0,106.0,106.0,107.0,107.0,108.0,109.0,109.0,110.0,111.96000000000004,112.20000000000005,113.44000000000005,114.0,115.0,115.0,116.0,116.0,118.0,119.0,119.0,120.0,121.0,122.08000000000004,124.0,125.0,126.0,128.0,131.0,134.51999999999998,137.76,153.0,115.0,1000.4901960790157,1000.6156862974167,1000.7098039388657,1000.8313725590706,2000.1176470592618,3000.086274512112,3000.4549019634724,3000.5882353186607,3000.6823529601097,3001.0,180.5145477294922,188.20120849609376,192.94576721191407,196.67549743652344,199.87462615966797,202.89114379882812,206.02090301513672,209.63957519531252,215.2004852294922,345.70355224609375,242.72379,0.0,test_data/Useful/Validation/rice-at-1-ft/20241108_084919_019.jpg,1263.0,250.0,25.74541911590412
53,21.0,28.48,37.72,42.0,44.0,47.44,51.0,52.0,55.0,57.0,59.0,60.0,63.0,64.0,66.0,67.0,68.0,69.0,70.0,71.0,72.0,73.0,74.0,75.0,76.0,77.0,77.48000000000002,79.0,80.0,81.0,82.0,82.0,83.0,85.0,86.0,86.0,87.0,87.0,88.0,89.0,89.0,90.0,90.0,91.0,92.0,93.0,93.0,94.0,94.0,95.0,95.24000000000001,96.0,97.0,97.0,98.0,98.0,99.0,99.0,100.0,101.0,102.0,103.0,103.0,104.0,104.60000000000002,106.0,106.0,106.32000000000005,107.0,108.0,108.0,109.0,110.0,110.0,111.0,112.0,112.48000000000002,113.0,114.0,115.0,115.44000000000005,116.0,117.0,118.0,118.39999999999998,119.0,120.88,122.0,124.0,124.0,124.0,126.0,128.0,129.0,130.79999999999995,132.0,134.0,136.0,138.0,148.0,124.0,1000.4980392158031,1000.6235294342041,1000.7215686440468,1000.8470588326454,2000.364705890417,3000.149019613862,3000.46274510026,3000.5921568870544,3000.6862745285034,3001.0,180.93723907470704,188.5342254638672,193.30197143554688,197.0728759765625,200.2594757080078,203.3069610595703,206.37588500976562,209.9781494140625,215.38818359375,345.7171936035156,242.61711,0.0,test_data/Useful/Validation/rice-at-1-ft/20241108_084919_020.jpg,1210.0,227.0,36.48352621852995
54,22.240000000000002,30.0,39.0,43.96,46.0,48.44,51.0,53.0,56.0,58.400000000000006,59.0,60.879999999999995,62.0,64.0,65.0,66.0,68.0,68.32,69.0,70.0,72.0,73.0,74.0,75.0,76.0,77.0,77.0,78.0,79.0,80.0,80.0,80.0,81.92000000000002,83.0,83.0,84.0,84.88,86.0,86.0,87.0,87.0,88.0,89.32,90.0,91.0,91.0,92.0,92.0,93.0,94.0,95.0,96.0,97.0,97.0,98.0,99.0,99.0,100.91999999999996,101.0,101.39999999999998,102.0,102.0,103.0,103.0,103.60000000000002,104.84000000000003,105.0,106.0,106.55999999999995,108.0,109.0,109.27999999999997,110.51999999999998,111.0,112.0,112.24000000000001,113.0,113.72000000000003,115.0,115.0,116.0,117.0,117.0,118.0,118.39999999999998,120.0,122.0,123.0,124.0,126.0,127.0,129.08000000000004,131.0,132.0,133.0,134.0,137.27999999999997,141.51999999999998,145.0,157.0,103.0,1000.4980392158031,1000.6235294342041,1000.7254902124405,1000.8509804010391,2000.4274509847164,3000.1529411822557,3000.4666666686535,3000.5921568870544,3000.6862745285034,3001.0,180.7537048339844,188.40411987304688,193.1550750732422,196.90198364257813,200.14816284179688,203.20799560546874,206.31282958984374,209.9067321777344,215.38141632080078,345.7070617675781,243.6045,0.0,test_data/Useful/Validation/rice-at-1-ft/20241108_084919_021.jpg,1221.0,237.0,24.73180130041628
55,14.24,27.0,33.0,35.0,40.0,44.44,46.68000000000001,49.92,51.0,52.0,54.64,57.879999999999995,60.120000000000005,64.0,64.6,66.0,67.0,68.0,69.0,71.0,72.0,73.0,74.0,76.0,77.0,79.0,80.0,80.72000000000003,81.0,81.0,82.44,83.0,84.0,84.0,85.0,86.0,87.0,87.12,88.0,89.0,89.0,90.0,91.32,92.0,93.0,93.0,94.0,94.0,95.0,96.0,97.0,97.0,98.0,99.0,99.20000000000005,100.0,101.0,101.0,102.0,103.0,103.0,104.0,104.12,105.0,105.0,106.0,106.0,106.32000000000005,107.0,108.0,109.0,109.0,110.0,111.0,112.0,113.0,114.0,115.0,116.0,117.0,117.44000000000005,118.67999999999995,119.0,120.0,121.0,122.0,123.0,123.0,124.0,125.0,126.0,127.08000000000004,129.0,131.0,132.0,135.0,137.0,138.0,140.0,151.0,105.0,1000.4980392158031,1000.6274510025978,1000.7294117808342,1000.8549019694328,2000.4980392158031,3000.1843137294054,3000.474509805441,3000.596078455448,3000.690196096897,3001.0,181.03790283203125,188.46767578125,193.33207244873046,197.033740234375,200.28221130371094,203.33795471191405,206.47468109130858,210.0761505126953,215.4672073364258,345.68475341796875,243.89053,0.0,test_data/Useful/Validation/rice-at-1-ft/20241108_084919_022.jpg,1218.0,236.0,32.13382476529361
56,23.96,31.48,40.44,43.96,48.400000000000006,52.0,54.0,55.0,56.0,58.0,59.0,60.879999999999995,63.0,64.0,68.0,68.84,70.0,71.0,72.0,73.0,74.0,74.28,75.0,76.75999999999999,78.0,79.0,79.0,80.0,81.0,82.0,82.0,83.0,84.0,84.16000000000003,85.0,86.0,86.0,87.0,88.0,89.0,90.0,91.0,92.0,92.56,93.0,93.0,94.0,94.0,95.0,96.0,96.0,97.0,97.0,98.0,99.0,99.0,99.0,100.0,100.15999999999997,102.0,102.63999999999999,104.0,104.0,105.0,105.0,105.0,106.0,106.32000000000005,107.0,107.0,108.0,108.27999999999997,109.0,109.75999999999999,111.0,111.0,112.0,112.0,113.0,114.0,114.44000000000005,115.67999999999995,117.0,118.0,118.0,119.0,119.0,120.0,120.36000000000001,121.0,122.84000000000003,125.0,127.0,130.0,130.0,131.03999999999996,134.0,137.0,142.76,157.0,93.0,1000.4980392158031,1000.6235294342041,1000.7294117808342,1000.8509804010391,2000.5058823823929,3000.188235297799,3000.474509805441,3000.600000023842,3000.690196096897,3001.0,180.84204559326173,188.44442749023438,193.3167266845703,197.0933380126953,200.36399841308594,203.40560913085938,206.524299621582,210.0997772216797,215.46627807617188,345.67840576171875,243.48679,0.0,test_data/Useful/Validation/rice-at-1-ft/20241108_084919_023.jpg,1232.0,259.0,27.925668141219816
57,23.0,31.44,37.0,42.0,45.0,50.0,53.0,54.92,56.16,57.400000000000006,59.0,60.0,62.0,62.360000000000014,64.0,66.0,67.0,70.0,71.0,72.0,73.03999999999999,74.28,76.0,77.0,78.0,79.0,81.0,81.0,82.0,83.0,84.44,85.0,86.0,87.0,88.0,89.0,89.0,90.0,90.36000000000001,91.0,91.0,92.0,93.0,93.0,94.0,95.0,95.0,96.0,96.0,97.0,98.0,98.48000000000002,99.72000000000003,100.0,101.0,101.0,102.0,102.0,102.0,103.0,103.0,104.0,104.0,104.0,105.0,106.0,106.0,106.0,107.0,108.0,109.0,109.0,110.0,110.0,111.0,112.0,112.0,113.0,114.0,115.20000000000005,116.0,116.67999999999995,117.91999999999996,119.0,119.39999999999998,120.0,120.88,122.0,124.0,125.0,126.0,127.0,128.0,129.55999999999995,131.0,133.0,136.0,139.0,142.76,153.0,102.0,1000.4980392158031,1000.6235294342041,1000.7294117808342,1000.8509804010391,2000.5058823823929,3000.1803921610117,3000.470588237047,3000.596078455448,3000.690196096897,3001.0,181.0033416748047,188.66720581054688,193.41795349121094,197.09506225585938,200.31057739257812,203.39064025878906,206.48886108398438,210.02967834472656,215.39312744140625,345.65045166015625,242.761,0.0,test_data/Useful/Validation/rice-at-1-ft/20241108_084919_024.jpg,1217.0,280.0,30.77116962181918
58,22.240000000000002,25.0,32.0,37.0,41.0,45.0,47.0,50.0,51.0,54.80000000000001,57.0,59.0,60.0,61.0,62.599999999999994,64.0,65.08000000000001,66.0,67.0,67.80000000000001,68.0,69.0,70.0,71.0,73.0,74.24000000000001,76.0,77.0,78.0,78.0,79.0,79.68,80.92000000000002,82.0,83.0,84.0,84.0,85.0,85.36000000000001,87.0,87.0,88.0,88.0,89.0,89.0,90.0,91.0,91.0,92.0,92.0,93.0,94.0,94.0,95.0,96.0,96.0,97.0,98.0,98.0,98.0,99.0,99.88,100.0,101.0,102.0,102.84000000000003,103.0,104.0,104.0,105.0,106.0,107.0,108.0,109.0,110.0,110.0,111.0,111.0,112.0,112.20000000000005,114.0,115.0,116.0,117.0,117.0,118.0,119.0,120.0,121.0,121.60000000000002,124.0,125.0,127.0,128.0,129.0,131.0,134.0,136.51999999999998,138.76,145.0,98.0,1000.4980392158031,1000.6274510025978,1000.7294117808342,1000.8549019694328,2000.5411764979362,3000.188235297799,3000.470588237047,3000.596078455448,3000.694117665291,3001.0,181.34202880859374,188.88255615234374,193.65161590576173,197.36573791503906,200.5931396484375,203.61489562988282,206.72891540527343,210.26806640625,215.60162353515625,345.6478576660156,242.40079,0.0,test_data/Useful/Validation/rice-at-1-ft/20241108_084919_025.jpg,1408.0,282.0,33.135034713649674
59,22.48,31.400000000000002,38.72,43.0,46.2,49.44,53.0,54.0,55.16,57.0,60.64,62.0,64.0,64.0,66.0,67.0,68.08000000000001,70.0,70.56,71.0,72.0,73.0,74.0,75.0,77.0,77.24000000000001,78.0,79.0,79.95999999999998,81.0,82.0,83.0,84.0,85.0,85.39999999999998,86.63999999999999,87.88,88.0,89.0,90.0,90.83999999999997,91.0,92.0,93.0,93.0,94.04000000000002,95.0,95.51999999999998,96.0,97.0,97.0,98.0,98.0,99.0,100.0,101.0,101.0,102.0,103.0,103.0,104.0,104.0,105.0,106.0,107.0,107.0,108.0,108.0,109.0,110.0,111.0,111.0,112.0,113.0,113.0,115.0,115.0,116.0,116.0,117.0,117.44000000000005,118.67999999999995,119.0,120.0,121.0,122.0,123.0,124.0,125.0,126.0,127.84000000000003,129.0,130.0,131.0,132.0,135.0,136.27999999999997,138.51999999999998,143.0,147.0,116.0,1000.4980392158031,1000.6274510025978,1000.7372549176216,1000.8588235378265,2000.6039215922356,3000.2078431397676,3000.4784313738346,3000.600000023842,3000.6980392336845,3001.0,181.3622024536133,188.8544128417969,193.65249633789062,197.4095245361328,200.68490600585938,203.699951171875,206.8116912841797,210.38632202148438,215.72019958496094,345.67572021484375,242.37221,0.0,test_data/Useful/Validation/rice-at-1-ft/20241108_084919_026.jpg,1277.0,249.0,24.23355864741118
60,21.240000000000002,28.96,37.72,42.0,43.0,44.0,46.0,48.0,49.16,52.0,53.0,56.0,57.120000000000005,59.360000000000014,61.0,63.0,65.0,65.0,67.0,67.0,69.0,70.0,70.0,71.75999999999999,73.0,74.0,75.0,76.0,77.0,78.0,78.44,80.0,81.0,82.0,82.0,83.0,84.0,84.12,85.0,86.0,87.0,88.0,88.0,89.56,90.0,91.0,92.0,93.0,93.0,94.0,95.0,95.0,96.0,96.0,97.0,98.0,98.67999999999995,99.0,100.0,100.39999999999998,101.0,102.0,102.0,103.0,104.0,105.0,106.0,106.0,107.0,107.0,108.0,109.0,110.51999999999998,111.0,112.0,112.0,113.0,113.72000000000003,114.0,115.0,115.0,116.0,117.0,117.0,118.0,119.0,120.0,120.12,122.0,124.0,125.0,127.0,128.0,129.0,130.79999999999995,132.0,134.0,136.0,142.0,150.0,82.0,1000.5058823823929,1000.6352941393852,1000.7490196228027,1000.8705882430077,2000.6862745285034,3000.2509804069996,3000.4941176474094,3000.6078431606293,3000.7019608020782,3001.0,181.35474090576173,188.97894287109375,193.82971954345703,197.53976440429688,200.7945098876953,203.80516052246094,206.90829467773438,210.53561401367188,215.8251190185547,345.69757080078125,242.35617,0.0,test_data/Useful/Validation/rice-at-1-ft/20241108_084919_027.jpg,1410.0,285.0,29.56015503522065
61,30.0,34.480000000000004,38.0,39.96,42.2,46.0,48.68000000000001,51.0,52.31999999999999,56.0,57.0,58.879999999999995,61.0,62.0,64.0,66.0,67.0,68.0,69.0,70.0,72.0,73.0,75.0,76.0,77.0,78.0,78.48000000000002,80.0,81.0,81.19999999999999,82.0,83.0,84.0,85.0,85.0,85.0,86.0,87.0,88.0,89.0,89.83999999999997,90.07999999999998,91.0,91.0,92.0,93.0,94.0,94.0,95.0,95.0,96.0,97.0,97.0,98.0,99.0,99.44000000000005,100.0,101.0,101.15999999999997,102.0,103.0,103.88,104.0,105.0,105.0,106.0,106.0,107.0,108.0,108.0,108.03999999999996,109.0,109.51999999999998,110.0,111.0,112.0,113.0,113.0,114.0,115.0,116.0,117.0,117.0,118.0,118.39999999999998,120.0,120.88,122.0,123.0,124.0,125.84000000000003,127.0,128.0,130.0,131.79999999999995,135.0,136.27999999999997,140.0,144.0,154.0,85.0,1000.5058823823929,1000.6392157077789,1000.7490196228027,1000.8745098114014,2000.7215686440468,3000.2666666805744,3000.498039215803,3000.611764729023,3000.7019608020782,3001.0,181.36802673339844,189.06431884765627,193.85595703125,197.59579467773438,200.8268585205078,203.85984802246094,206.93365478515625,210.44923400878906,215.84738159179688,345.70013427734375,241.40817,0.0,test_data/Useful/Validation/rice-at-1-ft/20241108_084919_028.jpg,1322.0,264.0,34.08975252543623
62,9.48,25.400000000000002,32.0,38.0,39.0,45.879999999999995,47.68000000000001,50.92,54.0,55.0,57.0,58.879999999999995,61.0,62.0,64.0,65.0,66.0,67.0,68.0,69.0,70.0,71.28,73.0,74.0,75.0,76.0,77.0,77.0,78.95999999999998,80.0,80.0,80.68,81.92000000000002,83.0,84.0,84.0,85.0,87.0,87.0,88.0,89.0,90.0,90.32,91.0,92.0,92.0,93.0,94.0,94.0,95.0,96.0,96.0,97.0,97.0,98.0,99.0,100.0,100.0,101.0,102.0,102.0,103.0,104.0,104.0,104.60000000000002,105.0,106.0,107.0,108.0,108.0,109.0,109.27999999999997,110.0,110.0,111.0,112.0,112.0,113.0,114.0,115.0,116.0,117.0,118.0,119.0,120.0,120.63999999999999,122.0,122.0,123.0,125.0,126.0,127.0,127.0,129.0,130.79999999999995,132.0,135.0,141.03999999999996,144.51999999999998,153.0,80.0,1000.517647087574,1000.65098041296,1000.7686274647713,1000.905882358551,2000.8039215803146,3000.313725501299,3000.517647087574,3000.6196078658104,3000.7098039388657,3001.0,181.77584838867188,189.43338012695312,194.1182861328125,197.8311004638672,200.99622344970703,204.02764892578125,207.12167358398438,210.6551513671875,215.9151611328125,345.73199462890625,241.22176,0.0,test_data/Useful/Validation/rice-at-1-ft/20241108_084919_029.jpg,1345.0,249.0,32.87313283170322
63,19.240000000000002,30.48,37.44,40.0,43.0,46.0,49.0,51.0,52.0,54.0,56.0,57.0,60.120000000000005,62.0,64.0,65.0,67.08000000000001,68.0,70.0,71.0,73.0,75.0,76.0,77.0,78.0,79.0,80.0,80.0,81.0,82.0,83.0,84.0,85.0,85.16000000000003,86.0,87.0,88.0,89.0,89.0,90.0,90.0,91.0,92.0,92.56,93.0,94.0,95.0,96.0,96.75999999999999,98.0,99.0,100.0,100.0,101.0,102.0,102.0,102.0,103.0,103.0,104.0,105.0,105.0,106.0,107.0,108.0,108.0,109.0,109.0,110.0,110.79999999999995,111.0,112.0,113.0,114.0,114.0,115.0,115.0,116.0,116.0,117.0,118.0,119.0,119.0,120.15999999999997,121.39999999999998,122.0,123.0,125.0,125.0,126.60000000000002,127.0,128.0,129.0,131.0,133.79999999999995,136.03999999999996,139.0,140.51999999999998,144.0,156.0,102.0,1000.5215686559677,1000.6549019813538,1000.7764706015587,1000.9176470637321,2000.8235294222832,3000.3294117748737,3000.5215686559677,3000.6196078658104,3000.7098039388657,3001.0,181.65899658203125,189.2123565673828,194.04863433837892,197.78585815429688,201.02688598632812,204.08206176757812,207.21197509765625,210.71701049804688,215.9962615966797,345.69561767578125,242.07794,0.0,test_data/Useful/Validation/rice-at-1-ft/20241108_084919_030.jpg,1374.0,278.0,36.192490363892475
64,20.240000000000002,25.96,32.0,35.96,39.2,42.44,46.68000000000001,51.0,53.16,55.0,57.64,58.0,60.0,62.360000000000014,64.0,65.84,66.08000000000001,68.0,69.0,71.80000000000001,73.0,73.0,74.0,75.0,76.0,78.0,79.0,80.0,80.95999999999998,82.19999999999999,83.0,84.0,85.0,85.0,86.0,87.0,88.0,89.0,90.0,91.0,91.0,92.0,92.32,93.0,94.0,95.0,95.0,96.0,96.0,97.0,98.0,99.0,99.0,100.0,101.0,102.0,102.0,103.0,104.0,105.0,105.0,106.0,106.0,107.0,107.0,108.0,109.0,110.0,110.0,111.79999999999995,112.0,113.0,114.0,114.0,115.0,115.0,116.0,116.0,117.0,118.0,118.0,119.0,120.0,121.0,123.0,123.0,124.0,125.0,125.0,127.60000000000002,129.0,130.0,131.0,131.55999999999995,132.0,134.03999999999996,136.0,138.03999999999996,141.0,147.0,115.0,1000.5294117927551,1000.6627451181412,1000.7882353067398,1000.972549021244,2000.866666674614,3000.352941185236,3000.529411792755,3000.627451002598,3000.7137255072594,3001.0,181.76610107421874,189.43448486328126,194.20326232910156,197.89926147460938,201.1571502685547,204.1946563720703,207.3094024658203,210.78305053710938,215.9654541015625,345.7252197265625,241.80933,0.0,test_data/Useful/Validation/rice-at-1-ft/20241108_084919_031.jpg,1368.0,244.0,27.422926691167394
65,28.240000000000002,33.96,42.0,44.0,46.0,49.0,51.0,53.92,56.16,59.0,61.0,62.879999999999995,64.12,67.0,68.0,69.0,72.0,72.0,73.0,74.0,75.0,77.0,78.0,79.0,80.0,81.0,82.0,82.0,83.95999999999998,84.0,85.0,85.0,86.92000000000002,87.16000000000003,89.0,89.0,90.0,91.0,92.0,92.0,93.0,94.0,95.0,95.56,96.0,97.0,97.0,98.0,99.0,100.0,100.24000000000001,101.0,102.0,102.0,103.0,104.0,104.0,105.0,105.0,106.39999999999998,107.0,107.0,108.0,109.0,109.0,110.0,110.0,111.0,111.55999999999995,112.0,113.0,113.0,114.0,114.75999999999999,115.0,116.0,116.0,116.72000000000003,117.0,118.0,119.0,119.0,120.0,121.0,121.39999999999998,123.0,124.0,124.12,126.0,126.0,127.0,128.0,130.32000000000005,132.0,133.79999999999995,136.03999999999996,138.0,141.0,145.76,160.0,110.0,1000.5333333611488,1000.6705882549286,1000.8000000119209,2000.313725501299,3000.058823529631,3000.376470595598,3000.5372549295425,3000.6313725709915,3000.717647075653,3001.0,182.08221435546875,189.6678924560547,194.48230743408203,198.2077606201172,201.43678283691406,204.46044921875,207.53530883789062,211.10047607421876,216.13059997558594,345.79376220703125,241.39822,0.0,test_data/Useful/Validation/rice-at-1-ft/20241108_084919_032.jpg,1407.0,270.0,28.8084129474271
66,26.48,35.0,40.0,44.0,48.2,53.0,54.68000000000001,58.92,63.0,64.0,66.0,67.0,68.0,69.0,70.0,71.0,72.08000000000001,74.0,75.0,76.0,77.0,78.0,78.0,79.0,80.0,81.24000000000001,82.0,83.0,84.0,85.0,85.0,87.0,88.0,88.0,89.0,90.0,91.0,91.0,93.0,93.0,93.0,94.0,94.0,95.0,95.0,96.0,96.0,97.51999999999998,98.0,99.0,100.0,101.0,101.0,102.0,102.0,102.44000000000005,103.0,104.0,105.0,105.0,106.0,106.88,107.0,108.0,109.0,109.0,110.0,111.0,111.55999999999995,112.0,113.0,113.0,114.0,114.0,115.0,116.0,116.48000000000002,117.0,119.0,120.0,120.44000000000005,121.0,122.0,122.0,123.39999999999998,125.0,125.0,127.0,127.0,128.0,129.0,130.08000000000004,132.0,133.0,135.0,136.0,139.0,141.0,145.0,156.0,94.0,1000.5333333611488,1000.6705882549286,1000.8039215803146,2000.3882353007793,3000.074509806931,3000.380392163992,3000.5411764979362,3000.6313725709915,3000.717647075653,3001.0,182.08438110351562,189.60336303710938,194.4785919189453,198.21536254882812,201.43170928955078,204.46725463867188,207.5363311767578,211.0557403564453,216.20924377441406,345.78729248046875,240.98784,0.0,test_data/Useful/Validation/rice-at-1-ft/20241108_084919_033.jpg,1392.0,257.0,29.451426905214078
67,19.0,27.0,34.72,42.0,47.2,50.44,51.68000000000001,56.0,57.0,59.0,61.0,63.879999999999995,65.0,66.36000000000001,69.0,70.0,70.08000000000001,71.32,72.0,73.80000000000001,75.0,76.0,77.0,79.0,80.0,82.0,82.0,83.0,84.0,85.0,86.0,87.0,88.0,89.0,90.39999999999998,92.0,92.88,93.0,93.36000000000001,94.0,95.0,96.0,96.32,97.0,98.0,99.0,99.27999999999997,100.0,101.0,102.0,102.0,102.0,103.0,104.0,104.0,105.0,106.0,107.0,107.0,108.0,108.0,109.0,109.12,110.0,111.0,111.0,112.0,112.0,113.0,114.0,114.0,115.0,115.0,116.0,117.0,117.0,118.0,119.0,119.0,120.0,121.0,122.0,122.0,123.15999999999997,124.39999999999998,125.0,126.0,127.0,128.0,129.0,129.84000000000003,131.0,133.0,134.0,135.0,136.03999999999996,138.0,141.0,146.0,152.0,108.0,1000.5333333611488,1000.678431391716,1000.8078431487083,2000.4705882370472,3000.0941176488996,3000.3843137323856,3000.5411764979362,3000.6313725709915,3000.717647075653,3001.0,182.19168090820312,189.789794921875,194.6080322265625,198.30812072753906,201.5315399169922,204.55239868164062,207.59262084960938,211.04937744140625,216.18873596191406,345.8215637207031,239.60327,0.0,test_data/Useful/Validation/rice-at-1-ft/20241108_084919_034.jpg,1408.0,253.0,30.817391640381263
68,28.72,38.0,41.0,47.0,49.2,52.0,55.68000000000001,58.0,60.16,62.400000000000006,65.0,67.88,69.0,70.36000000000001,71.0,73.0,74.0,75.0,76.0,76.80000000000001,78.0,78.0,79.0,80.0,81.0,82.0,83.0,84.0,84.0,85.0,86.0,88.0,88.0,89.0,90.0,91.0,92.0,92.0,93.0,94.0,94.0,95.0,95.0,96.0,97.0,97.0,97.0,98.0,99.0,99.0,100.0,101.0,102.0,102.0,103.0,103.0,103.67999999999995,104.0,105.0,106.0,107.0,107.88,108.0,109.0,109.0,110.0,110.0,110.32000000000005,111.0,112.0,112.0,113.0,114.0,115.0,115.0,116.0,117.0,118.0,119.0,119.20000000000005,120.44000000000005,121.0,122.0,123.0,123.0,124.0,124.0,125.0,126.0,127.0,128.0,129.0,129.0,130.0,131.0,133.0,134.27999999999997,137.0,140.76,146.0,110.0,1000.5372549295425,1000.678431391716,1000.811764717102,2000.5019608139992,3000.1098039224744,3000.392156869173,3000.5411764979362,3000.6313725709915,3000.721568644047,3001.0,182.27227783203125,189.8556671142578,194.6182418823242,198.4005126953125,201.59577178955078,204.61760559082032,207.69304656982422,211.21481018066407,216.40450286865234,345.81890869140625,240.01588,0.0,test_data/Useful/Validation/rice-at-1-ft/20241108_084919_035.jpg,1453.0,243.0,28.28723906110257
69,24.0,30.48,39.72,43.0,47.0,49.0,53.360000000000014,55.0,58.0,61.0,62.64,63.879999999999995,67.12,69.0,70.0,71.0,71.08000000000001,73.0,73.56,74.0,76.0,77.0,78.52000000000001,79.0,80.0,80.0,81.0,82.0,83.0,84.0,85.0,85.0,87.0,88.0,89.0,89.63999999999999,90.88,91.12,92.0,93.0,93.0,94.0,96.0,96.0,97.0,98.0,98.27999999999997,99.0,100.0,100.0,101.0,102.0,102.0,103.0,104.0,104.0,105.0,105.0,106.0,106.39999999999998,107.0,107.0,108.0,109.0,110.0,111.0,111.08000000000004,112.0,112.55999999999995,113.0,114.0,115.0,115.0,116.0,117.0,118.0,118.48000000000002,119.0,120.0,120.0,121.0,122.0,122.91999999999996,123.15999999999997,124.0,126.0,126.0,127.0,127.36000000000001,129.0,129.84000000000003,131.0,132.32000000000005,134.0,135.79999999999995,137.0,139.0,143.51999999999998,147.0,155.0,105.0,1000.54509806633,1000.6862745285034,1000.8196078538895,2000.6078431606293,3000.160784319043,3000.4117647111416,3000.54509806633,3000.635294139385,3000.721568644047,3001.0,182.250732421875,189.90130615234375,194.655517578125,198.3685302734375,201.6297607421875,204.6837158203125,207.75521850585938,211.25326843261718,216.37945556640625,345.86181640625,239.90843,0.0,test_data/Useful/Validation/rice-at-1-ft/20241108_084919_036.jpg,1454.0,246.0,28.471220621025942
70,11.680000000000001,26.0,32.16,35.0,37.0,38.0,41.68000000000001,44.0,46.0,47.400000000000006,48.64,51.0,53.0,55.0,56.0,58.0,61.0,63.0,64.0,65.0,66.03999999999999,68.0,69.0,70.0,71.0,71.0,72.0,74.0,75.0,76.0,77.0,77.0,78.0,79.0,79.0,80.0,80.0,81.0,82.0,83.0,84.0,85.0,86.0,86.0,87.0,88.0,89.0,90.0,91.0,92.0,93.0,94.0,94.0,95.0,95.0,96.0,96.0,97.0,97.0,98.0,98.0,99.0,99.0,100.0,100.0,101.84000000000003,102.08000000000004,103.0,104.0,105.0,105.0,106.0,107.0,108.0,109.0,109.0,110.0,111.0,111.96000000000004,113.0,113.0,114.0,115.0,115.15999999999997,116.0,117.0,118.0,119.0,121.0,122.0,123.0,124.0,125.0,127.0,130.0,132.0,133.55999999999995,136.0,139.76,149.0,97.0,1000.486274510622,1000.611764729023,1000.6941176652908,1000.772549033165,1000.8862745165825,2000.811764717102,3000.4117647111416,3000.600000023842,3000.7137255072594,3001.0,181.32550354003905,188.8276824951172,193.64093017578125,197.3953857421875,200.66941833496094,203.741455078125,206.90969848632812,210.5136260986328,215.96694946289062,345.759765625,240.03616,0.0,test_data/Useful/Validation/rice-at-1-ft/20241108_084919_077.jpg,1381.0,301.0,28.717038049163445
71,20.0,30.48,35.72,40.0,42.0,45.0,47.0,48.92,51.0,52.0,54.0,55.0,57.0,58.0,60.0,61.0,63.0,64.0,65.0,66.0,66.03999999999999,68.0,68.52000000000001,69.0,70.0,71.0,72.0,74.0,74.0,76.0,76.0,77.0,78.0,78.0,79.0,80.0,80.88,82.0,83.0,85.0,85.0,86.0,87.0,87.0,87.0,88.0,89.0,89.0,90.0,90.0,91.24000000000001,92.0,93.0,93.0,94.0,95.0,95.0,96.91999999999996,97.0,97.39999999999998,98.0,99.0,100.0,100.36000000000001,101.0,102.0,103.0,103.0,104.0,104.79999999999995,105.0,106.0,106.0,107.0,108.0,108.0,109.0,110.0,111.0,111.20000000000005,113.0,113.0,114.91999999999996,116.0,116.0,117.0,118.0,119.0,120.0,121.0,122.84000000000003,125.0,125.0,126.0,127.0,129.0,131.0,134.51999999999998,136.76,150.0,87.0,1000.486274510622,1000.611764729023,1000.6941176652908,1000.772549033165,1000.8823529481888,2000.800000011921,3000.4000000059605,3000.600000023842,3000.7137255072594,3001.0,181.3355743408203,189.07322387695314,193.93016510009767,197.6284423828125,200.7997589111328,203.86522827148437,207.0180450439453,210.56982421875,215.95907592773438,345.7445983886719,240.53972,0.0,test_data/Useful/Validation/rice-at-1-ft/20241108_084919_078.jpg,1392.0,291.0,30.44367758818796
72,19.72,30.0,34.0,37.96,39.0,40.0,43.0,45.0,47.0,51.0,52.64,54.0,54.0,56.0,57.599999999999994,60.0,61.0,62.0,63.0,65.0,66.03999999999999,67.0,68.0,69.0,71.0,72.0,73.0,73.0,75.0,76.0,78.0,78.68,79.0,80.0,80.0,81.0,81.0,82.0,82.0,83.0,83.0,84.0,85.0,85.56,87.0,87.04000000000002,88.0,89.0,90.0,90.0,91.0,92.0,92.0,93.0,93.0,94.0,95.0,96.0,96.15999999999997,97.39999999999998,98.0,99.0,99.12,100.0,101.0,101.0,102.0,103.0,103.0,104.0,105.0,105.0,107.0,107.75999999999999,108.0,109.0,110.0,110.72000000000003,111.0,112.0,113.0,114.67999999999995,115.91999999999996,117.0,117.0,118.0,119.0,120.12,122.0,123.0,124.0,125.0,126.0,127.0,128.0,130.0,133.0,135.0,138.76,155.0,80.0,1000.4823529422283,1000.611764729023,1000.6901960968971,1000.7686274647713,1000.8705882430077,2000.772549033165,3000.3843137323856,3000.596078455448,3000.7098039388657,3001.0,181.36160278320312,188.97039184570312,193.7648162841797,197.5130615234375,200.75872802734375,203.7921905517578,206.9363250732422,210.53236389160156,216.032470703125,345.75531005859375,241.08414,0.0,test_data/Useful/Validation/rice-at-1-ft/20241108_084919_079.jpg,1391.0,279.0,30.80986140442318
73,19.240000000000002,28.0,32.44,37.0,42.0,44.0,47.0,49.0,52.0,53.0,55.0,57.0,59.0,59.0,60.599999999999994,62.0,64.0,66.0,67.0,68.80000000000001,70.0,71.28,72.0,74.0,75.0,76.0,76.0,77.0,77.95999999999998,78.0,79.0,80.0,81.0,81.0,82.0,83.0,83.88,84.0,85.0,85.0,86.0,86.0,87.0,87.0,88.0,89.0,89.0,90.0,91.0,91.0,92.0,92.0,93.0,93.0,94.0,95.0,95.0,96.0,96.15999999999997,97.0,98.0,99.0,99.0,100.0,100.60000000000002,101.0,102.0,102.32000000000005,104.0,105.0,105.0,106.0,107.0,107.0,108.0,109.0,110.0,111.0,111.0,112.0,113.0,114.0,114.0,116.0,117.39999999999998,118.0,119.0,120.0,120.36000000000001,121.0,122.84000000000003,123.0,125.0,127.0,129.79999999999995,131.03999999999996,136.0,138.0,140.76,156.0,92.0,1000.4823529422283,1000.611764729023,1000.6901960968971,1000.7686274647713,1000.8705882430077,2000.7568627595901,3000.380392163992,3000.596078455448,3000.7098039388657,3001.0,181.3916015625,189.08494567871094,193.9179229736328,197.60125732421875,200.84205627441406,203.86465454101562,206.9857177734375,210.58767700195312,215.87196350097656,345.78155517578125,240.84167,0.0,test_data/Useful/Validation/rice-at-1-ft/20241108_084919_080.jpg,1330.0,278.0,28.36098225657736
74,15.72,32.480000000000004,36.44,39.96,42.2,44.0,46.68000000000001,48.0,50.0,52.400000000000006,54.0,55.0,57.0,59.0,59.599999999999994,60.84,62.0,63.0,63.56,66.0,67.03999999999999,68.0,70.0,71.0,73.0,73.0,74.0,74.0,75.0,76.19999999999999,77.0,78.0,79.0,80.0,80.0,81.0,81.0,82.0,82.0,83.0,84.0,84.0,85.0,86.0,86.80000000000001,87.0,88.0,89.0,89.0,90.0,90.0,91.48000000000002,92.0,92.96000000000004,93.0,94.0,94.0,95.0,96.0,96.0,97.0,97.0,98.0,99.0,100.0,100.0,101.0,102.0,102.0,102.79999999999995,104.0,104.0,105.0,105.75999999999999,107.0,107.0,108.0,109.0,110.0,110.20000000000005,112.0,113.0,114.0,116.0,117.0,117.0,118.0,119.12,120.36000000000001,122.0,122.0,123.0,125.0,126.0,129.0,132.0,135.27999999999997,137.51999999999998,143.51999999999998,156.0,102.0,1000.486274510622,1000.611764729023,1000.6901960968971,1000.7686274647713,1000.8784313797951,2000.7529411911964,3000.376470595598,3000.5921568870544,3000.7098039388657,3001.0,181.3953399658203,188.9707794189453,193.7325439453125,197.46534729003906,200.7600555419922,203.7794647216797,206.92361450195312,210.5311279296875,215.9658203125,345.7801818847656,240.61043,0.0,test_data/Useful/Validation/rice-at-1-ft/20241108_084919_081.jpg,1424.0,303.0,30.372220037455502
75,21.0,26.48,33.16,39.0,42.0,44.44,48.360000000000014,51.92,54.0,56.400000000000006,57.64,59.879999999999995,61.0,61.0,63.599999999999994,64.0,66.0,67.0,68.0,68.0,70.0,71.0,71.52000000000001,72.0,73.0,73.0,74.0,75.0,76.0,78.0,79.0,80.68,81.0,82.0,82.0,83.0,83.88,84.0,84.36000000000001,85.0,86.0,87.0,87.32,88.0,88.0,89.0,90.0,90.0,90.0,92.0,92.0,93.0,94.0,94.0,95.0,96.0,96.0,96.0,97.0,98.0,99.0,100.0,100.0,101.0,101.0,102.0,103.0,104.0,104.0,105.0,105.0,106.0,107.0,108.0,109.0,110.0,110.0,111.0,111.0,112.0,112.44000000000005,113.0,115.0,116.15999999999997,117.39999999999998,118.63999999999999,119.0,120.0,121.0,122.0,123.0,124.0,125.0,126.55999999999995,129.0,131.0,134.0,135.0,142.27999999999997,156.0,88.0,1000.486274510622,1000.611764729023,1000.6901960968971,1000.772549033165,1000.8862745165825,2000.772549033165,3000.3882353007793,3000.596078455448,3000.7098039388657,3001.0,181.3950958251953,189.00750732421875,193.82168579101562,197.55394897460937,200.83199310302734,203.85501098632812,206.95526123046875,210.54296875,215.9007110595703,345.81396484375,241.091,0.0,test_data/Useful/Validation/rice-at-1-ft/20241108_084919_082.jpg,1413.0,311.0,35.33993332387809
76,12.48,25.0,30.0,34.0,39.0,42.0,44.68000000000001,49.0,50.0,52.0,53.0,55.0,57.0,58.0,59.0,60.84,62.08000000000001,64.32,66.56,68.0,69.0,70.0,71.0,71.75999999999999,72.0,72.0,74.0,74.72000000000003,75.0,76.0,77.0,77.0,78.0,79.0,80.0,81.0,81.0,82.0,83.0,84.0,84.0,85.0,86.0,86.56,87.0,88.0,89.0,89.0,90.0,90.0,91.0,91.0,92.0,92.0,93.0,94.0,95.0,96.0,96.0,97.0,98.0,99.0,99.0,100.0,100.60000000000002,101.0,102.08000000000004,104.0,104.0,105.0,105.03999999999996,106.0,107.0,108.75999999999999,110.0,110.0,110.48000000000002,111.0,112.0,113.0,114.0,115.0,116.0,116.15999999999997,117.0,118.0,119.0,120.0,120.36000000000001,121.60000000000002,122.0,124.0,126.0,127.0,128.0,130.0,132.27999999999997,137.51999999999998,140.76,152.0,90.0,1000.4901960790157,1000.6156862974167,1000.6941176652908,1000.7803921699524,1000.8941176533699,2000.784313738346,3000.407843142748,3000.6039215922356,3000.7137255072594,3001.0,181.10808868408202,188.74480895996095,193.52548217773438,197.33331298828125,200.58023071289062,203.669677734375,206.75535583496094,210.374755859375,215.81613159179688,345.81866455078125,241.80298,0.0,test_data/Useful/Validation/rice-at-1-ft/20241108_084919_083.jpg,1396.0,312.0,26.145340947737594
77,22.0,25.48,31.0,34.92,39.0,40.0,41.0,45.0,46.0,48.400000000000006,50.0,52.0,54.0,56.0,57.0,58.0,60.0,61.0,61.0,62.0,62.0,63.28,64.52000000000001,65.0,66.0,67.0,68.0,69.0,71.0,72.0,73.0,74.0,74.92000000000002,75.0,76.0,76.63999999999999,77.0,79.0,80.0,80.0,81.0,82.0,83.0,83.56,84.0,85.0,86.0,86.51999999999998,87.0,88.0,89.0,89.0,90.0,91.0,92.0,93.0,93.0,94.0,95.0,95.0,96.0,97.0,97.0,98.0,98.0,99.0,100.08000000000004,101.32000000000005,102.0,103.0,104.0,105.0,105.0,106.0,107.0,107.0,108.0,109.0,110.0,111.20000000000005,112.0,113.0,114.0,114.0,115.0,116.0,117.0,119.0,119.0,120.60000000000002,121.0,123.0,124.0,126.0,128.0,130.03999999999996,133.0,134.51999999999998,139.0,143.0,89.0,1000.4941176474094,1000.6196078658104,1000.6980392336845,1000.7843137383461,1000.8980392217636,2000.7921568751335,3000.4117647111416,3000.6039215922356,3000.7137255072594,3001.0,181.24578857421875,188.7369384765625,193.54217529296875,197.2516357421875,200.49603271484375,203.5159149169922,206.63668518066405,210.23721313476562,215.7748260498047,345.81036376953125,242.82698,0.0,test_data/Useful/Validation/rice-at-1-ft/20241108_084919_084.jpg,1419.0,287.0,33.23573976347997
78,18.240000000000002,22.48,27.0,29.96,35.2,38.0,40.68000000000001,43.0,46.16,48.0,50.0,51.0,53.0,55.0,56.599999999999994,57.0,58.08000000000001,60.0,61.56,63.80000000000001,65.0,65.0,67.52000000000001,69.0,69.0,70.0,71.0,72.0,73.0,74.0,74.44,75.0,76.92000000000002,77.16000000000003,78.0,78.63999999999999,79.88,80.0,81.0,81.0,83.0,83.0,84.0,85.0,86.0,86.0,87.0,88.0,89.0,90.0,90.0,91.0,91.72000000000003,92.0,93.0,93.0,94.0,94.0,95.0,95.0,96.0,97.0,97.0,98.0,99.0,99.84000000000003,100.0,101.0,102.0,103.0,103.0,104.0,104.51999999999998,105.0,106.0,107.0,107.0,108.0,109.0,110.0,111.0,112.0,113.0,114.0,115.0,116.0,117.0,118.0,119.36000000000001,120.0,122.0,122.0,124.32000000000005,126.55999999999995,128.0,131.0,133.0,134.51999999999998,136.0,148.0,97.0,1000.4980392158031,1000.6196078658104,1000.6980392336845,1000.7882353067398,1000.9137254953384,2000.7960784435272,3000.4156862795353,3000.6078431606293,3000.7137255072594,3001.0,181.13516235351562,188.73696899414062,193.51271057128906,197.31260681152344,200.522705078125,203.55506896972656,206.70233154296875,210.29029846191406,215.79393005371094,345.86175537109375,242.32516,0.0,test_data/Useful/Validation/rice-at-1-ft/20241108_084919_085.jpg,1464.0,309.0,30.644205330366614
79,10.0,18.96,26.439999999999998,30.0,33.2,36.0,39.0,42.92,45.0,47.0,49.64,51.0,52.120000000000005,53.360000000000014,55.0,56.0,58.0,58.0,59.0,61.0,63.0,64.0,65.0,65.0,67.0,67.0,68.0,69.0,70.0,71.0,72.0,73.0,74.0,75.16000000000003,77.0,77.0,78.0,79.0,79.36000000000001,81.0,81.0,82.0,83.0,84.0,84.80000000000001,85.0,86.0,87.0,87.0,87.0,88.0,88.0,89.0,90.0,91.0,92.0,92.0,93.0,94.0,95.0,96.0,97.0,97.12,99.0,99.0,99.0,100.0,101.0,101.0,101.79999999999995,102.0,103.0,103.0,104.0,105.0,105.0,107.0,107.0,107.96000000000004,108.0,109.0,110.0,110.0,111.0,112.39999999999998,113.63999999999999,115.0,116.12,117.0,119.0,120.0,122.0,123.32000000000005,125.0,126.0,127.0,128.27999999999997,130.0,135.51999999999998,149.0,87.0,1000.5019608139992,1000.6235294342041,1000.7019608020782,1000.7921568751335,1000.9176470637321,2000.7960784435272,3000.4235294163227,3000.611764729023,3000.7137255072594,3001.0,180.8411865234375,188.46536254882812,193.3074951171875,197.05908203125,200.28414916992188,203.36480712890625,206.5330810546875,210.19586486816408,215.71526184082032,345.8253479003906,242.94666,0.0,test_data/Useful/Validation/rice-at-1-ft/20241108_084919_086.jpg,1441.0,307.0,28.736932425217127
80,16.48,22.0,27.439999999999998,32.0,35.2,38.44,42.0,44.0,47.0,49.0,50.64,52.0,53.120000000000005,55.0,56.599999999999994,58.0,60.0,61.0,61.56,62.0,63.0,64.0,65.0,66.0,67.0,68.0,69.0,70.0,71.0,73.0,74.0,75.0,75.0,76.0,76.39999999999998,78.0,79.0,80.0,80.0,82.0,82.0,83.0,84.0,85.0,85.80000000000001,86.0,86.0,87.0,89.0,89.0,90.0,90.48000000000002,91.0,92.96000000000004,93.0,93.0,94.0,94.0,95.0,96.0,97.0,98.0,98.12,99.0,100.0,100.0,101.0,102.0,102.0,103.0,103.0,104.0,105.0,105.0,106.0,107.0,107.48000000000002,108.0,109.0,110.0,110.0,112.0,112.0,112.0,113.0,115.0,116.0,117.0,119.0,122.0,123.0,123.0,125.0,127.55999999999995,129.0,131.0,132.0,134.51999999999998,139.76,160.0,102.0,1000.5019608139992,1000.6235294342041,1000.7019608020782,1000.7882353067398,1000.9176470637321,2000.772549033165,3000.403921574354,3000.6078431606293,3000.7137255072594,3001.0,181.18014678955078,188.7078063964844,193.55852508544922,197.32111511230468,200.53327178955078,203.55209350585938,206.68310546875,210.23634338378906,215.7101287841797,345.873779296875,242.82889,0.0,test_data/Useful/Validation/rice-at-1-ft/20241108_084919_087.jpg,1389.0,295.0,29.578422948458403
81,9.24,18.880000000000003,26.439999999999998,32.0,34.0,38.0,39.0,42.0,44.0,45.0,48.64,50.0,52.0,53.0,54.0,55.0,57.0,58.0,59.56,62.0,63.0,65.0,66.0,67.0,68.0,69.0,69.0,70.0,71.0,72.0,73.0,74.0,75.0,76.0,77.0,78.63999999999999,79.0,80.0,80.0,81.0,82.0,82.07999999999998,84.0,84.56,85.0,86.0,87.0,87.0,88.0,89.0,89.24000000000001,90.0,90.72000000000003,91.0,92.0,92.0,93.0,94.0,95.0,95.0,96.63999999999999,97.0,97.0,98.0,98.0,99.0,99.0,100.0,100.0,101.0,101.03999999999996,102.0,102.0,103.0,105.0,105.0,106.0,107.0,107.96000000000004,108.0,109.0,109.67999999999995,110.0,111.0,113.0,114.0,115.0,116.0,118.0,120.0,121.84000000000003,122.0,124.0,125.0,126.0,128.0,130.27999999999997,132.51999999999998,141.51999999999998,157.0,97.0,1000.5019608139992,1000.6235294342041,1000.6980392336845,1000.7843137383461,1000.9019607901573,2000.7411764860153,3000.3882353007793,3000.600000023842,3000.7098039388657,3001.0,180.7266845703125,188.3970947265625,193.21714477539064,196.98094177246094,200.23194122314453,203.3494903564453,206.50462036132814,210.14305725097657,215.54193115234375,345.86187744140625,242.24747,0.0,test_data/Useful/Validation/rice-at-1-ft/20241108_084919_088.jpg,1369.0,286.0,26.893035533845048
82,19.0,29.48,34.72,37.0,39.0,41.0,43.360000000000014,44.0,48.0,50.0,50.64,52.0,52.120000000000005,54.0,55.0,56.0,57.0,58.0,59.0,59.80000000000001,61.03999999999999,63.28,65.0,66.0,67.0,69.0,69.0,70.72000000000003,71.95999999999998,72.0,73.0,74.0,75.0,76.0,77.0,77.0,78.0,79.0,79.0,81.0,81.0,81.07999999999998,82.32,83.0,84.0,84.04000000000002,85.0,86.0,86.75999999999999,87.0,88.0,89.0,89.72000000000003,90.0,91.0,91.0,92.0,92.91999999999996,93.0,94.0,94.0,95.0,95.0,96.0,96.60000000000002,97.0,98.0,99.0,100.0,100.0,101.0,102.0,102.51999999999998,103.0,104.0,106.0,106.0,107.0,107.0,109.0,109.44000000000005,110.0,111.0,111.15999999999997,112.39999999999998,114.63999999999999,115.0,116.0,118.0,119.0,120.0,121.0,123.0,125.0,127.0,128.0,130.27999999999997,133.51999999999998,135.76,152.0,81.0,1000.5019608139992,1000.6235294342041,1000.7019608020782,1000.7882353067398,1000.9098039269447,2000.7529411911964,3000.4000000059605,3000.6039215922356,3000.7098039388657,3001.0,181.00599670410156,188.5308074951172,193.39698791503906,197.16073608398438,200.42649841308594,203.46231079101562,206.58281860351562,210.18997192382812,215.593994140625,345.9191589355469,243.70699,0.0,test_data/Useful/Validation/rice-at-1-ft/20241108_084919_089.jpg,1457.0,308.0,29.54872458054671
83,14.0,19.92,28.0,31.92,37.0,40.0,43.0,43.0,46.0,48.0,50.0,51.0,54.0,55.0,57.0,58.0,59.0,61.0,62.0,63.0,64.0,65.0,65.52000000000001,66.0,67.0,68.0,70.0,71.0,73.0,74.0,75.0,75.68,76.0,77.0,78.0,79.0,80.0,81.0,81.0,82.0,83.0,84.0,85.0,86.0,86.80000000000001,87.0,87.27999999999997,89.0,90.0,91.0,92.0,92.0,93.0,93.96000000000004,94.0,95.0,96.0,96.91999999999996,97.0,98.0,99.0,100.0,100.0,100.36000000000001,101.0,101.84000000000003,103.0,103.0,104.0,104.0,105.0,106.0,106.0,107.0,107.0,108.0,109.0,110.0,110.96000000000004,111.0,112.0,113.0,113.0,114.15999999999997,116.0,117.0,118.0,118.0,119.36000000000001,121.0,121.0,122.0,124.0,126.0,127.0,130.03999999999996,132.0,135.03999999999996,141.51999999999998,154.0,100.0,1000.5098039507866,1000.6274510025978,1000.7098039388657,1000.8039215803146,1000.9490196108818,2000.8078431487083,3000.43137255311,3000.611764729023,3000.7137255072594,3001.0,181.2095947265625,188.82968444824218,193.59870147705078,197.31307373046874,200.54193878173828,203.54804077148438,206.67431640625,210.2333221435547,215.70297241210938,345.91839599609375,242.98523,0.0,test_data/Useful/Validation/rice-at-1-ft/20241108_084919_090.jpg,1360.0,267.0,23.978859033124067
84,14.48,23.92,28.72,31.96,36.400000000000006,40.44,44.0,46.0,47.16,49.0,50.0,52.0,53.120000000000005,55.0,57.0,59.0,60.08000000000001,62.0,63.0,64.0,65.0,66.0,67.0,68.0,69.0,70.0,71.0,72.0,73.0,73.19999999999999,74.44,75.68,76.0,77.0,78.0,79.0,80.0,81.12,83.0,83.0,84.0,85.0,85.0,86.0,87.0,87.0,88.0,89.0,89.0,90.0,91.0,92.0,92.72000000000003,93.0,94.0,95.0,96.0,97.0,97.0,98.0,99.0,99.88,101.0,101.36000000000001,102.0,103.0,104.0,105.0,105.0,106.0,106.0,107.0,107.51999999999998,108.0,109.0,110.0,111.0,112.0,113.0,114.0,114.0,116.0,117.0,118.0,118.0,119.0,120.0,121.0,122.0,123.0,124.0,126.0,128.0,129.0,130.79999999999995,132.0,134.27999999999997,136.51999999999998,140.51999999999998,152.0,97.0,1000.5098039507866,1000.6313725709915,1000.7098039388657,1000.8078431487083,1000.9607843160629,2000.8235294222832,3000.447058826685,3000.6156862974167,3000.7137255072594,3001.0,181.3642578125,188.8474884033203,193.671630859375,197.36629638671874,200.65631866455078,203.6912841796875,206.80943756103517,210.37040710449222,215.67769470214844,345.9615478515625,241.44116,0.0,test_data/Useful/Validation/rice-at-1-ft/20241108_084919_091.jpg,1329.0,290.0,29.95620123008381
85,12.48,22.0,28.0,37.0,39.2,42.0,44.0,46.0,48.0,49.0,50.64,52.0,53.120000000000005,55.0,57.0,57.0,59.0,60.0,61.56,62.80000000000001,64.0,66.0,68.0,69.0,70.0,72.0,72.0,73.0,74.0,75.0,76.0,76.0,76.92000000000002,78.0,79.0,80.0,80.0,81.0,82.0,83.0,83.83999999999997,84.0,84.0,86.0,87.0,87.0,88.27999999999997,89.51999999999998,90.75999999999999,91.0,91.0,92.48000000000002,93.72000000000003,94.0,95.0,95.0,95.0,96.0,96.15999999999997,97.0,98.0,98.0,99.0,100.0,100.0,101.0,101.0,102.0,103.0,104.0,105.0,106.0,107.0,107.75999999999999,108.0,108.0,109.0,109.72000000000003,110.0,111.0,112.0,113.0,114.0,115.0,116.0,118.63999999999999,119.0,121.0,122.0,123.0,124.0,126.0,127.0,127.0,129.0,131.0,132.0,134.0,139.51999999999998,154.0,95.0,1000.517647087574,1000.6352941393852,1000.7176470756531,1000.8196078538895,1000.9960784316063,2000.8745098114014,3000.46274510026,3000.6196078658104,3000.717647075653,3001.0,181.40255737304688,189.0586700439453,193.8585662841797,197.52587890625,200.7536163330078,203.79966735839844,206.8688980102539,210.39794921875,215.68258666992188,345.959716796875,241.69487,0.0,test_data/Useful/Validation/rice-at-1-ft/20241108_084919_092.jpg,1389.0,297.0,29.733350618769343
86,13.48,21.0,22.72,26.96,34.2,36.0,38.68000000000001,40.0,47.0,49.400000000000006,53.0,54.0,56.0,58.0,59.599999999999994,60.0,62.0,63.0,64.0,65.0,67.0,68.28,69.0,71.0,71.0,72.0,74.0,74.0,75.0,76.0,77.0,77.0,79.0,80.16000000000003,81.39999999999998,82.0,84.0,84.0,85.0,86.0,86.83999999999997,87.0,88.0,89.0,90.80000000000001,91.0,91.0,93.0,93.0,94.0,94.0,95.0,96.0,96.0,97.0,98.0,98.0,99.0,100.0,100.39999999999998,101.0,102.0,102.0,103.0,104.0,105.0,105.0,106.0,106.0,107.0,108.0,109.0,109.0,111.0,112.0,113.0,114.0,114.0,115.0,116.0,116.0,117.0,118.0,119.0,120.0,120.0,121.0,123.0,125.0,126.0,127.0,129.08000000000004,131.0,132.0,133.0,136.0,138.0,140.51999999999998,144.76,155.0,91.0,1000.5137255191803,1000.6352941393852,1000.7176470756531,1000.8274509906769,1001.0,2000.8980392217636,3000.4666666686535,3000.6196078658104,3000.721568644047,3001.0,181.683349609375,189.18714904785156,194.06209259033204,197.79050903320314,201.0083770751953,204.01141967773438,207.11822967529295,210.6095733642578,215.84886169433594,346.0168151855469,242.05994,0.0,test_data/Useful/Validation/rice-at-1-ft/20241108_084919_093.jpg,1395.0,285.0,34.221803004180074
87,8.48,26.48,31.0,37.0,40.0,42.44,45.0,45.92,48.16,50.0,54.0,56.0,58.0,59.0,61.0,61.0,63.0,64.0,66.56,68.0,69.0,70.0,71.0,71.75999999999999,72.0,72.24000000000001,73.0,74.0,75.0,75.19999999999999,77.0,78.0,78.0,79.0,80.0,81.0,81.0,82.0,83.0,83.60000000000002,84.0,86.0,86.0,86.0,87.0,88.0,88.0,89.0,89.0,91.0,91.0,92.48000000000002,93.0,93.0,94.0,95.0,96.0,96.0,97.0,98.0,99.0,99.0,100.0,101.0,101.60000000000002,103.0,104.0,104.0,105.0,106.0,106.0,107.0,108.51999999999998,109.75999999999999,110.0,111.0,112.48000000000002,113.0,114.0,115.0,116.0,116.67999999999995,117.0,118.0,119.0,119.0,121.0,122.0,123.0,124.0,125.0,126.0,127.0,128.55999999999995,129.79999999999995,131.07999999999993,134.0,135.0,140.51999999999998,152.0,86.0,1000.517647087574,1000.6392157077789,1000.7254902124405,1000.8352941274643,1001.0,2001.0,3000.474509805441,3000.623529434204,3000.7254902124405,3001.0,181.6900634765625,189.30487060546875,194.14720153808594,197.86013793945312,201.09376525878906,204.11764526367188,207.17140197753906,210.6857147216797,215.8351287841797,346.010009765625,242.33177,0.0,test_data/Useful/Validation/rice-at-1-ft/20241108_084919_094.jpg,1410.0,267.0,28.973538670254193
88,8.24,20.44,29.0,33.96,36.2,41.0,44.0,47.0,49.16,51.0,52.64,54.0,57.120000000000005,59.0,61.599999999999994,63.0,64.0,65.32,68.0,69.0,72.0,73.0,74.0,75.0,76.0,76.24000000000001,77.0,78.0,79.0,80.0,80.0,82.0,82.0,83.0,83.0,84.0,85.0,85.12,86.0,87.0,87.0,88.0,89.0,89.56,90.0,91.0,92.0,92.0,93.0,94.0,94.0,95.0,95.72000000000003,96.0,98.0,98.0,99.0,99.0,100.0,101.0,101.0,102.0,103.0,103.36000000000001,104.0,106.0,107.0,107.0,108.0,108.0,109.0,110.0,111.0,111.0,112.0,113.0,114.0,114.0,115.0,116.0,117.0,118.0,119.0,120.0,121.0,122.0,123.0,123.0,124.0,125.0,126.0,127.0,128.0,130.0,130.79999999999995,133.03999999999996,137.0,139.0,148.0,163.0,83.0,1000.5254902243614,1000.6470588445663,1000.7372549176216,1000.8509804010391,2000.176470592618,3000.1450980454683,3000.505882382393,3000.635294139385,3000.729411780834,3001.0,181.72378540039062,189.20228576660156,194.03174743652343,197.70917663574218,200.91009521484375,203.93353271484375,207.04092407226562,210.54673767089844,215.722412109375,346.04345703125,242.82217,0.0,test_data/Useful/Validation/rice-at-1-ft/20241108_084919_095.jpg,1322.0,275.0,27.784938078607073
89,21.48,29.44,36.0,38.0,43.0,47.44,49.0,50.0,52.0,53.0,54.64,56.879999999999995,58.0,58.0,60.0,61.84,63.0,63.0,65.0,67.0,68.0,69.0,71.0,73.0,74.0,76.0,78.0,79.0,80.0,82.0,83.0,83.0,85.0,85.16000000000003,86.39999999999998,87.0,88.0,89.0,90.0,90.0,91.0,92.0,93.0,94.0,94.0,95.0,95.0,95.0,96.0,97.0,97.0,98.0,99.0,99.0,100.0,101.0,101.0,102.0,102.0,103.0,104.0,104.0,105.12,106.0,107.0,107.0,108.0,108.0,109.0,109.0,110.0,110.27999999999997,111.0,112.0,112.0,113.0,113.0,114.0,115.0,116.0,117.0,118.0,119.0,120.0,120.0,121.0,122.0,123.0,123.0,124.0,126.0,127.0,129.0,131.0,132.79999999999995,134.0,135.0,140.0,143.0,159.0,95.0,1000.5294117927551,1000.65098041296,1000.745098054409,1000.866666674614,2000.4392156898975,3000.1960784345865,3000.517647087574,3000.639215707779,3000.733333349228,3001.0,181.8780517578125,189.41400146484375,194.1769256591797,197.9337921142578,201.22113037109375,204.21071166992186,207.29017944335936,210.77880859375,215.85546875,346.068359375,241.52214,0.0,test_data/Useful/Validation/rice-at-1-ft/20241108_084919_096.jpg,1358.0,264.0,28.033646836672613
90,21.48,32.480000000000004,37.0,45.96,48.2,52.0,54.0,57.0,59.0,61.0,62.0,63.879999999999995,65.0,66.0,66.0,67.0,69.0,71.0,72.0,73.0,74.0,74.0,75.0,76.0,77.0,77.0,78.0,79.0,80.0,80.0,81.44,82.0,82.92000000000002,84.0,84.0,85.0,86.0,86.12,87.0,88.0,89.0,90.0,90.0,91.0,92.0,93.0,93.0,94.0,94.0,95.0,95.0,96.0,97.0,98.0,98.0,99.0,99.67999999999995,100.0,101.0,101.39999999999998,102.0,102.0,103.0,104.0,104.0,105.0,106.0,106.0,106.0,107.0,107.03999999999996,108.0,109.0,109.0,110.0,110.24000000000001,111.0,112.0,113.0,113.0,114.0,115.0,116.0,117.0,118.0,118.0,119.0,119.12,122.0,123.0,124.84000000000003,125.0,126.0,127.0,128.79999999999995,130.03999999999996,133.0,134.51999999999998,137.0,148.0,106.0,1000.5764706134796,1000.6980392336845,1000.8549019694328,2000.1529411822557,3000.0784313753247,3000.4117647111416,3000.5647059082985,3000.6470588445663,3000.721568644047,3001.0,180.5212661743164,188.1947479248047,193.07386779785156,196.79383850097656,200.07398986816406,203.145751953125,206.23147583007812,209.91024780273438,215.51235961914062,346.1368408203125,237.95859,0.0,test_data/Useful/Validation/rice-at-1-ft/20241108_085007_047.jpg,1318.0,270.0,26.294669390609904
91,26.72,33.0,38.0,42.96,45.2,48.0,50.0,52.0,54.0,56.400000000000006,59.0,60.0,62.120000000000005,64.0,65.0,66.0,66.0,67.0,68.0,70.0,71.0,72.0,73.0,74.0,75.0,75.0,76.0,76.72000000000003,77.95999999999998,78.0,78.0,79.0,79.0,80.0,81.0,82.0,83.0,84.0,84.36000000000001,85.0,85.0,86.0,86.32,87.0,88.0,88.0,89.0,90.0,90.75999999999999,92.0,92.0,93.0,94.0,94.0,95.20000000000005,96.0,97.0,97.91999999999996,98.0,99.0,99.63999999999999,100.0,101.0,102.0,102.0,103.0,104.0,105.0,106.0,106.0,106.03999999999996,107.0,107.0,108.0,109.0,110.0,110.0,111.0,112.0,113.0,113.0,114.0,115.0,116.0,116.0,118.0,118.0,120.0,120.0,121.0,122.0,123.0,125.0,127.55999999999995,129.0,131.0,133.0,136.0,139.0,156.0,85.0,1000.5764706134796,1000.6941176652908,1000.8431372642517,1001.0,2000.9529411792755,3000.4000000059605,3000.560784339905,3000.6431372761726,3000.7137255072594,3001.0,180.66607666015625,188.2240447998047,192.93903045654298,196.73232727050782,199.9369354248047,202.98939514160156,206.15308074951173,209.85894165039062,215.5770721435547,346.1443786621094,239.40752,0.0,test_data/Useful/Validation/rice-at-1-ft/20241108_085007_048.jpg,1349.0,270.0,33.726962583707966
92,16.240000000000002,32.96,37.72,41.0,46.0,48.44,50.68000000000001,52.0,54.0,55.0,56.64,59.0,60.120000000000005,62.0,63.599999999999994,64.84,66.0,67.32,69.0,70.0,71.0,72.0,73.52000000000001,75.0,76.0,76.0,77.0,78.0,78.95999999999998,80.0,80.44,81.68,82.92000000000002,84.0,85.0,85.0,86.0,87.0,87.0,88.0,89.0,89.0,90.0,90.0,91.0,92.0,93.0,93.0,94.0,94.0,94.0,95.0,96.0,97.0,97.0,98.0,98.0,99.0,100.0,100.39999999999998,101.0,101.88,102.0,103.0,104.0,104.84000000000003,105.0,106.32000000000005,107.0,107.79999999999995,108.0,109.0,109.0,109.75999999999999,111.0,112.0,112.48000000000002,113.0,113.96000000000004,114.0,115.0,115.0,116.0,117.0,117.0,117.0,118.0,119.0,120.0,121.0,122.84000000000003,123.08000000000004,125.0,127.0,128.79999999999995,132.0,134.0,136.0,139.0,157.0,94.0,1000.5725490450859,1000.6901960968971,1000.8313725590706,1001.0,2000.8862745165825,3000.3882353007793,3000.556862771511,3000.639215707779,3000.7137255072594,3001.0,180.58743133544922,188.27259521484376,193.2006820678711,196.9524688720703,200.15077209472656,203.22103881835938,206.34213256835938,210.01670837402344,215.62574768066406,346.1752624511719,240.07465,0.0,test_data/Useful/Validation/rice-at-1-ft/20241108_085007_049.jpg,1395.0,280.0,30.396777541393124
93,21.0,30.48,35.0,42.92,46.2,48.0,50.0,51.0,54.0,55.400000000000006,57.0,58.0,60.120000000000005,63.0,64.0,66.0,70.0,71.0,71.0,72.80000000000001,74.0,74.28,76.0,76.0,77.0,78.0,79.0,80.0,81.0,82.0,82.44,84.0,84.0,86.0,87.0,88.0,89.0,89.0,90.0,91.0,91.83999999999997,92.0,93.0,93.0,94.0,94.0,95.0,95.0,96.0,96.0,97.0,97.48000000000002,98.0,99.0,99.20000000000005,100.0,101.0,101.0,102.0,102.0,103.0,103.0,104.0,105.0,106.0,106.0,106.08000000000004,108.0,109.0,110.0,110.03999999999996,111.27999999999997,112.0,112.0,113.0,113.0,114.0,114.72000000000003,115.0,116.0,116.44000000000005,118.0,119.0,120.0,121.0,122.0,123.0,124.0,125.0,126.0,127.0,128.0,129.32000000000005,132.0,133.0,135.07999999999993,138.0,139.0,143.0,148.0,112.0,1000.5686274766922,1000.6901960968971,1000.8313725590706,1001.0,2000.839215695858,3000.376470595598,3000.5529412031174,3000.639215707779,3000.7137255072594,3001.0,181.08929748535155,188.57191162109376,193.40079345703126,197.1289794921875,200.37355041503906,203.48056030273438,206.59304809570312,210.22109985351562,215.7464599609375,346.2143249511719,239.8757,0.0,test_data/Useful/Validation/rice-at-1-ft/20241108_085007_050.jpg,1374.0,274.0,31.84717285947702
94,30.0,37.0,41.0,43.96,46.0,47.0,49.0,50.92,53.0,58.0,61.0,63.0,64.12,66.0,67.0,68.0,70.0,71.0,72.0,73.0,74.0,76.0,77.0,78.0,79.0,80.0,80.0,81.0,82.0,82.0,83.0,83.0,84.0,85.16000000000003,86.0,87.0,88.0,88.12,89.0,90.0,90.0,91.0,91.32,92.0,93.0,94.0,94.0,95.0,95.75999999999999,96.0,97.0,97.0,98.0,99.0,99.0,100.0,100.0,100.91999999999996,102.15999999999997,103.0,103.0,104.0,105.0,105.0,105.60000000000002,106.0,106.0,107.0,108.0,108.0,109.0,110.0,111.0,111.0,112.0,113.0,113.0,114.0,114.0,115.20000000000005,117.0,117.67999999999995,118.0,119.0,119.0,120.0,121.0,122.0,122.36000000000001,124.0,125.0,126.0,127.32000000000005,128.0,130.0,131.03999999999996,133.0,135.0,143.76,158.0,100.0,1000.5686274766922,1000.6862745285034,1000.8274509906769,1001.0,2000.7960784435272,3000.3607843220234,3000.5490196347237,3000.639215707779,3000.7137255072594,3001.0,180.91092376708986,188.48164672851564,193.2531753540039,197.01254272460938,200.2826919555664,203.37698364257812,206.50927734375,210.2059783935547,215.80809020996094,346.2322998046875,238.32343,0.0,test_data/Useful/Validation/rice-at-1-ft/20241108_085007_051.jpg,1387.0,270.0,33.55195548220348
95,24.48,32.0,40.72,44.96,49.2,51.44,54.0,57.0,59.0,60.0,62.0,63.0,65.0,67.0,68.0,68.0,70.0,71.0,72.0,73.0,73.0,74.0,75.0,76.0,77.0,78.0,79.0,80.0,80.0,81.0,81.44,82.0,83.0,84.0,84.0,85.0,85.0,86.0,87.36000000000001,88.60000000000002,90.0,91.0,91.0,92.0,92.0,93.0,93.0,94.0,94.0,95.0,96.0,97.0,97.0,97.96000000000004,98.0,99.0,99.0,100.0,100.0,101.0,101.0,102.0,102.12,103.0,104.0,104.84000000000003,105.08000000000004,106.32000000000005,107.0,108.0,108.0,109.0,109.0,110.0,110.0,111.0,112.0,112.0,113.0,114.0,115.0,116.0,117.0,117.0,118.39999999999998,119.0,120.0,121.0,123.0,124.0,124.84000000000003,127.0,128.32000000000005,129.55999999999995,131.0,133.0,135.55999999999995,140.51999999999998,143.0,152.0,99.0,1000.5647059082985,1000.6823529601097,1000.8156862854958,1000.9882352948189,2000.7529411911964,3000.3450980484486,3000.5411764979362,3000.635294139385,3000.7137255072594,3001.0,180.77117614746095,188.38858337402343,193.23638916015625,196.96530151367188,200.24053955078125,203.3148193359375,206.4536911010742,210.12093811035157,215.7398223876953,346.2441711425781,239.14896,0.0,test_data/Useful/Validation/rice-at-1-ft/20241108_085007_052.jpg,1395.0,273.0,28.145052930500956
96,27.240000000000002,36.480000000000004,40.0,43.96,47.0,49.44,52.68000000000001,55.0,57.16,59.400000000000006,60.64,62.0,63.0,64.0,65.0,66.0,67.08000000000001,69.0,70.0,71.0,72.0,72.28,74.0,75.0,77.0,77.0,78.0,78.0,79.0,79.19999999999999,81.0,81.0,82.0,83.0,84.0,85.0,86.0,87.0,88.0,88.0,88.83999999999997,89.0,90.0,90.0,91.0,92.0,93.0,94.0,94.0,95.0,96.0,96.48000000000002,97.0,97.0,98.0,99.0,99.0,100.0,101.0,101.0,102.0,102.88,103.0,104.0,104.60000000000002,105.0,105.08000000000004,107.0,107.0,108.0,109.0,110.0,111.0,112.0,112.0,113.0,114.0,114.0,115.0,116.0,117.44000000000005,118.0,118.91999999999996,120.0,120.0,120.63999999999999,122.0,123.0,124.0,125.0,126.0,127.0,129.0,130.0,133.0,137.0,139.27999999999997,141.0,144.76,161.0,88.0,1000.5647059082985,1000.6823529601097,1000.8156862854958,1000.9764705896378,2000.7019608020782,3000.3215686380863,3000.533333361149,3000.6313725709915,3000.7098039388657,3001.0,180.71743774414062,188.26657104492188,193.05877685546875,196.79912414550782,200.07183074951172,203.14837646484375,206.28891601562498,210.01861572265625,215.63201904296875,346.2101745605469,239.26248,0.0,test_data/Useful/Validation/rice-at-1-ft/20241108_085007_053.jpg,1339.0,266.0,29.0840538351339
97,29.96,42.0,43.72,48.0,52.0,54.0,55.68000000000001,58.0,60.0,61.0,62.0,63.0,65.0,67.0,68.0,69.84,71.0,72.0,73.0,74.0,75.0,76.0,76.52000000000001,77.0,78.0,79.0,80.0,80.0,81.0,82.0,82.0,82.0,83.0,84.0,85.0,85.63999999999999,86.0,87.0,88.0,88.0,89.0,90.0,91.0,92.0,92.0,92.04000000000002,93.0,94.0,94.0,96.0,96.0,97.0,98.0,99.0,99.0,100.0,100.67999999999995,101.0,102.0,102.39999999999998,103.0,103.0,104.0,105.0,105.0,106.0,106.08000000000004,107.0,108.0,109.0,110.0,110.0,112.0,112.0,112.0,113.0,113.48000000000002,114.0,115.0,115.0,116.0,116.0,117.0,118.15999999999997,119.0,120.0,121.0,121.0,122.36000000000001,123.0,124.0,125.0,126.0,127.0,128.79999999999995,131.0,132.55999999999995,136.0,138.76,149.0,82.0,1000.5647059082985,1000.6823529601097,1000.8156862854958,1000.9764705896378,2000.7019608020782,3000.3215686380863,3000.533333361149,3000.6313725709915,3000.7098039388657,3001.0,180.75208587646483,188.37483825683594,193.1825729370117,196.91596069335938,200.1421661376953,203.23296203613282,206.400634765625,210.1152801513672,215.70095825195312,346.2088317871094,240.57425,0.0,test_data/Useful/Validation/rice-at-1-ft/20241108_085007_054.jpg,1396.0,269.0,30.98048684574374
98,26.0,34.0,40.72,47.96,50.2,52.0,53.0,55.0,57.0,58.0,59.64,61.0,63.120000000000005,65.0,67.0,68.0,70.0,71.0,72.0,72.80000000000001,74.0,74.28,76.0,77.0,78.0,79.0,79.48000000000002,80.0,81.0,82.0,82.0,83.68,84.0,85.0,86.0,87.0,87.0,88.0,88.0,89.0,89.0,90.0,90.0,91.0,91.0,92.0,93.0,93.0,94.0,94.0,95.0,96.0,96.0,97.0,98.0,98.0,99.0,99.0,100.0,100.0,101.0,102.0,102.0,103.36000000000001,104.0,105.0,105.0,106.0,107.0,107.0,108.0,108.0,109.0,110.0,111.0,111.0,112.0,112.0,113.0,114.0,115.0,115.0,116.0,116.15999999999997,117.0,118.0,119.88,120.0,120.0,122.0,124.0,125.0,126.0,128.0,130.0,133.0,135.0,138.51999999999998,142.76,152.0,94.0,1000.5686274766922,1000.6862745285034,1000.8156862854958,1000.9764705896378,2000.7019608020782,3000.32549020648,3000.533333361149,3000.6313725709915,3000.7098039388657,3001.0,180.5772705078125,188.1417999267578,192.99008178710938,196.72935485839844,200.03660583496094,203.13192749023438,206.35448760986327,210.0747528076172,215.69407196044924,346.19085693359375,239.73642,0.0,test_data/Useful/Validation/rice-at-1-ft/20241108_085007_055.jpg,1372.0,287.0,30.543586316481946
99,29.240000000000002,35.480000000000004,41.0,43.0,45.0,47.0,48.68000000000001,51.84,54.0,56.0,58.0,59.0,60.0,61.360000000000014,63.0,65.0,66.0,67.32,69.0,70.0,70.03999999999999,72.0,73.0,73.75999999999999,74.0,75.0,75.0,76.0,77.0,77.0,78.0,79.0,80.0,81.16000000000003,82.39999999999998,83.63999999999999,84.0,85.0,85.0,86.0,87.0,87.0,88.0,88.0,89.0,90.0,91.0,91.51999999999998,92.0,93.0,93.0,94.0,95.0,95.0,96.0,97.0,98.0,98.0,99.0,100.0,101.0,101.0,102.0,103.0,103.0,104.0,105.0,105.0,106.0,107.0,107.0,108.0,108.0,109.0,110.0,110.0,111.0,112.0,112.0,113.0,114.0,114.0,116.0,117.0,118.0,120.0,120.88,122.0,123.36000000000001,125.0,126.0,127.0,128.32000000000005,129.0,131.79999999999995,133.0,135.0,136.51999999999998,142.76,153.0,88.0,1000.5686274766922,1000.6862745285034,1000.8196078538895,1000.9803921580315,2000.7019608020782,3000.3176470696926,3000.533333361149,3000.6313725709915,3000.7098039388657,3001.0,180.5461883544922,188.2425537109375,193.04302978515625,196.7800750732422,200.04513549804688,203.11892700195312,206.2734375,209.97079467773438,215.6470947265625,346.20196533203125,240.3668,0.0,test_data/Useful/Validation/rice-at-1-ft/20241108_085007_056.jpg,1343.0,241.0,27.13317083485172
100,25.240000000000002,34.96,41.72,44.0,48.0,52.44,55.0,56.0,58.0,59.0,60.64,62.0,63.120000000000005,65.0,66.6,69.0,70.0,72.0,73.0,73.0,75.0,76.0,77.0,78.0,79.0,80.0,81.48000000000002,82.0,83.0,84.0,85.0,85.0,86.0,87.0,87.0,88.0,88.88,89.0,90.0,90.0,90.83999999999997,91.0,92.0,92.0,93.0,94.0,94.0,94.0,95.0,95.0,96.24000000000001,98.0,98.0,99.0,99.0,100.0,101.0,102.0,102.0,103.0,103.0,103.88,104.0,105.0,105.60000000000002,106.0,106.08000000000004,107.0,108.0,108.0,109.0,110.0,110.0,111.0,112.0,113.0,113.0,114.0,114.96000000000004,116.0,116.0,117.0,117.0,118.0,119.0,119.0,120.0,121.12,123.0,124.0,125.0,126.0,127.0,129.0,130.79999999999995,132.0,134.0,137.51999999999998,143.51999999999998,152.0,94.0,1000.5529412031174,1000.6745098233223,1000.811764717102,1000.9686274528503,2000.6745098233223,3000.2941176593304,3000.5137255191803,3000.6156862974167,3000.6980392336845,3001.0,180.67901000976562,188.2328063964844,193.0457305908203,196.7705535888672,200.02627563476562,203.08916320800782,206.25952606201173,209.94796752929688,215.71450805664062,346.15850830078125,240.93127,0.0,test_data/Useful/Validation/rice-at-1-ft/20241108_085007_057.jpg,1354.0,262.0,29.37685852428564
101,21.240000000000002,27.0,29.72,35.96,41.0,45.0,47.68000000000001,50.0,53.16,57.0,59.0,60.0,61.120000000000005,65.0,66.0,67.0,69.0,70.0,71.0,71.0,71.0,72.0,72.52000000000001,73.75999999999999,75.0,76.0,76.0,77.0,78.0,79.0,80.0,81.68,82.92000000000002,83.16000000000003,84.0,85.0,85.88,86.0,86.0,87.0,87.83999999999997,88.0,89.0,90.0,90.80000000000001,91.0,92.0,92.0,93.0,93.0,94.0,94.0,95.0,96.0,96.20000000000005,97.0,98.0,99.0,100.0,100.0,101.0,101.0,102.0,102.0,103.0,104.0,104.0,104.0,106.0,107.0,107.0,108.0,109.0,110.0,110.0,111.0,111.48000000000002,112.0,113.0,115.0,116.0,116.0,118.0,118.15999999999997,120.0,121.0,122.0,123.0,124.0,125.0,126.0,127.0,129.0,130.0,131.0,133.0,136.27999999999997,140.51999999999998,145.0,158.0,71.0,1000.5294117927551,1000.6549019813538,1000.7803921699524,1000.933333337307,2000.5764706134796,3000.2549019753933,3000.486274510622,3000.600000023842,3000.6823529601097,3001.0,180.5520004272461,188.11465454101562,192.94204711914062,196.66626892089843,199.91500854492188,203.0125274658203,206.1777587890625,209.88632202148438,215.5479278564453,346.11474609375,241.61339,0.0,test_data/Useful/Validation/rice-at-1-ft/20241108_085007_058.jpg,1354.0,263.0,28.34178861315675
102,22.0,30.0,39.16,43.0,47.0,51.0,53.68000000000001,56.92,59.0,60.0,61.0,63.0,64.0,65.0,68.0,69.0,70.0,72.0,74.0,74.0,76.0,76.0,77.0,78.0,79.0,79.24000000000001,80.0,81.0,81.0,83.0,83.0,85.0,85.0,86.0,87.0,87.0,88.0,88.12,89.0,90.60000000000002,91.0,92.0,92.0,93.0,93.0,94.0,95.0,96.0,96.75999999999999,98.0,98.0,99.0,100.0,101.0,101.0,102.0,102.0,103.0,104.0,104.0,105.0,105.0,106.0,107.0,107.0,108.0,108.08000000000004,109.0,110.0,110.0,111.0,111.0,112.0,112.0,113.0,113.0,114.0,115.0,116.0,116.20000000000005,117.0,118.0,119.0,120.0,122.0,123.0,123.88,124.12,125.0,126.0,126.84000000000003,127.0,128.0,129.55999999999995,131.0,133.0,135.0,136.0,138.51999999999998,152.0,111.0,1000.5254902243614,1000.65098041296,1000.7764706015587,1000.9294117689133,2000.5372549295425,3000.2352941185236,3000.4784313738346,3000.5921568870544,3000.678431391716,3001.0,180.39778747558594,188.0637969970703,192.85581970214844,196.6544189453125,199.9066390991211,202.97659912109376,206.13845825195312,209.79627990722656,215.44024658203125,346.1220703125,240.739,0.0,test_data/Useful/Validation/rice-at-1-ft/20241108_085007_059.jpg,1286.0,255.0,30.881771004310885
103,24.240000000000002,28.48,34.0,39.96,42.2,45.44,49.0,52.0,54.0,57.400000000000006,59.0,61.0,63.0,65.0,66.0,67.0,68.0,69.0,70.0,72.0,73.0,73.28,75.0,75.75999999999999,77.0,77.0,78.0,78.0,79.0,80.0,81.0,82.0,83.0,84.0,85.0,86.0,86.0,87.12,88.0,89.0,90.0,90.0,91.0,91.0,92.0,93.0,94.0,94.0,95.0,96.0,96.0,96.48000000000002,97.0,98.0,98.0,99.0,99.0,100.0,100.0,101.0,101.63999999999999,102.88,103.0,104.0,104.60000000000002,105.0,105.0,106.32000000000005,107.0,108.0,109.0,109.27999999999997,110.51999999999998,112.0,112.0,112.24000000000001,113.0,113.72000000000003,114.0,115.0,115.0,116.0,116.91999999999996,117.0,118.0,118.0,119.0,120.0,120.36000000000001,122.60000000000002,124.0,126.0,127.0,129.0,130.79999999999995,133.0,135.27999999999997,138.51999999999998,142.76,147.0,105.0,1000.5215686559677,1000.6431372761726,1000.7686274647713,1000.9176470637321,2000.5019608139992,3000.215686276555,3000.4666666686535,3000.584313750267,3000.6705882549286,3001.0,180.4502212524414,188.06871032714844,192.83686370849608,196.61853637695313,199.85801696777344,202.9680633544922,206.1440170288086,209.87139892578125,215.5355987548828,346.0384826660156,241.06615,0.0,test_data/Useful/Validation/rice-at-1-ft/20241108_085007_060.jpg,1406.0,266.0,24.08304869063895
104,20.96,29.96,35.0,43.0,46.0,49.0,50.0,52.0,54.0,56.0,57.64,61.0,61.120000000000005,63.0,65.0,66.0,68.0,69.0,69.56,70.80000000000001,72.0,73.0,74.0,75.0,76.0,77.0,78.0,79.0,80.0,81.0,82.0,83.0,84.0,85.0,86.0,87.0,87.0,88.0,89.0,89.0,90.0,91.0,92.0,92.0,93.0,93.0,94.0,94.0,95.0,95.0,95.0,96.0,96.0,97.0,98.0,99.44000000000005,100.0,101.0,101.0,102.0,102.0,103.0,104.0,104.0,105.60000000000002,106.0,106.08000000000004,107.0,108.0,108.79999999999995,109.0,110.0,110.0,111.0,111.0,112.0,113.0,114.0,115.0,116.0,117.0,118.0,118.0,119.0,120.0,120.0,121.0,122.0,123.36000000000001,124.60000000000002,125.0,126.0,128.0,128.55999999999995,130.0,133.0,134.27999999999997,136.51999999999998,140.76,151.0,95.0,1000.5215686559677,1000.6431372761726,1000.772549033165,1000.9176470637321,2000.4823529422283,3000.1960784345865,3000.4549019634724,3000.5764706134796,3000.662745118141,3001.0,180.34960021972657,187.90826110839845,192.762939453125,196.48390197753906,199.77826690673828,202.88703002929688,206.12942504882812,209.8116455078125,215.4443359375,346.0086669921875,240.33316,0.0,test_data/Useful/Validation/rice-at-1-ft/20241108_085007_061.jpg,1318.0,243.0,33.2308802992089
0,29.240000000000002,41.0,46.44,56.92,63.0,65.0,67.0,71.0,73.0,75.0,76.64,78.0,81.0,82.0,83.0,84.84,87.0,88.0,89.0,90.0,92.0,93.0,94.0,95.0,96.0,97.0,97.48000000000002,99.0,100.0,100.0,101.0,102.0,102.92000000000002,104.0,104.0,105.0,106.0,107.0,107.0,108.0,109.0,110.0,110.0,111.0,112.0,112.04000000000002,113.0,114.0,114.75999999999999,115.0,116.0,117.0,117.72000000000003,118.0,119.0,119.44000000000005,120.0,120.0,121.0,123.0,123.0,124.0,124.0,125.0,125.0,125.0,126.0,127.0,128.0,129.0,130.0,130.0,130.51999999999998,131.0,132.0,132.0,133.0,133.0,134.0,135.0,136.0,136.0,136.91999999999996,137.0,137.0,138.0,139.0,140.0,140.0,141.0,142.0,143.0,144.0,145.0,146.0,148.0,149.0,150.51999999999998,155.51999999999998,166.0,124.0,1000.3686274588108,1000.5254902243614,1000.6156862974167,1000.7019608020782,1000.8862745165825,2000.3725490272045,2000.6705882549286,3000.376470595598,3000.611764729023,3001.0,182.96734008789062,190.5950164794922,195.38381958007812,199.05386352539062,202.26060485839844,205.243408203125,208.26370239257812,211.71768188476562,216.53167724609375,347.7086181640625,233.03577,0.0,test_data/Useful/Validation/rice-at-2-ft/20241108_085554_008.jpg,1790.0,249.0,61.75462751961155
1,41.24,48.0,52.0,56.0,61.0,64.0,67.68,69.0,72.0,74.0,76.64,78.0,80.0,82.0,83.0,84.84,86.0,88.0,89.0,90.0,91.0,91.28,92.0,94.0,95.0,95.0,96.0,97.0,98.0,98.0,99.0,100.0,100.0,101.0,101.0,102.0,103.0,104.0,105.0,106.0,106.0,107.0,108.0,108.56,109.0,110.0,111.0,111.0,112.0,113.0,114.0,115.0,116.0,116.0,117.0,119.0,119.67999999999995,120.0,121.0,121.0,122.0,122.0,123.0,124.0,124.0,125.0,125.0,126.0,126.0,126.79999999999995,127.0,128.0,128.0,128.76,129.0,130.0,130.0,130.0,131.0,132.0,132.44000000000005,133.0,134.0,135.0,136.0,137.0,138.0,138.12,139.0,140.0,141.0,142.0,142.0,143.0,144.79999999999995,146.0,147.0,148.51999999999998,151.76,162.0,130.0,1000.3725490272045,1000.5294117927551,1000.6196078658104,1000.705882370472,1000.8901960849762,2000.380392163992,2000.6705882549286,3000.376470595598,3000.6078431606293,3001.0,182.92950439453125,190.5478057861328,195.25892639160156,198.99618530273438,202.1627960205078,205.193115234375,208.2083740234375,211.63088989257812,216.459716796875,347.7148742675781,233.06308,0.0,test_data/Useful/Validation/rice-at-2-ft/20241108_085554_009.jpg,1828.0,270.0,63.6935872213217
2,35.0,43.400000000000006,51.0,58.0,60.2,65.0,67.68,70.84,73.0,75.0,77.0,78.88,81.0,83.0,84.0,85.0,87.0,87.32,88.56,90.0,90.03999999999999,92.0,92.0,93.75999999999999,95.0,96.0,97.0,98.0,99.0,100.0,101.0,102.0,102.92000000000002,103.0,103.39999999999998,104.0,105.0,106.0,106.0,107.0,109.0,110.0,110.0,111.0,111.0,112.0,113.0,113.0,114.0,115.0,115.0,116.0,116.0,117.0,117.0,118.0,119.0,120.0,120.0,120.0,121.0,122.0,122.0,123.0,123.0,123.84000000000003,124.0,124.32000000000005,125.0,125.0,126.0,126.27999999999997,127.0,127.0,128.0,129.0,130.0,131.0,132.0,132.0,133.0,134.0,134.0,135.0,136.0,136.0,137.0,137.0,138.0,139.0,140.0,142.0,143.0,145.0,145.79999999999995,146.0,148.0,151.0,154.76,160.0,123.0,1000.3686274588108,1000.5254902243614,1000.6196078658104,1000.705882370472,1000.8901960849762,2000.3882353007793,2000.678431391716,3000.3843137323856,3000.611764729023,3001.0,182.9056427001953,190.49929504394532,195.28472442626952,198.96746826171875,202.1519775390625,205.15188598632812,208.155517578125,211.63917541503906,216.54806518554688,347.7456970214844,233.42818,0.0,test_data/Useful/Validation/rice-at-2-ft/20241108_085554_010.jpg,1820.0,262.0,62.46570079200356
3,30.48,38.96,50.0,54.96,57.2,61.879999999999995,65.68,67.0,69.0,72.0,74.0,75.88,79.0,80.36000000000001,82.0,83.0,84.08000000000001,85.32,88.0,89.0,89.0,90.0,91.0,93.0,94.0,95.0,96.0,97.72000000000003,98.95999999999998,100.0,100.0,101.0,102.0,102.0,103.0,104.0,104.0,105.0,107.0,107.0,108.0,109.0,110.0,110.0,111.0,111.0,112.0,112.0,113.0,114.0,115.0,116.0,116.0,117.0,117.0,118.0,118.0,118.0,119.0,119.0,120.0,120.0,121.0,122.0,122.60000000000002,123.0,124.0,124.0,125.0,126.0,127.0,127.27999999999997,128.0,129.0,130.0,130.0,131.0,131.72000000000003,132.0,133.0,134.0,135.0,135.0,136.0,136.39999999999998,137.0,138.0,138.0,139.0,140.0,140.84000000000003,141.08000000000004,143.0,144.0,146.0,148.0,150.27999999999997,152.51999999999998,155.0,165.0,118.0,1000.3686274588108,1000.5254902243614,1000.6156862974167,1000.7019608020782,1000.8784313797951,2000.364705890417,2000.6705882549286,3000.376470595598,3000.6078431606293,3001.0,182.7943115234375,190.445068359375,195.24107360839844,198.92189025878906,202.08900451660156,205.06173706054688,208.1523895263672,211.6246795654297,216.46353149414062,347.7261962890625,232.4327,0.0,test_data/Useful/Validation/rice-at-2-ft/20241108_085554_011.jpg,1845.0,290.0,57.60231492841064
4,31.240000000000002,44.0,52.72,58.0,59.0,62.0,65.68,68.0,70.0,73.0,74.0,75.0,76.12,78.0,80.6,83.0,85.0,87.0,88.0,88.0,89.0,90.0,92.0,94.0,95.0,95.24000000000001,96.0,98.72000000000003,99.0,100.0,101.0,101.0,102.0,103.0,103.39999999999998,105.0,106.0,106.0,107.0,108.0,108.0,109.0,110.0,110.0,110.0,111.04000000000002,112.0,114.0,114.0,115.0,116.0,116.0,116.72000000000003,117.0,118.0,118.44000000000005,119.0,119.91999999999996,120.0,121.0,122.0,122.0,123.12,125.0,125.0,126.0,126.08000000000004,128.0,128.0,129.0,129.0,130.0,130.0,131.0,131.0,131.24,132.0,133.0,133.0,134.0,134.0,136.0,136.91999999999996,138.0,138.0,139.0,139.0,140.12,141.36,142.0,143.0,144.0,145.32000000000005,146.55999999999995,147.79999999999995,148.03999999999996,150.0,152.0,156.51999999999998,165.0,131.0,1000.3686274588108,1000.5254902243614,1000.6156862974167,1000.7019608020782,1000.8784313797951,2000.3686274588108,2000.6705882549286,3000.3725490272045,3000.6078431606293,3001.0,182.8094909667969,190.31846313476564,195.1023712158203,198.81961059570312,201.99221801757812,205.06085205078125,208.13291931152344,211.52932739257812,216.44802856445312,347.7286071777344,233.12698,0.0,test_data/Useful/Validation/rice-at-2-ft/20241108_085554_012.jpg,1727.0,258.0,61.236159691107204
5,33.480000000000004,52.480000000000004,57.0,62.0,63.2,68.88,72.68,74.0,76.16,78.0,80.0,81.88,83.12,85.0,86.0,89.0,90.0,91.32,93.56,95.0,95.0,96.28,97.52000000000001,99.0,100.0,102.0,102.0,103.0,103.95999999999998,104.0,105.0,106.0,106.0,107.0,108.0,108.0,109.0,109.0,110.0,111.0,111.0,112.0,113.0,113.0,114.0,115.0,115.27999999999997,116.0,116.0,116.0,117.24000000000001,118.0,118.0,119.0,119.0,120.0,121.0,121.91999999999996,122.0,123.0,123.63999999999999,124.0,125.0,125.0,126.0,127.0,127.08000000000004,128.0,128.55999999999995,129.0,129.0,130.0,130.51999999999998,131.0,131.0,132.0,133.0,133.0,134.0,135.0,135.0,136.0,136.91999999999996,137.0,138.0,139.0,139.0,140.0,140.0,141.0,142.0,143.0,144.0,145.55999999999995,147.0,147.03999999999996,150.0,152.0,154.76,163.0,116.0,1000.3647058904171,1000.5215686559677,1000.6078431606293,1000.6823529601097,1000.8235294222832,2000.2509804069996,2000.6196078658104,3000.2823529541492,3000.5921568870544,3001.0,182.50389099121094,190.089599609375,194.81533813476562,198.50155639648438,201.7764129638672,204.8245391845703,207.87713623046875,211.36474609375,216.41258239746094,347.7259521484375,231.52261,0.0,test_data/Useful/Validation/rice-at-2-ft/20241108_085554_019.jpg,1675.0,245.0,59.471530157355126
6,40.24,45.480000000000004,48.44,54.0,57.0,59.44,65.04000000000002,68.92,72.0,75.0,77.0,79.0,80.0,81.0,82.6,84.0,86.0,86.32,88.0,90.0,91.03999999999999,93.0,94.52000000000001,96.0,97.0,99.0,100.0,100.0,101.0,101.0,102.0,102.68,103.0,104.16000000000003,105.0,106.0,106.0,107.0,107.0,108.0,109.0,110.0,111.0,111.0,111.0,112.04000000000002,113.0,114.51999999999998,116.0,116.0,117.0,117.0,118.0,118.96000000000004,119.0,120.0,120.0,121.0,121.0,121.0,122.0,123.0,123.0,124.0,124.0,125.0,126.0,126.32000000000005,127.0,128.0,128.0,129.0,129.51999999999998,130.0,131.0,131.0,132.0,132.0,133.0,134.0,135.0,135.0,135.91999999999996,136.15999999999997,137.0,139.0,139.0,140.0,141.0,141.0,142.0,144.0,144.0,145.0,146.0,146.03999999999996,148.27999999999997,150.51999999999998,154.76,171.0,121.0,1000.3607843220234,1000.517647087574,1000.6078431606293,1000.6862745285034,1000.8352941274643,2000.2745098173618,2000.623529434204,3000.2549019753933,3000.5882353186607,3001.0,182.76370239257812,190.26095581054688,195.0584228515625,198.7275390625,201.9869613647461,205.00675048828126,208.05819396972657,211.530419921875,216.49517822265625,347.7659606933594,231.33768,0.0,test_data/Useful/Validation/rice-at-2-ft/20241108_085554_020.jpg,1728.0,251.0,59.780484091090955
7,30.240000000000002,40.96,51.0,58.96,61.60000000000001,66.44,68.0,71.92,74.0,75.4,78.64,81.0,82.12,84.0,86.0,88.84,90.0,91.0,92.0,93.0,93.03999999999999,94.0,95.0,96.0,97.0,98.0,98.48000000000002,99.72000000000003,100.0,101.0,102.0,103.0,103.0,104.0,105.0,105.0,105.88,106.0,107.0,107.0,108.0,109.07999999999998,110.0,110.56,111.80000000000001,112.0,113.0,114.0,115.0,116.0,117.0,117.0,118.0,118.96000000000004,119.0,120.0,121.0,122.0,122.15999999999997,123.0,124.0,124.0,125.0,125.36000000000001,126.0,127.0,127.0,128.0,129.0,129.0,130.0,130.0,131.0,131.0,132.0,132.0,133.0,133.0,134.0,134.0,134.0,135.0,135.0,136.0,137.39999999999998,139.0,139.88,140.0,142.0,142.0,143.0,144.0,144.32000000000005,146.0,147.0,149.0,152.27999999999997,154.0,158.76,164.0,134.0,1000.3647058904171,1000.5215686559677,1000.6078431606293,1000.6862745285034,1000.8352941274643,2000.2745098173618,2000.6196078658104,3000.2509804069996,3000.5882353186607,3001.0,182.56671752929688,190.19885864257813,195.03970336914062,198.78125,202.00209045410156,204.94537353515625,207.9933319091797,211.5203063964844,216.4755401611328,347.73590087890625,232.57645,0.0,test_data/Useful/Validation/rice-at-2-ft/20241108_085554_021.jpg,1639.0,234.0,58.303000831703244
8,26.72,36.480000000000004,48.0,49.96,53.0,56.44,60.0,66.0,69.16,72.0,75.0,77.0,79.0,81.0,81.6,82.84,84.0,85.0,86.56,88.80000000000001,90.0,90.28,92.0,93.0,94.0,95.0,96.0,97.0,97.0,98.0,99.0,100.0,101.0,102.0,102.39999999999998,104.0,105.0,105.0,106.0,107.0,108.0,109.0,110.0,110.0,111.0,111.0,112.0,112.0,113.0,114.0,115.0,115.0,115.72000000000003,116.0,116.0,117.0,118.0,118.91999999999996,119.0,119.0,121.0,121.88,123.0,123.0,124.0,124.0,125.0,125.0,125.0,126.0,126.0,128.0,128.0,129.0,130.0,130.0,131.0,131.72000000000003,132.0,133.0,133.0,134.0,134.0,136.0,137.0,137.0,139.0,140.0,141.0,142.0,142.84000000000003,144.0,145.0,146.55999999999995,149.0,150.03999999999996,152.0,154.0,156.0,161.0,125.0,1000.3725490272045,1000.5254902243614,1000.6156862974167,1000.6941176652908,1000.8588235378265,2000.3215686380863,2000.6313725709915,3000.258823543787,3000.5921568870544,3001.0,182.51705169677734,190.19476318359375,194.964599609375,198.7064208984375,201.89764404296875,204.9026611328125,207.93548889160155,211.47252197265624,216.4757537841797,347.7328796386719,231.29935,0.0,test_data/Useful/Validation/rice-at-2-ft/20241108_085554_022.jpg,1670.0,251.0,59.71960427162998
9,35.0,39.96,47.0,51.0,58.0,61.44,66.0,68.0,69.16,71.0,73.0,75.0,78.0,79.0,80.0,82.0,83.08000000000001,84.32,86.0,88.0,90.03999999999999,91.28,92.0,93.0,94.0,96.0,97.0,97.0,98.0,99.0,99.0,100.0,101.0,102.0,103.0,104.0,105.0,106.0,106.0,107.0,108.0,108.07999999999998,109.0,110.0,111.0,112.0,113.0,113.0,114.0,115.0,115.0,116.0,116.0,116.96000000000004,117.0,118.0,119.0,119.0,120.0,120.0,121.0,122.0,122.0,123.0,123.0,124.0,124.0,124.0,125.0,126.0,126.0,127.0,127.0,128.0,128.0,129.24,130.0,131.0,132.0,132.0,133.0,134.0,135.0,135.0,136.0,136.0,137.0,138.0,139.0,141.0,142.0,143.0,144.0,145.0,146.0,147.0,149.0,152.03999999999996,155.76,168.0,124.0,1000.3725490272045,1000.5254902243614,1000.6156862974167,1000.6941176652908,1000.8627451062202,2000.3372549116611,2000.6431372761726,3000.2823529541492,3000.596078455448,3001.0,182.5841812133789,190.2134002685547,195.03950042724608,198.77072143554688,201.97340393066406,204.97972717285157,208.0905731201172,211.52723693847656,216.5030059814453,347.744140625,231.7195,0.0,test_data/Useful/Validation/rice-at-2-ft/20241108_085554_023.jpg,1806.0,265.0,62.57190324892077
10,31.240000000000002,38.480000000000004,48.44,51.0,58.2,60.0,63.68000000000001,66.92,69.0,70.4,73.64,76.0,78.12,80.0,81.0,82.84,83.0,85.0,86.0,87.0,88.0,89.28,90.52000000000001,92.0,93.0,94.0,95.0,96.0,97.0,99.0,99.44,100.0,101.0,102.0,102.39999999999998,103.0,104.0,104.0,105.0,105.0,106.0,107.0,108.0,108.0,109.0,109.0,110.0,111.0,111.0,111.0,112.0,112.48000000000002,113.0,114.0,115.0,116.0,117.0,118.0,118.0,119.0,119.0,120.0,120.12,121.0,122.0,122.0,123.0,124.0,124.55999999999995,125.0,125.0,126.0,127.0,128.0,129.0,130.0,130.0,131.0,132.0,133.0,133.0,134.0,134.0,135.15999999999997,136.0,137.0,137.88,139.0,140.0,140.0,141.0,141.0,143.0,144.0,145.0,146.0,147.27999999999997,149.0,153.51999999999998,163.0,111.0,1000.3882353007793,1000.5372549295425,1000.6196078658104,1000.6980392336845,1000.8745098114014,2000.3686274588108,2000.6666666865349,3000.341176480055,3000.6039215922356,3001.0,182.3600112915039,189.8412322998047,194.6481475830078,198.4111328125,201.69174194335938,204.7479248046875,207.84475708007812,211.36024475097656,216.55653381347656,347.70654296875,232.84044,0.0,test_data/Useful/Validation/rice-at-2-ft/20241108_085554_030.jpg,1738.0,282.0,57.41333014136825
11,26.72,42.480000000000004,48.72,51.96,57.2,61.0,63.0,64.0,66.0,68.0,72.0,73.0,75.0,77.0,78.0,79.0,80.08000000000001,82.0,83.0,84.80000000000001,86.0,87.0,88.0,89.0,91.0,92.24000000000001,94.0,95.0,96.0,97.0,98.0,99.0,100.0,101.0,102.0,103.0,103.0,105.0,105.36000000000001,106.0,107.0,108.0,108.0,109.0,109.80000000000001,110.0,110.0,111.0,112.0,113.0,113.0,113.48000000000002,114.0,115.0,116.0,117.0,117.0,118.0,118.0,119.0,119.0,120.0,120.0,121.0,121.0,122.0,122.0,123.0,123.0,124.0,125.0,125.0,126.0,127.0,127.0,128.0,129.0,129.72000000000003,130.0,131.0,132.0,132.0,133.0,134.0,135.0,135.0,135.88,136.0,137.0,138.0,139.0,140.0,141.0,142.0,143.79999999999995,145.0,146.27999999999997,148.0,150.0,157.0,110.0,1000.3843137323856,1000.5372549295425,1000.6196078658104,1000.6980392336845,1000.8745098114014,2000.3764705955982,2000.6666666865349,3000.3294117748737,3000.6039215922356,3001.0,182.62271118164062,190.17416381835938,195.03313293457032,198.71175842285157,201.9264907836914,204.9197265625,208.00760955810546,211.54669189453125,216.50625610351562,347.7529602050781,233.16785,0.0,test_data/Useful/Validation/rice-at-2-ft/20241108_085554_031.jpg,1821.0,288.0,60.04944329862178
12,26.48,34.480000000000004,42.44,47.0,53.0,60.0,64.0,67.92,71.16,73.4,74.0,76.88,79.12,81.0,82.0,84.0,85.08000000000001,86.0,88.0,88.0,90.0,91.0,91.52000000000001,93.0,94.0,95.0,96.48000000000002,97.0,99.0,99.0,100.0,101.0,102.0,102.0,103.0,104.0,105.0,106.0,106.0,107.0,108.0,109.0,109.0,110.0,111.0,112.0,112.0,112.0,113.0,114.0,115.0,116.0,117.0,117.0,118.0,118.44000000000005,119.0,120.0,120.0,121.0,121.0,122.0,122.0,123.0,124.0,125.0,126.0,126.0,126.55999999999995,127.0,127.03999999999996,128.0,129.0,129.0,130.0,131.0,131.0,132.0,132.0,133.0,134.0,134.0,135.0,135.0,135.39999999999998,136.0,137.0,138.0,139.0,140.0,141.0,142.0,143.0,144.55999999999995,146.0,148.0,150.0,151.0,154.51999999999998,165.0,112.0,1000.4000000059605,1000.54509806633,1000.6313725709915,1000.7137255072594,1000.9098039269447,2000.4117647111416,2000.6823529601097,3000.3568627536297,3000.6078431606293,3001.0,182.63763427734375,190.09940185546876,194.931591796875,198.66920776367186,201.9117431640625,204.948876953125,208.00426177978517,211.4636688232422,216.5576919555664,347.74212646484375,232.58485,0.0,test_data/Useful/Validation/rice-at-2-ft/20241108_085554_032.jpg,1708.0,251.0,64.69533326798077
13,31.72,41.480000000000004,48.72,55.96,60.2,62.44,65.68,68.92,71.0,72.0,73.64,75.0,77.12,79.0,82.6,84.0,86.0,87.0,87.0,88.0,89.0,89.28,90.0,92.0,94.0,95.0,95.0,96.0,97.0,98.0,99.0,100.0,101.0,102.0,104.0,105.0,105.0,106.0,108.0,108.0,109.0,110.0,111.0,112.0,112.80000000000001,113.0,114.0,114.0,115.75999999999999,117.0,117.24000000000001,118.0,119.0,120.0,120.0,121.0,121.0,121.0,122.0,123.0,124.0,124.0,125.0,125.0,126.0,127.0,127.08000000000004,128.0,129.0,129.0,130.0,130.0,131.0,131.76,132.0,133.0,134.0,134.0,135.0,135.0,136.0,137.0,137.0,138.0,139.0,140.0,140.0,141.0,142.0,142.60000000000002,143.0,144.0,145.0,146.0,147.0,148.0,149.27999999999997,152.0,153.0,166.0,121.0,1000.4000000059605,1000.54509806633,1000.6313725709915,1000.7176470756531,1000.9176470637321,2000.419607847929,2000.6823529601097,3000.3607843220234,3000.6078431606293,3001.0,182.35835876464844,189.9447479248047,194.77020263671875,198.53472900390625,201.76022338867188,204.778955078125,207.91818237304688,211.42759704589844,216.39898681640625,347.7507019042969,232.51625,0.0,test_data/Useful/Validation/rice-at-2-ft/20241108_085554_033.jpg,1667.0,236.0,58.592639772873035
14,39.0,46.480000000000004,52.72,56.96,60.0,62.0,64.0,67.0,71.16,73.0,75.0,76.0,79.0,80.36000000000001,82.0,84.0,86.0,87.0,88.0,89.0,91.0,91.28,93.0,93.0,94.0,95.0,97.0,98.0,99.0,100.0,101.0,101.0,102.0,102.0,103.0,104.0,105.0,106.0,107.0,107.60000000000002,108.0,109.0,110.0,111.0,111.80000000000001,112.04000000000002,114.0,114.0,115.0,115.0,116.0,116.0,117.0,117.0,118.0,118.0,119.0,119.91999999999996,121.0,121.0,121.0,122.88,123.0,123.0,124.0,124.0,126.0,126.0,127.0,127.0,128.0,129.0,129.0,130.0,130.0,132.0,132.0,133.0,134.0,134.0,135.0,136.0,137.0,138.0,139.0,139.0,139.88,140.0,141.0,142.0,142.0,143.0,144.0,145.55999999999995,147.0,148.03999999999996,150.0,153.51999999999998,157.0,164.0,123.0,1000.4078431427479,1000.5529412031174,1000.6392157077789,1000.7294117808342,1000.9450980424881,2000.447058826685,2000.6941176652908,3000.3843137323856,3000.611764729023,3001.0,182.50857543945312,190.05567932128906,194.84100341796875,198.53102111816406,201.8037567138672,204.8228759765625,207.89459228515625,211.35662841796875,216.41162109375,347.7548828125,233.38469,0.0,test_data/Useful/Validation/rice-at-2-ft/20241108_085554_034.jpg,1707.0,263.0,58.823097805708834
15,39.0,48.0,52.44,59.96,64.0,67.0,68.0,70.0,74.0,75.0,77.0,79.0,81.0,83.0,84.0,85.0,87.0,88.0,89.0,90.80000000000001,91.03999999999999,93.0,94.0,94.0,95.0,97.0,97.0,98.0,99.0,99.0,100.0,101.0,101.0,102.0,103.0,103.0,104.0,106.0,106.0,107.0,108.0,108.0,109.0,110.0,110.0,111.0,111.0,112.0,112.0,113.0,113.0,114.0,114.72000000000003,116.0,117.0,118.0,118.0,119.0,119.0,120.0,121.0,121.0,122.0,123.0,123.0,123.0,124.0,124.32000000000005,125.0,125.0,126.0,126.0,126.0,127.0,128.0,129.0,129.0,130.0,130.0,131.0,132.0,132.0,133.0,134.0,135.0,135.0,136.88,137.0,138.0,139.0,139.0,140.0,141.0,142.0,143.79999999999995,146.0,148.0,149.0,152.0,158.0,125.0,1000.3764705955982,1000.5294117927551,1000.611764729023,1000.6823529601097,1000.811764717102,1000.9686274528503,2000.458823531866,2000.8235294222832,3000.556862771511,3001.0,182.4048812866211,190.0161560058594,194.69708557128905,198.45350646972656,201.66212463378906,204.69119262695312,207.77000427246094,211.26568603515625,216.35256958007812,347.0705871582031,235.46716,0.0,test_data/Useful/Validation/rice-at-2-ft/20241108_085554_057.jpg,1585.0,255.0,62.45000099744958
16,24.0,35.480000000000004,48.44,55.0,61.2,63.0,65.0,67.0,70.16,73.0,74.0,75.0,76.12,78.0,79.0,80.0,82.0,83.0,85.0,86.0,87.0,89.0,89.52000000000001,91.0,92.0,94.0,94.0,95.0,96.0,96.0,96.44,97.0,98.0,99.0,99.0,100.0,100.0,101.0,102.0,103.0,104.0,105.0,105.0,106.0,107.0,108.0,109.27999999999997,110.0,111.0,112.0,112.0,113.0,114.0,115.0,115.20000000000005,116.0,116.0,117.0,118.0,118.0,119.0,119.0,120.0,120.0,121.0,122.0,122.0,123.0,123.0,124.0,125.0,125.0,126.0,126.0,127.0,128.0,129.0,129.0,130.0,131.0,131.0,132.0,133.0,134.0,134.39999999999998,135.0,137.0,137.0,138.36,140.0,140.84000000000003,141.0,142.32000000000005,143.0,145.0,147.0,148.0,149.0,153.0,158.0,96.0,1000.3764705955982,1000.5294117927551,1000.611764729023,1000.6823529601097,1000.8078431487083,1000.9607843160629,2000.4431372582912,2000.8078431487083,3000.5529412031174,3001.0,182.14724884033203,189.6917724609375,194.5169219970703,198.24232482910156,201.49826049804688,204.5584259033203,207.65130615234375,211.2430419921875,216.38095092773438,347.0135803222656,235.10327,0.0,test_data/Useful/Validation/rice-at-2-ft/20241108_085554_058.jpg,1615.0,250.0,60.2291258766077
17,37.0,42.480000000000004,47.0,53.96,59.0,61.0,62.0,65.92,69.0,71.4,74.0,76.0,78.0,79.0,80.0,82.0,83.0,84.32,86.0,88.0,89.03999999999999,90.0,91.52000000000001,93.0,94.0,94.24000000000001,95.0,95.72000000000003,96.95999999999998,98.0,98.0,99.0,100.0,101.0,101.39999999999998,102.0,103.0,103.12,104.36000000000001,105.0,106.0,107.0,107.32,108.0,109.0,109.0,110.0,110.0,111.0,111.0,112.0,113.0,114.0,114.0,116.0,116.0,116.0,117.0,118.15999999999997,119.0,120.0,120.0,121.0,122.0,122.60000000000002,123.0,124.0,124.32000000000005,125.0,125.0,126.0,127.0,127.0,128.0,129.0,129.0,130.0,131.0,132.0,133.0,133.0,133.67999999999995,134.0,135.0,135.39999999999998,136.0,137.88,138.0,139.0,140.0,140.0,142.0,142.0,143.0,145.0,145.0,146.0,148.51999999999998,150.0,161.0,116.0,1000.3725490272045,1000.5294117927551,1000.611764729023,1000.6823529601097,1000.8039215803146,1000.9607843160629,2000.4392156898975,2000.7921568751335,3000.5490196347237,3001.0,182.0989227294922,189.70945739746094,194.5302734375,198.25849304199218,201.48479461669922,204.548095703125,207.67025756835938,211.21975708007812,216.41432189941406,347.0328369140625,233.81119,0.0,test_data/Useful/Validation/rice-at-2-ft/20241108_085554_059.jpg,1509.0,237.0,59.69972067367332
18,34.68,52.0,55.0,60.96,63.0,67.0,69.68,71.0,73.0,75.0,77.0,78.88,80.0,81.0,82.0,83.0,85.0,86.0,87.0,88.0,89.0,90.0,91.52000000000001,92.0,93.0,94.0,95.0,95.0,96.0,97.0,98.0,99.0,100.0,101.0,101.39999999999998,102.0,102.0,103.0,104.0,104.60000000000002,105.0,106.0,107.0,107.0,109.0,110.0,110.0,111.0,111.75999999999999,112.0,112.0,113.0,113.72000000000003,114.0,115.0,116.0,116.0,117.0,117.0,118.0,118.0,119.0,120.0,120.0,121.0,122.0,123.0,124.0,124.0,125.0,126.0,127.0,127.0,128.0,128.0,129.0,130.0,130.0,131.0,132.0,132.44000000000005,133.67999999999995,134.0,135.0,135.0,136.0,137.0,138.0,139.0,139.60000000000002,140.0,141.0,141.0,142.55999999999995,144.0,146.0,147.27999999999997,150.0,153.0,156.0,112.0,1000.3764705955982,1000.5294117927551,1000.611764729023,1000.6823529601097,1000.8039215803146,1000.9607843160629,2000.4431372582912,2000.784313738346,3000.5490196347237,3001.0,181.99102783203125,189.56356811523438,194.39529418945312,198.1884002685547,201.43922424316406,204.468798828125,207.5469985961914,211.13540344238282,216.34387664794923,347.0474548339844,235.3668,0.0,test_data/Useful/Validation/rice-at-2-ft/20241108_085554_060.jpg,1571.0,254.0,64.87127135758165
19,44.24,53.480000000000004,56.0,58.0,60.2,64.44,67.0,69.0,72.16,75.4,77.64,78.88,81.0,82.0,83.0,84.84,86.0,87.0,88.0,90.0,91.03999999999999,92.0,94.0,94.0,95.0,96.0,96.0,96.72000000000003,98.0,99.0,101.0,102.0,102.92000000000002,103.0,104.0,104.0,105.0,106.0,107.0,107.0,108.0,109.0,109.0,110.0,110.0,111.0,111.0,112.0,113.0,113.0,114.0,115.0,115.0,115.96000000000004,116.0,117.0,117.0,118.0,119.0,119.0,120.0,120.0,121.0,121.36000000000001,123.0,123.0,123.08000000000004,124.0,124.0,125.0,126.0,126.0,127.0,128.0,128.0,129.0,129.0,130.0,131.0,132.0,132.0,133.0,134.0,134.0,135.0,136.0,136.0,137.0,139.0,140.0,140.0,141.08000000000004,142.32000000000005,143.55999999999995,145.0,146.0,148.0,149.0,152.76,159.0,115.0,1000.3764705955982,1000.5294117927551,1000.611764729023,1000.6823529601097,1000.8078431487083,1000.9607843160629,2000.458823531866,2000.7921568751335,3000.5490196347237,3001.0,182.21669921875,189.69955444335938,194.46157836914062,198.21144104003906,201.46499633789062,204.45840454101562,207.54376220703125,211.11764526367188,216.2683868408203,347.00360107421875,235.11282,0.0,test_data/Useful/Validation/rice-at-2-ft/20241108_085554_061.jpg,1553.0,254.0,55.99037505552583
20,42.480000000000004,48.96,55.0,60.0,63.0,64.0,67.0,71.0,74.16,76.0,78.0,79.88,81.0,82.0,83.0,84.84,85.08000000000001,86.32,88.0,90.0,91.0,92.0,92.52000000000001,94.0,95.0,96.0,97.0,98.0,99.0,100.0,100.0,101.0,101.92000000000002,103.0,103.0,104.0,105.88,106.0,107.0,107.0,108.0,108.0,108.0,109.0,110.0,111.0,111.27999999999997,112.0,112.0,113.0,114.0,115.0,116.0,116.96000000000004,118.0,118.0,119.0,119.0,120.0,121.0,121.0,122.0,122.0,123.0,124.0,124.84000000000003,125.0,126.0,126.0,127.0,128.0,128.0,129.0,129.0,130.0,130.24,131.0,132.0,132.0,132.0,132.0,133.0,133.0,134.0,134.39999999999998,135.0,136.0,136.0,137.0,138.0,139.0,139.0,140.0,140.55999999999995,142.0,143.03999999999996,145.0,146.51999999999998,149.27999999999997,165.0,132.0,1000.3764705955982,1000.5333333611488,1000.6156862974167,1000.6901960968971,1000.8235294222832,1000.972549021244,2000.4941176474094,2000.8196078538895,3000.5490196347237,3001.0,181.8100128173828,189.4414276123047,194.2199966430664,197.95432739257814,201.22457885742188,204.26680603027344,207.40670928955078,210.97992553710938,216.26559448242188,346.84405517578125,235.91397,0.0,test_data/Useful/Validation/rice-at-2-ft/20241108_085554_068.jpg,1414.0,199.0,59.59460323970659
21,30.96,43.44,54.72,57.0,59.2,62.44,65.0,66.92,69.0,70.0,72.0,75.0,75.12,77.0,78.6,80.84,82.0,84.0,85.0,86.0,87.03999999999999,88.0,89.0,91.0,92.0,93.0,94.0,95.0,95.95999999999998,96.0,97.0,98.0,99.0,99.16000000000003,101.0,102.0,103.0,103.0,104.0,104.0,105.0,106.0,106.0,106.0,107.0,108.0,109.0,110.0,111.0,111.0,112.0,112.0,113.0,114.0,114.20000000000005,115.0,115.0,116.0,116.0,117.0,117.0,118.0,119.0,119.0,120.0,121.0,122.0,122.0,123.0,124.0,124.03999999999996,125.0,125.51999999999998,126.0,127.0,128.0,129.0,129.0,130.0,130.0,131.0,131.0,131.0,132.0,132.0,133.0,134.0,135.0,135.36,136.0,137.0,138.0,140.0,142.0,143.0,146.0,148.0,150.0,152.0,159.0,106.0,1000.3764705955982,1000.5333333611488,1000.6156862974167,1000.6901960968971,1000.8313725590706,1000.9764705896378,2000.5333333611488,2000.866666674614,3000.560784339905,3001.0,181.747802734375,189.24229431152344,193.9977264404297,197.8196563720703,201.1170654296875,204.14156188964844,207.30200958251953,210.90782165527344,216.27357482910156,346.8568420410156,234.88486,0.0,test_data/Useful/Validation/rice-at-2-ft/20241108_085554_069.jpg,1503.0,238.0,58.56497796402522
22,31.0,42.0,47.44,53.92,60.0,62.0,65.68,68.0,70.0,71.0,74.0,75.0,76.12,79.0,80.0,81.0,82.08000000000001,83.0,84.0,85.80000000000001,87.03999999999999,89.0,90.0,92.0,92.0,93.0,93.0,94.72000000000003,95.0,96.0,97.0,97.0,98.0,99.0,100.0,101.0,102.0,102.0,103.0,104.0,104.83999999999997,106.0,106.0,107.0,108.0,108.0,109.0,109.51999999999998,110.0,111.0,112.0,112.0,112.72000000000003,113.0,113.0,114.0,116.0,116.0,117.0,117.0,118.0,119.0,119.12,120.0,120.0,121.0,121.0,122.0,122.0,123.0,123.0,124.0,124.0,125.0,125.0,126.0,127.0,128.0,128.0,128.20000000000005,129.0,130.0,131.0,133.0,134.0,134.0,135.0,136.0,137.0,138.0,139.0,140.0,142.0,142.0,145.0,147.0,149.0,150.0,153.0,158.0,128.0,1000.3803921639919,1000.5333333611488,1000.6156862974167,1000.6901960968971,1000.8313725590706,1000.9803921580315,2000.5372549295425,2000.878431379795,3000.560784339905,3001.0,181.57189178466797,189.38296203613282,194.19030151367187,197.9117919921875,201.1205825805664,204.22796936035155,207.37417297363282,210.98081970214844,216.3465118408203,346.92364501953125,235.08167,0.0,test_data/Useful/Validation/rice-at-2-ft/20241108_085554_070.jpg,1578.0,270.0,55.215074916983276
23,40.96,48.96,56.0,60.0,64.2,67.0,68.0,69.92,70.0,72.0,74.0,75.0,77.12,79.0,80.0,81.0,82.0,83.0,85.0,86.0,87.0,88.0,89.0,91.0,92.0,94.0,95.0,96.0,97.0,98.0,99.0,100.0,101.0,101.16000000000003,102.0,103.0,103.0,104.0,105.0,106.0,106.0,107.0,108.0,109.0,109.80000000000001,111.0,112.0,112.0,113.0,113.0,113.24000000000001,114.0,114.72000000000003,115.0,115.20000000000005,116.0,116.67999999999995,117.0,118.0,119.0,119.0,120.0,121.0,121.36000000000001,122.0,123.0,124.0,125.0,125.55999999999995,126.79999999999995,127.0,127.27999999999997,128.0,128.0,129.0,129.0,130.0,130.0,130.96000000000004,131.0,132.0,132.0,134.0,134.0,134.0,135.0,136.0,136.0,137.0,138.0,139.0,141.0,141.0,143.0,145.0,147.0,149.0,153.0,156.76,160.0,113.0,1000.392156869173,1000.54509806633,1000.6235294342041,1000.705882370472,1000.8588235378265,1001.0,2000.572549045086,2000.9647058844566,3000.568627476692,3001.0,181.8051300048828,189.3730499267578,194.13542785644532,197.8726806640625,201.14862060546875,204.20751953125,207.36341857910156,210.98223876953125,216.34202575683594,346.9161682128906,235.63286,0.0,test_data/Useful/Validation/rice-at-2-ft/20241108_085554_071.jpg,1459.0,250.0,57.39312204292625
24,32.2,40.0,44.0,46.0,49.2,55.0,58.0,60.0,63.0,65.0,67.64,70.88,72.12,76.0,77.6,79.0,81.0,84.0,85.0,86.80000000000001,88.0,88.28,89.52000000000001,90.75999999999999,91.0,92.0,93.0,94.0,95.0,96.0,97.0,98.0,99.0,99.0,99.39999999999998,100.0,101.0,102.0,102.0,103.0,104.0,105.0,106.0,107.0,107.80000000000001,108.04000000000002,109.0,111.0,111.0,113.0,113.0,113.0,114.0,115.0,116.0,116.44000000000005,117.0,117.0,118.0,118.0,119.0,119.0,120.0,120.36000000000001,121.0,121.0,122.0,122.0,123.0,124.0,124.0,124.0,125.0,125.0,126.0,126.24000000000001,127.0,128.0,128.96000000000004,129.0,130.0,130.67999999999995,131.0,132.0,132.0,133.0,135.0,136.12,137.0,139.0,140.0,141.0,142.32000000000005,144.0,145.0,147.03999999999996,150.0,152.0,153.76,164.0,99.0,1000.392156869173,1000.54509806633,1000.6274510025978,1000.705882370472,1000.8549019694328,1001.0,2000.5764706134796,3000.086274512112,3000.572549045086,3001.0,181.77975006103514,189.29699096679687,194.12378387451173,197.89147033691407,201.11236572265625,204.19024047851562,207.34678649902344,211.01318359375,216.36798095703125,346.916015625,234.86101,0.0,test_data/Useful/Validation/rice-at-2-ft/20241108_085554_072.jpg,1567.0,246.0,59.90183145632017
25,32.0,38.0,42.0,46.0,51.2,54.44,58.360000000000014,60.92,62.0,64.80000000000001,67.64,69.88,72.0,73.36000000000001,77.0,78.0,79.0,81.0,81.0,83.0,84.0,85.0,86.0,86.0,87.0,88.24000000000001,90.0,90.72000000000003,91.0,92.19999999999999,94.0,96.0,97.0,98.0,98.0,99.0,100.0,101.0,101.0,102.0,103.0,103.07999999999998,105.0,105.0,106.0,107.0,108.0,108.51999999999998,109.0,110.0,110.0,111.0,111.0,112.0,113.0,113.0,114.0,114.0,115.0,116.0,117.0,117.0,118.0,118.36000000000001,119.0,121.0,121.0,122.0,122.0,123.0,123.03999999999996,124.0,125.0,126.0,126.0,126.24000000000001,127.0,128.0,129.0,130.0,131.0,131.0,131.0,132.0,133.0,134.0,134.0,135.0,136.0,137.0,138.0,138.08000000000004,140.0,141.55999999999995,143.0,145.0,148.27999999999997,150.51999999999998,154.0,163.0,131.0,1000.3960784375668,1000.5490196347237,1000.6352941393852,1000.7294117808342,1000.8862745165825,2000.1921568661928,2000.6745098233223,3000.32549020648,3000.5921568870544,3001.0,181.93126678466797,189.42095336914062,194.28246459960937,198.03927612304688,201.318115234375,204.35411071777344,207.4561294555664,211.03160095214844,216.4051055908203,346.8411865234375,234.13544,0.0,test_data/Useful/Validation/rice-at-2-ft/20241108_085554_079.jpg,1615.0,252.0,55.417705477206354
26,29.48,36.96,43.72,49.0,57.0,58.0,61.0,63.0,64.16,66.0,67.64,68.0,70.12,73.0,75.0,76.0,77.0,79.0,79.56,81.0,82.0,84.0,85.0,86.0,87.0,88.0,89.48000000000002,90.0,91.0,92.0,93.0,94.0,95.0,95.16000000000003,96.0,97.0,98.0,99.0,99.0,100.0,101.0,101.0,102.32,103.0,104.0,104.0,105.0,105.51999999999998,106.0,107.0,108.0,109.0,110.0,111.0,111.0,112.0,112.67999999999995,114.91999999999996,115.0,116.0,116.0,117.0,117.0,118.0,118.60000000000002,119.0,120.0,120.0,121.0,121.79999999999995,122.0,123.0,123.0,124.0,125.0,125.0,126.0,126.72000000000003,128.0,129.0,130.0,130.0,131.91999999999996,132.15999999999997,133.0,134.0,135.0,136.0,138.0,138.0,139.0,140.0,140.0,141.0,142.0,144.0,145.27999999999997,147.0,153.76,160.0,117.0,1000.3960784375668,1000.5490196347237,1000.6352941393852,1000.7294117808342,1000.8862745165825,2000.203921571374,2000.678431391716,3000.337254911661,3000.596078455448,3001.0,181.87173461914062,189.40020751953125,194.19985961914062,197.9266357421875,201.23777770996094,204.3499755859375,207.45480346679688,211.08766174316406,216.36776733398438,346.8240051269531,233.41096,0.0,test_data/Useful/Validation/rice-at-2-ft/20241108_085554_080.jpg,1654.0,234.0,59.626205791850396
27,32.0,37.480000000000004,47.0,51.0,54.0,58.0,60.0,62.92,68.16,71.0,73.0,75.0,76.0,77.0,78.0,79.0,81.0,82.0,83.0,84.0,85.0,86.0,87.0,89.75999999999999,90.0,91.24000000000001,93.0,94.0,95.0,96.0,97.0,98.0,99.0,100.0,101.0,102.0,102.88,103.0,104.0,105.0,105.83999999999997,106.0,107.0,107.56,108.0,108.04000000000002,109.0,109.51999999999998,110.0,111.0,112.0,112.0,113.0,113.0,114.0,115.0,115.0,116.0,117.0,117.0,118.0,118.88,119.0,119.36000000000001,120.0,121.0,121.08000000000004,122.0,122.0,123.0,123.03999999999996,124.0,125.0,126.0,127.0,127.0,127.0,128.0,129.0,130.0,130.0,131.0,131.0,132.0,132.0,133.0,134.0,135.0,136.0,137.60000000000002,138.0,139.08000000000004,141.0,143.0,143.0,145.03999999999996,147.0,149.0,153.03999999999996,161.0,127.0,1000.3960784375668,1000.5490196347237,1000.6352941393852,1000.7254902124405,1000.8823529481888,2000.1686274558306,2000.6823529601097,3000.337254911661,3000.596078455448,3001.0,182.1083755493164,189.70802001953126,194.47127685546874,198.15935668945312,201.38105010986328,204.3860321044922,207.48239135742188,211.0997741699219,216.3772430419922,346.79547119140625,234.79103,0.0,test_data/Useful/Validation/rice-at-2-ft/20241108_085554_081.jpg,1571.0,268.0,59.21415251828783
28,30.72,37.44,45.0,55.0,56.2,59.44,62.0,66.92,68.0,71.0,72.0,73.0,74.0,75.0,76.6,78.0,80.08000000000001,82.32,84.0,85.0,86.03999999999999,88.0,89.0,90.0,91.0,92.0,93.0,94.0,95.0,96.0,96.0,97.0,97.92000000000002,98.0,99.0,100.0,100.88,101.0,102.0,102.0,102.83999999999997,104.0,104.0,105.0,105.0,106.0,106.27999999999997,107.0,107.0,108.0,109.0,110.0,110.0,111.0,112.0,112.0,113.0,114.0,114.15999999999997,115.0,116.0,116.0,117.0,117.0,118.0,118.0,119.0,120.0,120.0,121.0,122.0,123.0,123.0,124.0,125.0,125.0,126.0,127.0,127.96000000000004,128.20000000000005,129.0,130.0,131.0,132.15999999999997,134.0,135.0,136.0,137.0,137.36,138.60000000000002,139.84000000000003,140.0,141.0,142.55999999999995,144.0,145.0,146.27999999999997,149.0,151.0,158.0,105.0,1000.3960784375668,1000.5490196347237,1000.6352941393852,1000.7254902124405,1000.8784313797951,2000.1529411822557,2000.6862745285034,3000.3490196168423,3000.596078455448,3001.0,181.80260620117187,189.50570373535157,194.3219436645508,198.03252563476562,201.26519012451172,204.31397705078126,207.42257690429688,211.0238800048828,216.3760986328125,346.77032470703125,233.61896,0.0,test_data/Useful/Validation/rice-at-2-ft/20241108_085554_082.jpg,1541.0,214.0,62.986053620280885
29,32.24,45.0,52.72,58.88,61.2,64.0,65.68,68.0,71.16,74.4,76.64,77.0,78.0,79.0,80.0,81.0,83.0,84.0,85.0,86.80000000000001,88.0,89.0,90.0,91.0,92.0,93.0,94.0,95.0,95.0,96.19999999999999,97.0,98.0,99.0,100.0,101.0,101.0,101.88,102.12,103.36000000000001,105.0,106.0,106.0,107.0,108.0,108.80000000000001,109.0,110.0,110.51999999999998,111.0,112.0,112.24000000000001,113.0,114.0,114.0,115.0,115.0,116.0,117.0,117.0,118.0,118.0,119.0,119.12,120.0,121.0,121.84000000000003,122.0,123.0,123.0,124.0,125.0,125.0,125.0,126.0,127.0,127.24000000000001,128.0,129.0,129.0,130.0,131.0,131.0,132.0,133.0,134.0,134.0,135.0,137.0,138.0,138.0,139.0,140.08000000000004,142.0,142.55999999999995,143.79999999999995,146.0,148.0,149.0,153.0,161.0,101.0,1000.392156869173,1000.5490196347237,1000.6352941393852,1000.7254902124405,1000.8823529481888,2000.176470592618,2000.6862745285034,3000.341176480055,3000.600000023842,3001.0,181.7642578125,189.4460876464844,194.2852340698242,197.97686767578125,201.20746612548828,204.2738464355469,207.4270782470703,211.00787353515625,216.28359985351562,346.7785949707031,233.05922,0.0,test_data/Useful/Validation/rice-at-2-ft/20241108_085554_083.jpg,1487.0,245.0,60.95263005736265
30,38.24,42.96,47.0,51.0,54.2,58.44,63.0,64.0,68.0,70.0,73.0,75.0,78.0,79.0,81.6,83.0,84.0,85.0,86.0,87.0,87.03999999999999,88.0,90.0,90.75999999999999,92.0,93.0,93.0,94.0,95.0,96.0,96.0,97.0,97.92000000000002,99.0,100.0,100.0,101.0,101.0,102.0,103.0,103.83999999999997,104.07999999999998,105.0,105.56,106.80000000000001,108.0,108.0,109.0,109.0,109.0,110.0,111.0,112.0,112.0,113.0,114.0,114.0,115.0,115.0,116.39999999999998,117.0,117.0,118.0,118.0,118.60000000000002,119.0,120.0,120.0,121.0,122.0,123.0,124.0,124.51999999999998,126.0,127.0,128.0,128.0,129.0,129.96000000000004,130.0,131.0,131.0,131.91999999999996,132.0,134.0,135.0,135.0,137.0,137.0,138.0,139.0,140.0,141.0,142.0,143.79999999999995,145.0,146.0,149.0,155.0,163.0,109.0,1000.4078431427479,1000.5607843399048,1000.6470588445663,1000.7568627595901,1000.9176470637321,2000.3960784375668,2000.7529411911964,3000.403921574354,3000.6156862974167,3001.0,181.91806030273438,189.54612731933594,194.391064453125,198.19347534179687,201.42149353027344,204.47845458984375,207.5822296142578,211.17124938964844,216.4102783203125,346.8878173828125,234.95735,0.0,test_data/Useful/Validation/rice-at-2-ft/20241108_085554_090.jpg,1620.0,248.0,59.88521866763225
31,35.0,42.480000000000004,46.0,50.0,56.0,57.0,60.360000000000014,63.92,67.0,69.4,70.64,73.0,74.12,76.36000000000001,77.0,79.0,80.0,82.0,83.0,85.0,87.0,89.0,90.0,90.0,91.0,92.0,94.0,95.0,95.95999999999998,96.0,97.0,97.68,99.0,100.0,101.0,102.0,103.0,104.0,104.36000000000001,105.0,106.0,107.0,108.0,109.0,110.0,110.0,110.27999999999997,111.0,112.0,112.0,113.0,113.0,114.0,115.0,116.0,116.0,117.0,117.0,117.15999999999997,118.0,119.0,120.0,121.0,121.0,122.0,122.0,123.0,123.0,124.0,124.79999999999995,125.0,125.0,126.0,127.0,128.0,128.0,129.0,130.0,130.0,131.0,131.44000000000005,132.0,132.0,133.15999999999997,134.0,135.0,135.88,137.0,137.36,138.60000000000002,139.84000000000003,140.0,142.0,143.0,144.0,146.03999999999996,148.0,151.0,154.76,170.0,113.0,1000.4000000059605,1000.5568627715111,1000.6431372761726,1000.7529411911964,1000.9137254953384,2000.419607847929,2000.784313738346,3000.4274509847164,3000.6196078658104,3001.0,182.09595947265626,189.5962127685547,194.3895721435547,198.07931518554688,201.31773376464844,204.3662872314453,207.4954833984375,211.07992553710938,216.325927734375,346.90228271484375,235.67278,0.0,test_data/Useful/Validation/rice-at-2-ft/20241108_085554_091.jpg,1642.0,257.0,59.79540605783608
32,33.2,43.96,47.72,54.92,59.2,64.0,67.0,69.92,73.16,76.0,77.0,78.88,81.0,82.0,83.6,85.0,86.0,87.0,89.0,90.0,91.0,92.0,93.0,94.0,95.0,96.0,97.0,98.0,98.95999999999998,100.0,100.44,101.0,102.0,103.0,103.39999999999998,104.0,104.88,105.0,106.0,106.0,106.0,107.0,108.0,109.0,109.0,109.0,110.0,110.0,111.0,112.0,113.0,114.0,114.0,115.0,115.0,115.0,116.0,116.0,118.0,118.0,118.0,119.0,119.0,120.0,120.0,120.84000000000003,121.0,122.0,122.0,123.0,123.0,124.0,124.51999999999998,125.0,126.0,127.0,127.0,128.72000000000003,130.0,131.0,131.0,132.0,133.0,134.15999999999997,135.0,136.0,136.0,137.0,138.0,139.0,139.84000000000003,141.0,142.0,143.0,143.0,145.0,147.0,150.0,153.76,163.0,106.0,1000.4039215743542,1000.5607843399048,1000.65098041296,1000.7686274647713,1000.9411764740944,2000.4980392158031,2000.8156862854958,3000.435294121504,3000.623529434204,3001.0,181.9694580078125,189.67864990234375,194.48922729492188,198.21270751953125,201.46511840820312,204.49445190429688,207.61429290771483,211.19404296875,216.4022216796875,346.94720458984375,234.79623,0.0,test_data/Useful/Validation/rice-at-2-ft/20241108_085554_092.jpg,1561.0,255.0,58.67317249539653
33,30.240000000000002,36.480000000000004,44.72,47.96,50.0,54.0,57.68000000000001,61.0,64.0,66.0,68.0,72.0,73.0,75.36000000000001,77.0,79.0,81.0,82.0,83.56,85.0,86.0,87.0,88.0,90.0,91.0,92.0,93.0,94.0,95.0,96.0,97.0,98.0,98.92000000000002,100.0,100.0,101.0,102.0,103.0,104.0,105.0,105.0,106.0,107.0,108.0,108.0,109.0,109.27999999999997,110.0,111.0,112.0,113.0,113.0,114.0,114.0,115.0,115.44000000000005,116.0,116.91999999999996,117.0,118.0,119.0,119.0,119.12,120.0,121.0,121.0,121.0,122.0,122.0,123.0,124.0,125.0,125.0,126.0,127.0,128.0,129.0,129.0,130.0,131.0,131.0,132.0,132.0,133.0,134.39999999999998,135.0,136.0,136.0,137.0,138.0,139.0,140.0,141.0,142.0,143.0,144.03999999999996,146.27999999999997,148.51999999999998,153.0,160.0,121.0,1000.4039215743542,1000.5607843399048,1000.65098041296,1000.7686274647713,1000.9411764740944,2000.4941176474094,2000.811764717102,3000.435294121504,3000.623529434204,3001.0,182.42617950439453,189.85943298339845,194.61972045898438,198.352783203125,201.59376525878906,204.67294311523438,207.7603302001953,211.24327087402344,216.3802490234375,346.9869384765625,233.37982,0.0,test_data/Useful/Validation/rice-at-2-ft/20241108_085554_093.jpg,1613.0,253.0,58.562109691248544
34,34.480000000000004,44.480000000000004,51.0,54.0,62.0,65.0,68.0,69.0,72.32,74.0,76.0,77.0,80.0,81.0,82.0,83.0,84.0,86.0,86.0,87.80000000000001,89.0,90.0,90.0,91.0,92.0,94.0,95.0,96.0,97.0,98.0,99.0,100.0,100.92000000000002,101.0,101.39999999999998,102.0,103.0,104.0,105.0,106.0,107.0,107.0,108.0,109.0,109.80000000000001,110.0,111.0,111.0,112.0,112.0,113.0,114.0,114.0,115.0,115.0,116.0,116.0,117.0,117.0,118.0,118.0,119.0,120.0,120.0,121.0,121.84000000000003,122.0,122.0,122.55999999999995,123.0,124.0,125.0,125.0,126.0,127.0,128.0,129.0,129.72000000000003,130.0,131.0,132.0,132.67999999999995,133.0,134.0,135.0,136.0,136.0,137.0,138.0,139.0,140.0,140.0,141.0,142.0,142.0,144.0,145.0,146.51999999999998,148.76,159.0,122.0,1000.4117647111416,1000.5647059082985,1000.6549019813538,1000.7764706015587,1000.9568627476692,2000.5098039507866,2000.811764717102,3000.43137255311,3000.6196078658104,3001.0,182.3271026611328,189.98267517089843,194.7292037963867,198.43637084960938,201.65792846679688,204.66311645507812,207.72799682617188,211.22116088867188,216.46742248535156,347.0003662109375,233.69565,0.0,test_data/Useful/Validation/rice-at-2-ft/20241108_085554_094.jpg,1615.0,272.0,60.154543733993435
35,42.24,52.0,55.72,57.96,62.0,64.44,66.0,71.0,73.0,75.0,77.0,78.88,80.0,81.0,82.6,85.0,86.0,87.0,89.0,91.0,92.0,92.0,93.0,94.0,95.0,96.0,97.0,98.0,98.0,99.0,99.0,100.0,100.92000000000002,101.16000000000003,103.0,103.0,104.0,104.0,105.0,105.60000000000002,106.83999999999997,107.0,108.0,108.0,109.0,110.0,110.27999999999997,111.0,112.0,112.0,113.0,115.0,115.0,116.0,117.0,117.0,118.0,118.0,119.0,119.0,120.0,120.0,121.0,121.0,122.0,122.84000000000003,124.0,124.0,125.0,126.0,126.0,127.0,127.0,128.0,129.0,130.0,130.0,131.0,131.0,132.0,132.0,133.0,134.0,135.0,135.0,137.0,137.0,138.12,139.0,140.60000000000002,141.0,142.0,142.32000000000005,144.0,145.0,147.0,147.0,149.51999999999998,154.76,165.0,99.0,1000.3764705955982,1000.5254902243614,1000.6078431606293,1000.6862745285034,1000.8235294222832,1001.0,2000.556862771511,3000.149019613862,3000.5803921818733,3001.0,182.59524536132812,190.1689910888672,194.979248046875,198.67373046875,201.88546752929688,204.89089965820312,207.91915893554688,211.37442016601562,216.35372924804688,347.3303527832031,233.8197,0.0,test_data/Useful/Validation/rice-at-2-ft/20241108_085653_027.jpg,1668.0,296.0,57.075260119996415
36,38.24,44.480000000000004,51.0,57.0,62.0,63.0,66.68,69.92,72.0,74.0,75.0,76.88,78.0,80.0,81.0,82.0,84.0,85.32,87.56,88.80000000000001,89.0,91.0,92.0,93.0,94.0,94.24000000000001,96.0,97.0,98.0,98.0,98.44,99.0,99.0,100.0,102.0,103.0,103.0,104.0,104.0,105.60000000000002,106.83999999999997,107.0,107.32,108.56,109.0,110.0,111.0,112.0,112.0,113.0,114.0,114.0,114.0,115.0,115.0,116.0,117.0,117.0,118.0,119.0,119.0,120.0,120.12,122.0,122.0,122.0,123.0,123.0,124.0,124.79999999999995,125.0,125.27999999999997,126.51999999999998,127.0,128.0,128.0,129.0,129.72000000000003,130.0,131.0,132.0,133.0,133.0,134.0,135.0,135.0,136.0,137.12,138.36,140.0,140.84000000000003,142.0,143.0,143.0,145.79999999999995,148.0,150.27999999999997,152.0,156.76,164.0,114.0,1000.3725490272045,1000.5254902243614,1000.6078431606293,1000.6862745285034,1000.8235294222832,1001.0,2000.5607843399048,3000.164705887437,3000.5803921818733,3001.0,182.48949127197267,190.05958862304686,194.89700317382812,198.59284057617188,201.8197021484375,204.8584442138672,207.95283203125,211.4144744873047,216.40687561035156,347.30859375,234.27184,0.0,test_data/Useful/Validation/rice-at-2-ft/20241108_085653_028.jpg,1712.0,265.0,55.70045769012367
37,43.24,48.96,55.72,58.0,61.0,65.0,69.0,71.0,74.0,76.0,77.0,79.0,82.0,84.0,86.0,87.0,89.0,89.32,90.0,91.0,92.0,93.0,94.0,95.0,96.0,96.0,97.0,98.0,99.0,100.0,100.44,102.68,103.0,104.0,105.0,105.0,105.88,106.12,107.36000000000001,109.0,109.0,110.0,111.0,111.0,111.0,112.0,112.0,113.0,113.0,114.0,114.0,115.0,116.0,116.0,116.20000000000005,117.0,117.0,118.0,118.0,119.0,120.0,120.0,121.12,122.0,123.0,124.0,125.0,126.0,126.0,127.0,128.0,128.0,129.0,129.0,130.0,131.24,132.0,133.0,133.0,134.0,134.0,135.0,136.0,137.0,138.0,138.0,139.0,140.0,141.36,142.0,143.0,144.0,145.0,146.0,147.79999999999995,149.0,150.0,153.51999999999998,155.76,167.0,111.0,1000.3764705955982,1000.5294117927551,1000.611764729023,1000.6901960968971,1000.8352941274643,2000.0352941192687,2000.572549045086,3000.1803921610117,3000.5803921818733,3001.0,182.37402954101563,190.0817108154297,194.92107238769532,198.64000244140624,201.85606384277344,204.87989807128906,207.94691467285156,211.41526794433594,216.4800750732422,347.33502197265625,234.58331,0.0,test_data/Useful/Validation/rice-at-2-ft/20241108_085653_029.jpg,1606.0,242.0,58.922941056969506
38,31.72,41.480000000000004,46.0,52.96,56.60000000000001,60.0,62.68000000000001,66.0,71.0,73.0,75.0,78.0,80.0,82.0,83.0,85.84,87.0,88.0,89.0,90.0,92.0,93.0,94.0,95.0,95.0,97.0,98.0,99.0,101.0,102.19999999999999,103.0,104.0,104.0,105.0,105.0,106.0,107.0,108.0,108.0,108.60000000000002,109.0,110.0,110.0,110.0,111.0,112.0,112.0,113.0,113.0,114.0,114.0,115.0,115.0,116.0,117.0,118.0,118.0,119.0,120.0,121.0,121.63999999999999,122.0,123.0,123.0,123.0,124.0,124.08000000000004,125.0,126.0,126.0,127.0,127.0,127.51999999999998,128.0,129.0,129.0,130.0,131.0,132.0,133.0,133.0,134.0,135.91999999999996,136.0,137.0,138.0,138.88,140.0,141.0,141.0,142.0,143.0,144.0,144.55999999999995,145.0,146.0,148.0,150.0,153.0,159.0,110.0,1000.3725490272045,1000.5254902243614,1000.611764729023,1000.6901960968971,1000.8352941274643,2000.0352941192687,2000.572549045086,3000.1803921610117,3000.5803921818733,3001.0,182.48114013671875,190.08148193359375,194.85931396484375,198.6468505859375,201.84222412109375,204.85751342773438,207.94293212890625,211.43661499023438,216.4619598388672,347.3251037597656,233.14659,0.0,test_data/Useful/Validation/rice-at-2-ft/20241108_085653_030.jpg,1621.0,232.0,61.36288856013627
39,43.24,50.0,53.0,56.96,61.0,65.0,69.68,71.0,73.16,75.0,77.0,78.0,79.0,83.0,86.0,87.0,87.08000000000001,88.0,89.56,90.0,91.0,92.0,94.0,95.0,96.0,96.24000000000001,97.0,97.72000000000003,98.0,99.0,100.0,101.0,102.0,103.0,104.0,104.0,105.0,106.0,106.36000000000001,107.0,108.0,110.0,110.0,112.0,112.0,112.04000000000002,113.0,113.0,114.0,114.0,115.0,115.0,116.0,116.96000000000004,117.0,118.0,118.67999999999995,119.0,120.0,121.0,122.0,122.88,123.0,124.0,124.0,125.0,126.0,126.32000000000005,127.55999999999995,128.0,129.0,129.0,130.0,130.0,131.0,131.24,132.0,132.0,133.0,134.0,134.0,135.0,136.91999999999996,138.0,138.0,139.0,140.0,141.0,141.0,142.0,143.0,144.0,145.0,147.0,148.0,150.0,152.0,154.0,158.51999999999998,172.0,132.0,1000.3764705955982,1000.5294117927551,1000.611764729023,1000.6941176652908,1000.839215695858,2000.06274510175,2000.5764706134796,3000.2000000029802,3000.584313750267,3001.0,182.39244995117187,190.06166076660156,194.88189086914062,198.64590454101562,201.8783187866211,204.89965209960937,207.94973754882812,211.43045043945312,216.41717529296875,347.35003662109375,235.47623,0.0,test_data/Useful/Validation/rice-at-2-ft/20241108_085653_031.jpg,1672.0,242.0,57.58350601191658
40,26.68,48.0,52.0,57.0,63.2,65.44,66.68,70.84,74.0,76.0,78.0,80.88,83.0,84.0,85.0,87.84,89.0,90.0,91.0,92.0,93.0,94.0,94.52000000000001,96.0,97.0,98.0,99.0,100.0,101.0,102.0,104.0,105.0,106.0,107.0,107.0,108.0,108.0,109.0,109.36000000000001,110.0,110.83999999999997,111.0,112.0,112.56,113.0,114.0,114.0,115.0,115.0,116.0,116.0,117.0,118.0,118.0,119.0,120.0,121.0,121.91999999999996,122.0,123.0,124.0,124.0,125.0,125.0,125.60000000000002,126.0,127.0,128.0,128.0,129.0,129.0,129.0,130.0,131.0,131.0,132.0,132.0,133.0,133.0,134.0,135.0,135.0,136.0,137.0,138.0,138.64,139.0,140.0,141.0,142.0,143.0,145.0,145.0,146.55999999999995,147.0,149.0,150.27999999999997,152.0,154.0,160.0,129.0,1000.3803921639919,1000.5333333611488,1000.6156862974167,1000.6980392336845,1000.8549019694328,2000.1215686276555,2000.5921568870544,3000.2352941185236,3000.5882353186607,3001.0,182.43597412109375,190.05426025390625,194.8001251220703,198.54811096191406,201.8084716796875,204.86550903320312,207.916748046875,211.37677001953125,216.37977600097656,347.322021484375,233.31522,0.0,test_data/Useful/Validation/rice-at-2-ft/20241108_085653_032.jpg,1609.0,227.0,51.917386271105656
41,39.0,46.44,53.0,57.0,60.0,62.44,67.0,71.0,73.16,76.4,78.0,79.0,80.0,81.0,82.0,84.84,86.0,88.0,89.0,90.0,91.0,93.0,94.0,95.75999999999999,97.0,97.0,99.0,100.0,101.0,102.0,103.0,104.0,105.0,106.0,106.0,107.0,108.0,108.0,109.0,109.0,109.0,110.0,110.0,111.0,111.0,112.0,113.0,113.0,114.0,115.0,115.0,116.0,116.0,117.0,117.20000000000005,118.0,118.0,119.0,119.15999999999997,120.0,121.0,122.0,122.12,123.36000000000001,124.0,125.0,125.0,125.32000000000005,126.0,127.0,127.03999999999996,128.0,129.0,129.0,130.0,130.0,131.0,131.0,132.0,133.0,133.0,134.0,135.0,136.15999999999997,137.0,138.0,139.0,140.0,141.0,141.0,142.0,143.0,144.32000000000005,145.55999999999995,146.0,147.0,148.27999999999997,150.0,154.76,160.0,125.0,1000.3843137323856,1000.5372549295425,1000.6235294342041,1000.7137255072594,1000.8823529481888,2000.243137255311,2000.623529434204,3000.2784313857555,3000.5921568870544,3001.0,182.49129943847657,190.07703857421876,194.8605941772461,198.61895751953125,201.81503295898438,204.8280487060547,207.87417602539062,211.35495300292968,216.40977478027344,347.29522705078125,235.84897,0.0,test_data/Useful/Validation/rice-at-2-ft/20241108_085653_033.jpg,1634.0,251.0,61.50326560782739
42,28.48,52.480000000000004,58.0,61.96,65.4,70.0,71.68,74.92,78.0,79.0,81.0,83.0,85.0,87.0,90.0,90.84,92.0,93.0,94.0,95.0,96.0,97.0,97.0,98.0,99.0,101.0,101.0,102.0,103.0,103.0,104.0,105.0,105.0,106.0,106.39999999999998,107.63999999999999,108.0,109.0,109.0,110.0,111.0,111.0,112.0,113.0,114.0,114.0,115.0,115.51999999999998,116.0,117.0,117.24000000000001,118.0,119.0,120.0,121.0,121.44000000000005,122.0,122.0,123.0,124.0,125.0,125.0,125.0,126.0,127.0,127.0,128.0,129.0,129.55999999999995,130.0,130.0,131.0,131.0,132.0,133.0,133.0,134.0,135.0,135.0,136.0,136.0,137.0,138.0,139.0,139.0,140.0,141.0,141.0,142.36,143.0,145.0,146.0,147.0,147.0,148.0,150.0,151.27999999999997,153.0,156.0,162.0,130.0,1000.3960784375668,1000.54509806633,1000.6352941393852,1000.7411764860153,1000.9176470637321,2000.364705890417,2000.6980392336845,3000.3960784375668,3000.6078431606293,3001.0,182.4592483520508,190.0999755859375,194.91432189941406,198.620849609375,201.844482421875,204.88876342773438,207.95857849121094,211.44577026367188,216.4320526123047,347.283203125,234.24257,0.0,test_data/Useful/Validation/rice-at-2-ft/20241108_085653_038.jpg,1543.0,197.0,59.98609512371569
43,38.24,44.480000000000004,48.0,51.96,57.400000000000006,64.0,66.68,69.0,73.16,75.0,76.0,77.0,79.0,80.0,82.0,84.0,86.0,87.0,89.0,90.80000000000001,92.0,93.0,94.0,95.0,95.0,97.0,98.0,99.0,99.0,101.0,102.0,102.0,103.0,104.0,104.0,105.0,106.0,106.12,107.0,108.0,109.0,110.0,110.32,111.0,112.0,113.0,113.27999999999997,114.0,114.75999999999999,116.0,117.0,117.0,118.0,119.0,120.0,120.0,121.0,122.0,123.0,123.0,124.0,124.0,125.0,125.0,126.0,126.0,127.0,127.32000000000005,128.0,128.0,129.0,130.0,131.0,131.0,132.0,132.24,133.0,134.0,134.0,135.0,136.0,137.0,138.0,138.0,139.0,140.0,141.0,142.0,143.0,144.0,145.0,146.0,147.0,148.0,148.0,150.0,152.0,153.0,155.0,166.0,104.0,1000.392156869173,1000.5411764979362,1000.6313725709915,1000.7333333492279,1000.9098039269447,2000.3450980484486,2000.6980392336845,3000.3960784375668,3000.6078431606293,3001.0,182.78633575439454,190.1601989746094,194.93087005615234,198.6322814941406,201.83229064941406,204.8421630859375,207.9329071044922,211.43280029296875,216.4144744873047,347.2555236816406,235.12845,0.0,test_data/Useful/Validation/rice-at-2-ft/20241108_085653_039.jpg,1631.0,253.0,58.82118467921936
44,39.0,45.480000000000004,54.0,58.0,60.0,63.44,66.68,68.92,72.0,74.0,75.64,78.0,80.0,81.0,81.0,83.0,85.08000000000001,88.0,90.0,91.0,92.0,92.0,93.52000000000001,95.0,96.0,97.0,98.0,99.0,100.0,101.0,101.0,102.0,103.0,104.0,106.0,106.0,107.0,107.12,108.0,109.0,109.0,111.0,111.0,112.0,112.0,113.0,114.0,115.0,115.0,115.0,116.0,116.0,117.0,118.0,119.0,120.0,120.0,121.0,122.0,122.0,122.63999999999999,123.0,123.12,124.0,125.0,125.0,127.0,127.0,127.0,128.0,128.03999999999996,129.0,129.0,130.0,131.0,131.0,132.0,132.0,133.0,134.0,136.0,136.0,137.0,137.0,138.0,139.0,140.0,140.12,141.0,141.60000000000002,143.0,144.0,145.0,145.0,146.0,148.0,149.0,152.03999999999996,155.76,168.0,115.0,1000.392156869173,1000.5411764979362,1000.6313725709915,1000.7294117808342,1000.905882358551,2000.3490196168423,2000.7137255072594,3000.4117647111416,3000.6078431606293,3001.0,182.48069763183594,190.0442352294922,194.88157653808594,198.62567138671875,201.810302734375,204.84241333007813,207.850830078125,211.32344360351564,216.36109924316406,347.2532958984375,234.00098,0.0,test_data/Useful/Validation/rice-at-2-ft/20241108_085653_040.jpg,1649.0,256.0,59.53421948928842
45,37.0,45.480000000000004,50.0,57.0,62.0,64.44,66.0,69.0,71.0,72.0,74.64,77.75999999999999,80.0,81.0,83.0,84.0,86.0,87.32,89.0,90.0,92.0,93.0,93.52000000000001,94.75999999999999,96.0,97.0,97.0,98.0,99.95999999999998,100.0,101.0,102.0,103.0,103.16000000000003,104.0,104.0,105.0,106.0,107.0,108.0,108.0,109.0,110.0,111.0,112.0,113.0,114.0,114.0,114.0,115.0,115.24000000000001,116.0,117.0,117.96000000000004,118.0,119.0,119.0,120.0,121.0,121.39999999999998,122.63999999999999,123.0,124.0,124.36000000000001,125.0,125.0,126.0,127.0,127.0,127.0,128.0,129.0,130.0,130.0,131.0,131.0,132.48000000000002,133.0,134.0,134.0,135.0,136.0,136.0,137.0,138.0,138.0,139.0,139.0,140.0,141.0,141.84000000000003,143.0,144.0,146.0,147.0,148.0,149.0,150.51999999999998,154.76,164.0,114.0,1000.3960784375668,1000.54509806633,1000.6352941393852,1000.7411764860153,1000.9215686321259,2000.3843137323856,2000.7254902124405,3000.4117647111416,3000.611764729023,3001.0,182.49660034179686,190.07886962890626,194.8834213256836,198.6186065673828,201.81710815429688,204.8299560546875,207.8813934326172,211.3620147705078,216.3555145263672,347.2524719238281,233.6919,0.0,test_data/Useful/Validation/rice-at-2-ft/20241108_085653_041.jpg,1599.0,218.0,61.34911439147345
46,38.0,54.480000000000004,59.0,61.92,65.0,67.0,69.0,74.0,76.16,77.4,79.0,80.0,81.0,82.0,84.0,85.0,87.0,88.0,89.0,90.0,91.03999999999999,92.28,93.0,94.0,95.0,97.0,98.0,99.0,100.0,101.0,101.44,103.0,103.92000000000002,105.0,105.0,106.0,106.0,107.0,108.0,108.60000000000002,110.0,111.0,111.0,111.56,113.0,113.0,114.0,114.51999999999998,115.0,116.0,117.0,117.0,118.0,119.0,119.0,120.0,120.0,121.0,122.0,123.0,123.0,124.0,125.0,125.0,126.0,127.0,127.0,128.0,128.0,128.0,129.0,129.27999999999997,130.0,131.0,131.0,132.0,133.0,133.0,134.0,135.0,135.44000000000005,136.0,138.0,139.0,139.0,140.0,140.88,141.0,142.0,143.0,144.0,145.0,146.0,147.0,148.0,150.0,152.0,153.51999999999998,157.0,167.0,128.0,1000.3960784375668,1000.54509806633,1000.6352941393852,1000.7411764860153,1000.9215686321259,2000.392156869173,2000.7372549176216,3000.4235294163227,3000.611764729023,3001.0,182.26463623046874,189.88138427734376,194.72173767089845,198.4448486328125,201.70155334472656,204.73773498535155,207.84539642333985,211.35679321289064,216.43455657958984,347.2282409667969,234.50737,0.0,test_data/Useful/Validation/rice-at-2-ft/20241108_085653_042.jpg,1579.0,224.0,63.5627805979638
47,34.68,45.96,48.0,52.0,57.2,65.0,68.0,71.0,73.0,75.80000000000001,78.0,79.88,82.0,83.0,84.0,85.0,88.08000000000001,89.0,90.0,91.0,93.0,93.28,94.0,95.0,97.0,97.0,98.0,99.0,99.0,100.0,101.0,101.0,102.0,103.0,104.0,105.0,106.0,107.0,108.0,108.0,109.0,110.0,111.0,112.0,113.0,114.0,114.0,115.0,115.75999999999999,116.0,117.0,118.0,118.0,119.0,119.0,120.0,120.0,121.0,121.15999999999997,122.0,123.0,123.88,124.0,125.0,126.0,126.0,127.0,127.0,128.0,128.79999999999995,129.0,130.0,131.0,131.0,131.0,132.0,133.0,133.72000000000003,134.96000000000004,135.0,136.0,136.0,137.0,138.15999999999997,139.0,140.0,140.88,142.0,142.0,144.0,144.0,145.0,146.0,148.0,148.0,150.0,151.0,152.0,154.76,162.0,131.0,1000.3882353007793,1000.5411764979362,1000.6313725709915,1000.7411764860153,1000.9176470637321,2000.3882353007793,2000.7490196228027,3000.4235294163227,3000.611764729023,3001.0,182.40646362304688,189.97097778320312,194.84700469970704,198.56607360839843,201.7929229736328,204.8303985595703,207.90725708007812,211.37258911132812,216.37545776367188,347.21844482421875,232.99548,0.0,test_data/Useful/Validation/rice-at-2-ft/20241108_085653_043.jpg,1642.0,249.0,58.996228970141416
48,34.0,46.480000000000004,53.0,55.96,59.0,62.0,65.68,68.0,71.0,72.0,74.64,76.0,78.0,79.36000000000001,81.0,82.0,83.08000000000001,84.32,86.0,87.0,88.0,90.0,92.0,93.0,94.0,96.24000000000001,98.0,99.0,99.0,100.0,101.0,103.0,104.0,104.0,105.0,106.0,107.0,107.0,107.0,108.0,109.0,109.0,111.0,111.0,112.0,113.0,113.27999999999997,114.0,115.0,115.0,116.0,116.0,117.0,117.0,118.0,119.0,120.0,121.0,121.0,122.0,123.0,123.0,124.0,124.0,125.0,125.84000000000003,126.0,127.0,127.0,128.0,128.0,129.0,129.0,129.76,131.0,131.0,132.0,132.0,133.0,133.20000000000005,134.0,135.0,135.0,136.0,137.0,137.64,138.0,139.0,140.0,140.0,142.84000000000003,144.0,145.0,146.0,147.0,149.0,150.0,151.0,153.76,159.0,129.0,1000.3882353007793,1000.5411764979362,1000.6313725709915,1000.7411764860153,1000.9176470637321,2000.4000000059605,2000.7529411911964,3000.4235294163227,3000.611764729023,3001.0,182.4599609375,190.01046752929688,194.7652389526367,198.513671875,201.72442626953125,204.73743591308593,207.79253387451172,211.28968505859376,216.35872497558594,347.2033386230469,233.6242,0.0,test_data/Useful/Validation/rice-at-2-ft/20241108_085653_044.jpg,1651.0,245.0,59.6542917323653
49,34.480000000000004,43.480000000000004,51.0,55.96,61.2,65.0,66.0,70.0,72.0,74.0,76.64,78.88,81.0,82.36000000000001,83.6,85.0,88.0,89.0,90.0,92.0,93.0,94.0,94.0,95.0,98.0,99.0,100.0,101.0,101.0,102.0,103.0,103.68,104.0,105.0,106.0,106.0,107.0,107.0,108.0,109.0,109.0,111.0,111.0,112.0,113.0,114.0,114.0,115.0,115.0,116.0,116.0,117.0,118.0,118.0,118.0,119.0,119.0,119.0,120.0,120.39999999999998,121.0,122.0,122.0,123.0,123.0,124.0,125.0,125.0,126.0,126.0,127.0,127.0,128.0,129.0,129.0,130.0,131.0,132.0,132.96000000000004,133.0,134.0,134.67999999999995,135.0,136.0,137.0,138.0,138.0,139.0,140.0,140.0,140.84000000000003,141.0,142.0,143.0,144.0,145.0,149.0,151.0,154.76,166.0,118.0,1000.3882353007793,1000.54509806633,1000.6431372761726,1000.7647058963776,1000.9568627476692,2000.486274510622,2000.878431379795,3000.447058826685,3000.6196078658104,3001.0,182.43480529785157,189.9613525390625,194.7312225341797,198.42423095703126,201.65280151367188,204.70757751464845,207.78803253173828,211.3223114013672,216.36441040039062,347.1676940917969,234.60193,0.0,test_data/Useful/Validation/rice-at-2-ft/20241108_085653_049.jpg,1603.0,265.0,65.50980279635314
50,30.200000000000003,40.480000000000004,45.72,55.0,61.0,64.44,66.68,68.92,72.0,74.0,77.0,79.0,80.12,82.36000000000001,84.0,85.0,87.0,88.0,89.0,90.80000000000001,92.0,93.0,94.0,95.0,96.0,97.0,97.0,98.0,99.95999999999998,100.0,101.0,102.0,103.0,103.16000000000003,104.0,105.0,106.0,107.0,107.0,108.0,109.0,110.0,111.0,111.0,112.0,113.0,114.0,114.0,115.0,116.0,116.24000000000001,117.0,118.72000000000003,119.0,120.0,120.0,120.0,121.0,121.0,122.0,123.0,124.0,124.0,124.36000000000001,125.0,126.0,126.0,126.0,127.0,127.0,128.0,129.0,129.0,130.0,131.0,131.0,132.0,132.0,132.96000000000004,133.0,133.0,134.0,134.91999999999996,136.0,137.0,138.0,139.0,140.0,141.0,142.0,143.0,144.0,145.0,146.0,147.0,148.0,150.0,152.0,153.76,160.0,120.0,1000.3882353007793,1000.54509806633,1000.6431372761726,1000.7607843279839,1000.9529411792755,2000.4823529422283,2000.9372549057007,3000.4549019634724,3000.6196078658104,3001.0,182.30789184570312,189.861083984375,194.60464477539062,198.33700561523438,201.54269409179688,204.5839080810547,207.63710021972656,211.1519012451172,216.26821899414062,347.15216064453125,234.37964,0.0,test_data/Useful/Validation/rice-at-2-ft/20241108_085653_050.jpg,1559.0,228.0,62.1857630007713
51,37.480000000000004,47.480000000000004,52.0,60.96,65.2,68.0,72.0,74.0,77.0,79.0,81.64,83.0,85.0,86.0,87.6,89.0,90.0,91.0,92.0,94.0,96.0,97.0,98.0,99.0,99.0,101.0,102.0,102.0,103.0,104.0,104.0,105.0,105.0,106.0,107.0,108.0,109.0,110.0,110.0,111.0,112.0,112.0,113.0,113.0,114.0,114.0,115.0,116.0,117.0,117.0,118.0,118.0,119.0,120.0,120.0,121.0,121.0,122.0,123.0,123.0,123.63999999999999,124.0,124.12,125.0,125.0,126.0,126.08000000000004,128.0,129.0,129.0,130.0,130.0,130.51999999999998,131.0,132.0,132.0,133.0,133.0,134.0,134.0,135.0,135.0,136.0,137.0,138.0,139.0,139.88,140.12,141.0,142.0,142.0,144.0,145.0,146.0,147.0,148.0,149.27999999999997,151.51999999999998,154.76,163.0,130.0,1000.3882353007793,1000.54509806633,1000.6392157077789,1000.7607843279839,1000.9490196108818,2000.474509805441,2000.9686274528503,3000.4549019634724,3000.623529434204,3001.0,182.28431701660156,190.03533935546875,194.8062286376953,198.49732971191406,201.6134033203125,204.65805053710938,207.74154663085938,211.26280212402344,216.22543334960938,347.1854248046875,235.1303,0.0,test_data/Useful/Validation/rice-at-2-ft/20241108_085653_051.jpg,1532.0,269.0,56.6036667205388
52,31.48,46.480000000000004,53.0,57.0,61.0,63.0,65.0,67.0,72.0,73.0,74.0,75.0,76.12,77.36000000000001,79.0,80.84,82.0,84.0,86.0,87.0,89.0,90.28,91.0,92.0,94.0,96.0,96.0,97.0,98.0,99.0,100.0,101.0,102.0,102.16000000000003,103.0,104.0,104.88,106.0,106.36000000000001,107.0,108.0,108.0,110.0,110.0,111.0,112.0,112.0,113.0,114.0,114.0,115.0,115.0,116.0,116.0,117.20000000000005,118.0,118.0,119.0,120.0,120.0,121.0,122.0,123.0,123.0,124.0,124.0,125.0,125.32000000000005,126.0,126.79999999999995,127.0,128.0,128.0,129.0,129.0,130.0,131.0,132.0,132.0,133.0,133.0,134.0,135.0,135.0,136.0,137.64,138.0,139.0,140.0,141.0,141.84000000000003,143.0,145.0,145.0,146.0,148.0,150.0,151.0,156.76,161.0,118.0,1000.3960784375668,1000.5490196347237,1000.6431372761726,1000.7607843279839,1000.9490196108818,2000.4784313738346,2001.0,3000.458823531866,3000.6196078658104,3001.0,181.97435913085937,189.65025939941407,194.44960021972656,198.18418884277344,201.44578552246094,204.45333862304688,207.49368286132812,211.05628967285156,216.19943237304688,347.1641845703125,234.23903,0.0,test_data/Useful/Validation/rice-at-2-ft/20241108_085653_052.jpg,1585.0,244.0,55.74541911590412
53,49.24,53.0,54.72,60.96,65.0,67.0,71.68,74.84,76.0,78.0,78.64,81.0,82.12,84.0,86.0,88.0,89.0,90.0,91.0,92.0,93.0,94.28,95.52000000000001,97.0,98.0,99.0,100.0,101.0,102.0,103.0,103.0,104.0,104.0,105.0,106.0,106.63999999999999,107.88,108.12,109.0,109.0,110.0,111.0,111.0,112.0,112.0,113.0,114.0,114.0,115.0,116.0,117.0,117.0,118.0,119.0,119.0,120.0,121.0,121.0,122.0,123.0,123.0,123.0,124.0,124.0,124.0,125.0,125.0,126.0,126.0,127.0,128.0,128.27999999999997,129.0,130.0,130.0,131.0,132.0,132.0,133.0,133.0,134.0,135.0,135.0,136.0,136.39999999999998,138.0,138.88,140.0,140.0,141.0,142.0,143.0,145.0,146.0,147.0,148.0,150.0,152.51999999999998,155.51999999999998,166.0,123.0,1000.3882353007793,1000.54509806633,1000.6392157077789,1000.7529411911964,1000.9450980424881,2000.4784313738346,3000.023529412225,3000.46274510026,3000.623529434204,3001.0,182.21966552734375,189.74684143066406,194.524658203125,198.27706909179688,201.5223388671875,204.57456970214844,207.68968200683594,211.15647888183594,216.19747924804688,347.1972961425781,235.04533,0.0,test_data/Useful/Validation/rice-at-2-ft/20241108_085653_053.jpg,1546.0,247.0,66.48352621852996
54,23.48,42.44,50.72,58.96,62.2,68.44,70.68,75.0,77.0,79.4,81.64,83.0,84.0,86.0,87.0,88.84,90.0,90.0,91.0,92.0,93.03999999999999,94.0,95.0,96.0,97.0,98.0,98.0,99.0,100.0,101.0,102.0,103.68,104.0,104.16000000000003,105.0,106.0,106.0,107.0,108.0,109.0,109.0,110.07999999999998,111.0,111.0,112.0,113.0,113.27999999999997,114.0,114.75999999999999,115.0,116.0,117.0,118.0,118.0,118.0,119.0,119.0,119.0,120.0,121.0,121.0,122.0,123.0,123.0,124.0,124.0,125.0,126.0,126.0,126.0,127.0,128.0,128.0,129.0,129.0,130.0,130.48000000000002,132.0,132.96000000000004,133.0,133.0,135.0,135.0,136.0,137.0,137.0,139.0,139.0,140.0,141.0,141.84000000000003,143.0,144.0,145.0,146.0,148.0,150.0,151.0,154.0,164.0,119.0,1000.3960784375668,1000.5490196347237,1000.6431372761726,1000.7568627595901,1000.9490196108818,2000.4941176474094,3000.074509806931,3000.470588237047,3000.623529434204,3001.0,182.1677688598633,189.73147583007812,194.5572052001953,198.22506713867188,201.4570541381836,204.46344604492188,207.56573486328125,211.09317016601562,216.25234985351562,347.17132568359375,234.70154,0.0,test_data/Useful/Validation/rice-at-2-ft/20241108_085653_054.jpg,1542.0,203.0,54.73180130041628
55,44.480000000000004,57.480000000000004,60.0,65.0,67.0,68.44,70.0,73.0,74.0,76.0,77.0,78.88,80.0,81.0,83.0,84.0,86.0,87.0,89.0,89.80000000000001,91.0,92.0,93.0,94.0,95.0,95.24000000000001,96.48000000000002,98.0,98.0,100.0,101.0,101.0,102.0,103.0,104.0,104.63999999999999,105.0,106.0,107.0,107.60000000000002,108.0,109.0,110.0,110.0,111.0,112.0,112.0,113.0,113.0,114.0,115.0,115.0,116.0,117.0,118.0,118.0,119.0,120.0,120.15999999999997,121.0,121.0,122.88,123.0,124.0,124.0,125.0,125.0,126.0,126.0,127.0,127.0,128.0,128.0,129.0,130.0,130.0,131.0,131.0,132.0,132.0,133.0,134.0,135.0,135.0,136.0,136.0,137.0,137.12,138.0,139.0,139.0,141.0,142.0,144.0,145.79999999999995,146.03999999999996,149.0,151.0,154.76,172.0,131.0,1000.3960784375668,1000.5529412031174,1000.6431372761726,1000.7647058963776,1000.9607843160629,2000.5019608139992,3000.0666666701436,3000.470588237047,3000.623529434204,3001.0,182.08782958984375,189.64886474609375,194.50428619384766,198.2746337890625,201.50891876220703,204.49415283203126,207.57833862304688,211.07098388671875,216.19613647460938,347.18048095703125,235.74324,0.0,test_data/Useful/Validation/rice-at-2-ft/20241108_085653_055.jpg,1551.0,237.0,62.13382476529361
56,28.72,41.0,45.72,50.96,55.0,57.0,57.68000000000001,60.0,64.0,66.0,67.64,70.0,73.12,76.0,77.0,78.0,79.0,80.32,81.56,82.0,83.0,83.0,84.0,85.0,86.0,87.0,88.0,89.0,90.0,91.0,92.0,93.0,94.92000000000002,96.0,96.0,97.0,97.0,98.0,98.36000000000001,99.60000000000002,100.83999999999997,101.0,102.0,102.56,103.0,104.0,105.0,106.0,106.75999999999999,107.0,108.0,108.0,109.0,109.0,110.0,110.0,111.0,111.91999999999996,113.0,114.0,114.0,115.0,115.0,116.0,117.0,117.0,118.0,119.0,120.0,120.79999999999995,121.0,122.0,122.0,123.0,123.0,124.0,124.48000000000002,125.0,126.0,127.0,127.0,128.0,129.0,129.0,130.0,131.0,132.0,133.0,134.0,135.0,135.84000000000003,136.08000000000004,137.32000000000005,140.0,140.0,141.03999999999996,145.0,148.03999999999996,153.76,162.0,108.0,1000.4588235318661,1000.5960784554482,1000.6823529601097,1000.7764706015587,2000.364705890417,2000.800000011921,3000.4274509847164,3000.6078431606293,3000.7137255072594,3001.0,183.04641723632812,190.55282592773438,195.37698364257812,199.0731658935547,202.3057403564453,205.32929077148438,208.43888092041016,211.9298553466797,216.92506408691406,347.299072265625,234.51347,0.0,test_data/Useful/Validation/rice-at-2-ft/20241108_085653_089.jpg,1814.0,286.0,57.925668141219816
57,33.24,41.480000000000004,48.72,51.96,56.0,59.0,61.68000000000001,63.0,66.0,68.0,70.0,71.0,75.0,75.36000000000001,77.0,78.0,79.0,81.0,81.0,82.80000000000001,84.0,85.0,86.0,87.0,88.0,89.0,89.0,90.72000000000003,91.95999999999998,93.0,94.0,94.68,95.0,96.0,97.0,99.0,99.0,100.0,101.0,101.0,102.0,102.0,103.0,103.0,104.0,105.0,105.0,106.0,107.0,108.0,108.0,109.0,109.0,110.0,111.0,111.44000000000005,112.0,113.0,114.0,114.0,114.0,115.0,115.0,116.0,116.60000000000002,117.0,118.0,119.0,120.0,120.0,121.0,122.0,122.0,123.0,123.0,124.0,125.0,126.0,126.0,127.0,128.0,129.0,130.0,131.0,131.0,132.0,133.0,134.0,135.0,136.60000000000002,138.0,138.0,139.0,140.0,141.0,143.0,144.27999999999997,148.0,150.0,163.0,114.0,1000.4666666686535,1000.6039215922356,1000.6862745285034,1000.7803921699524,2000.32549020648,2000.8039215803146,3000.43137255311,3000.611764729023,3000.721568644047,3001.0,183.0968475341797,190.72210693359375,195.48562622070312,199.23057556152344,202.46090698242188,205.4720458984375,208.51463317871094,212.0630645751953,217.05812225341796,347.2738037109375,233.74803,0.0,test_data/Useful/Validation/rice-at-2-ft/20241108_085653_090.jpg,1801.0,270.0,60.77116962181918
58,34.24,45.0,46.72,52.96,54.2,59.44,62.0,64.92,67.0,68.0,70.0,71.88,73.0,74.36000000000001,77.0,78.0,79.0,81.32,82.0,83.0,84.0,85.0,86.0,87.0,88.0,89.0,90.0,90.0,91.0,93.0,93.44,94.0,95.92000000000002,97.0,98.0,98.0,99.88,101.0,101.0,102.60000000000002,103.0,104.0,104.0,105.0,105.0,106.0,107.0,107.0,108.0,109.0,109.24000000000001,110.0,111.0,111.0,112.0,112.0,113.0,113.0,114.0,115.0,116.0,117.0,117.0,118.0,118.0,119.0,120.0,120.0,121.0,122.0,122.0,123.0,124.0,124.0,124.0,125.0,125.0,126.0,127.0,128.0,129.0,130.0,130.0,131.0,132.39999999999998,134.0,135.0,136.0,137.0,137.0,139.0,139.08000000000004,140.32000000000005,141.55999999999995,143.0,144.0,145.0,147.0,152.0,161.0,124.0,1000.4666666686535,1000.6039215922356,1000.6862745285034,1000.7764706015587,2000.3294117748737,2000.811764717102,3000.4392156898975,3000.6156862974167,3000.721568644047,3001.0,183.14988708496094,190.72950744628906,195.52915954589844,199.22256774902345,202.4276885986328,205.47112426757812,208.56521453857422,212.05719604492188,217.09494018554688,347.2784118652344,233.41681,0.0,test_data/Useful/Validation/rice-at-2-ft/20241108_085653_091.jpg,1774.0,266.0,63.135034713649674
59,27.48,38.96,48.0,51.0,54.2,58.44,61.0,63.92,69.0,70.0,71.0,72.0,73.0,75.0,76.0,77.84,79.0,80.0,81.0,82.80000000000001,85.0,86.0,87.0,87.0,88.0,89.0,91.0,91.72000000000003,93.0,94.0,95.0,95.0,96.0,97.0,98.0,99.0,100.0,100.0,101.0,101.60000000000002,102.0,103.0,104.0,104.0,105.0,106.0,107.0,108.0,108.0,109.0,109.0,110.0,110.0,110.0,111.0,112.0,113.0,114.0,114.0,114.0,115.0,116.0,116.0,117.36000000000001,118.0,119.0,120.0,121.0,121.0,122.0,122.03999999999996,123.0,124.0,125.0,125.0,125.24000000000001,126.0,127.0,127.0,128.0,129.0,130.0,130.0,131.0,132.0,132.64,133.0,134.12,135.0,137.0,137.0,139.0,140.32000000000005,141.0,142.0,144.0,146.0,148.0,151.0,161.0,110.0,1000.4627451002598,1000.6000000238419,1000.6862745285034,1000.772549033165,2000.3058823645115,2000.800000011921,3000.4235294163227,3000.611764729023,3000.721568644047,3001.0,183.2059112548828,190.7292022705078,195.53712463378906,199.26266479492188,202.467041015625,205.50090942382812,208.58138275146484,212.1049774169922,217.11717224121094,347.2755432128906,233.28767,0.0,test_data/Useful/Validation/rice-at-2-ft/20241108_085653_092.jpg,1758.0,263.0,54.23355864741118
60,38.24,44.480000000000004,47.0,51.92,55.0,57.44,60.0,63.0,64.0,65.0,67.0,69.0,71.0,72.0,73.0,75.0,78.0,79.32,81.0,82.80000000000001,83.03999999999999,85.0,86.0,87.75999999999999,89.0,90.0,91.0,91.0,92.0,93.0,94.0,95.0,96.0,97.0,97.39999999999998,98.63999999999999,99.0,100.0,101.0,101.0,102.83999999999997,103.0,104.0,105.0,105.0,106.0,107.0,107.0,108.0,108.0,109.0,109.0,110.0,110.0,111.0,112.0,112.67999999999995,113.0,114.0,114.0,115.0,115.88,117.0,117.0,118.0,118.0,119.0,119.0,120.0,120.79999999999995,121.0,122.0,122.0,123.0,123.0,124.0,125.0,125.0,126.96000000000004,127.20000000000005,128.0,129.67999999999995,130.0,131.0,132.0,132.0,133.0,134.0,134.0,135.60000000000002,137.0,137.0,139.0,140.55999999999995,142.79999999999995,145.0,146.0,147.51999999999998,149.76,160.0,123.0,1000.4627451002598,1000.6000000238419,1000.6862745285034,1000.7764706015587,2000.32549020648,2000.8078431487083,3000.435294121504,3000.6156862974167,3000.721568644047,3001.0,183.19602966308594,190.78207397460938,195.52947998046875,199.2200469970703,202.44400024414062,205.43938903808595,208.505859375,212.03187561035156,217.10281372070312,347.259033203125,233.29303,0.0,test_data/Useful/Validation/rice-at-2-ft/20241108_085653_093.jpg,1769.0,265.0,59.560155035220646
61,27.72,36.480000000000004,42.0,45.92,50.0,53.44,57.0,59.0,64.0,65.0,67.0,68.0,70.12,73.0,75.0,76.0,78.0,79.0,80.0,82.0,83.0,84.0,84.52000000000001,86.0,86.0,88.0,89.0,89.0,90.95999999999998,91.0,92.0,93.0,94.0,95.0,96.0,96.0,97.0,98.0,98.0,99.0,100.0,101.0,101.0,102.0,102.80000000000001,103.0,104.0,105.0,105.75999999999999,106.0,107.0,108.0,109.0,109.0,111.0,112.0,112.0,113.0,114.0,114.0,115.0,116.0,116.0,117.0,117.0,118.0,118.0,119.0,119.0,120.0,120.0,121.0,121.0,122.0,123.0,124.0,124.0,124.0,125.0,126.0,127.0,129.0,129.0,130.0,132.0,132.0,133.0,134.0,135.0,136.0,137.0,139.0,140.0,141.0,142.79999999999995,144.03999999999996,147.0,149.0,153.0,165.0,118.0,1000.447058826685,1000.5960784554482,1000.6823529601097,1000.7686274647713,1000.9098039269447,2000.7764706015587,3000.3725490272045,3000.6078431606293,3000.729411780834,3001.0,183.67807006835938,191.3813934326172,196.17437744140625,199.92340087890625,203.12196350097656,206.088818359375,209.1069793701172,212.58572387695312,217.44058227539062,347.2781982421875,232.43234,0.0,test_data/Useful/Validation/rice-at-2-ft/20241108_085653_100.jpg,1964.0,299.0,64.08975252543624
62,31.72,38.480000000000004,45.16,49.96,56.2,59.44,64.68,67.92,71.0,72.0,73.0,74.88,77.0,77.0,80.6,82.0,83.0,85.0,85.56,86.0,88.0,89.0,90.0,91.0,93.0,93.24000000000001,94.0,95.0,96.0,97.0,98.0,98.0,100.0,101.0,101.0,102.0,102.0,104.0,105.0,105.60000000000002,106.0,107.0,108.0,109.0,109.0,110.0,111.0,112.0,112.0,113.0,114.0,114.0,115.0,115.0,116.0,117.0,117.0,117.91999999999996,118.0,119.0,119.0,120.0,120.12,121.0,122.0,122.84000000000003,124.0,124.0,125.0,126.0,126.03999999999996,127.0,128.0,128.0,129.0,129.24,130.0,131.0,131.0,132.0,133.0,134.0,135.0,136.0,136.0,136.64,137.0,139.0,140.0,141.0,143.0,144.0,145.32000000000005,146.55999999999995,149.0,150.0,151.0,153.0,154.0,164.0,117.0,1000.447058826685,1000.584313750267,1000.678431391716,1000.8039215803146,1000.8980392217636,2000.215686276555,2000.5529412031174,2000.784313738346,3000.5137255191803,3001.0,183.0792022705078,190.7564697265625,195.5541229248047,199.23159790039062,202.4550018310547,205.50119018554688,208.54690551757812,212.03060913085938,217.03224182128906,346.49530029296875,233.97386,0.0,test_data/Useful/Validation/rice-at-2-ft/20241108_085738_001.jpg,1621.0,219.0,62.87313283170322
63,36.96,46.0,52.72,58.96,61.2,66.0,68.0,70.0,72.16,74.0,75.0,77.0,78.0,79.0,80.0,81.0,82.0,84.0,84.56,86.0,87.0,88.0,89.0,90.75999999999999,92.0,93.0,94.0,95.72000000000003,97.0,98.0,99.0,100.0,101.0,102.0,102.0,103.0,104.0,105.0,106.0,106.0,107.0,108.0,109.0,109.0,110.0,111.0,112.0,112.51999999999998,113.0,113.0,114.0,114.0,115.0,116.0,116.20000000000005,117.0,118.0,118.0,119.0,119.0,120.0,121.0,121.0,122.0,122.60000000000002,123.0,124.0,124.0,124.0,125.0,125.0,126.0,126.0,127.0,127.0,128.0,128.0,129.0,129.0,130.20000000000005,131.0,132.0,132.91999999999996,133.0,134.0,134.0,135.0,136.12,137.36,138.0,138.0,139.0,140.0,141.0,145.0,147.0,148.0,151.0,153.76,161.0,124.0,1000.4313725531101,1000.5725490450859,1000.6705882549286,1000.7882353067398,1000.8901960849762,2000.1647058874369,2000.556862771511,2000.8039215803146,3000.5215686559677,3001.0,183.16946411132812,190.76495361328125,195.56920013427734,199.33580017089844,202.54393005371094,205.57247924804688,208.61538696289062,212.08389282226562,216.9380340576172,346.52197265625,234.39368,0.0,test_data/Useful/Validation/rice-at-2-ft/20241108_085738_002.jpg,1686.0,282.0,66.19249036389247
64,28.240000000000002,34.44,42.16,50.96,56.0,57.44,61.0,63.0,65.0,67.4,68.64,70.0,73.12,75.0,77.0,78.0,81.0,82.0,83.0,85.0,86.0,86.0,87.0,88.75999999999999,91.0,92.0,93.0,93.0,94.0,95.0,96.0,97.0,97.0,98.0,99.0,99.0,100.0,101.0,102.0,102.60000000000002,104.0,105.0,106.0,107.0,108.0,108.04000000000002,109.0,110.0,111.0,111.0,112.0,112.0,113.0,113.0,114.0,114.44000000000005,115.0,116.0,117.0,117.0,118.0,119.0,120.0,120.0,121.0,121.0,122.0,122.0,123.0,123.0,124.0,125.0,125.51999999999998,126.75999999999999,127.0,128.0,129.0,129.0,130.0,130.0,131.0,131.67999999999995,132.0,133.0,134.0,135.0,136.0,137.0,138.0,139.0,140.0,142.0,143.0,144.55999999999995,146.0,147.0,149.0,151.0,154.0,164.0,122.0,1000.4313725531101,1000.5725490450859,1000.6705882549286,1000.7921568751335,1000.8941176533699,2000.1921568661928,2000.5647059082985,2000.811764717102,3000.5215686559677,3001.0,183.24537963867186,190.84683532714843,195.64047241210938,199.318115234375,202.5389862060547,205.54348754882812,208.59417724609375,211.97828674316406,216.92718505859375,346.54345703125,233.71631,0.0,test_data/Useful/Validation/rice-at-2-ft/20241108_085738_003.jpg,1734.0,227.0,57.42292669116739
65,25.48,37.44,45.72,52.96,56.0,59.44,62.68000000000001,63.92,66.0,69.0,71.0,72.88,75.0,76.36000000000001,78.0,80.0,82.0,82.0,83.56,85.0,87.0,88.0,90.0,90.0,91.0,92.24000000000001,94.0,95.0,96.0,97.0,97.0,98.0,99.0,99.0,100.0,101.0,101.88,102.0,103.0,104.0,105.0,106.0,106.0,107.0,108.0,108.04000000000002,109.27999999999997,110.0,111.0,111.0,111.24000000000001,112.0,112.0,113.0,114.0,114.0,115.0,115.0,116.0,116.0,117.0,118.0,119.0,119.0,120.0,121.0,122.0,122.32000000000005,123.0,124.0,124.0,125.0,126.0,127.0,127.0,128.0,129.0,130.0,130.0,131.0,131.0,132.0,132.91999999999996,133.0,134.0,134.64,135.0,137.0,137.36,138.60000000000002,140.0,141.0,142.32000000000005,144.0,146.5999999999999,148.0,150.0,151.51999999999998,154.76,160.0,111.0,1000.4352941215038,1000.5764706134796,1000.6705882549286,1000.7921568751335,1000.8941176533699,2000.1960784345865,2000.5647059082985,2000.8196078538895,3000.5254902243614,3001.0,183.16922607421876,190.7876434326172,195.6075439453125,199.33633422851562,202.53176879882812,205.50845947265626,208.579345703125,212.02862548828125,216.947265625,346.5108947753906,233.72293,0.0,test_data/Useful/Validation/rice-at-2-ft/20241108_085738_004.jpg,1727.0,256.0,58.8084129474271
66,38.72,44.96,50.0,52.96,58.0,59.44,60.68000000000001,64.0,66.16,67.4,71.0,72.88,74.12,77.0,78.0,80.0,82.0,83.0,84.56,87.0,88.03999999999999,90.0,91.0,91.75999999999999,93.0,95.0,96.0,97.0,97.95999999999998,98.0,99.0,100.0,100.0,101.0,101.0,102.0,103.0,104.0,104.0,105.0,106.0,107.0,107.0,108.0,109.0,110.0,110.0,111.0,111.75999999999999,112.0,113.0,114.0,114.0,115.0,116.0,116.0,116.0,117.0,118.0,118.39999999999998,119.0,119.88,120.0,121.0,121.0,122.0,122.0,123.0,123.0,124.79999999999995,125.0,126.0,126.0,127.0,127.0,128.0,128.48000000000002,129.0,130.0,130.0,131.0,131.0,132.0,133.0,134.0,135.0,136.0,136.12,137.36,139.0,140.0,141.0,141.32000000000005,142.0,143.79999999999995,145.03999999999996,146.0,150.0,152.0,158.0,116.0,1000.4352941215038,1000.5764706134796,1000.6745098233223,1000.7921568751335,1000.8941176533699,2000.215686276555,2000.5764706134796,2000.8352941274643,3000.533333361149,3001.0,183.35430450439452,190.8654022216797,195.646484375,199.3745574951172,202.52638244628906,205.52688598632812,208.5753967285156,212.03341674804688,216.91793823242188,346.586669921875,232.4936,0.0,test_data/Useful/Validation/rice-at-2-ft/20241108_085738_011.jpg,1647.0,259.0,59.45142690521408
67,29.0,40.480000000000004,48.72,52.0,56.0,59.44,61.68000000000001,64.92,67.0,69.4,72.0,73.88,76.12,79.0,79.6,81.0,84.0,85.0,86.0,87.0,88.0,89.0,90.52000000000001,93.0,94.0,95.0,96.0,96.0,97.0,99.0,100.0,101.0,101.0,102.0,103.0,105.0,106.0,107.0,107.0,108.0,108.0,109.0,110.0,110.0,110.80000000000001,111.0,112.0,112.0,113.0,114.0,114.0,115.0,116.0,117.0,117.0,118.0,118.0,119.0,119.15999999999997,120.0,121.0,121.88,122.0,123.0,123.60000000000002,124.0,125.0,125.32000000000005,126.0,127.0,127.0,128.0,129.0,129.0,130.0,130.24,131.0,132.0,132.0,133.0,133.0,134.0,134.0,134.15999999999997,135.0,136.0,136.0,137.0,138.0,139.0,140.0,141.0,142.0,143.0,144.0,146.0,147.0,150.0,152.0,163.0,108.0,1000.4352941215038,1000.5764706134796,1000.6705882549286,1000.7921568751335,1000.8941176533699,2000.2000000029802,2000.5686274766922,2000.8274509906769,3000.529411792755,3001.0,183.07013854980468,190.77247619628906,195.59017944335938,199.32493591308594,202.54437255859375,205.53016662597656,208.59207153320312,212.0316925048828,216.89898681640625,346.5965576171875,234.25204,0.0,test_data/Useful/Validation/rice-at-2-ft/20241108_085738_012.jpg,1647.0,259.0,60.81739164038127
68,30.72,43.44,53.0,57.92,60.0,63.0,66.04000000000002,70.0,72.0,73.4,77.0,79.0,80.12,82.0,83.0,84.0,86.0,87.0,87.0,89.0,90.0,91.0,92.0,92.75999999999999,94.0,94.24000000000001,96.0,97.0,98.0,99.0,100.0,100.0,100.92000000000002,101.0,102.0,102.0,103.0,104.0,105.0,105.0,106.0,107.0,107.0,108.0,109.0,109.0,110.0,111.0,111.0,111.0,112.0,113.0,113.0,114.0,115.0,116.0,116.0,117.0,118.0,118.39999999999998,119.0,119.88,120.0,121.0,121.60000000000002,122.0,123.0,123.0,124.0,124.0,125.0,126.0,127.0,127.0,128.0,128.0,129.0,129.0,130.0,131.0,131.0,132.0,133.0,133.0,134.0,135.0,135.0,136.0,137.0,138.0,139.0,141.0,141.32000000000005,143.0,145.0,147.0,148.27999999999997,151.0,155.0,164.0,111.0,1000.4352941215038,1000.5764706134796,1000.6705882549286,1000.7921568751335,1000.8941176533699,2000.1960784345865,2000.5686274766922,2000.8196078538895,3000.529411792755,3001.0,183.26531982421875,190.7915496826172,195.57975158691406,199.32125244140624,202.5200653076172,205.49282836914062,208.52096710205078,211.96841430664062,216.9613800048828,346.576171875,232.84944,0.0,test_data/Useful/Validation/rice-at-2-ft/20241108_085738_013.jpg,1653.0,242.0,58.28723906110257
69,22.72,39.480000000000004,47.72,54.96,57.2,61.879999999999995,65.0,67.0,70.0,71.0,74.0,76.0,77.0,79.36000000000001,80.6,81.0,83.0,84.32,85.0,86.80000000000001,88.0,89.0,90.0,91.75999999999999,94.0,94.0,95.0,95.0,96.0,97.0,97.0,98.0,98.0,100.0,100.0,101.0,102.0,103.0,103.0,103.60000000000002,104.0,105.0,105.32,106.0,107.0,108.0,109.0,110.0,111.0,112.0,114.0,114.0,115.0,115.0,116.0,117.0,117.0,118.0,119.0,119.0,120.0,121.0,122.0,122.0,123.0,123.0,124.0,125.0,125.0,125.0,126.0,126.0,127.0,127.0,128.0,128.24,130.0,131.0,131.0,132.0,133.0,133.0,134.0,135.0,135.39999999999998,136.0,137.0,137.0,138.0,139.0,139.84000000000003,141.0,141.0,142.0,144.0,147.0,149.0,150.0,155.51999999999998,164.0,125.0,1000.4352941215038,1000.5764706134796,1000.6705882549286,1000.7882353067398,1000.8901960849762,2000.188235297799,2000.5647059082985,2000.8196078538895,3000.529411792755,3001.0,183.1118927001953,190.63384704589845,195.45845642089844,199.22576904296875,202.4974822998047,205.52999877929688,208.55384826660156,212.00828552246094,216.95677185058594,346.56494140625,233.53517,0.0,test_data/Useful/Validation/rice-at-2-ft/20241108_085738_014.jpg,1690.0,251.0,58.47122062102594
70,36.480000000000004,44.480000000000004,52.31999999999999,56.96,59.0,61.0,62.68000000000001,66.0,69.16,71.4,72.64,75.0,77.12,78.36000000000001,80.6,82.0,83.0,84.0,85.0,86.80000000000001,88.0,89.0,90.0,90.75999999999999,91.0,92.0,93.0,94.0,95.0,96.0,97.0,98.0,98.92000000000002,100.0,100.0,101.0,101.0,102.0,103.0,103.0,104.0,104.0,105.0,105.56,106.80000000000001,108.0,109.0,110.0,110.0,111.0,111.24000000000001,112.0,112.0,113.0,113.0,114.0,114.0,115.0,116.0,116.0,116.0,117.0,118.0,118.0,119.0,119.0,120.0,120.32000000000005,121.0,122.0,123.0,124.0,126.0,126.75999999999999,127.0,128.0,128.0,129.0,129.0,130.0,131.0,132.0,133.0,134.0,134.39999999999998,135.0,136.0,137.0,138.0,138.0,139.0,140.0,141.0,141.55999999999995,143.0,144.0,145.0,147.0,153.76,157.0,116.0,1000.4313725531101,1000.5725490450859,1000.6705882549286,1000.7882353067398,1000.8901960849762,2000.176470592618,2000.5607843399048,2000.800000011921,3000.5254902243614,3001.0,183.1518310546875,190.70599670410155,195.44747924804688,199.2031707763672,202.44508361816406,205.48129272460938,208.4853515625,211.90931701660156,216.83551025390625,346.5722351074219,233.81961,0.0,test_data/Useful/Validation/rice-at-2-ft/20241108_085738_015.jpg,1698.0,258.0,58.71703804916345
71,35.24,41.0,45.44,52.92,54.2,58.879999999999995,62.0,65.0,67.16,70.4,73.0,74.0,76.0,77.36000000000001,79.0,81.0,82.0,84.0,84.0,85.0,86.0,87.28,88.0,89.0,90.0,90.24000000000001,92.48000000000002,94.72000000000003,96.0,96.0,97.0,97.0,98.0,99.0,100.0,101.0,102.0,103.0,103.36000000000001,105.0,106.0,107.0,108.0,109.0,109.0,110.0,111.0,111.0,112.0,113.0,114.0,114.0,114.72000000000003,115.0,116.0,116.0,116.0,117.0,117.15999999999997,118.0,119.0,119.0,120.0,120.0,121.0,122.0,122.0,123.0,123.0,124.0,125.0,125.0,126.0,127.0,128.0,128.24,129.0,129.0,129.96000000000004,130.0,130.0,131.0,132.0,133.0,133.39999999999998,134.0,134.88,135.0,136.0,138.0,139.0,140.0,141.0,142.0,143.0,144.0,146.27999999999997,147.0,149.76,167.0,129.0,1000.4313725531101,1000.5725490450859,1000.6588235497475,1000.7607843279839,1000.866666674614,1000.972549021244,2000.486274510622,2000.6980392336845,3000.4823529422283,3001.0,182.92555236816406,190.56921997070313,195.38592987060548,199.03040466308593,202.2320785522461,205.2677490234375,208.29066467285156,211.78707885742188,216.7424774169922,346.5703125,230.99748,0.0,test_data/Useful/Validation/rice-at-2-ft/20241108_085738_022.jpg,1643.0,243.0,60.44367758818796
72,32.2,40.96,46.16,49.96,54.2,59.0,61.68000000000001,66.0,69.16,71.0,73.0,74.0,75.0,78.0,79.0,80.0,81.0,82.0,85.0,86.0,86.03999999999999,88.0,88.0,89.0,90.0,91.0,91.48000000000002,93.0,93.0,94.0,94.0,95.0,96.0,97.0,98.0,98.0,99.0,100.0,100.0,101.0,101.0,102.0,102.32,103.0,104.0,104.0,105.0,105.0,106.0,107.0,107.0,108.0,108.0,109.0,110.0,110.0,110.67999999999995,111.0,112.0,113.0,113.0,113.88,115.0,115.0,116.0,116.84000000000003,117.0,118.0,119.0,120.0,120.0,121.0,122.0,122.0,123.0,124.0,124.0,125.0,125.0,126.0,127.0,127.67999999999995,128.0,129.0,130.0,131.0,132.0,133.12,134.0,135.0,136.0,137.0,137.32000000000005,139.55999999999995,141.79999999999995,143.0,144.0,146.0,149.0,159.0,113.0,1000.4313725531101,1000.5686274766922,1000.6588235497475,1000.7568627595901,1000.8627451062202,1000.9607843160629,2000.4784313738346,2000.6901960968971,3000.470588237047,3001.0,182.82042846679687,190.4354431152344,195.20506286621094,198.9765625,202.14573669433594,205.20078125,208.249072265625,211.68643188476562,216.74713134765625,346.58929443359375,232.50232,0.0,test_data/Useful/Validation/rice-at-2-ft/20241108_085738_023.jpg,1771.0,274.0,60.80986140442318
73,33.72,42.480000000000004,48.72,53.0,57.0,60.44,63.0,65.0,67.16,70.0,72.64,74.0,76.0,77.36000000000001,79.0,81.0,82.0,83.32,86.0,86.0,87.0,89.0,90.0,91.75999999999999,93.0,94.0,95.0,95.0,96.0,97.0,98.0,99.0,99.0,100.0,101.0,102.0,103.0,104.0,105.0,105.0,106.0,107.0,107.0,108.0,108.0,109.0,109.0,110.0,110.0,111.0,111.0,111.48000000000002,112.0,112.96000000000004,113.20000000000005,114.44000000000005,115.0,115.0,116.0,116.39999999999998,117.0,117.88,118.0,119.0,119.0,119.0,120.0,120.0,121.0,122.0,123.0,124.0,124.51999999999998,125.0,126.0,126.0,127.0,128.0,128.0,129.0,130.0,130.0,131.0,132.0,132.0,133.0,133.88,135.0,136.0,136.0,137.0,138.0,139.0,140.0,141.79999999999995,144.0,145.27999999999997,149.51999999999998,152.76,163.0,120.0,1000.4274509847164,1000.5686274766922,1000.6549019813538,1000.7490196228027,1000.8549019694328,1000.9450980424881,2000.4549019634724,2000.678431391716,3000.470588237047,3001.0,182.71670532226562,190.3189880371094,195.1344757080078,198.84774780273438,202.0927734375,205.1091766357422,208.2291259765625,211.6526641845703,216.70692443847656,346.598876953125,232.19391,0.0,test_data/Useful/Validation/rice-at-2-ft/20241108_085738_024.jpg,1559.0,234.0,58.36098225657736
74,38.0,44.480000000000004,49.0,54.84,62.0,63.0,65.68,67.0,69.16,70.4,72.0,73.0,75.0,77.0,79.0,81.0,82.0,82.32,85.0,86.0,87.0,87.28,88.0,89.0,90.0,92.0,93.0,94.0,95.0,96.0,96.0,97.0,98.0,99.0,100.0,101.0,102.88,103.0,104.0,104.0,104.0,105.0,106.0,107.0,107.0,107.0,108.0,109.0,109.75999999999999,110.0,111.0,112.0,112.0,113.0,113.0,114.0,114.67999999999995,115.0,115.15999999999997,116.0,116.0,117.0,118.0,119.0,119.0,120.0,120.0,121.0,121.0,122.0,122.0,123.27999999999997,124.0,125.0,126.0,127.0,127.0,128.0,128.96000000000004,129.0,130.0,130.0,131.0,131.0,132.0,133.0,134.0,135.0,136.0,136.0,138.0,139.0,140.0,141.0,142.0,143.03999999999996,145.0,146.51999999999998,150.76,153.0,107.0,1000.4313725531101,1000.5686274766922,1000.65098041296,1000.745098054409,1000.8509804010391,1000.9372549057007,2000.4274509847164,2000.6588235497475,3000.4274509847164,3001.0,182.73068237304688,190.25567932128908,195.1474838256836,198.864111328125,202.05003356933594,205.0666961669922,208.1459197998047,211.57347106933594,216.61865234375,346.6396484375,231.67133,0.0,test_data/Useful/Validation/rice-at-2-ft/20241108_085738_025.jpg,1638.0,269.0,60.3722200374555
75,27.240000000000002,38.480000000000004,43.0,48.96,55.2,61.0,63.68000000000001,66.92,69.16,71.0,72.64,74.0,76.0,77.0,78.6,79.84,80.0,82.0,83.0,83.0,84.0,84.0,85.52000000000001,87.0,88.0,89.0,90.0,91.72000000000003,93.0,94.0,95.0,95.0,96.0,97.0,98.0,99.0,99.0,101.0,102.0,102.0,103.0,104.0,104.0,104.0,105.0,106.0,107.0,107.0,108.0,109.0,109.0,110.0,111.0,111.0,112.0,113.0,114.0,115.0,115.0,115.0,116.0,117.0,118.0,119.0,119.0,119.0,120.0,120.32000000000005,121.0,122.0,122.0,122.0,123.0,124.0,124.0,125.0,125.48000000000002,126.0,127.0,127.0,128.0,129.0,130.0,131.0,133.0,133.0,135.0,135.0,136.0,137.0,138.0,139.0,140.0,141.0,142.0,144.0,145.0,147.0,153.03999999999996,163.0,115.0,1000.4274509847164,1000.5647059082985,1000.65098041296,1000.7411764860153,1000.8431372642517,1000.9294117689133,2000.4078431427479,2000.6549019813538,3000.403921574354,3001.0,182.71768341064453,190.2917907714844,195.07835845947267,198.79488220214844,202.0166778564453,205.05084228515625,208.13198852539062,211.60458374023438,216.57334899902344,346.6358947753906,232.54819,0.0,test_data/Useful/Validation/rice-at-2-ft/20241108_085738_026.jpg,1704.0,280.0,65.3399333238781
76,33.72,40.480000000000004,47.72,50.0,53.0,55.44,58.0,61.92,63.16,67.80000000000001,70.0,72.0,75.12,76.36000000000001,78.0,78.84,82.08000000000001,83.0,85.0,85.0,86.03999999999999,88.0,89.0,90.0,91.0,92.0,94.0,94.0,95.0,95.19999999999999,96.44,97.0,98.0,99.0,100.0,100.63999999999999,101.0,102.0,103.0,104.0,104.0,106.0,106.0,107.0,108.0,109.0,110.0,111.0,111.0,112.0,113.0,114.0,114.0,115.0,116.0,117.0,117.0,118.0,119.0,120.0,120.0,121.0,121.12,122.0,122.60000000000002,123.0,124.0,124.0,125.0,125.0,126.0,127.0,127.0,127.75999999999999,128.0,129.0,130.0,130.0,131.0,132.0,133.0,134.0,135.0,135.0,136.0,136.64,137.88,139.0,139.36,140.0,141.0,142.0,143.0,144.55999999999995,146.0,148.0,150.0,152.51999999999998,154.0,161.0,127.0,1000.3725490272045,1000.5254902243614,1000.6039215922356,1000.6627451181412,1000.7137255072594,2000.0117647061124,2000.5882353186607,2000.7803921699524,3000.600000023842,3001.0,184.35260467529298,191.96560668945312,196.62140502929688,200.33895874023438,203.45313262939453,206.43019409179686,209.40740966796875,212.7043640136719,217.287353515625,347.9423828125,235.28091,0.0,test_data/Useful/Validation/rice-at-2-ft/20241108_085738_060.jpg,1969.0,256.0,56.145340947737594
77,43.24,49.0,53.72,58.0,61.0,64.44,67.0,69.0,71.0,72.0,74.0,76.0,78.0,79.0,81.0,82.0,84.08000000000001,85.0,86.0,87.0,88.0,89.0,90.0,91.0,91.0,92.24000000000001,94.0,95.0,96.95999999999998,98.0,98.0,99.0,100.0,101.0,102.0,102.63999999999999,103.0,104.0,104.0,105.0,106.0,107.0,107.32,109.0,109.0,110.0,110.0,111.0,111.0,112.0,113.0,114.0,115.0,116.0,116.0,117.0,117.0,118.0,118.0,119.0,119.0,120.0,121.0,122.0,123.0,123.0,124.0,124.0,125.0,126.0,126.0,127.0,127.0,128.0,128.0,129.0,129.48000000000002,130.0,131.0,132.0,132.44000000000005,133.0,134.0,134.0,135.0,136.0,136.88,138.0,140.0,141.0,141.0,143.0,144.0,146.0,147.0,149.0,151.0,154.51999999999998,156.76,171.0,118.0,1000.3764705955982,1000.5254902243614,1000.6039215922356,1000.6588235497475,1000.7098039388657,1000.8588235378265,2000.584313750267,2000.8313725590706,3000.6039215922356,3001.0,183.9475128173828,191.58995361328124,196.31285095214844,200.06509399414062,203.2772979736328,206.256005859375,209.2001174926758,212.52512817382814,217.2085418701172,347.8951721191406,235.94452,0.0,test_data/Useful/Validation/rice-at-2-ft/20241108_085738_061.jpg,1890.0,271.0,63.23573976347997
78,33.0,45.0,51.0,53.96,58.0,64.44,69.0,70.92,72.0,74.4,75.64,76.88,78.12,81.0,82.0,83.0,85.0,86.0,87.0,87.0,88.0,89.0,90.0,90.75999999999999,92.0,93.0,94.0,95.0,95.95999999999998,96.19999999999999,97.0,98.0,98.0,100.0,101.0,102.0,103.0,104.0,104.36000000000001,105.0,106.83999999999997,107.0,108.0,108.0,108.0,109.0,110.0,111.0,112.0,113.0,113.0,113.48000000000002,114.0,115.0,116.0,116.0,118.0,118.0,118.15999999999997,120.0,120.0,121.88,122.0,123.0,123.0,124.0,124.0,125.0,126.0,126.0,127.0,128.0,128.0,128.76,129.0,130.0,130.0,131.0,132.0,133.0,134.0,135.0,135.0,136.0,137.0,137.0,138.0,139.0,139.36,140.0,141.0,142.0,143.0,145.0,146.0,148.0,150.0,152.0,157.27999999999997,167.0,108.0,1000.3725490272045,1000.5215686559677,1000.6000000238419,1000.6549019813538,1000.7098039388657,1000.8274509906769,2000.5921568870544,3000.1843137294054,3000.6156862974167,3001.0,184.49310302734375,192.00936889648438,196.76416015625,200.4139404296875,203.5756072998047,206.5685272216797,209.47808837890625,212.70948791503906,217.3035430908203,348.0276794433594,235.29123,0.0,test_data/Useful/Validation/rice-at-2-ft/20241108_085738_062.jpg,1898.0,263.0,60.64420533036662
79,33.480000000000004,40.480000000000004,46.0,56.0,63.0,65.0,67.0,70.92,73.0,74.0,76.0,76.0,79.12,82.0,83.0,84.0,85.0,87.0,88.56,89.0,90.0,91.0,92.52000000000001,94.0,95.0,95.0,96.0,98.0,99.0,100.0,100.0,101.0,101.0,102.0,102.0,103.0,104.0,104.0,105.0,105.0,105.83999999999997,106.0,107.0,108.0,109.0,110.0,110.0,111.0,112.0,113.0,113.0,114.0,115.0,115.96000000000004,116.0,117.0,117.67999999999995,118.91999999999996,119.0,120.0,120.63999999999999,121.0,121.0,122.0,122.60000000000002,123.0,124.0,124.32000000000005,125.0,126.0,126.0,127.0,127.0,128.0,129.0,129.0,129.48000000000002,131.0,131.0,132.0,132.0,133.0,133.91999999999996,134.0,135.0,136.0,136.88,137.12,138.36,140.0,140.0,141.0,142.0,143.0,144.0,145.0,146.27999999999997,148.51999999999998,154.0,161.0,121.0,1000.3764705955982,1000.5215686559677,1000.6000000238419,1000.6549019813538,1000.705882370472,1000.8156862854958,2000.5960784554482,3000.2352941185236,3000.6196078658104,3001.0,184.113623046875,191.74658203125,196.4928237915039,200.15582275390625,203.3661651611328,206.31028747558594,209.31759643554688,212.6866455078125,217.32904052734375,347.9991149902344,236.44528,0.0,test_data/Useful/Validation/rice-at-2-ft/20241108_085738_063.jpg,1910.0,297.0,58.73693242521713
80,38.24,44.480000000000004,49.0,53.0,55.400000000000006,60.879999999999995,65.68,68.0,70.0,72.0,73.0,75.0,78.0,78.0,80.0,81.0,83.0,84.0,84.56,85.80000000000001,87.0,88.0,89.0,90.75999999999999,92.0,93.24000000000001,94.48000000000002,95.0,96.0,97.0,98.0,99.0,99.0,100.16000000000003,101.0,101.0,103.0,103.12,104.0,105.0,105.0,106.0,107.0,107.0,108.80000000000001,109.0,110.0,110.0,111.0,111.0,112.24000000000001,113.0,114.0,114.0,115.0,115.0,116.0,117.0,117.0,118.0,119.0,119.0,120.0,121.0,121.0,122.0,123.0,123.0,123.0,124.79999999999995,125.03999999999996,126.0,127.0,128.0,129.0,130.0,130.0,130.72000000000003,132.0,132.0,133.0,134.0,135.0,135.15999999999997,137.0,137.64,138.0,139.0,141.0,141.0,142.0,143.0,144.32000000000005,147.0,148.0,149.0,150.27999999999997,152.51999999999998,158.51999999999998,164.0,130.0,1000.3843137323856,1000.5254902243614,1000.5960784554482,1000.65098041296,1000.7019608020782,1000.7921568751335,2000.5921568870544,3000.2627451121807,3000.6196078658104,3001.0,184.0299331665039,191.5268798828125,196.3586868286133,200.0841278076172,203.28927612304688,206.27911376953125,209.2455291748047,212.5892333984375,217.25082397460938,347.96490478515625,235.80656,0.0,test_data/Useful/Validation/rice-at-2-ft/20241108_085738_064.jpg,1917.0,286.0,59.5784229484584
81,27.44,38.480000000000004,43.0,48.0,51.0,55.44,60.68000000000001,64.0,67.0,69.0,72.0,73.0,74.0,75.0,76.0,77.0,78.0,79.0,80.0,82.0,83.0,83.0,85.0,87.0,88.0,88.24000000000001,90.0,92.0,93.95999999999998,95.0,96.0,97.0,98.0,99.0,99.0,99.63999999999999,101.0,102.0,103.0,104.0,105.0,106.0,107.0,107.0,108.0,109.0,109.0,109.51999999999998,110.0,111.0,112.0,113.0,114.0,114.96000000000004,115.0,115.0,116.0,117.0,117.0,118.0,119.0,119.0,120.0,120.0,121.0,122.0,122.08000000000004,123.0,124.0,124.79999999999995,125.0,126.0,126.0,126.0,127.0,128.0,128.0,129.0,130.0,130.20000000000005,131.44000000000005,132.0,133.0,134.0,135.0,135.0,136.0,137.0,138.0,139.0,139.84000000000003,141.0,142.0,143.55999999999995,145.79999999999995,147.0,149.55999999999995,152.0,153.76,171.0,126.0,1000.4117647111416,1000.54509806633,1000.6156862974167,1000.6705882549286,1000.7176470756531,1000.839215695858,2000.6313725709915,3000.298039227724,3000.639215707779,3001.0,184.18545532226562,191.76390075683594,196.51101684570312,200.1404571533203,203.3722915649414,206.31100463867188,209.2977294921875,212.6546630859375,217.3211669921875,347.94158935546875,236.73795,0.0,test_data/Useful/Validation/rice-at-2-ft/20241108_085738_065.jpg,1943.0,289.0,56.89303553384505
82,25.48,36.96,43.44,50.96,52.2,55.0,56.68000000000001,59.0,61.16,63.400000000000006,65.0,67.0,68.12,70.36000000000001,72.0,73.0,75.0,76.0,78.0,78.0,79.0,81.28,82.52000000000001,83.75999999999999,84.0,85.0,85.0,87.0,87.95999999999998,89.0,90.0,91.0,92.0,93.0,94.0,95.0,95.0,96.0,97.0,98.0,99.0,99.07999999999998,101.0,102.0,103.0,103.0,104.0,104.0,105.0,106.0,107.0,108.0,109.0,110.0,110.0,111.0,112.0,112.0,113.0,113.0,114.0,114.0,115.0,115.36000000000001,116.0,116.0,117.0,118.0,118.0,119.0,119.03999999999996,120.27999999999997,121.0,122.0,123.0,123.0,124.0,125.0,125.0,126.0,127.0,127.0,128.0,129.0,130.0,131.0,131.0,132.0,133.0,133.0,134.0,135.0,136.0,137.0,138.0,139.03999999999996,142.27999999999997,146.51999999999998,150.0,157.0,103.0,1000.4823529422283,1000.5960784554482,1000.6627451181412,1000.7137255072594,1000.7647058963776,1000.9843137264252,2000.6823529601097,3000.4000000059605,3000.678431391716,3001.0,183.90105743408205,191.5409362792969,196.26246490478516,199.96024169921876,203.12088775634766,206.08155517578126,209.0908966064453,212.47911071777344,217.14202880859375,347.9123229980469,236.97885,0.0,test_data/Useful/Validation/rice-at-2-ft/20241108_085738_071.jpg,1921.0,286.0,59.54872458054671
83,10.680000000000001,24.0,28.0,36.96,44.60000000000001,51.44,54.68000000000001,58.0,60.0,63.0,64.0,65.88,68.0,69.0,70.0,71.84,72.08000000000001,74.0,75.56,77.0,79.0,80.0,82.0,83.0,84.0,85.0,86.0,88.0,89.0,90.0,91.0,91.68,92.0,93.0,94.0,95.0,95.88,96.0,97.0,98.60000000000002,99.83999999999997,100.0,101.0,101.0,102.0,103.0,104.0,105.0,106.0,107.0,107.0,107.48000000000002,108.0,110.0,110.20000000000005,111.0,112.0,112.0,113.0,114.0,114.63999999999999,115.88,116.0,117.0,118.0,118.0,119.0,119.32000000000005,120.0,121.0,122.0,122.0,123.0,124.0,124.0,124.0,125.0,126.0,127.0,128.0,129.0,130.0,130.0,132.0,132.39999999999998,133.0,133.88,134.12,136.0,137.0,138.84000000000003,139.08000000000004,140.32000000000005,142.0,143.79999999999995,145.0,146.27999999999997,147.51999999999998,151.76,159.0,124.0,1000.486274510622,1000.6000000238419,1000.6627451181412,1000.7098039388657,1000.7647058963776,1000.9411764740944,2000.678431391716,3000.407843142748,3000.6823529601097,3001.0,183.80531311035156,191.23660888671876,196.0535675048828,199.71368408203125,202.87286376953125,205.83494567871094,208.854248046875,212.24996948242188,216.96929931640625,347.896484375,236.10037,0.0,test_data/Useful/Validation/rice-at-2-ft/20241108_085738_072.jpg,1852.0,304.0,53.97885903312407
84,28.240000000000002,36.480000000000004,43.72,47.0,50.0,53.0,56.0,58.0,60.0,63.0,65.0,66.88,68.0,69.0,71.0,73.0,75.0,77.0,78.0,79.0,80.03999999999999,81.0,82.0,83.0,84.0,85.0,87.0,88.0,89.0,89.0,90.0,92.0,94.0,95.0,96.0,96.0,97.0,98.12,99.0,99.0,100.0,101.0,102.0,102.0,103.0,103.04000000000002,104.0,104.0,105.0,106.0,107.0,107.48000000000002,108.0,108.0,109.20000000000005,110.0,110.0,111.0,111.0,112.0,113.0,114.0,114.12,115.0,116.0,116.0,118.0,119.0,119.0,120.0,121.0,122.0,122.0,123.0,124.0,125.0,126.0,126.72000000000003,127.0,128.0,129.0,130.0,131.0,132.0,133.0,134.0,135.0,135.0,135.0,136.60000000000002,138.0,139.0,140.0,142.0,143.0,145.0,146.27999999999997,150.0,154.76,160.0,135.0,1000.486274510622,1000.6000000238419,1000.6627451181412,1000.7137255072594,1000.7647058963776,1000.9294117689133,2000.6745098233223,3000.3882353007793,3000.678431391716,3001.0,183.57574462890625,191.03545837402345,195.78004608154296,199.51958923339845,202.68733978271484,205.70746154785155,208.71422576904297,212.1018829345703,216.9277801513672,347.8422546386719,237.7756,0.0,test_data/Useful/Validation/rice-at-2-ft/20241108_085738_073.jpg,1867.0,292.0,59.956201230083806
85,19.48,30.92,41.72,44.96,53.2,55.44,57.0,60.0,63.16,65.4,68.64,71.0,72.0,73.36000000000001,75.0,76.84,78.0,80.0,81.0,83.0,85.0,86.0,86.0,87.75999999999999,88.0,89.0,90.0,91.0,92.0,93.0,93.0,94.0,94.0,95.0,95.0,97.0,98.0,100.0,100.0,101.0,102.0,102.07999999999998,103.0,104.0,105.0,105.04000000000002,107.0,107.0,108.0,109.0,109.0,110.0,111.0,113.0,113.0,114.0,114.0,115.0,115.0,116.0,117.0,117.0,118.0,119.0,119.60000000000002,120.0,121.0,121.0,122.0,122.79999999999995,123.0,124.0,124.0,125.0,126.0,126.0,127.0,128.0,128.0,129.0,129.0,130.67999999999995,132.0,132.0,133.0,134.0,135.0,135.0,136.0,137.0,140.0,140.0,142.0,143.0,145.0,147.0,149.0,150.0,157.0,164.0,124.0,1000.4823529422283,1000.6000000238419,1000.6666666865349,1000.7176470756531,1000.772549033165,1000.9411764740944,2000.6627451181412,3000.298039227724,3000.6745098233223,3001.0,183.40843811035157,190.95781860351562,195.7288330078125,199.49466857910156,202.70836639404297,205.70250244140624,208.68466186523438,212.01803588867188,216.8043670654297,347.9087829589844,237.33316,0.0,test_data/Useful/Validation/rice-at-2-ft/20241108_085738_074.jpg,1805.0,273.0,59.73335061876934
86,20.68,32.0,35.0,39.0,44.2,48.0,52.0,57.92,59.16,62.0,63.64,66.0,68.0,70.0,71.6,73.84,75.08000000000001,76.32,77.56,79.0,80.0,81.0,82.52000000000001,84.0,85.0,86.0,87.0,89.0,89.95999999999998,91.0,92.0,93.0,95.0,96.0,97.0,97.63999999999999,98.0,99.0,100.0,101.0,101.0,102.0,103.0,104.0,104.0,105.04000000000002,106.0,107.0,107.75999999999999,108.0,108.0,109.0,110.0,111.0,112.0,113.0,113.0,114.0,115.0,115.0,116.0,116.0,117.0,118.0,118.0,118.0,120.0,121.0,121.0,122.0,123.0,123.0,123.51999999999998,124.0,125.0,125.0,126.0,127.0,128.0,129.0,130.0,130.0,130.91999999999996,132.0,133.0,133.64,134.0,135.12,136.0,137.60000000000002,138.0,140.0,141.0,142.0,144.0,145.0,147.0,148.0,153.0,164.0,108.0,1000.4823529422283,1000.6000000238419,1000.6627451181412,1000.7137255072594,1000.7686274647713,1000.9019607901573,2000.639215707779,3000.1803921610117,3000.666666686535,3001.0,183.1194610595703,190.85655517578124,195.64576721191406,199.35169067382813,202.52308654785156,205.49788513183594,208.48230895996093,211.8387939453125,216.6544158935547,347.9080810546875,237.15639,0.0,test_data/Useful/Validation/rice-at-2-ft/20241108_085738_075.jpg,1759.0,269.0,64.22180300418007
87,19.240000000000002,31.0,38.72,42.96,46.0,50.0,54.68000000000001,57.0,59.0,61.400000000000006,63.0,64.88,66.12,68.0,70.0,71.0,72.0,74.0,75.0,78.0,78.0,80.0,81.0,81.75999999999999,82.0,83.0,84.0,85.0,86.0,87.19999999999999,88.0,89.0,90.0,92.0,93.0,94.0,95.0,96.0,97.0,99.0,99.83999999999997,100.0,101.0,102.0,103.0,103.0,104.0,105.0,106.0,107.0,107.0,108.0,108.0,108.96000000000004,109.20000000000005,110.0,110.0,111.0,111.15999999999997,112.0,113.0,113.0,114.0,115.0,115.0,116.0,117.0,118.0,118.0,119.0,120.0,121.0,122.0,122.0,123.0,124.0,125.0,126.0,126.0,127.0,129.0,129.0,130.0,131.0,131.0,132.0,132.88,133.0,135.0,135.0,137.0,137.0,138.0,138.55999999999995,141.79999999999995,143.0,144.0,145.51999999999998,149.76,166.0,110.0,1000.4901960790157,1000.6039215922356,1000.6666666865349,1000.7176470756531,1000.772549033165,1000.9137254953384,2000.6274510025978,2000.839215695858,3000.662745118141,3001.0,182.58302307128906,190.1773681640625,194.89657592773438,198.61228637695314,201.80315399169922,204.83537902832032,207.83563842773438,211.2600830078125,216.20364379882812,347.7865905761719,236.98938,0.0,test_data/Useful/Validation/rice-at-2-ft/20241108_085738_076.jpg,1736.0,283.0,58.97353867025419
88,35.0,41.0,46.0,48.96,51.0,56.0,58.0,61.0,65.0,68.0,70.0,72.88,74.12,77.0,78.0,80.0,81.0,82.32,84.0,85.80000000000001,86.03999999999999,88.28,90.0,90.75999999999999,92.0,93.0,94.0,95.0,96.0,97.0,98.0,100.0,100.0,102.0,102.0,103.0,104.0,104.0,105.0,106.0,106.0,107.0,109.0,110.0,110.0,111.0,111.0,112.0,113.0,114.0,114.24000000000001,115.0,116.0,117.0,118.0,118.0,119.0,120.0,120.15999999999997,121.0,122.0,122.0,123.0,123.0,124.0,125.0,126.0,126.32000000000005,127.0,128.0,129.0,130.0,130.0,131.0,132.0,132.0,133.0,134.0,134.0,135.0,136.0,136.0,137.0,138.0,139.0,140.0,140.88,141.0,142.0,143.0,144.0,145.0,146.0,146.0,147.0,148.0,151.27999999999997,154.0,156.51999999999998,162.0,110.0,1000.4313725531101,1000.5568627715111,1000.6313725709915,1000.6862745285034,1000.7490196228027,1000.8627451062202,2000.3607843220234,2000.6705882549286,3000.5529412031174,3001.0,180.44141235351563,188.029931640625,192.91497497558595,196.60133056640626,199.8278045654297,202.85302734375,205.91802978515625,209.48367309570312,214.56642150878906,347.2060546875,238.4239,0.0,test_data/Useful/Validation/rice-at-2-ft/20241108_085738_082.jpg,1193.0,180.0,57.78493807860707
89,35.24,47.0,50.72,54.0,56.2,60.44,64.0,66.92,68.0,71.0,72.0,76.0,78.0,79.0,80.6,81.0,83.0,85.0,85.56,86.0,87.0,89.0,90.52000000000001,91.75999999999999,93.0,94.0,94.0,95.0,96.0,97.0,99.0,99.0,100.0,101.16000000000003,103.0,103.0,104.0,105.0,106.0,107.60000000000002,108.0,109.0,110.0,110.0,111.0,111.04000000000002,112.0,113.0,114.0,115.0,115.0,116.0,117.0,118.0,119.0,120.0,121.0,121.0,122.0,122.0,122.0,123.0,123.12,124.0,124.0,125.0,125.0,126.0,126.0,127.79999999999995,128.0,129.0,129.0,130.0,130.0,131.24,132.0,132.0,133.0,133.0,134.0,134.0,135.0,135.0,136.0,137.0,138.88,139.0,139.36,140.0,141.0,142.0,143.0,144.0,145.79999999999995,147.0,148.0,151.0,153.76,162.0,122.0,1000.419607847929,1000.5490196347237,1000.6274510025978,1000.6823529601097,1000.7490196228027,1000.8588235378265,2000.286274522543,2000.65098041296,3000.5215686559677,3001.0,180.4600082397461,188.09207153320312,192.91058349609375,196.63180541992188,199.88821411132812,202.87240600585938,205.92264404296876,209.42343139648438,214.49151611328125,347.03448486328125,240.60684,0.0,test_data/Useful/Validation/rice-at-2-ft/20241108_085738_083.jpg,1141.0,198.0,58.03364683667261
90,28.0,32.480000000000004,46.879999999999995,52.92,60.0,66.44,69.0,71.92,72.16,74.0,77.0,78.88,80.0,81.0,82.0,84.84,85.08000000000001,87.0,89.0,90.0,92.0,93.0,94.0,95.0,96.0,97.0,97.0,98.0,98.0,99.0,101.0,102.0,102.0,103.0,104.0,105.0,105.88,106.0,106.36000000000001,107.0,108.0,109.0,110.0,111.0,111.0,112.04000000000002,113.0,113.0,114.0,114.0,115.0,115.0,116.0,116.0,117.20000000000005,118.44000000000005,119.0,120.0,121.0,121.0,122.0,122.0,123.0,123.0,124.0,125.0,126.0,126.0,127.0,127.79999999999995,129.0,129.0,129.51999999999998,130.0,130.0,131.0,132.0,133.0,134.0,135.0,136.0,136.0,137.0,137.15999999999997,138.39999999999998,139.0,140.0,140.0,141.0,142.0,143.0,143.0,144.32000000000005,146.0,146.79999999999995,148.0,149.0,150.51999999999998,154.0,159.0,130.0,1000.4156862795353,1000.5490196347237,1000.6235294342041,1000.6823529601097,1000.7490196228027,1000.8588235378265,2000.2470588237047,2000.6431372761726,3000.5137255191803,3001.0,180.87705688476564,188.3394958496094,193.12494812011718,196.79515380859374,200.01178741455078,203.0148132324219,206.0884552001953,209.5559509277344,214.55047607421875,346.9766845703125,239.18318,0.0,test_data/Useful/Validation/rice-at-2-ft/20241108_085738_084.jpg,1155.0,180.0,56.294669390609904
91,45.72,51.92,54.72,57.0,61.0,63.44,66.0,70.92,71.16,73.4,75.0,78.0,80.0,80.36000000000001,82.6,83.0,85.0,86.0,86.56,88.0,89.0,90.0,92.0,93.0,94.0,95.0,96.0,97.0,98.0,99.0,99.44,100.0,101.0,101.0,103.0,104.0,104.0,104.12,106.0,107.0,107.0,108.0,109.0,110.0,111.0,111.04000000000002,112.0,113.0,113.0,114.0,115.24000000000001,116.0,117.0,117.96000000000004,118.0,119.0,119.0,120.0,120.0,120.39999999999998,121.0,122.0,122.12,124.0,125.0,125.0,125.0,126.0,127.0,127.0,128.0,128.0,129.0,129.0,131.0,131.0,132.0,133.0,134.0,134.20000000000005,136.0,136.0,137.0,137.15999999999997,138.0,140.0,140.0,141.0,142.0,143.0,143.0,144.0,145.0,146.55999999999995,148.0,149.0,151.0,152.0,154.0,160.0,120.0,1000.4117647111416,1000.54509806633,1000.6235294342041,1000.6823529601097,1000.7529411911964,1000.8588235378265,2000.1607843190432,2000.639215707779,3000.498039215803,3001.0,180.8641815185547,188.4470977783203,193.26443481445312,196.98828125,200.17727661132812,203.1814727783203,206.2288055419922,209.7054443359375,214.7236785888672,346.93878173828125,237.69742,0.0,test_data/Useful/Validation/rice-at-2-ft/20241108_085738_085.jpg,1219.0,192.0,63.726962583707966
92,43.480000000000004,48.0,52.72,55.92,59.400000000000006,64.88,68.68,71.0,75.0,77.0,79.0,81.0,82.12,84.0,85.0,86.0,87.0,88.0,89.56,90.80000000000001,91.0,91.0,92.0,94.0,95.0,95.24000000000001,96.0,97.0,98.0,99.0,100.0,101.0,102.0,103.0,104.0,104.0,105.0,106.0,107.0,107.60000000000002,108.0,109.0,110.0,111.0,111.0,112.0,112.0,112.0,113.0,114.0,114.0,114.48000000000002,115.0,116.0,116.0,117.0,118.0,118.91999999999996,119.0,120.0,120.0,121.0,122.0,122.0,123.0,123.84000000000003,124.0,124.32000000000005,125.0,125.0,126.03999999999996,127.0,128.0,129.0,129.0,130.0,131.0,131.0,132.0,132.0,133.0,134.0,134.0,135.15999999999997,137.0,137.0,138.0,139.0,139.36,141.0,141.0,143.0,144.0,144.0,145.0,146.0,147.0,148.0,152.76,159.0,91.0,1000.4156862795353,1000.5490196347237,1000.6274510025978,1000.6862745285034,1000.7529411911964,1000.8588235378265,2000.149019613862,2000.6313725709915,3000.4666666686535,3001.0,180.947265625,188.5301971435547,193.26631927490234,197.02901306152344,200.19702911376953,203.2185089111328,206.2858627319336,209.7717071533203,214.73965911865236,346.8978576660156,239.64917,0.0,test_data/Useful/Validation/rice-at-2-ft/20241108_085738_086.jpg,1182.0,193.0,60.39677754139312
93,30.48,38.0,43.44,49.0,54.2,59.31999999999999,64.0,67.92,73.16,74.4,76.0,79.0,81.0,82.0,83.0,85.0,86.0,87.0,88.0,89.0,90.0,91.0,92.52000000000001,94.0,95.0,96.0,96.0,97.0,97.95999999999998,99.0,100.0,101.0,101.0,102.0,102.0,103.0,104.0,105.0,106.0,106.0,107.0,108.07999999999998,109.0,110.0,111.0,112.0,112.0,113.0,114.0,114.0,115.0,115.0,116.0,116.96000000000004,117.0,117.44000000000005,118.0,119.0,119.0,120.0,120.63999999999999,121.0,121.0,122.0,122.0,123.0,124.0,124.0,125.0,125.0,127.0,127.27999999999997,128.0,128.0,129.0,130.0,130.48000000000002,132.0,133.0,133.0,135.0,136.0,136.0,137.0,138.0,138.0,139.0,139.0,140.0,141.0,142.0,143.0,144.32000000000005,145.0,146.79999999999995,148.03999999999996,151.0,154.0,156.76,162.0,128.0,1000.419607847929,1000.5529412031174,1000.6313725709915,1000.6901960968971,1000.7607843279839,1000.866666674614,2000.1725490242243,2000.6313725709915,3000.4509803950787,3001.0,180.98651123046875,188.45693969726562,193.24700317382812,197.00221557617186,200.2460708618164,203.24703674316407,206.32595825195312,209.7703399658203,214.77078247070312,346.8153381347656,238.4974,0.0,test_data/Useful/Validation/rice-at-2-ft/20241108_085738_087.jpg,1181.0,152.0,61.84717285947702
94,31.0,41.84,49.72,55.88,59.2,64.0,66.0,68.92,70.16,73.0,75.64,76.0,77.0,79.0,81.0,82.0,83.0,84.32,85.56,86.0,88.0,89.0,90.52000000000001,92.0,93.0,94.0,95.48000000000002,96.0,97.0,98.0,98.0,99.0,100.0,101.0,101.0,102.0,102.0,103.0,104.0,105.0,106.0,106.0,107.0,108.0,108.0,109.04000000000002,110.0,110.0,111.0,112.0,113.0,113.0,114.0,114.0,114.20000000000005,115.0,116.0,116.0,117.0,118.0,118.63999999999999,119.0,119.0,120.0,120.0,120.0,121.08000000000004,122.0,122.55999999999995,123.0,124.0,124.0,125.0,126.0,127.0,128.0,129.0,130.0,131.0,131.0,132.0,132.0,133.0,134.0,134.0,135.64,136.88,137.12,138.0,139.0,140.0,141.0,142.0,143.55999999999995,145.0,148.0,149.0,151.0,154.0,165.0,119.0,1000.3372549116611,1000.4823529422283,1000.5647059082985,1000.6235294342041,1000.678431391716,1000.7529411911964,1000.8980392217636,2000.3411764800549,2000.6745098233223,3001.0,181.9510040283203,189.5882568359375,194.44000244140625,198.21465454101562,201.4799346923828,204.4593505859375,207.63034057617188,211.15768432617188,216.31417846679688,347.3581237792969,232.14798,0.0,test_data/Useful/Validation/rice-at-2-ft/20241108_085836_021.jpg,1600.0,242.0,63.55195548220348
95,32.2,48.0,55.72,62.96,66.2,70.44,72.68,74.0,78.0,79.0,81.0,83.0,84.0,85.36000000000001,86.0,87.0,88.0,89.32,90.56,91.0,92.0,92.0,93.0,95.0,96.0,96.0,97.0,97.0,98.0,98.0,99.0,100.0,100.0,101.0,101.0,102.0,103.0,104.0,105.0,105.60000000000002,106.0,107.0,108.0,108.0,109.0,110.0,111.0,112.0,112.75999999999999,113.0,114.0,115.0,115.0,116.0,116.0,117.0,117.67999999999995,118.0,119.0,120.0,120.0,121.0,121.12,122.0,122.0,123.0,124.0,124.0,124.0,125.0,126.0,126.0,127.0,128.0,129.0,129.0,129.0,130.0,130.96000000000004,132.0,132.44000000000005,133.0,134.0,134.0,135.0,135.0,136.0,137.0,138.36,139.60000000000002,140.84000000000003,142.0,143.0,144.0,145.0,147.0,149.0,150.51999999999998,152.76,163.0,124.0,1000.3372549116611,1000.486274510622,1000.5686274766922,1000.6274510025978,1000.6823529601097,1000.7607843279839,1000.9098039269447,2000.3882353007793,2000.6901960968971,3001.0,182.02134704589844,189.66468505859376,194.4368148803711,198.1433532714844,201.40586853027344,204.43934020996093,207.5102310180664,211.12168884277344,216.26324462890625,347.3120422363281,233.65796,0.0,test_data/Useful/Validation/rice-at-2-ft/20241108_085836_022.jpg,1529.0,253.0,58.14505293050096
96,41.24,45.0,49.72,53.96,57.400000000000006,61.44,63.0,66.92,69.16,72.0,76.0,77.0,81.0,81.36000000000001,84.0,86.0,87.0,88.0,89.0,90.80000000000001,92.0,93.0,94.0,95.0,96.0,97.0,98.0,98.0,99.0,100.0,101.0,101.0,101.92000000000002,103.16000000000003,104.0,104.63999999999999,105.0,106.0,107.0,108.0,108.0,109.0,109.32,110.0,111.0,111.0,112.0,113.0,113.0,114.0,114.0,115.0,116.0,116.96000000000004,117.0,118.44000000000005,119.0,119.0,120.0,121.0,121.0,121.0,122.0,122.0,123.0,123.0,124.0,125.0,125.0,126.0,126.0,127.0,127.0,128.0,128.0,129.0,130.0,130.0,131.0,131.0,132.0,132.67999999999995,133.0,134.0,135.0,135.0,136.0,136.12,137.0,138.0,138.84000000000003,139.0,140.0,141.0,143.0,145.0,148.0,149.51999999999998,152.76,164.0,122.0,1000.3372549116611,1000.486274510622,1000.5686274766922,1000.6313725709915,1000.6862745285034,1000.772549033165,1000.9215686321259,2000.4117647111416,2000.6941176652908,3001.0,182.08509826660156,189.73779296875,194.52523803710938,198.25885009765625,201.49452209472656,204.52606201171875,207.5792694091797,211.1090850830078,216.2501678466797,347.3385925292969,235.07489,0.0,test_data/Useful/Validation/rice-at-2-ft/20241108_085836_023.jpg,1537.0,261.0,59.0840538351339
97,41.480000000000004,49.480000000000004,54.0,57.0,61.0,63.0,65.68,68.92,71.16,74.0,76.0,78.0,80.0,81.36000000000001,83.0,84.0,85.0,86.0,87.0,88.0,90.03999999999999,92.28,94.0,95.0,97.0,97.0,98.0,99.72000000000003,100.0,101.0,102.0,102.0,103.0,104.0,105.0,105.0,105.88,106.12,107.0,108.0,109.0,109.0,110.0,110.0,111.0,112.0,112.27999999999997,113.0,114.0,114.0,115.24000000000001,116.0,116.72000000000003,117.0,118.0,118.0,119.0,119.0,120.0,121.0,121.0,122.0,123.0,123.0,124.0,124.0,125.0,126.0,126.0,127.0,127.0,128.27999999999997,129.0,130.0,131.0,131.0,131.0,132.0,132.0,133.0,134.0,135.0,135.0,136.0,136.0,137.0,137.88,139.0,139.0,140.0,141.0,142.0,143.0,144.0,145.0,146.03999999999996,147.27999999999997,150.0,153.0,159.0,131.0,1000.3372549116611,1000.4901960790157,1000.5686274766922,1000.6313725709915,1000.6862745285034,1000.772549033165,1000.9215686321259,2000.4039215743542,2000.6980392336845,3001.0,181.9262237548828,189.59874267578124,194.36946868896484,198.16033630371095,201.40859985351562,204.41566467285156,207.56845092773438,211.11961364746094,216.22103881835938,347.3045349121094,233.99722,0.0,test_data/Useful/Validation/rice-at-2-ft/20241108_085836_024.jpg,1555.0,250.0,60.98048684574374
98,38.2,50.480000000000004,59.0,64.0,67.0,68.44,70.0,72.0,74.16,77.0,78.0,79.0,80.0,81.0,83.0,85.0,86.08000000000001,87.32,88.0,89.0,90.0,91.0,93.0,94.0,95.0,96.0,96.0,98.0,98.95999999999998,99.19999999999999,100.0,101.0,102.0,103.0,103.0,104.0,105.0,106.0,107.0,107.0,108.0,108.0,109.0,110.0,111.0,112.0,112.27999999999997,113.0,114.0,115.0,115.0,116.0,117.0,118.0,118.0,119.0,119.0,120.0,120.0,120.0,121.0,122.0,122.0,123.0,123.0,124.0,125.0,126.0,126.0,126.79999999999995,127.0,127.0,128.0,129.0,129.0,130.0,131.0,131.0,132.0,132.0,134.0,135.0,135.0,136.0,137.0,137.0,138.0,139.0,139.0,140.0,141.0,142.0,143.0,143.55999999999995,144.0,146.0,147.0,150.51999999999998,153.76,161.0,120.0,1000.3411764800549,1000.4901960790157,1000.5725490450859,1000.6352941393852,1000.6901960968971,1000.7803921699524,1000.9372549057007,2000.4274509847164,2000.7019608020782,3001.0,181.9564468383789,189.5942840576172,194.45680236816406,198.23275756835938,201.39559936523438,204.41600952148437,207.52650146484376,211.0831756591797,216.23117065429688,347.3246765136719,233.71512,0.0,test_data/Useful/Validation/rice-at-2-ft/20241108_085836_025.jpg,1576.0,253.0,60.54358631648194
99,42.44,54.0,58.0,62.0,66.4,71.0,74.0,77.0,79.0,80.0,83.64,85.0,86.12,87.0,89.0,91.0,92.08000000000001,94.0,95.0,96.0,97.0,98.0,99.0,100.0,101.0,101.0,102.0,102.0,103.0,104.0,104.0,105.0,105.0,106.0,107.0,107.0,108.0,109.0,110.0,111.0,111.0,112.0,112.0,113.0,113.0,114.0,115.0,115.0,116.0,116.0,116.24000000000001,117.0,117.0,118.0,119.0,119.0,120.0,121.0,121.0,122.0,123.0,123.0,124.0,124.0,125.0,125.84000000000003,127.0,128.0,128.0,129.0,129.03999999999996,130.0,131.0,131.0,132.0,133.0,133.0,134.0,135.0,135.20000000000005,136.0,136.67999999999995,137.0,138.0,138.39999999999998,139.0,140.0,140.0,141.0,142.0,142.0,143.0,145.0,146.0,147.79999999999995,149.0,150.0,155.0,156.0,163.0,116.0,1000.3450980484486,1000.4941176474094,1000.5803921818733,1000.6392157077789,1000.6980392336845,1000.8039215803146,1000.9647058844566,2000.4627451002598,2000.7098039388657,3001.0,182.1170440673828,189.69894409179688,194.49312286376954,198.22898864746094,201.47869873046875,204.49942016601562,207.59121704101562,211.0975341796875,216.23582458496094,347.3878479003906,233.98874,0.0,test_data/Useful/Validation/rice-at-2-ft/20241108_085836_032.jpg,1469.0,199.0,57.133170834851725
100,40.92,55.96,62.0,64.0,66.2,71.0,73.0,75.0,78.0,79.0,80.0,82.0,85.0,85.36000000000001,87.0,88.84,90.0,90.32,92.0,93.0,94.0,95.0,95.0,97.0,98.0,99.0,100.0,100.72000000000003,101.0,102.0,102.44,103.0,104.92000000000002,105.16000000000003,106.0,107.0,107.0,108.0,109.0,109.0,110.0,111.0,111.0,112.0,113.0,114.0,115.0,115.0,116.0,116.0,116.24000000000001,117.0,117.0,118.0,118.0,118.44000000000005,119.0,119.91999999999996,120.0,120.39999999999998,121.0,122.0,122.0,123.0,123.0,123.84000000000003,124.0,125.0,126.0,127.0,127.0,127.27999999999997,128.0,129.0,129.0,130.0,131.0,131.0,132.0,132.20000000000005,133.0,134.0,134.0,135.0,135.39999999999998,136.0,136.88,137.0,138.0,138.0,139.0,140.0,141.0,142.55999999999995,144.79999999999995,145.03999999999996,147.55999999999995,150.0,153.0,160.0,117.0,1000.3450980484486,1000.4941176474094,1000.5764706134796,1000.6392157077789,1000.6980392336845,1000.7960784435272,1000.9568627476692,2000.4549019634724,2000.7098039388657,3001.0,181.98013305664062,189.58360290527344,194.37838745117188,198.08546447753906,201.3490982055664,204.39705810546874,207.52020721435548,211.03200988769532,216.2590789794922,347.34124755859375,232.66737,0.0,test_data/Useful/Validation/rice-at-2-ft/20241108_085836_033.jpg,1544.0,286.0,59.376858524285645
101,30.72,42.480000000000004,49.0,52.0,56.80000000000001,62.44,66.0,69.0,71.32,75.0,76.0,77.0,78.0,82.36000000000001,84.0,84.84,87.0,88.0,89.0,90.0,92.0,93.0,94.0,95.75999999999999,97.0,98.0,99.0,100.0,101.0,102.0,102.0,103.0,104.0,105.0,106.0,107.0,107.0,108.0,108.36000000000001,109.0,110.0,111.07999999999998,112.0,113.0,113.80000000000001,114.0,115.0,115.51999999999998,116.0,117.0,118.0,118.0,119.0,119.0,121.0,121.0,121.67999999999995,122.0,123.0,123.0,124.0,125.0,125.0,126.0,127.0,127.0,128.0,129.0,129.0,130.0,131.0,131.0,131.51999999999998,132.0,133.0,133.0,133.0,133.72000000000003,134.0,134.20000000000005,136.0,137.0,137.0,137.15999999999997,138.39999999999998,139.64,140.0,141.0,142.0,143.0,143.0,143.08000000000004,144.0,145.0,145.79999999999995,147.0,150.0,152.51999999999998,155.0,168.0,133.0,1000.3176470696926,1000.4705882370472,1000.5568627715111,1000.6196078658104,1000.678431391716,1000.7764706015587,1000.9411764740944,2000.4039215743542,2000.6862745285034,3001.0,182.12117919921874,189.77450256347657,194.535400390625,198.26170349121094,201.4492645263672,204.46592712402344,207.56883239746094,211.06549072265625,216.21202087402344,347.28228759765625,231.99472,0.0,test_data/Useful/Validation/rice-at-2-ft/20241108_085836_034.jpg,1533.0,244.0,58.34178861315675
102,34.96,51.480000000000004,55.0,59.0,63.0,65.0,67.68,70.0,71.16,74.0,74.64,76.0,77.0,80.0,81.0,83.0,84.0,85.0,86.0,87.80000000000001,89.0,90.0,91.0,92.0,93.0,94.0,95.0,96.0,97.0,98.19999999999999,99.0,100.0,100.0,101.0,101.39999999999998,102.0,103.0,104.0,105.0,106.0,106.0,107.0,107.32,108.0,109.0,109.0,110.0,111.0,111.0,112.0,113.0,113.0,114.0,115.0,116.0,116.44000000000005,117.0,117.91999999999996,118.0,118.0,119.63999999999999,120.0,121.0,121.0,122.0,122.0,123.0,123.0,124.0,125.0,126.0,127.0,127.0,128.0,128.0,129.0,130.0,130.0,131.0,132.0,132.0,133.0,133.91999999999996,134.0,135.0,136.0,137.0,138.0,139.0,140.0,140.84000000000003,141.0,142.0,143.0,145.0,146.0,147.0,148.51999999999998,153.76,158.0,106.0,1000.3058823645115,1000.4588235318661,1000.54509806633,1000.6078431606293,1000.6745098233223,1000.7843137383461,1000.9294117689133,2000.3843137323856,2000.6588235497475,3001.0,181.96802825927733,189.61236572265625,194.3876495361328,198.14596557617188,201.3602294921875,204.39315795898438,207.5190887451172,211.0490264892578,216.17376708984375,347.0368957519531,232.33574,0.0,test_data/Useful/Validation/rice-at-2-ft/20241108_085836_035.jpg,1589.0,258.0,60.881771004310885
103,38.44,50.480000000000004,56.0,59.96,63.2,66.0,67.0,68.92,71.0,73.4,74.64,76.88,79.12,81.0,82.0,84.0,85.0,87.0,88.0,88.80000000000001,90.03999999999999,92.0,92.52000000000001,94.0,94.0,96.0,96.48000000000002,97.72000000000003,99.0,100.0,100.0,101.0,102.0,103.0,104.0,104.0,105.0,106.0,106.36000000000001,108.0,108.83999999999997,110.0,111.0,111.56,112.0,113.0,113.0,114.0,115.0,116.0,116.0,116.48000000000002,117.0,118.0,118.0,119.0,119.0,120.0,121.0,122.0,122.63999999999999,123.0,123.0,124.0,124.0,125.0,127.0,127.0,128.0,128.0,129.0,129.0,130.0,130.0,131.0,132.0,132.0,133.0,133.0,134.0,134.44000000000005,135.0,135.0,136.0,137.0,137.0,138.0,139.0,140.0,140.0,141.0,141.08000000000004,142.0,143.0,143.0,145.0,146.27999999999997,149.51999999999998,152.76,159.0,123.0,1000.3137255012989,1000.4627451002598,1000.54509806633,1000.6078431606293,1000.6705882549286,1000.7803921699524,1000.9215686321259,2000.3607843220234,2000.65098041296,3001.0,181.845458984375,189.3867645263672,194.26364135742188,198.00169372558594,201.20864868164062,204.23839721679687,207.3631134033203,210.9126159667969,216.18948364257812,346.939208984375,232.3567,0.0,test_data/Useful/Validation/rice-at-2-ft/20241108_085836_036.jpg,1435.0,232.0,54.08304869063895
104,24.48,40.92,49.0,55.0,56.2,64.44,68.0,72.0,73.0,75.4,77.64,79.0,80.12,82.0,83.0,84.0,86.0,86.32,87.56,89.0,89.0,90.0,92.0,92.0,93.0,95.0,96.0,97.0,98.95999999999998,100.0,101.0,102.0,102.0,103.0,104.0,105.0,105.0,106.0,106.0,107.0,107.0,108.0,109.0,109.56,110.0,111.0,111.0,111.0,112.0,112.0,113.0,114.0,114.0,115.0,115.0,116.0,116.67999999999995,118.0,118.0,119.0,119.0,120.0,121.0,121.0,122.0,122.0,122.0,123.0,123.0,124.0,125.0,126.0,126.0,127.0,128.0,129.0,129.0,129.0,130.0,131.0,132.0,133.0,133.0,134.0,135.0,136.0,137.0,138.0,138.0,139.0,140.84000000000003,141.08000000000004,142.0,144.0,145.79999999999995,147.0,149.0,151.51999999999998,155.0,162.0,111.0,1000.3176470696926,1000.4666666686535,1000.5529412031174,1000.6156862974167,1000.678431391716,1000.7921568751335,1000.9176470637321,2000.364705890417,2000.6549019813538,3001.0,181.80673065185547,189.47748413085938,194.1967575073242,197.92842712402344,201.1995849609375,204.29220581054688,207.42462310791015,211.02432250976562,216.16250610351562,346.7150573730469,234.65874,0.0,test_data/Useful/Validation/rice-at-2-ft/20241108_085836_043.jpg,1452.0,232.0,63.2308802992089
0,3.4800000000000004,8.0,11.719999999999999,18.0,23.200000000000003,27.0,30.680000000000007,39.0,42.0,44.0,47.28,50.879999999999995,53.0,56.360000000000014,58.599999999999994,61.84,64.0,66.0,67.56,71.0,72.0,73.28,75.0,76.0,77.0,78.24000000000001,80.0,81.0,83.0,85.19999999999999,86.0,87.0,88.0,89.0,90.0,91.0,92.0,93.0,94.0,95.0,95.0,96.0,96.0,97.0,98.0,99.0,100.0,101.0,102.0,104.0,104.0,105.0,105.0,106.0,107.0,108.0,109.0,109.91999999999996,110.0,111.0,112.0,113.0,114.0,115.0,116.0,116.0,117.08000000000004,119.0,119.0,119.79999999999995,120.0,121.0,121.51999999999998,122.75999999999999,124.0,124.0,125.0,126.0,127.0,128.0,128.44000000000005,130.0,131.0,132.0,134.0,134.0,135.0,136.0,137.0,138.0,139.0,140.0,141.32000000000005,143.0,145.0,146.0,148.27999999999997,150.51999999999998,154.51999999999998,165.0,119.0,1000.6431372761726,1000.6901960968971,1000.7215686440468,1000.7490196228027,1000.7686274647713,1000.7921568751335,1000.811764717102,1000.839215695858,1000.8705882430077,3001.0,186.12039184570312,193.7427520751953,198.47097778320312,202.14669799804688,205.25692749023438,208.12783813476562,210.96429443359375,214.0741760253906,218.07264251708986,348.70428466796875,238.88582,3.0,test_data/Useful/Validation/sharp sand at 1ft/20241020_165659_051.jpg,2342.0,339.0,27.019106040214645
1,7.0,12.0,17.0,22.96,27.0,31.439999999999998,37.0,40.0,44.16,47.0,50.0,52.0,55.0,57.360000000000014,60.0,62.0,63.08000000000001,64.0,65.0,66.80000000000001,68.0,71.0,72.0,73.0,75.0,76.0,77.48000000000002,79.0,79.95999999999998,81.0,82.0,83.0,85.0,86.16000000000003,88.0,89.0,89.88,90.0,91.0,92.0,94.0,95.0,95.0,96.0,96.0,97.0,97.0,98.0,99.0,100.0,101.0,102.0,103.0,104.0,105.0,106.0,106.67999999999995,108.0,108.15999999999997,109.0,110.0,111.0,113.0,114.0,114.60000000000002,115.0,116.0,117.0,117.0,118.0,118.0,119.0,121.0,121.0,122.0,123.0,124.48000000000002,125.0,126.0,127.0,128.0,128.0,129.0,130.0,132.0,133.0,134.0,135.0,136.0,137.0,139.0,140.0,141.0,143.55999999999995,146.0,147.0,149.0,151.51999999999998,154.0,160.0,96.0,1000.6431372761726,1000.6901960968971,1000.7215686440468,1000.7490196228027,1000.7686274647713,1000.7921568751335,1000.811764717102,1000.839215695858,1000.8705882430077,3001.0,186.46827697753906,193.88404846191406,198.5927734375,202.17041015625,205.28973388671875,208.16236877441406,211.015625,214.1015625,218.02290802001954,348.6998291015625,235.44717,3.0,test_data/Useful/Validation/sharp sand at 1ft/20241020_165659_052.jpg,2399.0,318.0,26.80979758355843
2,3.4800000000000004,11.440000000000001,19.0,23.92,27.0,30.879999999999995,34.0,36.92,40.31999999999999,44.400000000000006,46.0,47.879999999999995,51.120000000000005,54.0,56.599999999999994,58.84,60.0,61.0,62.0,63.0,65.0,66.0,67.52000000000001,70.0,71.0,72.0,73.0,74.0,75.0,76.0,77.0,77.0,78.0,79.0,80.0,81.0,82.0,83.0,83.36000000000001,84.60000000000002,86.0,87.0,89.0,90.56,91.80000000000001,93.0,94.0,95.0,96.0,97.0,97.0,98.0,99.0,100.96000000000004,102.0,103.0,104.0,105.0,105.15999999999997,106.39999999999998,107.63999999999999,108.0,109.0,110.0,111.0,111.0,113.0,113.32000000000005,114.0,116.0,117.0,118.0,119.0,120.0,121.0,122.24000000000001,123.0,124.0,125.0,126.0,126.44000000000005,127.67999999999995,128.0,129.0,130.0,130.0,131.0,133.0,135.0,137.0,138.0,140.0,140.0,141.0,142.0,143.03999999999996,147.0,149.0,153.0,157.0,140.0,1000.6431372761726,1000.6941176652908,1000.7254902124405,1000.7490196228027,1000.7686274647713,1000.7921568751335,1000.811764717102,1000.8352941274643,1000.866666674614,3001.0,186.3397216796875,193.90138244628906,198.6068115234375,202.29605102539062,205.40621948242188,208.258056640625,211.05574951171874,214.12765808105468,218.02881774902346,348.90863037109375,237.24596,3.0,test_data/Useful/Validation/sharp sand at 1ft/20241020_165659_054.jpg,2476.0,327.0,28.085772252705134
3,16.48,20.48,29.72,32.0,37.0,40.44,43.0,47.92,49.0,51.400000000000006,54.64,56.0,58.120000000000005,61.0,62.0,64.0,67.0,69.0,71.0,72.0,74.03999999999999,76.0,77.0,79.0,80.0,81.0,82.0,83.72000000000003,85.0,86.0,87.0,88.0,89.0,90.0,90.0,91.0,92.0,93.0,94.0,95.0,96.0,97.07999999999998,98.0,98.0,99.80000000000001,101.0,102.0,102.0,103.0,104.0,105.0,106.0,106.0,107.0,108.0,108.0,109.0,110.0,112.0,112.0,114.0,114.0,115.0,116.0,117.0,118.0,119.08000000000004,120.0,121.0,122.0,123.0,123.27999999999997,125.0,125.0,126.0,127.0,127.0,128.0,129.0,130.0,130.0,131.0,131.0,132.15999999999997,133.0,133.64,135.88,137.0,138.0,139.0,139.0,141.0,142.0,143.0,144.0,146.0,148.0,151.51999999999998,154.51999999999998,167.0,108.0,1000.6392157077789,1000.6901960968971,1000.7215686440468,1000.7490196228027,1000.772549033165,1000.7921568751335,1000.8156862854958,1000.839215695858,1000.8745098114014,3001.0,186.47113037109375,193.9479217529297,198.68600463867188,202.3365020751953,205.41290283203125,208.2250213623047,211.04307556152344,214.07139587402344,217.94700164794924,349.33184814453125,234.52873,3.0,test_data/Useful/Validation/sharp sand at 1ft/20241020_165659_055.jpg,2397.0,336.0,33.184766066972905
4,1.2400000000000002,13.48,21.72,25.0,27.200000000000003,29.439999999999998,31.680000000000007,35.0,37.16,40.400000000000006,45.64,48.0,50.0,53.0,54.599999999999994,56.84,59.08000000000001,61.0,62.0,63.0,66.0,67.0,68.0,69.0,69.0,71.0,71.0,73.0,74.0,75.0,77.0,78.0,79.92000000000002,81.0,82.0,84.0,85.0,86.0,87.0,88.60000000000002,89.0,90.0,91.0,93.0,94.0,95.0,96.0,96.0,97.0,98.0,99.0,100.0,100.0,101.0,102.0,103.0,105.0,105.0,106.0,107.0,107.63999999999999,108.0,109.0,110.0,111.0,111.0,112.0,113.0,113.0,114.0,115.03999999999996,116.0,117.0,118.0,120.0,121.0,122.0,122.0,123.0,124.0,125.44000000000005,127.0,127.0,128.0,130.0,130.64,131.0,133.0,133.36,135.0,136.0,137.0,139.0,140.0,142.0,144.0,146.0,148.51999999999998,151.0,173.0,105.0,1000.5686274766922,1000.6313725709915,1000.6666666865349,1000.6980392336845,1000.7294117808342,1000.7568627595901,1000.7882353067398,1000.8274509906769,1000.8823529481888,3000.984313726425,185.6871795654297,193.17552185058594,197.8391876220703,201.45671386718752,204.48440551757812,207.28612060546874,210.0357864379883,212.94434814453126,216.58740234375,349.98211669921875,223.58177,3.0,test_data/Useful/Validation/sharp sand at 1ft/20241020_165711_059.jpg,2538.0,374.0,29.52778754584024
5,3.24,11.0,17.72,21.0,29.200000000000003,33.0,39.68000000000001,41.92,43.16,48.0,51.0,52.0,53.0,56.0,57.599999999999994,58.84,60.0,62.0,64.0,64.80000000000001,66.0,66.28,68.52000000000001,70.0,72.0,73.0,74.0,74.0,76.0,77.0,79.0,79.68,80.0,82.16000000000003,84.0,84.0,85.0,85.12,86.0,87.0,88.0,88.07999999999998,90.0,92.0,93.0,94.0,95.0,95.0,96.0,97.0,98.0,99.0,100.0,101.0,102.0,103.0,103.67999999999995,105.0,106.0,106.39999999999998,107.0,108.0,109.0,109.0,110.0,111.0,112.0,113.0,114.0,115.0,116.0,117.0,118.0,119.0,120.0,120.0,122.0,123.0,124.0,125.0,126.0,127.0,128.0,129.15999999999997,131.0,131.0,132.0,133.0,134.0,135.0,136.0,136.0,137.0,139.55999999999995,142.79999999999995,144.0,145.0,148.03999999999996,151.51999999999998,163.0,131.0,1000.5764706134796,1000.6352941393852,1000.6705882549286,1000.7019608020782,1000.7294117808342,1000.7568627595901,1000.7882353067398,1000.8235294222832,1000.8745098114014,3000.972549021244,185.43675994873047,193.0325164794922,197.743408203125,201.38693237304688,204.43678283691406,207.23099365234376,209.97041778564454,212.89894409179686,216.5524139404297,350.0614013671875,225.02896,3.0,test_data/Useful/Validation/sharp sand at 1ft/20241020_165711_060.jpg,2518.0,373.0,33.2811854360524
6,2.7200000000000006,9.48,24.0,26.96,32.0,37.31999999999999,41.68000000000001,42.92,47.0,49.400000000000006,51.64,53.879999999999995,56.0,57.0,59.0,62.0,64.0,67.0,68.0,70.0,72.0,74.0,74.0,75.0,76.0,77.0,77.0,79.0,80.0,80.0,82.0,83.68,85.0,86.0,87.0,88.0,89.0,90.12,91.36000000000001,92.0,94.0,95.0,95.0,95.56,97.0,98.0,99.0,99.0,101.0,102.0,102.0,102.48000000000002,104.0,105.0,105.0,106.0,107.0,107.0,108.0,108.0,109.0,110.0,110.0,111.0,112.0,113.84000000000003,114.0,115.0,115.0,116.0,118.0,119.0,120.0,120.0,121.0,122.0,122.0,123.0,124.96000000000004,125.0,126.0,127.0,129.0,129.0,130.39999999999998,132.0,132.0,133.12,134.36,135.0,136.0,137.0,138.0,140.0,141.79999999999995,143.0,145.27999999999997,150.0,155.27999999999997,168.0,95.0,1000.5764706134796,1000.6313725709915,1000.6705882549286,1000.7019608020782,1000.7294117808342,1000.7568627595901,1000.7882353067398,1000.8235294222832,1000.8745098114014,3000.956862747669,185.56891021728515,193.03731384277344,197.80122833251954,201.43189392089843,204.48397827148438,207.29217529296875,210.0354766845703,212.98163452148438,216.60454406738282,350.0419616699219,226.18025,3.0,test_data/Useful/Validation/sharp sand at 1ft/20241020_165711_061.jpg,2425.0,380.0,23.775437944363368
7,8.72,14.48,20.439999999999998,28.880000000000003,35.2,37.0,40.0,41.0,43.0,44.400000000000006,48.64,50.879999999999995,53.0,54.0,55.599999999999994,57.84,60.160000000000025,63.0,64.0,66.0,66.03999999999999,68.0,69.0,70.0,71.0,73.0,74.0,75.0,76.0,78.0,79.0,80.0,82.0,84.0,85.0,86.0,87.0,88.0,89.0,90.0,91.0,92.07999999999998,94.0,95.0,95.0,96.0,97.0,97.0,98.0,98.0,100.0,101.0,102.0,102.96000000000004,103.0,104.44000000000005,105.0,106.0,107.0,108.0,108.63999999999999,109.0,110.0,111.0,111.0,112.0,113.0,115.0,115.0,116.0,117.0,117.0,118.0,118.75999999999999,119.0,121.0,121.48000000000002,123.0,124.96000000000004,125.0,127.0,127.0,128.91999999999996,130.0,131.0,131.64,132.88,134.0,135.0,136.0,137.84000000000003,140.08000000000004,142.0,142.0,144.0,145.0,147.0,149.51999999999998,157.76,165.0,97.0,1000.5764706134796,1000.6352941393852,1000.6705882549286,1000.7019608020782,1000.7254902124405,1000.7568627595901,1000.7843137383461,1000.8196078538895,1000.8705882430077,3000.949019610882,185.5081008911133,193.03936767578125,197.7209045410156,201.37144470214844,204.45753479003906,207.25143432617188,210.0001220703125,212.93526611328124,216.55047607421875,350.08544921875,225.70074,3.0,test_data/Useful/Validation/sharp sand at 1ft/20241020_165711_062.jpg,2424.0,358.0,32.10189902642944
8,4.0,15.440000000000001,20.439999999999998,24.0,27.0,30.319999999999993,35.68000000000001,38.0,41.16,45.0,47.0,49.879999999999995,51.0,53.0,54.599999999999994,57.84,59.08000000000001,62.0,63.56,65.0,66.0,67.28,70.0,71.0,72.0,72.0,73.0,74.0,75.0,76.0,77.0,78.0,79.0,81.0,83.0,84.63999999999999,86.0,87.0,88.0,88.60000000000002,89.0,90.0,91.0,92.0,93.0,94.0,95.0,96.0,96.0,98.0,99.0,99.0,100.0,101.0,101.0,102.44000000000005,103.0,104.0,105.0,105.0,106.0,107.0,108.0,109.0,110.0,111.0,112.08000000000004,113.0,114.0,115.0,116.0,116.0,117.0,118.0,119.0,119.24000000000001,120.0,121.0,121.96000000000004,122.0,125.0,125.0,127.0,127.0,128.0,129.0,131.0,132.0,133.0,135.0,136.0,137.0,139.0,140.0,140.0,141.03999999999996,144.27999999999997,147.51999999999998,151.0,163.0,105.0,1000.5764706134796,1000.6352941393852,1000.6705882549286,1000.6980392336845,1000.7254902124405,1000.7529411911964,1000.7843137383461,1000.8196078538895,1000.8705882430077,3000.9372549057007,185.5677947998047,193.03341674804688,197.74130249023438,201.34768676757812,204.4245147705078,207.20775146484374,209.92845153808594,212.90896606445312,216.589599609375,350.11138916015625,224.81453,3.0,test_data/Useful/Validation/sharp sand at 1ft/20241020_165711_063.jpg,2532.0,389.0,35.02391589650862
9,9.0,15.48,20.72,26.0,31.200000000000003,35.44,39.360000000000014,44.0,46.0,47.0,50.64,54.0,56.0,57.0,58.599999999999994,60.0,62.0,63.31999999999999,66.0,67.0,69.0,71.28,73.0,74.0,75.0,76.0,77.0,78.0,79.0,80.0,81.0,82.0,84.0,85.0,86.39999999999998,87.0,87.0,88.0,88.36000000000001,89.60000000000002,90.0,91.0,92.0,92.56,93.80000000000001,94.0,95.0,96.0,97.0,97.0,98.0,99.0,100.0,101.0,103.0,104.0,104.0,105.0,106.0,106.39999999999998,107.0,108.0,109.0,109.0,110.0,111.0,112.0,113.0,113.0,114.0,115.0,115.27999999999997,117.0,118.75999999999999,120.0,120.0,122.0,122.0,123.0,124.0,125.0,125.67999999999995,126.0,127.0,128.39999999999998,129.0,130.88,132.0,132.36,133.0,135.0,136.0,137.0,139.0,140.0,142.0,144.0,146.0,149.0,162.0,87.0,1000.5764706134796,1000.6313725709915,1000.6705882549286,1000.6980392336845,1000.7254902124405,1000.7529411911964,1000.7843137383461,1000.8196078538895,1000.866666674614,3000.9647058844566,185.39525146484374,193.0201843261719,197.7645263671875,201.33853149414062,204.41603088378906,207.20941162109375,209.9581756591797,212.90097045898438,216.59625244140625,350.09228515625,223.29019,3.0,test_data/Useful/Validation/sharp sand at 1ft/20241020_165711_064.jpg,2511.0,391.0,28.80799766772635
10,8.72,16.48,25.0,33.0,36.2,39.0,41.68000000000001,43.92,46.0,47.400000000000006,51.0,55.0,57.120000000000005,60.0,61.0,62.84,64.0,66.0,68.0,69.0,71.0,71.28,72.0,73.0,75.0,75.0,76.0,77.0,78.0,80.0,80.0,82.0,83.92000000000002,85.16000000000003,86.0,88.0,88.0,89.12,91.0,92.0,93.0,94.0,94.0,95.0,96.0,97.0,98.0,99.0,99.0,100.0,100.24000000000001,101.48000000000002,102.0,103.0,104.20000000000005,106.0,106.0,107.0,108.0,109.0,109.0,111.0,111.12,113.0,113.0,114.0,115.0,115.0,116.0,116.0,117.0,118.0,119.0,119.75999999999999,121.0,121.0,122.0,123.0,124.0,125.0,127.0,127.0,128.0,129.0,129.0,130.0,131.0,133.0,133.36,134.0,135.0,136.08000000000004,138.0,139.0,140.79999999999995,143.03999999999996,146.0,149.51999999999998,153.0,166.0,115.0,1000.5803921818733,1000.6352941393852,1000.6705882549286,1000.6980392336845,1000.7254902124405,1000.7529411911964,1000.7803921699524,1000.8156862854958,1000.8627451062202,3000.960784316063,185.39537048339844,193.02615356445312,197.70718383789062,201.298095703125,204.39804077148438,207.21475219726562,209.89920654296876,212.84910583496094,216.55266876220702,350.141845703125,225.44043,3.0,test_data/Useful/Validation/sharp sand at 1ft/20241020_165711_065.jpg,2502.0,365.0,36.971390838259616
11,7.48,17.96,28.0,30.0,33.0,36.44,40.68000000000001,43.0,46.16,50.0,52.0,53.0,54.120000000000005,56.0,59.0,60.0,62.0,63.0,64.0,66.0,69.0,69.28,71.0,72.75999999999999,73.0,74.24000000000001,76.0,77.0,77.0,78.19999999999999,79.0,81.0,82.0,83.0,84.0,85.0,87.0,88.0,88.0,89.0,90.0,91.0,92.0,93.0,94.0,95.0,96.0,97.51999999999998,98.0,99.0,100.0,100.48000000000002,101.0,102.0,104.0,104.0,105.0,106.0,107.0,107.0,108.0,109.0,109.0,110.0,110.60000000000002,111.0,112.08000000000004,114.0,114.0,115.0,116.0,116.0,117.0,118.0,119.0,120.0,120.48000000000002,122.0,123.0,123.20000000000005,124.0,125.0,127.0,128.0,129.0,129.0,130.88,132.12,133.36,134.60000000000002,137.0,137.0,138.32000000000005,140.0,141.79999999999995,144.0,147.0,150.51999999999998,154.0,164.0,109.0,1000.6431372761726,1000.6941176652908,1000.7294117808342,1000.7529411911964,1000.7803921699524,1000.8039215803146,1000.8313725590706,1000.8627451062202,1000.905882358551,3001.0,186.61483459472657,194.00482788085938,198.72223968505858,202.28962097167968,205.3224334716797,208.15655517578125,210.92010498046875,213.87570190429688,217.57272338867188,349.9136047363281,227.73607,3.0,test_data/Useful/Validation/sharp sand at 1ft/20241020_165711_069.jpg,2714.0,389.0,27.000898110373594
12,13.24,22.48,31.72,34.96,38.2,43.0,45.0,47.0,48.16,50.0,52.0,54.0,55.120000000000005,57.360000000000014,61.0,62.0,64.0,66.0,67.56,70.0,71.0,72.0,73.52000000000001,75.0,76.0,78.0,79.48000000000002,81.0,83.0,84.0,84.44,85.0,86.0,86.0,87.0,89.0,90.0,91.0,92.36000000000001,93.0,94.0,95.0,95.0,96.0,97.0,98.0,99.0,100.0,101.0,102.0,102.24000000000001,103.48000000000002,104.0,105.96000000000004,106.20000000000005,107.0,107.67999999999995,109.0,110.0,111.0,112.0,113.0,113.12,114.36000000000001,115.0,116.0,117.0,118.0,119.0,119.79999999999995,120.0,120.0,121.0,122.0,123.0,124.0,125.0,125.72000000000003,127.0,128.0,129.0,130.0,131.0,132.0,133.0,134.0,135.0,136.0,137.0,138.0,139.84000000000003,141.0,142.32000000000005,143.55999999999995,144.79999999999995,146.0,148.0,150.0,152.0,164.0,120.0,1000.6470588445663,1000.6980392336845,1000.7294117808342,1000.7568627595901,1000.7803921699524,1000.8078431487083,1000.8352941274643,1000.866666674614,1000.9098039269447,3001.0,186.61199035644532,194.13482360839845,198.8674774169922,202.40605773925782,205.46038818359375,208.25533752441407,211.03124389648437,213.94805297851562,217.60896759033204,349.89111328125,229.15918,3.0,test_data/Useful/Validation/sharp sand at 1ft/20241020_165711_070.jpg,2606.0,350.0,28.322559712223065
13,14.48,24.0,29.0,32.0,35.2,38.0,41.0,46.0,50.0,51.400000000000006,56.0,59.0,61.0,63.0,66.0,67.0,69.0,70.32,71.0,73.0,74.03999999999999,75.0,75.52000000000001,77.0,79.0,80.0,81.48000000000002,82.0,83.0,84.0,85.0,86.68,88.0,89.0,90.0,91.0,91.88,92.0,94.0,95.0,96.0,97.0,97.0,98.0,99.0,100.0,101.0,102.0,103.0,104.0,105.24000000000001,106.0,106.0,107.96000000000004,108.0,109.0,109.0,110.0,111.0,111.0,112.0,113.0,114.0,114.36000000000001,115.0,116.0,117.0,118.0,119.0,120.0,121.0,122.0,123.0,123.0,124.0,124.0,125.0,125.0,126.0,127.0,127.44000000000005,128.0,128.91999999999996,129.15999999999997,131.0,132.0,133.0,134.12,135.36,137.60000000000002,139.0,140.0,140.0,142.0,143.0,144.03999999999996,147.27999999999997,149.51999999999998,152.51999999999998,163.0,109.0,1000.6470588445663,1000.6980392336845,1000.7294117808342,1000.7568627595901,1000.7803921699524,1000.8039215803146,1000.8313725590706,1000.8627451062202,1000.9098039269447,3001.0,186.4960144042969,194.09620666503906,198.80587768554688,202.38665771484375,205.48072814941406,208.25479125976562,211.04302978515625,213.99468994140625,217.61013793945312,349.885986328125,226.3576,3.0,test_data/Useful/Validation/sharp sand at 1ft/20241020_165711_071.jpg,2588.0,377.0,23.989693735028183
14,7.0,18.0,21.72,28.96,35.0,41.879999999999995,48.0,50.0,53.0,55.400000000000006,57.0,59.879999999999995,62.120000000000005,64.0,66.0,67.84,69.0,70.0,71.0,72.0,74.0,75.0,77.0,78.0,79.0,80.0,81.48000000000002,83.0,83.95999999999998,84.0,85.0,86.0,87.0,89.0,89.0,90.0,90.88,91.12,92.0,93.0,94.0,95.0,95.32,96.0,97.0,98.0,100.0,101.0,102.0,103.0,104.0,104.0,105.0,105.96000000000004,106.20000000000005,107.44000000000005,108.0,109.0,110.0,111.0,111.63999999999999,113.0,114.0,114.0,115.0,116.0,117.0,117.0,118.0,119.0,119.0,120.0,121.0,121.0,122.0,122.0,123.48000000000002,124.0,125.0,125.0,126.0,127.0,127.0,128.0,130.0,131.0,132.0,134.0,135.0,137.0,138.0,140.0,142.0,143.0,144.79999999999995,147.0,149.0,151.51999999999998,154.0,162.0,104.0,1000.6431372761726,1000.6941176652908,1000.7294117808342,1000.7529411911964,1000.7803921699524,1000.8039215803146,1000.8313725590706,1000.8627451062202,1000.9098039269447,3001.0,186.37901306152344,194.0760040283203,198.79690551757812,202.39520263671875,205.43060302734375,208.23670959472656,210.97952270507812,213.90989685058594,217.56971740722656,349.88922119140625,227.14294,3.0,test_data/Useful/Validation/sharp sand at 1ft/20241020_165711_072.jpg,2685.0,366.0,28.901822648614562
15,9.0,15.0,21.0,25.96,32.0,35.0,39.0,40.92,43.16,46.400000000000006,48.64,50.0,52.0,54.0,57.0,61.0,62.0,64.0,65.0,67.0,68.0,69.0,71.0,73.0,73.0,75.0,76.0,77.0,78.0,79.0,79.0,80.0,82.0,83.0,84.0,84.0,85.0,86.0,87.0,88.0,89.83999999999997,91.0,92.0,92.0,93.80000000000001,94.0,95.0,96.0,96.75999999999999,98.0,98.0,99.0,100.0,101.0,102.0,103.0,103.0,104.0,104.15999999999997,105.0,106.0,107.0,107.12,108.0,109.0,109.0,110.0,111.0,111.0,112.0,113.0,113.27999999999997,114.51999999999998,115.0,116.0,117.0,118.0,119.0,120.0,121.0,121.44000000000005,123.0,124.0,125.0,126.0,127.0,128.0,130.12,132.0,134.0,135.0,136.08000000000004,138.0,140.55999999999995,141.79999999999995,145.0,147.0,149.51999999999998,153.0,166.0,109.0,1000.6470588445663,1000.6941176652908,1000.7294117808342,1000.7568627595901,1000.7803921699524,1000.8039215803146,1000.8313725590706,1000.8627451062202,1000.905882358551,3001.0,186.37149505615236,193.9925537109375,198.711669921875,202.29776000976562,205.35464477539062,208.20046997070312,210.95384216308594,213.91883850097656,217.57475738525392,349.8805236816406,228.63666,3.0,test_data/Useful/Validation/sharp sand at 1ft/20241020_165711_073.jpg,2762.0,377.0,26.2311194255527
16,7.24,13.0,21.0,24.96,31.60000000000001,39.0,43.0,46.92,49.0,52.0,54.0,56.0,58.0,59.0,62.599999999999994,63.84,65.0,66.0,68.0,69.80000000000001,71.0,73.0,73.52000000000001,76.0,77.0,79.0,81.0,81.72000000000003,82.0,83.0,84.44,85.0,86.0,87.0,87.39999999999998,89.0,89.88,90.12,91.0,91.60000000000002,92.0,93.0,93.32,94.56,95.0,96.0,97.27999999999997,98.0,99.0,100.0,101.0,102.0,102.0,103.0,104.0,104.0,106.0,106.0,107.0,108.0,109.0,110.0,111.0,111.0,113.0,114.0,115.0,115.32000000000005,116.0,117.0,118.0,118.0,119.0,120.0,120.0,121.0,122.0,122.72000000000003,124.0,125.0,126.0,127.0,127.91999999999996,129.0,130.0,131.0,133.0,134.0,135.0,137.0,137.0,138.0,139.0,141.0,141.0,144.0,146.0,148.0,151.76,159.0,93.0,1000.6392157077789,1000.6901960968971,1000.7254902124405,1000.7529411911964,1000.7764706015587,1000.8039215803146,1000.8313725590706,1000.8627451062202,1000.9098039269447,3001.0,186.52542114257812,194.09469909667968,198.84258422851562,202.40436706542968,205.4270782470703,208.20293273925782,210.91291351318358,213.8993713378906,217.5780029296875,349.8758544921875,227.10579,3.0,test_data/Useful/Validation/sharp sand at 1ft/20241020_165711_074.jpg,2708.0,358.0,36.12275835900074
17,4.48,10.440000000000001,21.72,24.0,29.0,32.0,37.68000000000001,42.92,45.16,47.0,49.0,51.0,52.0,56.0,59.0,60.0,61.0,62.0,63.56,64.0,65.0,66.0,68.0,70.0,72.0,72.24000000000001,73.48000000000002,74.72000000000003,77.0,79.0,80.0,81.0,82.0,82.16000000000003,84.0,85.0,86.0,86.12,88.0,88.0,88.0,89.0,89.32,90.56,91.0,93.0,93.27999999999997,94.0,95.0,96.0,97.24000000000001,99.0,100.0,100.0,102.0,103.0,104.0,104.0,105.0,106.0,107.0,108.0,109.0,109.0,110.0,110.0,112.0,112.0,113.0,114.0,115.0,115.0,116.0,117.0,118.0,119.0,119.0,120.0,122.0,123.0,124.44000000000005,125.67999999999995,126.0,127.0,129.0,130.0,131.0,133.0,134.36,136.0,138.0,140.0,140.32000000000005,143.0,145.0,147.0,151.0,152.51999999999998,154.0,163.0,88.0,1000.6392157077789,1000.6901960968971,1000.7254902124405,1000.7529411911964,1000.7764706015587,1000.8039215803146,1000.8313725590706,1000.8627451062202,1000.9098039269447,3001.0,186.4383575439453,193.94777221679686,198.68661804199218,202.28305053710938,205.37725067138672,208.213720703125,210.96994323730468,213.92255554199218,217.54296875,349.89129638671875,225.45282,3.0,test_data/Useful/Validation/sharp sand at 1ft/20241020_165711_075.jpg,2703.0,363.0,31.785866858836116
18,4.24,10.96,18.72,22.0,31.200000000000003,33.44,37.68000000000001,40.0,43.16,46.400000000000006,50.0,53.0,56.0,57.360000000000014,59.0,60.84,63.0,64.0,64.56,66.0,66.03999999999999,68.28,70.0,72.0,74.0,74.0,75.48000000000002,77.0,78.0,79.0,80.44,82.0,83.0,84.0,85.0,86.0,86.0,88.0,89.0,91.0,91.0,93.0,93.0,94.0,95.0,96.0,97.0,98.0,98.75999999999999,100.0,101.0,101.0,102.72000000000003,104.0,104.0,106.0,106.0,106.91999999999996,107.0,108.0,108.0,109.0,110.0,110.0,111.0,111.0,112.0,113.0,115.0,115.79999999999995,116.0,117.0,118.0,119.0,120.0,120.0,121.0,122.0,123.0,124.0,125.44000000000005,126.67999999999995,128.0,129.0,129.39999999999998,131.0,132.0,132.0,134.0,135.60000000000002,137.84000000000003,138.0,140.0,141.55999999999995,143.0,145.0,148.0,152.03999999999996,154.0,166.0,108.0,1000.6352941393852,1000.6901960968971,1000.7215686440468,1000.7490196228027,1000.7764706015587,1000.8000000119209,1000.8274509906769,1000.8627451062202,1000.9098039269447,3001.0,186.3918914794922,193.86474609375,198.6270751953125,202.25767517089844,205.35403442382812,208.16021728515625,210.90894927978516,213.8304656982422,217.54892578125,349.85406494140625,224.99966,3.0,test_data/Useful/Validation/sharp sand at 1ft/20241020_165711_079.jpg,2639.0,368.0,34.676378770700246
19,6.24,11.0,16.72,22.92,31.0,34.0,38.68000000000001,42.760000000000005,43.16,45.0,46.64,49.0,51.0,54.0,57.599999999999994,59.0,61.0,63.31999999999999,65.0,66.0,67.0,68.0,70.0,71.0,72.0,73.0,75.0,76.72000000000003,77.95999999999998,79.0,80.0,81.0,82.0,83.16000000000003,85.0,87.0,88.0,89.0,90.0,91.0,91.0,92.0,93.32,95.0,96.0,97.0,98.0,98.0,99.0,100.0,100.24000000000001,101.0,102.0,103.0,104.0,104.0,105.0,106.0,106.0,107.0,108.0,109.0,109.12,111.0,111.0,112.0,113.0,114.0,114.0,115.0,115.0,116.0,118.0,118.75999999999999,120.0,121.0,122.0,123.0,124.0,125.0,126.0,127.0,127.0,128.0,128.0,129.0,130.0,131.0,132.0,134.0,136.0,138.0,139.0,140.55999999999995,141.79999999999995,143.0,145.0,147.0,150.76,163.0,106.0,1000.65098041296,1000.6980392336845,1000.7294117808342,1000.7529411911964,1000.7764706015587,1000.8000000119209,1000.8235294222832,1000.8549019694328,1000.8980392217636,3000.988235294819,186.57811889648437,194.0777557373047,198.77339782714844,202.35868225097656,205.39137268066406,208.20906982421874,211.0025634765625,213.94058227539062,217.61968994140625,349.747802734375,227.26065,3.0,test_data/Useful/Validation/sharp sand at 1ft/20241020_165711_080.jpg,2634.0,358.0,35.53729076420935
20,6.0,13.0,20.0,24.0,28.200000000000003,31.879999999999995,34.0,38.0,40.16,46.400000000000006,48.64,50.0,52.0,53.0,55.0,56.0,58.0,60.0,62.0,65.0,66.03999999999999,67.28,68.0,69.0,70.0,72.0,74.0,74.0,75.0,77.0,78.0,79.0,79.92000000000002,80.16000000000003,81.39999999999998,83.0,84.88,85.12,86.0,87.60000000000002,88.0,89.0,90.0,92.0,93.0,94.0,94.0,95.0,95.0,96.0,97.0,98.0,98.72000000000003,99.96000000000004,100.20000000000005,101.44000000000005,103.0,103.0,104.0,105.0,106.0,107.0,107.0,109.0,110.0,111.0,112.0,112.0,113.0,113.0,114.0,114.27999999999997,116.0,116.0,117.0,118.0,119.48000000000002,120.0,121.0,121.20000000000005,122.0,124.0,125.0,126.0,127.0,127.63999999999999,129.0,129.12,130.0,132.60000000000002,133.84000000000003,135.0,136.32000000000005,139.55999999999995,142.0,144.0,146.27999999999997,148.51999999999998,150.76,163.0,103.0,1000.6392157077789,1000.6901960968971,1000.7254902124405,1000.7490196228027,1000.7764706015587,1000.8000000119209,1000.8274509906769,1000.8588235378265,1000.905882358551,3001.0,186.5689239501953,194.0931396484375,198.72500610351562,202.28704833984375,205.341796875,208.13788146972655,210.91779327392578,213.85242309570313,217.5149948120117,349.8103332519531,227.13997,3.0,test_data/Useful/Validation/sharp sand at 1ft/20241020_165711_081.jpg,2722.0,369.0,26.672684727845237
21,0.7200000000000006,10.48,21.0,24.96,29.200000000000003,36.0,39.0,42.0,45.0,47.0,48.0,50.879999999999995,52.120000000000005,54.0,56.599999999999994,58.0,61.0,62.0,63.0,65.0,67.0,68.0,69.0,70.75999999999999,72.0,73.0,74.0,76.0,77.0,78.0,79.0,81.0,81.0,83.0,84.0,84.63999999999999,86.0,87.0,88.0,89.0,90.83999999999997,92.0,92.32,93.0,94.0,95.0,96.0,97.0,97.0,99.0,99.0,100.0,101.0,101.0,102.20000000000005,103.0,104.0,104.91999999999996,106.0,106.39999999999998,107.0,108.0,109.0,110.0,110.60000000000002,111.84000000000003,113.0,113.0,113.55999999999995,115.0,116.0,116.27999999999997,118.0,119.0,121.0,121.24000000000001,122.0,123.72000000000003,124.0,125.0,126.0,127.0,129.0,129.0,130.0,130.64,132.0,133.0,134.0,135.0,135.84000000000003,137.0,138.32000000000005,140.0,141.0,142.0,144.0,147.0,151.51999999999998,160.0,113.0,1000.6470588445663,1000.6941176652908,1000.7254902124405,1000.7529411911964,1000.7764706015587,1000.8000000119209,1000.8235294222832,1000.8549019694328,1000.9019607901573,3001.0,186.45789642333983,193.9499938964844,198.66936187744142,202.3021423339844,205.38965606689453,208.23526000976562,210.9931182861328,213.95204162597656,217.5979766845703,349.76397705078125,226.05882,3.0,test_data/Useful/Validation/sharp sand at 1ft/20241020_165711_082.jpg,2580.0,344.0,25.394245171095914
22,0.0,4.0,9.159999999999997,15.96,25.200000000000003,29.879999999999995,33.68000000000001,37.92,40.0,44.400000000000006,47.0,49.879999999999995,52.0,53.0,56.599999999999994,58.0,61.0,62.0,65.56,67.0,69.0,70.0,71.52000000000001,73.0,74.0,76.0,78.0,80.0,82.0,84.0,84.0,85.0,86.92000000000002,88.16000000000003,91.0,92.0,93.0,94.0,95.0,96.0,96.83999999999997,97.0,98.0,98.56,99.80000000000001,100.0,100.0,101.0,102.0,103.0,104.0,105.0,105.0,106.0,107.0,108.0,108.0,109.0,110.0,111.0,112.0,112.0,113.0,114.36000000000001,115.0,116.0,117.0,117.32000000000005,118.0,119.0,120.0,121.0,121.0,122.0,123.0,124.0,125.0,125.0,126.0,126.20000000000005,127.44000000000005,129.0,129.91999999999996,131.0,131.39999999999998,132.0,133.0,134.0,135.0,136.0,137.0,139.0,139.0,140.0,140.79999999999995,142.03999999999996,146.0,149.51999999999998,154.0,165.0,100.0,1000.6431372761726,1000.6941176652908,1000.7254902124405,1000.7490196228027,1000.7764706015587,1000.8000000119209,1000.8235294222832,1000.8549019694328,1000.9019607901573,3000.9960784316063,186.42173919677734,194.01441955566406,198.7286376953125,202.3210906982422,205.39478302001953,208.2293487548828,210.99431457519532,213.94364013671876,217.61602630615235,349.74871826171875,226.52946,3.0,test_data/Useful/Validation/sharp sand at 1ft/20241020_165711_083.jpg,2573.0,352.0,34.973729574958256
23,9.48,20.48,27.72,29.0,32.60000000000001,37.0,39.68000000000001,42.0,44.0,47.0,49.0,52.0,55.120000000000005,57.360000000000014,59.0,61.0,63.0,65.0,66.0,66.0,68.0,70.0,71.52000000000001,73.0,74.0,76.0,77.0,78.0,79.0,81.0,82.0,83.0,83.92000000000002,84.0,86.0,87.0,88.0,89.0,89.0,90.0,91.0,92.0,93.0,95.0,95.0,96.0,97.0,98.0,98.0,99.0,100.24000000000001,101.0,102.0,102.0,103.0,103.44000000000005,104.0,104.0,105.0,106.0,107.0,107.0,108.0,109.36000000000001,111.0,111.0,112.0,113.0,114.0,114.0,116.0,117.0,118.0,119.0,119.0,120.0,120.0,121.0,122.0,122.20000000000005,124.0,124.0,125.0,126.0,127.0,128.0,129.0,131.0,132.36,134.0,135.84000000000003,137.0,138.32000000000005,140.55999999999995,142.0,144.03999999999996,146.0,148.0,152.76,162.0,104.0,1000.6470588445663,1000.6941176652908,1000.7254902124405,1000.7529411911964,1000.7764706015587,1000.8000000119209,1000.8235294222832,1000.8549019694328,1000.8980392217636,3000.9960784316063,186.47976989746093,193.95662841796874,198.667041015625,202.28883056640626,205.38126373291016,208.20542907714844,210.97703857421874,213.9417236328125,217.64848937988282,349.74151611328125,227.78764,3.0,test_data/Useful/Validation/sharp sand at 1ft/20241020_165711_084.jpg,2630.0,342.0,27.27191937837743
24,2.4800000000000004,18.44,24.72,30.0,33.60000000000001,40.0,44.0,45.92,49.16,53.0,55.0,57.0,59.0,61.0,62.599999999999994,64.0,66.0,68.0,69.0,71.0,72.0,73.28,75.0,76.0,77.0,78.0,78.0,79.0,80.0,81.0,82.0,83.0,84.0,85.0,86.0,87.0,88.0,89.12,90.0,91.0,92.0,92.0,93.0,93.0,94.0,95.0,96.0,96.0,97.0,98.0,99.0,99.48000000000002,100.0,101.96000000000004,103.0,103.44000000000005,104.67999999999995,105.0,106.0,107.0,107.0,108.0,109.0,109.0,110.0,111.0,112.0,113.0,114.0,115.0,115.03999999999996,117.0,118.0,118.0,119.0,120.0,121.0,122.0,122.96000000000004,123.20000000000005,124.0,125.0,126.0,127.0,128.0,129.0,129.88,130.12,131.36,132.60000000000002,135.0,136.0,137.0,139.0,140.79999999999995,144.03999999999996,146.0,150.0,152.76,163.0,92.0,1000.6431372761726,1000.6941176652908,1000.7254902124405,1000.7529411911964,1000.7764706015587,1000.8000000119209,1000.8235294222832,1000.8549019694328,1000.9019607901573,3001.0,186.69005432128907,194.13388061523438,198.8661895751953,202.47772216796875,205.50143432617188,208.3109130859375,211.0574188232422,214.02822875976562,217.68896484375,349.7201232910156,226.5539,3.0,test_data/Useful/Validation/sharp sand at 1ft/20241020_165711_085.jpg,2729.0,364.0,31.141636620393484
25,13.0,20.48,26.72,29.96,36.0,39.0,41.0,42.92,47.0,48.400000000000006,53.0,55.0,58.0,59.0,60.599999999999994,61.84,63.0,65.0,67.0,69.0,70.03999999999999,71.28,73.0,74.0,76.0,76.0,78.0,79.72000000000003,82.0,83.0,84.44,85.0,86.0,87.0,88.0,89.0,91.0,92.12,94.0,95.0,95.0,97.0,98.0,99.0,99.0,100.0,101.0,103.0,103.0,105.0,106.0,106.0,107.0,107.96000000000004,108.0,109.0,109.0,110.0,111.15999999999997,112.39999999999998,113.0,114.0,114.0,115.0,116.0,116.0,117.08000000000004,118.0,119.0,120.79999999999995,121.0,122.0,122.0,123.0,124.0,125.0,125.0,127.0,127.96000000000004,128.0,129.0,129.67999999999995,131.0,133.15999999999997,135.0,136.0,138.0,139.12,141.0,141.60000000000002,142.0,144.0,145.0,146.0,147.0,149.0,150.55999999999995,153.51999999999998,155.76,163.0,122.0,1000.5137255191803,1000.5960784554482,1000.6588235497475,1000.7098039388657,1000.7568627595901,1000.8039215803146,1000.8549019694328,1000.9098039269447,1000.972549021244,2001.0,186.02896118164062,193.68997192382812,198.3385009765625,201.94671630859375,205.0153579711914,207.82012329101562,210.5909423828125,213.51632690429688,217.1462860107422,349.712890625,220.67075,3.0,test_data/Useful/Validation/sharp sand at 1ft/20241020_165856(0).jpg,2762.0,392.0,28.60124643305993
26,12.24,23.44,28.439999999999998,34.96,40.2,43.0,45.68000000000001,47.0,50.0,52.400000000000006,55.64,57.0,60.0,61.0,62.0,63.0,64.08000000000001,65.0,67.0,68.0,69.03999999999999,70.0,71.0,72.75999999999999,74.0,75.0,76.0,77.0,78.0,79.0,81.0,82.0,84.0,85.0,86.0,87.0,87.0,88.0,90.0,91.0,92.0,93.0,94.0,95.0,96.0,96.0,97.0,97.0,98.0,99.0,100.0,100.0,102.0,102.0,103.0,104.0,105.0,106.0,107.0,107.0,108.63999999999999,109.88,111.0,111.36000000000001,112.0,113.0,115.0,115.0,115.0,116.0,116.0,117.0,118.0,119.0,120.0,121.24000000000001,122.0,123.0,124.0,125.0,126.0,126.0,127.91999999999996,128.0,129.0,130.0,131.0,132.12,133.0,134.0,136.0,137.08000000000004,138.32000000000005,139.0,140.0,142.0,143.27999999999997,146.0,150.27999999999997,173.0,115.0,1000.5764706134796,1000.65098041296,1000.705882370472,1000.7529411911964,1000.7960784435272,1000.839215695858,1000.8862745165825,1000.9372549057007,1000.9921568632126,2001.0,186.635986328125,194.1677703857422,198.90701293945312,202.47535095214843,205.54946899414062,208.35576782226562,211.13577423095703,214.10723876953125,217.75274658203125,349.6667785644531,220.85649,3.0,test_data/Useful/Validation/sharp sand at 1ft/20241020_165856.jpg,3089.0,389.0,30.315243954683112
27,6.880000000000003,25.0,32.0,35.92,38.2,45.0,47.0,49.92,54.16,57.0,59.64,61.879999999999995,64.0,67.0,70.0,71.0,74.0,74.0,75.0,76.0,78.0,79.28,80.0,81.0,83.0,84.24000000000001,85.0,86.0,87.0,88.0,89.0,89.0,90.0,91.0,92.0,93.0,94.0,95.12,96.0,97.0,98.0,99.0,99.0,100.0,101.0,102.0,102.27999999999997,104.0,104.0,105.0,105.0,106.0,106.0,107.0,108.0,109.0,110.0,111.91999999999996,112.0,113.0,113.63999999999999,114.88,115.12,116.0,117.0,117.0,118.0,118.32000000000005,119.0,120.0,122.0,122.0,123.0,123.0,123.0,124.0,125.0,126.0,127.0,128.0,128.0,129.0,130.0,131.15999999999997,132.0,133.0,135.0,136.0,136.36,137.60000000000002,138.0,140.0,141.0,143.0,144.0,147.03999999999996,149.27999999999997,151.51999999999998,156.0,165.0,123.0,1000.5725490450859,1000.6431372761726,1000.6901960968971,1000.7254902124405,1000.7568627595901,1000.7921568751335,1000.8313725590706,1000.8745098114014,1000.9294117689133,2001.0,185.73627624511718,193.2719512939453,198.02978515625,201.70089721679688,204.7474822998047,207.5633544921875,210.35835723876954,213.30270385742188,217.02056884765625,349.885009765625,225.88257,3.0,test_data/Useful/Validation/sharp sand at 1ft/20241020_165857.jpg,2706.0,345.0,28.716687256462762
28,19.72,26.0,29.0,31.96,33.0,38.44,43.0,46.0,47.0,50.400000000000006,53.0,54.879999999999995,57.0,58.0,60.0,61.0,62.0,63.31999999999999,65.0,66.0,67.03999999999999,69.0,70.52000000000001,72.0,74.0,75.0,76.0,78.0,79.0,80.0,81.0,82.0,83.0,84.16000000000003,85.39999999999998,87.0,87.0,88.12,90.0,91.0,93.0,93.07999999999998,94.32,96.0,97.0,97.04000000000002,99.0,99.0,100.0,100.0,102.0,102.0,104.0,104.0,105.0,106.0,107.0,108.0,109.0,109.0,109.63999999999999,111.0,111.0,112.0,112.0,113.0,114.0,114.32000000000005,116.0,116.0,117.0,118.0,118.51999999999998,119.0,120.0,121.0,122.0,123.0,123.0,125.0,125.44000000000005,126.0,128.0,129.0,130.0,131.0,133.0,133.12,135.0,136.0,138.0,139.0,140.0,141.0,142.0,144.0,146.0,149.0,153.0,162.0,111.0,1000.5686274766922,1000.6470588445663,1000.7019608020782,1000.7411764860153,1000.7843137383461,1000.8235294222832,1000.8627451062202,1000.9098039269447,1000.9686274528503,2001.0,186.5038299560547,194.05259399414064,198.7073013305664,202.31347045898437,205.39891052246094,208.18982543945313,210.98477172851562,213.9801788330078,217.67840576171875,349.3471984863281,228.1687,3.0,test_data/Useful/Validation/sharp sand at 1ft/20241020_165858(0).jpg,2840.0,375.0,31.30246716904814
29,13.680000000000001,26.48,28.0,32.96,35.0,36.44,40.360000000000014,41.92,43.16,47.400000000000006,49.0,52.879999999999995,55.0,56.360000000000014,58.0,60.0,62.0,63.0,64.56,66.0,67.03999999999999,69.0,70.0,71.0,72.0,73.0,75.48000000000002,76.0,78.0,80.0,81.0,81.68,83.0,84.0,84.0,85.0,86.0,87.0,88.0,89.0,91.0,92.0,93.0,94.0,95.0,96.0,96.0,97.0,98.0,99.0,99.24000000000001,100.0,101.0,102.0,103.0,105.0,106.0,107.0,108.0,108.0,109.0,110.0,110.0,111.36000000000001,112.0,113.0,114.0,114.32000000000005,116.0,117.0,117.0,117.27999999999997,118.51999999999998,119.75999999999999,121.0,122.0,122.48000000000002,123.0,124.0,125.0,125.44000000000005,127.0,128.0,129.0,129.0,130.64,131.0,132.0,134.0,135.0,137.0,138.0,139.0,142.0,144.0,145.0,148.0,150.51999999999998,153.76,163.0,117.0,1000.5803921818733,1000.65098041296,1000.6980392336845,1000.7333333492279,1000.7686274647713,1000.8039215803146,1000.8431372642517,1000.8901960849762,1000.9490196108818,2001.0,186.0938720703125,193.60873107910157,198.26512298583984,201.9355255126953,204.96678924560547,207.76675720214843,210.49857025146486,213.4557342529297,217.21681213378906,349.80450439453125,226.10599,3.0,test_data/Useful/Validation/sharp sand at 1ft/20241020_165858.jpg,2842.0,381.0,28.333179522979552
30,18.0,25.0,33.44,37.96,42.0,45.0,47.0,49.92,53.0,54.400000000000006,56.64,58.0,59.120000000000005,61.0,63.599999999999994,66.0,67.0,69.0,70.0,71.0,72.03999999999999,74.0,75.0,75.75999999999999,76.0,77.0,78.48000000000002,80.0,80.95999999999998,82.0,83.44,84.0,84.92000000000002,85.16000000000003,88.0,89.0,89.88,90.0,91.0,92.0,93.0,94.0,95.0,96.0,97.0,98.0,99.0,99.0,100.0,100.0,101.0,102.0,103.0,104.0,104.0,105.0,106.0,107.0,108.15999999999997,109.0,110.0,111.0,112.0,113.0,114.0,114.84000000000003,115.0,116.0,116.0,117.0,118.0,119.0,120.0,121.0,123.0,123.0,124.48000000000002,125.0,126.0,127.0,128.0,129.0,130.0,131.15999999999997,133.0,134.0,135.0,135.12,136.0,137.0,138.0,138.0,140.0,141.0,142.0,146.0,146.27999999999997,150.51999999999998,152.0,161.0,116.0,1000.5764706134796,1000.65098041296,1000.7019608020782,1000.7411764860153,1000.7803921699524,1000.8196078538895,1000.8627451062202,1000.9098039269447,1000.9686274528503,2001.0,186.35418701171875,193.87228393554688,198.6544158935547,202.23970336914064,205.35284423828125,208.15667724609375,210.90170288085938,213.82443237304688,217.55038452148438,349.5203857421875,230.94405,3.0,test_data/Useful/Validation/sharp sand at 1ft/20241020_165859.jpg,2830.0,384.0,32.58589843976377
31,19.0,27.44,32.72,37.0,40.0,42.0,44.0,47.0,50.16,52.0,55.0,57.0,59.120000000000005,61.0,63.0,65.68,68.0,68.32,70.56,72.0,74.0,75.0,76.0,77.0,79.0,80.24000000000001,81.48000000000002,82.0,83.0,85.0,86.0,87.0,87.0,89.0,91.0,92.0,92.88,93.0,94.0,94.60000000000002,95.0,96.0,97.0,98.0,99.0,100.0,101.0,101.0,102.0,103.0,104.0,104.0,105.0,106.0,106.0,107.0,108.67999999999995,110.0,110.0,111.0,112.0,113.0,114.0,115.0,115.0,116.0,117.0,117.0,118.0,118.0,119.0,120.0,121.0,121.0,122.0,123.0,124.0,125.0,125.96000000000004,127.0,127.0,128.0,129.0,129.0,130.0,131.0,132.0,133.0,134.0,134.0,136.0,137.08000000000004,138.32000000000005,140.0,142.0,143.03999999999996,148.0,152.03999999999996,158.0,163.0,115.0,1000.5333333611488,1000.6196078658104,1000.678431391716,1000.7215686440468,1000.7686274647713,1000.8156862854958,1000.8588235378265,1000.905882358551,1000.9607843160629,2001.0,185.91453552246094,193.43186950683594,198.15447998046875,201.8077850341797,204.86776733398438,207.7127685546875,210.45553283691407,213.39828491210938,217.10572814941406,349.58612060546875,225.3707,3.0,test_data/Useful/Validation/sharp sand at 1ft/20241020_165902.jpg,2722.0,378.0,27.747722764347827
32,16.0,25.92,35.72,43.96,47.2,51.44,53.68000000000001,58.84,61.16,64.0,66.0,67.0,68.12,70.0,73.0,74.0,76.0,77.0,78.0,79.80000000000001,80.0,81.0,81.52000000000001,84.0,85.0,86.0,87.0,88.0,89.0,90.0,91.44,92.0,92.0,93.0,94.0,94.0,95.0,95.0,96.0,97.0,98.0,98.0,99.0,100.56,101.0,102.0,103.0,104.0,105.75999999999999,107.0,107.0,109.0,109.72000000000003,110.0,111.0,112.0,113.0,114.0,115.0,115.39999999999998,116.0,117.0,118.0,118.0,119.0,120.0,121.0,122.0,122.55999999999995,123.0,123.0,124.0,125.0,126.0,127.0,127.0,128.0,129.0,130.0,131.0,132.0,133.0,134.0,135.15999999999997,136.0,137.0,137.0,138.12,139.36,140.0,141.0,142.08000000000004,144.0,145.55999999999995,147.0,148.03999999999996,151.0,153.0,158.0,163.0,92.0,1000.5647059082985,1000.6470588445663,1000.6980392336845,1000.7372549176216,1000.7764706015587,1000.8078431487083,1000.8431372642517,1000.8784313797951,1000.9254902005196,1001.0,185.98674468994142,193.54890747070314,198.27167053222655,201.82598876953125,204.91726684570312,207.7650146484375,210.57073669433595,213.54794921875,217.37588500976562,349.5340576171875,231.81511,3.0,test_data/Useful/Validation/sharp sand at 1ft/20241020_165903(0).jpg,2431.0,348.0,32.809137099339466
33,20.240000000000002,25.0,29.72,35.0,37.2,42.0,46.0,49.0,54.0,56.0,58.0,59.0,62.120000000000005,65.36000000000001,67.6,69.84,71.0,72.0,74.0,75.0,76.03999999999999,78.0,79.52000000000001,81.0,82.0,83.24000000000001,84.0,85.0,86.0,87.0,88.0,88.0,89.92000000000002,91.0,93.0,94.0,94.0,95.0,95.36000000000001,96.0,97.0,98.0,99.0,100.0,101.0,101.0,102.0,103.0,103.0,104.0,105.0,106.0,106.0,107.96000000000004,109.0,110.0,111.0,112.0,113.0,114.0,115.0,116.0,116.0,117.0,117.0,118.0,118.0,119.0,120.0,120.0,121.0,122.0,122.0,123.0,124.0,125.0,126.0,126.0,127.0,128.0,129.0,129.67999999999995,130.0,131.0,133.0,133.0,134.88,136.0,136.36,138.0,139.0,142.0,143.0,144.0,145.79999999999995,147.0,149.0,151.0,154.0,167.0,117.0,1000.5254902243614,1000.6196078658104,1000.6862745285034,1000.7372549176216,1000.7882353067398,1000.8352941274643,1000.8823529481888,1000.933333337307,1000.9843137264252,2001.0,186.4051513671875,193.9986572265625,198.72789306640624,202.3914794921875,205.5127716064453,208.325439453125,211.07382202148438,214.04969482421876,217.80877685546875,349.20751953125,227.89023,3.0,test_data/Useful/Validation/sharp sand at 1ft/20241020_165903.jpg,2827.0,338.0,26.063568317592637
34,3.24,5.48,14.439999999999998,21.92,26.200000000000003,31.439999999999998,36.68000000000001,40.92,43.16,45.0,47.64,49.879999999999995,51.0,53.0,56.0,59.0,60.0,61.0,63.0,64.0,67.0,67.0,68.0,70.0,71.0,72.24000000000001,73.48000000000002,76.0,76.0,79.0,80.44,82.0,82.0,83.0,83.0,84.63999999999999,86.0,87.0,88.36000000000001,90.0,91.0,92.0,94.0,95.0,96.0,96.04000000000002,97.27999999999997,98.0,98.0,99.0,100.0,100.48000000000002,101.0,102.0,104.0,105.0,105.67999999999995,107.0,108.0,109.0,110.0,111.0,112.0,112.0,113.0,114.0,114.0,115.0,116.0,116.0,117.0,118.27999999999997,119.0,120.0,121.0,122.0,123.0,124.0,124.0,126.0,127.0,128.0,130.0,131.15999999999997,132.39999999999998,133.0,134.0,135.12,136.36,138.0,139.84000000000003,141.0,142.0,143.0,144.0,147.0,151.0,152.51999999999998,154.76,160.0,83.0,1000.6352941393852,1000.6901960968971,1000.7254902124405,1000.7529411911964,1000.7764706015587,1000.7960784435272,1000.8156862854958,1000.839215695858,1000.8627451062202,2001.0,182.90977478027344,190.4634246826172,195.27711486816406,198.98399353027344,202.16055297851562,205.20611572265625,208.2674987792969,211.73889770507813,216.57044982910156,347.4158020019531,245.95366,3.0,test_data/Useful/Validation/sharp sand at 1ft/20241020_165904.jpg,1585.0,264.0,28.581407247453495
35,22.44,31.48,34.0,37.0,39.0,42.44,44.0,47.0,52.0,54.0,56.64,59.0,61.120000000000005,63.0,64.0,67.0,69.0,70.0,72.56,73.0,76.0,77.0,79.0,80.0,81.0,83.0,84.0,85.0,86.0,87.0,88.0,89.0,90.0,91.0,92.39999999999998,93.0,94.0,95.0,96.0,98.0,99.0,99.0,100.0,100.0,101.0,102.0,103.0,104.0,105.0,106.0,107.0,108.0,108.0,108.96000000000004,109.0,110.0,111.67999999999995,112.0,112.0,114.0,114.0,115.0,116.0,117.0,118.0,118.0,119.0,119.32000000000005,120.55999999999995,121.0,122.0,123.0,123.0,124.0,125.0,125.0,126.0,127.0,128.0,129.0,129.0,130.0,131.0,132.0,134.0,135.0,137.0,138.0,138.0,139.0,140.84000000000003,142.0,144.0,144.0,146.0,147.03999999999996,150.0,153.0,156.51999999999998,164.0,112.0,1000.5019608139992,1000.5882353186607,1000.6470588445663,1000.6901960968971,1000.7294117808342,1000.772549033165,1000.8156862854958,1000.8588235378265,1000.9137254953384,2000.945098042488,185.11282196044922,192.66844482421874,197.3473678588867,201.01417541503906,204.0577850341797,206.88536071777344,209.64117431640625,212.61968994140625,216.32412719726562,350.0201416015625,224.93896,3.0,test_data/Useful/Validation/sharp sand at 1ft/20241020_165905.jpg,2457.0,316.0,27.068326580056898
36,13.96,20.48,25.0,27.0,33.0,36.879999999999995,40.0,45.0,47.16,49.400000000000006,52.0,54.0,57.0,58.0,59.0,60.84,63.0,65.32,67.0,67.80000000000001,69.0,70.0,71.0,72.75999999999999,74.0,75.0,78.0,78.0,80.0,81.0,82.0,83.0,84.0,85.0,85.0,87.0,88.0,89.0,90.0,91.0,92.0,92.0,93.0,94.0,94.80000000000001,96.0,97.0,98.0,99.0,100.0,101.24000000000001,102.0,103.0,103.0,104.0,105.0,106.0,106.0,108.0,108.0,109.0,110.0,110.0,111.36000000000001,112.0,113.84000000000003,114.0,115.0,116.0,117.0,118.0,118.0,119.51999999999998,120.0,121.0,121.0,122.0,123.0,124.0,125.0,126.0,127.0,128.0,129.0,130.0,131.0,131.0,132.0,133.0,135.0,137.0,139.0,140.0,141.0,142.79999999999995,144.0,146.0,147.0,153.27999999999997,168.0,85.0,1000.5725490450859,1000.6431372761726,1000.6862745285034,1000.7215686440468,1000.7529411911964,1000.7843137383461,1000.8196078538895,1000.8627451062202,1000.9254902005196,2001.0,185.61786041259765,193.15341186523438,197.8045639038086,201.44777221679686,204.48524475097656,207.28013610839844,210.05010986328125,213.0091094970703,216.66212463378906,350.0500793457031,226.4636,3.0,test_data/Useful/Validation/sharp sand at 1ft/20241020_165906(0).jpg,2630.0,383.0,30.802221548167402
37,15.0,22.0,29.439999999999998,34.96,38.2,41.0,44.0,47.92,49.0,51.0,53.0,55.0,56.120000000000005,58.360000000000014,59.599999999999994,61.84,64.0,66.0,67.0,69.0,70.0,71.56,74.0,75.0,77.0,78.0,79.0,80.0,81.0,83.0,84.0,85.0,86.0,87.0,87.0,88.63999999999999,89.88,90.0,92.0,92.0,93.0,94.0,95.0,96.0,98.0,99.0,100.0,101.0,101.75999999999999,102.0,103.0,103.0,104.0,104.96000000000004,106.0,106.0,107.0,108.0,108.15999999999997,110.0,110.0,112.0,113.0,114.0,114.0,115.0,115.0,116.0,117.0,118.0,119.0,120.0,121.0,122.75999999999999,124.0,124.24000000000001,125.0,126.0,127.0,127.20000000000005,128.0,129.0,130.0,131.0,131.39999999999998,132.0,133.0,134.0,135.0,136.0,138.0,140.0,141.0,142.55999999999995,143.0,147.0,148.0,150.51999999999998,155.0,169.0,103.0,1000.4588235318661,1000.5411764979362,1000.5960784554482,1000.6470588445663,1000.6980392336845,1000.7490196228027,1000.8039215803146,1000.8627451062202,1000.933333337307,2001.0,185.8497772216797,193.4770050048828,198.19684753417968,201.77546081542968,204.83856201171875,207.6353302001953,210.451171875,213.42347717285156,217.20889282226562,349.08258056640625,227.57423,3.0,test_data/Useful/Validation/sharp sand at 1ft/20241020_170042.jpg,2677.0,361.0,28.294648633101556
38,1.2400000000000002,10.440000000000001,16.439999999999998,21.96,26.0,30.439999999999998,42.0,45.84,48.0,51.0,52.64,53.879999999999995,56.0,59.0,60.0,61.0,62.0,64.0,65.0,66.0,68.0,68.28,70.0,71.0,73.0,74.0,75.0,76.0,78.0,79.0,80.0,83.0,84.0,86.0,88.0,89.0,90.0,91.12,92.0,93.0,93.0,95.0,95.32,96.0,97.80000000000001,98.0,99.0,100.0,101.0,101.0,102.0,103.0,103.72000000000003,104.0,105.0,107.0,108.0,109.91999999999996,110.15999999999997,111.0,112.0,113.0,114.0,114.0,115.0,116.0,116.0,117.0,118.0,118.0,119.0,120.0,120.0,121.0,121.0,122.0,123.0,123.0,124.0,125.0,126.0,126.0,127.0,128.0,129.0,130.0,131.0,132.0,133.36,135.0,136.84000000000003,138.0,139.0,140.0,141.79999999999995,144.0,146.27999999999997,149.51999999999998,152.76,160.0,101.0,1000.4274509847164,1000.5019608139992,1000.5568627715111,1000.6078431606293,1000.6588235497475,1000.7176470756531,1000.7803921699524,1000.8470588326454,1000.9176470637321,2001.0,185.70263671875,193.26254272460938,197.98255157470703,201.61572875976563,204.6964111328125,207.56655883789062,210.3475341796875,213.3428955078125,217.2021484375,348.17352294921875,237.42813,3.0,test_data/Useful/Validation/sharp sand at 1ft/20241020_170043(0).jpg,2488.0,364.0,31.83901527994215
39,1.7200000000000006,14.48,17.72,26.0,28.200000000000003,33.0,39.0,40.92,45.16,48.400000000000006,53.0,57.0,58.0,60.0,61.599999999999994,63.0,65.0,66.0,68.0,69.0,70.0,71.0,72.0,74.0,75.0,76.24000000000001,78.0,79.0,80.0,81.0,82.0,82.0,83.0,84.0,85.39999999999998,86.63999999999999,87.0,89.0,90.0,91.0,91.83999999999997,92.0,93.32,94.0,95.0,97.0,97.27999999999997,99.0,100.0,100.0,101.0,101.0,102.0,103.0,104.20000000000005,106.0,107.0,108.0,108.0,109.0,110.0,111.0,112.0,112.0,113.0,113.0,114.0,115.0,116.0,117.0,118.0,119.0,120.0,121.0,122.0,123.0,123.0,124.0,125.0,125.20000000000005,126.0,127.0,128.0,129.0,129.39999999999998,130.0,131.88,133.0,134.36,135.60000000000002,136.0,137.0,138.0,140.55999999999995,142.0,144.0,146.0,147.51999999999998,150.76,164.0,101.0,1000.4313725531101,1000.5058823823929,1000.5647059082985,1000.6156862974167,1000.6666666865349,1000.7254902124405,1000.7882353067398,1000.8509804010391,1000.9254902005196,2001.0,185.89520263671875,193.48057250976564,198.1659194946289,201.77199096679686,204.89302825927734,207.69436340332032,210.4971160888672,213.56416015625,217.37530517578125,348.34686279296875,235.37355,3.0,test_data/Useful/Validation/sharp sand at 1ft/20241020_170043.jpg,2560.0,342.0,30.80863545506591
40,5.0,18.44,26.0,33.96,38.0,40.44,44.0,47.0,50.0,53.0,56.0,58.0,59.0,63.360000000000014,65.0,67.0,70.0,70.0,72.0,74.0,75.0,76.0,77.0,78.75999999999999,80.0,80.0,81.0,82.0,83.0,84.0,85.0,86.0,88.0,89.0,89.39999999999998,90.0,91.0,92.0,92.0,93.0,94.0,95.0,95.0,96.0,97.0,98.04000000000002,100.0,101.0,102.0,102.0,103.0,103.48000000000002,104.0,105.0,106.0,107.0,107.0,108.91999999999996,109.0,110.0,111.0,111.0,112.0,112.0,113.0,114.0,115.0,115.0,116.0,117.0,118.0,118.0,119.0,120.0,121.0,122.0,123.0,124.0,124.0,125.20000000000005,127.0,127.0,128.0,129.0,130.0,132.0,133.0,133.12,134.0,135.0,137.0,139.0,141.0,142.0,144.0,144.03999999999996,147.0,149.51999999999998,152.76,160.0,111.0,1000.419607847929,1000.4941176474094,1000.5529412031174,1000.6078431606293,1000.6588235497475,1000.7176470756531,1000.7803921699524,1000.8470588326454,1000.9176470637321,2001.0,185.6461395263672,193.17977905273438,197.92666625976562,201.58424377441406,204.673583984375,207.50435485839844,210.30972290039062,213.3468017578125,217.249755859375,347.74908447265625,238.37439,3.0,test_data/Useful/Validation/sharp sand at 1ft/20241020_170044.jpg,2362.0,349.0,27.219325794147146
41,3.7200000000000006,10.48,15.0,21.0,26.0,30.0,32.68000000000001,36.92,40.16,43.400000000000006,47.0,49.0,53.0,55.72000000000003,58.599999999999994,61.0,62.0,64.0,65.0,67.0,69.0,70.28,72.0,73.75999999999999,75.0,76.0,77.0,79.0,80.0,81.0,82.0,83.0,84.0,86.0,88.0,88.0,90.0,91.0,92.0,92.0,93.0,94.0,95.0,95.56,96.0,97.0,98.0,99.51999999999998,100.0,101.0,101.0,102.0,103.0,104.0,105.0,106.0,107.0,107.91999999999996,109.0,109.0,110.0,111.0,112.0,112.0,113.0,114.0,115.0,115.0,116.0,117.0,118.0,118.0,119.51999999999998,120.0,121.0,122.0,123.0,124.0,124.0,125.0,126.0,127.0,128.91999999999996,129.0,130.39999999999998,131.64,132.0,134.12,135.36,136.60000000000002,137.0,139.0,140.32000000000005,142.0,143.0,144.0,145.0,147.0,150.76,163.0,101.0,1000.4117647111416,1000.486274510622,1000.5490196347237,1000.6000000238419,1000.65098041296,1000.7098039388657,1000.772549033165,1000.8431372642517,1000.9176470637321,2001.0,185.53790283203125,193.08975219726562,197.78717041015625,201.43385314941406,204.56830596923828,207.42218627929688,210.24810485839842,213.26257934570313,217.13858032226562,347.95928955078125,237.25096,3.0,test_data/Useful/Validation/sharp sand at 1ft/20241020_170045.jpg,2464.0,340.0,28.303704656935768
42,8.0,17.96,22.72,25.96,30.0,31.0,38.0,42.0,45.16,48.400000000000006,51.64,53.879999999999995,58.0,59.0,60.599999999999994,62.0,63.08000000000001,64.32,66.0,67.0,69.03999999999999,70.28,72.0,72.75999999999999,74.0,75.0,75.48000000000002,77.0,78.0,80.0,81.0,82.0,83.0,85.0,86.0,87.0,87.0,88.12,90.0,90.0,91.0,92.0,93.0,94.56,95.0,96.0,96.0,97.0,98.0,99.0,100.24000000000001,102.0,102.0,103.0,104.0,104.0,105.0,105.91999999999996,106.0,107.0,108.0,109.0,110.0,111.0,112.0,112.84000000000003,113.0,113.0,115.0,116.0,117.0,117.0,119.0,119.0,121.0,121.0,122.0,123.0,124.0,125.0,126.0,126.67999999999995,128.0,129.0,131.0,133.0,134.0,134.12,135.0,136.0,137.0,139.0,141.0,142.0,144.5999999999999,145.03999999999996,150.0,153.51999999999998,157.0,161.0,117.0,1000.5019608139992,1000.5725490450859,1000.6274510025978,1000.6745098233223,1000.7215686440468,1000.7764706015587,1000.8352941274643,1000.8980392217636,1000.9647058844566,3001.0,186.55572509765625,193.99208984375,198.69400939941406,202.29675903320313,205.37876892089844,208.18300170898436,210.93030548095703,213.88921508789062,217.71648864746095,348.3245849609375,234.57047,3.0,test_data/Useful/Validation/sharp sand at 1ft/20241020_170046(0).jpg,2691.0,360.0,29.700017333931815
43,13.24,25.92,31.72,37.96,41.2,45.0,48.68000000000001,53.84,55.0,57.0,59.64,62.0,65.0,66.36000000000001,68.0,69.0,70.08000000000001,72.0,73.0,74.0,74.0,75.0,77.0,77.0,78.0,79.0,80.0,81.0,82.0,83.0,84.0,85.0,86.0,86.16000000000003,87.39999999999998,88.0,89.0,90.0,91.36000000000001,92.0,93.0,94.0,95.0,95.0,96.0,97.0,98.0,99.0,99.75999999999999,100.0,101.0,102.0,102.72000000000003,103.0,104.0,105.0,105.67999999999995,106.0,107.0,108.0,109.0,110.0,111.0,112.0,113.0,113.0,114.0,114.0,115.0,115.79999999999995,117.0,117.0,118.0,119.0,120.0,120.24000000000001,121.0,123.0,123.96000000000004,125.0,126.0,127.0,128.91999999999996,129.0,130.0,131.0,132.0,133.0,134.0,134.0,135.84000000000003,136.0,137.32000000000005,138.0,140.0,141.03999999999996,143.27999999999997,147.0,150.0,155.0,113.0,1000.4823529422283,1000.5568627715111,1000.611764729023,1000.6588235497475,1000.705882370472,1000.7607843279839,1000.8274509906769,1000.8980392217636,1000.972549021244,2001.0,186.14511108398438,193.73831176757812,198.39988708496094,202.03477478027344,205.15582275390625,207.95770263671875,210.7689208984375,213.7382354736328,217.53530883789062,348.2747802734375,235.11024,3.0,test_data/Useful/Validation/sharp sand at 1ft/20241020_170046.jpg,2650.0,375.0,28.924826098660883
44,8.96,19.400000000000002,26.0,28.96,36.0,39.0,41.0,45.0,46.0,49.0,51.0,54.879999999999995,58.0,59.0,61.0,63.0,64.08000000000001,66.32,67.56,68.0,70.0,71.0,72.0,74.0,76.0,77.0,78.0,79.0,80.0,81.0,82.0,83.0,84.92000000000002,85.16000000000003,86.0,87.0,88.0,90.12,92.0,93.0,93.0,94.0,95.0,96.0,96.80000000000001,97.04000000000002,99.0,100.0,101.0,101.0,102.0,102.48000000000002,103.0,104.0,105.0,105.0,106.67999999999995,107.0,108.0,109.0,109.63999999999999,110.0,111.0,111.0,112.0,113.0,114.0,115.0,115.0,116.0,117.0,118.0,119.0,120.0,121.0,122.0,123.0,123.72000000000003,124.96000000000004,126.0,127.0,128.0,129.91999999999996,130.0,131.39999999999998,132.0,133.0,134.0,135.0,136.0,137.0,139.0,141.0,142.0,144.79999999999995,147.03999999999996,150.0,151.0,154.0,165.0,102.0,1000.4745098054409,1000.5529412031174,1000.611764729023,1000.6627451181412,1000.7176470756531,1000.772549033165,1000.839215695858,1000.9098039269447,1000.9764705896378,3001.0,186.2242889404297,193.81982421875,198.612060546875,202.16525573730468,205.1978302001953,208.03614807128906,210.84365844726562,213.8409423828125,217.6202392578125,347.9647216796875,236.48752,3.0,test_data/Useful/Validation/sharp sand at 1ft/20241020_170047.jpg,2682.0,362.0,30.253670819360114
45,0.0,2.0,8.0,20.92,28.0,31.439999999999998,35.68000000000001,38.0,40.16,44.0,45.64,49.0,50.120000000000005,52.360000000000014,54.0,55.84,57.08000000000001,59.0,60.56,62.80000000000001,64.0,66.0,67.0,69.0,72.0,73.0,75.0,77.0,78.0,79.0,80.0,80.68,81.92000000000002,82.0,83.0,84.0,85.0,86.0,87.0,88.0,89.0,89.07999999999998,90.0,91.0,92.80000000000001,93.04000000000002,94.27999999999997,95.51999999999998,97.0,98.0,99.0,100.0,100.72000000000003,101.0,102.20000000000005,103.0,104.0,104.91999999999996,105.0,106.0,107.0,107.0,109.0,110.0,112.0,112.0,113.0,114.0,115.0,116.0,116.03999999999996,117.27999999999997,118.51999999999998,119.0,120.0,120.0,121.0,122.0,122.96000000000004,125.0,126.0,126.67999999999995,128.0,129.0,130.0,131.0,133.0,133.12,135.0,135.60000000000002,137.0,138.0,140.0,142.55999999999995,144.79999999999995,147.03999999999996,149.0,151.0,155.0,163.0,120.0,1000.5019608139992,1000.5764706134796,1000.6352941393852,1000.6862745285034,1000.7333333492279,1000.7882353067398,1000.8470588326454,1000.9137254953384,1000.9803921580315,2001.0,186.62784271240236,194.19382019042968,198.8626251220703,202.48609924316406,205.5450668334961,208.38194274902344,211.177001953125,214.163330078125,217.92404174804688,348.30377197265625,238.43082,3.0,test_data/Useful/Validation/sharp sand at 1ft/20241020_170048(0).jpg,2757.0,329.0,31.4816123447236
46,0.4800000000000004,6.48,12.439999999999998,19.0,24.200000000000003,29.0,33.68000000000001,36.92,38.47999999999999,43.80000000000001,47.64,48.879999999999995,50.0,52.0,54.599999999999994,57.0,58.08000000000001,60.0,61.56,64.0,65.0,66.0,67.52000000000001,68.0,70.0,71.24000000000001,73.0,74.72000000000003,75.95999999999998,78.19999999999999,79.44,80.0,81.92000000000002,83.16000000000003,85.0,87.0,87.88,88.12,89.0,90.0,91.0,92.0,94.0,95.0,96.0,97.04000000000002,99.0,100.0,101.0,102.0,102.0,103.0,103.0,104.0,105.20000000000005,106.0,107.0,107.0,108.0,109.0,110.0,111.0,112.12,113.0,114.0,115.0,116.0,116.32000000000005,117.0,118.0,118.0,119.0,119.0,120.0,121.0,121.24000000000001,122.0,123.72000000000003,125.0,126.0,127.0,128.0,129.0,130.15999999999997,132.0,133.0,134.0,135.0,136.0,136.0,138.0,139.0,140.0,142.0,144.0,147.0,148.0,150.51999999999998,154.51999999999998,161.0,107.0,1000.486274510622,1000.5647059082985,1000.6235294342041,1000.6705882549286,1000.7215686440468,1000.7764706015587,1000.839215695858,1000.9019607901573,1000.9686274528503,3000.7019608020782,186.35110778808593,193.81346130371094,198.58139038085938,202.18783569335938,205.27215576171875,208.1065216064453,210.8980712890625,213.94754028320312,217.80477905273438,347.7281494140625,237.56784,3.0,test_data/Useful/Validation/sharp sand at 1ft/20241020_170048.jpg,2570.0,339.0,30.135772488176123
47,7.24,14.48,19.72,24.96,30.0,34.0,37.0,39.84,42.16,46.400000000000006,48.0,49.0,51.120000000000005,53.0,56.599999999999994,58.84,60.0,61.0,63.0,65.80000000000001,68.0,69.28,71.0,72.75999999999999,74.0,76.0,77.0,78.72000000000003,80.0,81.0,82.0,83.0,83.0,84.0,85.0,86.0,87.0,89.0,90.0,91.0,91.83999999999997,92.0,93.0,94.0,95.0,96.0,97.0,98.0,99.0,100.0,100.24000000000001,102.48000000000002,103.0,104.0,105.20000000000005,106.0,107.0,107.91999999999996,108.0,109.0,110.0,110.0,112.0,112.0,113.0,113.0,114.0,114.32000000000005,115.0,116.0,117.0,117.0,118.0,119.75999999999999,120.0,121.0,121.48000000000002,122.0,123.0,124.0,124.44000000000005,126.0,127.0,127.0,128.0,128.0,130.0,131.12,133.0,134.0,135.0,138.0,139.32000000000005,141.0,142.0,143.0,146.0,149.0,151.0,162.0,113.0,1000.5137255191803,1000.5921568870544,1000.6470588445663,1000.6941176652908,1000.7411764860153,1000.7921568751335,1000.8470588326454,1000.9137254953384,1000.9803921580315,2001.0,186.75726318359375,194.21176147460938,198.92701721191406,202.52456665039062,205.61702728271484,208.43772583007814,211.16039428710937,214.10096740722656,217.7936569213867,348.7643737792969,236.25049,3.0,test_data/Useful/Validation/sharp sand at 1ft/20241020_170049.jpg,2829.0,364.0,32.98825372461936
48,5.48,12.48,20.159999999999997,24.0,29.0,32.44,35.68000000000001,40.0,42.16,45.0,47.0,49.0,51.0,54.0,56.0,58.0,60.0,63.0,64.0,65.80000000000001,67.0,69.0,71.0,72.0,73.0,74.0,76.0,78.0,79.0,81.0,82.0,82.0,83.0,84.16000000000003,86.0,87.0,88.0,90.0,90.0,91.0,92.0,93.0,94.0,94.0,95.0,96.0,97.0,98.0,99.0,99.0,100.24000000000001,101.48000000000002,102.0,102.0,103.0,103.0,104.0,104.0,105.0,106.0,107.0,108.0,109.0,109.36000000000001,110.0,110.0,111.08000000000004,112.32000000000005,113.0,114.0,116.0,116.0,117.51999999999998,119.0,120.0,120.0,121.0,122.0,123.0,124.0,125.0,126.0,127.0,128.0,129.39999999999998,130.0,132.0,133.0,134.0,135.0,136.0,137.0,138.0,138.55999999999995,141.0,145.0,147.0,149.0,151.0,163.0,102.0,1000.5019608139992,1000.5803921818733,1000.6392157077789,1000.6901960968971,1000.7372549176216,1000.7882353067398,1000.8470588326454,1000.9137254953384,1000.9843137264252,3001.0,186.6307373046875,194.2484161376953,198.96560821533203,202.53439331054688,205.62591552734375,208.40890502929688,211.18528747558594,214.13418579101562,217.934326171875,348.6600341796875,237.74405,3.0,test_data/Useful/Validation/sharp sand at 1ft/20241020_170050.jpg,2841.0,314.0,27.759273025670243
49,4.0,18.48,22.0,29.0,32.400000000000006,36.0,40.0,42.92,46.16,49.400000000000006,51.64,54.879999999999995,59.0,59.360000000000014,61.599999999999994,63.0,64.0,65.0,67.0,68.0,70.0,70.28,72.0,73.0,74.0,75.0,76.0,77.72000000000003,79.0,81.0,82.0,83.0,84.0,85.0,85.0,87.63999999999999,88.0,89.12,90.0,91.0,91.0,93.0,93.0,94.0,95.0,95.04000000000002,96.0,97.0,97.75999999999999,99.0,100.0,101.0,101.0,102.0,103.0,104.0,104.0,105.0,106.0,107.0,108.0,108.0,109.12,110.0,111.0,112.0,113.0,113.0,114.0,116.0,116.03999999999996,117.0,118.0,119.0,120.0,121.0,121.48000000000002,122.0,123.0,124.0,124.0,125.0,126.0,127.15999999999997,128.0,129.0,129.0,130.0,131.0,133.0,134.0,135.0,136.32000000000005,139.0,140.79999999999995,142.0,144.27999999999997,147.51999999999998,153.76,166.0,124.0,1000.5725490450859,1000.6431372761726,1000.6980392336845,1000.7411764860153,1000.7882353067398,1000.8352941274643,1000.8862745165825,1000.9411764740944,1000.9960784316063,3000.8313725590706,186.8363800048828,194.39964294433594,199.13339233398438,202.73033142089844,205.7490234375,208.6001770019531,211.325439453125,214.2644500732422,217.92019653320312,349.3055725097656,226.53374,3.0,test_data/Useful/Validation/sharp sand at 1ft/20241020_170051(0).jpg,2986.0,396.0,34.360608464796144
50,9.24,16.96,24.72,30.96,33.0,37.44,39.68000000000001,45.0,51.0,54.0,56.0,58.879999999999995,60.0,61.360000000000014,62.0,63.84,65.08000000000001,66.0,69.0,69.80000000000001,71.0,71.28,72.52000000000001,74.0,75.0,76.0,77.0,79.0,79.0,80.0,81.0,82.0,84.0,84.0,85.0,86.0,87.88,90.0,91.0,92.0,92.83999999999997,94.0,94.32,96.0,97.0,98.0,99.0,100.0,101.0,102.0,102.24000000000001,103.0,104.0,104.0,105.0,106.0,107.0,107.0,108.0,108.0,109.0,109.0,110.0,111.0,111.0,112.0,113.0,114.0,114.0,115.79999999999995,116.0,117.0,118.0,119.0,119.0,120.0,120.48000000000002,121.0,122.0,123.0,123.0,124.0,125.91999999999996,126.15999999999997,127.39999999999998,129.0,130.0,130.12,131.0,132.60000000000002,134.0,135.0,136.32000000000005,138.0,140.0,142.0,144.0,146.51999999999998,150.0,171.0,107.0,1000.5372549295425,1000.6156862974167,1000.6745098233223,1000.7254902124405,1000.7764706015587,1000.8313725590706,1000.8862745165825,1000.9490196108818,1001.0,3001.0,186.87347412109375,194.35772094726562,199.06017456054687,202.658935546875,205.7745819091797,208.56536865234375,211.3247528076172,214.29917907714844,217.96810913085938,349.1366271972656,228.44272,3.0,test_data/Useful/Validation/sharp sand at 1ft/20241020_170051.jpg,2977.0,376.0,27.134235800782925
51,10.920000000000002,25.0,30.72,35.0,37.400000000000006,42.0,44.68000000000001,47.0,51.16,54.400000000000006,56.0,57.879999999999995,60.0,61.0,63.599999999999994,65.0,66.0,67.0,68.0,70.0,71.03999999999999,72.0,73.0,74.0,75.0,76.0,76.48000000000002,78.0,79.0,80.0,81.0,81.0,82.0,83.16000000000003,85.0,87.0,88.0,89.0,90.0,91.0,92.0,93.0,94.0,94.0,95.80000000000001,97.0,98.0,98.0,98.0,99.0,100.0,101.0,102.0,103.0,104.0,105.0,107.0,107.0,108.0,108.0,109.0,110.0,111.0,112.0,112.0,113.84000000000003,115.0,116.0,117.0,117.0,119.0,119.27999999999997,120.51999999999998,121.0,122.0,123.0,123.0,124.0,125.0,126.0,126.44000000000005,127.0,128.91999999999996,129.15999999999997,131.0,131.0,133.0,134.0,135.0,136.0,137.0,138.0,139.0,141.55999999999995,142.0,144.07999999999993,148.0,150.0,155.51999999999998,163.0,98.0,1000.5607843399048,1000.6392157077789,1000.6941176652908,1000.7411764860153,1000.7882353067398,1000.8352941274643,1000.8862745165825,1000.9411764740944,1000.9960784316063,2001.0,186.96978759765625,194.4064178466797,199.0908203125,202.71231079101562,205.82305908203125,208.61367797851562,211.40516662597656,214.32070922851562,217.99322509765625,349.36669921875,225.55113,3.0,test_data/Useful/Validation/sharp sand at 1ft/20241020_170052.jpg,3036.0,398.0,34.552380563701306
52,17.0,24.0,30.0,35.0,37.0,40.44,43.0,45.0,47.0,49.0,52.64,54.0,55.0,58.0,59.0,61.0,62.0,63.0,64.0,66.0,68.0,70.0,70.52000000000001,72.0,73.0,74.24000000000001,77.0,78.0,79.95999999999998,81.0,82.0,82.68,84.0,84.16000000000003,86.0,87.0,88.0,89.0,90.0,91.60000000000002,92.83999999999997,93.0,94.0,94.0,95.0,96.0,97.0,97.0,98.0,98.0,99.0,99.0,100.72000000000003,102.0,103.0,104.0,105.0,105.91999999999996,107.0,108.0,109.0,110.0,111.0,112.0,113.0,113.0,114.0,114.32000000000005,115.0,116.0,116.0,117.0,117.51999999999998,118.0,119.0,120.0,120.0,121.0,121.96000000000004,122.20000000000005,124.0,125.0,126.0,127.0,128.39999999999998,129.0,130.0,132.0,133.36,135.0,136.0,137.0,138.32000000000005,139.0,140.0,143.0,145.0,148.03999999999996,150.0,162.0,99.0,1000.5294117927551,1000.6039215922356,1000.6588235497475,1000.705882370472,1000.7490196228027,1000.7960784435272,1000.8470588326454,1000.9019607901573,1000.9647058844566,3000.866666674614,186.27053680419922,193.7365264892578,198.49115600585938,202.1024627685547,205.17699432373047,208.00436096191407,210.73214569091797,213.68712463378907,217.3316192626953,349.5884704589844,224.0929,3.0,test_data/Useful/Validation/sharp sand at 1ft/20241020_170053(0).jpg,2888.0,373.0,32.32151958691034
53,15.0,18.0,22.439999999999998,27.96,32.0,35.31999999999999,40.0,43.0,45.0,47.0,49.64,51.0,52.120000000000005,54.0,54.599999999999994,58.0,59.08000000000001,61.0,62.56,64.0,65.0,66.0,67.0,69.0,70.0,72.0,73.0,74.0,75.0,77.0,78.0,79.0,81.0,81.16000000000003,82.0,83.0,83.88,85.0,86.0,87.0,87.83999999999997,89.0,90.0,90.0,91.80000000000001,92.0,93.0,94.0,94.75999999999999,97.0,97.24000000000001,98.48000000000002,99.0,100.0,101.20000000000005,102.0,103.0,103.0,104.0,104.39999999999998,105.0,106.0,107.0,108.0,109.0,109.84000000000003,110.0,111.32000000000005,112.0,113.0,114.0,115.0,116.0,117.0,117.0,118.0,119.0,120.0,122.0,123.0,124.0,124.67999999999995,126.0,127.0,129.0,129.0,130.0,131.0,132.36,133.0,135.0,137.0,138.32000000000005,139.55999999999995,141.79999999999995,143.0,146.0,148.0,151.0,162.0,103.0,1000.5568627715111,1000.6313725709915,1000.6901960968971,1000.7411764860153,1000.7882353067398,1000.839215695858,1000.8941176533699,1000.9490196108818,1001.0,2001.0,186.96774444580078,194.45259704589844,199.17648315429688,202.78700256347656,205.8750762939453,208.6567138671875,211.39682006835938,214.34390258789062,217.9712677001953,349.408447265625,222.10065,3.0,test_data/Useful/Validation/sharp sand at 1ft/20241020_170053.jpg,3236.0,410.0,34.621518346727996
54,22.240000000000002,28.0,34.72,39.96,44.2,47.0,49.0,52.0,55.16,57.400000000000006,58.64,60.0,62.120000000000005,64.0,65.0,66.0,67.0,68.0,70.0,71.0,72.0,73.28,75.0,76.0,78.0,79.0,80.48000000000002,82.0,82.0,83.19999999999999,85.0,86.0,86.92000000000002,88.0,88.39999999999998,89.0,89.88,91.0,91.0,92.0,93.0,93.0,94.0,95.0,96.0,96.04000000000002,97.0,98.0,99.0,99.0,100.24000000000001,102.0,102.0,103.0,104.0,105.0,106.0,106.0,108.0,108.0,109.0,110.0,110.0,111.0,112.0,112.0,113.0,113.0,114.0,114.0,116.0,116.0,117.0,118.0,119.0,120.0,121.0,122.0,123.0,124.0,124.44000000000005,125.0,126.0,127.0,128.0,129.0,130.0,131.0,132.0,134.0,134.0,136.0,137.0,138.0,140.0,142.0,144.0,145.0,150.76,160.0,112.0,1000.5294117927551,1000.6078431606293,1000.6666666865349,1000.7176470756531,1000.7647058963776,1000.8156862854958,1000.8627451062202,1000.9176470637321,1000.9803921580315,3000.7529411911964,186.40211486816406,193.92938232421875,198.623779296875,202.2287628173828,205.28054809570312,208.0418731689453,210.86000518798826,213.82407836914064,217.4715576171875,349.5926208496094,219.81522,3.0,test_data/Useful/Validation/sharp sand at 1ft/20241020_170054.jpg,2894.0,399.0,34.235366854431106
55,8.24,18.48,24.72,28.0,31.200000000000003,34.0,36.0,38.0,42.0,44.0,46.0,47.0,49.0,53.360000000000014,54.599999999999994,56.84,58.0,59.0,61.0,62.0,65.0,66.28,68.0,70.75999999999999,72.0,73.0,74.0,75.0,77.0,77.0,78.44,80.0,80.92000000000002,81.16000000000003,82.39999999999998,83.63999999999999,84.0,85.0,86.0,86.60000000000002,87.0,89.0,90.0,91.0,91.0,93.0,93.0,93.51999999999998,94.0,95.0,96.0,97.0,97.0,98.0,99.0,99.0,100.0,100.0,101.0,102.0,102.0,103.0,104.0,105.0,105.0,106.0,108.0,109.32000000000005,110.0,110.79999999999995,112.0,113.0,113.0,115.0,116.0,117.0,117.0,118.0,118.96000000000004,120.0,120.0,121.0,122.0,124.0,124.39999999999998,125.0,126.0,127.0,128.36,130.0,131.0,133.0,134.0,135.0,136.79999999999995,140.0,143.0,148.03999999999996,153.0,159.0,102.0,1000.5372549295425,1000.6156862974167,1000.6745098233223,1000.7215686440468,1000.772549033165,1000.8196078538895,1000.8705882430077,1000.9254902005196,1000.9843137264252,3001.0,186.54624938964844,194.0082763671875,198.6498596191406,202.2388916015625,205.26185607910156,208.06358337402344,210.85235595703125,213.78475952148438,217.4912109375,349.55950927734375,223.45346,3.0,test_data/Useful/Validation/sharp sand at 1ft/20241020_170055.jpg,3063.0,382.0,34.96621998968093
56,13.0,18.48,24.72,33.96,37.0,38.0,41.0,42.92,44.31999999999999,48.0,49.0,51.0,54.120000000000005,56.0,57.599999999999994,60.0,62.0,63.0,65.0,66.0,68.0,70.0,71.0,72.0,73.0,74.0,75.48000000000002,77.0,79.95999999999998,80.19999999999999,81.0,82.0,83.0,85.0,86.0,86.0,87.0,88.0,89.0,90.0,91.0,91.0,93.0,94.0,95.0,96.0,97.0,97.51999999999998,98.0,99.0,99.0,100.0,100.0,101.0,102.0,103.0,104.0,104.0,106.0,107.0,107.0,108.0,109.0,109.36000000000001,110.0,111.0,111.0,112.0,113.0,114.0,115.0,116.0,117.0,118.0,119.0,119.24000000000001,120.0,120.72000000000003,121.0,123.0,123.44000000000005,124.0,125.0,126.0,127.0,127.63999999999999,129.88,131.12,134.0,135.0,136.0,137.0,138.0,138.0,139.0,142.0,146.0,147.0,150.76,159.0,111.0,1000.5294117927551,1000.6039215922356,1000.6627451181412,1000.7098039388657,1000.7568627595901,1000.8039215803146,1000.8509804010391,1000.905882358551,1000.9686274528503,2001.0,186.525309753418,193.90309143066406,198.6212188720703,202.21990966796875,205.32085418701172,208.1630859375,210.92271423339844,213.86182861328126,217.58766174316406,349.34869384765625,225.21649,3.0,test_data/Useful/Validation/sharp sand at 1ft/20241020_170056(0).jpg,3077.0,418.0,25.960370751849766
57,22.48,29.0,34.72,40.92,44.0,45.44,47.68000000000001,50.0,54.16,57.0,58.64,59.0,62.120000000000005,64.0,65.0,66.0,68.0,69.0,70.0,71.0,72.0,73.0,74.0,76.0,78.0,79.0,80.0,81.0,82.0,82.0,83.0,84.0,85.0,86.0,87.0,87.63999999999999,88.0,89.12,90.36000000000001,91.0,92.0,93.0,94.0,94.0,95.0,95.04000000000002,96.0,97.0,98.75999999999999,100.0,101.0,102.0,102.0,103.0,104.0,105.0,106.0,106.0,107.0,108.0,109.0,109.0,110.0,111.0,111.0,112.0,113.0,114.0,115.0,115.0,116.0,117.0,118.0,120.0,121.0,122.0,123.0,124.0,125.0,126.0,127.0,127.0,128.0,129.0,130.0,132.0,133.0,133.12,135.0,136.0,137.0,138.0,140.0,141.0,142.0,144.03999999999996,146.0,148.51999999999998,151.76,158.0,115.0,1000.5647059082985,1000.6470588445663,1000.7019608020782,1000.7411764860153,1000.7803921699524,1000.8156862854958,1000.8588235378265,1000.905882358551,1000.9686274528503,3001.0,185.8865966796875,193.43504333496094,198.1162109375,201.73629760742188,204.78265380859375,207.58212280273438,210.34780883789062,213.255126953125,216.83738708496094,349.9674987792969,221.85599,3.0,test_data/Useful/Validation/sharp sand at 1ft/20241020_170131.jpg,2621.0,358.0,26.339648285625213
58,1.7200000000000006,13.48,20.0,24.0,28.400000000000006,33.0,40.360000000000014,45.760000000000005,47.0,49.0,51.0,52.0,53.0,55.0,55.0,57.0,58.0,60.0,60.0,61.0,64.03999999999999,67.0,68.0,69.0,70.0,71.0,72.0,73.0,74.0,75.0,76.0,77.0,78.0,79.0,80.39999999999998,81.63999999999999,83.0,84.12,86.0,87.0,88.83999999999997,89.0,90.0,91.0,91.0,93.0,93.0,94.0,95.0,95.0,95.24000000000001,96.0,97.0,98.0,99.20000000000005,100.0,101.67999999999995,102.91999999999996,103.0,104.0,105.0,106.0,108.0,109.0,109.60000000000002,110.84000000000003,112.0,112.0,114.0,115.0,116.0,116.27999999999997,117.51999999999998,119.0,120.0,120.0,122.0,122.0,123.0,124.20000000000005,125.0,126.0,127.0,128.0,129.0,129.64,131.0,132.12,133.36,135.0,136.0,138.0,139.0,141.0,142.0,144.0,146.0,148.0,153.03999999999996,172.0,95.0,1000.5058823823929,1000.5921568870544,1000.65098041296,1000.6980392336845,1000.7333333492279,1000.7764706015587,1000.8156862854958,1000.866666674614,1000.9294117689133,2000.3450980484486,185.61032257080078,193.11773376464845,197.8941665649414,201.53648376464844,204.59524536132812,207.384765625,210.15594482421875,213.12686157226562,216.82623291015625,349.71026611328125,228.9807,3.0,test_data/Useful/Validation/sharp sand at 1ft/20241020_170132(0).jpg,2571.0,349.0,27.660685635572978
59,11.24,17.48,23.0,28.92,33.2,40.0,44.0,46.92,50.0,51.0,55.0,57.0,59.0,60.0,61.0,62.84,65.0,67.0,69.0,69.0,71.0,72.0,72.0,73.75999999999999,75.0,76.0,77.0,78.0,79.95999999999998,82.0,84.0,85.0,86.0,87.0,88.0,89.0,90.0,91.0,92.0,93.0,94.0,94.0,95.0,96.0,96.80000000000001,98.0,98.0,99.0,99.0,100.0,101.0,102.0,103.0,104.0,104.0,105.0,106.0,107.0,108.0,108.0,109.0,110.0,111.0,112.0,113.0,114.0,115.0,116.0,116.0,117.0,118.0,119.0,120.0,121.0,122.0,123.0,124.0,125.0,125.0,127.0,127.0,128.0,128.0,129.15999999999997,130.0,131.0,133.0,134.0,135.0,136.0,138.0,139.0,141.32000000000005,143.0,144.0,146.0,147.0,149.0,151.76,162.0,94.0,1000.5294117927551,1000.6156862974167,1000.6745098233223,1000.7215686440468,1000.7686274647713,1000.8078431487083,1000.8509804010391,1000.9019607901573,1000.9647058844566,2000.9960784316063,186.08853912353516,193.6557861328125,198.3139389038086,201.95327453613282,205.0435333251953,207.78793334960938,210.5276336669922,213.45913696289062,217.1176300048828,349.6615905761719,224.7019,3.0,test_data/Useful/Validation/sharp sand at 1ft/20241020_170132.jpg,2622.0,342.0,33.81535222910318
60,1.2400000000000002,9.96,16.72,25.0,27.400000000000006,33.0,36.0,40.0,43.0,45.0,48.0,50.0,52.0,53.0,54.0,56.84,59.08000000000001,61.0,62.0,63.0,64.0,65.0,67.0,68.0,69.0,70.0,71.0,72.0,73.0,74.0,75.0,77.0,78.92000000000002,80.0,80.39999999999998,82.0,82.0,84.0,84.0,85.0,86.0,88.0,89.32,90.0,91.0,92.04000000000002,93.0,94.0,95.0,96.0,97.0,98.0,99.0,99.96000000000004,101.0,102.0,103.0,103.0,104.0,105.0,105.0,106.0,107.0,108.0,109.0,110.0,111.0,112.32000000000005,113.0,114.0,115.0,116.0,117.0,118.0,118.0,120.0,121.0,122.0,122.0,123.0,123.0,124.0,125.0,125.15999999999997,126.0,128.0,128.88,131.0,131.0,133.0,135.0,136.08000000000004,138.0,139.0,141.0,143.03999999999996,145.27999999999997,149.0,154.0,158.0,122.0,1000.4980392158031,1000.5803921818733,1000.6313725709915,1000.6705882549286,1000.705882370472,1000.7372549176216,1000.7764706015587,1000.8274509906769,1000.8941176533699,2000.9960784316063,185.06942749023438,192.53598022460938,197.25552368164062,200.86870422363282,203.93944549560547,206.7473114013672,209.53631286621092,212.49876708984374,216.13785400390626,349.95147705078125,229.48601,3.0,test_data/Useful/Validation/sharp sand at 1ft/20241020_170133.jpg,2439.0,358.0,38.07798893563617
61,15.0,21.48,29.0,31.96,36.2,39.44,42.0,44.92,46.16,47.400000000000006,49.64,52.0,54.0,56.0,57.0,58.0,61.0,62.0,64.0,66.0,67.0,69.0,70.0,72.0,74.0,75.0,77.48000000000002,79.72000000000003,81.0,82.0,83.0,84.0,85.0,86.0,86.39999999999998,87.0,87.0,88.0,89.0,90.0,90.83999999999997,91.0,92.0,94.0,95.80000000000001,97.0,98.0,99.0,99.0,100.0,101.0,101.48000000000002,102.72000000000003,103.96000000000004,104.0,105.0,106.0,107.0,108.0,108.0,109.0,110.0,111.0,112.0,112.0,113.0,114.0,115.0,115.55999999999995,116.79999999999995,118.0,119.0,120.0,120.0,121.0,122.0,123.0,124.0,124.0,125.0,126.0,127.0,128.0,129.0,130.39999999999998,132.0,133.0,134.0,134.0,136.60000000000002,138.0,139.0,140.0,141.0,142.0,144.0,145.27999999999997,148.0,151.51999999999998,163.0,87.0,1000.4823529422283,1000.5607843399048,1000.611764729023,1000.65098041296,1000.6862745285034,1000.7176470756531,1000.7529411911964,1000.8000000119209,1000.866666674614,2000.9490196108818,184.60820465087892,192.1385955810547,196.79012756347657,200.43256225585938,203.49859619140625,206.30386352539062,209.05052185058594,211.99227905273438,215.71343994140625,350.1492004394531,225.0643,3.0,test_data/Useful/Validation/sharp sand at 1ft/20241020_170134.jpg,2302.0,323.0,28.326102305868055
62,15.24,19.96,28.72,33.96,37.2,41.0,43.0,46.0,47.0,49.0,50.64,51.879999999999995,54.0,56.0,57.599999999999994,59.84,61.0,62.31999999999999,65.0,67.0,69.0,70.0,71.0,72.0,73.0,75.0,76.48000000000002,77.0,79.0,79.19999999999999,81.0,82.0,83.0,85.0,87.0,87.0,88.88,90.0,91.0,92.0,92.0,93.0,93.32,95.0,95.0,96.0,96.0,97.51999999999998,98.0,99.0,99.24000000000001,101.0,102.0,103.0,104.0,104.0,105.0,106.0,107.0,108.0,108.63999999999999,110.0,110.12,112.0,113.0,114.0,114.08000000000004,116.0,116.0,117.0,117.0,118.0,119.0,119.0,120.0,120.24000000000001,121.48000000000002,122.0,123.0,125.0,125.0,126.0,127.0,128.0,129.0,130.0,131.0,132.0,133.0,134.0,136.0,137.08000000000004,138.0,140.1199999999999,142.79999999999995,145.03999999999996,147.0,151.03999999999996,154.76,169.0,119.0,1000.5372549295425,1000.6156862974167,1000.6666666865349,1000.705882370472,1000.7372549176216,1000.772549033165,1000.811764717102,1000.8588235378265,1000.9254902005196,2000.9960784316063,185.66739654541016,193.16226501464843,197.8598175048828,201.49322509765625,204.55657958984375,207.34881591796875,210.11455078125,213.06966857910157,216.74132843017577,350.02081298828125,227.19522,3.0,test_data/Useful/Validation/sharp sand at 1ft/20241020_170135.jpg,2653.0,358.0,27.100114691808326
63,4.24,13.48,18.72,22.0,29.400000000000006,32.879999999999995,37.0,40.92,43.0,45.400000000000006,48.64,50.0,51.0,53.360000000000014,55.0,57.0,59.08000000000001,62.0,63.0,63.80000000000001,66.0,66.0,67.0,69.75999999999999,70.0,72.0,72.48000000000002,73.72000000000003,75.0,76.0,76.44,78.0,79.0,82.0,82.0,83.0,84.88,85.12,87.0,88.0,89.0,91.0,92.0,92.0,93.0,93.0,93.0,95.0,96.0,97.0,98.0,99.0,100.0,100.96000000000004,101.20000000000005,103.0,104.0,104.91999999999996,106.0,107.0,108.0,108.0,109.0,109.0,110.0,110.0,111.08000000000004,112.0,113.0,115.0,115.03999999999996,116.0,117.0,118.0,119.0,120.0,121.0,121.0,122.0,123.0,124.0,125.0,126.0,127.0,128.0,128.0,129.0,129.12,131.0,132.0,133.84000000000003,135.0,138.0,141.0,143.0,144.03999999999996,147.0,151.51999999999998,154.76,163.0,93.0,1000.5411764979362,1000.6196078658104,1000.6705882549286,1000.7098039388657,1000.7411764860153,1000.7764706015587,1000.8156862854958,1000.8705882430077,1000.9372549057007,2001.0,185.7911376953125,193.17083740234375,197.88815460205078,201.4344055175781,204.52320098876953,207.32894897460938,210.0704345703125,213.00225830078125,216.67808532714844,349.87945556640625,230.5468,3.0,test_data/Useful/Validation/sharp sand at 1ft/20241020_170136.jpg,2580.0,361.0,27.081380445248545
64,11.72,22.48,30.439999999999998,34.0,40.0,42.0,44.0,45.0,49.16,50.400000000000006,53.0,54.0,56.120000000000005,58.0,61.0,62.0,63.0,65.0,66.56,68.0,70.03999999999999,72.0,73.0,75.0,76.0,78.0,80.0,80.72000000000003,82.0,83.0,84.0,84.0,85.0,86.0,87.0,87.0,89.0,90.0,91.0,91.0,92.0,93.0,93.32,94.56,95.0,96.0,97.0,98.0,99.0,99.0,100.0,101.0,101.72000000000003,102.96000000000004,103.0,104.0,104.67999999999995,105.0,106.0,107.0,107.0,108.0,108.0,109.0,110.0,111.0,113.0,113.0,114.0,115.0,116.0,117.0,117.0,118.0,119.0,120.0,120.48000000000002,121.0,122.0,124.0,125.0,126.0,127.0,128.15999999999997,130.0,131.0,132.0,133.0,133.0,134.60000000000002,135.0,136.08000000000004,138.0,139.55999999999995,142.0,144.0,146.0,148.0,152.51999999999998,168.0,120.0,1000.5490196347237,1000.6313725709915,1000.6862745285034,1000.7294117808342,1000.7686274647713,1000.811764717102,1000.8549019694328,1000.9098039269447,1000.9764705896378,2001.0,185.97266845703126,193.47217712402343,198.2399169921875,201.84975891113282,204.90877532958984,207.71433715820314,210.4642105102539,213.39862670898438,217.0106155395508,349.81866455078125,227.18996,3.0,test_data/Useful/Validation/sharp sand at 1ft/20241020_170137(0).jpg,2710.0,351.0,29.893765710750937
65,0.0,3.0,9.159999999999997,15.96,26.80000000000001,33.44,37.0,41.0,43.16,45.400000000000006,50.0,51.879999999999995,54.0,55.0,57.0,58.84,60.0,61.31999999999999,63.0,64.0,66.03999999999999,68.0,69.0,70.0,72.0,73.0,74.0,75.72000000000003,77.0,78.0,80.0,81.0,82.92000000000002,83.16000000000003,84.0,86.63999999999999,87.0,88.0,88.0,89.0,90.0,91.0,92.0,93.0,93.0,94.0,94.0,95.0,96.0,97.0,97.0,98.0,99.0,100.0,100.20000000000005,101.0,102.0,103.0,104.0,105.0,105.0,106.88,107.0,108.0,108.0,109.0,110.0,110.32000000000005,111.0,112.0,113.0,114.0,115.0,115.75999999999999,116.0,117.0,118.0,119.0,119.0,120.0,121.0,122.0,123.0,124.15999999999997,127.0,127.63999999999999,128.0,129.0,131.0,132.0,134.0,136.0,137.0,138.0,138.79999999999995,140.03999999999996,143.0,146.51999999999998,149.0,156.0,94.0,1000.5568627715111,1000.6392157077789,1000.6862745285034,1000.7215686440468,1000.7568627595901,1000.7921568751335,1000.8352941274643,1000.8862745165825,1000.9529411792755,2001.0,185.99832153320312,193.35195922851562,198.06060791015625,201.6864013671875,204.7461700439453,207.5693359375,210.306640625,213.221923828125,216.78297424316406,349.9076843261719,227.87106,3.0,test_data/Useful/Validation/sharp sand at 1ft/20241020_170137.jpg,2787.0,403.0,30.964612522406018
66,8.72,14.96,23.0,25.96,29.200000000000003,32.0,37.0,39.0,41.0,43.400000000000006,45.64,48.0,51.120000000000005,53.0,53.0,54.84,56.0,57.31999999999999,61.0,62.0,64.0,66.0,67.0,69.0,71.0,73.0,74.48000000000002,76.0,77.0,79.0,80.0,81.0,82.92000000000002,84.0,84.39999999999998,86.0,86.88,88.0,89.0,90.0,90.83999999999997,91.0,92.0,93.0,94.0,95.0,96.27999999999997,97.0,98.0,98.0,99.0,100.0,101.0,101.0,102.0,102.44000000000005,104.0,105.0,106.0,106.0,108.0,109.0,110.0,110.0,111.0,111.0,113.0,114.0,114.0,115.0,116.03999999999996,117.0,117.51999999999998,118.0,119.0,120.0,121.0,122.0,123.0,124.0,125.0,126.0,126.91999999999996,128.0,130.0,130.64,131.0,133.0,134.0,134.60000000000002,135.0,137.0,138.0,138.55999999999995,139.79999999999995,142.0,143.27999999999997,146.51999999999998,149.76,157.0,110.0,1000.5372549295425,1000.6196078658104,1000.6745098233223,1000.7215686440468,1000.7647058963776,1000.811764717102,1000.8588235378265,1000.9137254953384,1000.9803921580315,2001.0,186.1175079345703,193.54727478027345,198.24281311035156,201.84533081054687,204.90306091308594,207.7011260986328,210.45081787109376,213.3756530761719,217.00106811523438,349.88751220703125,218.98466,3.0,test_data/Useful/Validation/sharp sand at 1ft/20241020_170139.jpg,2877.0,381.0,29.437885339188604
67,7.24,17.48,21.72,28.96,31.200000000000003,35.0,36.68000000000001,40.0,44.0,47.400000000000006,50.0,52.0,53.120000000000005,56.360000000000014,58.0,60.0,61.08000000000001,63.0,65.0,66.0,67.0,68.28,70.0,71.75999999999999,73.0,74.0,76.0,77.72000000000003,78.0,79.0,80.0,80.68,81.0,82.0,83.0,84.0,85.0,86.0,87.0,87.0,88.0,89.0,89.32,90.0,91.0,92.0,92.0,93.0,94.0,95.0,95.0,96.48000000000002,98.0,99.0,100.0,101.0,102.0,103.0,103.0,104.0,104.63999999999999,105.0,105.12,106.0,107.0,108.0,109.0,110.0,111.0,111.79999999999995,114.0,114.0,115.0,116.0,116.0,117.0,118.0,119.0,120.0,121.0,121.44000000000005,122.0,123.0,124.0,125.0,126.0,127.0,129.0,131.0,133.0,134.0,135.0,136.0,138.0,139.79999999999995,141.03999999999996,143.0,145.0,148.0,166.0,103.0,1000.5686274766922,1000.6470588445663,1000.7019608020782,1000.7490196228027,1000.7882353067398,1000.8313725590706,1000.8784313797951,1000.9294117689133,1000.9921568632126,2001.0,186.0558120727539,193.6253204345703,198.2779800415039,201.8925567626953,204.9324493408203,207.7727478027344,210.51316833496094,213.46530151367188,217.111572265625,350.0853271484375,216.59157,3.0,test_data/Useful/Validation/sharp sand at 1ft/20241020_170140(0).jpg,2981.0,399.0,28.24640207678517
68,11.0,24.48,30.0,35.0,38.2,41.879999999999995,45.0,48.0,50.0,51.400000000000006,53.64,55.0,57.0,58.0,59.599999999999994,61.0,62.0,64.0,66.0,66.80000000000001,68.0,68.28,69.52000000000001,71.0,73.0,74.0,76.0,78.0,80.0,81.0,82.0,82.0,83.0,83.0,84.0,85.0,86.0,87.12,89.0,89.60000000000002,90.0,91.0,92.0,92.0,94.0,94.0,95.0,95.0,96.0,97.0,97.0,98.0,98.0,99.96000000000004,100.20000000000005,101.0,102.0,103.0,104.0,104.0,105.0,106.0,107.0,108.0,108.60000000000002,109.0,110.0,111.0,111.0,112.0,113.0,114.0,114.51999999999998,115.75999999999999,116.0,118.0,119.0,120.0,121.0,121.0,122.0,123.0,123.91999999999996,124.31999999999994,127.0,128.0,129.0,130.0,131.0,133.0,134.0,135.08000000000004,137.0,139.0,140.0,142.0,143.27999999999997,146.51999999999998,148.76,167.0,94.0,1000.5568627715111,1000.6392157077789,1000.6941176652908,1000.7411764860153,1000.7843137383461,1000.8274509906769,1000.8745098114014,1000.9294117689133,1000.9882352948189,2001.0,186.19976806640625,193.77288818359375,198.43244171142578,202.0124725341797,205.04452514648438,207.8215789794922,210.5583953857422,213.5091552734375,217.10435485839844,350.00982666015625,217.3419,3.0,test_data/Useful/Validation/sharp sand at 1ft/20241020_170140.jpg,3020.0,399.0,31.690064512545433
69,11.72,22.0,26.0,34.0,36.2,40.44,43.68000000000001,46.92,50.0,51.400000000000006,54.0,55.879999999999995,57.0,59.0,60.0,62.0,63.08000000000001,64.32,65.56,67.0,68.0,69.0,70.0,71.0,72.0,73.0,74.0,75.0,77.0,78.0,80.0,81.0,82.0,83.0,83.0,84.0,85.0,86.0,87.36000000000001,88.0,89.0,90.0,91.0,92.0,92.0,93.0,93.27999999999997,94.51999999999998,95.75999999999999,97.0,98.0,99.0,99.0,100.0,101.0,102.0,103.0,104.0,105.0,107.0,108.0,109.0,110.0,111.0,111.0,112.0,113.0,113.0,114.0,115.0,116.0,116.0,117.0,118.0,118.0,119.0,121.0,122.0,122.96000000000004,124.0,125.0,126.0,127.0,128.0,129.0,129.0,130.0,131.0,132.36,133.60000000000002,134.84000000000003,136.08000000000004,138.32000000000005,139.55999999999995,142.79999999999995,145.0,147.0,149.51999999999998,152.0,163.0,92.0,1000.517647087574,1000.6000000238419,1000.6588235497475,1000.705882370472,1000.7490196228027,1000.7921568751335,1000.839215695858,1000.8941176533699,1000.9568627476692,2001.0,185.7882522583008,193.23093872070314,197.96493072509764,201.55877380371095,204.6165771484375,207.41596374511718,210.15560913085938,213.08303833007812,216.74325561523438,349.8976135253906,218.5679,3.0,test_data/Useful/Validation/sharp sand at 1ft/20241020_170141.jpg,2804.0,371.0,31.649228359250888
70,24.48,29.48,37.0,40.0,44.2,49.0,51.68000000000001,54.92,56.16,58.0,59.0,61.0,63.0,65.0,67.0,68.0,70.0,71.0,72.0,73.0,75.0,76.0,76.52000000000001,78.0,79.0,80.0,82.0,82.0,82.95999999999998,83.0,84.0,85.0,85.0,86.16000000000003,88.0,88.0,89.0,90.0,92.0,92.0,94.0,95.0,96.0,96.56,97.0,98.0,98.0,99.0,100.0,100.0,101.24000000000001,102.0,103.0,103.96000000000004,104.0,105.0,105.67999999999995,107.0,108.0,108.0,109.63999999999999,110.0,111.0,112.0,113.0,114.0,115.0,116.0,117.0,117.0,118.0,119.0,120.0,121.0,122.0,123.0,123.0,124.0,125.0,127.0,127.0,129.0,130.0,131.0,131.0,132.0,132.0,134.0,134.0,135.60000000000002,137.0,139.0,139.32000000000005,141.0,142.0,145.0,146.0,147.51999999999998,151.76,161.0,82.0,1000.5294117927551,1000.6156862974167,1000.6705882549286,1000.7176470756531,1000.7607843279839,1000.8000000119209,1000.8431372642517,1000.8941176533699,1000.9568627476692,2001.0,185.84588623046875,193.3727264404297,198.03651428222656,201.60850524902344,204.68397521972656,207.52926635742188,210.24205322265624,213.17990417480468,216.846598815918,349.9000549316406,230.03336,3.0,test_data/Useful/Validation/sharp sand at 1ft/20241020_170143.jpg,2644.0,394.0,27.29560787413702
71,11.48,23.48,29.439999999999998,33.96,37.2,40.0,43.0,46.0,49.16,54.0,56.0,59.879999999999995,62.0,63.360000000000014,65.6,67.0,69.0,71.0,71.0,73.0,74.0,74.28,76.0,77.0,78.0,79.0,80.0,81.72000000000003,83.0,85.0,86.0,87.0,88.0,89.0,90.0,91.63999999999999,92.0,94.0,94.0,95.0,96.0,97.0,97.0,99.0,99.80000000000001,100.0,101.0,102.0,103.0,104.0,105.0,106.0,107.0,108.0,109.0,109.0,110.0,110.0,111.0,112.0,113.0,114.0,115.0,116.0,116.0,117.0,117.08000000000004,118.0,119.0,119.79999999999995,120.03999999999996,121.27999999999997,122.0,122.75999999999999,123.0,124.0,125.0,125.0,126.0,127.0,129.0,129.67999999999995,130.0,130.15999999999997,132.39999999999998,134.0,135.0,136.0,137.36,138.0,139.0,140.0,141.0,144.0,145.79999999999995,148.0,149.27999999999997,152.0,157.76,168.0,110.0,1000.4745098054409,1000.5647059082985,1000.6235294342041,1000.6666666865349,1000.705882370472,1000.745098054409,1000.7843137383461,1000.8274509906769,1000.8823529481888,2000.9960784316063,184.89065551757812,192.39341735839844,197.1355438232422,200.7071075439453,203.80581665039062,206.63107299804688,209.4027084350586,212.37555236816408,216.12608337402344,349.9195556640625,223.35977,3.0,test_data/Useful/Validation/sharp sand at 1ft/20241020_170144(0).jpg,2319.0,333.0,27.580386698671287
72,20.0,24.48,31.439999999999998,35.96,43.0,46.0,47.68000000000001,51.0,54.16,57.400000000000006,59.0,61.0,62.0,63.0,64.6,66.84,68.08000000000001,71.0,72.0,73.0,74.0,74.28,76.0,77.0,78.0,80.0,81.0,82.0,84.0,85.0,86.0,87.0,89.0,90.0,91.0,91.0,92.88,93.12,94.36000000000001,95.0,96.0,97.0,98.0,99.0,100.80000000000001,102.0,103.0,104.0,105.0,105.0,106.24000000000001,107.0,108.0,109.0,109.20000000000005,110.0,111.0,111.0,112.0,113.0,113.63999999999999,114.0,115.0,115.36000000000001,116.0,116.84000000000003,117.08000000000004,118.0,119.0,119.0,120.0,121.0,122.0,122.0,123.0,123.0,125.0,125.0,126.0,127.0,128.0,129.0,130.91999999999996,131.0,132.0,133.0,134.0,135.0,136.36,138.0,138.0,139.0,140.32000000000005,142.0,144.0,148.0,150.0,152.51999999999998,159.0,175.0,122.0,1000.486274510622,1000.5764706134796,1000.6392157077789,1000.6862745285034,1000.7294117808342,1000.7686274647713,1000.811764717102,1000.8588235378265,1000.9176470637321,2001.0,185.45162963867188,193.04782104492188,197.75779724121094,201.35308837890625,204.41433715820312,207.21636962890625,209.95687866210938,212.8762969970703,216.54226684570312,349.76007080078125,226.70203,3.0,test_data/Useful/Validation/sharp sand at 1ft/20241020_170144.jpg,2512.0,386.0,32.299368227743926
73,7.24,19.92,26.72,35.0,40.0,42.44,44.68000000000001,47.0,49.16,51.0,53.64,55.879999999999995,58.24000000000001,62.0,63.0,65.0,66.0,67.0,68.56,70.80000000000001,72.0,74.28,76.0,78.0,79.0,80.0,81.0,83.0,84.0,85.0,86.0,87.0,88.0,89.16000000000003,90.0,91.0,92.0,94.0,95.0,95.60000000000002,96.83999999999997,98.0,99.0,100.0,100.0,101.0,102.0,102.0,103.0,105.0,106.0,106.0,107.0,107.96000000000004,108.0,109.0,110.0,111.0,112.0,113.0,115.0,116.0,116.12,117.36000000000001,118.0,119.0,119.0,120.32000000000005,122.0,123.0,124.0,125.0,125.0,126.0,128.0,128.24,129.0,129.0,130.0,130.0,131.0,132.0,132.0,133.0,134.0,135.0,136.0,138.0,139.0,140.0,141.0,143.0,144.0,145.55999999999995,147.0,149.0,151.0,153.51999999999998,159.76,173.0,129.0,1000.4823529422283,1000.5647059082985,1000.6156862974167,1000.6588235497475,1000.6941176652908,1000.7294117808342,1000.772549033165,1000.8156862854958,1000.8745098114014,2001.0,184.68475341796875,192.2577667236328,196.95938110351562,200.5673065185547,203.59925079345703,206.43448486328126,209.21947021484374,212.21517944335938,215.93487548828125,350.0262451171875,222.78006,3.0,test_data/Useful/Validation/sharp sand at 1ft/20241020_170145.jpg,2352.0,368.0,34.59817926201314
74,14.24,21.96,26.72,30.0,33.0,36.0,38.68000000000001,39.92,44.0,47.400000000000006,49.64,51.879999999999995,54.0,55.0,57.0,59.0,61.0,62.0,63.0,64.0,66.03999999999999,68.0,68.0,69.0,71.0,71.24000000000001,73.0,75.0,76.0,77.19999999999999,78.0,79.0,81.0,81.0,82.0,83.0,84.0,85.0,86.0,87.0,87.0,88.0,88.32,90.0,90.0,91.0,92.0,93.0,94.0,95.0,96.0,97.0,97.0,98.0,99.0,100.0,101.67999999999995,103.0,104.0,105.0,106.0,107.0,108.0,109.0,110.0,111.0,112.0,112.0,114.0,115.0,115.03999999999996,117.0,118.0,119.0,120.0,121.0,122.0,123.0,123.0,124.0,124.0,125.0,126.0,127.0,129.0,131.0,132.88,135.0,135.0,136.0,137.0,137.08000000000004,139.0,141.0,142.0,146.0,149.0,150.51999999999998,156.0,163.0,123.0,1000.4784313738346,1000.5607843399048,1000.6156862974167,1000.6588235497475,1000.6980392336845,1000.7333333492279,1000.7764706015587,1000.8235294222832,1000.8901960849762,2001.0,184.880126953125,192.32424926757812,197.0647430419922,200.67477416992188,203.75587463378906,206.5108642578125,209.25828552246094,212.2036590576172,215.8631591796875,350.1234130859375,222.5162,3.0,test_data/Useful/Validation/sharp sand at 1ft/20241020_170146(0).jpg,2529.0,385.0,29.497880500384642
75,18.200000000000003,25.48,31.72,35.0,38.2,41.44,43.68000000000001,46.0,48.0,49.400000000000006,53.0,55.879999999999995,57.120000000000005,60.0,61.0,63.0,64.0,65.0,65.0,67.0,70.0,71.0,73.0,75.0,76.0,77.24000000000001,78.0,79.0,80.0,81.0,82.0,83.0,83.0,84.0,85.0,85.63999999999999,87.0,88.0,89.36000000000001,91.0,91.0,92.0,94.0,95.0,96.0,97.0,97.0,98.51999999999998,100.0,101.0,102.0,102.0,103.0,103.0,104.0,105.0,106.0,106.0,107.0,108.0,109.0,110.0,110.12,111.0,112.0,113.0,114.0,115.0,115.0,116.0,117.0,117.0,118.0,118.0,120.0,120.0,121.0,121.0,122.0,123.0,124.0,125.0,125.91999999999996,126.0,127.0,128.0,128.88,130.0,131.0,132.0,134.0,135.08000000000004,136.32000000000005,138.0,139.0,140.0,141.27999999999997,146.0,153.0,160.0,115.0,1000.4745098054409,1000.5529412031174,1000.6078431606293,1000.65098041296,1000.6941176652908,1000.7294117808342,1000.772549033165,1000.8196078538895,1000.8901960849762,2001.0,184.57627868652344,192.10528564453125,196.82025146484375,200.52139282226562,203.59523010253906,206.42282409667968,209.13832092285156,212.0904541015625,215.7945098876953,350.1488037109375,218.27667,3.0,test_data/Useful/Validation/sharp sand at 1ft/20241020_170147.jpg,2447.0,391.0,32.0250935414482
76,19.240000000000002,23.0,29.0,32.96,37.2,41.44,44.0,47.0,49.0,51.400000000000006,54.64,57.0,59.120000000000005,63.0,64.0,67.84,69.0,70.0,71.0,71.80000000000001,73.0,73.0,74.0,75.0,76.0,77.24000000000001,79.0,80.0,81.0,82.0,83.0,83.68,84.92000000000002,85.0,87.0,87.0,88.0,90.0,90.36000000000001,92.0,93.0,94.0,95.0,95.0,96.80000000000001,97.0,98.0,99.0,100.0,101.0,102.24000000000001,104.0,104.0,105.0,106.0,107.0,108.0,109.0,109.0,110.0,110.0,111.0,112.0,112.36000000000001,113.0,114.0,115.0,116.0,116.0,117.0,118.0,118.0,119.0,120.0,121.0,122.0,123.0,123.0,124.0,125.0,127.0,127.0,127.91999999999996,129.0,130.0,131.0,131.88,133.0,134.0,135.0,137.0,138.08000000000004,141.0,142.0,143.79999999999995,146.03999999999996,149.27999999999997,152.0,158.76,164.0,127.0,1000.4705882370472,1000.5490196347237,1000.6039215922356,1000.6470588445663,1000.6862745285034,1000.7215686440468,1000.7647058963776,1000.811764717102,1000.8823529481888,2001.0,184.50100708007812,191.99716186523438,196.7643585205078,200.34964904785156,203.46173858642578,206.2802276611328,209.053466796875,212.01690673828125,215.66497802734375,350.14508056640625,222.94852,3.0,test_data/Useful/Validation/sharp sand at 1ft/20241020_170148.jpg,2298.0,361.0,31.852080473253114
77,9.0,15.48,19.439999999999998,23.96,29.400000000000006,33.0,36.0,40.84,44.0,47.0,49.64,52.0,55.0,57.0,58.0,60.84,62.08000000000001,64.0,66.0,67.0,69.0,70.0,71.0,72.75999999999999,75.0,76.24000000000001,78.0,79.72000000000003,80.0,81.0,82.0,83.0,84.0,85.0,86.0,87.0,88.0,90.0,91.0,91.60000000000002,92.83999999999997,93.0,94.0,95.0,96.0,97.0,98.0,98.51999999999998,99.0,100.0,101.0,102.0,103.0,103.0,104.0,105.0,105.0,106.0,107.0,107.0,108.0,108.88,110.0,110.0,111.0,112.0,114.0,114.0,115.0,116.0,116.0,117.0,118.0,119.0,119.0,120.0,121.0,122.0,122.96000000000004,123.20000000000005,125.0,126.0,126.0,127.0,128.0,129.0,130.0,131.0,132.0,133.0,134.0,136.0,137.0,138.0,139.79999999999995,142.0,144.27999999999997,146.51999999999998,152.76,168.0,105.0,1000.5098039507866,1000.5882353186607,1000.6392157077789,1000.6862745285034,1000.7254902124405,1000.772549033165,1000.8196078538895,1000.8784313797951,1000.9450980424881,2001.0,185.76840209960938,193.37850952148438,198.1259552001953,201.70966491699218,204.758544921875,207.5673370361328,210.33633575439453,213.32212524414064,217.04013366699218,349.61669921875,225.25185,3.0,test_data/Useful/Validation/sharp sand at 1ft/20241020_170149(0).jpg,2804.0,375.0,27.729944043764142
78,8.24,14.48,21.439999999999998,28.0,33.400000000000006,37.44,39.68000000000001,41.92,44.0,46.400000000000006,49.0,51.0,54.0,55.360000000000014,57.599999999999994,59.0,61.0,64.32,66.0,67.0,69.0,71.0,72.0,74.0,75.0,76.0,77.0,78.72000000000003,79.0,80.19999999999999,81.0,82.0,83.92000000000002,84.16000000000003,85.0,87.0,88.0,89.0,89.0,90.0,91.0,92.0,93.32,94.0,95.0,96.0,97.27999999999997,98.0,99.0,100.0,100.0,100.0,101.0,102.0,103.0,104.0,104.0,105.91999999999996,106.0,107.0,108.0,108.88,109.0,110.0,112.0,113.0,114.0,115.0,116.0,116.0,117.0,118.0,118.51999999999998,119.0,120.0,121.0,122.0,123.0,124.0,126.0,126.0,127.0,129.0,130.0,130.0,131.64,132.0,133.12,135.0,136.0,137.84000000000003,140.0,141.0,142.0,144.0,145.03999999999996,148.0,150.0,154.76,165.0,100.0,1000.5647059082985,1000.6274510025978,1000.6705882549286,1000.705882370472,1000.7372549176216,1000.772549033165,1000.811764717102,1000.8627451062202,1000.933333337307,2001.0,185.6400619506836,193.13894348144532,197.84890441894532,201.438232421875,204.51380157470703,207.32672119140625,210.08203125,213.0762481689453,216.80316162109375,349.8171691894531,229.3133,3.0,test_data/Useful/Validation/sharp sand at 1ft/20241020_170149.jpg,2719.0,364.0,27.00637158871179
79,9.48,17.48,27.0,31.96,36.0,38.44,40.68000000000001,44.0,47.0,50.0,51.64,53.879999999999995,55.120000000000005,57.0,58.0,60.0,62.0,63.31999999999999,64.56,65.80000000000001,67.0,69.0,69.0,70.0,71.0,72.0,73.48000000000002,75.72000000000003,77.0,79.0,80.0,82.0,83.0,85.0,85.39999999999998,86.0,88.0,89.0,90.0,91.60000000000002,93.0,94.0,95.0,95.0,96.0,97.0,98.0,98.0,99.0,100.0,101.0,101.0,102.0,102.96000000000004,104.0,104.44000000000005,105.0,106.0,107.15999999999997,108.0,108.0,110.0,110.0,111.0,111.0,112.0,113.0,113.0,113.0,114.0,116.0,116.0,117.0,118.0,118.0,119.0,120.0,121.0,122.0,123.0,123.44000000000005,125.0,126.0,127.0,129.0,130.0,131.0,132.0,133.0,134.0,135.0,136.0,138.0,140.0,142.0,145.03999999999996,147.27999999999997,150.51999999999998,155.51999999999998,172.0,113.0,1000.4941176474094,1000.5686274766922,1000.6235294342041,1000.6666666865349,1000.7098039388657,1000.7568627595901,1000.8039215803146,1000.8627451062202,1000.9294117689133,2001.0,185.96484832763673,193.44725952148437,198.1571517944336,201.7213897705078,204.83063507080078,207.64759216308593,210.4178939819336,213.38357543945312,217.1546173095703,349.33233642578125,226.43738,3.0,test_data/Useful/Validation/sharp sand at 1ft/20241020_170150.jpg,2722.0,379.0,29.621719828368583
80,10.24,20.48,26.72,31.0,34.0,37.0,41.0,43.92,45.16,47.400000000000006,53.0,55.0,55.120000000000005,57.360000000000014,59.0,61.84,63.0,64.0,65.0,68.0,70.0,70.0,72.0,73.0,75.0,77.0,78.0,79.0,80.0,82.0,83.0,83.0,84.92000000000002,85.0,85.0,86.0,87.0,88.12,89.0,90.0,91.0,92.0,92.0,94.0,94.0,95.0,95.0,96.0,96.0,97.0,98.0,99.0,100.0,101.0,102.0,103.0,104.0,105.0,106.0,106.39999999999998,107.0,108.0,110.0,112.0,112.60000000000002,113.0,114.08000000000004,115.0,116.55999999999995,118.0,118.03999999999996,119.0,120.0,120.0,121.0,122.0,123.0,123.0,123.96000000000004,124.0,125.0,126.0,127.0,128.0,129.0,130.0,130.88,132.0,133.0,134.0,136.0,137.0,138.0,139.55999999999995,140.79999999999995,144.0,146.0,147.51999999999998,153.0,167.0,96.0,1000.4745098054409,1000.5529412031174,1000.6039215922356,1000.65098041296,1000.6980392336845,1000.745098054409,1000.8000000119209,1000.8549019694328,1000.9215686321259,2001.0,186.1562515258789,193.56861572265626,198.23556518554688,201.82998657226562,204.92086791992188,207.74078369140625,210.5218505859375,213.52532958984375,217.36097717285156,348.8498229980469,233.72292,3.0,test_data/Useful/Validation/sharp sand at 1ft/20241020_170151.jpg,2643.0,341.0,28.352709631633452
81,2.4400000000000013,14.0,21.0,25.92,32.0,35.44,38.0,41.92,43.0,45.0,46.64,49.0,53.0,56.0,57.0,57.0,60.0,62.0,63.0,65.0,66.0,67.28,68.52000000000001,70.75999999999999,71.0,73.0,74.0,75.72000000000003,77.0,79.0,80.0,81.0,82.0,83.0,83.39999999999998,85.0,87.0,88.0,89.36000000000001,91.0,92.0,93.0,94.0,95.0,96.0,96.0,97.0,98.0,99.0,100.0,101.0,102.0,102.0,103.0,104.0,105.44000000000005,106.0,107.0,107.0,108.0,109.0,109.0,110.0,111.0,112.0,113.0,114.0,115.0,116.0,117.0,118.0,119.0,119.51999999999998,121.0,121.0,122.0,123.0,124.0,124.0,125.0,126.0,127.0,128.0,130.0,130.39999999999998,132.64,133.0,135.0,135.0,137.0,137.84000000000003,139.0,140.0,142.0,144.0,146.0,148.27999999999997,151.0,155.76,175.0,102.0,1000.4705882370472,1000.5490196347237,1000.6039215922356,1000.65098041296,1000.6980392336845,1000.7411764860153,1000.7960784435272,1000.8549019694328,1000.9215686321259,2001.0,185.9132080078125,193.37408447265625,198.16547241210938,201.76279907226564,204.85179901123047,207.6791534423828,210.5179443359375,213.51773071289062,217.2870635986328,348.97259521484375,231.745,3.0,test_data/Useful/Validation/sharp sand at 1ft/20241020_170152.jpg,2569.0,327.0,32.17760870431153
82,18.48,25.44,29.0,34.96,38.0,41.879999999999995,46.0,48.0,52.0,53.0,55.0,56.879999999999995,59.0,61.360000000000014,63.0,64.0,65.0,66.0,68.0,70.0,72.03999999999999,73.0,74.0,76.0,76.0,77.0,78.0,79.0,80.0,81.0,82.0,83.68,84.0,85.16000000000003,86.0,87.0,87.0,88.0,89.0,90.0,90.83999999999997,91.0,92.0,93.0,94.0,95.0,95.0,96.0,97.0,97.0,98.0,99.0,99.72000000000003,100.96000000000004,101.0,103.0,104.0,104.91999999999996,105.0,106.0,107.0,108.0,109.0,109.0,110.0,110.0,111.0,112.0,113.0,114.0,115.0,116.0,117.0,118.0,118.0,119.0,120.0,122.0,123.0,124.0,125.0,126.0,127.0,128.0,128.0,129.0,130.0,130.0,131.0,133.0,134.0,136.0,137.0,139.0,140.79999999999995,143.0,144.27999999999997,148.0,152.76,158.0,130.0,1000.5098039507866,1000.584313750267,1000.6392157077789,1000.6862745285034,1000.7254902124405,1000.772549033165,1000.8235294222832,1000.8784313797951,1000.9450980424881,2001.0,185.9091766357422,193.40619201660155,198.183837890625,201.83529663085938,204.9333038330078,207.73676757812498,210.49022979736327,213.4691925048828,217.195068359375,349.37396240234375,224.9183,3.0,test_data/Useful/Validation/sharp sand at 1ft/20241020_170153.jpg,2709.0,365.0,25.383617809298652
83,12.24,22.48,30.0,36.96,40.0,42.44,47.360000000000014,49.0,51.16,55.400000000000006,57.0,59.879999999999995,62.0,62.360000000000014,64.0,65.84,67.0,68.32,70.0,72.0,73.03999999999999,75.0,76.0,77.0,77.0,79.0,80.0,82.0,82.95999999999998,83.0,85.0,86.0,86.92000000000002,88.0,88.0,89.0,90.0,91.0,91.0,92.0,93.0,93.07999999999998,94.0,95.56,97.0,97.0,98.0,99.0,100.0,101.0,102.0,102.0,103.0,103.96000000000004,104.0,105.0,106.0,106.0,107.0,107.0,108.0,109.88,110.0,111.0,112.0,113.0,114.0,115.0,116.0,116.0,117.0,117.0,118.0,119.0,120.0,121.0,121.48000000000002,123.0,123.96000000000004,125.0,127.0,127.0,128.0,129.0,130.0,130.64,131.0,132.0,133.0,134.0,135.0,136.0,138.32000000000005,139.0,141.0,144.0,145.0,149.51999999999998,153.76,166.0,106.0,1000.5372549295425,1000.6039215922356,1000.65098041296,1000.6901960968971,1000.7294117808342,1000.7764706015587,1000.8274509906769,1000.8862745165825,1000.9529411792755,2001.0,186.05489501953124,193.67543029785156,198.399169921875,202.03805541992188,205.1144256591797,207.93531799316406,210.7464599609375,213.72848510742188,217.4937286376953,348.70867919921875,234.34,3.0,test_data/Useful/Validation/sharp sand at 1ft/20241020_170159.jpg,2723.0,390.0,28.88163870849117
84,12.0,21.0,25.72,30.96,35.0,38.0,40.68000000000001,45.0,49.16,53.0,54.64,57.0,61.0,63.360000000000014,64.0,66.0,67.08000000000001,69.0,70.0,71.0,74.0,75.0,77.0,78.0,79.0,80.0,80.48000000000002,82.0,84.0,85.19999999999999,86.0,87.0,87.0,89.0,90.39999999999998,92.0,92.0,93.0,94.0,94.0,95.0,97.0,97.0,98.0,98.80000000000001,99.0,100.0,101.0,101.0,103.0,104.0,104.0,105.0,106.96000000000004,108.0,109.0,110.0,110.0,111.0,112.0,112.0,113.0,114.0,115.0,116.0,117.0,117.0,118.0,119.0,119.0,120.0,121.0,121.51999999999998,122.0,122.0,123.0,124.48000000000002,126.0,126.96000000000004,127.20000000000005,129.0,129.0,130.0,131.0,132.39999999999998,133.0,134.0,135.0,136.0,137.0,138.0,139.0,140.0,142.0,143.79999999999995,144.0,146.0,148.55999999999995,154.51999999999998,164.0,122.0,1000.4823529422283,1000.5607843399048,1000.6196078658104,1000.6666666865349,1000.7137255072594,1000.7686274647713,1000.8274509906769,1000.8980392217636,1000.9686274528503,2001.0,186.33987426757812,193.82296752929688,198.52180938720704,202.1145782470703,205.1820526123047,208.01852416992188,210.80426025390625,213.80224609375,217.5719451904297,348.3404541015625,235.46095,3.0,test_data/Useful/Validation/sharp sand at 1ft/20241020_170200.jpg,2566.0,345.0,32.35931329587624
85,1.0,15.48,22.0,29.0,35.0,38.44,43.0,46.0,49.0,50.0,53.0,55.0,56.0,58.0,60.0,61.84,63.0,64.0,65.0,67.0,68.0,69.0,71.0,72.0,74.0,75.0,76.0,77.0,78.0,81.0,82.0,83.0,84.0,84.0,84.39999999999998,85.0,86.0,87.0,88.0,88.60000000000002,89.0,90.0,91.0,92.0,93.0,94.0,95.0,95.51999999999998,97.0,98.0,99.0,100.0,100.0,101.0,102.0,102.0,103.0,104.0,105.0,105.39999999999998,107.0,107.0,108.0,109.0,110.0,111.0,111.0,112.32000000000005,113.0,114.0,115.0,116.0,117.51999999999998,119.0,119.0,120.0,121.0,122.0,122.0,124.0,125.0,126.0,127.0,128.0,130.0,130.0,131.0,132.0,133.0,135.0,136.0,137.0,138.0,138.55999999999995,139.79999999999995,141.03999999999996,144.27999999999997,148.0,150.76,168.0,84.0,1000.4941176474094,1000.5725490450859,1000.6313725709915,1000.6823529601097,1000.7254902124405,1000.7803921699524,1000.839215695858,1000.905882358551,1000.9764705896378,2001.0,186.26546783447264,193.82669067382812,198.4953628540039,202.06683349609375,205.1813507080078,208.08026733398438,210.85101318359375,213.82730102539062,217.52235412597656,348.52117919921875,234.48196,3.0,test_data/Useful/Validation/sharp sand at 1ft/20241020_170201(0).jpg,2723.0,356.0,29.515647552370474
86,9.48,17.48,29.72,33.0,37.2,41.0,44.0,47.92,51.0,53.400000000000006,55.64,58.0,61.0,62.0,63.599999999999994,64.0,66.0,67.32,69.0,70.0,71.0,72.0,73.52000000000001,75.0,76.0,77.0,78.0,79.0,80.0,81.0,83.0,84.68,85.92000000000002,86.0,87.0,87.0,88.0,90.0,90.0,91.60000000000002,92.0,93.07999999999998,94.0,95.0,96.0,97.0,98.0,100.0,100.0,101.0,102.0,103.0,103.72000000000003,105.0,105.20000000000005,106.0,107.0,108.0,108.0,109.0,110.0,110.0,111.0,112.0,113.0,113.0,114.0,114.0,115.0,115.0,116.03999999999996,118.0,118.0,120.0,121.0,122.0,123.0,123.0,125.0,125.20000000000005,126.0,127.0,128.0,128.0,129.39999999999998,131.0,131.0,132.0,133.36,134.0,136.0,136.08000000000004,137.0,139.0,141.79999999999995,143.0,145.0,148.0,150.0,172.0,108.0,1000.4784313738346,1000.5568627715111,1000.6156862974167,1000.6627451181412,1000.7098039388657,1000.7607843279839,1000.8235294222832,1000.8901960849762,1000.9607843160629,2001.0,186.1846923828125,193.73458862304688,198.415283203125,202.04676818847656,205.1263427734375,207.93318786621094,210.71426849365233,213.74208068847656,217.50079345703125,348.5810546875,234.98076,3.0,test_data/Useful/Validation/sharp sand at 1ft/20241020_170201.jpg,2712.0,358.0,29.535283244518837
87,7.48,17.92,26.439999999999998,32.96,37.0,40.0,43.0,45.92,50.0,52.0,53.0,56.0,58.0,58.360000000000014,60.0,62.0,64.0,65.32,67.0,68.0,69.0,71.0,72.0,74.0,75.0,76.0,77.0,78.0,79.0,80.19999999999999,82.0,83.0,84.0,85.0,86.0,86.63999999999999,87.88,88.12,89.0,90.0,90.83999999999997,92.0,92.32,93.0,93.0,94.0,94.0,95.0,96.0,97.0,98.0,99.48000000000002,100.0,101.0,102.0,103.0,103.0,104.0,105.0,105.0,105.63999999999999,106.0,107.12,109.0,110.0,110.0,112.0,113.0,113.0,114.79999999999995,115.03999999999996,116.0,117.0,117.75999999999999,119.0,120.0,120.48000000000002,122.0,122.96000000000004,123.0,125.0,126.0,127.0,128.0,129.0,130.0,131.0,132.0,132.0,133.0,133.84000000000003,135.08000000000004,137.0,137.55999999999995,139.0,142.0,143.0,144.0,149.76,159.0,93.0,1000.5411764979362,1000.6156862974167,1000.6705882549286,1000.7176470756531,1000.7647058963776,1000.811764717102,1000.866666674614,1000.9294117689133,1000.9921568632126,2001.0,186.87496643066407,194.3354949951172,199.0635528564453,202.63153076171875,205.71778869628906,208.53070068359375,211.2790069580078,214.23143005371094,217.88909912109375,349.1015930175781,226.8286,3.0,test_data/Useful/Validation/sharp sand at 1ft/20241020_170203.jpg,2987.0,362.0,29.76928168345009
88,8.24,13.48,24.72,30.96,39.0,41.44,44.0,47.0,50.16,53.0,55.0,58.879999999999995,60.0,61.360000000000014,63.0,65.0,65.08000000000001,67.0,69.0,70.80000000000001,72.0,73.0,74.0,76.0,78.0,79.0,80.0,80.0,81.0,82.0,83.0,83.68,85.0,85.0,86.39999999999998,88.0,88.0,89.0,89.36000000000001,90.0,91.0,92.0,92.0,93.0,94.0,95.0,96.0,97.0,98.0,99.0,99.0,100.0,100.72000000000003,101.96000000000004,102.0,103.0,103.67999999999995,104.0,105.0,106.0,107.0,107.88,108.0,108.0,109.0,110.0,111.0,111.0,112.0,112.0,114.0,114.0,115.0,115.75999999999999,116.0,117.0,118.0,119.0,120.0,123.0,124.0,124.0,125.0,126.15999999999997,128.0,128.0,130.0,132.0,133.0,134.60000000000002,136.84000000000003,138.08000000000004,140.0,143.0,144.0,146.03999999999996,148.0,150.51999999999998,154.0,167.0,108.0,1000.5490196347237,1000.6313725709915,1000.6862745285034,1000.7372549176216,1000.7882353067398,1000.839215695858,1000.8941176533699,1000.9529411792755,1001.0,2001.0,186.8494415283203,194.33812561035157,199.08023529052736,202.66273803710936,205.719482421875,208.53517150878906,211.254150390625,214.18838500976562,217.84320068359375,349.49310302734375,225.43704,3.0,test_data/Useful/Validation/sharp sand at 1ft/20241020_170204(0).jpg,3025.0,393.0,29.29828883521518
89,11.24,20.44,27.72,33.96,39.0,40.44,43.0,46.0,50.16,52.400000000000006,54.0,55.0,58.0,59.360000000000014,62.0,63.0,64.0,66.0,67.0,68.80000000000001,70.03999999999999,72.0,73.0,75.0,76.0,77.0,78.0,79.0,80.0,81.0,82.44,84.0,85.0,86.0,87.0,88.0,89.0,89.12,91.0,91.0,92.0,93.0,94.0,94.0,95.0,96.0,96.0,96.0,97.0,98.0,100.0,100.48000000000002,102.0,102.0,104.0,105.0,106.0,107.0,107.0,107.39999999999998,108.0,109.0,110.0,110.0,110.60000000000002,112.0,113.0,114.0,114.0,115.0,116.0,117.0,118.0,119.0,120.0,121.0,121.48000000000002,122.0,123.96000000000004,124.0,125.0,126.0,127.0,128.0,129.0,130.0,131.0,132.0,133.0,135.0,136.0,137.08000000000004,139.0,142.0,143.0,145.0,146.0,148.51999999999998,155.76,168.0,96.0,1000.5568627715111,1000.6352941393852,1000.6941176652908,1000.745098054409,1000.7921568751335,1000.8431372642517,1000.8941176533699,1000.9529411792755,1001.0,2001.0,186.7455093383789,194.4161834716797,199.14427185058594,202.767578125,205.8334503173828,208.6443328857422,211.36932373046875,214.29104614257812,217.96466522216798,349.45416259765625,224.244,3.0,test_data/Useful/Validation/sharp sand at 1ft/20241020_170204.jpg,3043.0,353.0,29.408968485492238
90,13.48,21.48,28.0,33.96,39.400000000000006,45.44,49.68000000000001,53.0,54.16,56.0,57.64,60.0,61.0,62.360000000000014,63.0,65.0,66.0,67.0,68.0,70.0,71.0,73.0,75.0,76.0,77.0,78.0,79.0,79.0,80.0,80.19999999999999,82.0,83.0,84.0,85.0,86.0,86.0,87.0,88.0,89.0,90.0,91.0,91.07999999999998,93.0,94.0,95.0,95.0,96.0,96.0,98.0,99.0,100.0,101.0,102.0,102.0,103.0,104.0,105.0,106.0,106.15999999999997,107.0,108.0,108.0,109.0,109.0,110.0,111.0,111.08000000000004,112.0,112.0,113.0,115.0,115.0,116.0,117.0,118.0,118.24000000000001,120.0,121.0,122.0,123.0,123.44000000000005,124.0,125.91999999999996,126.15999999999997,127.0,129.0,130.0,131.0,131.36,133.0,134.0,136.0,137.0,138.55999999999995,140.0,142.03999999999996,146.0,149.0,151.76,162.0,95.0,1000.5215686559677,1000.6000000238419,1000.6588235497475,1000.705882370472,1000.7529411911964,1000.8039215803146,1000.8549019694328,1000.9176470637321,1000.9803921580315,3000.9960784316063,186.2110336303711,193.78067016601562,198.4981689453125,202.13555908203125,205.2218475341797,208.0154022216797,210.75762939453125,213.6494598388672,217.3096466064453,349.58087158203125,226.80916,3.0,test_data/Useful/Validation/sharp sand at 1ft/20241020_170205.jpg,2899.0,431.0,30.371372250338233
91,13.0,19.48,24.72,30.0,32.2,39.0,41.68000000000001,45.0,48.0,50.0,53.0,55.0,55.120000000000005,57.360000000000014,59.0,61.84,64.0,65.0,66.0,67.0,69.0,71.28,73.0,75.0,76.0,77.0,78.0,78.72000000000003,79.95999999999998,80.19999999999999,82.44,83.0,84.0,84.0,85.0,86.0,87.0,87.12,88.0,90.0,91.0,92.0,93.0,93.56,95.0,96.0,97.0,98.0,99.0,99.0,100.0,101.0,102.0,103.0,103.0,104.0,105.0,105.91999999999996,106.0,107.0,107.63999999999999,108.0,109.0,110.0,112.0,112.0,113.0,114.0,114.0,114.79999999999995,115.0,116.0,117.0,118.0,118.0,119.0,120.0,120.0,121.0,121.20000000000005,122.0,124.0,124.0,125.0,127.0,127.0,128.0,130.0,131.0,133.0,133.0,134.0,135.32000000000005,138.0,140.0,143.03999999999996,145.0,147.51999999999998,152.76,165.0,114.0,1000.5058823823929,1000.5882353186607,1000.6470588445663,1000.6941176652908,1000.7411764860153,1000.7882353067398,1000.839215695858,1000.8980392217636,1000.9607843160629,2001.0,186.03553771972656,193.52325439453125,198.20645141601562,201.83889770507812,204.85839080810547,207.6835968017578,210.45301208496093,213.34732360839843,217.0202392578125,349.6402587890625,226.46468,3.0,test_data/Useful/Validation/sharp sand at 1ft/20241020_170206.jpg,2823.0,381.0,30.044753943170917
92,19.240000000000002,24.48,31.0,35.96,39.2,42.44,46.68000000000001,50.0,51.16,54.400000000000006,58.28,60.0,61.0,62.0,63.0,64.0,65.08000000000001,67.0,68.56,71.0,72.0,73.0,74.0,75.0,76.0,77.0,78.0,79.0,80.0,82.0,82.0,83.0,84.0,85.0,86.0,87.0,88.0,89.0,89.36000000000001,90.0,91.0,92.07999999999998,93.0,94.0,95.0,96.0,96.27999999999997,97.0,98.0,99.0,100.0,100.0,101.0,102.0,103.0,104.0,104.0,105.0,105.15999999999997,106.0,107.0,108.0,109.0,109.0,110.0,111.0,112.0,113.0,113.0,114.0,115.0,116.0,116.0,116.75999999999999,118.0,118.24000000000001,119.0,120.72000000000003,122.0,124.0,124.0,125.0,126.0,127.0,128.0,128.0,129.0,130.12,131.36,133.0,134.0,134.0,135.0,138.0,139.0,143.0,145.0,148.51999999999998,151.0,169.0,100.0,1000.4980392158031,1000.5803921818733,1000.6392157077789,1000.6862745285034,1000.7254902124405,1000.772549033165,1000.8196078538895,1000.8745098114014,1000.9411764740944,2001.0,185.91427612304688,193.43370056152344,198.0690170288086,201.65435180664062,204.67818450927734,207.4806701660156,210.2701416015625,213.24295043945312,216.93881225585938,349.56170654296875,231.63979,3.0,test_data/Useful/Validation/sharp sand at 1ft/20241020_170207(0).jpg,2620.0,378.0,27.311651934435744
93,13.24,21.44,25.0,28.0,32.0,36.44,38.68000000000001,43.92,45.0,49.0,51.0,53.0,55.120000000000005,57.0,59.0,60.84,62.0,63.0,65.0,66.0,68.0,69.0,70.0,71.0,74.0,75.0,77.0,78.0,79.0,80.0,80.44,81.68,83.0,84.0,85.0,86.0,86.0,87.0,88.0,88.0,89.0,89.07999999999998,90.0,91.0,92.0,93.0,94.0,95.0,95.0,96.0,98.0,99.0,99.0,100.0,101.0,101.0,102.0,102.0,103.0,104.0,104.0,105.0,106.12,108.0,109.0,110.0,111.0,112.0,113.0,113.79999999999995,114.03999999999996,115.0,116.0,117.0,118.0,118.0,119.0,120.72000000000003,121.0,122.0,123.0,124.0,124.0,125.0,126.0,127.0,128.0,129.0,130.0,131.60000000000002,134.68000000000006,137.0,138.32000000000005,140.0,141.79999999999995,144.03999999999996,147.0,149.51999999999998,153.0,163.0,101.0,1000.4627451002598,1000.5490196347237,1000.6078431606293,1000.6549019813538,1000.7019608020782,1000.745098054409,1000.7921568751335,1000.8470588326454,1000.9215686321259,3000.8980392217636,185.23544006347657,192.78892517089844,197.51702880859375,201.116943359375,204.1572723388672,207.01242065429688,209.7587921142578,212.73193359375,216.4395294189453,349.6893005371094,228.31934,3.0,test_data/Useful/Validation/sharp sand at 1ft/20241020_170208.jpg,2573.0,358.0,33.78127517453255
94,9.0,18.48,25.72,32.84,36.0,38.44,43.0,45.0,47.31999999999999,50.0,51.0,53.0,54.24000000000001,58.0,61.0,62.84,64.0,66.0,68.0,68.80000000000001,70.03999999999999,72.0,73.0,74.75999999999999,76.0,77.0,78.48000000000002,79.0,80.0,80.0,81.0,81.0,83.0,84.0,85.0,86.0,87.0,89.0,90.0,91.0,92.0,92.0,93.0,93.0,94.0,95.0,96.0,97.0,97.0,99.0,100.0,100.0,101.0,102.0,102.20000000000005,103.44000000000005,104.0,105.0,105.0,106.0,107.0,108.0,109.0,109.0,111.0,111.84000000000003,112.0,113.0,114.0,115.0,117.0,117.0,118.0,119.0,119.0,120.0,121.48000000000002,123.0,124.0,124.0,125.0,126.0,127.0,128.0,129.0,130.0,131.0,132.0,133.36,134.60000000000002,136.0,137.0,138.0,140.55999999999995,143.5999999999999,146.0,147.0,148.0,150.76,159.0,92.0,1000.486274510622,1000.5686274766922,1000.6313725709915,1000.678431391716,1000.7176470756531,1000.7607843279839,1000.8078431487083,1000.866666674614,1000.933333337307,2001.0,185.3314208984375,192.9088562011719,197.5913345336914,201.165087890625,204.2178497314453,207.0607696533203,209.80123443603514,212.74722900390626,216.4174362182617,349.8699951171875,226.27148,3.0,test_data/Useful/Validation/sharp sand at 1ft/20241020_170209.jpg,2587.0,355.0,30.173879362593365
95,6.48,12.48,18.159999999999997,22.96,29.400000000000006,32.0,36.68000000000001,37.0,40.16,44.0,45.64,47.879999999999995,53.120000000000005,55.360000000000014,57.0,60.0,62.0,64.0,66.0,67.0,69.03999999999999,71.0,72.0,73.0,74.0,75.0,76.0,77.0,78.0,78.19999999999999,80.0,80.0,81.0,83.0,83.0,84.63999999999999,85.88,87.0,88.0,89.0,90.0,91.0,92.0,92.56,94.0,95.0,96.0,97.0,99.0,100.0,100.0,101.0,102.0,102.0,103.0,104.0,104.67999999999995,105.91999999999996,106.0,107.0,108.0,108.88,110.0,110.0,110.0,111.0,112.0,113.0,114.0,115.0,116.0,117.0,118.0,119.0,120.0,121.0,122.0,123.0,124.0,124.0,125.0,126.0,126.0,127.0,128.0,130.0,131.0,133.0,134.0,135.0,136.0,138.0,139.0,141.55999999999995,143.79999999999995,145.0,146.27999999999997,148.0,154.51999999999998,159.0,110.0,1000.5254902243614,1000.6039215922356,1000.6549019813538,1000.6980392336845,1000.7333333492279,1000.7764706015587,1000.8196078538895,1000.8745098114014,1000.9450980424881,2001.0,185.5530548095703,193.05322265625,197.75328063964844,201.37738037109375,204.46836853027344,207.26868896484376,210.0320327758789,212.97569274902344,216.66140747070312,349.7763366699219,230.28305,3.0,test_data/Useful/Validation/sharp sand at 1ft/20241020_170210.jpg,2569.0,355.0,31.37641269557118
96,9.24,18.48,23.72,29.96,35.0,38.0,45.360000000000014,47.92,49.0,50.0,51.64,55.879999999999995,58.0,59.360000000000014,61.0,63.0,65.08000000000001,67.0,69.0,70.0,71.0,72.28,73.0,74.0,76.0,77.24000000000001,78.0,79.0,80.0,81.0,82.0,85.0,86.0,87.0,88.0,89.63999999999999,91.0,91.12,93.0,93.0,94.0,95.0,96.0,97.0,97.0,98.0,99.0,100.0,102.0,102.0,102.24000000000001,103.48000000000002,104.0,105.0,106.0,107.0,108.0,109.0,110.0,111.0,112.0,112.88,113.0,114.0,114.60000000000002,115.0,116.0,117.0,117.0,118.0,119.03999999999996,120.0,122.0,123.0,124.0,125.0,126.0,127.0,127.0,128.0,128.0,129.0,130.0,131.0,132.0,132.0,133.88,134.12,135.0,136.0,137.0,137.0,139.0,141.0,142.0,143.0,144.0,147.51999999999998,155.76,170.0,102.0,1000.5960784554482,1000.6588235497475,1000.7019608020782,1000.7372549176216,1000.7686274647713,1000.8000000119209,1000.8352941274643,1000.8784313797951,1000.9372549057007,2001.0,185.99769592285156,193.541748046875,198.22706146240233,201.77186889648436,204.8778305053711,207.67886352539062,210.4069396972656,213.36494140625,217.08047485351562,349.760498046875,232.3127,3.0,test_data/Useful/Validation/sharp sand at 1ft/20241020_170211(0).jpg,2612.0,357.0,26.902162360399004
97,0.0,3.0,13.0,16.0,21.200000000000003,22.439999999999998,29.680000000000007,33.84,41.0,44.400000000000006,47.0,49.0,51.120000000000005,53.360000000000014,55.599999999999994,59.0,61.08000000000001,63.31999999999999,66.0,67.0,68.0,69.56,72.0,73.0,75.0,76.0,76.48000000000002,78.0,79.0,80.0,81.0,82.68,84.0,84.16000000000003,85.0,86.0,87.0,88.0,90.0,91.0,92.0,93.0,94.0,95.0,95.80000000000001,96.0,98.0,98.0,99.0,100.0,101.0,103.0,103.0,104.0,105.0,105.44000000000005,106.0,107.0,108.0,109.0,110.0,110.88,112.0,112.0,113.0,114.0,115.0,116.0,117.0,117.79999999999995,118.0,119.0,120.0,121.0,122.0,122.0,123.0,124.0,124.0,125.20000000000005,126.44000000000005,127.0,128.0,130.0,130.39999999999998,131.0,132.0,133.0,134.0,136.0,137.0,139.0,139.0,140.55999999999995,142.79999999999995,144.0,145.27999999999997,147.51999999999998,151.76,163.0,124.0,1000.5333333611488,1000.611764729023,1000.6627451181412,1000.705882370472,1000.745098054409,1000.7843137383461,1000.8313725590706,1000.8901960849762,1000.9568627476692,2001.0,185.7460174560547,193.28355407714844,198.02713012695312,201.68661499023438,204.7294464111328,207.52713012695312,210.29696655273438,213.24630737304688,216.94154357910156,349.5877380371094,232.69142,3.0,test_data/Useful/Validation/sharp sand at 1ft/20241020_170211.jpg,2558.0,373.0,24.406552597014183
98,17.72,28.0,30.0,34.0,37.2,42.44,44.0,46.92,49.16,51.0,53.0,55.0,56.120000000000005,58.0,61.0,63.0,64.0,65.0,66.0,68.0,69.0,70.0,71.0,72.75999999999999,74.0,76.0,76.0,77.0,78.0,79.19999999999999,80.0,81.0,83.0,84.0,85.0,86.0,87.0,88.0,89.36000000000001,91.0,92.0,93.0,93.0,94.0,96.0,97.0,97.0,98.0,99.0,100.0,101.0,102.0,102.0,103.0,103.20000000000005,104.0,105.0,106.91999999999996,107.15999999999997,108.0,108.63999999999999,109.0,110.0,111.0,111.0,112.0,113.08000000000004,114.32000000000005,115.0,116.0,116.0,117.0,118.0,119.0,120.0,121.0,122.0,122.0,123.0,124.0,125.0,127.0,128.0,130.0,131.0,132.0,133.0,134.0,134.0,135.0,137.84000000000003,139.0,140.0,140.0,141.79999999999995,143.0,144.0,148.0,151.0,163.0,93.0,1000.5333333611488,1000.6156862974167,1000.678431391716,1000.7254902124405,1000.772549033165,1000.8196078538895,1000.866666674614,1000.9176470637321,1000.9803921580315,2001.0,186.35069427490234,193.83157043457032,198.517333984375,202.13943481445312,205.2241668701172,208.0190887451172,210.74371337890625,213.64654541015625,217.33274841308594,349.7125549316406,226.34895,3.0,test_data/Useful/Validation/sharp sand at 1ft/20241020_170212.jpg,2937.0,363.0,29.228094479322202
99,12.0,22.48,28.0,32.96,39.0,40.44,42.68000000000001,46.92,48.16,51.0,54.0,55.0,57.120000000000005,59.360000000000014,62.0,64.0,65.0,66.0,67.56,68.0,70.0,71.0,72.0,73.75999999999999,75.0,76.0,77.0,78.0,79.0,80.0,80.0,81.68,83.0,84.0,85.0,86.0,87.0,87.12,88.36000000000001,90.0,91.83999999999997,92.0,93.0,94.0,94.0,95.0,96.0,97.0,98.0,99.0,99.0,100.0,100.72000000000003,102.0,104.20000000000005,105.44000000000005,106.0,107.0,108.0,109.0,109.63999999999999,110.0,111.0,112.0,112.0,113.0,114.0,114.32000000000005,115.0,116.0,117.0,118.0,119.0,120.0,120.0,121.0,122.0,122.72000000000003,123.96000000000004,124.0,125.0,125.0,126.0,127.15999999999997,128.39999999999998,129.0,130.0,131.12,132.36,134.0,135.0,137.08000000000004,139.0,140.0,143.0,145.03999999999996,147.27999999999997,151.55999999999995,154.0,162.0,80.0,1000.5294117927551,1000.6156862974167,1000.6745098233223,1000.7215686440468,1000.7607843279839,1000.8039215803146,1000.8509804010391,1000.9098039269447,1000.972549021244,2001.0,186.04331512451174,193.635693359375,198.3345947265625,201.95211791992188,205.01260375976562,207.81021118164062,210.5728302001953,213.5354949951172,217.21390533447266,349.54644775390625,233.69917,3.0,test_data/Useful/Validation/sharp sand at 1ft/20241020_170213(0).jpg,2681.0,362.0,31.777772949162365
100,7.48,16.44,25.72,28.96,33.2,37.44,40.68000000000001,42.92,46.0,49.0,52.64,55.0,56.120000000000005,57.0,59.0,60.84,63.0,63.31999999999999,65.0,66.0,68.0,70.0,71.0,72.0,73.0,74.0,75.0,76.0,77.0,79.0,80.0,80.0,80.92000000000002,81.16000000000003,82.0,84.0,84.0,86.0,86.0,87.0,87.83999999999997,88.0,89.0,90.0,91.0,92.0,93.0,94.0,95.0,96.0,97.0,97.0,98.72000000000003,99.0,100.0,100.44000000000005,102.0,103.0,104.0,104.39999999999998,105.0,106.0,107.0,107.0,108.0,108.0,109.0,110.0,110.55999999999995,111.0,112.0,113.0,114.0,115.0,115.0,116.24000000000001,118.0,119.0,120.0,121.0,122.0,123.0,125.0,126.0,127.0,127.63999999999999,130.0,131.12,132.36,134.0,134.0,135.0,136.0,137.0,139.79999999999995,142.0,146.27999999999997,149.0,152.0,160.0,80.0,1000.5372549295425,1000.6235294342041,1000.6823529601097,1000.7294117808342,1000.7764706015587,1000.8235294222832,1000.8705882430077,1000.9215686321259,1000.9843137264252,2001.0,186.2161407470703,193.7635040283203,198.4560546875,202.0653533935547,205.14459228515625,207.9696807861328,210.73556518554688,213.68093872070312,217.31736755371094,349.7537536621094,225.67459,3.0,test_data/Useful/Validation/sharp sand at 1ft/20241020_170213.jpg,2965.0,360.0,24.86472513697116
101,17.0,25.48,31.0,35.0,39.2,42.0,43.0,45.0,47.16,51.400000000000006,53.0,54.0,57.0,58.360000000000014,60.0,62.0,64.0,65.0,66.56,67.80000000000001,70.0,71.0,72.0,73.0,74.0,75.0,76.48000000000002,77.72000000000003,78.95999999999998,80.0,81.44,82.68,84.92000000000002,87.0,88.0,89.0,89.88,91.0,92.0,92.0,92.0,93.07999999999998,94.0,95.0,96.0,97.0,98.0,98.51999999999998,99.0,100.0,101.0,102.0,103.0,104.0,104.0,104.44000000000005,105.67999999999995,106.0,107.0,107.0,108.0,109.0,109.12,110.0,111.0,112.0,113.0,114.0,116.0,117.0,117.0,118.0,119.0,120.0,121.0,121.24000000000001,122.0,123.0,124.0,125.0,126.0,127.0,128.0,129.0,130.0,131.0,132.0,133.12,134.0,136.60000000000002,138.0,139.0,140.0,141.0,142.79999999999995,144.03999999999996,146.27999999999997,151.51999999999998,154.0,162.0,92.0,1000.5764706134796,1000.6392157077789,1000.678431391716,1000.7098039388657,1000.7333333492279,1000.7647058963776,1000.7960784435272,1000.8352941274643,1000.8941176533699,3000.89411765337,185.06326599121093,192.55731811523438,197.30465698242188,200.9145965576172,203.94558715820312,206.79580688476562,209.58111572265625,212.50521850585938,216.1526641845703,350.31011962890625,225.04799,3.0,test_data/Useful/Validation/sharp sand at 1ft/20241020_170214.jpg,2498.0,404.0,27.242043654403165
102,21.240000000000002,27.96,33.72,37.96,43.0,44.44,46.0,48.0,51.16,55.400000000000006,58.0,59.0,61.0,64.0,64.6,65.84,67.0,68.0,69.56,72.0,73.0,74.0,75.0,77.0,77.0,79.0,79.0,80.0,81.0,82.0,83.0,85.0,86.0,87.0,88.0,89.0,89.0,90.0,91.36000000000001,93.60000000000002,94.83999999999997,95.0,97.0,98.0,98.0,99.0,100.27999999999997,101.0,102.0,103.0,103.0,105.0,105.0,106.96000000000004,107.0,108.0,109.0,110.0,111.0,112.0,113.0,114.0,114.0,115.0,115.0,116.0,117.08000000000004,118.0,119.0,121.0,121.0,122.0,122.51999999999998,123.0,124.0,125.0,126.0,126.0,127.96000000000004,128.20000000000005,130.0,130.0,131.91999999999996,132.0,133.0,134.0,135.0,135.0,136.0,136.60000000000002,138.0,139.0,141.0,142.55999999999995,144.0,145.03999999999996,147.27999999999997,149.0,154.0,167.0,114.0,1000.5215686559677,1000.5921568870544,1000.6392157077789,1000.6745098233223,1000.705882370472,1000.7372549176216,1000.7686274647713,1000.811764717102,1000.8745098114014,2000.9882352948189,184.8896026611328,192.4183807373047,197.08050537109375,200.67779541015625,203.78994750976562,206.62548828125,209.39944458007812,212.33090209960938,215.9499969482422,350.3092041015625,226.28099,3.0,test_data/Useful/Validation/sharp sand at 1ft/20241020_170215.jpg,2286.0,350.0,28.365996888705276
103,11.0,19.0,25.72,29.96,36.0,40.0,46.0,48.0,50.16,53.400000000000006,55.0,57.0,60.0,61.0,64.0,65.0,66.0,67.32,69.0,70.0,72.0,73.28,74.52000000000001,75.0,76.0,77.0,78.96000000000004,80.0,81.0,82.0,84.0,84.68,86.0,87.0,88.0,89.0,90.0,91.0,92.0,92.60000000000002,94.0,95.0,95.0,96.0,97.0,98.04000000000002,99.0,100.0,101.0,102.0,102.0,103.0,104.0,105.0,107.0,108.0,108.0,109.0,109.0,110.0,110.0,111.0,112.0,112.36000000000001,114.0,114.0,115.0,116.0,116.0,117.0,118.0,120.0,120.51999999999998,121.0,122.0,122.0,123.0,124.0,124.0,125.0,126.0,127.0,128.0,129.0,129.0,130.0,131.0,132.0,132.0,133.0,135.0,136.0,137.0,140.0,141.0,143.0,145.0,148.0,153.76,168.0,110.0,1000.5294117927551,1000.6000000238419,1000.6431372761726,1000.6745098233223,1000.7019608020782,1000.7294117808342,1000.7607843279839,1000.8000000119209,1000.8588235378265,3000.9294117689133,184.68980255126954,192.1951904296875,196.88674926757812,200.57058715820312,203.64625549316406,206.4313507080078,209.16436767578125,212.1121063232422,215.7778778076172,350.4292297363281,225.38507,3.0,test_data/Useful/Validation/sharp sand at 1ft/20241020_170216.jpg,2393.0,368.0,33.3264496139432
104,7.0,16.48,30.0,34.96,41.0,45.0,48.0,50.0,52.0,53.0,56.0,59.0,60.0,62.0,63.0,65.0,68.0,69.0,71.0,71.80000000000001,72.03999999999999,74.0,75.52000000000001,77.0,78.0,78.24000000000001,80.0,81.0,82.0,84.0,85.0,86.68,88.0,88.0,88.0,90.0,91.0,92.0,93.0,93.60000000000002,94.0,95.07999999999998,96.0,98.0,98.0,100.0,100.0,101.0,102.0,103.0,103.0,105.0,105.0,106.0,106.0,107.0,108.0,108.0,109.0,109.0,110.0,110.0,111.0,112.0,113.0,114.0,115.0,116.0,117.0,118.0,118.03999999999996,119.0,120.0,121.0,121.0,122.0,122.48000000000002,123.0,124.0,125.0,126.0,127.0,128.0,129.0,130.0,131.64,132.0,134.12,135.36,136.0,137.0,139.0,139.32000000000005,140.0,141.0,142.0,145.0,148.0,151.76,163.0,88.0,1000.5294117927551,1000.6078431606293,1000.6588235497475,1000.7019608020782,1000.7333333492279,1000.772549033165,1000.8196078538895,1000.8784313797951,1000.9450980424881,3001.0,186.14858856201172,193.60012512207032,198.2024932861328,201.79792175292968,204.82534790039062,207.595166015625,210.30082397460936,213.21905517578125,216.86439514160156,349.98724365234375,223.22084,3.0,test_data/Useful/Validation/sharp sand at 1ft/20241020_170217(0).jpg,2722.0,402.0,36.46116770324437
0,20.48,30.0,36.72,39.0,43.0,47.0,49.68000000000001,52.0,53.0,54.400000000000006,57.0,59.0,62.0,62.0,64.0,66.0,67.0,68.0,69.0,71.0,74.0,75.0,76.52000000000001,77.0,78.0,79.0,79.48000000000002,81.0,82.0,84.0,84.0,85.0,85.92000000000002,87.0,88.39999999999998,89.0,90.0,91.0,92.0,93.0,94.0,94.0,95.0,96.0,96.80000000000001,97.0,98.0,98.51999999999998,99.0,100.0,101.0,101.0,102.0,102.96000000000004,103.0,104.44000000000005,105.0,106.0,109.0,110.0,110.0,111.0,112.0,112.0,113.0,114.0,115.0,116.0,117.0,117.79999999999995,118.03999999999996,119.0,120.0,121.0,122.0,123.0,123.0,124.0,124.0,125.0,126.0,126.67999999999995,128.0,129.0,130.0,132.0,132.88,134.0,134.0,135.0,136.0,138.0,140.0,141.0,143.0,144.0,148.27999999999997,150.0,154.03999999999996,165.0,94.0,1000.5803921818733,1000.6431372761726,1000.6823529601097,1000.7098039388657,1000.7372549176216,1000.7647058963776,1000.7960784435272,1000.839215695858,1000.905882358551,2001.0,185.78312072753906,193.33995361328127,198.01864624023438,201.64346313476562,204.7183074951172,207.48101806640625,210.27166748046875,213.20680236816406,216.85919189453125,350.12255859375,226.2361,3.0,test_data/Useful/Validation/sharp sand at 2ft/20241020_172219.jpg,2551.0,360.0,57.019106040214645
1,3.0,8.96,14.719999999999999,20.96,26.0,27.879999999999995,31.0,33.0,36.16,41.20000000000002,46.64,48.0,52.0,54.0,55.599999999999994,57.0,59.0,61.0,62.0,63.80000000000001,65.0,65.28,67.52000000000001,69.0,70.0,71.24000000000001,72.0,74.0,74.0,76.0,77.0,78.0,79.0,80.0,81.39999999999998,82.0,83.0,84.0,85.0,86.0,87.0,88.0,88.32,90.0,90.0,91.0,92.0,93.0,94.0,95.0,96.24000000000001,97.0,98.0,99.0,99.0,100.0,101.0,102.0,103.0,104.0,104.0,105.0,106.0,106.0,107.0,107.84000000000003,109.0,109.0,110.0,111.0,112.03999999999996,114.0,115.0,116.0,116.0,117.0,118.0,119.0,120.0,121.0,122.0,123.0,124.0,126.0,127.0,128.0,129.0,130.12,132.0,133.0,135.0,136.0,138.0,139.0,141.0,143.0,145.55999999999995,148.0,151.0,161.0,106.0,1000.5490196347237,1000.6274510025978,1000.6705882549286,1000.705882370472,1000.7372549176216,1000.7686274647713,1000.811764717102,1000.866666674614,1000.9411764740944,3001.0,185.50787353515625,193.05601501464844,197.82318115234375,201.40081787109375,204.4232635498047,207.25768127441407,209.9880599975586,212.91326904296875,216.54884338378906,350.250244140625,230.20027,3.0,test_data/Useful/Validation/sharp sand at 2ft/20241020_172221.jpg,2718.0,396.0,56.809797583558435
2,0.0,1.0,4.0,8.96,12.0,14.879999999999995,22.0,27.760000000000005,33.16,38.0,41.92,44.0,47.0,49.0,50.599999999999994,52.84,54.0,57.0,58.0,58.80000000000001,60.0,61.28,63.0,64.0,65.0,67.0,68.0,69.0,70.0,72.0,73.0,74.0,75.0,75.0,77.0,78.0,79.0,80.0,82.0,84.0,85.83999999999997,87.0,87.0,88.56,89.0,90.04000000000002,92.0,93.0,94.0,95.0,97.0,97.48000000000002,98.72000000000003,99.0,101.0,102.0,102.0,103.0,104.0,105.0,105.0,107.0,108.0,109.0,110.0,111.84000000000003,112.0,113.0,113.55999999999995,115.0,116.0,116.27999999999997,117.0,118.0,119.0,120.0,121.0,121.72000000000003,122.0,123.0,124.0,125.67999999999995,126.0,128.0,129.0,130.0,130.88,132.0,133.0,134.0,135.84000000000003,137.0,138.0,139.55999999999995,142.79999999999995,143.0,146.0,148.0,152.76,167.0,105.0,1000.5529412031174,1000.6274510025978,1000.6705882549286,1000.7019608020782,1000.7294117808342,1000.7607843279839,1000.8000000119209,1000.8549019694328,1000.9294117689133,3001.0,185.3828125,192.85496215820314,197.5748550415039,201.22528076171875,204.31976318359375,207.100927734375,209.8475158691406,212.7975311279297,216.41465759277344,350.208984375,222.185,3.0,test_data/Useful/Validation/sharp sand at 2ft/20241020_172222.jpg,2624.0,347.0,58.085772252705134
3,2.4800000000000004,14.96,22.72,29.92,32.60000000000001,38.0,39.0,43.0,47.16,50.0,51.64,53.879999999999995,55.0,58.0,59.599999999999994,61.0,63.0,66.0,67.0,68.0,70.0,71.28,73.52000000000001,75.0,76.0,77.0,78.0,78.0,80.0,80.0,81.44,83.0,84.0,84.16000000000003,86.0,87.63999999999999,88.0,89.0,90.0,90.60000000000002,91.0,92.0,93.0,93.56,94.0,95.0,96.0,97.0,97.75999999999999,98.0,100.0,100.48000000000002,101.72000000000003,103.0,104.0,105.0,106.0,106.0,107.0,108.0,109.0,109.0,110.0,111.0,111.60000000000002,112.0,113.0,114.0,114.0,115.0,116.0,116.0,117.0,118.0,119.0,120.24000000000001,121.0,121.72000000000003,122.0,123.0,124.0,125.0,126.91999999999996,127.15999999999997,128.39999999999998,129.64,130.0,131.0,132.36,134.60000000000002,136.0,137.0,138.0,139.0,141.0,143.0,144.27999999999997,147.0,151.0,169.0,130.0,1000.54509806633,1000.6156862974167,1000.6588235497475,1000.6980392336845,1000.7254902124405,1000.7607843279839,1000.8000000119209,1000.8509804010391,1000.9254902005196,3001.0,185.56429901123047,193.09320373535155,197.8292465209961,201.38861083984375,204.42384338378906,207.20733642578125,209.9809112548828,212.9175567626953,216.526611328125,350.228271484375,221.24088,3.0,test_data/Useful/Validation/sharp sand at 2ft/20241020_172223.jpg,2660.0,411.0,63.184766066972905
4,1.4800000000000004,8.96,16.72,22.96,25.400000000000006,33.44,36.68000000000001,38.92,41.16,45.400000000000006,46.64,48.879999999999995,51.0,53.360000000000014,56.0,58.0,59.0,61.0,62.0,64.0,65.0,66.28,67.0,68.0,69.0,70.0,71.0,73.0,74.95999999999998,76.0,77.0,77.0,79.0,80.0,81.0,82.0,83.0,84.12,85.0,86.0,86.83999999999997,88.0,89.0,90.0,90.80000000000001,92.0,92.0,93.0,93.75999999999999,94.0,96.0,96.48000000000002,98.0,99.0,100.0,101.0,101.0,102.0,103.0,104.0,104.63999999999999,105.88,106.12,107.0,107.60000000000002,108.84000000000003,109.0,110.0,110.55999999999995,111.0,112.0,113.0,114.0,114.0,115.0,116.0,116.48000000000002,117.0,118.0,119.0,120.0,122.0,123.0,124.0,125.0,126.0,128.0,129.0,130.0,131.0,132.0,134.08000000000004,137.0,138.55999999999995,141.0,143.0,143.27999999999997,147.0,152.76,164.0,107.0,1000.5411764979362,1000.611764729023,1000.6588235497475,1000.6980392336845,1000.7254902124405,1000.7607843279839,1000.8039215803146,1000.8588235378265,1000.933333337307,3001.0,185.65787048339843,193.1954803466797,197.82681274414062,201.4656219482422,204.51116180419922,207.30546875,210.06619110107422,213.01210021972656,216.6622772216797,350.093994140625,225.10194,3.0,test_data/Useful/Validation/sharp sand at 2ft/20241020_172224.jpg,2684.0,382.0,59.52778754584024
5,12.200000000000001,21.96,24.72,30.0,35.0,39.0,40.68000000000001,43.0,45.0,47.400000000000006,50.0,54.0,55.0,58.0,59.0,61.0,64.0,66.0,68.0,69.0,70.03999999999999,72.0,74.0,75.0,77.0,77.0,79.0,80.0,80.0,81.0,82.0,83.0,84.0,85.0,86.0,87.63999999999999,88.0,89.0,90.0,91.0,91.0,92.0,93.0,93.0,94.0,95.0,96.0,97.0,97.0,98.0,99.0,100.0,100.0,101.0,102.0,103.0,104.0,104.0,105.15999999999997,106.0,107.0,108.0,109.0,109.0,110.0,111.0,112.0,113.0,114.0,114.0,115.0,116.0,116.51999999999998,117.0,118.0,119.0,120.0,120.0,121.0,122.0,123.0,124.0,124.0,125.0,125.39999999999998,126.0,127.0,128.0,129.0,131.0,132.0,134.0,136.0,137.55999999999995,138.79999999999995,141.03999999999996,143.0,148.0,151.0,162.0,125.0,1000.5490196347237,1000.6196078658104,1000.6627451181412,1000.6980392336845,1000.7294117808342,1000.7647058963776,1000.8039215803146,1000.8549019694328,1000.9294117689133,3001.0,185.90506591796876,193.3755676269531,198.01895141601562,201.57201232910157,204.65694427490234,207.48330688476562,210.20389709472656,213.13363952636718,216.77883911132812,350.0285339355469,224.36557,3.0,test_data/Useful/Validation/sharp sand at 2ft/20241020_172225.jpg,2639.0,376.0,63.2811854360524
6,3.4800000000000004,17.48,22.72,31.800000000000004,34.2,38.44,40.68000000000001,43.0,48.0,51.400000000000006,53.64,55.879999999999995,58.120000000000005,60.0,62.0,62.0,64.08000000000001,67.32,69.0,70.0,72.0,73.0,74.52000000000001,76.0,78.0,79.0,80.0,81.72000000000003,82.0,83.0,84.0,85.0,85.0,86.0,86.39999999999998,87.0,88.0,89.0,89.36000000000001,90.0,91.0,92.0,93.0,94.0,95.0,96.0,97.0,98.0,98.0,99.0,100.0,101.0,102.0,103.0,104.0,105.0,106.0,107.0,108.0,109.0,110.0,111.0,111.0,111.36000000000001,112.0,113.84000000000003,115.0,116.0,117.0,117.0,118.0,119.0,120.0,121.0,122.0,122.0,123.0,124.0,124.0,125.0,127.0,128.0,130.0,130.0,132.0,132.64,133.0,135.0,136.0,137.0,138.0,139.0,140.32000000000005,141.55999999999995,143.79999999999995,146.03999999999996,149.27999999999997,151.51999999999998,156.0,164.0,111.0,1000.5411764979362,1000.6156862974167,1000.6588235497475,1000.6980392336845,1000.7254902124405,1000.7607843279839,1000.8000000119209,1000.8549019694328,1000.9254902005196,3000.9803921580315,185.6118621826172,193.022216796875,197.7561050415039,201.39208374023437,204.44007110595703,207.26699523925782,209.9723388671875,212.906494140625,216.58220825195312,350.20635986328125,226.65527,3.0,test_data/Useful/Validation/sharp sand at 2ft/20241020_172226.jpg,2445.0,338.0,53.77543794436337
7,9.72,23.48,29.72,33.0,34.2,38.44,43.0,45.0,48.0,49.400000000000006,52.0,54.0,56.0,59.0,60.599999999999994,63.0,65.0,66.32,68.0,69.80000000000001,71.0,72.0,73.0,74.0,75.0,76.24000000000001,78.0,78.0,79.0,79.19999999999999,81.0,81.68,83.0,83.0,84.0,85.0,86.88,87.0,88.0,89.0,89.0,90.0,91.0,92.56,94.0,95.0,95.27999999999997,96.51999999999998,97.0,98.0,99.0,100.0,101.72000000000003,103.0,103.0,104.0,104.0,105.0,106.0,107.0,108.0,108.88,109.0,110.0,111.0,111.0,112.0,113.0,114.0,115.0,116.0,117.0,118.0,118.0,119.0,120.24000000000001,122.0,123.0,124.0,125.20000000000005,127.0,127.67999999999995,129.0,130.15999999999997,131.0,132.0,133.0,134.0,135.0,136.0,137.0,139.08000000000004,141.0,142.0,143.0,145.0,148.0,150.0,153.0,169.0,104.0,1000.54509806633,1000.6156862974167,1000.6588235497475,1000.6941176652908,1000.7254902124405,1000.7607843279839,1000.8039215803146,1000.8588235378265,1000.933333337307,3000.9960784316063,185.57432403564454,193.09364318847656,197.80796508789064,201.427880859375,204.4668426513672,207.23485717773437,209.96851501464843,212.88841247558594,216.5138397216797,350.15557861328125,224.22249,3.0,test_data/Useful/Validation/sharp sand at 2ft/20241020_172228.jpg,2594.0,386.0,62.10189902642944
8,8.48,19.48,23.0,27.0,32.0,33.0,34.0,37.0,39.0,42.0,43.64,46.0,50.0,50.360000000000014,52.0,54.0,55.0,56.0,57.56,59.0,61.0,63.0,65.0,66.75999999999999,68.0,69.0,70.48000000000002,72.0,74.0,75.0,75.44,76.0,77.0,79.0,79.0,80.0,81.0,83.0,84.0,84.0,85.0,86.07999999999998,87.32,88.0,89.80000000000001,90.0,91.0,93.0,94.0,94.0,95.0,95.0,96.0,97.0,97.0,98.0,99.0,99.0,100.0,100.39999999999998,102.0,102.88,103.0,104.0,105.0,106.0,107.0,108.32000000000005,109.0,110.0,111.0,112.0,113.0,113.0,114.0,115.0,116.0,117.0,118.0,119.0,120.0,121.0,123.91999999999996,124.0,125.0,126.0,128.0,130.0,131.0,132.0,134.0,136.0,138.0,138.0,139.0,142.0,145.0,149.0,153.0,165.0,94.0,1000.54509806633,1000.6156862974167,1000.6627451181412,1000.6980392336845,1000.7294117808342,1000.7686274647713,1000.8156862854958,1000.8745098114014,1000.9490196108818,3000.9960784316063,185.99270629882812,193.5601806640625,198.25330657958983,201.79307861328124,204.82872772216797,207.6047149658203,210.3483459472656,213.29533691406252,216.9148666381836,349.911865234375,223.36154,3.0,test_data/Useful/Validation/sharp sand at 2ft/20241020_172230.jpg,2810.0,369.0,65.02391589650861
9,13.72,24.0,31.0,34.0,36.0,38.0,41.0,45.92,49.0,53.0,55.64,57.0,60.0,63.0,64.0,65.0,66.0,67.0,69.0,69.80000000000001,71.0,72.28,74.0,75.0,77.0,77.0,78.0,79.0,80.0,81.0,82.0,83.0,84.0,86.0,86.0,88.0,88.0,89.0,89.36000000000001,91.0,91.0,93.0,93.0,94.56,95.0,96.0,97.0,98.0,99.75999999999999,100.0,101.0,102.0,104.0,104.0,106.0,106.0,107.0,107.91999999999996,108.0,109.0,110.0,110.0,111.0,112.0,112.0,113.0,115.0,115.0,116.0,116.0,117.0,118.0,119.0,120.0,121.0,122.0,123.0,123.72000000000003,125.0,126.0,127.44000000000005,128.0,129.0,129.15999999999997,131.0,131.64,132.0,133.0,134.0,135.0,135.0,136.08000000000004,137.0,139.0,140.0,142.0,143.55999999999995,148.0,152.76,162.0,112.0,1000.5490196347237,1000.6196078658104,1000.6627451181412,1000.6980392336845,1000.7254902124405,1000.7607843279839,1000.8039215803146,1000.8588235378265,1000.9372549057007,2001.0,185.60430908203125,193.14146423339844,197.77081298828125,201.4267578125,204.49722290039062,207.30279541015625,210.0367889404297,212.99436950683594,216.58132934570312,350.0350341796875,226.27519,3.0,test_data/Useful/Validation/sharp sand at 2ft/20241020_172231.jpg,2563.0,369.0,58.80799766772635
10,12.24,18.0,23.0,29.92,33.0,36.0,40.0,42.0,47.0,51.0,52.0,54.0,57.0,58.360000000000014,60.0,62.0,63.0,64.0,65.0,67.0,69.0,70.28,72.0,73.0,75.0,78.0,79.0,80.0,81.0,82.19999999999999,84.0,85.0,85.0,86.16000000000003,87.0,88.0,89.0,90.0,91.0,91.0,92.0,93.0,94.0,95.0,96.80000000000001,98.0,99.27999999999997,100.0,101.75999999999999,103.0,104.0,105.0,105.72000000000003,106.0,107.0,108.0,108.0,108.91999999999996,109.0,109.0,110.0,110.0,111.0,111.0,113.0,113.0,114.0,115.0,115.55999999999995,116.0,116.03999999999996,117.0,118.0,119.0,119.0,120.24000000000001,121.48000000000002,123.0,123.0,124.0,125.0,126.0,127.91999999999996,129.0,129.39999999999998,131.0,132.0,133.0,134.0,135.0,136.0,138.08000000000004,140.0,141.0,141.0,145.0,147.27999999999997,150.0,152.0,157.0,109.0,1000.54509806633,1000.611764729023,1000.6549019813538,1000.6901960968971,1000.7215686440468,1000.7529411911964,1000.7960784435272,1000.8509804010391,1000.9294117689133,2001.0,185.49716186523438,193.0477264404297,197.79401702880858,201.36363525390627,204.3806381225586,207.19330749511718,209.9580078125,212.894775390625,216.51364135742188,349.98187255859375,225.72678,3.0,test_data/Useful/Validation/sharp sand at 2ft/20241020_172232.jpg,2587.0,391.0,66.97139083825961
11,9.96,23.0,27.0,30.96,36.400000000000006,39.44,41.68000000000001,43.92,47.0,50.0,51.0,53.0,55.120000000000005,57.0,58.0,60.0,61.08000000000001,63.0,64.0,65.0,67.0,68.0,69.52000000000001,71.0,72.0,73.0,75.0,77.72000000000003,79.95999999999998,80.19999999999999,81.44,82.0,83.0,84.0,85.0,86.0,87.0,88.0,88.36000000000001,89.0,90.0,91.0,92.0,93.0,94.0,95.0,95.0,96.0,96.0,97.0,99.0,99.0,100.0,101.0,102.0,103.0,104.0,104.91999999999996,106.0,107.0,107.0,108.0,109.0,109.0,110.0,111.0,112.0,112.0,112.55999999999995,113.0,114.0,114.0,115.0,116.0,117.0,119.0,120.48000000000002,121.0,122.0,123.0,124.0,124.67999999999995,126.0,127.0,128.0,129.0,130.0,131.0,132.0,133.60000000000002,135.0,136.0,137.32000000000005,139.55999999999995,141.79999999999995,144.03999999999996,146.0,149.0,152.0,162.0,112.0,1000.5372549295425,1000.6078431606293,1000.6549019813538,1000.6980392336845,1000.7333333492279,1000.772549033165,1000.8196078538895,1000.8784313797951,1000.9529411792755,2001.0,185.96853637695312,193.58250122070314,198.31531982421876,201.8966278076172,204.9943084716797,207.81136169433594,210.59310913085938,213.5283660888672,217.18707275390625,349.6319885253906,229.08899,3.0,test_data/Useful/Validation/sharp sand at 2ft/20241020_172233.jpg,2749.0,369.0,57.00089811037359
12,8.72,20.96,35.44,41.0,45.0,48.0,51.68000000000001,54.0,56.0,57.0,59.0,59.879999999999995,61.120000000000005,63.360000000000014,65.6,68.0,69.0,70.0,71.0,72.0,73.0,74.0,76.0,76.75999999999999,78.0,79.0,80.0,81.0,82.0,83.0,83.0,84.68,85.92000000000002,86.16000000000003,87.0,88.0,89.0,90.0,91.0,92.0,92.0,93.0,94.32,95.56,96.0,97.0,97.0,98.51999999999998,99.0,100.0,100.0,101.0,101.72000000000003,102.0,103.20000000000005,104.44000000000005,105.0,106.0,107.0,108.0,108.0,109.0,110.0,110.0,110.60000000000002,112.0,113.0,114.0,115.0,116.0,117.03999999999996,118.0,119.0,119.0,120.0,121.0,122.0,123.0,124.0,124.0,125.0,125.0,126.0,127.15999999999997,129.0,130.0,131.0,132.0,133.0,134.60000000000002,135.0,137.0,139.0,140.0,141.0,143.03999999999996,146.0,149.0,155.51999999999998,163.0,124.0,1000.5568627715111,1000.6274510025978,1000.6705882549286,1000.7098039388657,1000.7411764860153,1000.7803921699524,1000.8235294222832,1000.8823529481888,1000.9568627476692,3001.0,186.1062469482422,193.7250518798828,198.41864013671875,202.05050659179688,205.09957885742188,207.86981201171875,210.6477249145508,213.57123107910158,217.20604248046874,349.80377197265625,226.89862,3.0,test_data/Useful/Validation/sharp sand at 2ft/20241020_172234.jpg,2717.0,393.0,58.32255971222306
13,14.0,24.0,28.0,31.0,35.0,37.0,39.0,41.0,45.0,47.400000000000006,49.0,52.879999999999995,56.0,58.0,59.0,61.0,63.0,64.0,66.0,67.80000000000001,69.0,70.28,71.52000000000001,72.0,73.0,74.0,74.48000000000002,77.0,78.0,79.0,80.0,81.0,82.0,82.16000000000003,84.0,85.0,86.88,88.0,89.0,90.0,90.0,92.0,92.32,94.0,95.0,96.0,97.0,98.0,99.0,100.0,101.0,101.0,102.0,102.0,103.0,104.0,105.0,106.0,107.0,107.39999999999998,108.0,110.0,111.0,111.0,112.0,113.0,114.0,114.0,115.0,116.0,118.0,118.0,119.0,120.0,121.0,122.0,122.0,123.72000000000003,124.0,125.0,125.0,126.0,127.0,128.0,129.0,130.0,131.0,132.0,133.0,134.0,135.0,137.0,138.0,141.0,142.0,143.03999999999996,145.27999999999997,147.0,149.0,165.0,111.0,1000.5764706134796,1000.6431372761726,1000.6862745285034,1000.7215686440468,1000.7529411911964,1000.7882353067398,1000.8313725590706,1000.8901960849762,1000.9607843160629,3001.0,186.2136260986328,193.69660034179688,198.36038513183593,201.9573547363281,205.02526092529297,207.8508758544922,210.56793518066405,213.47837524414064,217.10068054199218,349.9627685546875,221.28198,3.0,test_data/Useful/Validation/sharp sand at 2ft/20241020_172235.jpg,2716.0,379.0,53.98969373502818
14,10.24,19.48,27.439999999999998,32.0,40.2,47.0,48.68000000000001,52.0,53.0,55.0,56.64,58.0,60.0,61.0,62.0,64.0,65.0,67.0,68.0,69.0,70.0,71.0,72.0,73.0,74.0,75.0,76.0,77.0,78.0,80.0,80.0,81.0,82.0,83.0,84.0,85.0,85.88,86.0,87.0,88.0,89.0,90.0,91.0,92.0,92.0,93.0,94.0,95.0,97.0,97.0,98.24000000000001,100.0,101.0,101.0,102.0,103.0,104.0,104.0,105.0,105.39999999999998,106.0,107.0,107.12,109.0,109.60000000000002,110.0,111.08000000000004,113.0,114.0,114.0,115.0,116.0,117.0,118.75999999999999,119.0,120.24000000000001,121.0,122.0,123.0,123.0,124.0,125.0,125.91999999999996,127.0,128.0,129.64,131.0,132.0,134.0,135.0,135.84000000000003,136.0,137.32000000000005,139.0,139.79999999999995,143.0,145.0,147.0,150.0,172.0,123.0,1000.5490196347237,1000.6274510025978,1000.6745098233223,1000.7137255072594,1000.7529411911964,1000.7960784435272,1000.8470588326454,1000.905882358551,1000.9764705896378,3001.0,186.1962432861328,193.6920166015625,198.35360107421874,201.98314819335937,205.0554656982422,207.85670166015626,210.60455627441405,213.49390563964843,217.1053955078125,349.953369140625,221.86705,3.0,test_data/Useful/Validation/sharp sand at 2ft/20241020_172236.jpg,2803.0,366.0,58.90182264861456
15,11.24,18.48,24.0,27.96,33.2,35.0,38.0,40.84,43.0,45.0,47.64,50.879999999999995,53.120000000000005,56.0,58.599999999999994,61.0,62.08000000000001,63.31999999999999,65.0,67.0,70.0,70.0,72.0,73.0,74.0,76.0,77.48000000000002,79.0,80.0,80.0,81.0,82.0,83.0,83.16000000000003,84.0,85.0,86.0,87.0,87.0,88.0,89.0,89.07999999999998,91.0,92.56,93.0,94.0,94.0,95.51999999999998,96.0,97.0,98.0,99.0,100.0,101.0,102.0,103.0,104.0,104.0,105.0,105.39999999999998,106.63999999999999,107.0,108.0,109.0,110.0,110.0,111.0,112.0,113.0,113.0,114.0,114.27999999999997,115.0,116.0,117.0,118.0,119.0,119.72000000000003,121.0,123.0,124.0,125.0,125.0,126.15999999999997,127.0,128.0,129.0,129.0,130.0,132.0,133.0,134.0,135.32000000000005,137.0,138.0,140.03999999999996,143.0,145.51999999999998,149.76,158.0,129.0,1000.5647059082985,1000.6352941393852,1000.6745098233223,1000.7098039388657,1000.7411764860153,1000.7764706015587,1000.8196078538895,1000.8745098114014,1000.9529411792755,3001.0,185.85194091796876,193.39320373535156,198.1192428588867,201.72955627441405,204.74854278564453,207.55835571289063,210.31747131347657,213.24145812988283,216.86488189697266,350.00164794921875,221.37442,3.0,test_data/Useful/Validation/sharp sand at 2ft/20241020_172237(0).jpg,2703.0,394.0,56.2311194255527
16,6.440000000000001,16.0,21.0,26.96,30.0,34.44,38.0,41.92,45.0,47.0,49.64,54.879999999999995,56.0,57.0,58.0,59.0,60.0,61.0,61.56,63.0,65.03999999999999,67.0,68.0,69.0,70.0,71.0,72.48000000000002,74.0,75.0,76.0,77.0,78.68,79.0,80.0,81.0,81.0,82.88,84.0,85.0,86.0,87.0,88.07999999999998,89.0,90.0,91.0,91.04000000000002,92.27999999999997,93.51999999999998,95.0,96.0,96.0,97.0,97.0,98.0,99.0,100.0,101.0,101.91999999999996,103.0,103.39999999999998,104.0,105.0,106.0,106.0,107.0,108.0,109.0,110.32000000000005,111.0,112.0,113.0,114.0,114.51999999999998,115.75999999999999,116.0,117.0,118.0,119.0,120.0,121.0,122.0,123.0,124.0,124.0,125.0,125.63999999999999,127.0,128.0,129.36,131.0,131.0,133.08000000000004,137.0,138.0,139.0,140.03999999999996,142.27999999999997,145.51999999999998,151.0,161.0,106.0,1000.6000000238419,1000.6588235497475,1000.7019608020782,1000.7294117808342,1000.7607843279839,1000.7921568751335,1000.8313725590706,1000.8823529481888,1000.9568627476692,2001.0,185.99668731689454,193.56259765625,198.2574890136719,201.8677551269531,204.90383911132812,207.7179718017578,210.47217407226563,213.3915588378906,217.024658203125,350.1593322753906,223.85336,3.0,test_data/Useful/Validation/sharp sand at 2ft/20241020_172306.jpg,2804.0,381.0,66.12275835900074
17,6.0,15.0,19.0,25.96,28.200000000000003,31.439999999999998,35.360000000000014,37.0,39.0,41.400000000000006,45.64,47.0,49.0,51.0,53.0,55.0,56.0,57.0,58.0,59.80000000000001,61.0,63.0,67.52000000000001,69.0,71.0,72.24000000000001,73.0,74.0,74.0,75.19999999999999,76.44,78.0,79.0,80.0,81.0,82.0,83.0,85.0,86.36000000000001,87.60000000000002,88.0,90.0,90.32,92.0,93.0,93.04000000000002,94.0,95.0,96.0,97.0,98.0,99.0,99.0,100.0,101.0,103.0,103.0,104.0,105.0,106.0,106.0,108.0,108.0,110.0,110.0,111.84000000000003,112.0,113.0,114.0,114.0,116.0,116.27999999999997,117.0,118.0,119.0,120.0,121.0,122.0,123.0,124.0,124.0,125.0,125.91999999999996,128.0,129.0,130.0,131.0,131.0,134.0,134.60000000000002,136.0,138.0,139.0,142.55999999999995,144.0,145.0,147.27999999999997,149.0,152.0,167.0,131.0,1000.5764706134796,1000.6431372761726,1000.6862745285034,1000.7137255072594,1000.745098054409,1000.7764706015587,1000.8196078538895,1000.8784313797951,1000.9568627476692,3001.0,185.85380859375,193.4095672607422,198.0847396850586,201.68182373046875,204.78903198242188,207.57000427246092,210.34876251220703,213.3117706298828,216.92283630371094,350.0683898925781,226.07523,3.0,test_data/Useful/Validation/sharp sand at 2ft/20241020_172307.jpg,2787.0,383.0,61.785866858836116
18,12.24,19.48,22.0,24.96,29.0,30.0,32.68000000000001,35.0,39.16,42.400000000000006,45.64,48.879999999999995,51.0,53.0,56.0,56.84,59.0,60.639999999999986,63.0,64.0,66.0,67.0,68.0,69.0,72.0,72.0,73.0,74.0,75.0,77.0,77.0,78.0,78.92000000000002,80.16000000000003,81.0,82.63999999999999,84.0,85.0,86.0,87.0,88.0,89.0,90.0,91.0,92.0,93.0,93.0,94.0,95.0,96.0,97.0,98.0,99.0,99.0,101.0,102.0,103.0,103.0,104.15999999999997,106.0,107.0,108.0,108.0,109.36000000000001,111.0,111.0,112.0,113.0,114.0,115.0,116.0,117.0,117.0,118.0,119.0,119.0,120.0,120.72000000000003,121.96000000000004,123.0,124.0,124.0,126.0,126.0,127.39999999999998,128.0,129.88,131.0,132.0,134.0,135.0,136.0,136.32000000000005,138.55999999999995,141.0,142.03999999999996,145.0,148.0,150.0,158.0,108.0,1000.5725490450859,1000.6392157077789,1000.6823529601097,1000.7137255072594,1000.745098054409,1000.7803921699524,1000.8235294222832,1000.8823529481888,1000.9607843160629,3001.0,186.17283935546874,193.5627014160156,198.1992431640625,201.7649139404297,204.82176208496094,207.6172607421875,210.37540283203126,213.3415740966797,217.0147735595703,350.06353759765625,226.06241,3.0,test_data/Useful/Validation/sharp sand at 2ft/20241020_172308.jpg,2810.0,349.0,64.67637877070025
19,8.0,14.48,20.72,26.0,32.0,35.879999999999995,40.68000000000001,44.0,46.16,50.0,53.0,55.0,55.120000000000005,59.0,60.0,61.0,63.0,64.0,65.56,66.80000000000001,68.0,70.0,71.0,72.0,73.0,74.0,76.0,77.0,78.95999999999998,80.0,81.0,81.0,82.0,83.0,84.0,86.0,87.0,88.0,90.0,90.60000000000002,92.0,93.0,93.0,95.0,96.0,97.04000000000002,98.27999999999997,99.0,99.75999999999999,101.0,102.0,103.0,103.72000000000003,104.0,105.0,106.0,107.0,107.0,108.0,109.0,109.0,110.0,111.0,112.0,112.60000000000002,113.84000000000003,114.0,115.0,116.0,117.0,118.0,119.0,120.0,121.0,121.0,122.0,123.0,123.0,124.0,125.0,126.44000000000005,127.67999999999995,128.0,129.0,130.0,130.0,131.0,132.0,133.0,134.0,135.0,137.0,138.0,139.0,141.79999999999995,144.0,146.55999999999995,151.51999999999998,153.76,157.0,109.0,1000.5764706134796,1000.6470588445663,1000.6901960968971,1000.7215686440468,1000.7529411911964,1000.7882353067398,1000.8274509906769,1000.8862745165825,1000.9647058844566,3000.949019610882,186.1012725830078,193.56196899414064,198.2299560546875,201.8549560546875,204.91947174072266,207.73441162109376,210.47015380859375,213.3793487548828,217.02099609375,350.04254150390625,231.31453,3.0,test_data/Useful/Validation/sharp sand at 2ft/20241020_172309.jpg,2741.0,378.0,65.53729076420936
20,1.4800000000000004,10.0,19.72,24.96,32.2,35.879999999999995,39.0,43.0,46.31999999999999,49.0,51.0,54.0,56.0,59.0,61.0,62.84,64.0,65.32,67.0,68.0,69.0,71.0,71.0,72.0,74.0,75.24000000000001,77.0,78.0,79.0,81.0,82.0,83.0,84.0,85.0,85.39999999999998,87.0,88.0,89.0,89.36000000000001,90.0,91.83999999999997,92.0,92.32,93.0,95.0,96.0,96.27999999999997,97.0,98.0,99.0,100.0,101.0,102.0,103.96000000000004,105.0,106.0,106.67999999999995,108.0,108.0,110.0,111.0,111.0,112.0,113.0,113.0,114.0,115.0,116.0,117.0,117.0,118.0,119.0,119.0,120.0,121.0,121.0,122.0,122.72000000000003,124.0,125.0,126.0,126.0,127.0,128.0,129.0,130.0,130.0,131.0,132.0,134.0,134.84000000000003,136.08000000000004,137.0,139.0,140.0,141.0,144.0,147.0,150.76,160.0,92.0,1000.5725490450859,1000.6431372761726,1000.6862745285034,1000.7176470756531,1000.7490196228027,1000.7843137383461,1000.8235294222832,1000.8745098114014,1000.9490196108818,3001.0,185.97772064208985,193.48243713378906,198.25852966308594,201.87303161621094,204.92892456054688,207.76937866210938,210.51004028320312,213.47349548339844,217.1163787841797,349.927734375,224.37187,3.0,test_data/Useful/Validation/sharp sand at 2ft/20241020_172310(0).jpg,2678.0,371.0,56.67268472784524
21,4.24,16.0,20.0,24.96,32.0,36.0,39.0,42.92,44.16,50.0,52.28,54.879999999999995,59.120000000000005,61.0,62.599999999999994,64.0,65.0,66.0,67.0,69.0,70.0,71.28,72.0,73.0,74.0,75.24000000000001,77.0,78.0,78.0,81.0,82.0,83.68,84.92000000000002,85.0,86.0,87.0,87.0,88.0,89.0,90.0,91.0,92.0,93.0,94.0,94.0,95.0,96.0,97.0,98.0,99.0,100.0,101.0,101.0,102.0,103.0,103.0,104.0,105.0,106.15999999999997,107.39999999999998,109.0,109.88,110.0,111.0,112.0,112.0,114.0,114.0,115.0,116.0,117.0,117.27999999999997,118.0,119.75999999999999,120.0,121.0,122.0,122.0,123.0,124.0,125.0,126.0,127.0,128.0,129.0,131.0,131.0,132.0,133.0,134.0,136.0,137.0,138.0,139.0,140.0,143.0,145.0,147.03999999999996,152.51999999999998,160.0,101.0,1000.5725490450859,1000.6392157077789,1000.6823529601097,1000.7137255072594,1000.7411764860153,1000.772549033165,1000.811764717102,1000.866666674614,1000.9450980424881,3001.0,185.93186950683594,193.41471252441406,198.0784454345703,201.6321563720703,204.71463012695312,207.5717010498047,210.30078125,213.22853088378906,216.88790893554688,350.05633544921875,232.2315,3.0,test_data/Useful/Validation/sharp sand at 2ft/20241020_172310.jpg,2627.0,387.0,55.39424517109592
22,10.96,22.48,28.72,34.0,39.2,41.44,44.0,46.0,49.16,52.0,53.64,56.0,57.0,58.0,61.599999999999994,64.0,67.0,68.0,70.0,70.80000000000001,72.0,72.0,73.0,74.0,75.0,76.0,78.0,79.0,80.0,81.0,82.0,83.0,84.92000000000002,86.0,87.0,88.0,88.88,89.0,90.0,92.0,93.0,94.0,95.0,96.0,97.0,97.0,98.27999999999997,99.0,100.0,101.0,102.0,103.0,103.0,104.0,105.0,106.0,107.0,108.0,108.0,109.0,110.0,110.0,111.0,112.0,113.0,113.0,114.0,114.0,115.0,115.0,116.0,118.0,118.0,119.0,120.0,121.0,122.0,123.0,124.0,125.0,125.0,126.0,126.91999999999996,127.15999999999997,128.0,129.64,130.88,132.12,134.0,135.0,136.0,137.08000000000004,139.0,139.55999999999995,142.79999999999995,145.0,147.0,149.51999999999998,151.76,168.0,114.0,1000.584313750267,1000.65098041296,1000.6941176652908,1000.7254902124405,1000.7568627595901,1000.7921568751335,1000.8313725590706,1000.8823529481888,1000.9529411792755,3001.0,186.2628631591797,193.77548217773438,198.44955444335938,202.01844787597656,205.0800323486328,207.9027526855469,210.62559814453124,213.5592498779297,217.17819213867188,349.96026611328125,225.17102,3.0,test_data/Useful/Validation/sharp sand at 2ft/20241020_172311.jpg,2736.0,377.0,64.97372957495826
23,8.0,16.44,22.439999999999998,29.0,33.0,34.879999999999995,40.360000000000014,43.0,43.31999999999999,48.0,51.0,53.879999999999995,56.0,58.360000000000014,59.599999999999994,61.0,64.0,65.0,66.56,68.0,70.0,73.0,73.0,74.75999999999999,76.0,78.0,78.0,79.72000000000003,80.95999999999998,82.0,83.0,84.0,85.0,86.0,87.0,88.0,89.0,90.0,92.0,92.60000000000002,93.0,94.0,95.0,96.0,97.0,98.0,99.0,100.0,101.0,102.0,102.0,103.0,104.0,105.0,107.0,107.0,108.0,109.0,110.0,110.0,111.0,112.0,113.0,113.0,114.0,115.0,116.0,117.0,117.0,118.0,119.0,119.27999999999997,120.0,121.0,122.0,123.0,124.0,125.0,126.0,126.0,127.0,128.0,130.0,131.0,132.39999999999998,133.0,134.0,135.12,136.0,136.60000000000002,138.84000000000003,140.0,141.0,143.0,144.0,146.0,147.0,150.03999999999996,155.51999999999998,169.0,136.0,1000.6000000238419,1000.6666666865349,1000.7098039388657,1000.745098054409,1000.7803921699524,1000.8196078538895,1000.8627451062202,1000.9176470637321,1000.9843137264252,3001.0,186.5489501953125,194.0035400390625,198.70721435546875,202.29338989257812,205.34545135498047,208.15889587402344,210.889404296875,213.82440185546875,217.4577178955078,349.9250793457031,223.64062,3.0,test_data/Useful/Validation/sharp sand at 2ft/20241020_172315(0).jpg,2820.0,356.0,57.27191937837743
24,3.24,8.48,17.72,25.96,30.200000000000003,33.0,36.68000000000001,39.92,43.16,46.0,48.0,49.0,50.120000000000005,54.0,56.0,58.0,60.08000000000001,62.0,65.0,66.80000000000001,69.0,70.28,71.52000000000001,72.75999999999999,73.0,74.24000000000001,75.0,76.0,78.0,79.0,80.0,81.0,81.0,83.0,84.0,85.0,87.0,89.0,90.0,91.0,92.0,92.07999999999998,93.32,94.0,95.0,95.0,96.0,97.0,98.0,99.0,100.0,101.0,101.72000000000003,102.0,103.0,103.44000000000005,104.67999999999995,105.91999999999996,106.15999999999997,107.0,108.0,109.0,110.12,111.0,112.0,112.0,113.0,114.0,114.0,116.0,116.0,117.0,117.51999999999998,118.0,119.0,120.0,120.48000000000002,122.0,123.0,124.0,124.44000000000005,125.67999999999995,126.91999999999996,127.0,128.0,128.0,130.0,131.0,132.0,133.0,134.0,136.0,138.0,139.0,141.0,143.0,145.27999999999997,148.51999999999998,154.76,165.0,127.0,1000.6156862974167,1000.678431391716,1000.7176470756531,1000.7529411911964,1000.7803921699524,1000.811764717102,1000.8509804010391,1000.9019607901573,1000.9686274528503,3001.0,186.4530029296875,193.89493103027343,198.57672119140625,202.24258422851562,205.2835235595703,208.09878540039062,210.8000030517578,213.6802520751953,217.31414794921875,349.985595703125,226.37419,3.0,test_data/Useful/Validation/sharp sand at 2ft/20241020_172315.jpg,2893.0,373.0,61.141636620393484
25,3.24,11.48,19.159999999999997,24.96,29.0,34.31999999999999,39.68000000000001,42.92,47.0,48.400000000000006,50.0,52.0,54.0,55.0,57.0,59.0,61.08000000000001,64.0,66.0,67.0,68.0,69.28,70.52000000000001,73.0,74.0,75.0,76.0,77.72000000000003,79.0,80.0,82.0,83.0,84.0,85.0,86.0,87.63999999999999,88.88,89.0,91.0,92.0,93.0,95.0,95.0,96.0,97.80000000000001,99.04000000000002,100.27999999999997,101.0,102.0,103.0,104.0,105.0,105.72000000000003,106.0,107.0,108.0,109.0,109.91999999999996,110.0,111.0,111.63999999999999,112.0,113.0,113.0,114.0,115.84000000000003,116.0,117.0,118.0,118.0,119.0,119.0,119.51999999999998,120.0,121.0,122.0,123.0,124.0,125.0,126.0,127.0,128.0,129.0,129.15999999999997,130.0,131.0,132.0,133.0,134.0,135.0,135.84000000000003,137.0,138.0,140.0,142.0,143.03999999999996,146.0,148.51999999999998,153.76,160.0,119.0,1000.65098041296,1000.705882370472,1000.745098054409,1000.772549033165,1000.8000000119209,1000.8235294222832,1000.8470588326454,1000.8823529481888,1000.933333337307,3000.949019610882,186.40689086914062,194.0127716064453,198.62628173828125,202.23023986816406,205.28079223632812,208.08063354492188,210.8508056640625,213.82123413085938,217.45591735839844,349.69708251953125,232.75943,3.0,test_data/Useful/Validation/sharp sand at 2ft/20241020_172340_001.jpg,2546.0,336.0,58.60124643305993
26,0.2400000000000002,4.0,9.719999999999999,21.96,28.200000000000003,33.44,41.0,44.92,50.0,53.400000000000006,57.0,58.879999999999995,60.0,62.0,63.0,64.84,67.0,68.32,69.0,70.0,72.0,73.0,74.0,75.0,76.0,78.24000000000001,79.48000000000002,81.72000000000003,83.0,84.0,84.44,85.0,86.0,87.0,87.39999999999998,89.0,90.0,91.0,91.36000000000001,92.60000000000002,93.0,94.07999999999998,96.0,96.56,97.80000000000001,99.0,99.27999999999997,100.51999999999998,101.0,102.0,103.0,104.48000000000002,105.0,105.0,106.0,107.0,108.67999999999995,109.0,110.0,111.0,111.63999999999999,112.0,113.12,114.0,115.0,115.84000000000003,116.08000000000004,117.0,118.0,119.0,120.0,121.0,121.0,122.0,122.0,123.0,124.0,125.0,125.0,127.0,127.44000000000005,129.0,130.0,132.0,132.0,132.64,133.0,134.0,135.0,135.0,136.0,138.0,139.32000000000005,141.0,143.0,144.0,148.0,151.0,154.0,165.0,105.0,1000.65098041296,1000.705882370472,1000.745098054409,1000.772549033165,1000.8000000119209,1000.8235294222832,1000.8470588326454,1000.8823529481888,1000.933333337307,3000.407843142748,186.52354278564454,193.8203887939453,198.5478485107422,202.1873321533203,205.2858657836914,208.07577514648438,210.86819915771483,213.80331420898438,217.52133178710938,349.68743896484375,233.26822,3.0,test_data/Useful/Validation/sharp sand at 2ft/20241020_172340_002.jpg,2558.0,365.0,60.31524395468311
27,6.0,18.0,25.72,29.92,34.2,37.0,42.0,46.0,49.0,51.0,54.0,56.879999999999995,57.0,58.0,61.0,63.0,65.0,67.0,68.0,70.0,71.0,72.0,73.0,74.0,75.0,76.0,77.0,78.0,78.0,80.0,81.0,82.0,82.0,84.0,86.0,87.0,89.0,90.0,91.0,91.0,92.83999999999997,93.0,93.32,94.56,96.0,97.0,98.0,98.0,99.0,99.0,100.0,101.0,101.0,102.0,102.0,103.0,104.0,105.0,106.0,107.0,107.63999999999999,109.0,109.0,109.36000000000001,110.60000000000002,111.84000000000003,113.0,113.0,114.0,114.79999999999995,116.0,116.0,118.0,118.0,119.0,120.0,121.0,122.0,123.0,124.0,125.0,125.67999999999995,127.0,127.15999999999997,128.0,129.0,131.0,132.12,133.36,134.0,136.0,137.0,138.0,139.0,142.0,146.0,147.0,150.0,155.0,168.0,109.0,1000.6470588445663,1000.705882370472,1000.7411764860153,1000.772549033165,1000.8000000119209,1000.8235294222832,1000.8509804010391,1000.8823529481888,1000.933333337307,3000.3490196168423,186.3158416748047,193.8090362548828,198.553955078125,202.17922973632812,205.25057983398438,208.10574340820312,210.8904266357422,213.86392211914062,217.5332489013672,349.63201904296875,232.86516,3.0,test_data/Useful/Validation/sharp sand at 2ft/20241020_172340_003.jpg,2703.0,362.0,58.71668725646276
28,2.0,14.0,23.0,29.0,33.0,34.44,37.0,39.0,43.0,47.20000000000002,50.64,52.0,53.120000000000005,55.0,56.599999999999994,58.0,60.0,63.0,64.56,65.0,67.0,70.0,71.0,73.0,75.0,75.0,76.48000000000002,77.0,79.0,80.0,81.0,82.0,83.0,84.16000000000003,85.0,86.0,87.0,88.0,89.36000000000001,90.0,91.0,92.0,94.0,94.0,95.0,96.0,96.0,97.0,97.0,99.0,100.0,101.0,101.0,102.0,103.0,103.0,104.0,105.0,106.0,107.0,108.0,108.88,110.0,111.0,111.0,113.0,114.0,114.32000000000005,116.0,116.0,118.0,118.0,119.0,120.0,120.0,121.0,122.0,122.72000000000003,123.0,125.0,125.44000000000005,126.0,127.0,128.0,129.0,130.0,131.0,132.0,132.0,133.0,134.84000000000003,137.0,140.0,142.0,143.0,145.03999999999996,147.27999999999997,150.03999999999996,155.76,175.0,132.0,1000.6431372761726,1000.7019608020782,1000.7411764860153,1000.772549033165,1000.8000000119209,1000.8235294222832,1000.8509804010391,1000.8862745165825,1000.9372549057007,3000.9803921580315,186.66839599609375,194.04388122558595,198.73540649414062,202.3458465576172,205.43024444580078,208.20279541015626,210.98256225585936,213.9288757324219,217.5923614501953,349.55609130859375,233.7019,3.0,test_data/Useful/Validation/sharp sand at 2ft/20241020_172340_004.jpg,2673.0,360.0,61.30246716904814
29,18.240000000000002,25.0,31.0,35.0,40.2,42.0,45.0,47.0,51.0,55.0,57.64,58.879999999999995,60.120000000000005,63.0,64.0,65.84,67.0,69.0,70.0,72.0,73.0,74.0,75.0,76.0,77.0,78.0,79.48000000000002,81.72000000000003,84.0,84.0,86.0,87.0,88.0,89.0,90.0,91.0,91.0,92.0,93.0,93.0,94.0,94.0,96.0,97.0,98.0,99.0,99.0,100.0,101.0,101.0,102.0,104.0,104.72000000000003,105.0,106.0,106.0,107.0,107.0,109.0,109.0,110.0,111.0,112.0,113.0,114.0,115.0,116.0,116.32000000000005,117.0,118.0,118.0,119.0,120.0,120.0,121.0,122.0,123.0,124.0,124.96000000000004,125.0,126.0,127.0,127.91999999999996,129.0,129.0,130.64,132.0,133.0,134.0,135.0,136.0,137.0,139.0,140.0,141.79999999999995,143.0,143.0,147.0,151.0,171.0,93.0,1000.6431372761726,1000.7019608020782,1000.7411764860153,1000.772549033165,1000.8000000119209,1000.8235294222832,1000.8509804010391,1000.8862745165825,1000.9372549057007,3000.5882353186607,186.5006866455078,194.0268310546875,198.7028350830078,202.30206298828125,205.32244873046875,208.1529541015625,210.9696807861328,213.92428588867188,217.60841369628906,349.48944091796875,233.23242,3.0,test_data/Useful/Validation/sharp sand at 2ft/20241020_172340_005.jpg,2566.0,379.0,58.33317952297955
30,8.0,19.48,24.439999999999998,33.96,37.0,38.44,44.0,46.0,50.0,52.0,53.0,54.0,57.120000000000005,59.0,60.0,61.0,62.0,63.0,65.0,66.0,68.0,70.0,72.0,72.0,74.0,75.0,76.0,77.0,78.0,79.0,80.0,81.0,82.0,83.0,85.0,86.0,86.0,87.0,88.0,89.0,89.0,90.0,90.0,91.56,92.80000000000001,94.0,95.27999999999997,96.0,97.0,98.0,99.24000000000001,101.0,101.0,102.0,103.0,103.0,104.67999999999995,105.0,106.0,106.0,107.0,108.0,109.0,110.0,111.0,111.0,112.0,114.0,114.0,115.0,116.0,118.0,118.0,119.0,121.0,122.0,123.0,124.72000000000003,125.0,127.0,127.0,128.0,129.0,130.0,130.0,130.64,131.0,132.0,133.0,134.0,136.0,136.0,139.0,141.0,141.79999999999995,144.0,147.0,149.0,153.76,158.0,89.0,1000.6470588445663,1000.705882370472,1000.7411764860153,1000.772549033165,1000.8000000119209,1000.8235294222832,1000.8509804010391,1000.8823529481888,1000.933333337307,3000.470588237047,186.5665283203125,194.0266906738281,198.6892547607422,202.28036499023438,205.37355041503906,208.182861328125,210.97337341308594,213.91419982910156,217.61277770996094,349.3975830078125,235.08395,3.0,test_data/Useful/Validation/sharp sand at 2ft/20241020_172340_009.jpg,2544.0,353.0,62.58589843976377
31,11.0,15.96,20.0,24.0,29.0,31.439999999999998,36.0,38.92,42.31999999999999,45.0,47.0,48.0,52.0,54.0,56.0,57.0,59.0,60.0,62.0,64.0,66.0,68.0,71.04000000000002,72.0,75.0,76.0,76.48000000000002,78.0,79.0,79.19999999999999,80.44,81.68,82.0,83.16000000000003,85.0,86.0,87.88,89.0,90.0,91.0,91.0,93.0,94.0,95.0,96.80000000000001,97.0,98.0,99.0,100.0,100.0,101.0,102.0,103.0,104.0,104.0,106.0,106.67999999999995,107.0,108.0,108.0,108.63999999999999,109.0,110.0,110.0,111.0,112.0,113.0,113.32000000000005,114.0,115.0,116.03999999999996,117.0,119.0,119.0,120.0,121.0,121.0,122.0,122.0,123.0,124.0,124.0,125.91999999999996,126.0,127.0,129.0,130.0,131.0,131.0,132.60000000000002,134.0,135.08000000000004,137.0,138.0,140.0,142.0,143.0,146.0,151.51999999999998,159.0,108.0,1000.65098041296,1000.705882370472,1000.7411764860153,1000.772549033165,1000.7960784435272,1000.8235294222832,1000.8509804010391,1000.8823529481888,1000.933333337307,3000.9921568632126,186.5477294921875,194.0319061279297,198.7263641357422,202.30809020996094,205.37930297851562,208.13397216796875,210.90478515625,213.86398315429688,217.55982971191406,349.4219970703125,234.24196,3.0,test_data/Useful/Validation/sharp sand at 2ft/20241020_172340_010.jpg,2660.0,355.0,57.74772276434783
32,0.2400000000000002,11.0,17.439999999999998,26.800000000000004,32.2,35.0,40.0,45.0,48.0,51.0,52.64,54.0,57.0,59.360000000000014,62.599999999999994,65.84,66.08000000000001,68.0,70.0,71.80000000000001,73.03999999999999,75.28,78.0,79.0,79.0,80.0,81.0,82.0,83.0,84.0,85.0,86.0,87.0,88.0,89.0,90.0,91.0,92.0,92.0,93.0,94.0,95.0,96.0,96.0,97.0,98.0,98.27999999999997,99.0,100.0,101.0,102.0,103.0,103.0,104.0,105.0,105.0,106.0,107.0,108.0,108.39999999999998,109.0,110.0,110.0,111.0,112.0,113.0,114.0,115.0,115.55999999999995,117.0,117.03999999999996,119.0,119.0,120.0,121.0,121.24000000000001,122.0,123.0,124.0,124.0,125.0,126.0,127.0,128.0,129.0,130.0,130.0,131.12,133.0,134.0,135.0,137.0,139.0,141.55999999999995,144.0,146.03999999999996,148.0,151.0,153.76,159.0,110.0,1000.65098041296,1000.705882370472,1000.7411764860153,1000.7686274647713,1000.7960784435272,1000.8235294222832,1000.8470588326454,1000.8784313797951,1000.9294117689133,3000.4000000059605,186.49419555664062,193.97897338867188,198.69407653808594,202.33237915039064,205.40684509277344,208.23481140136718,210.98562774658203,213.91450805664064,217.60877990722656,349.3439025878906,233.32014,3.0,test_data/Useful/Validation/sharp sand at 2ft/20241020_172340_011.jpg,2567.0,369.0,62.809137099339466
33,0.0,4.0,8.719999999999999,18.96,24.200000000000003,27.439999999999998,33.360000000000014,35.92,38.0,40.80000000000001,45.0,47.75999999999999,50.0,52.0,53.599999999999994,56.0,59.0,61.0,62.0,64.0,65.0,66.0,66.52000000000001,68.0,70.0,71.24000000000001,72.0,73.0,75.0,76.0,77.0,78.0,80.0,82.0,83.0,84.0,85.0,86.0,87.0,88.0,89.0,90.0,91.0,92.0,93.0,94.0,95.0,96.0,96.0,97.0,99.0,100.0,100.72000000000003,102.0,103.0,103.0,104.0,105.91999999999996,107.15999999999997,108.39999999999998,109.0,110.0,111.0,112.0,113.60000000000002,114.0,115.0,115.0,115.0,116.0,117.03999999999996,119.0,120.0,120.0,121.0,122.0,123.0,123.0,125.0,126.0,127.0,127.0,128.0,129.0,130.0,131.0,132.0,134.0,134.0,135.0,136.0,137.08000000000004,139.0,140.55999999999995,143.0,145.0,148.0,152.0,154.76,169.0,115.0,1000.6470588445663,1000.705882370472,1000.7411764860153,1000.7686274647713,1000.7960784435272,1000.8235294222832,1000.8509804010391,1000.8823529481888,1000.9294117689133,3000.4509803950787,186.3363494873047,194.01144409179688,198.7435760498047,202.31825256347656,205.3785858154297,208.1629638671875,210.94290161132812,213.89169006347657,217.63155364990234,349.29998779296875,235.21567,3.0,test_data/Useful/Validation/sharp sand at 2ft/20241020_172340_012.jpg,2437.0,320.0,56.06356831759263
34,2.7200000000000006,7.0,13.0,18.96,26.0,31.75999999999999,38.0,40.0,45.0,47.0,50.0,53.0,55.120000000000005,57.0,60.0,62.0,65.08000000000001,68.0,69.56,71.0,72.0,72.28,73.0,74.0,77.0,78.0,79.0,80.0,81.0,83.0,84.0,85.0,86.0,87.0,87.0,88.0,89.0,90.0,91.36000000000001,92.0,92.83999999999997,93.07999999999998,94.0,95.0,96.0,96.0,97.27999999999997,98.0,99.0,100.0,101.0,102.0,102.72000000000003,103.0,104.0,105.0,106.0,107.0,107.0,107.0,108.0,109.0,110.0,111.0,111.0,112.0,113.0,114.0,114.0,115.79999999999995,116.0,117.0,118.0,119.0,120.0,122.0,123.0,124.0,124.96000000000004,125.20000000000005,126.0,126.67999999999995,128.0,130.0,130.39999999999998,131.0,133.0,134.0,135.0,136.0,137.0,138.0,140.0,141.0,142.0,144.0,145.0,147.51999999999998,152.76,167.0,107.0,1000.6549019813538,1000.705882370472,1000.7411764860153,1000.772549033165,1000.7960784435272,1000.8235294222832,1000.8470588326454,1000.8784313797951,1000.9294117689133,3001.0,186.49143829345704,193.9047424316406,198.5970458984375,202.23186340332032,205.32469177246094,208.10972595214844,210.91650390625,213.89749145507812,217.59765625,349.3026123046875,235.45572,3.0,test_data/Useful/Validation/sharp sand at 2ft/20241020_172340_013.jpg,2461.0,325.0,58.5814072474535
35,0.2400000000000002,3.0,8.719999999999999,19.92,23.0,28.439999999999998,31.680000000000007,34.0,36.16,39.0,43.64,48.0,50.0,52.0,54.599999999999994,56.0,58.0,59.0,60.0,60.80000000000001,62.03999999999999,64.28,65.52000000000001,67.0,68.0,70.0,71.0,72.72000000000003,73.95999999999998,76.19999999999999,77.44,79.0,81.0,81.0,82.0,83.0,84.0,86.0,87.0,88.0,89.0,89.0,90.0,90.0,92.80000000000001,94.0,94.27999999999997,96.0,96.75999999999999,98.0,100.0,101.0,102.0,102.0,102.20000000000005,103.0,103.0,104.0,105.0,107.0,108.0,108.88,110.0,111.0,112.0,113.0,114.0,114.0,115.0,116.0,117.0,118.0,119.0,120.0,120.0,121.0,122.0,123.0,123.0,125.0,126.0,127.0,128.0,130.0,131.0,132.0,132.88,134.0,135.0,136.0,136.0,138.0,139.0,140.0,141.0,146.0,148.0,150.51999999999998,154.76,163.0,102.0,1000.6588235497475,1000.7098039388657,1000.745098054409,1000.772549033165,1000.7960784435272,1000.8196078538895,1000.8470588326454,1000.8784313797951,1000.9254902005196,2001.0,186.2958770751953,193.8423583984375,198.5615493774414,202.1879119873047,205.26473999023438,208.13946533203125,210.88128662109375,213.84588623046875,217.591064453125,349.3394775390625,235.33981,3.0,test_data/Useful/Validation/sharp sand at 2ft/20241020_172340_014.jpg,2528.0,348.0,57.0683265800569
36,2.4800000000000004,10.96,21.0,30.880000000000003,37.2,41.0,43.0,45.0,47.16,50.0,52.64,54.0,57.0,60.0,62.0,63.0,65.0,67.32,68.56,69.80000000000001,71.0,72.0,73.0,74.0,76.0,77.0,78.0,79.0,79.95999999999998,81.0,82.0,82.0,84.0,86.0,87.0,88.0,88.0,89.0,89.36000000000001,91.0,92.0,93.0,94.0,95.0,96.0,97.0,98.0,98.0,99.0,100.0,100.0,101.0,102.0,102.96000000000004,104.0,106.0,106.67999999999995,107.0,108.0,109.0,109.63999999999999,110.0,111.0,112.0,113.60000000000002,114.0,115.0,117.0,117.0,118.0,119.0,119.27999999999997,121.0,122.0,123.0,124.0,125.0,126.0,127.0,128.0,128.0,129.67999999999995,131.0,132.0,133.0,133.0,134.0,136.0,136.0,137.0,139.0,141.0,142.0,144.0,145.0,147.03999999999996,149.0,152.0,155.76,162.0,100.0,1000.6588235497475,1000.7098039388657,1000.745098054409,1000.772549033165,1000.7960784435272,1000.8196078538895,1000.8470588326454,1000.8784313797951,1000.9254902005196,3000.470588237047,186.40374603271485,193.9407989501953,198.6203598022461,202.2291259765625,205.308837890625,208.1234588623047,210.916259765625,213.90235900878906,217.60435485839844,349.3712158203125,235.32419,3.0,test_data/Useful/Validation/sharp sand at 2ft/20241020_172340_015.jpg,2429.0,339.0,60.8022215481674
37,0.0,5.0,7.0,16.96,25.60000000000001,33.0,35.68000000000001,40.0,42.0,44.0,45.0,47.0,53.0,55.0,57.0,60.0,63.08000000000001,65.0,66.0,67.0,69.0,70.0,71.0,71.75999999999999,72.0,74.0,75.0,76.0,78.0,79.19999999999999,81.0,82.0,83.0,84.0,85.0,86.0,87.0,88.0,90.0,91.60000000000002,92.0,93.07999999999998,94.0,95.56,97.0,97.0,98.0,99.0,100.0,101.0,101.0,102.0,102.0,103.0,104.0,105.0,106.0,107.0,108.0,109.0,109.0,110.0,111.0,112.0,113.0,114.0,115.0,116.0,117.0,118.0,119.0,119.27999999999997,121.0,121.0,122.0,122.0,123.0,124.0,125.0,126.0,127.0,128.0,129.0,131.0,132.0,133.0,134.0,135.12,136.0,137.0,137.0,138.0,139.32000000000005,141.0,142.0,145.03999999999996,148.0,151.03999999999996,156.76,161.0,122.0,1000.6588235497475,1000.7098039388657,1000.745098054409,1000.772549033165,1000.7960784435272,1000.8235294222832,1000.8470588326454,1000.8784313797951,1000.9254902005196,2001.0,186.4025115966797,193.99771118164062,198.68043518066406,202.30474853515625,205.40286254882812,208.23659057617186,211.02818908691407,213.99628295898438,217.71762084960938,349.24884033203125,236.17216,3.0,test_data/Useful/Validation/sharp sand at 2ft/20241020_172340_019.jpg,2509.0,365.0,58.29464863310156
38,0.0,1.9600000000000009,12.719999999999999,19.96,24.0,28.0,31.0,34.84,38.0,41.0,41.64,43.879999999999995,48.0,49.360000000000014,51.0,54.0,55.08000000000001,57.31999999999999,60.0,61.80000000000001,63.0,65.0,66.52000000000001,69.75999999999999,72.0,73.0,76.0,78.0,79.0,80.0,81.0,83.0,84.0,85.0,86.39999999999998,87.0,87.88,88.0,89.0,90.0,91.0,92.07999999999998,93.0,94.56,96.0,97.04000000000002,98.0,99.0,100.75999999999999,101.0,102.0,103.0,104.72000000000003,105.0,106.0,107.0,107.0,109.0,109.15999999999997,110.0,111.0,111.0,112.12,113.0,114.0,114.0,115.0,115.32000000000005,117.0,118.0,118.0,119.0,120.0,121.0,122.0,122.0,123.0,124.0,125.0,127.0,128.0,130.0,130.0,132.0,132.0,133.64,135.0,137.0,137.36,139.0,140.0,141.0,142.32000000000005,143.55999999999995,144.0,147.0,148.0,149.51999999999998,156.51999999999998,164.0,118.0,1000.6705882549286,1000.7176470756531,1000.7490196228027,1000.772549033165,1000.7960784435272,1000.8196078538895,1000.8431372642517,1000.8745098114014,1000.9137254953384,2001.0,186.4392852783203,193.9114532470703,198.5316619873047,202.20513916015625,205.24880981445312,208.0579833984375,210.85873413085938,213.8200225830078,217.55282592773438,349.1763610839844,236.29431,3.0,test_data/Useful/Validation/sharp sand at 2ft/20241020_172340_020.jpg,2313.0,301.0,61.839015279942146
39,0.0,0.0,0.0,9.96,15.400000000000006,21.439999999999998,25.680000000000007,29.0,36.0,39.0,41.28,45.879999999999995,48.120000000000005,50.0,54.0,57.0,59.0,60.31999999999999,63.0,64.0,66.0,67.56,70.0,72.0,74.0,76.0,76.0,78.72000000000003,80.0,81.0,83.44,85.0,85.0,86.0,87.0,87.0,88.0,89.12,90.0,91.0,93.0,95.0,96.0,97.0,98.0,99.0,100.0,102.0,102.0,103.0,104.0,105.0,106.0,107.0,108.0,109.0,110.0,111.0,112.0,112.39999999999998,113.0,114.88,115.0,116.0,116.0,116.84000000000003,117.0,118.0,119.0,119.0,120.0,120.0,121.0,122.0,123.0,123.0,124.0,125.0,125.0,126.0,127.0,128.0,129.0,130.0,131.0,133.0,134.0,135.0,136.0,137.0,138.0,140.0,141.0,141.55999999999995,142.79999999999995,144.03999999999996,145.0,150.0,154.76,167.0,0.0,1000.678431391716,1000.7215686440468,1000.7490196228027,1000.772549033165,1000.7960784435272,1000.8196078538895,1000.8431372642517,1000.866666674614,1000.905882358551,2001.0,186.3832214355469,193.8844024658203,198.5580596923828,202.10310974121094,205.2046661376953,208.03689575195312,210.8070571899414,213.78387451171875,217.54461517333985,349.0794372558594,238.88857,3.0,test_data/Useful/Validation/sharp sand at 2ft/20241020_172340_021.jpg,2301.0,322.0,60.80863545506591
40,0.0,0.0,0.0,5.920000000000002,16.0,23.0,26.680000000000007,31.0,35.0,39.0,42.0,43.0,48.0,50.0,53.0,54.0,56.160000000000025,61.0,63.0,65.0,67.0,69.0,69.0,71.75999999999999,73.0,75.0,76.48000000000002,79.0,80.0,82.0,83.0,84.0,85.0,88.0,89.0,90.0,90.0,91.0,91.36000000000001,93.0,94.0,94.0,95.32,96.0,97.0,98.04000000000002,99.0,100.0,101.0,103.0,103.0,104.0,105.0,105.0,106.0,107.44000000000005,108.0,109.0,111.0,111.39999999999998,112.0,113.0,114.0,114.36000000000001,115.0,116.0,116.08000000000004,117.0,118.0,119.79999999999995,120.0,121.0,122.0,123.0,124.0,124.0,125.0,126.0,126.0,127.0,128.0,129.0,130.91999999999996,131.0,132.0,133.64,135.0,136.0,137.0,138.0,139.84000000000003,141.0,142.0,143.0,144.0,145.0,147.27999999999997,150.0,151.0,157.0,0.0,1000.678431391716,1000.7215686440468,1000.7490196228027,1000.772549033165,1000.7960784435272,1000.8156862854958,1000.839215695858,1000.866666674614,1000.905882358551,2001.0,186.36831665039062,193.87930297851562,198.55935668945312,202.094482421875,205.16981506347656,207.98736572265625,210.77117919921875,213.75389099121094,217.4881591796875,349.064208984375,238.86385,3.0,test_data/Useful/Validation/sharp sand at 2ft/20241020_172340_022.jpg,2153.0,317.0,57.219325794147146
41,0.0,0.0,0.0,1.0,6.200000000000017,14.439999999999998,20.0,27.92,30.159999999999997,35.0,38.64,41.0,43.0,45.0,46.0,48.0,52.0,53.0,56.0,58.0,61.03999999999999,63.0,64.52000000000001,66.0,68.0,69.24000000000001,71.0,73.0,74.95999999999998,76.0,77.44,78.0,79.0,81.0,82.0,83.0,85.0,86.0,87.0,88.0,90.0,92.0,93.0,94.0,95.0,97.0,98.0,99.0,99.75999999999999,100.0,101.24000000000001,102.48000000000002,103.0,103.0,104.0,105.0,106.0,107.0,108.0,108.0,109.0,110.0,110.0,111.0,112.0,113.0,114.0,115.0,116.0,117.0,118.0,119.0,119.0,120.0,121.0,122.0,123.0,124.0,125.0,126.0,126.0,127.0,128.0,128.15999999999997,130.0,131.0,132.88,134.0,135.0,137.0,137.0,139.08000000000004,141.0,143.0,144.0,145.03999999999996,147.0,149.51999999999998,152.0,170.0,0.0,1000.678431391716,1000.7215686440468,1000.7490196228027,1000.772549033165,1000.7960784435272,1000.8156862854958,1000.839215695858,1000.866666674614,1000.905882358551,2001.0,186.31375732421876,193.8054382324219,198.52792358398438,202.13255004882814,205.19700622558594,208.00523376464844,210.81070709228516,213.7517852783203,217.48170471191406,348.9979553222656,236.9527,3.0,test_data/Useful/Validation/sharp sand at 2ft/20241020_172340_023.jpg,2225.0,296.0,58.303704656935764
42,0.0,0.0,0.0,0.0,2.0,6.0,14.680000000000007,19.0,23.0,25.80000000000001,31.28,37.0,41.0,42.360000000000014,44.599999999999994,46.84,48.0,51.0,56.0,58.80000000000001,60.0,63.28,65.0,67.75999999999999,69.0,71.0,73.0,74.0,75.0,78.0,79.0,80.0,81.0,82.0,84.0,85.0,86.0,87.12,89.36000000000001,91.0,91.0,92.0,93.0,94.0,95.0,96.0,96.0,97.0,98.0,99.0,100.0,100.48000000000002,102.0,103.0,104.0,105.0,106.0,107.0,107.15999999999997,108.0,109.0,110.0,110.12,111.0,111.60000000000002,112.0,113.0,114.0,115.0,116.0,117.0,117.0,118.0,119.75999999999999,120.0,121.0,122.0,123.0,124.0,126.0,127.0,128.0,129.0,131.0,131.0,132.0,133.0,135.0,136.0,137.60000000000002,139.0,140.0,141.0,142.0,143.0,145.0,147.27999999999997,149.0,152.0,157.0,0.0,1000.678431391716,1000.7215686440468,1000.7490196228027,1000.772549033165,1000.7960784435272,1000.8156862854958,1000.839215695858,1000.866666674614,1000.905882358551,2001.0,186.29051361083984,193.7501678466797,198.46212463378907,202.09999084472656,205.19033813476562,208.0347442626953,210.80665588378906,213.74989624023436,217.46876525878906,348.9901123046875,237.65677,3.0,test_data/Useful/Validation/sharp sand at 2ft/20241020_172340_024.jpg,2305.0,321.0,59.70001733393181
43,0.0,0.0,0.0,0.0,1.6000000000000085,10.879999999999995,15.0,18.840000000000003,21.159999999999997,26.0,30.28,33.0,35.24000000000001,40.0,43.599999999999994,46.0,49.0,53.31999999999999,56.0,61.0,62.0,64.0,67.0,68.75999999999999,71.0,73.0,74.0,74.72000000000003,77.95999999999998,79.0,81.0,82.0,83.0,85.0,87.0,88.0,88.0,89.0,90.36000000000001,91.0,92.0,94.0,94.0,96.0,97.0,97.0,99.0,100.0,101.0,101.0,102.0,103.0,103.72000000000003,104.0,105.0,105.44000000000005,106.0,107.0,108.0,109.0,109.0,110.0,110.12,111.0,112.0,112.84000000000003,114.0,114.0,115.0,116.0,117.0,118.0,119.0,120.0,121.0,122.0,123.0,123.72000000000003,124.0,125.0,126.0,128.0,129.0,130.0,130.39999999999998,131.64,132.88,134.0,134.36,135.0,136.84000000000003,138.0,139.0,140.0,141.79999999999995,143.0,147.27999999999997,150.0,154.0,167.0,0.0,1000.6823529601097,1000.7215686440468,1000.7490196228027,1000.772549033165,1000.7960784435272,1000.8156862854958,1000.8352941274643,1000.8627451062202,1000.8980392217636,2001.0,186.22486724853516,193.7743682861328,198.42180633544922,202.02733764648437,205.15433502197266,207.9388458251953,210.71678161621094,213.73992919921875,217.43331909179688,349.0620422363281,237.72922,3.0,test_data/Useful/Validation/sharp sand at 2ft/20241020_172340_025.jpg,2227.0,303.0,58.92482609866089
44,0.7200000000000006,14.0,18.439999999999998,24.880000000000003,28.0,30.439999999999998,36.68000000000001,39.0,42.0,45.0,46.0,48.879999999999995,51.120000000000005,54.0,55.0,57.84,59.08000000000001,63.31999999999999,66.0,67.0,68.03999999999999,70.0,71.0,72.0,73.0,75.0,76.0,77.0,78.0,78.19999999999999,79.44,81.0,81.0,82.0,83.0,83.63999999999999,85.0,86.0,87.0,88.0,89.0,90.0,91.0,92.56,93.0,95.0,96.0,97.0,98.0,99.0,99.24000000000001,100.48000000000002,101.72000000000003,102.96000000000004,103.20000000000005,104.0,105.0,105.91999999999996,106.0,107.0,108.0,109.0,110.0,111.0,112.0,112.0,114.0,115.0,116.0,116.79999999999995,117.0,118.27999999999997,119.51999999999998,120.0,121.0,122.0,122.0,123.0,123.96000000000004,125.0,125.0,126.67999999999995,127.0,129.0,129.0,130.0,132.0,134.0,136.0,136.0,137.84000000000003,138.08000000000004,140.0,142.0,143.0,145.0,148.0,150.0,152.0,159.0,122.0,1000.6431372761726,1000.6901960968971,1000.7176470756531,1000.745098054409,1000.7647058963776,1000.7882353067398,1000.811764717102,1000.8431372642517,1000.8862745165825,3000.9411764740944,186.09963989257812,193.51129150390625,198.23728942871094,201.79718017578125,204.92759704589844,207.7450714111328,210.5001678466797,213.4633026123047,217.1351776123047,349.66925048828125,232.41219,3.0,test_data/Useful/Validation/sharp sand at 2ft/20241020_172340_059.jpg,2314.0,328.0,60.25367081936012
45,3.0,18.44,25.0,31.840000000000003,35.0,41.0,43.0,46.0,49.0,51.400000000000006,54.0,56.0,58.0,58.360000000000014,61.0,63.0,64.0,65.0,67.0,67.80000000000001,69.0,70.0,71.0,72.0,73.0,74.24000000000001,75.48000000000002,77.0,79.0,80.0,82.0,82.0,83.0,84.0,86.0,87.0,88.0,89.0,90.0,90.60000000000002,91.0,93.0,94.0,95.0,96.0,97.0,98.0,99.0,100.0,101.0,102.0,102.0,103.0,104.0,104.0,105.0,106.0,107.0,108.0,109.0,110.0,110.88,111.0,112.0,113.0,114.0,115.0,116.0,116.55999999999995,117.0,118.0,119.0,120.0,120.0,122.0,123.24000000000001,124.0,125.0,125.96000000000004,126.0,127.0,128.0,128.0,129.0,129.0,130.0,131.0,132.0,133.0,135.0,135.84000000000003,137.0,138.0,138.0,140.0,142.03999999999996,145.0,148.0,150.76,163.0,129.0,1000.6352941393852,1000.6823529601097,1000.7176470756531,1000.7411764860153,1000.7647058963776,1000.7882353067398,1000.8156862854958,1000.8470588326454,1000.8941176533699,3001.0,186.1495162963867,193.61089172363282,198.3448501586914,201.93648376464844,205.00052642822266,207.7616424560547,210.56419982910157,213.46754150390626,217.1025848388672,349.7618408203125,229.96031,3.0,test_data/Useful/Validation/sharp sand at 2ft/20241020_172340_060.jpg,2394.0,326.0,61.4816123447236
46,0.0,0.0,5.719999999999999,10.96,17.0,22.879999999999995,29.0,36.0,38.0,43.0,45.64,50.0,51.0,52.0,53.0,55.84,58.08000000000001,61.0,62.56,63.80000000000001,66.0,67.28,70.0,71.0,72.0,73.0,74.0,75.0,76.0,78.19999999999999,79.0,81.0,81.0,83.0,84.0,85.0,86.0,87.0,88.0,89.60000000000002,91.0,91.07999999999998,93.0,94.56,95.0,97.0,98.0,98.51999999999998,99.0,100.0,101.0,102.0,103.0,104.0,105.0,105.44000000000005,106.67999999999995,108.0,110.0,110.0,111.0,111.88,113.0,114.0,114.0,115.0,116.0,116.0,117.0,118.0,118.03999999999996,119.27999999999997,120.0,121.0,122.0,123.0,124.0,125.0,125.0,126.0,128.0,129.0,130.0,131.0,132.0,133.0,135.0,135.12,136.36,138.0,138.84000000000003,139.0,141.0,142.0,143.0,144.03999999999996,147.0,149.0,152.76,167.0,0.0,1000.6549019813538,1000.6980392336845,1000.7215686440468,1000.745098054409,1000.7647058963776,1000.7882353067398,1000.8078431487083,1000.8352941274643,1000.8745098114014,2001.0,186.10198974609375,193.5596893310547,198.23863677978517,201.84007263183594,204.89703369140625,207.7196502685547,210.50435943603514,213.44332885742188,217.13189697265625,349.6103210449219,233.41086,3.0,test_data/Useful/Validation/sharp sand at 2ft/20241020_172340_061.jpg,2231.0,322.0,60.13577248817612
47,0.0,7.48,13.0,21.96,26.200000000000003,32.0,35.68000000000001,38.92,42.0,46.0,50.0,52.0,54.0,56.0,58.0,59.84,61.08000000000001,64.32,67.0,67.0,68.03999999999999,71.0,72.0,74.0,75.0,75.24000000000001,76.0,77.0,78.95999999999998,80.0,80.0,81.0,82.0,83.16000000000003,84.0,84.63999999999999,86.0,87.0,88.0,88.0,89.83999999999997,91.0,91.32,93.0,94.0,96.0,96.0,97.0,98.0,99.0,100.24000000000001,102.0,103.0,103.0,104.0,105.0,105.0,105.0,107.0,108.0,109.0,110.0,111.0,111.0,112.0,113.0,114.0,114.32000000000005,115.55999999999995,116.0,117.0,118.0,118.51999999999998,119.75999999999999,121.0,122.0,122.48000000000002,123.72000000000003,125.0,126.0,126.44000000000005,128.0,129.0,129.0,131.0,132.0,132.0,134.0,135.0,136.0,138.0,139.0,142.0,142.55999999999995,144.0,146.0,149.0,152.0,157.0,165.0,105.0,1000.6549019813538,1000.6980392336845,1000.7215686440468,1000.745098054409,1000.7647058963776,1000.7882353067398,1000.8078431487083,1000.8352941274643,1000.8784313797951,3000.9960784316063,186.18722381591797,193.54872131347656,198.23641967773438,201.8470916748047,204.96783447265625,207.77163696289062,210.56398010253906,213.48936462402344,217.13854064941407,349.62939453125,230.8828,3.0,test_data/Useful/Validation/sharp sand at 2ft/20241020_172340_062.jpg,2296.0,339.0,62.98825372461936
48,2.0,9.880000000000003,21.72,26.96,30.400000000000006,34.0,37.360000000000014,42.0,44.0,46.400000000000006,49.64,51.0,53.0,55.0,56.599999999999994,59.0,61.0,62.0,63.0,64.80000000000001,66.0,67.28,69.0,70.75999999999999,72.0,74.0,75.0,76.0,77.0,79.0,79.0,79.68,81.0,82.0,82.39999999999998,84.0,85.0,86.0,87.0,88.0,89.0,90.07999999999998,92.0,93.0,93.80000000000001,94.0,95.0,96.0,96.0,98.0,99.0,99.0,100.0,100.0,101.0,102.0,102.0,103.0,104.0,105.0,106.0,107.0,108.0,109.0,109.0,110.0,111.0,112.0,113.0,114.79999999999995,115.0,117.0,117.51999999999998,119.0,120.0,120.0,121.0,122.0,123.0,124.20000000000005,126.0,127.0,128.0,128.0,130.0,131.0,132.0,132.0,133.0,135.0,136.84000000000003,138.0,139.32000000000005,141.55999999999995,143.79999999999995,145.0,148.27999999999997,151.51999999999998,154.76,164.0,99.0,1000.6549019813538,1000.6980392336845,1000.7215686440468,1000.745098054409,1000.7647058963776,1000.7882353067398,1000.811764717102,1000.839215695858,1000.8784313797951,3000.9803921580315,186.17044067382812,193.5747283935547,198.22894287109375,201.84671020507812,204.8983917236328,207.71923828125,210.48867797851562,213.44178771972656,217.0931396484375,349.6813659667969,230.50165,3.0,test_data/Useful/Validation/sharp sand at 2ft/20241020_172340_063.jpg,2367.0,360.0,57.75927302567024
49,0.0,0.0,5.719999999999999,11.0,16.200000000000003,19.439999999999998,25.0,35.0,41.16,45.0,46.64,48.0,51.0,52.0,54.0,55.84,57.0,58.0,59.0,61.0,63.0,64.0,65.0,68.0,71.0,72.0,73.0,75.0,76.0,77.0,78.44,79.68,81.0,82.0,83.0,84.0,84.88,85.0,86.0,87.0,87.83999999999997,89.0,89.0,90.0,91.0,92.0,93.0,94.0,96.0,98.0,100.0,100.0,101.72000000000003,102.0,103.0,104.0,106.0,106.91999999999996,107.15999999999997,108.39999999999998,109.0,110.0,110.0,111.0,112.0,112.0,113.0,114.0,115.0,116.0,116.0,117.0,117.51999999999998,119.0,119.0,120.0,121.48000000000002,123.0,123.0,124.0,125.0,126.0,127.0,128.0,129.0,130.0,132.0,132.12,133.0,134.60000000000002,137.0,138.0,140.0,141.0,143.0,144.03999999999996,148.0,150.0,158.03999999999996,167.0,0.0,1000.65098041296,1000.6941176652908,1000.7215686440468,1000.745098054409,1000.7647058963776,1000.7882353067398,1000.811764717102,1000.839215695858,1000.8823529481888,3000.988235294819,186.0947265625,193.5466766357422,198.21255493164062,201.86529541015625,204.93795776367188,207.74675903320312,210.48577728271485,213.44569702148436,217.14471893310548,349.75201416015625,231.45769,3.0,test_data/Useful/Validation/sharp sand at 2ft/20241020_172340_064.jpg,2394.0,336.0,64.36060846479614
50,0.0,0.0,5.0,10.0,16.200000000000003,20.319999999999993,27.0,32.0,34.16,40.400000000000006,43.0,45.0,47.120000000000005,50.0,52.599999999999994,54.0,56.0,58.0,59.56,61.0,63.0,65.0,67.0,68.0,69.0,70.0,71.0,72.72000000000003,75.0,79.0,80.0,82.0,82.0,83.0,83.0,85.0,86.0,86.0,87.0,88.0,89.83999999999997,91.0,92.0,93.0,94.0,95.04000000000002,96.27999999999997,98.0,99.0,100.0,100.0,101.0,101.72000000000003,103.0,104.0,105.0,106.0,106.0,107.0,107.0,108.0,109.0,110.0,110.0,111.0,112.0,112.0,113.0,115.0,115.0,116.0,116.27999999999997,118.0,119.0,120.0,121.24000000000001,123.0,123.0,124.0,125.0,126.0,127.0,128.0,129.0,130.0,131.0,131.88,132.12,133.0,135.0,136.0,138.08000000000004,139.0,141.0,143.0,145.0,146.27999999999997,150.51999999999998,153.0,164.0,0.0,1000.65098041296,1000.6941176652908,1000.7215686440468,1000.745098054409,1000.7647058963776,1000.7882353067398,1000.811764717102,1000.8431372642517,1000.8862745165825,2001.0,185.97642517089844,193.5798126220703,198.28082580566405,201.87628784179688,204.97222137451172,207.77325439453125,210.5841827392578,213.5260772705078,217.18382263183594,349.6902770996094,232.08139,3.0,test_data/Useful/Validation/sharp sand at 2ft/20241020_172340_065.jpg,2433.0,339.0,57.134235800782925
51,0.0,0.0,0.7199999999999989,10.0,18.200000000000003,25.439999999999998,29.0,32.0,36.16,39.400000000000006,42.0,45.879999999999995,48.0,49.360000000000014,51.599999999999994,52.0,54.0,56.0,57.56,59.0,62.03999999999999,64.0,66.52000000000001,68.0,69.0,70.0,72.0,73.0,75.0,76.19999999999999,78.0,79.0,80.0,81.0,84.0,86.0,87.0,88.0,88.0,90.0,91.0,92.0,93.0,93.56,95.80000000000001,97.0,98.0,98.51999999999998,99.0,101.0,101.0,103.0,103.0,104.0,104.20000000000005,106.0,106.0,107.91999999999996,109.0,110.0,110.0,111.0,112.0,113.0,113.0,114.0,116.0,117.0,118.0,119.79999999999995,120.0,120.27999999999997,121.0,122.0,123.0,123.0,124.0,125.0,126.0,126.20000000000005,127.0,128.0,128.0,129.0,131.0,131.64,133.0,135.0,136.0,137.0,139.0,140.0,141.0,142.55999999999995,143.79999999999995,145.0,146.0,148.51999999999998,155.0,167.0,0.0,1000.6549019813538,1000.6941176652908,1000.7215686440468,1000.745098054409,1000.7686274647713,1000.7882353067398,1000.811764717102,1000.839215695858,1000.8823529481888,2001.0,186.15328063964844,193.62480773925782,198.30474090576172,201.90982666015626,205.01995849609375,207.83749389648438,210.57188415527344,213.49977111816406,217.19119262695312,349.6365966796875,233.50507,3.0,test_data/Useful/Validation/sharp sand at 2ft/20241020_172340_066.jpg,2376.0,317.0,64.5523805637013
52,0.0,2.9200000000000017,7.719999999999999,15.96,22.0,28.879999999999995,31.680000000000007,35.0,39.16,44.0,45.0,46.0,48.0,50.0,52.599999999999994,57.84,60.0,61.31999999999999,65.0,66.80000000000001,69.03999999999999,70.0,71.52000000000001,73.0,74.0,76.0,77.0,78.0,79.95999999999998,80.19999999999999,82.0,83.68,85.92000000000002,87.0,88.0,88.0,89.0,90.0,91.0,92.0,92.0,93.07999999999998,94.0,95.0,96.0,96.04000000000002,97.0,98.0,98.0,100.0,101.0,103.0,104.0,105.0,106.0,107.0,107.67999999999995,109.0,110.0,110.0,111.0,111.0,112.0,113.0,114.0,114.0,115.0,115.0,116.0,117.0,118.0,118.27999999999997,119.0,120.0,121.0,123.0,123.0,124.0,125.0,127.0,128.0,129.0,129.91999999999996,130.0,131.39999999999998,132.0,132.88,133.0,134.0,135.0,136.0,137.0,138.0,140.0,141.0,144.0,146.27999999999997,148.0,151.76,170.0,110.0,1000.6588235497475,1000.7019608020782,1000.7294117808342,1000.7490196228027,1000.7686274647713,1000.7882353067398,1000.811764717102,1000.839215695858,1000.8784313797951,2001.0,186.39816284179688,194.04319763183594,198.65744018554688,202.2544708251953,205.3455352783203,208.1429901123047,210.89834594726562,213.83688354492188,217.48451232910156,349.75262451171875,232.2904,3.0,test_data/Useful/Validation/sharp sand at 2ft/20241020_172340_069.jpg,2395.0,318.0,62.32151958691034
53,0.0,3.0,11.719999999999999,16.96,23.200000000000003,25.439999999999998,32.68000000000001,35.92,39.16,41.80000000000001,45.64,49.879999999999995,53.0,56.360000000000014,60.0,61.0,63.0,64.0,65.56,67.0,69.0,70.0,71.0,72.0,73.0,74.0,75.0,76.0,77.95999999999998,79.0,80.0,80.68,82.0,84.0,85.0,86.0,87.0,87.12,88.36000000000001,89.0,90.0,91.0,91.0,92.56,94.0,94.0,96.0,97.0,97.0,98.0,99.0,100.0,101.0,102.0,103.0,104.44000000000005,105.67999999999995,106.91999999999996,108.0,109.0,110.0,110.88,111.0,112.0,113.0,114.0,115.08000000000004,116.0,117.0,117.0,119.0,120.0,121.0,122.0,123.0,124.0,125.0,125.0,126.0,127.0,128.0,129.0,130.0,131.0,132.0,133.0,134.0,136.0,137.0,138.0,139.0,140.08000000000004,142.0,143.0,144.0,145.0,147.27999999999997,150.0,152.76,159.0,117.0,1000.6627451181412,1000.7019608020782,1000.7294117808342,1000.7490196228027,1000.7686274647713,1000.7921568751335,1000.811764717102,1000.839215695858,1000.8784313797951,2000.9686274528503,186.45167541503906,193.9611785888672,198.64640350341796,202.2991912841797,205.3644256591797,208.18155517578126,210.90721130371094,213.84698486328125,217.60617065429688,349.7595520019531,232.7038,3.0,test_data/Useful/Validation/sharp sand at 2ft/20241020_172340_070.jpg,2374.0,311.0,64.621518346728
54,0.0,6.960000000000001,13.0,17.96,27.200000000000003,33.44,37.0,41.760000000000005,46.16,48.400000000000006,50.0,52.879999999999995,55.0,57.0,58.0,60.0,64.0,65.32,67.0,67.80000000000001,70.0,71.0,72.0,73.75999999999999,75.0,77.24000000000001,79.0,80.0,81.95999999999998,82.19999999999999,83.0,84.0,85.0,87.0,88.0,89.0,89.88,92.0,93.0,94.0,95.0,97.0,97.32,98.0,99.0,100.0,101.0,102.51999999999998,103.0,104.0,105.0,105.0,107.0,107.0,108.0,109.0,110.0,111.0,112.0,112.39999999999998,113.0,114.0,115.0,116.0,116.0,117.0,118.0,118.32000000000005,120.0,120.0,121.0,122.0,123.0,123.0,124.0,125.0,126.0,127.0,128.0,129.0,129.0,130.0,131.0,132.0,132.39999999999998,133.64,135.88,137.0,138.0,139.0,139.84000000000003,141.08000000000004,144.0,144.0,146.0,147.03999999999996,150.27999999999997,152.0,154.76,159.0,113.0,1000.6627451181412,1000.7019608020782,1000.7294117808342,1000.7529411911964,1000.772549033165,1000.7921568751335,1000.811764717102,1000.839215695858,1000.8823529481888,2001.0,186.39533233642578,193.97779541015626,198.6669937133789,202.20701599121094,205.28038024902344,208.11178588867188,210.87783813476562,213.8573791503906,217.50755310058594,349.88677978515625,231.67975,3.0,test_data/Useful/Validation/sharp sand at 2ft/20241020_172340_071.jpg,2406.0,294.0,64.2353668544311
55,0.0,5.48,12.719999999999999,17.96,25.200000000000003,31.439999999999998,34.68000000000001,38.0,41.0,44.0,45.0,50.0,52.0,56.0,58.0,60.0,61.08000000000001,63.0,65.0,67.0,68.0,70.28,72.52000000000001,73.75999999999999,76.0,78.0,79.0,81.0,82.0,83.0,84.0,85.68,86.0,88.16000000000003,89.0,90.63999999999999,91.0,92.0,93.0,94.0,94.0,95.0,96.0,97.0,97.0,98.0,99.27999999999997,101.0,102.75999999999999,104.0,104.24000000000001,105.0,106.0,106.0,107.0,108.0,109.0,110.0,110.0,112.0,112.0,113.0,114.0,114.0,115.0,115.0,117.0,118.0,118.0,119.0,120.0,121.0,121.0,122.0,124.0,125.0,126.0,127.0,128.0,129.0,130.0,131.0,132.0,133.0,133.0,134.64,135.0,136.0,137.0,138.0,139.0,140.0,141.0,142.0,143.0,144.0,147.0,149.0,152.0,168.0,115.0,1000.6627451181412,1000.705882370472,1000.7294117808342,1000.7529411911964,1000.772549033165,1000.7921568751335,1000.8156862854958,1000.839215695858,1000.8823529481888,3001.0,186.54523773193358,194.06802368164062,198.71331024169922,202.28208923339844,205.33788299560547,208.13030090332032,210.85361328125,213.80975036621095,217.48611450195312,349.9070739746094,231.27908,3.0,test_data/Useful/Validation/sharp sand at 2ft/20241020_172340_072.jpg,2535.0,325.0,64.96621998968094
56,0.0,0.0,6.719999999999999,12.920000000000002,17.0,19.0,23.680000000000007,27.0,30.159999999999997,33.0,36.0,40.0,42.0,44.360000000000014,47.0,49.84,51.0,53.31999999999999,56.56,58.80000000000001,62.0,63.0,64.0,65.75999999999999,67.0,69.24000000000001,70.48000000000002,72.72000000000003,74.95999999999998,76.0,78.0,79.0,80.0,81.0,82.0,83.0,85.0,86.12,87.0,88.0,90.0,91.0,92.0,94.0,95.0,96.0,96.0,97.51999999999998,99.0,99.0,100.0,101.0,102.0,103.0,103.20000000000005,104.0,105.0,106.0,107.0,107.39999999999998,109.0,110.0,110.12,111.0,112.0,112.0,113.0,114.0,115.55999999999995,116.79999999999995,117.0,118.0,119.0,120.0,121.0,122.0,122.48000000000002,123.0,124.0,125.0,126.0,127.0,127.0,128.0,129.0,130.0,131.0,133.0,134.0,134.0,135.0,135.08000000000004,137.0,137.55999999999995,139.79999999999995,141.03999999999996,143.0,147.0,153.0,159.0,0.0,1000.6627451181412,1000.7019608020782,1000.7294117808342,1000.7490196228027,1000.772549033165,1000.7921568751335,1000.8156862854958,1000.8431372642517,1000.8862745165825,3001.0,186.4341781616211,193.92311096191406,198.55531311035156,202.16917419433594,205.26871490478516,208.03670654296874,210.8014923095703,213.75881652832032,217.39120483398438,350.03472900390625,229.48004,3.0,test_data/Useful/Validation/sharp sand at 2ft/20241020_172340_073.jpg,2626.0,354.0,55.960370751849766
57,0.0,0.0,1.0,11.880000000000003,19.0,26.439999999999998,33.360000000000014,36.0,39.16,43.0,47.64,49.879999999999995,53.120000000000005,57.0,60.19999999999999,62.0,64.0,66.32,69.0,71.0,73.0,74.28,77.52000000000001,79.0,80.0,81.0,82.0,83.0,83.0,85.0,86.0,87.0,88.0,90.0,91.0,91.0,92.88,94.0,95.0,96.0,97.83999999999997,99.0,99.0,100.0,100.0,101.0,102.0,103.0,103.0,104.0,104.0,105.0,106.0,107.0,108.0,108.0,109.0,110.0,110.0,111.0,112.0,112.88,113.12,114.0,115.0,116.0,116.0,116.0,118.55999999999995,120.0,121.0,121.0,122.0,122.0,123.0,123.0,124.0,124.0,125.96000000000004,127.0,127.44000000000005,128.0,129.0,131.0,131.0,132.0,133.0,134.12,136.0,137.0,138.0,140.0,141.0,142.55999999999995,144.0,146.03999999999996,149.0,150.0,151.76,165.0,0.0,1000.6627451181412,1000.7019608020782,1000.7294117808342,1000.7490196228027,1000.772549033165,1000.7921568751335,1000.8156862854958,1000.8431372642517,1000.8862745165825,3001.0,186.1589813232422,193.73419189453125,198.46046447753906,202.09274291992188,205.18125915527344,207.98797607421875,210.70703125,213.66983032226562,217.33335876464844,350.08648681640625,230.36119,3.0,test_data/Useful/Validation/sharp sand at 2ft/20241020_172340_074.jpg,2509.0,335.0,56.339648285625216
58,2.24,6.960000000000001,14.719999999999999,17.0,22.400000000000006,28.0,31.0,34.92,41.0,42.400000000000006,45.64,48.0,51.0,53.0,54.0,57.0,60.0,61.0,62.56,64.0,65.0,65.28,67.0,68.0,70.0,71.0,73.0,74.0,75.0,76.0,76.0,77.0,78.0,79.0,80.39999999999998,81.0,82.88,84.0,85.0,86.60000000000002,88.0,89.07999999999998,90.0,91.0,92.0,93.0,94.0,95.0,97.0,98.0,98.0,99.0,100.0,101.0,102.0,103.0,104.0,105.0,106.0,107.0,108.0,109.0,110.0,111.0,112.0,112.0,113.08000000000004,114.0,114.55999999999995,115.0,116.0,117.0,118.0,118.0,119.0,120.0,122.0,122.0,123.0,124.0,124.44000000000005,125.0,125.0,126.0,128.0,128.64,130.0,131.0,133.0,134.60000000000002,135.0,136.08000000000004,138.32000000000005,140.0,141.0,142.07999999999993,147.0,149.51999999999998,154.0,162.0,125.0,1000.6627451181412,1000.7019608020782,1000.7294117808342,1000.7490196228027,1000.772549033165,1000.7921568751335,1000.8156862854958,1000.8431372642517,1000.8901960849762,3001.0,186.26081237792968,193.7490264892578,198.44966735839844,202.08592224121094,205.15184783935547,207.9317138671875,210.6707305908203,213.607763671875,217.29135284423828,350.12542724609375,230.86449,3.0,test_data/Useful/Validation/sharp sand at 2ft/20241020_172340_075.jpg,2645.0,336.0,57.66068563557298
59,0.0,0.0,6.159999999999997,19.96,23.0,28.0,31.0,35.0,36.16,39.400000000000006,42.64,44.0,47.0,50.0,52.0,54.0,57.08000000000001,59.0,60.0,62.0,63.0,64.0,65.52000000000001,68.0,70.0,71.24000000000001,73.48000000000002,75.0,75.95999999999998,77.0,78.44,79.0,80.0,80.0,81.0,82.0,83.0,85.0,86.0,86.0,87.83999999999997,89.0,90.0,91.0,92.0,93.0,94.0,95.0,96.0,97.0,98.0,99.0,99.0,101.0,102.20000000000005,103.0,104.0,104.91999999999996,106.0,107.0,108.0,109.0,110.0,110.0,111.0,112.0,113.0,114.0,115.0,115.0,116.0,117.0,118.0,118.75999999999999,119.0,120.0,121.0,122.72000000000003,124.0,125.0,125.44000000000005,127.0,128.0,129.0,130.0,131.0,132.0,133.0,135.0,136.0,137.0,138.0,139.32000000000005,141.0,142.79999999999995,145.0,147.27999999999997,149.0,152.76,164.0,0.0,1000.6588235497475,1000.7019608020782,1000.7294117808342,1000.7490196228027,1000.772549033165,1000.7921568751335,1000.8156862854958,1000.8470588326454,1000.8901960849762,3001.0,186.14169311523438,193.66467895507813,198.37810668945312,202.01229553222657,205.09806060791016,207.91985473632812,210.64651489257812,213.60733032226562,217.22958374023438,350.1419677734375,229.60257,3.0,test_data/Useful/Validation/sharp sand at 2ft/20241020_172340_076.jpg,2652.0,339.0,63.81535222910318
60,1.2400000000000002,6.48,12.0,20.96,25.60000000000001,32.0,35.360000000000014,39.0,41.31999999999999,44.400000000000006,48.0,50.0,53.0,55.360000000000014,57.599999999999994,59.0,61.0,63.0,64.0,66.0,67.0,68.0,69.0,70.75999999999999,71.0,73.0,74.0,75.0,76.0,77.0,78.0,79.68,81.0,83.0,84.0,86.0,87.0,88.0,89.0,90.0,90.0,91.0,92.0,92.0,93.0,94.0,95.0,96.0,97.0,98.0,99.0,100.48000000000002,101.0,102.0,103.0,104.0,104.67999999999995,106.0,107.0,108.0,109.0,110.0,112.0,112.0,113.0,114.0,115.0,115.0,116.0,116.79999999999995,117.0,118.0,118.0,119.0,120.0,121.0,122.0,123.0,123.0,124.0,124.44000000000005,125.0,125.91999999999996,127.0,127.39999999999998,130.0,130.88,132.0,132.0,133.0,134.0,136.0,137.0,140.55999999999995,141.0,144.0,146.27999999999997,149.0,152.76,161.0,90.0,1000.6823529601097,1000.7215686440468,1000.7490196228027,1000.772549033165,1000.7960784435272,1000.8156862854958,1000.839215695858,1000.8705882430077,1000.9176470637321,3001.0,186.7027328491211,194.23562622070312,198.88678131103515,202.50112915039062,205.56932830810547,208.3707733154297,211.12472991943358,214.0235168457031,217.68507385253906,350.0164794921875,231.31827,3.0,test_data/Useful/Validation/sharp sand at 2ft/20241020_172410_013.jpg,2748.0,365.0,68.07798893563617
61,8.72,17.48,22.0,27.0,35.0,38.0,40.68000000000001,41.0,44.0,45.80000000000001,48.0,52.0,55.0,57.0,59.0,62.0,64.08000000000001,66.32,69.0,70.0,71.0,72.0,73.52000000000001,76.0,77.0,78.0,79.0,79.72000000000003,80.95999999999998,82.0,83.0,84.0,85.0,86.0,87.0,88.0,88.88,90.0,91.0,91.0,92.0,93.07999999999998,95.0,95.0,96.0,96.0,97.0,97.0,97.0,98.0,99.0,100.0,101.0,102.0,102.0,103.44000000000005,104.0,105.0,106.0,106.0,108.0,109.0,110.0,111.0,111.0,112.0,113.0,113.0,114.55999999999995,115.0,117.0,117.0,118.51999999999998,119.75999999999999,121.0,122.0,123.0,123.0,124.96000000000004,125.0,126.0,127.0,127.91999999999996,129.0,129.39999999999998,131.0,132.88,134.0,135.0,136.0,137.0,139.0,140.0,141.55999999999995,143.79999999999995,145.03999999999996,149.0,150.51999999999998,152.0,159.0,97.0,1000.6823529601097,1000.7215686440468,1000.7529411911964,1000.772549033165,1000.7960784435272,1000.8196078538895,1000.8431372642517,1000.8745098114014,1000.9215686321259,3001.0,186.77572631835938,194.2210693359375,198.78613739013673,202.36284484863282,205.4256362915039,208.2145751953125,210.98712768554688,213.93011474609375,217.62205505371094,350.12060546875,229.6396,3.0,test_data/Useful/Validation/sharp sand at 2ft/20241020_172410_014.jpg,2818.0,370.0,58.326102305868055
62,4.24,13.440000000000001,19.72,24.0,31.0,34.0,35.0,39.0,41.0,43.0,46.0,49.0,52.120000000000005,55.0,57.0,58.84,60.08000000000001,62.0,63.0,65.0,67.0,68.28,71.0,73.0,74.0,75.0,76.0,77.0,78.0,79.0,80.0,81.0,81.0,83.0,84.0,84.63999999999999,85.0,86.0,87.0,87.60000000000002,88.0,89.07999999999998,90.0,91.0,92.0,93.0,95.0,95.51999999999998,96.0,97.0,98.0,98.48000000000002,100.0,100.0,101.0,102.0,103.0,103.0,104.0,105.0,106.0,107.0,107.0,107.36000000000001,108.0,109.0,110.0,112.0,112.0,113.0,115.0,115.27999999999997,117.0,117.75999999999999,118.0,119.0,119.0,120.0,120.96000000000004,123.0,124.0,125.0,126.0,126.15999999999997,127.39999999999998,128.0,129.0,130.0,131.0,133.0,134.84000000000003,136.0,137.0,139.0,140.0,143.03999999999996,145.27999999999997,147.51999999999998,152.0,164.0,107.0,1000.6705882549286,1000.7176470756531,1000.7490196228027,1000.772549033165,1000.7960784435272,1000.8196078538895,1000.8470588326454,1000.8823529481888,1000.9372549057007,3001.0,186.46713256835938,193.97483825683594,198.61488342285156,202.20185241699218,205.3217544555664,208.11231079101563,210.8197021484375,213.76641845703125,217.44552612304688,350.1684265136719,228.86414,3.0,test_data/Useful/Validation/sharp sand at 2ft/20241020_172410_015.jpg,2831.0,382.0,57.10011469180833
63,1.6800000000000015,17.0,19.0,24.96,30.0,37.0,39.0,41.92,43.0,46.0,49.0,51.879999999999995,55.0,56.0,58.0,59.0,60.08000000000001,62.0,63.56,65.0,66.0,67.0,69.0,71.0,71.0,72.0,73.0,74.72000000000003,75.0,77.0,78.0,79.0,80.0,81.0,82.0,83.0,84.0,86.0,87.0,88.0,89.0,90.0,91.0,92.0,93.0,94.0,95.0,96.0,96.0,98.0,99.0,101.0,101.72000000000003,103.0,105.0,105.44000000000005,107.0,108.0,108.0,109.0,109.0,110.0,111.0,112.0,113.0,113.0,114.0,114.32000000000005,115.0,116.0,117.0,118.0,119.0,119.0,120.0,120.24000000000001,121.0,122.0,123.0,125.0,125.0,126.0,126.91999999999996,127.0,128.0,129.0,130.0,131.0,131.36,133.0,134.0,136.0,138.0,139.0,140.0,142.0,146.0,151.0,155.27999999999997,167.0,71.0,1000.6745098233223,1000.7215686440468,1000.7490196228027,1000.772549033165,1000.7960784435272,1000.8196078538895,1000.8431372642517,1000.8784313797951,1000.933333337307,3001.0,186.40646209716797,193.89429626464843,198.61468505859375,202.17595520019532,205.27188873291016,208.07366333007812,210.82127838134767,213.77096557617188,217.38272399902343,350.17926025390625,229.11559,3.0,test_data/Useful/Validation/sharp sand at 2ft/20241020_172410_016.jpg,2824.0,367.0,57.08138044524854
64,0.0,5.48,11.719999999999999,20.0,26.200000000000003,31.439999999999998,36.0,40.0,41.0,44.0,46.0,48.0,50.0,52.360000000000014,54.0,56.84,59.0,61.0,62.56,64.0,65.0,68.0,69.0,71.0,73.0,74.0,75.48000000000002,77.0,78.0,79.0,81.0,81.0,82.0,83.0,83.39999999999998,84.63999999999999,86.0,86.12,88.0,89.0,90.0,91.07999999999998,93.0,94.0,95.0,95.0,96.27999999999997,98.0,98.75999999999999,99.0,101.0,101.0,102.0,103.0,104.0,105.0,106.0,106.91999999999996,107.0,108.0,109.0,109.0,110.0,111.0,112.0,112.0,113.0,114.0,115.0,115.0,117.0,118.0,118.0,119.0,120.0,120.24000000000001,121.48000000000002,122.72000000000003,124.0,125.0,125.0,126.0,126.0,127.0,128.39999999999998,130.0,130.0,132.0,133.0,134.0,136.0,137.0,138.0,139.55999999999995,141.0,143.0,144.27999999999997,146.51999999999998,151.51999999999998,156.0,125.0,1000.6745098233223,1000.7215686440468,1000.7490196228027,1000.772549033165,1000.7960784435272,1000.8196078538895,1000.8470588326454,1000.8784313797951,1000.933333337307,3001.0,186.38829803466797,193.864013671875,198.573974609375,202.17047119140625,205.21985626220703,208.02782287597657,210.81132965087892,213.74759216308595,217.41758728027344,350.20709228515625,228.2291,3.0,test_data/Useful/Validation/sharp sand at 2ft/20241020_172410_017.jpg,2818.0,377.0,59.89376571075094
65,9.0,14.48,21.72,24.92,30.0,34.0,35.0,44.0,46.0,48.400000000000006,49.0,51.879999999999995,56.120000000000005,58.0,60.0,62.0,63.08000000000001,65.0,66.0,67.0,68.0,69.0,70.0,70.75999999999999,72.0,73.24000000000001,74.48000000000002,75.0,76.0,77.0,78.0,79.0,80.0,81.0,83.0,84.0,85.0,87.0,88.0,88.60000000000002,90.0,90.07999999999998,91.0,92.0,93.0,94.0,95.0,96.0,97.0,98.0,100.0,100.48000000000002,102.0,102.0,104.0,104.0,105.0,105.0,106.0,107.0,107.0,108.0,109.0,110.0,111.0,111.0,112.0,113.0,114.0,115.0,116.0,117.0,118.0,119.0,119.0,121.0,122.48000000000002,123.0,125.0,126.0,127.0,127.0,128.0,129.0,130.0,131.64,132.88,133.0,134.0,135.0,136.0,138.0,138.0,140.0,141.0,142.03999999999996,145.27999999999997,147.0,152.0,165.0,104.0,1000.6705882549286,1000.7176470756531,1000.7490196228027,1000.772549033165,1000.7960784435272,1000.8196078538895,1000.8470588326454,1000.8823529481888,1000.9411764740944,3001.0,186.16973724365235,193.80557250976562,198.57058715820312,202.17103576660156,205.22744750976562,208.0524688720703,210.8364242553711,213.76875,217.403076171875,350.24163818359375,225.70618,3.0,test_data/Useful/Validation/sharp sand at 2ft/20241020_172410_018.jpg,2795.0,387.0,60.96461252240602
66,1.2400000000000002,8.0,14.0,17.92,25.400000000000006,32.0,34.360000000000014,36.92,38.0,40.400000000000006,43.64,47.0,49.0,51.0,53.0,55.68000000000001,58.0,60.31999999999999,61.0,62.0,65.0,65.0,67.0,68.0,69.0,70.0,71.0,73.0,74.0,75.0,76.0,77.0,78.92000000000002,80.0,81.0,82.0,83.0,84.12,86.0,87.0,87.83999999999997,89.0,90.0,91.0,92.0,93.0,94.0,95.0,96.0,97.0,98.0,98.0,99.0,100.0,101.0,102.0,103.0,103.0,104.0,104.39999999999998,105.0,106.0,107.0,108.0,109.0,110.0,110.0,111.0,112.0,112.79999999999995,113.03999999999996,114.0,115.0,116.0,117.0,117.24000000000001,118.48000000000002,119.0,120.0,121.0,122.0,124.0,125.0,125.15999999999997,126.0,127.63999999999999,129.0,130.0,131.0,133.0,134.0,137.0,138.32000000000005,140.0,142.0,143.03999999999996,147.27999999999997,149.51999999999998,152.0,160.0,110.0,1000.678431391716,1000.7215686440468,1000.7529411911964,1000.7764706015587,1000.8000000119209,1000.8235294222832,1000.8470588326454,1000.8784313797951,1000.933333337307,3001.0,186.57606506347656,194.09317016601562,198.73703002929688,202.25216674804688,205.34302520751953,208.103369140625,210.85409545898438,213.82501220703125,217.49081420898438,350.19488525390625,227.14668,3.0,test_data/Useful/Validation/sharp sand at 2ft/20241020_172410_019.jpg,2821.0,381.0,59.437885339188604
67,0.0,1.4800000000000004,5.719999999999999,12.920000000000002,16.0,22.0,26.0,31.0,35.0,37.400000000000006,41.64,44.0,46.0,47.360000000000014,50.0,52.0,53.08000000000001,56.0,57.0,59.0,61.0,62.0,64.0,64.75999999999999,65.0,68.0,70.0,71.0,73.0,75.19999999999999,76.44,78.0,79.0,81.0,82.0,82.63999999999999,84.88,87.0,88.0,88.0,89.0,90.0,91.0,92.0,93.0,93.0,95.0,96.0,97.75999999999999,98.0,99.0,100.0,101.0,102.0,103.0,103.0,103.67999999999995,104.0,105.0,106.0,107.0,108.0,109.0,110.0,111.0,112.0,113.0,114.0,115.0,116.0,117.0,118.0,119.0,119.75999999999999,120.0,121.0,121.48000000000002,122.0,123.0,123.0,124.0,125.0,126.0,127.0,128.0,129.0,129.0,131.0,132.0,133.60000000000002,134.0,136.0,137.32000000000005,139.55999999999995,141.0,145.0,146.0,148.0,154.27999999999997,159.0,103.0,1000.6862745285034,1000.7294117808342,1000.7568627595901,1000.7803921699524,1000.8000000119209,1000.8235294222832,1000.8470588326454,1000.8784313797951,1000.9254902005196,3001.0,186.63653564453125,194.1804656982422,198.90771484375,202.49671936035156,205.58474731445312,208.400146484375,211.16669158935548,214.09300231933594,217.75814819335938,350.0172119140625,228.83452,3.0,test_data/Useful/Validation/sharp sand at 2ft/20241020_172410_020.jpg,2787.0,357.0,58.246402076785174
68,0.7200000000000006,7.48,13.439999999999998,18.0,21.200000000000003,27.0,28.0,32.92,37.16,39.0,43.64,46.0,48.0,50.0,53.0,58.0,60.0,61.639999999999986,64.0,65.0,66.03999999999999,68.0,69.0,71.0,73.0,74.0,75.48000000000002,76.72000000000003,77.0,77.19999999999999,79.0,80.0,81.92000000000002,83.0,83.39999999999998,84.63999999999999,85.0,86.0,87.0,87.0,88.0,89.0,90.0,90.56,92.0,93.0,94.0,95.0,96.0,97.0,97.0,99.0,99.0,101.0,101.0,102.0,103.0,103.91999999999996,105.15999999999997,107.0,107.0,108.0,109.0,110.0,110.0,111.84000000000003,113.0,113.0,114.0,115.0,115.03999999999996,116.0,117.0,118.0,118.0,119.0,120.0,121.72000000000003,123.0,124.0,125.0,126.0,128.0,129.0,129.0,131.0,132.0,133.0,134.0,135.0,136.0,137.08000000000004,138.0,140.55999999999995,142.0,144.0,145.0,148.0,151.76,161.0,77.0,1000.6823529601097,1000.7254902124405,1000.7529411911964,1000.7764706015587,1000.7960784435272,1000.8156862854958,1000.8352941274643,1000.8588235378265,1000.8980392217636,3001.0,186.4390411376953,193.95291748046876,198.70310821533204,202.28561706542968,205.38662719726562,208.24488525390626,211.0703887939453,213.98965454101562,217.6913604736328,349.3057861328125,240.068,3.0,test_data/Useful/Validation/sharp sand at 2ft/20241020_172410_065.jpg,2365.0,317.0,61.69006451254543
69,0.0,0.0,9.439999999999998,14.0,22.200000000000003,28.0,31.680000000000007,34.0,41.0,44.0,46.0,49.0,51.0,52.0,54.0,55.0,59.0,60.0,61.56,63.0,65.0,67.0,69.0,69.0,71.0,72.24000000000001,74.0,74.0,75.0,77.0,79.0,80.0,82.0,83.16000000000003,86.0,86.0,88.0,88.12,89.0,90.0,91.0,92.07999999999998,93.0,94.0,95.0,96.0,97.27999999999997,99.0,100.75999999999999,101.0,102.0,103.0,103.0,103.0,104.0,105.0,106.0,107.0,108.0,109.0,110.0,110.88,112.0,113.0,114.0,114.0,116.0,116.0,116.0,116.79999999999995,118.0,119.0,120.0,121.0,121.0,122.0,123.0,123.0,124.0,125.0,126.0,127.0,128.0,129.0,130.0,131.64,133.0,134.0,135.0,136.0,137.0,139.0,140.0,142.0,143.0,144.03999999999996,147.0,148.51999999999998,151.0,167.0,116.0,1000.6862745285034,1000.7294117808342,1000.7529411911964,1000.7764706015587,1000.7960784435272,1000.811764717102,1000.8313725590706,1000.8549019694328,1000.8901960849762,3001.0,186.34872741699218,193.9259796142578,198.67278289794922,202.27840576171874,205.34656524658203,208.22418212890625,211.0210418701172,213.96665954589844,217.71121215820312,349.2463684082031,241.1247,3.0,test_data/Useful/Validation/sharp sand at 2ft/20241020_172410_066.jpg,2351.0,313.0,61.649228359250884
70,0.0,0.0,6.0,16.92,23.200000000000003,25.0,27.680000000000007,33.68000000000001,36.0,39.0,40.0,42.879999999999995,46.0,48.360000000000014,52.0,53.84,56.08000000000001,58.31999999999999,60.0,62.0,63.0,64.28,66.0,66.75999999999999,69.0,72.24000000000001,74.0,75.0,76.0,77.0,79.0,80.0,81.0,82.0,84.0,84.0,86.0,87.0,89.0,89.60000000000002,90.0,91.0,92.0,93.0,94.0,95.0,95.27999999999997,96.0,97.0,99.0,99.0,100.0,101.0,101.0,102.0,103.0,104.0,105.0,107.0,108.0,108.63999999999999,110.0,111.0,112.0,113.0,114.0,115.0,115.32000000000005,117.0,117.79999999999995,118.0,119.0,120.0,121.0,121.0,122.0,123.0,124.0,125.0,126.0,127.0,127.67999999999995,129.0,130.0,131.0,132.0,133.0,134.0,135.0,136.0,137.0,138.0,140.0,141.0,142.0,144.0,145.0,147.51999999999998,151.0,160.0,0.0,1000.6901960968971,1000.7294117808342,1000.7529411911964,1000.7764706015587,1000.7921568751335,1000.811764717102,1000.8313725590706,1000.8549019694328,1000.8901960849762,3001.0,186.57658843994142,193.95974731445312,198.65963745117188,202.28826904296875,205.33132934570312,208.1387481689453,210.92098999023438,213.91152954101562,217.599853515625,349.19647216796875,239.97603,3.0,test_data/Useful/Validation/sharp sand at 2ft/20241020_172410_067.jpg,2295.0,304.0,57.29560787413702
71,0.0,6.440000000000001,16.72,24.0,29.200000000000003,32.0,37.68000000000001,39.92,41.0,44.0,46.64,48.0,49.0,50.0,53.0,54.0,55.08000000000001,58.0,58.56,60.80000000000001,63.0,66.0,67.0,68.75999999999999,70.0,71.0,74.0,74.72000000000003,76.0,77.0,78.0,80.0,81.0,82.0,83.0,84.63999999999999,86.0,87.0,88.0,89.0,90.0,91.0,92.0,93.0,94.0,95.0,96.0,97.0,98.0,99.0,100.0,101.0,102.0,103.0,104.0,104.44000000000005,105.0,106.0,107.0,108.0,109.0,110.0,110.0,111.0,112.0,112.84000000000003,113.0,114.0,115.0,116.0,117.0,118.0,119.0,120.0,121.0,121.24000000000001,122.0,123.0,124.0,125.0,125.0,126.0,127.0,128.0,129.0,130.0,132.0,133.0,135.0,136.60000000000002,137.0,138.08000000000004,139.32000000000005,141.0,143.79999999999995,145.0,147.0,147.51999999999998,151.76,166.0,104.0,1000.6823529601097,1000.7254902124405,1000.7529411911964,1000.772549033165,1000.7921568751335,1000.811764717102,1000.8313725590706,1000.8588235378265,1000.8941176533699,3001.0,186.42665252685546,194.05601806640624,198.71707153320312,202.30177307128906,205.3943634033203,208.21128845214844,210.98086547851562,213.93035888671875,217.70672607421875,349.2464904785156,239.40201,3.0,test_data/Useful/Validation/sharp sand at 2ft/20241020_172410_068.jpg,2401.0,327.0,57.58038669867128
72,0.0,1.4400000000000013,5.0,9.96,15.0,21.0,25.0,26.0,30.159999999999997,35.20000000000002,39.0,41.75999999999999,48.0,49.0,50.0,51.84,54.0,55.31999999999999,58.0,59.0,62.03999999999999,66.0,67.0,68.0,69.0,72.0,73.0,74.0,76.0,77.19999999999999,78.0,79.68,80.92000000000002,82.16000000000003,84.0,86.0,87.0,88.0,90.0,90.0,91.0,92.0,93.0,94.0,95.0,96.0,98.0,99.0,100.75999999999999,101.0,102.0,103.0,103.0,104.0,106.0,106.0,107.0,107.0,108.0,109.0,110.0,110.0,112.0,113.0,114.0,114.0,115.0,115.0,116.55999999999995,118.0,119.0,120.0,120.51999999999998,121.0,122.0,123.0,124.0,125.0,126.0,127.0,128.0,129.0,129.91999999999996,131.0,132.0,133.0,134.0,135.0,137.0,138.0,139.0,140.0,141.0,143.0,144.79999999999995,146.0,147.27999999999997,150.0,153.51999999999998,162.0,103.0,1000.6862745285034,1000.7294117808342,1000.7529411911964,1000.7764706015587,1000.7921568751335,1000.811764717102,1000.8313725590706,1000.8588235378265,1000.8941176533699,3001.0,186.4599594116211,194.0778839111328,198.75888061523438,202.3653564453125,205.41688537597656,208.23751831054688,210.98538208007812,213.9452362060547,217.6689910888672,349.2130126953125,241.73514,3.0,test_data/Useful/Validation/sharp sand at 2ft/20241020_172410_069.jpg,2376.0,326.0,62.299368227743926
73,0.0,0.0,1.4399999999999977,8.0,11.400000000000006,20.0,23.680000000000007,27.92,32.16,35.400000000000006,38.28,42.879999999999995,45.120000000000005,50.0,52.0,53.84,56.0,58.31999999999999,61.0,63.80000000000001,65.0,69.0,70.0,72.75999999999999,74.0,75.0,75.48000000000002,77.0,79.95999999999998,81.0,82.0,83.0,84.0,85.16000000000003,87.0,88.0,90.0,90.0,91.36000000000001,93.0,94.0,95.07999999999998,96.0,97.56,98.0,99.0,100.0,100.51999999999998,102.0,102.0,103.0,104.0,105.0,106.0,107.0,107.0,108.0,108.0,109.0,110.0,110.0,111.88,112.0,113.0,114.0,116.0,116.0,117.0,118.0,119.0,120.0,121.0,122.0,123.0,124.0,124.0,125.0,125.0,126.0,127.0,128.0,129.67999999999995,130.0,130.15999999999997,131.0,131.64,133.0,135.0,136.0,137.0,138.0,139.0,141.0,141.55999999999995,143.79999999999995,146.0,147.27999999999997,150.0,154.0,162.0,0.0,1000.6901960968971,1000.7333333492279,1000.7568627595901,1000.7764706015587,1000.7960784435272,1000.811764717102,1000.8313725590706,1000.8549019694328,1000.8901960849762,3001.0,186.42306518554688,193.90225219726562,198.60208435058593,202.2352081298828,205.32347869873047,208.16702575683593,210.9949493408203,213.91226196289062,217.6288604736328,349.1484375,240.65668,3.0,test_data/Useful/Validation/sharp sand at 2ft/20241020_172410_070.jpg,2159.0,310.0,64.59817926201313
74,0.0,0.4800000000000004,6.719999999999999,9.96,20.0,24.0,31.0,32.92,35.0,37.400000000000006,40.0,44.75999999999999,47.120000000000005,53.0,55.19999999999999,57.0,58.0,59.0,61.56,64.0,65.03999999999999,67.0,68.0,69.0,70.0,71.0,72.0,73.72000000000003,75.0,76.0,77.0,78.0,78.92000000000002,80.0,81.0,83.0,84.0,86.0,87.0,88.0,88.0,89.0,90.32,92.0,92.0,94.04000000000002,95.0,96.0,96.0,97.0,97.0,98.0,99.0,99.96000000000004,101.0,102.0,103.0,104.0,104.15999999999997,105.39999999999998,106.0,107.0,107.12,108.0,110.0,110.0,111.0,112.0,113.0,114.0,115.0,116.0,117.0,118.0,119.0,120.0,121.0,122.0,123.0,124.0,125.0,126.67999999999995,128.0,129.0,130.0,131.0,132.88,134.12,135.0,136.0,137.0,137.08000000000004,139.0,141.0,142.0,144.03999999999996,146.27999999999997,150.51999999999998,153.76,161.0,0.0,1000.6980392336845,1000.7372549176216,1000.7607843279839,1000.7803921699524,1000.7960784435272,1000.8156862854958,1000.8313725590706,1000.8549019694328,1000.8862745165825,3001.0,186.348291015625,193.86050415039062,198.55599975585938,202.1497344970703,205.21995544433594,207.9995880126953,210.79937896728515,213.75395812988282,217.47634887695312,348.927734375,242.10529,3.0,test_data/Useful/Validation/sharp sand at 2ft/20241020_172410_071.jpg,2218.0,317.0,59.497880500384646
75,0.0,0.0,4.0,13.920000000000002,18.0,23.0,26.680000000000007,29.0,39.0,42.400000000000006,46.64,47.879999999999995,50.0,53.360000000000014,58.0,59.84,61.0,62.0,64.0,65.0,67.0,68.28,70.52000000000001,71.75999999999999,74.0,75.0,76.0,78.0,78.95999999999998,80.0,81.0,82.0,82.0,83.0,84.0,85.0,85.88,87.0,88.0,89.0,89.83999999999997,90.0,91.0,92.0,93.0,93.04000000000002,95.0,96.0,97.0,98.0,99.0,100.0,100.72000000000003,101.0,103.0,104.0,105.0,105.0,106.0,107.0,108.0,109.0,110.0,110.0,111.0,111.84000000000003,113.0,113.0,114.55999999999995,116.0,118.0,119.0,120.0,121.0,123.0,124.0,125.0,126.0,127.0,127.20000000000005,128.44000000000005,130.0,130.0,132.0,132.0,133.0,134.0,135.12,137.0,138.0,139.0,140.08000000000004,143.0,144.0,146.0,148.0,149.0,151.0,153.0,171.0,0.0,1000.7019608020782,1000.7372549176216,1000.7607843279839,1000.7803921699524,1000.7960784435272,1000.8156862854958,1000.8313725590706,1000.8549019694328,1000.8862745165825,3001.0,186.15591430664062,193.7056121826172,198.45501708984375,202.10366821289062,205.1726531982422,208.02833557128906,210.79296875,213.73741149902344,217.4591827392578,348.77593994140625,242.85837,3.0,test_data/Useful/Validation/sharp sand at 2ft/20241020_172410_072.jpg,2082.0,273.0,62.0250935414482
76,5.720000000000001,13.0,19.439999999999998,23.96,32.2,34.44,38.0,42.0,49.0,50.400000000000006,52.0,54.0,56.0,59.360000000000014,61.0,63.0,64.0,66.0,67.0,67.80000000000001,69.0,70.28,73.0,73.0,75.0,76.0,78.0,78.72000000000003,79.0,81.0,82.0,83.0,84.0,85.0,86.0,87.0,88.0,89.0,89.0,90.0,91.0,92.0,93.0,93.0,94.0,95.0,96.0,97.0,97.0,98.0,99.0,100.0,100.0,102.0,103.0,104.0,105.0,106.0,107.0,108.0,109.0,110.0,111.0,112.0,113.0,114.0,115.0,115.0,116.0,116.0,117.0,118.0,119.0,120.0,121.0,123.0,123.48000000000002,124.0,125.0,126.0,127.0,128.0,129.0,131.0,132.0,133.64,134.0,136.0,137.0,138.0,139.0,141.0,143.0,144.0,146.0,147.0,149.0,151.0,154.0,164.0,116.0,1000.6941176652908,1000.7372549176216,1000.7607843279839,1000.7843137383461,1000.8000000119209,1000.8196078538895,1000.839215695858,1000.8588235378265,1000.8941176533699,3001.0,186.7851531982422,194.2454376220703,198.88836669921875,202.51177978515625,205.5962371826172,208.38340759277344,211.18751525878906,214.1208923339844,217.83949279785156,348.95013427734375,240.25366,3.0,test_data/Useful/Validation/sharp sand at 2ft/20241020_172410_075.jpg,2396.0,341.0,61.85208047325311
77,0.0,1.0,4.0,8.96,12.0,17.0,20.680000000000007,24.840000000000003,30.319999999999993,33.0,35.64,40.879999999999995,44.120000000000005,47.0,48.599999999999994,50.0,51.0,52.0,54.56,57.0,59.03999999999999,61.0,62.0,65.0,67.0,69.0,71.0,72.72000000000003,75.0,76.0,78.0,80.0,80.92000000000002,83.0,84.0,85.0,86.0,87.0,87.0,88.0,89.0,89.07999999999998,91.0,92.0,93.80000000000001,95.0,95.0,96.0,97.0,99.0,99.24000000000001,101.0,102.0,103.0,104.0,105.0,106.0,107.0,107.0,109.0,110.0,110.0,111.0,112.0,113.0,114.0,115.0,115.0,116.0,117.0,118.0,118.0,119.0,119.75999999999999,120.0,121.0,122.0,122.0,123.0,124.0,125.0,126.0,127.0,128.0,129.0,130.0,131.0,133.0,134.0,135.0,136.84000000000003,138.08000000000004,140.32000000000005,142.0,143.79999999999995,145.03999999999996,149.27999999999997,151.0,155.0,161.0,0.0,1000.7019608020782,1000.7411764860153,1000.7647058963776,1000.7843137383461,1000.8039215803146,1000.8196078538895,1000.839215695858,1000.8588235378265,1000.8862745165825,3001.0,186.31322631835937,193.88754272460938,198.6395263671875,202.23634338378906,205.3622589111328,208.17108154296875,210.96112060546875,213.927783203125,217.74127655029298,348.52325439453125,245.07428,3.0,test_data/Useful/Validation/sharp sand at 2ft/20241020_172410_076.jpg,2169.0,298.0,57.72994404376414
78,0.0,0.0,0.0,1.0,4.0,12.439999999999998,17.680000000000007,21.0,30.159999999999997,32.0,35.64,38.879999999999995,42.0,45.360000000000014,48.0,50.0,52.08000000000001,56.0,58.0,61.0,63.03999999999999,64.0,67.0,67.0,70.0,71.24000000000001,72.0,75.0,76.95999999999998,78.0,79.0,79.68,81.0,82.0,83.0,84.0,85.0,86.0,87.36000000000001,88.60000000000002,89.0,90.07999999999998,91.0,92.0,94.80000000000001,96.0,97.0,98.0,99.0,100.0,100.0,101.0,102.0,104.0,105.0,105.0,106.0,107.0,108.0,108.39999999999998,110.0,111.0,111.12,112.0,113.0,114.0,116.0,117.0,117.0,117.79999999999995,118.03999999999996,120.0,120.0,121.0,122.0,123.0,123.48000000000002,124.0,125.0,126.0,126.44000000000005,128.0,128.0,129.0,130.0,131.0,132.0,133.0,134.0,135.0,136.0,137.08000000000004,139.0,140.55999999999995,142.0,143.0,144.27999999999997,148.51999999999998,154.76,164.0,0.0,1000.7019608020782,1000.7411764860153,1000.7647058963776,1000.7882353067398,1000.8039215803146,1000.8196078538895,1000.839215695858,1000.8588235378265,1000.8862745165825,3001.0,186.24102783203125,193.8430633544922,198.55411224365236,202.20001525878905,205.3007354736328,208.13941955566406,210.99534606933594,213.97459411621094,217.7724609375,348.4277648925781,244.8782,3.0,test_data/Useful/Validation/sharp sand at 2ft/20241020_172410_077.jpg,2146.0,325.0,57.00637158871179
79,0.0,0.0,0.0,0.0,0.0,4.439999999999998,11.0,17.840000000000003,20.319999999999993,26.80000000000001,33.0,35.879999999999995,41.24000000000001,45.0,49.0,52.0,56.08000000000001,58.0,60.0,61.80000000000001,63.0,64.28,65.0,66.75999999999999,69.0,70.24000000000001,72.0,73.0,74.0,75.0,76.0,77.0,78.0,80.0,81.0,83.27999999999997,85.0,87.0,88.0,89.0,90.0,92.0,93.0,95.0,95.0,96.04000000000002,98.0,99.0,100.0,101.0,102.0,103.0,103.0,104.0,105.0,106.0,108.0,108.0,109.0,110.0,111.0,112.0,113.0,114.0,115.0,116.0,117.0,118.0,118.55999999999995,119.0,120.03999999999996,121.0,122.0,123.0,124.0,125.0,126.0,126.0,127.0,128.0,128.0,130.0,131.0,132.0,132.0,133.0,134.0,137.0,138.0,139.0,141.0,142.0,143.0,144.0,145.0,147.0,149.27999999999997,151.51999999999998,158.76,167.0,0.0,1000.705882370472,1000.745098054409,1000.7686274647713,1000.7882353067398,1000.8039215803146,1000.8196078538895,1000.839215695858,1000.8588235378265,1000.8862745165825,3001.0,186.83051147460938,194.2388916015625,198.9212188720703,202.48138427734375,205.54673767089844,208.4359588623047,211.20465545654298,214.2013427734375,217.98094787597657,348.4375305175781,244.35681,3.0,test_data/Useful/Validation/sharp sand at 2ft/20241020_172410_078.jpg,2125.0,308.0,59.62171982836858
80,0.0,0.0,0.0,0.0,0.0,0.0,2.0,6.840000000000003,13.47999999999999,25.0,29.64,35.0,39.24000000000001,43.0,45.599999999999994,49.84,52.0,54.31999999999999,58.0,59.80000000000001,61.0,63.0,65.52000000000001,67.75999999999999,69.0,70.0,71.0,73.0,74.0,77.0,78.0,80.0,81.92000000000002,83.0,85.0,86.0,87.0,88.0,88.36000000000001,90.0,90.0,92.0,93.0,94.0,96.0,97.0,98.0,99.51999999999998,100.75999999999999,102.0,102.0,103.0,104.0,105.0,106.0,106.44000000000005,107.0,108.0,109.0,110.0,110.0,111.0,111.0,112.0,112.0,113.0,114.0,114.32000000000005,115.0,116.0,117.0,117.0,118.51999999999998,119.0,121.0,122.0,123.0,124.0,124.0,126.0,127.0,127.0,128.0,129.15999999999997,131.0,133.0,133.0,134.0,135.0,136.60000000000002,139.0,140.08000000000004,142.0,142.55999999999995,144.0,146.0,148.0,151.51999999999998,156.0,160.0,0.0,1000.7098039388657,1000.7490196228027,1000.7686274647713,1000.7882353067398,1000.8039215803146,1000.8196078538895,1000.839215695858,1000.8549019694328,1000.8823529481888,3000.972549021244,186.43515014648438,193.99136352539062,198.71683654785156,202.4438232421875,205.5628662109375,208.38134155273437,211.14291381835938,214.15472412109375,217.96669006347656,348.4007568359375,244.55582,3.0,test_data/Useful/Validation/sharp sand at 2ft/20241020_172410_079.jpg,2163.0,281.0,58.35270963163345
81,0.0,0.0,0.0,1.9200000000000017,5.200000000000003,10.0,15.360000000000014,19.92,23.319999999999993,26.400000000000006,30.0,33.879999999999995,41.24000000000001,45.72000000000003,49.0,52.0,54.08000000000001,57.0,58.0,59.0,62.0,63.28,66.0,67.0,69.0,70.0,71.0,74.0,76.95999999999998,79.0,79.0,81.0,83.0,84.0,84.0,85.0,86.0,87.0,88.0,88.0,89.0,89.0,90.0,91.0,92.0,93.0,94.0,95.0,97.0,98.0,99.0,100.48000000000002,101.0,102.96000000000004,103.0,104.0,105.0,105.91999999999996,107.0,108.0,109.0,109.0,110.0,111.0,111.0,112.0,113.0,115.0,116.0,116.0,117.0,118.0,119.0,119.75999999999999,120.0,121.0,121.48000000000002,122.0,123.0,124.0,124.44000000000005,125.67999999999995,126.0,127.0,129.0,129.0,130.0,131.0,133.0,134.0,135.0,136.0,137.0,138.55999999999995,140.0,142.0,144.0,146.0,149.51999999999998,161.0,0.0,1000.7098039388657,1000.745098054409,1000.7686274647713,1000.7882353067398,1000.8078431487083,1000.8235294222832,1000.839215695858,1000.8588235378265,1000.8862745165825,3001.0,186.803466796875,194.26950073242188,198.98204956054687,202.58110961914062,205.64478302001953,208.49385986328124,211.28235321044923,214.27691650390625,218.0423583984375,348.6149597167969,242.99635,3.0,test_data/Useful/Validation/sharp sand at 2ft/20241020_172410_080.jpg,2374.0,329.0,62.17760870431153
82,0.0,0.0,0.0,0.0,0.0,0.0,2.0400000000000205,9.0,17.0,24.400000000000006,30.0,36.879999999999995,39.120000000000005,43.0,44.599999999999994,48.0,52.0,53.31999999999999,57.0,59.0,62.0,64.0,66.0,69.75999999999999,71.0,72.0,73.0,76.0,78.0,79.0,80.0,82.0,83.0,84.16000000000003,86.0,88.0,89.0,90.12,92.0,93.0,94.0,95.0,97.0,98.0,99.0,100.0,101.0,102.0,103.0,105.0,105.0,106.0,107.0,108.0,109.0,110.0,111.0,111.91999999999996,112.0,113.0,113.0,114.0,115.12,117.0,117.0,118.0,119.0,119.0,120.55999999999995,121.0,122.0,122.0,123.0,124.0,125.0,125.0,126.0,126.0,127.0,128.0,128.0,129.0,129.0,130.0,131.0,132.0,133.0,135.0,136.36,138.0,140.0,140.0,141.32000000000005,143.0,144.0,144.03999999999996,146.0,147.0,151.76,167.0,0.0,1000.7098039388657,1000.7490196228027,1000.772549033165,1000.7921568751335,1000.8078431487083,1000.8235294222832,1000.839215695858,1000.8627451062202,1000.8901960849762,3000.988235294819,186.91238403320312,194.38677978515625,199.11282348632812,202.70652770996094,205.76516723632812,208.54164123535156,211.3748046875,214.3815704345703,218.1137237548828,348.97674560546875,241.92116,3.0,test_data/Useful/Validation/sharp sand at 2ft/20241020_172410_081.jpg,2378.0,275.0,55.383617809298656
83,0.0,0.0,0.0,2.0,9.200000000000003,21.879999999999995,29.0,36.0,40.16,43.400000000000006,48.64,51.0,54.0,55.360000000000014,57.0,59.84,62.0,64.0,65.0,67.0,69.0,72.0,74.52000000000001,76.0,78.0,78.0,79.48000000000002,83.0,84.0,84.0,85.0,86.0,87.0,88.0,90.0,91.0,92.0,92.0,93.0,94.0,95.83999999999997,97.0,98.32,99.0,100.0,100.04000000000002,101.0,103.0,104.0,105.0,106.0,107.0,108.0,108.0,109.20000000000005,111.0,111.0,112.0,112.0,113.0,113.63999999999999,115.0,115.0,116.0,116.0,117.0,118.0,119.0,119.0,120.0,121.0,121.27999999999997,122.0,123.0,124.0,124.0,125.48000000000002,126.0,127.0,129.0,130.0,131.0,132.0,133.0,134.0,135.0,136.0,137.0,138.0,139.0,141.0,143.0,143.0,144.55999999999995,146.79999999999995,147.0,150.0,153.0,158.0,173.0,0.0,1000.7137255072594,1000.7490196228027,1000.772549033165,1000.7921568751335,1000.8078431487083,1000.8235294222832,1000.839215695858,1000.8588235378265,1000.8901960849762,3000.972549021244,186.8771224975586,194.2878204345703,199.02516326904296,202.58550109863282,205.6510009765625,208.48373413085938,211.2530517578125,214.19985961914062,217.93109130859375,349.03643798828125,242.3269,3.0,test_data/Useful/Validation/sharp sand at 2ft/20241020_172410_082.jpg,2266.0,304.0,58.88163870849117
84,0.0,0.0,6.47999999999999,16.0,20.400000000000006,28.439999999999998,31.0,33.0,35.16,38.0,40.0,43.0,45.0,49.360000000000014,51.0,52.84,54.08000000000001,57.0,58.0,61.80000000000001,63.0,65.0,65.52000000000001,67.0,68.0,70.0,71.0,72.0,73.0,74.0,75.0,76.68,78.0,79.0,79.0,80.0,81.0,82.0,83.0,84.0,85.0,86.0,87.0,88.0,89.0,91.0,93.0,94.0,95.0,95.0,97.0,98.0,99.0,100.0,101.0,102.0,103.0,104.0,104.0,105.0,106.0,107.0,108.12,109.36000000000001,110.0,111.0,112.0,112.0,114.0,114.0,116.0,117.0,117.0,118.0,119.0,119.0,120.0,121.0,122.0,123.0,125.0,125.0,126.0,128.0,128.39999999999998,129.0,130.88,132.12,133.0,135.0,135.0,137.0,138.0,139.0,141.79999999999995,144.0,148.0,150.51999999999998,154.0,166.0,0.0,1000.584313750267,1000.6352941393852,1000.6705882549286,1000.6980392336845,1000.7215686440468,1000.7490196228027,1000.7764706015587,1000.8156862854958,1000.8705882430077,3001.0,185.4544677734375,192.970703125,197.6039276123047,201.2216033935547,204.28692626953125,207.08236694335938,209.80078125,212.72169494628906,216.35287475585938,350.3143615722656,226.47736,3.0,test_data/Useful/Validation/sharp sand at 2ft/20241020_172526_071.jpg,2478.0,340.0,62.35931329587624
85,0.0,3.0,7.439999999999998,14.0,18.400000000000006,23.439999999999998,29.0,33.92,38.16,41.400000000000006,45.64,48.0,52.0,55.360000000000014,58.0,60.0,63.0,64.32,66.56,67.80000000000001,69.0,70.0,71.0,72.0,72.0,73.0,74.0,76.0,78.0,80.0,80.44,81.0,82.92000000000002,83.0,84.0,85.0,85.0,86.0,87.0,88.60000000000002,89.0,90.0,90.0,91.0,92.0,92.0,93.0,94.51999999999998,96.0,98.0,98.0,99.0,99.0,100.0,101.0,102.0,103.0,104.0,105.0,106.0,106.63999999999999,107.0,108.0,108.36000000000001,109.0,110.0,110.0,111.0,112.55999999999995,114.0,115.0,116.0,117.0,118.0,119.0,120.0,121.0,121.0,124.0,125.0,126.0,128.0,128.91999999999996,130.0,132.0,133.0,133.88,135.0,135.36,137.0,138.0,139.0,140.0,141.0,142.79999999999995,145.0,147.27999999999997,151.0,155.0,167.0,85.0,1000.5803921818733,1000.6352941393852,1000.6666666865349,1000.6980392336845,1000.7215686440468,1000.7490196228027,1000.7764706015587,1000.8156862854958,1000.8745098114014,3001.0,185.3709228515625,192.86310729980468,197.48404998779296,201.09180297851563,204.12994384765625,206.9415313720703,209.70411529541016,212.61871337890625,216.28133697509764,350.36981201171875,225.9296,3.0,test_data/Useful/Validation/sharp sand at 2ft/20241020_172526_072.jpg,2462.0,347.0,59.515647552370474
86,9.0,15.0,23.439999999999998,28.96,34.0,35.44,39.0,41.0,44.16,46.400000000000006,48.0,49.0,52.0,54.360000000000014,57.0,59.0,61.08000000000001,64.0,66.0,67.0,68.0,69.0,71.0,72.0,73.0,74.0,75.0,76.72000000000003,78.0,80.0,81.0,81.0,82.92000000000002,84.0,85.0,86.0,87.0,88.0,89.0,90.0,91.0,92.0,92.0,93.0,94.0,95.0,96.0,97.0,98.0,98.0,99.0,100.0,101.0,101.0,103.0,103.0,104.0,104.0,105.0,106.0,107.0,108.0,110.0,110.0,111.0,111.0,112.0,112.0,113.0,114.79999999999995,115.0,116.0,117.0,117.75999999999999,119.0,120.0,120.48000000000002,121.0,122.0,123.20000000000005,125.0,125.67999999999995,126.0,128.0,129.0,131.0,132.0,133.0,134.0,136.0,137.0,139.0,141.32000000000005,143.0,144.79999999999995,145.0,147.27999999999997,149.0,151.76,164.0,104.0,1000.5803921818733,1000.6352941393852,1000.6666666865349,1000.6980392336845,1000.7215686440468,1000.7490196228027,1000.7764706015587,1000.8156862854958,1000.8705882430077,3001.0,185.32687377929688,192.7491912841797,197.492919921875,201.07553100585938,204.14822387695312,206.95376586914062,209.67652282714843,212.65572509765624,216.22874145507814,350.421630859375,223.51814,3.0,test_data/Useful/Validation/sharp sand at 2ft/20241020_172526_073.jpg,2476.0,380.0,59.53528324451884
87,14.24,21.0,25.0,28.96,34.2,37.44,40.0,45.0,47.0,48.0,50.64,54.0,55.0,57.0,58.0,61.84,64.0,66.0,67.0,68.0,69.0,71.0,72.52000000000001,73.0,75.0,76.0,78.0,78.72000000000003,79.95999999999998,80.19999999999999,81.44,83.0,84.0,84.0,85.0,86.0,87.0,88.0,89.0,90.0,90.0,91.0,91.32,93.0,93.80000000000001,94.0,95.0,95.0,96.0,97.0,98.24000000000001,100.0,101.0,102.0,103.0,103.44000000000005,105.0,106.0,106.0,107.0,107.63999999999999,108.0,109.0,110.0,110.0,111.0,112.0,113.0,113.55999999999995,114.79999999999995,115.03999999999996,116.0,117.0,118.0,119.0,120.0,121.0,121.0,122.0,124.0,126.0,127.0,127.0,128.0,129.0,129.64,130.0,131.12,133.0,134.0,135.0,137.0,138.0,139.55999999999995,141.0,144.0,146.0,148.0,152.51999999999998,173.0,127.0,1000.5764706134796,1000.6313725709915,1000.6666666865349,1000.6941176652908,1000.7215686440468,1000.7490196228027,1000.7764706015587,1000.811764717102,1000.8705882430077,3001.0,185.28628540039062,192.71151123046874,197.38048858642577,200.97034912109376,204.03450775146484,206.8069610595703,209.59425354003906,212.5077667236328,216.15646362304688,350.4832763671875,223.5849,3.0,test_data/Useful/Validation/sharp sand at 2ft/20241020_172526_074.jpg,2461.0,358.0,59.76928168345009
88,18.72,26.0,30.439999999999998,35.92,40.0,42.0,44.0,49.0,52.16,54.0,55.0,57.0,58.120000000000005,60.0,61.599999999999994,62.0,63.0,64.0,65.0,66.0,67.03999999999999,68.0,69.52000000000001,71.75999999999999,73.0,75.0,76.0,78.0,78.95999999999998,79.19999999999999,80.0,81.0,82.92000000000002,84.0,85.0,86.0,86.88,88.12,89.0,91.0,91.83999999999997,92.0,92.32,93.56,94.0,95.0,96.0,97.0,97.0,98.0,98.24000000000001,99.48000000000002,100.0,101.0,101.20000000000005,102.0,103.0,103.0,104.0,105.0,106.0,106.0,107.0,107.36000000000001,108.60000000000002,109.0,110.0,111.0,112.0,112.0,113.0,114.0,114.0,115.0,116.0,117.0,118.0,119.0,119.96000000000004,121.0,122.0,123.67999999999995,125.0,127.15999999999997,128.39999999999998,129.0,130.0,131.12,133.0,133.60000000000002,135.0,136.0,138.0,139.0,140.79999999999995,143.0,144.27999999999997,146.51999999999998,149.0,162.0,92.0,1000.5725490450859,1000.6274510025978,1000.6627451181412,1000.6941176652908,1000.7176470756531,1000.745098054409,1000.7764706015587,1000.811764717102,1000.8705882430077,3001.0,184.96660614013672,192.55111694335938,197.21558074951173,200.84939575195312,203.95893096923828,206.7978515625,209.53143310546875,212.49734497070312,216.1038818359375,350.4608154296875,223.03026,3.0,test_data/Useful/Validation/sharp sand at 2ft/20241020_172526_075.jpg,2430.0,396.0,59.29828883521518
89,13.24,28.48,34.72,36.96,39.0,41.0,45.0,47.0,48.16,52.0,54.0,55.879999999999995,58.360000000000014,63.0,64.6,65.0,66.08000000000001,68.0,69.56,71.0,73.0,75.28,76.0,77.0,78.0,79.24000000000001,80.0,81.72000000000003,82.0,83.0,84.0,85.0,86.0,86.0,87.39999999999998,89.0,90.0,91.0,93.0,93.0,94.0,96.0,96.0,97.0,97.0,98.0,99.0,101.0,101.0,102.0,103.0,103.48000000000002,104.0,105.96000000000004,106.20000000000005,107.0,108.0,108.0,109.15999999999997,110.0,110.0,111.0,112.0,113.0,114.0,114.0,115.08000000000004,116.0,117.0,118.0,118.03999999999996,119.0,120.0,121.0,122.0,122.0,122.0,123.0,124.0,124.20000000000005,126.0,127.0,127.0,128.0,129.0,129.64,130.88,131.0,132.0,133.0,133.84000000000003,135.0,136.0,139.0,140.0,141.0,144.0,146.0,152.55999999999995,175.0,122.0,1000.5686274766922,1000.6235294342041,1000.6588235497475,1000.6901960968971,1000.7176470756531,1000.745098054409,1000.7764706015587,1000.8156862854958,1000.8745098114014,3001.0,185.15278167724608,192.61416931152343,197.34661865234375,200.94973754882812,204.0231475830078,206.8234619140625,209.5501449584961,212.46947326660157,216.09244537353516,350.45416259765625,222.28674,3.0,test_data/Useful/Validation/sharp sand at 2ft/20241020_172526_076.jpg,2487.0,380.0,59.40896848549224
90,15.0,19.0,27.72,30.0,32.2,37.44,40.68000000000001,44.92,48.0,50.0,52.64,54.0,56.120000000000005,59.0,60.0,62.0,63.08000000000001,65.0,65.0,66.80000000000001,68.0,69.0,69.0,71.0,73.0,74.24000000000001,76.0,77.0,78.0,79.19999999999999,81.0,81.0,82.0,84.0,85.0,86.0,87.0,88.0,90.0,91.0,92.0,93.0,94.0,95.0,96.0,97.0,99.0,100.0,101.0,101.0,102.0,102.0,103.0,104.0,104.0,105.0,106.0,107.0,108.0,108.0,109.0,109.88,110.0,111.0,111.60000000000002,112.0,113.08000000000004,114.0,115.0,116.0,116.0,117.0,118.0,118.0,119.0,120.0,121.0,121.0,122.96000000000004,123.0,123.44000000000005,124.0,125.0,126.0,127.0,128.64,129.88,131.0,133.0,134.0,136.0,137.08000000000004,139.32000000000005,141.0,142.0,144.0,147.0,148.51999999999998,154.76,164.0,102.0,1000.5725490450859,1000.6274510025978,1000.6627451181412,1000.6901960968971,1000.7176470756531,1000.745098054409,1000.772549033165,1000.811764717102,1000.866666674614,3001.0,185.03799438476562,192.54676818847656,197.2896728515625,200.92538452148438,203.97279357910156,206.80458374023436,209.5800018310547,212.48553161621095,216.1290283203125,350.44854736328125,220.90652,3.0,test_data/Useful/Validation/sharp sand at 2ft/20241020_172526_077.jpg,2407.0,385.0,60.37137225033823
91,2.0,15.96,21.72,24.96,29.0,35.44,38.68000000000001,43.92,45.16,47.400000000000006,50.64,53.879999999999995,55.0,57.0,58.0,60.0,61.0,62.0,63.0,64.0,65.03999999999999,67.0,68.0,69.0,70.0,73.0,74.0,75.0,76.0,77.0,78.0,79.0,80.0,81.0,81.39999999999998,83.0,84.0,85.0,85.36000000000001,86.60000000000002,88.0,88.07999999999998,90.0,91.0,92.0,94.0,95.0,96.0,97.0,98.0,99.24000000000001,100.0,101.0,102.0,102.0,103.44000000000005,104.0,105.0,106.0,106.0,107.63999999999999,108.0,109.0,110.0,111.0,112.0,112.0,113.0,114.55999999999995,115.0,116.0,116.0,117.0,118.0,119.0,119.0,120.0,121.0,121.0,122.0,123.0,124.0,125.0,126.0,128.0,129.0,131.0,132.0,134.0,135.0,137.0,138.08000000000004,140.0,141.0,142.0,143.03999999999996,146.0,149.51999999999998,153.0,165.0,106.0,1000.5803921818733,1000.6313725709915,1000.6627451181412,1000.6901960968971,1000.7176470756531,1000.7411764860153,1000.7686274647713,1000.8039215803146,1000.8588235378265,3001.0,185.1876983642578,192.61292724609376,197.3172149658203,200.87600708007812,203.91111755371094,206.74026489257812,209.49102783203125,212.40907287597656,216.07469177246094,350.4806213378906,224.46707,3.0,test_data/Useful/Validation/sharp sand at 2ft/20241020_172526_078.jpg,2419.0,350.0,60.04475394317092
92,12.72,19.48,24.0,26.0,32.2,35.0,38.360000000000014,42.0,45.0,48.400000000000006,52.64,54.0,55.120000000000005,57.360000000000014,60.0,61.0,63.0,64.0,65.0,68.0,69.0,71.0,73.0,73.75999999999999,75.0,75.0,76.0,78.0,79.0,80.0,80.44,82.0,83.0,84.16000000000003,85.39999999999998,86.0,87.0,88.0,89.0,90.0,91.0,92.0,93.0,94.0,96.0,97.0,97.27999999999997,98.0,99.0,99.0,101.0,102.0,103.0,104.0,104.0,105.0,106.67999999999995,107.0,108.15999999999997,109.39999999999998,111.0,112.0,113.0,114.0,114.60000000000002,116.0,116.0,117.0,118.0,119.0,120.0,120.0,120.51999999999998,121.0,122.0,122.24000000000001,123.0,125.0,125.0,125.0,126.44000000000005,127.67999999999995,128.0,129.0,130.0,131.0,132.88,134.0,134.0,136.0,137.0,139.0,140.0,141.0,143.0,145.03999999999996,150.0,151.51999999999998,156.76,167.0,120.0,1000.5803921818733,1000.6313725709915,1000.6627451181412,1000.6901960968971,1000.7137255072594,1000.7411764860153,1000.7647058963776,1000.8000000119209,1000.8509804010391,3001.0,185.00588989257812,192.5540008544922,197.1970977783203,200.816650390625,203.88925170898438,206.68814086914062,209.43031311035156,212.34661865234375,215.98043823242188,350.505859375,226.30843,3.0,test_data/Useful/Validation/sharp sand at 2ft/20241020_172526_081.jpg,2256.0,372.0,57.311651934435744
93,8.96,15.96,28.0,32.0,34.0,38.31999999999999,42.68000000000001,45.0,47.0,49.0,50.0,51.0,54.120000000000005,56.0,58.0,59.0,61.0,63.0,65.0,66.0,69.0,69.28,71.0,72.0,73.0,74.0,75.48000000000002,77.0,78.0,80.0,81.0,82.0,83.0,84.0,85.0,86.0,87.0,87.12,89.0,90.0,92.0,92.07999999999998,93.0,94.0,95.0,96.0,97.0,97.0,98.0,98.0,99.0,100.0,101.0,101.0,103.0,103.0,104.0,105.0,106.0,107.0,108.0,109.0,110.0,111.0,112.0,112.0,113.0,114.0,114.55999999999995,115.79999999999995,117.0,117.0,118.0,119.0,119.0,120.0,121.0,121.72000000000003,122.96000000000004,124.0,125.0,126.0,127.0,128.0,130.0,131.0,132.0,133.0,134.0,135.0,135.84000000000003,137.0,138.0,140.0,141.0,144.0,145.0,146.51999999999998,151.0,160.0,117.0,1000.5647059082985,1000.6196078658104,1000.6588235497475,1000.6862745285034,1000.7137255072594,1000.7411764860153,1000.772549033165,1000.8078431487083,1000.866666674614,3001.0,184.99984588623047,192.5479278564453,197.26876831054688,200.8474884033203,203.9235382080078,206.7317138671875,209.48209075927736,212.4139404296875,216.07624206542968,350.454833984375,225.3975,3.0,test_data/Useful/Validation/sharp sand at 2ft/20241020_172526_082.jpg,2458.0,408.0,63.78127517453255
94,0.2400000000000002,9.0,11.719999999999999,17.0,25.60000000000001,31.439999999999998,36.68000000000001,39.0,43.0,44.0,45.64,47.0,49.0,52.360000000000014,55.0,57.0,59.0,61.0,61.0,62.80000000000001,63.0,65.0,67.0,69.0,71.0,72.0,73.48000000000002,75.0,77.0,78.0,79.0,81.0,82.0,83.0,85.39999999999998,86.63999999999999,88.0,89.0,90.0,92.0,93.0,94.0,95.0,96.0,97.0,98.0,99.0,99.0,100.0,100.0,100.0,101.0,102.72000000000003,104.0,105.0,105.44000000000005,106.0,107.0,108.0,109.0,110.0,111.0,111.12,112.0,113.0,114.0,114.0,115.0,115.55999999999995,116.0,117.0,118.27999999999997,119.0,119.0,120.0,121.0,122.0,123.0,124.0,124.0,125.0,126.0,127.0,127.15999999999997,129.0,130.64,131.0,132.0,134.0,135.60000000000002,137.0,137.08000000000004,139.32000000000005,141.0,143.0,146.0,148.27999999999997,151.51999999999998,155.76,167.0,100.0,1000.6039215922356,1000.6549019813538,1000.6862745285034,1000.7098039388657,1000.7372549176216,1000.7607843279839,1000.7843137383461,1000.8196078538895,1000.8705882430077,3001.0,185.46871948242188,192.9933654785156,197.6719543457031,201.3050048828125,204.35449981689453,207.19718322753906,209.9567932128906,212.8890411376953,216.49659729003906,350.39178466796875,227.57541,3.0,test_data/Useful/Validation/sharp sand at 2ft/20241020_172526_083.jpg,2478.0,389.0,60.17387936259337
95,2.0,7.48,16.72,24.0,28.200000000000003,32.44,36.360000000000014,42.84,48.0,49.0,53.64,55.0,59.0,60.360000000000014,62.0,64.0,65.08000000000001,67.0,69.56,72.0,73.03999999999999,74.0,76.0,77.0,77.0,79.0,80.48000000000002,82.0,82.0,83.0,85.0,85.68,87.0,88.16000000000003,89.0,90.63999999999999,91.88,92.0,94.0,94.0,95.0,97.0,97.0,98.0,99.0,100.0,100.0,102.0,103.0,103.0,103.0,104.0,105.0,105.0,106.20000000000005,107.0,107.0,108.0,109.0,111.0,111.0,112.0,113.0,113.0,114.0,115.0,115.08000000000004,117.0,117.0,118.0,119.0,120.0,121.0,121.0,122.0,123.0,124.0,125.0,126.0,127.0,127.44000000000005,129.0,130.0,130.15999999999997,131.0,132.0,133.0,135.0,135.0,136.60000000000002,139.0,140.0,141.0,142.0,143.0,145.0,147.0,149.0,151.76,159.0,103.0,1000.6039215922356,1000.6588235497475,1000.6941176652908,1000.7254902124405,1000.7490196228027,1000.7764706015587,1000.8078431487083,1000.8431372642517,1000.9019607901573,3001.0,185.7094497680664,193.24335632324218,197.91412353515625,201.54827880859375,204.62196350097656,207.4349822998047,210.1973876953125,213.12261962890625,216.78787231445312,350.3027648925781,224.36705,3.0,test_data/Useful/Validation/sharp sand at 2ft/20241020_172526_084.jpg,2596.0,385.0,61.376412695571176
96,13.0,22.44,29.439999999999998,33.0,37.0,40.0,42.0,45.92,49.16,51.80000000000001,54.28,56.0,57.0,58.360000000000014,62.0,63.84,66.0,67.0,68.0,68.80000000000001,70.0,71.28,72.52000000000001,74.0,75.0,76.0,77.0,78.0,78.0,80.0,81.0,83.0,84.0,84.16000000000003,86.0,88.0,90.0,91.0,91.0,92.0,92.83999999999997,94.0,95.0,95.0,96.0,97.0,98.0,98.0,99.0,99.0,100.0,101.0,101.0,102.0,103.0,103.0,104.0,105.0,106.0,107.0,107.0,108.0,110.0,111.0,112.0,113.0,114.0,115.0,116.55999999999995,117.0,118.0,119.0,119.51999999999998,120.0,121.0,122.0,123.48000000000002,124.0,125.0,126.0,126.0,127.0,129.0,130.0,131.0,132.0,133.0,134.0,134.36,135.0,136.84000000000003,138.0,140.0,141.0,143.0,144.0,146.0,148.0,151.76,160.0,107.0,1000.65098041296,1000.6980392336845,1000.7254902124405,1000.7490196228027,1000.772549033165,1000.7921568751335,1000.8196078538895,1000.8470588326454,1000.8941176533699,3001.0,186.15386962890625,193.6693572998047,198.32679290771483,201.93331909179688,205.00586700439453,207.82655639648436,210.60284423828125,213.52981567382812,217.16824340820312,350.24945068359375,228.32822,3.0,test_data/Useful/Validation/sharp sand at 2ft/20241020_172526_085.jpg,2624.0,336.0,56.902162360399004
97,6.960000000000001,20.0,27.0,30.96,32.2,39.879999999999995,44.0,46.92,50.16,53.0,55.0,58.0,60.0,62.0,63.0,64.84,67.0,68.32,70.0,71.0,73.0,74.0,75.52000000000001,76.75999999999999,77.0,78.0,79.0,80.0,81.0,82.0,84.0,84.0,85.0,86.0,87.0,88.0,89.0,90.0,91.0,91.60000000000002,92.83999999999997,94.0,94.0,95.0,95.0,96.0,97.0,97.51999999999998,99.0,99.0,100.0,101.0,101.0,102.0,103.20000000000005,104.0,104.67999999999995,106.0,107.0,108.0,108.0,109.0,109.0,110.0,111.0,112.0,112.0,114.0,114.55999999999995,115.0,116.0,117.27999999999997,118.0,118.75999999999999,119.0,120.24000000000001,121.0,122.0,123.0,124.0,125.0,126.0,126.0,127.0,128.0,129.0,130.0,131.12,133.36,135.0,136.0,137.0,139.0,140.55999999999995,142.79999999999995,147.0,148.55999999999995,152.0,157.76,167.0,109.0,1000.6352941393852,1000.6862745285034,1000.7215686440468,1000.7490196228027,1000.772549033165,1000.8000000119209,1000.8274509906769,1000.8627451062202,1000.9176470637321,3001.0,186.12364196777344,193.7560272216797,198.3704376220703,201.98194274902343,205.03622436523438,207.8453826904297,210.5752410888672,213.48976135253906,217.1355438232422,350.2679138183594,226.4816,3.0,test_data/Useful/Validation/sharp sand at 2ft/20241020_172526_086.jpg,2776.0,374.0,54.40655259701418
98,6.24,20.48,24.72,32.92,35.0,38.44,41.0,44.0,47.16,52.0,54.0,56.0,58.0,60.0,60.599999999999994,63.0,65.0,67.0,68.0,69.0,70.03999999999999,72.0,73.0,74.0,76.0,77.0,78.0,80.0,81.0,82.0,83.0,84.0,85.0,87.0,88.0,89.0,90.0,90.0,91.0,91.0,92.0,94.0,94.0,96.0,96.0,98.0,98.27999999999997,99.0,100.0,101.0,102.0,102.0,103.0,104.0,104.0,105.0,105.0,106.0,107.0,107.0,108.63999999999999,109.0,110.0,111.0,112.0,113.0,114.0,115.0,115.0,116.0,117.0,118.0,119.0,119.75999999999999,120.0,121.0,121.0,122.72000000000003,123.0,124.0,124.44000000000005,125.67999999999995,126.91999999999996,127.15999999999997,128.0,129.0,130.0,131.0,132.36,133.0,135.0,136.08000000000004,137.0,138.0,139.0,142.0,145.27999999999997,151.0,154.0,166.0,90.0,1000.6549019813538,1000.6980392336845,1000.7294117808342,1000.7529411911964,1000.772549033165,1000.7960784435272,1000.8235294222832,1000.8509804010391,1000.8980392217636,3001.0,186.33600463867188,193.79149780273437,198.44957275390624,202.1068878173828,205.15035247802734,207.9416259765625,210.68568267822266,213.6325653076172,217.2662353515625,350.1908874511719,229.70074,3.0,test_data/Useful/Validation/sharp sand at 2ft/20241020_172526_087.jpg,2722.0,386.0,59.2280944793222
99,19.0,27.48,33.44,37.96,40.0,42.44,45.0,48.0,50.0,53.400000000000006,56.0,59.879999999999995,61.120000000000005,63.0,64.0,65.84,68.0,69.0,72.0,73.0,75.0,76.28,78.0,80.0,82.0,82.0,83.0,84.72000000000003,85.95999999999998,87.0,88.0,88.68,89.0,90.0,91.0,92.63999999999999,94.0,95.0,95.0,97.0,98.0,99.0,100.0,102.0,102.0,104.0,104.27999999999997,105.0,106.0,107.0,108.0,108.0,110.0,111.0,111.0,112.0,112.0,113.0,113.0,114.0,115.0,115.88,116.0,117.0,117.60000000000002,118.84000000000003,120.0,120.0,121.0,122.0,123.0,123.0,124.51999999999998,125.0,126.0,128.0,128.0,129.0,130.0,131.0,131.44000000000005,132.0,133.0,134.0,134.0,135.0,135.0,136.0,137.0,137.0,138.0,139.0,140.0,141.0,142.0,144.0,146.0,149.0,154.51999999999998,164.0,111.0,1000.6627451181412,1000.705882370472,1000.7333333492279,1000.7529411911964,1000.7764706015587,1000.7960784435272,1000.8196078538895,1000.8470588326454,1000.8901960849762,3001.0,186.43194580078125,193.86770629882812,198.53645935058594,202.12295227050782,205.21633911132812,208.02438354492188,210.77578735351562,213.6885223388672,217.36648559570312,350.1158142089844,230.66788,3.0,test_data/Useful/Validation/sharp sand at 2ft/20241020_172526_088.jpg,2562.0,373.0,61.77777294916237
100,0.0,8.48,14.0,25.0,32.2,36.0,39.0,43.0,46.0,48.400000000000006,50.0,53.879999999999995,56.0,57.0,58.0,60.0,61.0,63.31999999999999,65.56,67.0,69.0,70.0,71.0,72.0,73.0,73.0,75.0,76.0,78.0,79.0,80.0,81.0,82.0,83.0,85.0,85.63999999999999,86.88,89.0,90.0,92.0,92.83999999999997,94.0,95.0,97.0,97.80000000000001,98.0,99.0,99.0,100.0,101.0,101.0,102.0,103.0,104.0,105.0,105.44000000000005,106.0,107.0,108.0,109.0,110.0,111.0,112.0,113.0,113.0,114.0,114.0,114.0,115.0,115.0,116.03999999999996,117.0,118.0,119.0,120.0,122.0,122.0,123.0,124.0,124.20000000000005,126.0,127.0,128.0,129.0,130.0,131.0,132.0,133.0,134.0,136.0,138.0,140.0,141.32000000000005,143.0,144.0,145.0,147.27999999999997,151.0,157.0,166.0,114.0,1000.6549019813538,1000.7019608020782,1000.7294117808342,1000.7529411911964,1000.7764706015587,1000.7960784435272,1000.8196078538895,1000.8509804010391,1000.8980392217636,3001.0,186.53125,194.00531311035155,198.68984375,202.22135314941406,205.27208709716797,208.1267547607422,210.85882568359375,213.81507873535156,217.45535278320312,350.07513427734375,227.2548,3.0,test_data/Useful/Validation/sharp sand at 2ft/20241020_172526_091.jpg,2620.0,362.0,54.86472513697116
101,6.0,17.96,25.72,32.0,35.2,37.44,41.68000000000001,44.0,48.16,51.400000000000006,56.64,59.0,61.0,62.0,63.599999999999994,65.0,68.0,69.32,71.0,72.0,74.0,75.0,76.52000000000001,77.0,78.0,79.0,80.0,82.0,83.0,84.0,85.0,86.0,88.0,89.0,90.39999999999998,92.0,92.0,92.0,93.0,94.0,95.0,95.0,96.0,97.0,98.0,99.0,99.0,100.0,101.0,102.0,103.0,103.0,104.0,105.0,106.0,107.0,107.0,108.0,108.15999999999997,109.0,110.0,110.0,111.0,112.0,113.0,114.0,116.0,116.0,117.0,117.79999999999995,119.0,120.0,121.0,121.0,122.0,123.0,123.0,124.0,125.0,125.0,126.0,126.0,127.0,128.15999999999997,129.39999999999998,131.0,132.0,133.0,134.0,135.60000000000002,137.0,137.0,139.0,140.55999999999995,142.79999999999995,143.0,144.27999999999997,146.51999999999998,149.76,157.0,92.0,1000.6470588445663,1000.6941176652908,1000.7254902124405,1000.7529411911964,1000.7764706015587,1000.8000000119209,1000.8274509906769,1000.8588235378265,1000.9098039269447,3001.0,186.41318359375,193.9708740234375,198.66712799072266,202.25515747070312,205.30547332763672,208.1123840332031,210.8832794189453,213.7850280761719,217.4272659301758,350.12078857421875,227.20514,3.0,test_data/Useful/Validation/sharp sand at 2ft/20241020_172526_092.jpg,2631.0,364.0,57.24204365440316
102,2.4800000000000004,11.96,21.0,25.0,29.0,32.0,33.0,38.0,44.0,47.400000000000006,51.0,53.0,55.0,56.0,57.0,58.84,61.0,64.0,65.0,65.80000000000001,67.0,68.0,69.52000000000001,70.0,72.0,73.0,75.0,76.0,77.0,78.0,80.0,81.0,82.92000000000002,84.0,85.0,86.0,87.0,87.12,89.36000000000001,91.0,91.0,92.0,93.0,93.56,94.0,95.0,96.0,97.0,98.0,99.0,100.0,100.0,101.72000000000003,102.0,103.0,104.0,105.0,106.0,107.0,108.0,108.0,109.0,110.0,110.0,111.0,112.0,112.08000000000004,113.0,114.0,114.79999999999995,115.0,116.0,117.0,118.0,119.0,119.0,121.0,122.0,123.0,124.0,125.0,126.67999999999995,128.0,129.0,129.0,130.0,130.88,132.0,134.0,134.60000000000002,135.0,137.0,138.0,140.55999999999995,142.0,145.0,147.55999999999995,150.51999999999998,153.76,163.0,100.0,1000.6392157077789,1000.6901960968971,1000.7254902124405,1000.7529411911964,1000.7764706015587,1000.8039215803146,1000.8313725590706,1000.8627451062202,1000.9176470637321,3001.0,186.4586380004883,194.06352844238282,198.7189682006836,202.29066467285156,205.36593627929688,208.17376708984375,210.8924560546875,213.84666442871094,217.46463012695312,350.0936279296875,226.17773,3.0,test_data/Useful/Validation/sharp sand at 2ft/20241020_172526_093.jpg,2773.0,383.0,58.365996888705276
103,6.24,13.48,19.439999999999998,24.0,27.0,30.439999999999998,35.0,37.0,40.16,44.400000000000006,46.0,48.0,51.0,54.0,56.599999999999994,58.84,60.08000000000001,62.0,63.0,64.0,65.03999999999999,67.28,70.0,71.0,72.0,73.0,74.0,75.0,77.0,78.0,80.0,81.0,82.0,83.0,84.39999999999998,86.0,86.88,87.0,88.0,88.0,89.0,90.0,91.0,93.0,94.0,95.0,96.0,96.51999999999998,97.0,100.0,101.0,101.48000000000002,103.0,104.0,105.0,105.0,106.0,107.0,107.15999999999997,108.39999999999998,110.0,111.0,112.0,113.0,114.0,115.0,116.0,116.32000000000005,117.55999999999995,118.0,118.0,119.0,119.0,120.0,121.0,121.24000000000001,122.0,123.0,124.0,125.0,126.44000000000005,127.0,129.0,130.0,131.0,132.0,132.0,133.0,134.0,135.0,135.84000000000003,138.0,139.0,139.55999999999995,140.79999999999995,143.03999999999996,146.0,149.0,152.76,163.0,118.0,1000.65098041296,1000.6980392336845,1000.7294117808342,1000.7529411911964,1000.7764706015587,1000.8000000119209,1000.8274509906769,1000.8588235378265,1000.905882358551,3001.0,186.4949523925781,193.99764099121094,198.68136901855468,202.30369567871094,205.3768310546875,208.16842041015624,210.925390625,213.85445251464844,217.53207244873047,350.0673828125,227.94162,3.0,test_data/Useful/Validation/sharp sand at 2ft/20241020_172526_094.jpg,2733.0,339.0,63.3264496139432
104,1.4800000000000004,10.96,16.0,20.96,24.200000000000003,27.439999999999998,30.0,32.92,39.0,42.400000000000006,44.0,45.0,49.0,51.360000000000014,53.0,55.0,57.08000000000001,59.0,61.120000000000005,63.80000000000001,65.03999999999999,68.0,70.0,71.0,72.0,73.0,74.0,76.0,76.95999999999998,78.0,79.0,80.68,83.0,84.16000000000003,85.39999999999998,87.0,87.88,88.12,89.0,90.0,91.0,92.0,93.0,94.0,95.0,96.0,97.0,98.0,99.0,100.0,102.0,102.0,103.0,103.0,104.0,105.0,105.0,106.0,107.0,108.0,108.0,109.0,110.0,112.0,112.0,113.84000000000003,114.0,115.32000000000005,116.0,116.0,117.0,117.0,118.0,119.0,120.0,121.24000000000001,123.0,123.0,125.0,126.0,128.0,128.0,129.0,130.0,131.0,132.0,133.0,135.0,136.0,137.0,138.0,140.0,141.0,142.0,143.0,146.0,148.0,149.51999999999998,153.0,162.0,116.0,1000.6431372761726,1000.6941176652908,1000.7254902124405,1000.7529411911964,1000.7764706015587,1000.8000000119209,1000.8274509906769,1000.8627451062202,1000.9137254953384,3001.0,186.49209899902343,194.0737060546875,198.73241577148437,202.30316162109375,205.38433837890625,208.16758728027344,210.94873046875,213.85311889648438,217.4708251953125,350.086669921875,225.75996,3.0,test_data/Useful/Validation/sharp sand at 2ft/20241020_172526_095.jpg,2707.0,384.0,66.46116770324437
0,0.0,0.0,1.7199999999999989,4.0,6.200000000000003,9.0,15.0,18.0,21.0,24.400000000000006,28.64,32.879999999999995,37.120000000000005,40.0,41.0,43.84,50.08000000000001,52.0,53.56,55.0,57.0,59.28,62.0,62.75999999999999,65.0,67.0,69.0,70.0,71.0,73.0,74.0,75.0,76.92000000000002,78.0,78.39999999999998,80.0,82.0,84.0,84.0,85.0,85.83999999999997,89.0,90.32,91.0,93.80000000000001,95.0,97.0,97.0,98.75999999999999,100.0,100.0,101.0,102.0,103.0,104.0,106.0,106.67999999999995,107.0,108.0,109.0,109.0,110.0,111.0,113.0,113.60000000000002,115.0,117.0,117.0,118.0,118.79999999999995,119.0,119.0,121.0,121.0,122.0,123.0,123.48000000000002,124.0,125.0,126.0,127.44000000000005,128.0,129.0,130.0,131.0,132.0,133.0,134.12,135.0,136.60000000000002,138.0,139.0,140.0,142.0,144.79999999999995,146.0,147.27999999999997,151.0,153.76,163.0,0.0,1000.4000000059605,1000.486274510622,1000.5568627715111,1000.6431372761726,1000.7843137383461,2000.4705882370472,2000.623529434204,2000.8039215803146,3000.584313750267,3001.0,181.45401611328126,188.94639892578124,193.71985473632813,197.41453857421874,200.63874053955078,203.60468444824218,206.63651428222656,210.00216674804688,214.67044067382812,346.7866516113281,246.89383,2.0,test_data/Useful/Validation/Stone Dust at 1 ft/IMG_9353.jpg,1421.0,216.0,25.318943673949043
1,0.0,0.0,0.0,0.9600000000000009,10.200000000000003,14.439999999999998,19.360000000000014,22.0,25.159999999999997,27.400000000000006,29.0,32.0,34.120000000000005,37.360000000000014,40.19999999999999,43.84,47.0,50.0,52.0,55.0,57.0,58.0,61.0,62.75999999999999,65.0,66.0,68.0,70.0,71.0,72.0,73.44,75.0,76.92000000000002,77.16000000000003,78.0,79.0,80.0,81.12,82.0,84.0,84.83999999999997,86.0,87.0,88.0,89.80000000000001,90.04000000000002,91.0,92.0,93.0,93.0,95.0,96.0,97.0,97.96000000000004,98.20000000000005,99.0,100.0,101.0,101.15999999999997,102.0,103.0,105.0,107.0,108.0,109.0,109.84000000000003,110.0,111.32000000000005,112.0,114.0,116.0,117.0,117.51999999999998,118.0,119.0,120.0,120.0,121.72000000000003,123.96000000000004,125.0,126.0,127.0,128.0,129.0,130.0,131.0,131.0,133.0,134.0,135.0,135.0,137.0,139.0,140.0,142.0,143.03999999999996,145.55999999999995,148.0,150.51999999999998,163.0,0.0,1000.3450980484486,1000.4313725531101,1000.4980392158031,1000.5568627715111,1000.6196078658104,1000.678431391716,1000.7411764860153,1000.8627451062202,2000.6705882549286,3001.0,180.321484375,188.07815551757812,192.8162841796875,196.5645751953125,199.8263702392578,202.92123413085938,206.0501708984375,209.62210083007812,214.86300659179688,345.976318359375,246.92343,2.0,test_data/Useful/Validation/Stone Dust at 1 ft/IMG_9354.jpg,1461.0,245.0,29.90706718957888
2,33.44,50.480000000000004,54.72,63.0,65.0,66.0,67.68,70.92,72.0,75.0,78.0,80.0,81.0,82.0,83.0,84.0,86.0,87.0,89.0,90.0,91.0,92.0,93.0,94.0,94.0,96.0,97.0,98.0,98.0,99.0,100.0,101.0,102.0,103.0,104.0,104.63999999999999,105.0,107.0,107.36000000000001,108.0,108.0,109.0,110.0,110.56,112.0,113.0,114.0,114.0,116.0,116.0,117.0,117.48000000000002,118.0,119.0,119.0,120.0,120.67999999999995,121.0,121.0,122.0,122.63999999999999,123.0,124.0,125.0,125.0,126.0,127.0,127.0,128.0,128.79999999999995,130.0,130.0,131.0,131.0,132.0,133.0,133.0,134.0,134.0,135.0,136.0,136.0,137.0,137.0,138.0,139.0,140.0,141.0,141.0,142.0,142.0,143.08000000000004,144.0,146.0,146.79999999999995,148.0,151.0,154.0,157.76,161.0,121.0,1000.3568627536297,1000.5607843399048,1000.6980392336845,1000.8274509906769,2000.06274510175,2000.3568627536297,2000.6000000238419,2000.7960784435272,3000.0784313753247,3001.0,184.5222396850586,192.26609802246094,196.98707580566406,200.71546936035156,203.9079132080078,206.82481384277344,209.82107543945312,213.16278076171875,217.6492156982422,346.5309143066406,233.25974,2.0,test_data/Useful/Validation/Stone Dust at 1 ft/WhatsApp Image 2024-09-05 at 17.06.47 (2).jpeg,2131.0,255.0,28.137214728358597
3,34.2,43.96,52.0,54.0,57.2,60.44,63.0,66.0,71.16,74.0,75.0,77.88,81.0,82.0,83.0,84.0,85.0,86.32,88.0,88.80000000000001,90.0,91.0,92.0,93.0,94.0,95.0,96.0,97.0,98.0,99.0,100.0,100.68,101.0,102.0,102.39999999999998,104.0,104.0,105.0,105.36000000000001,106.0,107.0,107.0,108.0,109.0,109.80000000000001,110.04000000000002,111.0,112.0,112.75999999999999,113.0,114.0,114.0,114.0,115.0,116.0,116.0,117.0,117.0,118.0,118.39999999999998,119.0,120.0,121.0,121.36000000000001,122.0,122.0,124.0,124.0,125.0,125.0,126.0,126.27999999999997,127.0,128.0,129.0,129.24,130.0,131.0,131.0,132.0,133.0,134.0,135.0,136.15999999999997,137.39999999999998,138.0,139.0,139.0,140.0,140.60000000000002,141.84000000000003,143.0,144.0,145.55999999999995,147.0,148.03999999999996,151.0,152.51999999999998,155.76,162.0,114.0,1000.3803921639919,1000.5921568870544,1000.7333333492279,1000.8784313797951,2000.1529411822557,2000.458823531866,2000.678431391716,2000.866666674614,3000.133333340287,3001.0,185.17855834960938,192.75608825683594,197.4981948852539,201.16953735351564,204.3558578491211,207.29766845703125,210.27474975585938,213.5253143310547,217.98959350585938,346.6077880859375,231.68127,2.0,test_data/Useful/Validation/Stone Dust at 1 ft/WhatsApp Image 2024-09-05 at 17.06.47.jpeg,2384.0,290.0,25.606258544395175
4,28.240000000000002,39.44,44.72,50.84,52.2,55.0,60.360000000000014,62.0,66.0,67.0,69.64,71.0,74.12,75.36000000000001,77.0,78.0,80.0,82.0,83.0,84.80000000000001,87.0,88.0,88.52000000000001,89.0,90.0,91.24000000000001,92.0,93.0,94.0,95.0,95.0,96.0,97.0,98.0,98.39999999999998,99.0,100.0,101.0,102.0,103.60000000000002,104.0,105.0,106.0,106.0,107.80000000000001,108.0,108.27999999999997,109.0,109.0,110.0,111.0,112.0,113.0,113.0,114.0,114.0,115.0,116.0,117.0,117.0,118.0,119.0,120.0,120.0,121.0,121.0,122.0,122.32000000000005,123.0,124.0,124.03999999999996,126.0,126.0,127.0,128.0,128.0,128.0,129.0,130.0,130.20000000000005,132.0,133.0,133.0,134.0,135.0,135.0,136.0,137.0,138.0,139.0,139.84000000000003,141.0,143.0,143.55999999999995,145.0,147.03999999999996,149.0,151.0,153.76,156.0,128.0,1000.3803921639919,1000.5882353186607,1000.7254902124405,1000.866666674614,2000.1176470592618,2000.4039215743542,2000.6313725709915,2000.8196078538895,3000.101960785687,3001.0,185.1031066894531,192.595654296875,197.35247802734375,201.046630859375,204.23715209960938,207.20791625976562,210.182373046875,213.48126220703125,217.87692260742188,346.6307373046875,232.65779,2.0,test_data/Useful/Validation/Stone Dust at 1 ft/WhatsApp Image 2024-09-05 at 17.06.48 (1).jpeg,2514.0,294.0,34.235838365360614
5,42.24,48.480000000000004,52.72,56.0,60.2,62.0,65.0,69.92,72.16,75.0,77.0,78.0,81.0,83.0,84.0,86.0,88.0,88.32,89.56,90.0,93.0,93.28,95.52000000000001,98.0,99.0,99.0,100.0,101.72000000000003,102.0,103.0,104.0,104.0,105.0,106.0,106.0,107.0,107.0,108.12,109.0,110.0,111.0,111.0,112.0,113.56,114.0,115.0,116.27999999999997,117.0,118.0,118.0,119.0,120.0,120.0,121.96000000000004,122.0,123.0,123.67999999999995,124.0,124.0,125.0,125.0,125.0,126.0,127.0,127.0,128.0,129.0,129.0,129.0,130.0,131.0,131.0,132.0,132.0,133.0,133.0,134.0,134.0,135.0,136.0,136.0,136.0,137.0,138.0,139.0,139.64,141.0,142.0,143.0,144.0,145.0,145.08000000000004,146.32000000000005,148.55999999999995,150.0,152.0,153.0,155.0,157.76,164.0,125.0,1000.3764705955982,1000.5803921818733,1000.7215686440468,1000.8509804010391,2000.1058823540807,2000.4313725531101,2000.6705882549286,2000.8745098114014,3000.133333340287,3001.0,184.9984390258789,192.5771728515625,197.29190826416016,201.0317840576172,204.18321228027344,207.11671447753906,210.09669494628906,213.40834045410156,217.93260192871094,346.4207763671875,233.6352,2.0,test_data/Useful/Validation/Stone Dust at 1 ft/WhatsApp Image 2024-09-05 at 17.06.48 (2).jpeg,2128.0,246.0,28.569803569566147
6,27.44,40.480000000000004,50.0,56.96,61.0,63.44,69.0,71.0,73.0,75.0,76.0,77.0,79.0,80.0,80.6,82.0,84.0,85.0,87.0,89.0,90.0,91.28,93.0,93.0,94.0,95.24000000000001,96.0,97.0,98.0,99.0,100.0,100.68,101.0,102.0,102.0,103.0,104.0,105.0,106.0,106.0,107.0,108.0,108.32,110.0,110.0,111.0,111.0,112.0,113.0,114.0,115.0,115.0,116.0,117.0,118.0,118.0,119.0,119.0,120.0,121.0,121.63999999999999,122.0,123.0,123.0,123.0,124.0,124.0,125.0,125.55999999999995,126.0,126.0,127.0,127.51999999999998,128.0,129.0,129.0,130.0,130.0,131.0,131.0,132.0,133.0,133.0,135.0,135.0,136.0,137.0,138.0,139.0,139.0,140.0,141.0,143.0,144.0,145.0,148.0,148.27999999999997,149.0,151.0,167.0,123.0,1000.3725490272045,1000.584313750267,1000.7215686440468,1000.8509804010391,2000.0823529437184,2000.4156862795353,2000.6627451181412,2000.866666674614,3000.1294117718935,3001.0,185.04452514648438,192.62698364257812,197.3561248779297,201.04678344726562,204.1859893798828,207.182861328125,210.18251037597656,213.4751739501953,217.9025115966797,346.50848388671875,231.87881,2.0,test_data/Useful/Validation/Stone Dust at 1 ft/WhatsApp Image 2024-09-05 at 17.06.48 (3).jpeg,2333.0,298.0,27.658592358310052
7,36.0,46.480000000000004,53.0,56.0,58.2,62.0,65.68,67.0,71.0,72.0,73.0,75.88,78.0,79.0,80.0,81.0,82.0,83.0,83.56,84.0,85.0,87.0,89.0,90.0,92.0,93.0,93.0,94.0,94.95999999999998,96.0,97.0,98.0,99.0,99.0,100.39999999999998,102.0,103.0,104.0,105.0,106.0,106.83999999999997,107.0,108.0,109.0,109.0,110.0,111.0,112.0,113.0,113.0,114.0,114.48000000000002,115.0,116.0,117.0,118.0,118.0,119.0,119.0,120.0,121.0,121.0,122.0,123.0,123.0,124.0,124.0,125.0,126.0,126.0,127.0,128.0,128.0,128.0,129.0,130.0,130.0,130.0,131.96000000000004,132.0,133.0,133.67999999999995,134.0,135.0,136.0,137.0,137.0,138.0,139.0,140.0,140.0,142.0,143.0,144.0,145.0,148.0,150.27999999999997,152.51999999999998,155.51999999999998,166.0,128.0,1000.3882353007793,1000.6000000238419,1000.7411764860153,1000.8941176533699,2000.1607843190432,2000.4549019634724,2000.6705882549286,2000.8588235378265,3000.113725490868,3001.0,184.96629333496094,192.53140258789062,197.32223510742188,200.99573669433593,204.1921844482422,207.11062622070312,210.13671875,213.48182678222656,217.9877471923828,346.4722900390625,232.6691,2.0,test_data/Useful/Validation/Stone Dust at 1 ft/WhatsApp Image 2024-09-05 at 17.06.48.jpeg,2343.0,295.0,33.21080320543906
8,35.480000000000004,44.0,49.0,53.0,59.0,62.0,64.68,66.92,70.0,72.4,74.0,75.0,77.0,78.0,80.0,82.84,83.0,85.32,86.0,88.0,89.0,91.0,92.52000000000001,94.0,95.0,96.0,96.0,98.0,99.0,100.0,100.0,101.0,102.0,103.0,104.0,104.0,105.0,106.0,106.0,107.0,107.83999999999997,108.0,108.0,109.0,110.0,111.0,111.0,112.0,113.0,113.0,114.0,114.48000000000002,115.0,115.0,116.0,117.0,118.0,118.0,118.15999999999997,119.0,120.0,120.0,120.0,121.0,121.0,122.0,123.0,124.0,124.0,125.0,126.0,126.27999999999997,127.0,128.0,129.0,129.0,130.0,130.72000000000003,131.0,132.0,133.0,134.0,134.0,135.0,136.0,136.0,137.0,138.0,139.0,140.0,141.0,141.08000000000004,143.0,144.55999999999995,146.0,147.0,149.27999999999997,151.0,153.0,158.0,120.0,1000.3411764800549,1000.5411764979362,1000.678431391716,1000.7960784435272,2000.0039215688594,2000.3176470696926,2000.5921568870544,2000.811764717102,3000.117647059262,3001.0,184.82418823242188,192.4061279296875,197.15399169921875,200.85316162109376,204.02979278564453,206.96749877929688,209.9544677734375,213.24478149414062,217.76654052734375,346.5588684082031,232.3897,2.0,test_data/Useful/Validation/Stone Dust at 1 ft/WhatsApp Image 2024-09-05 at 17.06.49 (1).jpeg,2278.0,266.0,26.15312221233145
9,21.68,40.480000000000004,45.0,53.0,58.0,59.44,63.0,67.0,70.0,72.0,73.64,74.0,76.0,77.0,79.0,80.0,80.08000000000001,82.32,84.0,85.0,87.0,89.0,90.0,92.0,93.0,94.0,95.0,96.0,97.0,98.0,99.0,100.0,101.0,101.16000000000003,102.0,103.0,104.0,105.0,106.0,106.0,107.0,107.0,108.0,109.0,109.0,110.0,111.0,111.0,112.0,112.0,113.24000000000001,114.0,114.0,115.0,115.20000000000005,116.0,117.0,118.0,118.15999999999997,119.0,119.63999999999999,120.0,120.0,121.0,122.0,122.84000000000003,123.0,123.32000000000005,124.0,125.0,126.0,126.27999999999997,127.0,127.0,128.0,129.0,129.0,130.0,131.0,132.0,132.0,133.0,133.0,134.0,135.0,136.0,136.0,138.0,138.36,139.60000000000002,140.0,142.0,143.0,144.0,145.79999999999995,146.03999999999996,148.0,150.0,154.0,158.0,120.0,1000.3215686380863,1000.5294117927551,1000.6666666865349,1000.7803921699524,1000.933333337307,2000.2627451121807,2000.5803921818733,2000.8196078538895,3000.1215686276555,3001.0,184.7937774658203,192.37333984375,197.1347915649414,200.8735137939453,204.0243682861328,206.99310302734375,209.94158935546875,213.24888610839844,217.7975616455078,346.4776306152344,232.54321,2.0,test_data/Useful/Validation/Stone Dust at 1 ft/WhatsApp Image 2024-09-05 at 17.06.49 (2).jpeg,2295.0,247.0,26.017563296915416
10,26.240000000000002,38.92,43.0,51.96,54.2,59.0,62.360000000000014,66.0,67.16,71.0,72.0,73.88,76.0,77.0,78.6,81.0,82.08000000000001,83.0,84.0,86.0,88.0,89.28,90.0,91.0,92.0,93.24000000000001,95.0,95.0,96.0,97.19999999999999,99.44,100.0,101.0,101.16000000000003,102.0,102.0,103.0,104.0,104.0,105.0,106.0,107.0,107.0,107.0,108.0,109.0,110.0,110.0,111.0,112.0,113.0,114.0,114.0,115.0,116.0,116.0,117.0,117.0,118.0,119.0,120.0,121.0,122.0,122.0,123.0,123.84000000000003,124.0,125.0,125.0,125.79999999999995,127.0,127.0,128.0,128.0,129.0,129.0,130.0,131.0,131.96000000000004,133.0,134.0,134.0,135.0,135.0,137.0,138.0,138.0,139.0,139.0,140.0,141.0,144.0,145.0,146.0,147.79999999999995,149.0,150.0,153.0,154.0,166.0,107.0,1000.3294117748737,1000.5333333611488,1000.6705882549286,1000.7803921699524,1000.9450980424881,2000.2745098173618,2000.572549045086,2000.8078431487083,3000.113725490868,3001.0,184.76865997314454,192.32816162109376,197.08219451904296,200.79196166992188,203.94850158691406,206.93260192871094,209.91128540039062,213.25607299804688,217.82594299316406,346.5559387207031,233.35233,2.0,test_data/Useful/Validation/Stone Dust at 1 ft/WhatsApp Image 2024-09-05 at 17.06.49 (3).jpeg,2244.0,271.0,30.379012918762356
11,40.24,50.96,55.72,60.96,64.0,66.0,69.0,72.0,74.16,78.0,79.64,81.88,83.12,85.0,86.0,87.84,89.0,90.0,91.0,92.80000000000001,94.0,95.0,96.0,97.0,97.0,98.0,100.0,101.72000000000003,102.95999999999998,103.19999999999999,104.0,105.0,105.0,106.0,107.39999999999998,109.0,109.88,110.0,111.0,112.0,112.0,113.0,114.0,114.0,114.0,115.0,115.0,116.0,116.0,117.0,118.0,118.0,119.0,119.0,120.0,120.0,121.0,121.91999999999996,122.0,123.0,124.0,124.0,125.0,125.0,126.0,126.0,127.0,127.0,128.0,128.0,129.0,129.0,130.0,130.76,131.0,132.0,133.0,134.0,134.0,134.0,135.0,135.0,137.0,137.0,138.0,139.0,139.0,140.0,141.0,142.0,142.84000000000003,143.0,144.32000000000005,146.0,147.0,149.0,151.0,153.51999999999998,159.0,165.0,134.0,1000.3607843220234,1000.5647059082985,1000.705882370472,1000.8470588326454,2000.1529411822557,2000.4509803950787,2000.6705882549286,2000.8627451062202,3000.1411764770746,3001.0,184.6227279663086,192.07603454589844,196.88140106201172,200.56145629882812,203.7541046142578,206.75530395507812,209.7303024291992,213.08226318359377,217.6800537109375,346.56890869140625,231.37445,2.0,test_data/Useful/Validation/Stone Dust at 1 ft/WhatsApp Image 2024-09-05 at 17.06.49.jpeg,2138.0,280.0,32.58658114636261
12,40.96,48.480000000000004,52.72,56.0,58.2,63.879999999999995,66.68,68.0,71.0,73.0,76.0,77.88,79.0,82.0,83.0,85.84,87.0,88.0,89.0,90.0,91.0,93.0,94.0,95.0,96.0,97.0,97.48000000000002,98.0,99.0,101.0,102.0,103.0,104.0,105.0,105.39999999999998,106.63999999999999,107.88,108.0,109.0,109.0,110.0,110.0,110.0,111.0,111.0,112.0,113.0,113.0,114.0,115.0,116.0,116.0,117.0,117.0,118.0,119.0,120.0,120.91999999999996,121.0,122.0,123.0,123.0,123.12,124.0,125.0,125.0,126.0,126.0,127.0,128.0,128.0,128.27999999999997,129.0,130.0,131.0,131.0,132.0,133.0,133.0,134.20000000000005,135.0,136.0,136.0,137.15999999999997,138.0,139.0,139.0,140.0,140.36,142.0,142.0,144.0,145.0,146.0,147.0,148.0,149.0,153.0,156.76,162.0,110.0,1000.3137255012989,1000.517647087574,1000.6588235497475,1000.7686274647713,1000.9019607901573,2000.203921571374,2000.5490196347237,2000.811764717102,3000.1215686276555,3001.0,184.99948120117188,192.5881805419922,197.302490234375,200.99588012695312,204.21072387695312,207.1332763671875,210.0964157104492,213.40069885253905,217.97354431152343,346.48431396484375,232.55151,2.0,test_data/Useful/Validation/Stone Dust at 1 ft/WhatsApp Image 2024-09-05 at 17.06.50 (1).jpeg,2177.0,276.0,32.09021089172924
13,31.240000000000002,41.0,46.879999999999995,52.96,58.2,61.0,62.0,64.0,67.0,68.0,70.0,72.0,74.0,75.0,77.0,78.0,80.08000000000001,82.32,83.56,85.80000000000001,87.03999999999999,89.28,90.52000000000001,91.0,92.0,93.0,94.0,95.0,96.0,97.0,98.0,99.0,100.0,100.0,101.0,101.0,102.0,103.0,104.0,104.0,105.0,106.0,106.0,107.0,107.80000000000001,108.0,108.0,109.0,109.75999999999999,110.0,110.24000000000001,111.0,111.72000000000003,112.0,113.0,113.44000000000005,115.0,115.0,116.0,117.0,117.0,117.0,118.0,119.0,119.0,119.0,120.0,121.0,122.0,122.79999999999995,123.0,124.0,124.0,125.0,125.0,126.0,127.0,128.0,129.0,130.0,130.0,131.0,132.0,132.0,133.0,134.0,134.0,135.0,136.0,137.0,138.0,139.0,141.0,142.55999999999995,143.79999999999995,145.0,146.27999999999997,148.0,152.0,167.0,117.0,1000.2980392277241,1000.5019608139992,1000.6392157077789,1000.745098054409,1000.8509804010391,2000.0352941192687,2000.5215686559677,2000.878431379795,3000.1568627506495,3001.0,185.39761352539062,192.842626953125,197.67127990722656,201.35482788085938,204.49378967285156,207.4180114746094,210.35842895507812,213.64566040039062,218.0457763671875,346.49298095703125,232.9048,2.0,test_data/Useful/Validation/Stone Dust at 1 ft/WhatsApp Image 2024-09-05 at 17.06.50 (2).jpeg,2497.0,309.0,28.996304445313893
14,29.240000000000002,37.480000000000004,45.879999999999995,52.92,57.2,60.44,62.68000000000001,65.0,66.16,69.0,72.0,75.0,76.0,77.36000000000001,79.6,80.84,82.0,84.0,85.0,86.0,88.0,89.0,90.0,91.0,92.0,93.0,94.0,96.0,96.95999999999998,98.0,98.0,99.0,99.0,101.0,101.0,102.0,103.0,104.0,105.0,106.0,106.0,107.0,107.0,108.0,108.80000000000001,109.0,110.0,111.0,111.75999999999999,112.0,113.0,114.0,114.0,115.0,115.0,116.0,117.0,117.91999999999996,118.0,119.0,120.0,120.0,121.0,121.0,122.0,122.0,123.0,123.32000000000005,124.0,125.0,125.0,126.0,126.51999999999998,127.0,128.0,129.24,130.0,131.0,132.0,133.0,133.0,134.0,135.0,136.0,136.39999999999998,137.0,138.0,139.0,140.36,141.0,142.0,143.0,144.0,144.0,145.0,147.0,149.0,151.51999999999998,155.76,160.0,115.0,1000.352941185236,1000.5607843399048,1000.6980392336845,1000.8235294222832,2000.0274509806186,2000.3411764800549,2000.6078431606293,2000.8156862854958,3000.101960785687,3001.0,184.89076232910156,192.47512817382812,197.16651916503906,200.85748291015625,204.06320190429688,207.01763916015625,210.04965209960938,213.37605590820314,217.9051040649414,346.4378662109375,233.8739,2.0,test_data/Useful/Validation/Stone Dust at 1 ft/WhatsApp Image 2024-09-05 at 17.06.50.jpeg,2261.0,284.0,27.0074218071434
15,40.24,48.480000000000004,53.0,56.96,59.0,61.0,64.0,65.92,68.16,70.4,73.64,74.0,76.0,78.0,79.6,81.0,82.08000000000001,83.0,84.0,85.0,86.0,88.0,89.0,90.0,91.0,92.0,92.48000000000002,93.72000000000003,95.0,96.0,97.0,98.0,98.0,98.16000000000003,100.0,101.0,101.0,103.0,104.0,104.60000000000002,106.0,107.0,108.0,108.56,109.0,111.0,111.0,112.0,112.0,113.0,114.0,115.0,116.0,116.0,117.0,117.0,118.0,119.0,119.0,120.0,120.0,121.0,121.0,122.0,123.0,123.0,124.0,125.0,126.0,127.0,128.0,128.0,129.0,129.0,130.0,131.0,131.0,131.72000000000003,132.0,133.0,134.0,135.0,135.0,136.0,137.0,138.0,138.0,139.0,140.0,140.0,141.0,142.0,143.0,144.0,145.0,147.0,148.27999999999997,151.0,153.76,167.0,98.0,1000.3058823645115,1000.5137255191803,1000.65098041296,1000.7647058963776,1000.8941176533699,2000.1921568661928,2000.5529412031174,2000.8274509906769,3000.1294117718935,3001.0,184.90744018554688,192.55374145507812,197.33279418945312,200.98419189453125,204.1891326904297,207.14736328125,210.09500885009766,213.3382568359375,217.83560180664062,346.3943176269531,233.20259,2.0,test_data/Useful/Validation/Stone Dust at 1 ft/WhatsApp Image 2024-09-05 at 17.06.51 (1).jpeg,2270.0,271.0,34.79672488168404
16,31.96,42.480000000000004,47.0,50.0,58.0,60.0,64.0,66.92,69.0,71.4,72.64,75.0,77.12,79.36000000000001,82.0,83.0,84.08000000000001,86.0,86.56,88.80000000000001,89.03999999999999,90.0,91.0,92.0,93.0,93.24000000000001,94.0,95.0,96.0,98.0,99.0,100.0,100.92000000000002,101.16000000000003,102.0,103.0,104.0,105.0,106.0,106.60000000000002,107.83999999999997,108.0,109.0,110.0,111.0,112.0,113.0,113.0,114.0,114.0,115.0,116.0,116.72000000000003,117.96000000000004,118.0,119.0,119.0,120.0,121.0,122.0,122.0,123.0,123.0,124.0,125.0,125.0,126.0,126.0,126.55999999999995,127.0,128.0,128.0,129.0,130.0,130.0,131.0,132.0,133.0,134.0,135.0,136.0,136.0,137.0,138.0,139.0,140.0,140.0,141.0,142.0,143.0,143.84000000000003,144.0,146.0,147.0,148.0,150.0,150.27999999999997,153.0,156.0,162.0,125.0,1000.3215686380863,1000.5294117927551,1000.6549019813538,1000.7529411911964,1000.9294117689133,2000.5294117927551,2000.733333349228,3000.0705882385373,3000.274509817362,3001.0,184.93486938476562,192.56277465820312,197.36068878173828,201.0694580078125,204.2298126220703,207.16091918945312,210.148681640625,213.51768493652344,218.03408813476562,347.328369140625,226.58832,2.0,test_data/Useful/Validation/Stone Dust at 1 ft/WhatsApp Image 2024-09-05 at 17.06.51 (2).jpeg,2336.0,278.0,39.94222603653624
17,38.0,42.0,47.0,50.96,57.400000000000006,62.44,64.0,66.0,67.16,70.4,73.0,76.88,78.12,80.0,82.0,82.84,84.0,85.0,87.0,87.0,88.03999999999999,90.0,90.52000000000001,92.0,93.0,94.0,95.0,96.0,97.95999999999998,99.0,99.0,100.0,100.92000000000002,101.0,102.0,103.63999999999999,104.0,105.0,106.0,106.0,106.0,107.0,107.0,108.0,109.0,110.04000000000002,112.0,112.0,113.0,114.0,114.0,115.0,116.0,116.0,117.0,118.0,119.0,119.0,120.0,121.0,121.0,122.0,122.12,123.0,123.60000000000002,124.0,124.0,125.0,126.0,126.79999999999995,127.0,128.0,128.0,129.0,130.0,131.0,131.0,132.0,133.0,134.0,134.44000000000005,135.0,136.0,137.0,137.0,138.0,138.0,140.0,140.36,142.0,143.0,143.08000000000004,145.0,147.0,148.79999999999995,150.03999999999996,152.27999999999997,153.51999999999998,157.0,168.0,124.0,1000.3333333432674,1000.5411764979362,1000.6666666865349,1000.772549033165,2000.1176470592618,2000.5686274766922,2000.7490196228027,3000.0823529437184,3000.2823529541492,3001.0,184.90921020507812,192.51283264160156,197.29400634765625,200.97360229492188,204.20028686523438,207.20793762207032,210.19146423339845,213.5195068359375,218.03095703125,347.3022155761719,227.2438,2.0,test_data/Useful/Validation/Stone Dust at 1 ft/WhatsApp Image 2024-09-05 at 17.06.51 (3).jpeg,2368.0,294.0,32.963311383106124
18,24.240000000000002,36.96,43.0,47.96,51.0,55.0,59.360000000000014,62.0,66.16,68.0,69.0,72.0,74.0,77.0,78.6,79.0,82.08000000000001,83.0,85.56,87.0,88.0,89.0,90.0,91.0,91.0,93.0,94.0,95.0,96.0,97.0,98.0,98.0,99.0,100.0,100.0,101.0,102.0,103.0,104.0,104.0,105.0,106.0,107.0,108.0,109.0,110.0,111.0,111.0,112.0,113.0,114.0,114.0,115.0,115.96000000000004,116.20000000000005,117.0,118.0,119.0,120.0,120.0,121.0,121.0,122.0,123.0,123.0,124.0,125.0,126.0,126.0,127.0,128.0,128.0,129.0,129.0,130.0,130.0,131.0,131.0,132.0,133.0,133.44000000000005,134.0,135.0,136.0,136.0,137.0,137.88,138.0,139.0,140.0,141.0,142.0,143.0,144.0,145.0,147.03999999999996,149.27999999999997,153.0,156.27999999999997,168.0,130.0,1000.3176470696926,1000.5215686559677,1000.6588235497475,1000.7686274647713,1000.8823529481888,2000.1686274558306,2000.623529434204,2001.0,3000.1803921610117,3001.0,185.13563537597656,192.7925262451172,197.59075927734375,201.2797393798828,204.44467163085938,207.37460327148438,210.34115447998047,213.5919921875,218.0426025390625,346.3992614746094,232.35802,2.0,test_data/Useful/Validation/Stone Dust at 1 ft/WhatsApp Image 2024-09-05 at 17.06.51.jpeg,2341.0,264.0,30.371598772481658
19,37.480000000000004,46.480000000000004,54.72,61.0,63.0,66.44,68.68,70.0,74.0,75.0,76.0,77.0,78.12,79.36000000000001,81.6,83.0,85.0,86.0,87.0,88.0,89.0,90.0,92.0,93.0,94.0,95.0,96.0,98.0,99.0,100.0,101.44,102.0,103.0,104.0,105.0,106.0,106.0,106.0,107.36000000000001,108.0,109.0,110.0,110.0,111.0,112.0,113.0,113.0,114.0,114.0,115.0,115.0,116.0,117.0,117.0,117.0,117.0,118.0,119.0,120.0,120.0,121.0,122.0,123.0,124.0,124.0,125.0,126.0,126.0,127.0,127.79999999999995,128.0,129.0,129.0,130.0,131.0,131.0,131.0,132.72000000000003,133.0,133.20000000000005,134.0,135.0,136.0,136.0,137.0,138.64,139.0,140.0,140.0,141.60000000000002,142.0,143.0,144.32000000000005,146.0,148.0,149.03999999999996,151.0,152.0,155.76,165.0,117.0,1000.3372549116611,1000.54509806633,1000.6705882549286,1000.7686274647713,2000.074509806931,2000.5647059082985,2000.7568627595901,3000.101960785687,3000.301960796118,3001.0,185.04210052490234,192.59901428222656,197.35427856445312,201.104248046875,204.2970428466797,207.24249267578125,210.2427520751953,213.5445556640625,218.050537109375,347.3318176269531,227.79228,2.0,test_data/Useful/Validation/Stone Dust at 1 ft/WhatsApp Image 2024-09-05 at 17.06.52 (1).jpeg,2382.0,315.0,32.228356178867685
20,24.240000000000002,39.480000000000004,48.0,51.96,59.0,62.0,65.68,68.0,70.0,71.0,72.64,74.0,75.12,77.0,78.0,79.84,82.0,84.0,85.0,86.0,87.0,88.0,89.0,89.0,90.0,91.0,91.0,92.0,93.0,95.0,95.44,97.0,98.0,99.0,99.0,100.0,100.0,101.0,102.0,103.0,104.0,104.0,105.32,106.56,107.80000000000001,108.0,109.0,110.0,111.0,111.0,112.0,113.0,114.0,114.0,115.0,115.44000000000005,116.0,117.0,117.15999999999997,118.0,119.0,119.0,120.0,120.0,121.0,122.0,123.0,124.0,124.0,125.0,126.0,126.0,126.51999999999998,127.0,128.0,129.0,130.0,130.0,131.0,132.0,133.0,133.0,134.0,135.0,136.0,137.0,138.0,138.12,140.0,141.0,142.0,142.0,144.0,144.0,146.0,147.07999999999993,150.0,153.0,155.0,167.0,104.0,1000.4627451002598,1000.6549019813538,1000.7960784435272,2000.203921571374,2000.4431372582912,2000.6039215922356,2000.7137255072594,2000.8431372642517,3000.2000000029802,3001.0,184.65057373046875,192.3409881591797,197.17349548339843,200.86587219238282,204.041015625,207.01556396484375,210.00648498535156,213.3816680908203,218.08409118652344,347.3399658203125,229.50502,2.0,test_data/Useful/Validation/Stone Dust at 1 ft/WhatsApp Image 2024-09-05 at 17.06.52 (2).jpeg,2456.0,310.0,28.818132447836234
21,22.240000000000002,36.44,45.0,49.96,55.0,58.44,61.0,62.92,66.0,68.4,71.0,72.0,73.12,75.36000000000001,79.0,81.84,83.0,84.0,85.0,86.80000000000001,89.0,90.0,92.0,92.0,93.0,94.24000000000001,95.0,96.0,97.0,98.0,100.0,100.0,101.0,102.0,103.39999999999998,104.0,105.0,106.0,106.36000000000001,107.60000000000002,109.0,110.0,111.0,112.0,113.0,113.0,113.27999999999997,114.51999999999998,115.0,116.0,116.0,117.0,117.0,118.0,118.0,119.0,119.0,120.0,120.0,121.0,121.0,122.0,122.0,123.0,124.0,125.0,126.0,126.32000000000005,127.0,127.0,128.0,129.0,129.0,130.0,130.0,131.0,131.0,132.0,132.0,133.0,134.0,134.0,136.0,138.0,139.0,139.0,140.0,141.0,141.0,143.0,144.0,145.0,145.32000000000005,146.55999999999995,148.0,150.0,152.0,154.0,156.0,167.0,127.0,1000.4313725531101,1000.6274510025978,1000.7490196228027,2000.0666666701436,2000.3686274588108,2000.572549045086,2000.7019608020782,2000.8352941274643,3000.192156866193,3001.0,184.77842712402344,192.4277770996094,197.2093505859375,200.9272003173828,204.0951690673828,207.10470581054688,210.12728881835938,213.45394897460938,218.07603454589844,347.3205871582031,225.94388,2.0,test_data/Useful/Validation/Stone Dust at 1 ft/WhatsApp Image 2024-09-05 at 17.06.52 (3).jpeg,2308.0,275.0,30.444347453307287
22,33.2,42.480000000000004,47.0,51.96,55.0,59.44,63.0,65.92,67.16,68.4,71.64,72.0,74.0,75.36000000000001,77.0,78.0,80.08000000000001,82.0,83.0,84.0,85.0,86.0,87.0,88.0,89.0,90.0,91.48000000000002,93.72000000000003,95.0,96.0,96.0,98.0,98.0,99.0,99.39999999999998,101.0,101.0,102.0,103.0,103.0,104.0,105.07999999999998,106.0,107.0,108.0,109.0,110.0,110.0,111.0,112.0,113.0,114.0,115.0,115.0,116.0,116.0,117.0,117.0,118.0,119.0,119.0,121.0,121.0,122.0,122.0,123.0,124.0,125.0,125.55999999999995,126.0,127.0,128.0,129.0,129.76,130.0,131.0,131.0,132.0,132.0,133.0,133.44000000000005,134.0,135.0,136.0,137.0,137.64,138.0,139.0,140.0,140.0,142.0,143.0,144.0,145.0,146.0,148.0,148.0,150.0,152.76,166.0,132.0,1000.4705882370472,1000.6627451181412,1000.8235294222832,2000.3333333432674,2000.5607843399048,2000.678431391716,2000.7803921699524,3000.113725490868,3000.3294117748737,3001.0,184.53545227050782,192.12497253417968,196.96548309326172,200.60750427246094,203.80489349365234,206.78147888183594,209.80868530273438,213.1783905029297,217.78390502929688,347.52008056640625,231.57993,2.0,test_data/Useful/Validation/Stone Dust at 1 ft/WhatsApp Image 2024-09-05 at 17.07.01 (1).jpeg,2411.0,320.0,28.763296641607973
23,32.480000000000004,44.0,49.0,52.96,55.2,57.0,61.360000000000014,62.92,65.0,69.4,72.0,74.0,75.0,77.36000000000001,80.0,81.0,82.0,83.0,84.0,85.0,86.0,86.0,87.0,88.75999999999999,90.0,91.0,92.48000000000002,93.0,94.0,95.0,97.0,98.0,98.0,99.0,100.0,101.0,102.0,102.0,103.0,104.0,104.0,105.0,106.0,106.0,107.0,108.0,108.0,109.51999999999998,110.0,111.0,111.0,112.0,113.0,113.0,114.0,115.0,115.0,116.0,116.15999999999997,118.0,118.0,119.0,119.0,120.0,120.60000000000002,121.84000000000003,122.08000000000004,124.0,125.0,125.0,126.0,127.0,128.0,129.0,129.0,130.0,131.0,131.0,132.0,133.0,133.0,134.0,134.91999999999996,136.0,137.0,137.64,138.0,138.0,139.0,139.0,140.0,142.0,142.0,143.0,144.0,145.0,147.0,149.51999999999998,151.76,162.0,138.0,1000.4431372582912,1000.6313725709915,1000.7568627595901,2000.188235297799,2000.5254902243614,2000.6705882549286,2000.7882353067398,3000.133333340287,3000.341176480055,3001.0,184.8027801513672,192.28726196289062,197.072265625,200.75576782226562,203.9036102294922,206.8697967529297,209.87945556640625,213.24562072753906,217.8260955810547,347.5918884277344,229.90974,2.0,test_data/Useful/Validation/Stone Dust at 1 ft/WhatsApp Image 2024-09-05 at 17.07.01 (2).jpeg,2422.0,313.0,29.517854816967358
24,27.0,38.96,47.72,50.0,52.2,54.0,60.0,61.92,65.16,68.0,70.0,73.0,75.12,77.36000000000001,79.0,80.0,82.0,83.0,84.0,84.0,85.0,86.0,88.0,89.0,91.0,92.0,93.0,94.0,94.95999999999998,96.0,97.0,97.68,98.92000000000002,101.0,101.0,102.0,103.0,104.0,105.0,106.0,106.0,107.0,107.32,108.0,109.0,110.0,110.27999999999997,112.0,112.75999999999999,114.0,114.0,115.0,116.0,116.0,117.0,118.0,119.0,119.0,120.0,120.0,121.0,122.0,122.0,123.0,123.0,124.0,125.0,125.0,126.0,127.0,128.0,128.0,129.0,129.0,130.0,130.24,131.0,132.0,132.0,133.0,133.0,134.0,134.91999999999996,135.0,136.0,137.0,138.0,139.0,140.0,140.0,141.0,142.0,144.0,146.0,147.0,148.0,150.0,154.0,155.0,162.0,132.0,1000.4235294163227,1000.611764729023,1000.7254902124405,1000.9843137264252,2000.4509803950787,2000.6352941393852,2000.7490196228027,3000.0941176488996,3000.3176470696926,3001.0,184.6515655517578,192.25523376464844,197.00889587402344,200.66433715820312,203.8581085205078,206.80645141601562,209.81399993896486,213.15695190429688,217.74636840820312,347.68841552734375,228.94055,2.0,test_data/Useful/Validation/Stone Dust at 1 ft/WhatsApp Image 2024-09-05 at 17.07.01.jpeg,2330.0,299.0,30.418594424296558
25,36.480000000000004,45.480000000000004,51.72,55.0,59.2,61.0,64.0,65.0,68.16,70.4,72.0,74.88,76.0,77.0,78.0,79.0,81.0,82.0,84.56,86.0,87.0,87.0,88.0,89.0,91.0,92.24000000000001,94.0,95.0,96.0,97.0,97.44,99.0,100.0,101.0,102.0,103.0,103.0,104.0,105.0,106.0,107.0,108.0,108.32,109.0,109.80000000000001,110.0,111.0,111.0,112.0,113.0,113.0,114.0,115.0,115.0,116.0,116.0,117.0,117.0,118.0,119.0,119.0,120.0,120.0,121.0,122.0,122.0,123.0,124.0,124.0,125.0,126.0,126.0,126.0,127.0,128.0,128.24,129.48000000000002,130.0,130.0,131.0,131.0,132.0,132.91999999999996,133.0,134.0,134.0,134.88,136.0,137.0,138.0,139.0,140.0,141.32000000000005,143.0,143.0,144.03999999999996,147.27999999999997,151.51999999999998,155.0,161.0,126.0,1000.4352941215038,1000.6235294342041,1000.7215686440468,1000.8274509906769,2000.2509804069996,2000.584313750267,2000.745098054409,3000.0705882385373,3000.2784313857555,3001.0,185.06316070556642,192.68277587890626,197.42510986328125,201.1110076904297,204.30038452148438,207.25921630859375,210.21963958740236,213.55243835449218,218.139892578125,346.72711181640625,234.14001,2.0,test_data/Useful/Validation/Stone Dust at 1 ft/WhatsApp Image 2024-09-05 at 17.07.02 (1).jpeg,2207.0,290.0,30.85640810599372
26,25.240000000000002,32.44,47.0,49.96,55.2,58.0,61.68000000000001,64.0,66.0,68.0,70.0,71.0,72.0,74.36000000000001,76.0,78.0,78.0,81.0,82.0,84.0,85.03999999999999,87.0,89.0,90.0,91.0,92.0,93.48000000000002,94.0,95.0,96.0,96.0,97.0,99.0,100.0,101.0,101.0,102.0,102.12,103.0,104.0,104.0,105.0,106.0,106.0,107.0,108.0,108.27999999999997,109.0,110.0,111.0,111.24000000000001,112.0,112.0,113.0,114.0,114.0,115.0,115.0,116.0,117.0,117.0,118.0,119.0,120.0,120.0,121.0,121.0,122.0,122.0,123.0,124.0,125.0,125.0,125.0,126.0,127.0,127.0,128.0,129.0,129.20000000000005,130.0,131.0,131.91999999999996,133.0,133.0,135.0,135.0,137.0,138.0,138.60000000000002,139.0,140.0,142.0,143.0,145.0,147.0,149.27999999999997,152.51999999999998,155.0,167.0,115.0,1000.4431372582912,1000.6352941393852,1000.7333333492279,1000.8274509906769,2000.137254908681,2000.5921568870544,2000.7803921699524,3000.0941176488996,3000.309803932905,3001.0,185.54476928710938,193.09518432617188,197.85232238769532,201.50645751953124,204.67608642578125,207.64569091796875,210.60348510742188,213.94163513183594,218.41574096679688,346.6112060546875,231.6057,2.0,test_data/Useful/Validation/Stone Dust at 1 ft/WhatsApp Image 2024-09-05 at 17.07.02 (2).jpeg,2367.0,293.0,29.156214022177352
27,30.48,39.44,49.0,51.96,55.0,58.44,62.0,63.0,64.32,67.0,68.64,71.0,73.0,74.0,76.0,77.0,79.0,80.0,82.56,83.0,85.0,85.0,86.0,87.0,88.0,89.0,90.48000000000002,91.0,92.0,93.0,94.0,96.0,96.0,98.0,99.0,100.0,100.88,102.0,103.0,104.0,105.0,105.07999999999998,107.0,107.56,108.0,109.0,110.0,111.0,111.0,112.0,113.0,114.0,114.0,115.0,115.0,116.0,116.0,117.0,117.0,118.0,118.63999999999999,119.0,119.0,120.0,121.0,121.0,122.0,122.0,123.0,123.79999999999995,124.0,125.0,125.0,126.0,126.0,127.0,127.0,128.0,128.0,129.0,130.0,130.67999999999995,131.0,132.0,134.0,135.0,136.0,137.0,137.0,138.0,139.0,140.0,141.32000000000005,142.0,144.0,145.0,147.0,148.0,153.51999999999998,161.0,119.0,1000.4313725531101,1000.6235294342041,1000.7254902124405,1000.8196078538895,2000.1843137294054,2000.5647059082985,2000.7411764860153,3000.058823529631,3000.2823529541492,3001.0,185.49225006103515,193.07196044921875,197.78854370117188,201.49314880371094,204.66880798339844,207.65548706054688,210.57353668212892,213.8412658691406,218.3245086669922,346.8475036621094,233.67052,2.0,test_data/Useful/Validation/Stone Dust at 1 ft/WhatsApp Image 2024-09-05 at 17.07.02 (3).jpeg,2372.0,284.0,35.132721948231314
28,20.48,35.44,43.0,48.96,51.2,58.31999999999999,62.68000000000001,65.0,66.0,67.4,70.64,71.0,74.0,74.0,76.0,77.84,79.0,80.32,82.56,83.80000000000001,86.03999999999999,87.0,88.0,88.75999999999999,89.0,91.0,92.0,93.0,94.0,95.0,96.0,97.0,97.0,98.0,99.0,99.0,100.0,101.0,102.0,102.0,103.0,104.0,104.32,105.0,106.0,107.0,107.0,108.0,109.0,109.0,111.0,111.0,112.0,113.0,114.0,115.0,116.0,116.91999999999996,117.0,118.0,119.0,120.0,120.0,121.0,122.0,122.0,123.0,124.0,124.0,125.79999999999995,126.0,127.0,127.0,128.0,128.0,129.0,130.0,131.0,131.0,131.0,132.0,132.0,133.0,134.0,134.39999999999998,135.0,136.88,137.0,138.0,139.0,140.0,142.0,143.0,144.55999999999995,145.0,146.0,147.0,150.51999999999998,151.76,166.0,131.0,1000.4156862795353,1000.6196078658104,1000.7254902124405,1000.8196078538895,2000.176470592618,2000.6039215922356,2000.772549033165,3000.086274512112,3000.3058823645115,3001.0,185.5900405883789,193.1704833984375,197.8922119140625,201.60736083984375,204.7357940673828,207.71424865722656,210.68560791015625,213.9633331298828,218.44520568847656,346.8523864746094,234.78156,2.0,test_data/Useful/Validation/Stone Dust at 1 ft/WhatsApp Image 2024-09-05 at 17.07.02.jpeg,2422.0,301.0,29.550700083069643
29,33.480000000000004,42.96,49.72,53.96,56.0,58.44,63.0,65.0,69.0,71.0,73.0,73.88,75.0,77.0,78.0,79.0,81.08000000000001,83.0,84.0,85.0,86.0,87.28,88.0,89.0,90.0,91.0,92.0,93.0,94.0,95.0,96.44,97.0,98.0,99.0,100.0,101.0,102.0,103.0,104.0,105.0,105.0,106.0,107.0,107.0,108.0,108.04000000000002,109.0,110.0,111.0,111.0,112.0,113.0,113.0,114.0,114.0,115.0,116.0,116.0,117.0,118.0,118.0,118.88,119.0,120.36000000000001,121.0,121.84000000000003,123.0,123.0,124.0,124.0,125.0,126.0,126.51999999999998,127.75999999999999,128.0,129.24,130.0,130.72000000000003,131.0,132.0,132.0,133.0,133.0,134.0,135.0,135.0,136.0,137.0,138.0,139.0,140.0,142.0,143.0,144.0,145.0,146.03999999999996,148.0,150.51999999999998,154.51999999999998,164.0,118.0,1000.4313725531101,1000.6235294342041,1000.7215686440468,1000.8196078538895,2000.203921571374,2000.572549045086,2000.745098054409,3000.058823529631,3000.2784313857555,3001.0,185.19873809814453,192.71176147460938,197.56273956298827,201.2345001220703,204.4568862915039,207.44292602539062,210.44962310791016,213.74037475585936,218.2396697998047,346.7958984375,234.50613,2.0,test_data/Useful/Validation/Stone Dust at 1 ft/WhatsApp Image 2024-09-05 at 17.07.03 (1).jpeg,2355.0,275.0,32.070920154353146
30,30.48,43.0,52.0,55.96,62.2,64.0,65.0,67.0,70.0,71.0,72.0,74.0,75.12,77.0,77.6,79.0,80.0,81.0,81.0,82.80000000000001,84.0,86.0,87.0,88.0,89.0,90.0,91.0,91.72000000000003,92.0,94.0,96.0,97.0,99.0,99.0,100.0,100.0,102.0,103.0,104.0,105.0,105.83999999999997,106.0,107.0,108.0,109.0,109.0,110.0,110.51999999999998,111.0,112.0,113.0,113.0,114.0,115.0,115.0,116.0,116.0,117.0,118.0,119.0,119.0,119.88,120.0,121.0,121.60000000000002,122.0,123.0,123.0,124.0,124.0,125.0,125.0,126.0,126.0,127.0,127.0,128.0,129.0,130.0,130.20000000000005,131.0,132.0,133.0,134.0,134.0,134.0,135.0,135.12,136.0,137.0,138.84000000000003,140.0,141.0,141.0,143.0,145.0,148.0,151.0,155.0,156.0,134.0,1000.4313725531101,1000.6274510025978,1000.7254902124405,1000.8196078538895,2000.1568627506495,2000.5882353186607,2000.7686274647713,3000.086274512112,3000.301960796118,3001.0,185.5602264404297,193.1339874267578,197.8724365234375,201.5535125732422,204.71482849121094,207.6946533203125,210.60297546386718,213.86255493164063,218.33551330566405,346.771240234375,233.14241,2.0,test_data/Useful/Validation/Stone Dust at 1 ft/WhatsApp Image 2024-09-05 at 17.07.03 (2).jpeg,2378.0,324.0,33.28562853707929
31,28.48,40.480000000000004,44.0,49.0,51.0,54.0,55.68000000000001,61.0,63.0,65.0,67.0,68.88,72.0,74.0,75.0,77.0,78.0,79.32,80.56,83.0,85.0,86.0,87.0,88.75999999999999,90.0,91.24000000000001,92.48000000000002,93.0,94.0,94.19999999999999,96.0,96.0,97.0,98.0,99.0,99.0,100.0,100.12,101.0,102.0,103.0,103.07999999999998,104.0,105.0,106.0,107.0,108.0,109.0,109.0,110.0,110.0,111.0,111.0,112.0,113.0,114.0,114.0,115.0,115.0,116.0,117.0,117.0,118.0,118.0,119.0,119.84000000000003,120.0,121.0,122.0,123.0,123.0,124.0,124.0,125.0,126.0,127.0,128.0,129.0,129.0,130.0,131.0,131.0,132.0,132.15999999999997,133.0,133.0,134.0,135.0,135.0,136.60000000000002,138.0,139.0,140.0,141.0,142.0,144.03999999999996,146.27999999999997,147.51999999999998,153.51999999999998,157.0,131.0,1000.4392156898975,1000.6392157077789,1000.7411764860153,1000.8431372642517,2000.2823529541492,2000.6274510025978,2000.7803921699524,3000.086274512112,3000.3058823645115,3001.0,185.5626220703125,193.1246795654297,197.93698120117188,201.64712524414062,204.81398010253906,207.7511444091797,210.6987762451172,213.99781799316406,218.39970703125,346.7805480957031,233.79065,2.0,test_data/Useful/Validation/Stone Dust at 1 ft/WhatsApp Image 2024-09-05 at 17.07.03 (3).jpeg,2393.0,289.0,34.01522610965132
32,37.24,41.480000000000004,52.0,55.96,58.0,61.0,63.0,65.0,67.16,70.0,72.64,76.0,77.0,80.0,81.0,82.0,83.0,84.0,86.0,87.0,88.0,89.28,91.0,91.75999999999999,93.0,93.24000000000001,94.0,95.0,96.0,96.19999999999999,97.0,98.0,99.92000000000002,101.0,102.0,103.0,103.88,104.0,104.0,105.0,106.0,107.0,108.0,109.0,109.0,110.0,111.0,111.0,112.0,113.0,114.0,115.0,115.0,116.0,117.0,117.0,118.0,118.0,119.0,120.0,120.63999999999999,121.0,121.0,122.0,122.60000000000002,124.0,124.0,125.0,125.55999999999995,126.0,128.0,128.0,129.0,129.0,130.0,131.0,131.0,131.0,132.0,132.0,133.0,133.67999999999995,135.0,136.15999999999997,137.0,137.64,138.0,139.0,140.0,140.60000000000002,141.84000000000003,142.08000000000004,143.0,144.0,145.0,146.0,148.0,149.51999999999998,154.76,161.0,131.0,1000.4431372582912,1000.6313725709915,1000.7254902124405,1000.8196078538895,2000.1254902034998,2000.5803921818733,2000.7764706015587,3000.0980392172933,3000.309803932905,3001.0,185.4395553588867,192.94198608398438,197.75350952148438,201.41870422363283,204.59617614746094,207.5925323486328,210.50973510742188,213.84172668457032,218.38236389160156,346.6611328125,233.50098,2.0,test_data/Useful/Validation/Stone Dust at 1 ft/WhatsApp Image 2024-09-05 at 17.07.03.jpeg,2288.0,303.0,25.893054995132506
33,28.48,40.0,48.72,50.96,56.0,60.0,65.0,67.92,70.0,71.4,73.0,74.0,76.0,77.0,78.0,79.0,80.08000000000001,82.32,84.0,84.80000000000001,86.0,87.0,88.0,88.75999999999999,90.0,91.0,92.48000000000002,93.0,94.0,95.0,96.0,96.0,97.0,98.0,100.0,100.0,101.0,101.0,103.0,103.0,104.0,104.07999999999998,106.0,106.0,106.80000000000001,107.0,108.0,109.0,110.0,111.0,111.0,112.0,112.0,112.96000000000004,113.0,114.0,115.0,115.0,116.0,116.39999999999998,117.0,118.0,119.0,119.0,120.0,120.84000000000003,121.0,122.0,123.0,123.0,124.0,125.0,126.0,126.0,127.0,127.0,128.0,128.72000000000003,129.0,130.0,131.0,131.0,132.0,132.15999999999997,133.0,134.0,135.0,136.0,137.0,137.60000000000002,138.0,139.0,141.0,141.55999999999995,142.79999999999995,144.03999999999996,146.27999999999997,148.0,152.76,155.0,112.0,1000.4392156898975,1000.6352941393852,1000.7372549176216,1000.839215695858,2000.2745098173618,2000.611764729023,2000.7686274647713,3000.0784313753247,3000.298039227724,3001.0,185.41580200195312,193.03695678710938,197.7818145751953,201.45947265625,204.6147918701172,207.62084350585937,210.56903381347655,213.85743713378906,218.34532165527344,346.8048400878906,233.11845,2.0,test_data/Useful/Validation/Stone Dust at 1 ft/WhatsApp Image 2024-09-05 at 17.07.04 (1).jpeg,2357.0,306.0,31.45928288255949
34,37.0,44.44,54.44,56.0,59.0,60.44,63.360000000000014,66.0,69.0,71.0,72.64,75.88,78.0,79.0,80.0,81.0,83.0,84.0,84.0,85.0,87.0,88.0,90.0,91.0,92.0,92.24000000000001,94.0,94.72000000000003,95.0,96.0,97.0,98.0,99.0,100.0,100.0,101.0,102.0,103.0,103.36000000000001,104.0,105.0,106.0,107.0,107.0,108.0,109.0,109.0,110.0,111.0,112.0,113.0,113.0,114.0,114.0,115.0,116.0,117.0,117.0,118.0,118.0,119.0,120.0,121.0,121.0,122.0,123.0,123.0,124.0,125.0,125.0,126.0,126.0,127.0,128.0,128.0,129.0,129.48000000000002,130.0,131.0,131.0,132.0,133.0,134.0,134.0,135.0,136.64,138.0,138.0,139.0,140.0,141.0,142.0,143.0,144.0,146.0,147.0,148.27999999999997,150.51999999999998,153.76,162.0,118.0,1000.4431372582912,1000.6352941393852,1000.7333333492279,1000.839215695858,2000.2509804069996,2000.6078431606293,2000.7764706015587,3000.090196080506,3000.298039227724,3001.0,185.4164581298828,192.960205078125,197.690510559082,201.409814453125,204.57838439941406,207.4984588623047,210.4553985595703,213.7686004638672,218.32232666015625,346.5899963378906,233.83252,2.0,test_data/Useful/Validation/Stone Dust at 1 ft/WhatsApp Image 2024-09-05 at 17.07.04 (2).jpeg,2253.0,310.0,32.26056503873656
35,31.240000000000002,39.480000000000004,46.44,54.96,59.2,62.44,65.0,67.0,69.0,71.0,74.0,76.0,79.0,80.0,81.0,83.0,84.0,86.0,88.0,89.80000000000001,90.03999999999999,92.0,92.0,93.0,94.0,95.0,95.0,96.0,96.0,97.19999999999999,99.0,99.0,100.0,101.0,102.0,102.0,103.0,104.0,104.0,105.0,106.0,107.0,108.0,109.0,109.0,110.0,110.0,111.0,111.0,112.0,112.0,112.0,113.0,114.0,115.0,115.0,116.0,116.91999999999996,117.0,118.0,118.0,119.0,120.0,120.0,121.0,121.0,122.0,122.32000000000005,123.0,124.0,124.0,125.0,125.0,126.0,126.0,127.0,128.0,129.0,130.0,131.0,132.0,132.0,132.0,133.15999999999997,134.0,135.0,135.0,136.0,137.36,139.0,139.84000000000003,141.0,142.0,144.55999999999995,146.0,147.0,149.0,152.0,155.0,177.0,112.0,1000.4313725531101,1000.6274510025978,1000.7254902124405,1000.8313725590706,2000.258823543787,2000.5960784554482,2000.7529411911964,3000.06274510175,3000.274509817362,3001.0,185.39349365234375,192.89401245117188,197.63746643066406,201.3525390625,204.51959228515625,207.46597290039062,210.43704223632812,213.7718048095703,218.30770874023438,346.7850036621094,234.00938,2.0,test_data/Useful/Validation/Stone Dust at 1 ft/WhatsApp Image 2024-09-05 at 17.07.04 (3).jpeg,2300.0,281.0,31.09039378070167
36,28.0,44.44,51.72,54.0,57.0,62.0,63.0,64.92,68.0,70.0,71.0,73.0,74.12,76.36000000000001,79.0,80.84,81.0,84.0,85.0,86.0,87.0,88.0,88.52000000000001,90.0,92.0,92.0,93.0,94.0,95.0,96.0,97.0,98.0,99.0,100.0,100.39999999999998,101.0,102.0,103.0,104.0,104.0,105.0,107.0,107.0,108.0,108.0,109.0,109.27999999999997,110.0,110.0,111.0,111.0,112.0,113.0,113.0,114.0,115.0,115.0,116.0,116.0,116.0,117.0,117.88,118.0,119.0,119.60000000000002,120.0,121.0,121.0,122.0,122.0,123.0,124.0,125.0,125.0,126.0,127.0,128.0,129.0,130.0,131.0,131.0,132.0,133.0,134.0,135.0,136.0,137.0,137.12,138.36,139.60000000000002,140.0,142.0,144.0,145.0,146.0,149.0,150.0,152.0,156.0,163.0,116.0,1000.4588235318661,1000.6470588445663,1000.7490196228027,1000.8627451062202,2000.3176470696926,2000.6313725709915,2000.7803921699524,3000.086274512112,3000.301960796118,3001.0,185.5242492675781,193.01016235351562,197.79705810546875,201.47495727539064,204.64908599853516,207.6468048095703,210.58871459960938,213.93191528320312,218.4263916015625,346.73541259765625,233.59216,2.0,test_data/Useful/Validation/Stone Dust at 1 ft/WhatsApp Image 2024-09-05 at 17.07.04.jpeg,2319.0,291.0,29.055868557174257
37,35.72,45.480000000000004,48.0,52.92,57.0,60.0,61.68000000000001,64.92,67.16,71.0,73.64,75.0,77.0,77.36000000000001,78.0,79.84,82.0,83.0,84.0,85.0,85.0,86.0,88.0,89.0,91.0,92.0,93.0,94.0,94.95999999999998,96.0,97.0,98.68,99.0,100.0,100.0,101.0,101.0,102.0,102.36000000000001,103.0,103.0,104.07999999999998,105.0,106.0,106.0,108.0,108.0,109.0,109.0,110.0,111.0,111.0,112.0,112.0,113.0,114.0,115.0,115.91999999999996,117.0,117.0,117.63999999999999,118.88,120.0,120.0,121.0,121.0,122.0,122.32000000000005,123.0,123.79999999999995,124.0,125.0,125.0,126.0,126.0,127.0,127.0,128.0,128.0,129.0,129.0,130.0,131.91999999999996,132.0,133.0,134.0,134.88,136.0,136.0,138.0,139.0,140.0,141.0,141.0,143.0,146.0,148.0,149.51999999999998,152.76,162.0,101.0,1000.4352941215038,1000.6274510025978,1000.7254902124405,1000.8156862854958,2000.058823529631,2000.5764706134796,2000.7764706015587,3000.0980392172933,3000.309803932905,3001.0,185.6177551269531,193.0650177001953,197.80699157714844,201.478759765625,204.66049194335938,207.6104736328125,210.58663940429688,213.858349609375,218.4127960205078,346.60626220703125,233.2692,2.0,test_data/Useful/Validation/Stone Dust at 1 ft/WhatsApp Image 2024-09-05 at 17.07.05 (1).jpeg,2265.0,287.0,34.11984350689984
38,36.2,45.480000000000004,49.0,53.96,59.0,61.0,64.0,66.0,67.16,69.0,71.0,74.88,76.0,77.0,78.0,80.0,81.08000000000001,83.0,84.0,84.80000000000001,86.0,88.0,89.0,89.0,90.0,91.0,92.48000000000002,93.0,94.0,95.0,95.0,96.0,96.92000000000002,97.0,98.0,99.0,100.0,101.0,102.0,103.0,104.0,104.0,105.0,105.0,106.0,106.0,107.0,108.0,109.0,110.0,111.0,111.0,111.0,112.0,113.0,114.0,115.0,116.0,116.0,117.0,117.0,118.0,118.12,119.0,120.0,120.0,121.0,121.0,122.0,123.0,123.0,124.0,124.0,125.0,125.0,126.0,127.0,127.0,128.0,129.0,130.0,132.0,132.0,133.0,134.0,135.0,135.0,136.0,137.0,137.60000000000002,138.84000000000003,139.08000000000004,140.0,142.0,143.0,145.0,146.0,148.0,151.76,162.0,124.0,1000.4549019634724,1000.6431372761726,1000.745098054409,1000.8509804010391,2000.3098039329052,2000.6352941393852,2000.784313738346,3000.086274512112,3000.3058823645115,3001.0,185.70501708984375,193.2778564453125,197.95035552978516,201.66366882324218,204.8136215209961,207.77859802246093,210.7277038574219,213.9673034667969,218.4264877319336,346.67303466796875,234.37247,2.0,test_data/Useful/Validation/Stone Dust at 1 ft/WhatsApp Image 2024-09-05 at 17.07.05 (2).jpeg,2384.0,288.0,28.126748508430243
39,32.2,39.0,43.0,47.0,53.0,56.0,60.360000000000014,63.92,66.16,68.0,70.0,72.0,73.0,74.36000000000001,77.0,79.0,80.0,81.32,83.0,85.0,87.0,88.0,90.0,91.0,91.0,93.0,93.0,94.0,95.0,97.0,97.0,98.0,99.0,100.0,100.0,101.0,102.0,103.0,103.0,104.0,105.0,105.0,106.0,107.56,108.0,109.0,109.27999999999997,110.0,111.0,112.0,112.0,113.0,114.0,114.96000000000004,115.0,116.0,117.0,117.0,118.0,118.0,119.0,119.0,120.0,121.0,121.0,122.0,122.08000000000004,123.0,124.0,124.0,125.0,125.0,126.0,126.0,127.0,127.0,127.0,128.0,128.96000000000004,129.0,130.0,130.0,131.0,132.0,133.0,133.0,134.0,135.0,136.0,137.0,138.0,139.0,140.0,141.0,143.0,145.0,147.0,148.51999999999998,150.0,160.0,127.0,1000.4313725531101,1000.6313725709915,1000.7294117808342,1000.8156862854958,1000.9607843160629,2000.5882353186607,2000.811764717102,3000.1215686276555,3000.337254911661,3001.0,185.7377471923828,193.37442016601562,198.14462280273438,201.83267211914062,204.94692993164062,207.86865234375,210.85986328125,214.12692260742188,218.56895446777344,346.55926513671875,232.18315,2.0,test_data/Useful/Validation/Stone Dust at 1 ft/WhatsApp Image 2024-09-05 at 17.07.05.jpeg,2447.0,347.0,31.127261992356367
40,33.0,41.0,46.16,53.0,57.0,60.0,61.68000000000001,63.92,67.0,69.0,72.0,73.0,74.0,76.0,77.0,78.0,81.0,82.32,83.56,84.80000000000001,85.03999999999999,87.0,88.0,89.75999999999999,90.0,91.24000000000001,93.0,94.0,95.0,95.0,96.0,97.0,98.0,99.0,99.0,100.0,101.0,102.0,102.0,103.0,103.83999999999997,104.0,105.0,106.0,107.0,108.0,109.27999999999997,110.0,111.0,112.0,113.0,113.0,113.72000000000003,114.0,115.0,116.0,116.0,116.91999999999996,117.0,118.0,119.0,119.0,119.0,120.0,121.0,121.0,122.0,123.0,123.0,124.0,124.0,125.0,125.0,126.0,127.0,128.0,128.0,129.0,129.96000000000004,130.0,131.0,131.0,132.0,133.0,134.0,135.0,136.0,136.12,137.36,138.0,139.0,140.0,141.0,142.55999999999995,144.0,146.0,148.0,151.0,155.0,165.0,119.0,1000.419607847929,1000.6235294342041,1000.7294117808342,1000.8156862854958,2000.0274509806186,2000.6156862974167,2000.8039215803146,3000.1098039224744,3000.3215686380863,3001.0,185.77838439941405,193.27200317382812,198.01792907714844,201.65948486328125,204.85980224609375,207.7924346923828,210.76341247558594,214.01644897460938,218.48309326171875,346.54376220703125,233.36456,2.0,test_data/Useful/Validation/Stone Dust at 1 ft/WhatsApp Image 2024-09-05 at 17.07.06 (1).jpeg,2328.0,293.0,29.398751054392047
41,34.2,45.0,50.72,56.0,58.2,60.879999999999995,63.68000000000001,66.84,68.0,69.0,71.0,73.0,75.0,77.0,78.0,79.84,81.08000000000001,83.0,84.0,86.0,87.0,88.0,89.0,90.0,91.0,93.0,94.0,94.72000000000003,95.0,96.0,96.44,98.68,99.0,100.0,101.0,102.0,102.0,102.12,103.0,103.0,104.0,105.0,105.0,106.0,107.0,108.0,108.0,108.0,109.0,110.0,111.0,111.0,112.0,112.96000000000004,113.0,113.0,114.0,114.91999999999996,115.0,115.0,116.0,117.0,117.0,118.0,119.0,120.0,121.0,121.0,122.0,122.0,123.0,123.0,124.0,125.0,125.0,127.0,128.0,129.0,130.0,130.0,131.0,132.67999999999995,133.91999999999996,135.0,136.0,137.0,137.0,138.0,139.0,140.0,140.0,141.0,142.32000000000005,144.0,146.0,147.0,148.0,150.0,153.76,163.0,108.0,1000.4431372582912,1000.6431372761726,1000.7490196228027,1000.8627451062202,2000.3490196168423,2000.6470588445663,2000.7921568751335,3000.090196080506,3000.309803932905,3001.0,185.69017639160157,193.26250610351562,197.99155883789064,201.68341369628905,204.8105926513672,207.72494506835938,210.6588897705078,213.9481201171875,218.4053192138672,346.6689758300781,233.36057,2.0,test_data/Useful/Validation/Stone Dust at 1 ft/WhatsApp Image 2024-09-05 at 17.07.06 (2).jpeg,2312.0,295.0,32.22911418077669
42,30.72,47.0,53.72,58.0,63.2,68.0,69.68,71.92,73.16,76.0,77.0,79.0,81.12,84.0,85.0,86.0,87.08000000000001,88.0,90.0,91.0,92.0,93.0,93.52000000000001,94.0,95.0,96.0,97.0,98.0,98.0,99.0,99.44,100.0,101.0,102.0,102.0,103.0,103.0,104.0,104.0,105.0,105.0,106.0,106.32,107.0,108.0,108.0,109.0,110.0,111.0,112.0,112.0,112.48000000000002,113.0,113.0,114.0,115.0,116.0,116.91999999999996,117.15999999999997,118.0,118.63999999999999,119.0,120.0,120.0,121.0,121.84000000000003,122.0,123.0,123.0,123.0,124.0,125.0,125.0,126.0,127.0,127.0,128.0,128.0,129.0,129.0,129.44000000000005,130.67999999999995,131.0,132.0,133.0,133.0,133.0,133.12,134.0,135.0,136.0,137.0,138.0,139.0,140.0,142.0,144.0,146.0,148.0,157.0,133.0,1000.7411764860153,1001.0,2000.2941176593304,2000.4627451002598,2000.572549045086,2000.678431391716,2000.8274509906769,3000.3176470696926,3000.5764706134796,3001.0,182.09110412597656,189.7144317626953,194.492431640625,198.1885528564453,201.39366149902344,204.41958618164062,207.48038024902343,210.97351989746096,215.94881591796874,346.2099609375,239.5026,2.0,test_data/Useful/Validation/Stone Dust at 1 ft/WhatsApp Image 2024-09-05 at 17.10.28 (1).jpeg,1381.0,233.0,32.572085871704445
43,24.48,37.480000000000004,44.72,49.96,52.60000000000001,58.44,61.0,63.0,65.0,68.4,72.0,73.0,75.0,76.0,78.6,81.0,82.0,83.32,84.0,85.0,86.0,88.0,89.0,90.0,91.0,92.0,93.0,94.0,95.0,96.0,97.0,98.0,99.0,99.0,100.0,100.63999999999999,101.0,102.0,102.0,102.0,103.0,104.0,104.0,105.0,105.80000000000001,106.0,107.0,108.0,108.75999999999999,109.0,109.0,110.0,110.0,111.0,112.0,112.0,113.0,113.91999999999996,114.0,115.0,115.63999999999999,116.0,117.0,117.0,118.0,119.0,120.0,121.0,121.0,122.0,123.0,123.0,123.0,124.0,124.0,125.0,126.0,127.0,127.0,128.0,129.0,129.0,129.0,130.0,130.39999999999998,131.0,132.0,132.0,133.0,134.0,135.0,136.0,138.0,139.0,140.79999999999995,142.03999999999996,145.27999999999997,148.0,150.0,161.0,123.0,1000.7529411911964,2000.0078431377187,2000.3019607961178,2000.4549019634724,2000.5647059082985,2000.6705882549286,2000.8196078538895,3000.313725501299,3000.568627476692,3001.0,181.84803009033203,189.4368896484375,194.16955108642577,197.86417236328126,201.0795440673828,204.08360595703124,207.16683349609374,210.64450073242188,215.81143188476562,346.0958557128906,240.0541,2.0,test_data/Useful/Validation/Stone Dust at 1 ft/WhatsApp Image 2024-09-05 at 17.10.28 (2).jpeg,1361.0,220.0,25.481432141401026
44,44.24,57.0,63.72,66.0,68.0,71.0,72.68,75.0,76.0,77.0,80.28,82.0,84.0,84.36000000000001,86.6,87.84,89.0,90.32,91.0,92.0,93.0,93.0,94.0,95.0,96.0,96.24000000000001,97.0,98.0,98.0,99.0,99.0,101.0,101.0,102.0,102.39999999999998,103.63999999999999,104.0,105.0,105.0,106.0,106.0,107.0,108.0,108.56,109.0,110.0,111.0,111.0,111.0,112.0,113.0,113.48000000000002,114.0,115.0,115.20000000000005,116.0,116.67999999999995,117.0,118.0,118.39999999999998,119.0,119.0,120.0,120.0,121.0,121.0,121.0,122.0,122.0,123.0,123.03999999999996,124.0,125.0,125.0,126.0,126.0,127.0,127.0,128.0,130.0,130.0,131.0,132.0,132.0,133.0,134.0,134.0,135.0,135.36,137.0,138.0,138.08000000000004,139.32000000000005,141.0,141.0,142.03999999999996,144.27999999999997,148.0,151.0,160.0,121.0,1000.7647058963776,2000.0039215688594,2000.2901960909367,2000.4509803950787,2000.5607843399048,2000.6627451181412,2000.7960784435272,3000.2784313857555,3000.5647059082985,3001.0,182.199072265625,189.7052001953125,194.56039428710938,198.27859497070312,201.5015411376953,204.4987335205078,207.5323501586914,210.945654296875,216.00367279052733,346.1294860839844,238.64037,2.0,test_data/Useful/Validation/Stone Dust at 1 ft/WhatsApp Image 2024-09-05 at 17.10.28 (3).jpeg,1308.0,198.0,25.000943487621445
45,34.0,41.0,46.72,52.88,57.0,60.879999999999995,63.68000000000001,66.0,68.0,70.4,73.64,76.88,79.0,81.0,82.0,83.0,84.0,86.0,86.56,87.0,88.0,88.28,89.0,91.0,91.0,92.0,93.0,94.0,94.95999999999998,95.0,96.0,96.0,97.0,97.0,98.0,99.0,99.88,100.0,101.0,101.0,102.0,103.0,103.0,104.0,105.0,105.0,105.0,106.0,106.0,108.0,108.0,109.0,109.0,110.0,110.0,111.0,111.0,111.91999999999996,112.0,113.0,114.0,114.88,115.0,116.0,117.0,118.0,119.0,119.32000000000005,120.0,121.0,121.0,122.0,123.0,123.0,124.0,124.0,125.0,125.0,126.0,126.20000000000005,127.0,128.0,129.0,131.0,131.0,132.0,132.88,133.12,134.0,135.0,136.0,138.0,138.0,139.0,141.0,142.0,144.0,144.51999999999998,148.51999999999998,158.0,105.0,1000.7803921699524,2000.0117647061124,2000.3058823645115,2000.458823531866,2000.5647059082985,2000.6627451181412,2000.784313738346,3000.2352941185236,3000.5529412031174,3001.0,181.68529815673827,189.3583526611328,194.22396850585938,197.9642333984375,201.1995086669922,204.22315979003906,207.297119140625,210.7402374267578,215.76386108398438,346.15411376953125,238.9147,2.0,test_data/Useful/Validation/Stone Dust at 1 ft/WhatsApp Image 2024-09-05 at 17.10.28.jpeg,1353.0,201.0,29.34301559245506
46,40.0,46.0,50.0,53.92,55.2,60.0,63.0,66.92,69.0,71.0,74.0,76.0,77.0,78.36000000000001,80.0,82.0,83.0,85.0,86.0,87.0,88.0,89.0,90.52000000000001,91.0,92.0,93.0,94.0,94.72000000000003,96.0,97.0,97.0,98.0,99.0,100.0,100.39999999999998,101.0,102.0,103.0,103.0,104.0,105.0,105.0,106.0,106.0,107.0,108.0,108.0,108.0,109.0,110.0,110.0,110.0,111.0,112.0,113.0,114.0,115.0,115.0,116.0,116.39999999999998,117.0,117.0,118.0,118.0,119.0,120.0,120.0,121.0,121.0,122.0,123.0,123.0,124.0,125.0,126.0,127.0,127.0,128.0,128.0,129.0,129.0,130.0,131.0,132.0,132.39999999999998,134.0,134.0,135.0,136.0,137.0,138.0,139.0,140.0,140.55999999999995,141.0,142.03999999999996,143.0,145.0,147.76,167.0,110.0,1000.611764729023,2000.0392156876624,2000.286274522543,2000.419607847929,2000.5137255191803,2000.5882353186607,2000.6431372761726,2000.6980392336845,2000.7803921699524,3001.0,182.80564880371094,190.38754272460938,195.2053985595703,198.93032836914062,202.14743041992188,205.1421905517578,208.2120361328125,211.70428466796875,216.76528930664062,346.9947814941406,236.4678,2.0,test_data/Useful/Validation/Stone Dust at 1 ft/WhatsApp Image 2024-09-05 at 17.10.29 (1).jpeg,1719.0,271.0,28.923424712523676
47,40.480000000000004,47.88,55.72,62.0,65.0,67.0,69.0,70.92,75.0,77.0,79.0,80.0,82.0,84.0,85.0,86.0,87.0,88.0,88.0,89.0,90.03999999999999,91.0,92.0,93.0,94.0,94.0,95.0,96.0,96.95999999999998,97.0,98.0,98.0,99.0,100.0,100.39999999999998,101.0,102.88,104.0,104.0,105.0,105.0,106.0,106.0,107.0,107.0,107.0,108.27999999999997,109.0,109.0,110.0,110.0,110.0,111.0,112.0,112.0,113.0,113.67999999999995,114.91999999999996,115.0,116.0,117.0,118.0,118.0,119.0,120.0,120.0,121.0,121.32000000000005,122.0,122.0,123.0,123.0,124.0,124.75999999999999,125.0,126.0,126.0,127.0,128.0,128.0,129.0,129.0,130.0,131.0,132.0,132.0,133.0,134.0,135.0,136.0,137.0,138.0,139.0,140.0,142.0,144.0,146.0,148.0,151.0,164.0,110.0,1000.584313750267,2000.0039215688594,2000.2666666805744,2000.4156862795353,2000.5137255191803,2000.5882353186607,2000.6470588445663,2000.7019608020782,2000.800000011921,3001.0,182.77739715576172,190.36141967773438,195.15970764160156,198.87603454589845,202.0955047607422,205.0990478515625,208.17193756103515,211.65725402832032,216.720947265625,346.99017333984375,236.51308,2.0,test_data/Useful/Validation/Stone Dust at 1 ft/WhatsApp Image 2024-09-05 at 17.10.29 (2).jpeg,1647.0,239.0,31.135583080926438
48,30.44,48.0,54.0,56.96,59.0,61.44,65.0,66.0,69.0,71.0,72.0,74.0,75.12,77.36000000000001,79.0,79.0,81.0,83.0,84.0,85.0,86.03999999999999,88.0,89.0,90.0,90.0,92.0,93.0,93.0,94.0,95.0,96.0,97.0,98.0,98.0,99.39999999999998,100.0,100.88,101.0,102.0,103.0,104.0,105.0,106.0,107.0,107.0,108.0,109.0,109.0,109.75999999999999,110.0,111.0,112.0,112.0,113.0,113.0,114.0,114.0,115.0,116.0,116.0,117.0,117.88,118.12,119.0,120.0,121.0,122.0,123.0,123.0,124.0,125.0,125.0,126.0,126.0,127.0,128.0,128.0,128.72000000000003,129.0,130.0,130.0,131.0,131.0,132.0,133.39999999999998,134.0,135.0,135.12,136.36,137.0,137.0,138.0,139.0,140.0,140.79999999999995,143.0,145.0,147.0,149.76,156.0,109.0,1000.6431372761726,2000.0666666701436,2000.3058823645115,2000.4352941215038,2000.5254902243614,2000.5960784554482,2000.65098041296,2000.705882370472,2000.800000011921,3001.0,182.64503173828126,190.2571563720703,195.04641723632812,198.79513549804688,201.99734497070312,205.02276611328125,208.10177612304688,211.61138916015625,216.77001953125,347.0291748046875,237.11824,2.0,test_data/Useful/Validation/Stone Dust at 1 ft/WhatsApp Image 2024-09-05 at 17.10.29 (3).jpeg,1675.0,258.0,32.05264609747849
49,38.480000000000004,54.480000000000004,59.72,62.0,65.0,68.0,71.68,73.0,75.0,77.4,79.0,80.0,82.0,83.0,84.0,84.0,85.0,86.0,86.0,88.80000000000001,89.0,90.0,91.0,92.0,93.0,94.0,95.0,96.0,96.95999999999998,97.19999999999999,98.0,99.0,100.0,101.0,102.0,102.0,103.0,104.0,104.0,105.0,106.0,106.0,107.0,108.0,108.0,108.0,109.0,109.51999999999998,110.0,110.0,111.0,111.0,111.72000000000003,113.0,113.0,114.0,114.0,115.0,115.15999999999997,116.0,117.0,118.0,118.12,119.0,120.0,121.0,121.0,122.0,122.0,123.0,124.0,124.0,125.0,125.0,126.0,126.0,127.0,127.0,128.96000000000004,129.0,130.0,130.0,130.91999999999996,131.0,132.0,132.64,133.0,135.0,135.0,136.0,137.0,138.0,139.0,140.0,141.0,143.0,144.0,147.51999999999998,150.76,158.0,110.0,1000.8000000119209,2000.0117647061124,2000.32549020648,2000.486274510622,2000.6000000238419,2000.7098039388657,2000.9019607901573,3000.376470595598,3000.6078431606293,3001.0,182.40243530273438,189.97967529296875,194.81321411132814,198.5265350341797,201.74485778808594,204.7534973144531,207.81330261230468,211.2807861328125,216.27223052978516,346.24420166015625,238.75757,2.0,test_data/Useful/Validation/Stone Dust at 1 ft/WhatsApp Image 2024-09-05 at 17.10.29.jpeg,1454.0,245.0,26.496431797989736
50,37.24,46.0,50.0,51.0,57.0,61.0,64.68,67.0,69.16,70.0,71.64,73.0,75.0,77.0,78.0,79.0,81.08000000000001,83.0,83.0,85.0,86.0,87.0,88.0,90.0,91.0,94.0,94.0,95.0,95.0,96.0,97.0,97.0,98.0,99.0,100.0,100.63999999999999,101.0,102.0,102.0,103.0,103.83999999999997,104.0,105.0,105.0,106.0,107.0,107.0,107.51999999999998,108.0,109.0,110.0,111.0,112.0,113.0,113.0,114.0,114.0,115.0,115.0,116.0,117.0,117.0,117.0,118.0,118.0,119.0,120.0,121.0,121.0,122.0,122.03999999999996,123.0,123.0,124.0,125.0,126.0,126.0,126.72000000000003,127.0,128.0,129.0,130.0,130.0,131.0,132.0,133.0,134.0,134.0,135.0,136.0,136.84000000000003,137.0,138.0,139.0,140.0,142.0,145.0,149.0,152.0,154.0,117.0,1000.6196078658104,2000.0470588244498,2000.2901960909367,2000.4235294163227,2000.517647087574,2000.5882353186607,2000.6431372761726,2000.6941176652908,2000.7764706015587,3001.0,182.51812133789062,190.08892822265625,194.90828704833984,198.60936889648437,201.84442138671875,204.9080047607422,208.02804565429688,211.5365783691406,216.66329956054688,347.004638671875,237.50104,2.0,test_data/Useful/Validation/Stone Dust at 1 ft/WhatsApp Image 2024-09-05 at 17.10.30 (1).jpeg,1667.0,257.0,27.620350144029533
51,27.240000000000002,35.44,43.44,48.0,51.2,54.0,56.0,59.92,61.16,65.0,68.64,70.88,73.0,74.0,75.0,77.84,79.0,80.0,82.56,85.0,87.03999999999999,88.28,89.0,90.0,91.0,92.24000000000001,93.0,94.0,94.0,95.0,96.0,97.0,97.0,98.0,98.0,99.0,100.0,100.0,101.0,102.0,103.0,103.0,104.0,104.0,105.0,106.0,106.0,107.0,107.75999999999999,108.0,108.0,109.0,109.0,110.0,110.20000000000005,111.0,111.67999999999995,112.0,113.0,114.0,115.0,116.0,116.0,117.0,118.60000000000002,119.0,120.0,120.32000000000005,121.0,122.0,122.0,123.0,123.0,124.0,124.0,125.0,125.0,126.0,127.0,127.0,128.0,129.0,129.0,130.0,131.0,131.0,132.88,133.12,135.0,136.0,137.0,138.0,140.0,141.55999999999995,143.79999999999995,146.0,148.0,150.0,152.76,164.0,106.0,1000.5686274766922,1000.9137254953384,2000.2627451121807,2000.4313725531101,2000.5372549295425,2000.611764729023,2000.6666666865349,2000.7254902124405,2000.839215695858,3001.0,183.1294921875,190.62769470214843,195.42206420898438,199.1497039794922,202.35396575927734,205.30982971191406,208.37937927246094,211.8572235107422,216.8706512451172,347.0895080566406,237.87817,2.0,test_data/Useful/Validation/Stone Dust at 1 ft/WhatsApp Image 2024-09-05 at 17.10.30 (2).jpeg,1755.0,272.0,29.8834938111791
52,26.68,39.36,48.0,51.96,56.2,58.0,60.0,61.0,64.16,67.0,68.0,69.88,74.0,75.0,76.6,78.0,80.08000000000001,82.0,83.0,84.0,86.0,87.0,88.0,89.0,90.0,90.0,91.0,92.0,92.95999999999998,93.0,95.0,95.0,97.0,98.0,99.0,100.0,100.0,101.0,102.0,103.0,104.83999999999997,106.0,106.0,107.0,107.80000000000001,108.0,109.0,110.0,110.75999999999999,111.0,112.0,112.0,113.0,113.0,114.0,114.44000000000005,115.67999999999995,116.0,117.15999999999997,118.0,119.0,120.0,121.0,121.0,122.0,122.0,123.0,123.0,124.0,124.0,125.0,125.0,126.0,127.0,127.0,128.0,128.0,129.0,129.0,130.0,131.0,131.0,132.0,134.0,135.0,135.64,137.0,137.0,138.0,139.0,141.0,142.0,143.0,143.55999999999995,144.0,146.0,148.0,149.0,155.0,161.0,122.0,1000.5529412031174,1000.9098039269447,2000.23137255013,2000.3960784375668,2000.5019608139992,2000.5803921818733,2000.639215707779,2000.6941176652908,2000.784313738346,3001.0,182.84134979248046,190.34772338867188,195.0729248046875,198.82862548828126,202.01634979248047,205.01883239746093,208.09617614746094,211.64329528808594,216.67005920410156,347.01611328125,237.08578,2.0,test_data/Useful/Validation/Stone Dust at 1 ft/WhatsApp Image 2024-09-05 at 17.10.30 (3).jpeg,1674.0,250.0,38.11576497873719
53,30.240000000000002,39.480000000000004,49.44,53.0,59.2,61.0,64.0,67.92,70.0,72.0,75.0,76.0,76.0,77.0,79.0,81.0,82.0,83.0,84.0,85.0,86.0,87.0,88.0,89.0,90.0,91.0,91.0,93.0,93.95999999999998,96.0,96.44,98.0,99.0,99.0,100.0,101.0,101.88,103.0,103.0,104.0,104.0,105.07999999999998,106.0,106.56,107.0,108.0,109.0,109.0,110.0,110.0,111.0,111.0,112.0,112.0,113.0,114.0,115.0,115.0,116.0,117.0,118.0,118.0,119.0,119.0,120.0,121.0,121.0,122.0,122.0,123.0,123.03999999999996,124.0,125.0,126.0,126.0,127.0,127.48000000000002,128.0,128.0,129.0,129.44000000000005,130.0,131.0,131.0,132.0,133.0,134.0,135.0,136.0,136.0,137.0,138.0,140.0,140.55999999999995,142.79999999999995,144.0,145.27999999999997,149.51999999999998,153.0,165.0,128.0,1000.5882353186607,1001.0,2000.2627451121807,2000.4156862795353,2000.517647087574,2000.5921568870544,2000.6470588445663,2000.705882370472,2000.7960784435272,3000.9960784316063,182.9194076538086,190.58359375,195.33193969726562,199.05682678222655,202.25140380859375,205.2434539794922,208.32059173583983,211.80252685546876,216.79327392578125,347.03369140625,235.84555,2.0,test_data/Useful/Validation/Stone Dust at 1 ft/WhatsApp Image 2024-09-05 at 17.10.30.jpeg,1739.0,260.0,25.525834478232724
54,33.24,41.0,44.0,48.96,51.0,56.0,59.0,63.0,65.0,67.0,68.64,71.0,73.12,76.36000000000001,78.0,79.0,81.08000000000001,82.32,84.0,85.0,86.0,87.0,88.0,89.75999999999999,91.0,92.0,94.0,95.0,95.0,97.0,98.0,98.0,99.0,99.0,100.0,100.0,101.0,101.12,102.0,103.0,104.0,105.0,105.0,106.0,107.0,107.0,108.0,108.0,109.0,110.0,110.0,111.0,112.0,113.0,114.0,114.0,115.0,115.0,116.0,117.0,117.0,117.0,118.0,119.0,119.0,120.0,121.0,122.0,123.0,123.0,124.0,125.0,125.0,126.0,126.0,127.0,128.0,128.0,129.0,130.0,131.0,132.0,132.0,132.0,133.0,133.64,134.88,135.0,136.0,136.60000000000002,138.0,139.0,140.32000000000005,142.0,142.79999999999995,145.0,146.27999999999997,149.0,150.0,163.0,117.0,1000.6431372761726,2000.06274510175,2000.3058823645115,2000.4352941215038,2000.5294117927551,2000.5960784554482,2000.65098041296,2000.7098039388657,2000.800000011921,3001.0,182.65635681152344,190.3024108886719,195.03832397460937,198.7824645996094,201.9925994873047,205.01161499023436,208.07674865722655,211.5718505859375,216.6826873779297,346.99176025390625,237.99197,2.0,test_data/Useful/Validation/Stone Dust at 1 ft/WhatsApp Image 2024-09-05 at 17.10.31 (1).jpeg,1661.0,254.0,30.287933796170506
55,30.200000000000003,40.480000000000004,43.72,52.96,56.2,59.44,62.0,64.0,66.0,69.0,71.64,73.88,76.0,79.0,80.0,81.84,84.0,84.0,85.0,86.0,86.0,88.0,89.0,90.0,91.0,92.0,93.0,94.0,94.0,96.0,97.0,99.0,100.0,101.0,102.0,102.63999999999999,103.0,104.0,105.0,106.0,106.0,107.0,107.0,107.0,108.0,108.04000000000002,109.0,110.0,111.0,111.0,112.0,113.0,113.0,114.0,114.0,115.0,115.0,116.0,116.0,117.0,117.0,118.0,119.0,119.0,119.0,120.0,121.0,122.0,123.0,123.0,124.0,124.0,125.0,125.0,126.0,127.0,127.0,128.0,128.0,129.0,130.0,131.0,132.0,133.0,133.39999999999998,134.64,135.0,136.12,137.0,139.0,139.84000000000003,142.0,143.0,143.0,144.79999999999995,147.0,149.0,150.0,152.76,163.0,107.0,1000.611764729023,2000.043137256056,2000.2823529541492,2000.4117647111416,2000.5058823823929,2000.5764706134796,2000.6313725709915,2000.6901960968971,2000.7882353067398,3001.0,182.4609573364258,190.09414367675782,194.85464477539062,198.54965209960938,201.79742431640625,204.81011962890625,207.8435516357422,211.3328857421875,216.45166015625,346.963623046875,237.46138,2.0,test_data/Useful/Validation/Stone Dust at 1 ft/WhatsApp Image 2024-09-05 at 17.10.31 (2).jpeg,1631.0,292.0,31.574060123698462
56,32.24,41.0,45.72,49.92,54.0,60.0,62.68000000000001,65.0,69.0,71.0,72.0,73.0,75.0,77.0,79.0,79.0,80.0,81.0,82.56,83.0,84.0,85.0,86.0,87.0,88.0,89.0,90.0,91.0,92.0,93.0,94.44,95.68,96.0,97.0,98.0,99.0,100.0,100.12,101.0,103.0,103.0,104.0,104.0,105.0,105.0,106.0,106.0,107.0,108.0,108.0,109.0,109.48000000000002,110.0,111.0,112.20000000000005,113.0,114.0,114.0,115.0,116.0,116.0,117.88,118.0,118.36000000000001,119.0,120.0,120.0,121.0,122.0,122.79999999999995,123.0,123.27999999999997,124.0,124.0,125.0,126.0,126.0,127.0,127.0,127.20000000000005,128.44000000000005,129.0,130.0,132.0,132.0,132.0,133.0,134.0,134.0,135.0,136.0,137.0,138.32000000000005,139.0,141.0,142.0,145.0,148.0,149.0,166.0,132.0,1000.5529412031174,1000.8980392217636,2000.2274509817362,2000.3960784375668,2000.5019608139992,2000.5803921818733,2000.639215707779,2000.6980392336845,2000.7882353067398,3001.0,182.56179809570312,190.10247802734375,194.91403198242188,198.67591857910156,201.93087768554688,204.9502410888672,208.01681518554688,211.54931640625,216.53546142578125,346.9903869628906,237.3558,2.0,test_data/Useful/Validation/Stone Dust at 1 ft/WhatsApp Image 2024-09-05 at 17.10.31.jpeg,1625.0,239.0,32.446996504212606
57,32.96,42.0,46.72,52.0,55.0,59.0,60.0,63.92,66.0,68.4,71.64,73.0,76.0,77.36000000000001,79.0,81.84,83.0,84.0,85.0,86.0,87.0,88.0,89.0,90.0,91.0,92.0,94.0,94.0,95.0,96.0,97.0,98.0,99.0,101.0,101.0,102.0,102.0,103.0,103.36000000000001,104.0,105.0,105.07999999999998,106.0,107.0,107.0,108.0,109.0,109.0,110.0,111.0,111.0,112.0,113.0,114.0,114.0,115.0,116.0,116.0,116.15999999999997,117.0,118.0,119.0,119.0,120.0,121.0,121.0,122.0,123.0,123.0,124.0,125.0,125.0,126.0,126.0,127.0,127.0,127.0,128.0,129.0,130.0,130.0,131.67999999999995,132.0,133.0,134.0,135.0,135.88,136.0,137.0,139.0,139.0,140.08000000000004,141.0,142.55999999999995,143.0,144.03999999999996,146.0,148.51999999999998,150.76,155.0,127.0,1000.6313725709915,2000.0470588244498,2000.286274522543,2000.419607847929,2000.5137255191803,2000.584313750267,2000.639215707779,2000.6980392336845,2000.7882353067398,3001.0,182.64523162841797,190.22578125,195.04947814941406,198.76593017578125,202.04556274414062,205.0502136230469,208.15103912353516,211.63536376953124,216.69976806640625,347.01239013671875,238.5047,2.0,test_data/Useful/Validation/Stone Dust at 1 ft/WhatsApp Image 2024-09-05 at 17.10.32 (1).jpeg,1656.0,237.0,30.154517411546113
58,29.48,39.0,50.0,53.96,57.0,60.44,63.0,65.0,67.0,69.0,71.0,73.0,75.12,77.36000000000001,78.0,80.0,81.0,82.0,83.0,84.0,84.0,86.0,87.0,88.0,89.0,90.0,90.48000000000002,92.0,92.0,93.0,94.0,95.0,96.0,97.0,98.0,98.0,100.0,101.0,102.0,102.0,103.0,104.0,104.0,105.0,106.0,106.0,107.0,107.0,108.0,109.0,109.0,109.0,110.0,110.0,112.0,112.0,113.0,113.0,114.0,115.0,115.0,116.0,117.0,118.0,118.0,119.0,119.0,120.0,120.0,121.0,121.03999999999996,122.0,123.0,123.75999999999999,124.0,125.0,125.0,126.0,127.0,128.0,129.0,130.0,130.0,131.0,132.0,132.64,133.0,134.0,135.0,136.60000000000002,138.0,140.0,142.0,143.0,145.0,146.0,147.0,148.0,153.0,166.0,109.0,1000.6156862974167,2000.0039215688594,2000.2627451121807,2000.4117647111416,2000.5098039507866,2000.5803921818733,2000.639215707779,2000.6901960968971,2000.7647058963776,3000.9960784316063,182.8638153076172,190.41822814941406,195.15683288574218,198.90332946777343,202.12049102783203,205.12709350585936,208.18528747558594,211.66770935058594,216.64659118652344,347.0280456542969,236.9056,2.0,test_data/Useful/Validation/Stone Dust at 1 ft/WhatsApp Image 2024-09-05 at 17.10.32 (2).jpeg,1761.0,282.0,29.506333921255212
59,30.240000000000002,39.480000000000004,48.16,53.96,55.2,60.44,63.0,67.0,69.16,72.4,75.0,76.0,80.0,81.36000000000001,82.6,84.0,85.0,87.0,89.0,90.0,91.0,92.0,93.0,95.0,95.0,96.0,97.0,98.0,99.0,99.0,100.0,101.0,101.0,102.0,102.39999999999998,103.0,104.0,105.0,105.0,106.0,106.0,107.0,108.0,108.0,109.0,110.0,110.0,111.0,112.75999999999999,113.0,113.0,114.0,114.0,115.0,116.0,116.0,117.0,117.0,118.0,119.0,119.63999999999999,120.0,121.0,121.0,122.0,123.0,123.0,124.0,124.0,125.0,126.0,126.0,127.0,127.0,128.0,128.0,128.0,129.0,129.0,130.20000000000005,131.0,132.0,132.0,133.0,134.0,134.64,135.0,135.12,136.0,137.0,137.0,139.0,139.32000000000005,140.0,141.0,143.0,144.0,145.51999999999998,148.0,154.0,128.0,1000.6235294342041,2000.0078431377187,2000.2745098173618,2000.419607847929,2000.517647087574,2000.5882353186607,2000.6470588445663,2000.7019608020782,2000.7960784435272,3001.0,182.71130676269533,190.26262817382812,195.06287689208983,198.797314453125,202.00584411621094,205.0004455566406,208.11507263183594,211.63949584960938,216.6785400390625,347.05194091796875,237.5296,2.0,test_data/Useful/Validation/Stone Dust at 1 ft/WhatsApp Image 2024-09-05 at 17.10.32 (3).jpeg,1631.0,276.0,30.834598249224456
60,32.0,39.480000000000004,49.72,55.0,57.2,60.879999999999995,62.68000000000001,65.0,67.32,71.0,73.0,75.0,76.12,77.36000000000001,79.0,81.0,82.0,83.0,84.0,85.0,86.0,87.0,88.0,89.75999999999999,90.0,92.0,93.0,93.0,94.0,96.0,96.44,97.0,97.0,98.0,98.0,99.0,100.0,100.0,101.0,101.0,102.0,103.0,104.0,104.56,105.0,106.0,107.0,107.51999999999998,108.0,109.0,110.0,111.0,112.0,112.0,113.0,113.0,114.0,114.0,115.0,116.0,117.0,118.0,119.0,119.0,120.0,120.0,121.0,122.0,122.0,122.79999999999995,123.0,124.0,124.51999999999998,125.0,126.0,127.0,128.0,128.0,129.0,130.0,131.0,131.67999999999995,132.0,133.0,134.0,134.64,135.0,136.0,137.0,138.0,139.0,140.0,141.0,142.0,143.0,144.0,146.0,148.0,150.51999999999998,163.0,97.0,1000.5568627715111,1000.8705882430077,2000.2352941185236,2000.4235294163227,2000.5372549295425,2000.6156862974167,2000.6745098233223,2000.7372549176216,2000.9882352948189,3001.0,183.11736450195312,190.75994262695312,195.55044555664062,199.26797485351562,202.5035858154297,205.51824951171875,208.57440185546875,211.98829650878906,216.9054412841797,347.0399169921875,238.19504,2.0,test_data/Useful/Validation/Stone Dust at 1 ft/WhatsApp Image 2024-09-05 at 17.10.32.jpeg,1710.0,253.0,30.261344105579425
61,17.48,24.96,27.72,29.0,32.2,40.0,42.0,44.92,48.0,49.0,51.0,54.0,55.0,56.360000000000014,57.0,58.0,59.0,60.0,61.0,62.0,63.03999999999999,66.0,67.0,68.0,69.0,70.24000000000001,71.0,72.0,73.95999999999998,75.0,77.0,77.0,78.0,79.0,80.0,81.0,81.88,82.0,83.36000000000001,84.0,85.0,86.0,87.0,89.0,90.0,91.0,92.0,92.0,93.0,93.0,94.24000000000001,95.0,96.0,97.0,98.0,98.0,99.67999999999995,100.0,101.0,102.0,103.0,104.0,105.0,105.0,106.0,107.84000000000003,108.0,109.0,110.0,110.0,111.0,111.0,113.0,113.0,114.0,114.0,115.0,117.0,117.96000000000004,118.0,119.0,120.0,121.0,122.0,122.39999999999998,123.63999999999999,124.0,126.0,127.0,128.0,129.0,130.0,131.32000000000005,132.55999999999995,134.0,138.0,141.27999999999997,144.51999999999998,150.76,155.0,114.0,1000.6078431606293,1000.7019608020782,1000.7490196228027,1000.7843137383461,1000.8235294222832,2000.4549019634724,3000.04705882445,3000.337254911661,3000.529411792755,3001.0,187.45994873046874,194.96832275390625,199.79281616210938,203.52853393554688,206.66165161132812,209.5924072265625,212.57249450683594,215.8735565185547,220.16412353515625,345.79705810546875,239.70044,2.0,test_data/Useful/Validation/Stone Dust at 1 ft/WhatsApp Image 2024-09-05 at 17.10.33 (1).jpeg,3218.0,382.0,30.102805107531694
62,30.48,39.44,49.0,51.96,55.0,58.44,62.0,63.0,64.32,67.0,68.64,71.0,73.0,74.0,76.0,77.0,79.0,80.0,82.56,83.0,85.0,85.0,86.0,87.0,88.0,89.0,90.48000000000002,91.0,92.0,93.0,94.0,96.0,96.0,98.0,99.0,100.0,100.88,102.0,103.0,104.0,105.0,105.07999999999998,107.0,107.56,108.0,109.0,110.0,111.0,111.0,112.0,113.0,114.0,114.0,115.0,115.0,116.0,116.0,117.0,117.0,118.0,118.63999999999999,119.0,119.0,120.0,121.0,121.0,122.0,122.0,123.0,123.79999999999995,124.0,125.0,125.0,126.0,126.0,127.0,127.0,128.0,128.0,129.0,130.0,130.67999999999995,131.0,132.0,134.0,135.0,136.0,137.0,137.0,138.0,139.0,140.0,141.32000000000005,142.0,144.0,145.0,147.0,148.0,153.51999999999998,161.0,119.0,1000.4313725531101,1000.6235294342041,1000.7254902124405,1000.8196078538895,2000.1843137294054,2000.5647059082985,2000.7411764860153,3000.058823529631,3000.2823529541492,3001.0,185.49225006103515,193.07196044921875,197.78854370117188,201.49314880371094,204.66880798339844,207.65548706054688,210.57353668212892,213.8412658691406,218.3245086669922,346.8475036621094,233.67052,2.0,test_data/Useful/Validation/Stone Dust at 1 ft/WhatsApp Image 2024-09-05 at 17.30.38 (1).jpeg,2372.0,284.0,32.23970674883423
63,20.48,35.44,43.0,48.96,51.2,58.31999999999999,62.68000000000001,65.0,66.0,67.4,70.64,71.0,74.0,74.0,76.0,77.84,79.0,80.32,82.56,83.80000000000001,86.03999999999999,87.0,88.0,88.75999999999999,89.0,91.0,92.0,93.0,94.0,95.0,96.0,97.0,97.0,98.0,99.0,99.0,100.0,101.0,102.0,102.0,103.0,104.0,104.32,105.0,106.0,107.0,107.0,108.0,109.0,109.0,111.0,111.0,112.0,113.0,114.0,115.0,116.0,116.91999999999996,117.0,118.0,119.0,120.0,120.0,121.0,122.0,122.0,123.0,124.0,124.0,125.79999999999995,126.0,127.0,127.0,128.0,128.0,129.0,130.0,131.0,131.0,131.0,132.0,132.0,133.0,134.0,134.39999999999998,135.0,136.88,137.0,138.0,139.0,140.0,142.0,143.0,144.55999999999995,145.0,146.0,147.0,150.51999999999998,151.76,166.0,131.0,1000.4156862795353,1000.6196078658104,1000.7254902124405,1000.8196078538895,2000.176470592618,2000.6039215922356,2000.772549033165,3000.086274512112,3000.3058823645115,3001.0,185.5900405883789,193.1704833984375,197.8922119140625,201.60736083984375,204.7357940673828,207.71424865722656,210.68560791015625,213.9633331298828,218.44520568847656,346.8523864746094,234.78156,2.0,test_data/Useful/Validation/Stone Dust at 1 ft/WhatsApp Image 2024-09-05 at 17.30.38.jpeg,2422.0,301.0,27.16908724862747
64,28.48,40.480000000000004,44.0,49.0,51.0,54.0,55.68000000000001,61.0,63.0,65.0,67.0,68.88,72.0,74.0,75.0,77.0,78.0,79.32,80.56,83.0,85.0,86.0,87.0,88.75999999999999,90.0,91.24000000000001,92.48000000000002,93.0,94.0,94.19999999999999,96.0,96.0,97.0,98.0,99.0,99.0,100.0,100.12,101.0,102.0,103.0,103.07999999999998,104.0,105.0,106.0,107.0,108.0,109.0,109.0,110.0,110.0,111.0,111.0,112.0,113.0,114.0,114.0,115.0,115.0,116.0,117.0,117.0,118.0,118.0,119.0,119.84000000000003,120.0,121.0,122.0,123.0,123.0,124.0,124.0,125.0,126.0,127.0,128.0,129.0,129.0,130.0,131.0,131.0,132.0,132.15999999999997,133.0,133.0,134.0,135.0,135.0,136.60000000000002,138.0,139.0,140.0,141.0,142.0,144.03999999999996,146.27999999999997,147.51999999999998,153.51999999999998,157.0,131.0,1000.4392156898975,1000.6392157077789,1000.7411764860153,1000.8431372642517,2000.2823529541492,2000.6274510025978,2000.7803921699524,3000.086274512112,3000.3058823645115,3001.0,185.5626220703125,193.1246795654297,197.93698120117188,201.64712524414062,204.81398010253906,207.7511444091797,210.6987762451172,213.99781799316406,218.39970703125,346.7805480957031,233.79065,2.0,test_data/Useful/Validation/Stone Dust at 1 ft/WhatsApp Image 2024-09-05 at 17.30.39 (1).jpeg,2393.0,289.0,29.262670000516867
65,37.24,41.480000000000004,52.0,55.96,58.0,61.0,63.0,65.0,67.16,70.0,72.64,76.0,77.0,80.0,81.0,82.0,83.0,84.0,86.0,87.0,88.0,89.28,91.0,91.75999999999999,93.0,93.24000000000001,94.0,95.0,96.0,96.19999999999999,97.0,98.0,99.92000000000002,101.0,102.0,103.0,103.88,104.0,104.0,105.0,106.0,107.0,108.0,109.0,109.0,110.0,111.0,111.0,112.0,113.0,114.0,115.0,115.0,116.0,117.0,117.0,118.0,118.0,119.0,120.0,120.63999999999999,121.0,121.0,122.0,122.60000000000002,124.0,124.0,125.0,125.55999999999995,126.0,128.0,128.0,129.0,129.0,130.0,131.0,131.0,131.0,132.0,132.0,133.0,133.67999999999995,135.0,136.15999999999997,137.0,137.64,138.0,139.0,140.0,140.60000000000002,141.84000000000003,142.08000000000004,143.0,144.0,145.0,146.0,148.0,149.51999999999998,154.76,161.0,131.0,1000.4431372582912,1000.6313725709915,1000.7254902124405,1000.8196078538895,2000.1254902034998,2000.5803921818733,2000.7764706015587,3000.0980392172933,3000.309803932905,3001.0,185.4395553588867,192.94198608398438,197.75350952148438,201.41870422363283,204.59617614746094,207.5925323486328,210.50973510742188,213.84172668457032,218.38236389160156,346.6611328125,233.50098,2.0,test_data/Useful/Validation/Stone Dust at 1 ft/WhatsApp Image 2024-09-05 at 17.30.39.jpeg,2288.0,303.0,33.324362875604784
66,31.240000000000002,39.480000000000004,46.44,54.96,59.2,62.44,65.0,67.0,69.0,71.0,74.0,76.0,79.0,80.0,81.0,83.0,84.0,86.0,88.0,89.80000000000001,90.03999999999999,92.0,92.0,93.0,94.0,95.0,95.0,96.0,96.0,97.19999999999999,99.0,99.0,100.0,101.0,102.0,102.0,103.0,104.0,104.0,105.0,106.0,107.0,108.0,109.0,109.0,110.0,110.0,111.0,111.0,112.0,112.0,112.0,113.0,114.0,115.0,115.0,116.0,116.91999999999996,117.0,118.0,118.0,119.0,120.0,120.0,121.0,121.0,122.0,122.32000000000005,123.0,124.0,124.0,125.0,125.0,126.0,126.0,127.0,128.0,129.0,130.0,131.0,132.0,132.0,132.0,133.15999999999997,134.0,135.0,135.0,136.0,137.36,139.0,139.84000000000003,141.0,142.0,144.55999999999995,146.0,147.0,149.0,152.0,155.0,177.0,112.0,1000.4313725531101,1000.6274510025978,1000.7254902124405,1000.8313725590706,2000.258823543787,2000.5960784554482,2000.7529411911964,3000.06274510175,3000.274509817362,3001.0,185.39349365234375,192.89401245117188,197.63746643066406,201.3525390625,204.51959228515625,207.46597290039062,210.43704223632812,213.7718048095703,218.30770874023438,346.7850036621094,234.00938,2.0,test_data/Useful/Validation/Stone Dust at 1 ft/WhatsApp Image 2024-09-05 at 17.30.40 (1).jpeg,2300.0,281.0,30.11702367153855
67,32.2,39.0,43.0,47.0,53.0,56.0,60.360000000000014,63.92,66.16,68.0,70.0,72.0,73.0,74.36000000000001,77.0,79.0,80.0,81.32,83.0,85.0,87.0,88.0,90.0,91.0,91.0,93.0,93.0,94.0,95.0,97.0,97.0,98.0,99.0,100.0,100.0,101.0,102.0,103.0,103.0,104.0,105.0,105.0,106.0,107.56,108.0,109.0,109.27999999999997,110.0,111.0,112.0,112.0,113.0,114.0,114.96000000000004,115.0,116.0,117.0,117.0,118.0,118.0,119.0,119.0,120.0,121.0,121.0,122.0,122.08000000000004,123.0,124.0,124.0,125.0,125.0,126.0,126.0,127.0,127.0,127.0,128.0,128.96000000000004,129.0,130.0,130.0,131.0,132.0,133.0,133.0,134.0,135.0,136.0,137.0,138.0,139.0,140.0,141.0,143.0,145.0,147.0,148.51999999999998,150.0,160.0,127.0,1000.4313725531101,1000.6313725709915,1000.7294117808342,1000.8156862854958,1000.9607843160629,2000.5882353186607,2000.811764717102,3000.1215686276555,3000.337254911661,3001.0,185.7377471923828,193.37442016601562,198.14462280273438,201.83267211914062,204.94692993164062,207.86865234375,210.85986328125,214.12692260742188,218.56895446777344,346.55926513671875,232.18315,2.0,test_data/Useful/Validation/Stone Dust at 1 ft/WhatsApp Image 2024-09-05 at 17.30.40 (2).jpeg,2447.0,347.0,29.360199940242147
68,28.0,44.44,51.72,54.0,57.0,62.0,63.0,64.92,68.0,70.0,71.0,73.0,74.12,76.36000000000001,79.0,80.84,81.0,84.0,85.0,86.0,87.0,88.0,88.52000000000001,90.0,92.0,92.0,93.0,94.0,95.0,96.0,97.0,98.0,99.0,100.0,100.39999999999998,101.0,102.0,103.0,104.0,104.0,105.0,107.0,107.0,108.0,108.0,109.0,109.27999999999997,110.0,110.0,111.0,111.0,112.0,113.0,113.0,114.0,115.0,115.0,116.0,116.0,116.0,117.0,117.88,118.0,119.0,119.60000000000002,120.0,121.0,121.0,122.0,122.0,123.0,124.0,125.0,125.0,126.0,127.0,128.0,129.0,130.0,131.0,131.0,132.0,133.0,134.0,135.0,136.0,137.0,137.12,138.36,139.60000000000002,140.0,142.0,144.0,145.0,146.0,149.0,150.0,152.0,156.0,163.0,116.0,1000.4588235318661,1000.6470588445663,1000.7490196228027,1000.8627451062202,2000.3176470696926,2000.6313725709915,2000.7803921699524,3000.086274512112,3000.301960796118,3001.0,185.5242492675781,193.01016235351562,197.79705810546875,201.47495727539064,204.64908599853516,207.6468048095703,210.58871459960938,213.93191528320312,218.4263916015625,346.73541259765625,233.59216,2.0,test_data/Useful/Validation/Stone Dust at 1 ft/WhatsApp Image 2024-09-05 at 17.30.40.jpeg,2319.0,291.0,27.32713615875132
69,33.0,41.0,46.16,53.0,57.0,60.0,61.68000000000001,63.92,67.0,69.0,72.0,73.0,74.0,76.0,77.0,78.0,81.0,82.32,83.56,84.80000000000001,85.03999999999999,87.0,88.0,89.75999999999999,90.0,91.24000000000001,93.0,94.0,95.0,95.0,96.0,97.0,98.0,99.0,99.0,100.0,101.0,102.0,102.0,103.0,103.83999999999997,104.0,105.0,106.0,107.0,108.0,109.27999999999997,110.0,111.0,112.0,113.0,113.0,113.72000000000003,114.0,115.0,116.0,116.0,116.91999999999996,117.0,118.0,119.0,119.0,119.0,120.0,121.0,121.0,122.0,123.0,123.0,124.0,124.0,125.0,125.0,126.0,127.0,128.0,128.0,129.0,129.96000000000004,130.0,131.0,131.0,132.0,133.0,134.0,135.0,136.0,136.12,137.36,138.0,139.0,140.0,141.0,142.55999999999995,144.0,146.0,148.0,151.0,155.0,165.0,119.0,1000.419607847929,1000.6235294342041,1000.7294117808342,1000.8156862854958,2000.0274509806186,2000.6156862974167,2000.8039215803146,3000.1098039224744,3000.3215686380863,3001.0,185.77838439941405,193.27200317382812,198.01792907714844,201.65948486328125,204.85980224609375,207.7924346923828,210.76341247558594,214.01644897460938,218.48309326171875,346.54376220703125,233.36456,2.0,test_data/Useful/Validation/Stone Dust at 1 ft/WhatsApp Image 2024-09-05 at 17.30.41 (1).jpeg,2328.0,293.0,29.188060986187626
70,16.96,28.0,31.0,36.0,40.400000000000006,46.879999999999995,49.68000000000001,52.92,54.16,57.0,58.0,58.0,59.120000000000005,61.0,63.599999999999994,65.0,67.0,69.0,70.0,71.80000000000001,73.0,74.0,75.0,75.75999999999999,77.0,78.0,79.0,79.0,80.0,81.19999999999999,82.0,83.0,84.0,85.0,86.0,86.0,87.0,87.0,89.0,89.0,90.0,91.0,92.0,93.0,94.0,95.0,95.0,96.0,96.0,97.0,98.0,98.0,99.0,99.0,101.0,101.0,101.0,102.0,102.0,103.0,103.63999999999999,105.0,105.12,107.0,107.0,108.0,108.0,109.0,109.0,110.0,111.0,112.0,112.51999999999998,113.0,114.0,114.24000000000001,115.0,116.0,117.0,118.0,119.0,120.0,121.0,121.15999999999997,122.0,123.63999999999999,124.0,126.0,126.0,127.0,128.0,130.0,131.0,132.0,135.0,136.03999999999996,138.55999999999995,141.51999999999998,144.0,150.0,101.0,1000.772549033165,1000.9176470637321,1000.9803921580315,1001.0,1001.0,2000.8352941274643,2001.0,3000.486274510622,3000.6862745285034,3001.0,185.01575317382813,192.62705993652344,197.41131286621095,201.12555847167968,204.3021469116211,207.3038330078125,210.31707763671875,213.7471923828125,218.5971221923828,345.87109375,232.98953,2.0,test_data/Useful/Validation/Stone Dust at 1 ft/WhatsApp Image 2024-09-05 at 17.30.41.jpeg,2078.0,320.0,30.66673115492249
71,26.240000000000002,36.480000000000004,50.0,54.96,60.2,63.0,64.0,66.92,70.0,72.0,74.0,77.0,79.0,81.0,82.0,83.0,85.0,85.32,86.56,87.0,88.03999999999999,90.0,90.0,91.0,92.0,93.0,94.0,94.72000000000003,95.0,96.0,97.0,98.0,99.0,100.16000000000003,101.0,102.0,103.0,105.0,105.0,105.0,106.0,107.0,107.0,108.0,109.80000000000001,110.0,110.0,112.0,112.0,113.0,113.0,114.0,115.0,115.0,116.0,116.0,117.0,117.0,118.0,118.0,119.0,120.0,121.0,122.0,122.0,123.0,124.0,125.0,126.0,126.0,127.0,128.0,128.0,129.0,129.0,129.0,130.0,130.0,131.96000000000004,132.0,133.0,133.0,134.0,134.0,135.0,135.64,136.0,137.0,138.0,139.0,140.0,141.08000000000004,142.0,143.55999999999995,145.0,146.0,146.27999999999997,148.0,150.0,166.0,129.0,1000.4156862795353,1000.5960784554482,1000.7176470756531,2000.1568627506495,2000.4509803950787,2000.6000000238419,2000.6980392336845,3000.019607843831,3000.2470588237047,3000.9960784316063,183.4800567626953,191.12265014648438,195.96371459960938,199.73919677734375,202.94863891601562,205.950927734375,209.0339569091797,212.48297119140625,217.51217651367188,347.4634094238281,232.04109,2.0,test_data/Useful/Validation/Stone Dust at 1 ft/WhatsApp Image 2024-09-05 at 17.30.42 (1).jpeg,2211.0,282.0,30.75544079132995
72,22.44,32.96,42.0,52.88,58.2,61.0,64.68,66.0,67.16,69.4,72.64,73.0,74.0,76.0,78.0,79.84,81.0,82.32,83.56,84.80000000000001,85.03999999999999,86.0,87.52000000000001,88.0,89.0,90.24000000000001,91.48000000000002,92.0,93.0,94.0,94.0,95.0,97.0,97.16000000000003,98.39999999999998,100.0,100.0,101.0,102.0,103.0,104.0,104.0,105.0,106.0,107.0,108.0,108.27999999999997,109.0,109.0,110.0,111.0,112.0,112.72000000000003,113.0,113.0,114.0,114.67999999999995,115.0,117.0,118.0,118.0,118.0,119.0,120.0,120.0,121.84000000000003,122.0,123.0,123.0,124.0,124.0,125.0,126.0,126.0,127.0,127.24000000000001,128.0,129.0,129.0,130.0,130.0,131.0,131.91999999999996,133.0,134.0,135.64,136.0,137.0,138.0,138.0,139.0,140.0,141.0,142.0,143.0,145.0,146.0,148.0,152.76,166.0,113.0,1000.4274509847164,1000.6313725709915,1000.7333333492279,1000.8274509906769,2000.2078431397676,2000.6313725709915,2000.7960784435272,3000.1098039224744,3000.3215686380863,3001.0,185.72341918945312,193.263671875,197.96424865722656,201.61886596679688,204.864013671875,207.80088806152344,210.7167205810547,213.93707275390625,218.41464233398438,346.67767333984375,233.04355,2.0,test_data/Useful/Validation/Stone Dust at 1 ft/WhatsApp Image 2024-09-05 at 17.30.42.jpeg,2411.0,314.0,32.123778261917884
73,33.0,35.480000000000004,42.879999999999995,47.0,53.0,57.0,59.68000000000001,61.92,64.16,66.80000000000001,68.0,71.75999999999999,73.12,75.0,76.0,77.0,79.08000000000001,81.0,82.0,83.80000000000001,85.0,85.28,86.0,87.0,89.0,90.0,90.0,91.0,92.0,93.0,94.0,95.0,96.0,96.0,97.0,98.0,98.0,99.0,100.0,101.0,102.83999999999997,104.0,104.0,105.0,105.0,106.0,107.0,107.51999999999998,109.0,109.0,110.0,110.48000000000002,111.0,112.0,113.0,114.0,114.0,115.0,116.0,116.0,117.0,117.0,118.0,119.0,119.0,120.0,120.0,121.0,122.0,123.0,124.0,125.0,126.0,127.0,127.0,128.0,128.0,129.0,130.0,130.0,131.0,132.0,133.0,134.0,134.0,135.0,136.0,137.0,137.0,138.0,139.0,140.08000000000004,141.0,143.0,145.0,145.03999999999996,148.0,151.0,153.51999999999998,165.0,117.0,1000.4509803950787,1000.6470588445663,1000.7529411911964,1000.8705882430077,2000.3176470696926,2000.6274510025978,2000.7803921699524,3000.086274512112,3000.3215686380863,3001.0,184.79486083984375,192.36736145019532,197.228173828125,200.8950378417969,204.11808013916016,207.08474731445312,210.12228393554688,213.45965576171875,218.09585571289062,346.849853515625,233.25116,2.0,test_data/Useful/Validation/Stone Dust at 1 ft/WhatsApp Image 2024-09-05 at 17.30.43 (1).jpeg,2442.0,315.0,31.48196949452077
74,23.48,36.44,42.72,51.84,55.0,58.0,61.68000000000001,65.0,66.16,69.0,69.64,72.0,74.12,76.0,77.0,78.0,80.0,81.32,82.0,83.0,85.0,85.0,86.52000000000001,89.0,90.0,91.0,92.0,92.0,93.0,94.0,95.0,96.0,96.0,97.0,98.0,99.63999999999999,100.0,101.0,101.36000000000001,103.0,103.83999999999997,104.07999999999998,105.0,106.0,106.0,107.0,108.0,108.0,109.0,109.0,110.0,110.0,111.0,112.0,112.20000000000005,113.0,114.67999999999995,115.0,116.0,116.0,116.0,117.0,118.0,118.36000000000001,119.0,121.0,121.0,122.0,122.55999999999995,123.0,124.0,124.0,125.0,126.0,126.0,127.0,128.0,128.72000000000003,129.0,129.0,130.0,131.0,132.0,133.0,134.0,134.64,136.0,137.0,137.0,138.0,139.0,141.0,142.0,143.0,144.0,145.0,148.0,150.0,152.0,159.0,116.0,1000.4274509847164,1000.6156862974167,1000.7254902124405,1000.905882358551,2000.4549019634724,2000.6431372761726,2000.7647058963776,3000.1098039224744,3000.3215686380863,3001.0,184.4405975341797,192.05657653808595,196.8737594604492,200.58937072753906,203.82505798339844,206.80970764160156,209.81207275390625,213.16651916503906,217.80165100097656,347.423095703125,230.30356,2.0,test_data/Useful/Validation/Stone Dust at 1 ft/WhatsApp Image 2024-09-05 at 17.30.43.jpeg,2347.0,296.0,34.413005006914574
75,40.72,47.0,50.0,53.0,59.2,61.879999999999995,64.68,66.0,70.0,72.0,75.0,77.75999999999999,80.12,81.36000000000001,82.6,84.0,86.0,87.0,88.0,89.0,91.0,92.0,93.0,94.0,95.0,95.24000000000001,97.0,97.72000000000003,98.0,99.0,99.44,100.0,100.0,101.0,102.0,103.0,104.0,105.0,106.0,107.0,108.0,109.0,110.0,110.0,111.0,112.0,113.0,113.0,114.0,115.0,115.0,116.0,116.0,117.0,118.0,118.0,118.0,119.0,119.0,120.0,120.0,121.0,122.0,122.0,123.0,123.84000000000003,124.0,125.0,126.0,126.0,126.03999999999996,127.27999999999997,128.0,129.0,129.0,130.24,131.0,132.0,133.0,134.0,134.0,135.0,136.0,137.0,137.0,138.0,139.0,140.0,141.0,142.0,143.0,144.0,145.0,146.0,148.0,150.0,151.0,153.0,156.0,172.0,119.0,1000.4431372582912,1000.6274510025978,1000.7411764860153,2000.0392156876624,2000.4627451002598,2000.639215707779,2000.7568627595901,3000.086274512112,3000.3058823645115,3001.0,184.67119903564452,192.18528747558594,196.97640991210938,200.6595458984375,203.86813354492188,206.8164825439453,209.79122924804688,213.1160125732422,217.8714141845703,347.3870544433594,230.17264,2.0,test_data/Useful/Validation/Stone Dust at 1 ft/WhatsApp Image 2024-09-05 at 17.30.44.jpeg,2208.0,280.0,28.25214159277029
76,34.480000000000004,40.0,45.0,54.96,59.0,61.0,64.36000000000001,66.92,70.0,73.0,75.0,77.0,79.0,80.0,82.0,83.0,84.0,85.0,86.0,87.0,89.0,90.28,91.0,91.75999999999999,93.0,94.0,95.0,97.72000000000003,98.0,99.0,100.0,100.0,101.0,102.0,103.0,104.0,104.88,105.0,106.36000000000001,107.0,108.0,109.0,110.0,110.0,111.0,111.0,112.0,113.0,113.0,114.0,114.0,115.0,115.0,116.0,117.0,117.0,118.0,119.0,119.15999999999997,120.0,121.0,121.0,122.0,123.0,123.0,124.0,125.0,126.0,126.0,127.0,127.0,128.0,128.0,129.0,130.0,130.0,131.0,132.0,133.0,133.0,134.0,135.0,135.0,136.0,137.0,137.0,138.0,139.0,139.0,141.0,142.0,143.0,145.0,146.0,147.0,150.0,152.27999999999997,154.0,155.0,160.0,126.0,1000.4509803950787,1000.6313725709915,1000.745098054409,2000.137254908681,2000.474509805441,2000.6352941393852,2000.7411764860153,3000.074509806931,3000.298039227724,3001.0,184.3196578979492,192.017138671875,196.83372497558594,200.58344421386718,203.76759338378906,206.75014953613282,209.7229766845703,213.0976104736328,217.78082275390625,347.49365234375,231.26402,2.0,test_data/Useful/Validation/Stone Dust at 1 ft/WhatsApp Image 2024-09-05 at 17.30.45.jpeg,2246.0,294.0,36.197458477590516
77,36.0,44.0,47.0,51.96,57.0,59.0,64.36000000000001,67.0,69.0,73.0,75.0,78.0,79.12,82.0,83.0,84.0,85.08000000000001,86.0,87.0,87.80000000000001,90.0,91.0,92.52000000000001,94.0,95.0,96.0,97.0,98.0,99.0,99.0,100.0,101.0,101.0,102.0,103.0,104.0,105.0,106.0,107.0,108.0,109.0,110.0,111.0,111.0,112.0,112.0,112.0,113.51999999999998,114.0,115.0,116.0,117.0,117.0,118.0,119.0,119.0,120.0,120.0,121.0,122.0,122.63999999999999,123.0,123.0,124.0,124.0,125.0,125.0,126.0,127.0,127.0,128.0,128.0,129.0,129.0,130.0,130.0,131.0,131.0,132.0,133.0,134.0,135.0,135.91999999999996,136.0,137.0,137.64,138.0,139.0,140.0,140.0,141.0,142.0,143.0,144.55999999999995,146.0,148.0,150.0,151.51999999999998,153.76,164.0,112.0,1000.4352941215038,1000.6156862974167,1000.7294117808342,2000.0392156876624,2000.4705882370472,2000.639215707779,2000.7490196228027,3000.0823529437184,3000.298039227724,3001.0,184.09907989501954,191.82823181152344,196.6683807373047,200.3838348388672,203.56307220458984,206.61156311035157,209.62557830810547,213.0491943359375,217.79647827148438,347.37396240234375,232.51791,2.0,test_data/Useful/Validation/Stone Dust at 1 ft/WhatsApp Image 2024-09-05 at 17.30.46.jpeg,2167.0,275.0,33.26350166087137
78,34.24,38.480000000000004,47.44,54.0,58.0,61.0,65.68,67.92,69.0,71.0,73.0,75.0,77.0,78.0,79.6,81.0,83.0,85.0,85.56,87.0,88.0,89.0,90.0,91.0,91.0,93.0,94.0,95.0,96.0,96.0,97.0,98.0,99.0,100.0,100.0,101.0,102.0,103.0,104.0,105.0,106.0,107.0,107.0,108.0,109.0,109.04000000000002,110.27999999999997,111.0,112.0,112.0,113.24000000000001,114.0,115.0,116.0,116.20000000000005,117.0,117.0,118.0,119.0,119.0,120.0,120.88,121.0,121.0,122.0,123.0,123.0,124.0,125.0,126.0,126.0,127.0,127.0,128.0,129.0,130.0,131.0,132.0,133.0,134.0,134.0,135.0,136.0,136.0,137.39999999999998,139.0,139.0,140.0,140.0,141.0,142.0,143.0,145.0,146.0,147.0,148.03999999999996,151.0,154.0,156.0,167.0,121.0,1000.4431372582912,1000.6274510025978,1000.745098054409,2000.0901960805058,2000.4823529422283,2000.65098041296,2000.7647058963776,3000.101960785687,3000.3176470696926,3001.0,184.60980224609375,192.1719207763672,196.88372802734375,200.618896484375,203.81834411621094,206.78123474121094,209.7842559814453,213.164306640625,217.87979431152343,347.3968505859375,231.35649,2.0,test_data/Useful/Validation/Stone Dust at 1 ft/WhatsApp Image 2024-09-05 at 17.30.48.jpeg,2293.0,302.0,32.4155671199334
79,37.24,43.480000000000004,53.72,56.0,58.0,60.0,63.68000000000001,65.0,68.16,69.4,72.0,75.0,76.12,78.36000000000001,79.6,81.0,82.08000000000001,84.0,85.0,86.0,87.0,88.0,90.0,90.75999999999999,92.0,93.0,93.0,94.0,95.0,96.0,97.0,98.68,100.0,101.0,102.0,103.0,104.0,105.0,106.0,107.0,108.0,108.07999999999998,110.0,110.0,111.0,112.0,113.0,114.0,115.0,115.0,116.0,117.0,117.72000000000003,118.96000000000004,119.0,120.0,120.0,120.0,121.0,121.0,122.0,123.0,124.0,125.0,125.0,126.0,126.0,126.32000000000005,127.0,128.0,128.0,129.0,129.0,130.0,131.0,131.0,132.0,133.0,133.96000000000004,134.0,135.0,135.67999999999995,136.0,137.0,138.39999999999998,139.0,139.88,141.0,142.0,143.0,144.0,145.0,146.32000000000005,147.0,149.0,150.0,151.0,153.51999999999998,156.0,163.0,120.0,1000.447058826685,1000.6313725709915,1000.7490196228027,2000.137254908681,2000.486274510622,2000.6470588445663,2000.7529411911964,3000.0784313753247,3000.301960796118,3001.0,184.37802124023438,192.05648803710938,196.8408203125,200.57191467285156,203.73001098632812,206.7396697998047,209.71337890625,213.13671875,217.88571166992188,347.41326904296875,231.10495,2.0,test_data/Useful/Validation/Stone Dust at 1 ft/WhatsApp Image 2024-09-05 at 17.30.53.jpeg,2159.0,285.0,25.236345482025683
80,36.72,52.480000000000004,57.0,61.0,66.2,71.0,73.0,75.84,77.0,79.0,80.0,80.88,82.0,83.0,84.0,85.0,86.0,87.32,88.0,89.0,89.0,90.28,92.0,93.0,94.0,95.0,96.0,97.72000000000003,98.95999999999998,99.19999999999999,100.0,101.0,102.0,103.0,103.0,103.0,104.0,105.0,105.0,106.0,106.83999999999997,107.0,108.0,109.0,109.0,110.0,111.0,111.0,112.0,113.0,114.0,114.0,114.0,115.0,116.0,116.0,117.0,117.91999999999996,118.0,119.0,120.0,120.0,121.0,121.36000000000001,122.0,122.0,123.0,123.32000000000005,124.0,125.0,126.0,126.0,127.0,127.0,127.0,128.0,128.48000000000002,130.0,130.96000000000004,132.0,132.0,133.0,134.0,135.0,135.0,136.0,136.0,137.0,138.0,139.0,140.0,141.0,142.0,143.0,144.79999999999995,147.0,150.0,151.51999999999998,153.76,169.0,120.0,1000.4392156898975,1000.6196078658104,1000.7333333492279,2000.023529412225,2000.4549019634724,2000.6313725709915,2000.745098054409,3000.0784313753247,3000.301960796118,3001.0,184.5282455444336,192.11541442871095,196.90865783691407,200.6195251464844,203.7939910888672,206.77803649902344,209.77859954833986,213.2056427001953,217.87095642089844,347.4888610839844,231.8034,2.0,test_data/Useful/Validation/Stone Dust at 1 ft/WhatsApp Image 2024-09-05 at 17.30.55.jpeg,2169.0,281.0,33.69265649898431
81,29.48,35.480000000000004,45.599999999999994,50.88,53.400000000000006,57.0,59.0,64.0,67.16,70.0,72.0,73.0,73.12,75.0,76.0,78.0,79.08000000000001,81.32,82.56,83.0,84.0,86.28,87.52000000000001,88.75999999999999,89.0,90.0,91.48000000000002,92.0,93.0,95.0,95.0,96.0,97.0,98.0,100.0,100.0,101.0,102.0,103.0,104.0,104.0,105.0,106.0,107.0,107.0,108.0,108.27999999999997,110.0,110.0,111.0,111.0,112.0,113.0,113.0,114.0,115.0,115.0,116.0,116.0,117.0,118.0,119.0,120.0,121.0,121.0,122.0,123.0,123.0,124.0,124.0,125.0,126.0,127.0,127.0,128.0,129.0,129.0,130.0,131.0,131.20000000000005,132.44000000000005,134.0,134.0,135.0,136.0,136.0,137.0,138.0,139.0,141.0,142.0,142.08000000000004,145.0,146.0,147.0,148.0,149.0,150.51999999999998,154.0,162.0,136.0,1000.4509803950787,1000.6352941393852,1000.7529411911964,2000.1333333402872,2000.4901960790157,2000.65098041296,2000.7607843279839,3000.090196080506,3000.309803932905,3001.0,184.6798095703125,192.18321228027344,196.94992065429688,200.6918731689453,203.89285278320312,206.82542419433594,209.79840087890625,213.19454956054688,217.8903350830078,347.3443603515625,231.20287,2.0,test_data/Useful/Validation/Stone Dust at 1 ft/WhatsApp Image 2024-09-05 at 17.30.56.jpeg,2302.0,282.0,22.879639864129672
82,23.240000000000002,31.0,35.0,40.92,44.2,46.0,48.0,52.92,55.0,56.400000000000006,58.0,60.879999999999995,62.120000000000005,63.360000000000014,65.0,66.0,68.0,69.0,70.0,71.0,72.0,73.0,74.0,75.0,76.0,77.0,78.48000000000002,80.0,81.0,81.0,83.0,83.0,84.0,85.0,86.0,87.0,87.0,88.0,89.0,89.0,90.0,91.0,91.0,92.0,92.0,93.0,93.0,94.0,95.0,96.0,96.0,97.0,97.0,98.0,99.0,100.0,101.0,101.0,101.0,102.0,103.0,104.0,104.0,105.0,105.0,106.0,107.0,108.0,108.0,109.0,109.0,110.0,111.51999999999998,113.0,113.0,114.24000000000001,115.0,116.0,116.0,117.0,118.0,118.0,119.0,120.0,121.39999999999998,122.0,123.0,124.12,125.0,126.0,127.0,128.0,130.0,131.0,132.0,134.0,137.0,138.51999999999998,142.76,164.0,101.0,1000.4000000059605,1000.6039215922356,1000.7686274647713,2000.1215686276555,2000.3176470696926,2000.4823529422283,2000.6078431606293,2000.7215686440468,2000.8823529481888,3001.0,180.17333984375,188.04086303710938,192.94639587402344,196.7757568359375,200.14535522460938,203.49227905273438,206.90330963134764,210.9811584472656,217.4643096923828,346.02691650390625,235.76846,2.0,test_data/Useful/Validation/Stone Dust at 1 ft/WhatsApp Image 2024-09-05 at 17.31.38.jpeg,2169.0,320.0,29.906667089639548
83,25.240000000000002,31.96,37.72,41.96,45.0,48.44,50.68000000000001,52.0,56.0,57.0,58.0,60.0,61.0,62.360000000000014,65.0,66.0,67.0,69.0,69.56,71.0,72.03999999999999,73.0,74.0,76.0,76.0,77.0,78.0,79.0,79.0,80.0,81.0,82.0,83.0,84.0,85.0,85.0,86.0,87.0,88.0,89.0,89.0,90.07999999999998,92.0,92.0,93.0,93.04000000000002,94.0,95.0,95.75999999999999,96.0,96.0,97.48000000000002,98.0,99.0,100.0,100.44000000000005,101.0,101.0,102.0,103.0,104.0,104.0,105.0,105.0,106.0,107.0,107.0,108.0,109.0,110.0,110.03999999999996,111.0,112.0,112.0,113.0,114.0,115.0,116.0,117.0,117.0,118.0,119.0,120.0,120.15999999999997,121.39999999999998,122.0,123.0,123.0,124.36000000000001,126.60000000000002,127.0,128.08000000000004,131.0,132.0,133.0,135.03999999999996,137.0,141.0,144.0,155.0,96.0,1000.3333333432674,1000.517647087574,1000.6470588445663,1000.7882353067398,2000.1529411822557,2000.364705890417,2000.5333333611488,2000.678431391716,2000.8588235378265,3001.0,179.99765014648438,187.7194366455078,192.63980102539062,196.5208740234375,199.8982391357422,203.19598388671875,206.6707000732422,210.77783203125,217.249267578125,346.0601501464844,234.90852,2.0,test_data/Useful/Validation/Stone Dust at 1 ft/WhatsApp Image 2024-09-05 at 17.31.39 (1).jpeg,2129.0,314.0,20.0
84,11.72,19.96,34.0,37.96,41.2,44.44,48.0,51.0,52.0,55.0,57.64,58.0,61.0,61.360000000000014,63.0,64.0,65.0,66.0,67.0,67.80000000000001,69.0,71.0,71.0,71.75999999999999,73.0,74.0,75.0,76.72000000000003,77.0,78.19999999999999,79.0,81.0,81.0,83.0,83.0,84.0,85.0,86.0,87.0,87.0,88.0,89.07999999999998,90.0,90.56,91.80000000000001,92.04000000000002,93.0,94.51999999999998,95.0,96.0,96.24000000000001,97.0,98.0,98.0,99.0,100.0,101.0,101.0,102.0,103.0,104.0,105.0,106.0,107.0,108.0,109.0,110.0,111.0,111.0,112.0,113.0,113.27999999999997,114.0,115.0,115.0,116.0,116.0,117.0,118.0,119.0,119.44000000000005,121.0,122.0,122.0,123.0,124.0,124.0,125.0,126.36000000000001,127.0,128.0,129.0,129.32000000000005,130.0,131.79999999999995,133.03999999999996,136.27999999999997,139.0,141.76,149.0,71.0,1000.3607843220234,1000.54509806633,1000.6901960968971,2000.0274509806186,2000.2666666805744,2000.4431372582912,2000.5803921818733,2000.705882370472,2000.89411765337,3001.0,179.96773681640624,187.6176300048828,192.52114868164062,196.3799285888672,199.80421447753906,203.06222534179688,206.51895141601562,210.73584594726563,217.24658203125,346.0364990234375,234.68015,2.0,test_data/Useful/Validation/Stone Dust at 1 ft/WhatsApp Image 2024-09-05 at 17.31.39.jpeg,2186.0,327.0,29.402850925080607
85,16.240000000000002,27.0,29.0,36.0,38.0,41.44,46.0,48.0,50.0,52.0,53.64,55.879999999999995,57.0,58.360000000000014,60.599999999999994,64.0,65.0,67.0,67.56,69.0,70.0,71.0,72.0,73.0,75.0,75.24000000000001,77.0,77.0,78.0,79.0,79.0,80.68,81.0,82.0,83.0,83.0,85.0,86.0,86.0,87.0,88.0,89.0,90.0,91.0,92.0,93.0,93.0,94.0,95.0,96.0,97.0,98.0,98.0,99.96000000000004,100.20000000000005,101.0,101.0,102.0,102.0,103.0,104.0,104.0,105.0,106.0,106.0,107.0,108.0,108.0,108.0,109.0,110.0,111.0,112.0,113.0,114.0,115.0,115.0,117.0,118.0,119.0,119.0,121.0,121.0,122.0,123.0,124.0,125.0,125.0,126.36000000000001,127.0,128.0,129.0,130.0,131.0,134.0,135.0,136.27999999999997,140.0,143.0,147.0,108.0,1000.352941185236,1000.5411764979362,1000.678431391716,1000.8470588326454,2000.1921568661928,2000.3960784375668,2000.556862771511,2000.6941176652908,2000.8588235378265,3001.0,180.2781982421875,187.96234130859375,192.8258056640625,196.66534423828125,200.037109375,203.3173370361328,206.7581298828125,210.94178771972656,217.41311645507812,345.9634094238281,235.81485,2.0,test_data/Useful/Validation/Stone Dust at 1 ft/WhatsApp Image 2024-09-05 at 17.31.40.jpeg,2199.0,328.0,31.05129222669809
86,21.0,29.48,32.0,36.0,41.0,45.0,50.0,53.92,55.0,56.0,57.64,60.0,62.0,63.360000000000014,65.6,66.0,67.0,68.0,69.0,70.80000000000001,71.0,72.0,73.0,74.0,74.0,75.24000000000001,76.48000000000002,78.0,79.0,80.0,80.44,82.0,83.0,83.0,84.0,85.0,86.0,87.0,88.0,89.0,90.0,90.0,90.32,91.0,92.0,93.0,93.0,94.0,95.0,96.0,97.24000000000001,98.0,99.0,100.0,100.20000000000005,102.0,102.0,103.0,103.0,104.0,104.63999999999999,105.0,106.0,106.0,106.0,107.0,108.0,109.0,109.0,111.0,112.0,112.0,113.0,114.0,115.0,116.0,116.0,117.0,118.96000000000004,119.0,119.0,120.0,120.91999999999996,121.15999999999997,123.0,124.0,125.0,125.12,126.36000000000001,127.0,128.0,128.0,129.0,130.0,131.0,132.03999999999996,134.27999999999997,136.0,138.76,146.0,90.0,1000.2901960909367,1000.4627451002598,1000.5882353186607,1000.6941176652908,1000.8196078538895,2000.1803921610117,2000.4392156898975,2000.6470588445663,2000.8745098114014,3001.0,180.11416625976562,187.8371337890625,192.80692443847656,196.6051025390625,200.0461654663086,203.36170349121093,206.8213653564453,210.9583282470703,217.40850830078125,345.9322509765625,234.87715,2.0,test_data/Useful/Validation/Stone Dust at 1 ft/WhatsApp Image 2024-09-05 at 17.31.41 (1).jpeg,2090.0,353.0,29.842347645632987
87,18.240000000000002,26.48,29.72,33.0,39.0,42.879999999999995,46.0,48.92,51.0,54.0,56.64,57.879999999999995,59.0,61.360000000000014,63.0,65.0,67.0,67.32,70.0,71.0,71.03999999999999,73.0,73.0,74.0,76.0,77.0,78.0,79.0,80.0,81.0,81.0,82.0,83.0,83.0,84.0,84.63999999999999,85.0,86.0,86.36000000000001,87.0,88.83999999999997,89.0,90.0,90.0,91.0,92.0,92.0,93.0,93.75999999999999,95.0,95.24000000000001,96.0,97.0,97.0,98.0,99.0,99.67999999999995,100.0,101.0,102.0,102.0,103.0,104.0,104.0,105.0,105.84000000000003,106.0,107.0,107.0,108.0,109.0,109.27999999999997,111.0,112.0,112.0,114.0,114.0,115.0,116.0,117.0,117.0,118.0,118.0,119.0,120.0,121.0,122.88,124.0,124.0,125.0,126.84000000000003,127.0,128.0,130.0,131.0,132.0,134.0,137.51999999999998,145.27999999999997,162.0,117.0,1000.3098039329052,1000.4823529422283,1000.6039215922356,1000.7137255072594,1000.8784313797951,2000.2470588237047,2000.4823529422283,2000.6627451181412,2000.8627451062202,3001.0,180.14529418945312,187.89993286132812,192.79140930175782,196.63074645996093,200.04974365234375,203.3493896484375,206.75,210.9253692626953,217.36387634277344,346.0081481933594,236.84343,2.0,test_data/Useful/Validation/Stone Dust at 1 ft/WhatsApp Image 2024-09-05 at 17.31.41.jpeg,2137.0,311.0,28.097156750248093
88,8.48,19.44,25.0,31.92,36.0,37.0,40.68000000000001,43.0,45.0,46.400000000000006,48.0,50.0,53.120000000000005,55.0,56.0,57.0,58.08000000000001,60.0,62.0,63.80000000000001,65.0,65.0,66.0,66.0,68.0,70.0,71.0,72.0,73.0,73.0,74.0,75.68,77.0,78.16000000000003,79.0,80.63999999999999,81.0,82.0,83.36000000000001,84.0,85.0,86.0,87.0,88.0,89.0,90.0,90.0,90.0,91.0,92.0,93.24000000000001,94.0,95.0,96.0,97.0,97.0,98.0,98.0,99.0,100.0,101.0,101.0,102.0,102.36000000000001,103.0,104.84000000000003,105.0,106.0,106.0,107.0,108.0,108.0,109.0,110.0,111.0,112.0,113.0,114.0,114.0,115.0,116.0,116.67999999999995,117.0,119.0,119.0,120.63999999999999,122.0,123.0,126.0,127.0,128.84000000000003,130.0,132.0,134.0,136.0,139.0,140.0,141.0,144.51999999999998,154.0,90.0,1000.2823529541492,1000.4235294163227,1000.5294117927551,1000.6196078658104,1000.6980392336845,1000.8078431487083,2000.4274509847164,2000.6901960968971,3000.2196078449488,3001.0,181.415771484375,189.1868103027344,193.99160766601562,197.81481018066407,201.18572235107422,204.39970092773436,207.76635131835937,211.81813049316406,217.92882537841797,346.7274475097656,231.74254,2.0,test_data/Useful/Validation/Stone Dust at 1 ft/WhatsApp Image 2024-09-05 at 17.31.42 (1).jpeg,2557.0,375.0,28.911206682846398
89,10.24,15.0,19.0,26.880000000000003,31.200000000000003,37.0,39.0,40.92,44.0,45.0,46.64,48.879999999999995,50.120000000000005,53.360000000000014,57.0,58.0,60.08000000000001,62.0,63.0,64.0,66.0,67.0,67.0,69.0,70.0,71.0,72.0,74.0,75.0,77.0,78.0,78.0,79.0,82.0,83.0,84.0,86.0,86.12,87.0,88.0,89.0,90.0,90.0,91.0,92.0,93.0,94.0,94.0,95.0,96.0,96.24000000000001,97.0,97.72000000000003,98.96000000000004,100.0,101.0,101.0,101.0,102.0,103.0,104.0,105.0,106.0,107.0,107.0,108.0,109.0,110.0,111.0,111.0,112.0,112.27999999999997,113.51999999999998,114.0,115.0,115.0,116.0,116.72000000000003,117.96000000000004,119.0,119.44000000000005,121.0,121.0,122.0,123.0,123.0,124.88,125.0,127.0,128.0,129.0,130.0,131.32000000000005,132.55999999999995,133.0,136.03999999999996,138.27999999999997,140.51999999999998,147.0,153.0,101.0,1000.2784313857555,1000.4235294163227,1000.5333333611488,1000.6235294342041,1000.7098039388657,1000.8549019694328,2000.4666666686535,2000.6823529601097,3000.1843137294054,3001.0,181.24589080810546,188.88133850097657,193.81002044677734,197.6375762939453,201.05567169189453,204.3145751953125,207.7404052734375,211.8192901611328,217.96034240722656,346.6906433105469,231.70737,2.0,test_data/Useful/Validation/Stone Dust at 1 ft/WhatsApp Image 2024-09-05 at 17.31.42.jpeg,2455.0,352.0,22.287240717210974
90,14.24,23.48,30.72,32.96,38.0,42.0,45.0,50.0,52.0,53.0,54.0,56.0,57.120000000000005,59.0,61.0,63.0,64.0,65.0,66.0,67.0,67.0,68.0,70.0,71.0,72.0,73.0,74.0,75.0,76.0,77.0,78.0,79.0,81.0,82.0,82.39999999999998,83.0,84.0,85.0,85.36000000000001,87.0,87.0,88.0,89.0,89.0,89.80000000000001,90.0,91.0,93.0,94.0,94.0,94.24000000000001,96.0,97.0,97.0,97.0,98.0,99.0,100.0,101.0,101.0,102.0,103.0,103.0,105.0,105.60000000000002,106.0,107.0,107.0,108.0,109.0,110.0,110.0,111.0,112.0,113.0,113.0,114.48000000000002,115.0,116.0,117.0,118.0,119.0,119.0,120.15999999999997,121.0,122.63999999999999,124.0,125.0,126.0,126.60000000000002,128.0,129.0,129.32000000000005,131.0,133.0,137.0,139.0,140.51999999999998,144.0,153.0,97.0,1000.2941176593304,1000.4509803950787,1000.5686274766922,1000.6666666865349,1000.7764706015587,2000.2705882489681,2000.517647087574,2000.678431391716,3000.0980392172933,3001.0,181.25367736816406,188.87672424316406,193.79180908203125,197.66131591796875,201.05361938476562,204.3154296875,207.690185546875,211.74322509765625,217.9580841064453,346.5445556640625,233.44958,2.0,test_data/Useful/Validation/Stone Dust at 1 ft/WhatsApp Image 2024-09-05 at 17.31.43 (1).jpeg,2463.0,375.0,30.412544219269826
91,16.240000000000002,24.96,31.439999999999998,34.96,38.2,43.0,47.0,49.0,50.0,53.0,53.0,55.0,56.0,58.0,59.0,60.84,61.08000000000001,63.31999999999999,65.56,66.0,67.0,68.0,70.0,70.0,71.0,72.0,73.0,73.0,74.0,75.0,76.0,77.0,79.0,79.0,80.39999999999998,81.0,82.0,83.0,84.0,85.0,86.0,87.0,88.0,89.0,89.0,90.0,90.0,91.0,91.0,92.0,93.0,93.0,94.0,95.0,95.0,96.0,97.0,97.91999999999996,98.15999999999997,99.0,100.0,101.0,102.0,103.0,104.0,104.0,105.0,106.0,107.0,107.0,108.0,109.0,110.0,111.0,111.0,113.0,114.48000000000002,115.0,115.0,116.0,116.44000000000005,117.0,118.0,119.0,119.0,120.0,121.0,122.12,123.36000000000001,125.0,127.0,128.0,130.0,130.0,132.0,134.0,136.0,139.51999999999998,142.76,151.0,115.0,1000.3843137323856,1000.5647059082985,1000.6980392336845,2000.1411764770746,2000.352941185236,2000.4941176474094,2000.6039215922356,2000.6980392336845,2000.8588235378265,3000.9960784316063,181.2781524658203,189.01312255859375,193.93490600585938,197.77514038085937,201.18888092041016,204.34983825683594,207.729248046875,211.78839111328125,217.8723907470703,346.7312927246094,232.40462,2.0,test_data/Useful/Validation/Stone Dust at 1 ft/WhatsApp Image 2024-09-05 at 17.31.43.jpeg,2515.0,362.0,27.842111437719012
92,23.72,30.0,36.72,39.96,42.0,43.0,45.0,47.0,49.16,52.0,54.0,54.0,56.0,58.0,58.599999999999994,60.0,62.0,63.31999999999999,65.0,66.0,67.0,68.28,70.0,72.0,73.0,74.0,75.0,75.0,76.0,78.0,79.0,81.0,81.0,82.0,83.0,84.0,85.0,86.0,87.0,87.0,88.0,89.0,90.0,91.0,91.0,92.0,94.0,94.0,95.0,96.0,97.0,98.0,98.72000000000003,99.0,99.0,100.0,102.0,102.91999999999996,103.15999999999997,104.39999999999998,105.0,105.0,106.0,106.0,107.0,108.0,108.0,109.0,110.0,111.0,111.0,112.27999999999997,113.0,113.75999999999999,114.0,115.0,115.0,116.0,117.0,117.0,118.0,119.0,121.0,121.15999999999997,123.0,124.0,125.0,126.0,127.0,127.0,129.0,130.0,131.0,132.0,134.0,136.0,138.0,140.0,146.27999999999997,153.0,99.0,1000.2823529541492,1000.4313725531101,1000.54509806633,1000.6392157077789,1000.7294117808342,2000.1058823540807,2000.4901960790157,2000.6862745285034,3000.160784319043,3001.0,181.16052856445313,188.84068298339844,193.7222900390625,197.61099243164062,200.99392700195312,204.2135772705078,207.61090087890625,211.72264099121094,217.95030212402344,346.5311279296875,233.00601,2.0,test_data/Useful/Validation/Stone Dust at 1 ft/WhatsApp Image 2024-09-05 at 17.31.44 (1).jpeg,2358.0,359.0,32.1855686562683
93,20.96,27.48,32.0,35.0,38.0,40.44,45.68000000000001,47.92,51.0,53.0,54.0,55.0,58.0,60.360000000000014,61.0,63.0,65.0,66.0,67.0,69.0,70.0,72.0,72.0,73.0,74.0,75.0,76.0,77.0,78.0,79.0,80.0,81.0,82.0,83.0,84.0,84.63999999999999,85.0,85.0,86.0,88.0,88.83999999999997,90.0,90.0,91.0,91.80000000000001,93.0,93.0,94.0,95.0,95.0,96.0,97.0,98.0,98.0,99.0,100.0,100.0,101.0,102.0,103.0,103.0,104.0,105.0,105.0,105.60000000000002,106.0,107.0,107.0,108.0,108.0,109.03999999999996,110.0,111.0,113.0,114.0,114.24000000000001,116.0,117.0,118.0,118.0,119.0,120.0,121.0,122.15999999999997,123.39999999999998,124.0,125.0,126.0,127.0,128.0,130.0,133.0,134.0,136.0,137.79999999999995,140.0,141.0,143.0,145.0,151.0,85.0,1000.2705882489681,1000.4078431427479,1000.517647087574,1000.6078431606293,1000.6862745285034,1000.7764706015587,2000.3098039329052,2000.639215707779,3000.1411764770746,3001.0,181.2760772705078,188.98228149414064,193.82511444091796,197.6624298095703,201.06980895996094,204.30816650390625,207.67921447753906,211.74868774414062,217.88949584960938,346.5542297363281,231.12839,2.0,test_data/Useful/Validation/Stone Dust at 1 ft/WhatsApp Image 2024-09-05 at 17.31.44.jpeg,2343.0,365.0,34.86523645573482
94,11.24,19.92,26.879999999999995,31.96,40.0,43.44,46.68000000000001,48.92,52.0,53.0,55.0,58.0,59.0,60.0,63.0,64.0,65.08000000000001,67.0,68.0,69.0,71.03999999999999,73.0,74.0,75.0,76.0,77.0,78.0,80.0,80.0,81.19999999999999,82.0,83.0,84.0,85.16000000000003,86.0,87.0,88.0,89.0,89.0,89.0,90.0,90.07999999999998,91.0,91.0,92.0,93.0,93.27999999999997,95.0,96.0,96.0,97.0,97.48000000000002,98.0,99.0,99.20000000000005,100.0,101.67999999999995,103.0,103.0,104.0,105.0,105.0,106.0,107.0,108.0,108.0,109.0,109.0,110.0,111.0,112.0,113.0,113.0,114.0,114.0,115.0,115.0,116.0,117.0,118.0,119.0,120.0,121.0,121.15999999999997,122.39999999999998,123.63999999999999,125.0,126.0,127.0,128.0,129.0,130.0,131.0,132.0,133.79999999999995,136.0,138.0,139.0,143.76,153.0,89.0,1000.3058823645115,1000.4705882370472,1000.5921568870544,1000.6901960968971,1000.811764717102,2000.3294117748737,2000.556862771511,2000.705882370472,3000.1254902035,3001.0,181.4705810546875,189.1661834716797,194.04831237792968,197.89835205078126,201.23716735839844,204.46346435546874,207.82467193603514,211.78627319335936,217.9200897216797,346.5081481933594,231.33345,2.0,test_data/Useful/Validation/Stone Dust at 1 ft/WhatsApp Image 2024-09-05 at 17.31.45 (1).jpeg,2418.0,376.0,34.56498674931409
95,11.0,17.96,24.439999999999998,30.0,35.0,38.0,41.0,43.0,49.16,51.0,52.0,53.879999999999995,55.120000000000005,57.0,59.599999999999994,61.0,62.0,64.32,65.56,67.0,68.0,69.28,71.0,72.0,73.0,74.24000000000001,75.0,77.0,78.0,79.0,80.0,80.0,81.0,82.0,82.39999999999998,83.0,83.0,84.0,85.0,86.0,87.0,88.0,89.0,90.0,91.0,92.0,93.0,94.0,95.0,96.0,96.0,96.48000000000002,97.72000000000003,98.0,99.0,100.0,101.0,101.0,102.0,103.0,103.0,104.0,105.0,106.0,107.0,108.0,109.0,109.0,110.0,111.0,112.0,112.0,113.0,114.0,115.0,115.0,116.0,117.0,118.0,119.0,120.44000000000005,121.0,122.0,123.0,124.0,125.0,125.0,126.0,127.0,127.60000000000002,128.84000000000003,130.0,132.0,133.0,135.0,137.0,139.27999999999997,141.0,142.76,163.0,125.0,1000.2823529541492,1000.4313725531101,1000.54509806633,1000.6352941393852,1000.7254902124405,2000.043137256056,2000.4784313738346,2000.6862745285034,3000.160784319043,3000.988235294819,181.29743347167968,189.0605926513672,193.83914184570312,197.68765258789062,201.03326416015625,204.29171752929688,207.7662811279297,211.79156494140625,218.00314331054688,346.546875,232.8067,2.0,test_data/Useful/Validation/Stone Dust at 1 ft/WhatsApp Image 2024-09-05 at 17.31.45.jpeg,2378.0,352.0,26.079679711003383
96,14.48,23.48,28.72,32.96,35.0,38.0,40.68000000000001,44.92,47.16,50.0,51.0,52.0,54.0,55.360000000000014,57.0,58.84,60.08000000000001,63.0,64.0,65.0,65.0,66.0,67.0,68.0,69.0,71.0,72.0,73.0,74.0,75.0,75.0,75.68,76.0,77.16000000000003,79.0,80.0,81.0,81.0,82.0,82.60000000000002,84.0,84.0,85.0,86.0,86.80000000000001,87.0,88.0,90.0,91.0,91.0,93.0,93.0,94.0,94.96000000000004,95.0,95.44000000000005,96.0,97.0,98.0,98.0,99.0,100.0,100.0,101.0,102.0,102.0,103.0,104.0,105.0,106.0,107.0,108.0,108.51999999999998,109.0,110.0,111.0,112.0,112.0,113.0,114.0,115.0,117.0,118.0,119.0,119.0,120.0,121.0,121.12,122.36000000000001,123.60000000000002,125.0,127.0,128.0,129.0,131.0,132.03999999999996,135.27999999999997,139.0,141.51999999999998,150.0,75.0,1000.3058823645115,1000.4666666686535,1000.5882353186607,1000.6901960968971,1000.8431372642517,2000.352941185236,2000.5529412031174,2000.6941176652908,3000.101960785687,3000.9960784316063,181.18405151367188,188.956982421875,193.91790618896485,197.7211883544922,201.13360595703125,204.37339782714844,207.7350616455078,211.77574157714844,217.87396240234375,346.54052734375,233.37607,2.0,test_data/Useful/Validation/Stone Dust at 1 ft/WhatsApp Image 2024-09-05 at 17.31.46.jpeg,2545.0,369.0,27.330695093193267
97,10.24,18.0,22.72,30.96,34.2,38.44,42.0,45.0,48.16,51.400000000000006,53.64,54.879999999999995,56.0,57.0,60.0,61.0,63.0,65.0,67.0,68.0,69.0,70.0,71.0,73.0,73.0,74.0,75.0,75.0,76.0,78.0,79.0,79.0,80.0,81.0,83.0,84.0,84.88,85.0,86.0,87.0,88.0,89.0,89.0,90.0,91.0,91.0,92.0,92.51999999999998,93.0,94.0,96.0,96.0,97.0,97.0,98.0,99.0,100.0,100.0,101.0,102.0,102.0,103.0,104.0,105.0,105.0,106.0,107.0,107.32000000000005,108.55999999999995,109.0,110.0,110.0,111.0,112.0,113.0,113.24000000000001,114.0,114.72000000000003,115.0,116.0,117.0,118.0,119.0,120.0,121.0,121.63999999999999,123.0,123.0,124.36000000000001,125.60000000000002,128.0,129.0,130.0,131.0,132.0,134.03999999999996,137.0,141.51999999999998,146.76,157.0,89.0,1000.4352941215038,1000.6274510025978,1000.811764717102,2000.2470588237047,2000.4039215743542,2000.5215686559677,2000.6156862974167,2000.6980392336845,2000.8078431487083,3001.0,181.3062255859375,188.9772521972656,193.84364471435546,197.6762268066406,201.09671783447266,204.29513854980468,207.62620239257814,211.69913330078126,218.0455062866211,346.5628662109375,232.77373,2.0,test_data/Useful/Validation/Stone Dust at 1 ft/WhatsApp Image 2024-09-05 at 17.31.47 (1).jpeg,2399.0,365.0,30.01580322287114
98,18.240000000000002,24.96,29.0,37.96,42.2,45.0,48.0,51.0,53.0,54.0,56.0,58.0,60.0,61.0,63.0,64.0,66.0,67.0,67.56,69.0,69.0,70.0,72.0,73.0,74.0,74.0,75.48000000000002,76.0,77.0,78.0,79.0,79.0,80.0,81.0,82.0,83.0,85.0,86.0,86.0,87.0,88.0,88.0,89.0,89.0,90.0,91.0,92.27999999999997,93.0,94.0,94.0,95.0,96.0,96.0,97.0,97.0,98.0,98.0,99.0,99.15999999999997,100.39999999999998,101.0,101.88,102.0,103.0,103.0,104.0,105.0,105.0,106.0,107.0,108.0,108.0,109.0,109.75999999999999,111.0,112.0,112.0,113.0,114.0,114.20000000000005,116.0,116.0,117.0,118.0,119.39999999999998,120.0,122.0,123.0,123.36000000000001,125.0,125.84000000000003,127.0,128.0,130.0,130.79999999999995,132.03999999999996,134.55999999999995,138.0,142.0,154.0,108.0,1000.4627451002598,1000.6549019813538,2000.101960785687,2000.2941176593304,2000.4313725531101,2000.5372549295425,2000.6274510025978,2000.705882370472,2000.8274509906769,3001.0,181.01502990722656,188.7838134765625,193.6587371826172,197.53024291992188,200.8859100341797,204.1582824707031,207.58990325927735,211.66917419433594,217.95220947265625,346.568359375,231.91415,2.0,test_data/Useful/Validation/Stone Dust at 1 ft/WhatsApp Image 2024-09-05 at 17.31.47.jpeg,2402.0,360.0,32.59927461050529
99,11.0,17.92,25.0,27.96,30.200000000000003,35.0,38.0,42.0,45.0,47.0,48.64,50.0,52.0,54.360000000000014,56.0,57.0,58.0,60.0,61.0,62.0,64.0,65.0,67.0,68.0,70.0,70.0,71.0,72.72000000000003,74.0,75.0,76.0,77.68,78.92000000000002,79.16000000000003,81.0,82.0,83.0,84.0,85.0,86.0,86.0,87.0,87.32,88.0,88.0,89.04000000000002,90.0,91.0,92.0,94.0,94.0,95.0,96.0,97.0,98.0,99.0,100.0,100.91999999999996,101.0,102.0,103.0,103.0,104.0,105.0,106.0,107.0,108.0,108.0,109.0,110.0,110.0,111.0,112.0,113.0,113.0,114.24000000000001,115.0,116.0,117.0,118.0,119.0,119.67999999999995,120.0,121.0,122.39999999999998,123.63999999999999,125.0,125.12,127.0,128.0,129.0,130.0,131.0,132.0,134.0,138.0,139.0,143.51999999999998,147.0,157.0,88.0,1000.2901960909367,1000.4235294163227,1000.5254902243614,1000.611764729023,1000.6941176652908,1000.811764717102,2000.4000000059605,2000.6431372761726,3000.1450980454683,3001.0,180.90191650390625,188.64259033203126,193.60384521484374,197.45106811523436,200.82694244384766,204.03460693359375,207.44866943359375,211.47388916015626,217.64852905273438,346.7027282714844,235.0579,2.0,test_data/Useful/Validation/Stone Dust at 1 ft/WhatsApp Image 2024-09-05 at 17.31.48 (1).jpeg,2434.0,376.0,28.39339325902142
100,12.72,21.48,26.72,32.0,36.0,38.0,40.68000000000001,42.0,44.0,46.0,47.0,49.0,50.0,53.0,55.0,56.84,57.0,58.0,60.56,62.80000000000001,64.0,66.0,67.0,68.0,69.0,70.0,72.0,72.0,73.0,74.0,75.0,76.0,77.0,77.16000000000003,78.0,79.0,80.0,80.0,82.0,82.60000000000002,83.0,84.0,85.0,86.0,87.0,87.0,88.0,89.0,90.0,90.0,91.0,92.0,93.0,94.0,95.0,95.44000000000005,96.0,98.0,98.0,99.39999999999998,100.0,101.0,102.0,102.0,103.0,103.84000000000003,105.0,106.0,107.0,108.0,108.0,109.0,110.0,111.0,112.0,112.0,113.0,113.72000000000003,115.0,117.0,117.44000000000005,119.0,119.0,120.0,121.0,122.0,122.0,123.0,123.0,124.0,125.0,126.0,127.0,128.0,129.79999999999995,131.0,134.0,136.51999999999998,139.76,148.0,123.0,1000.2901960909367,1000.4274509847164,1000.5294117927551,1000.611764729023,1000.6901960968971,1000.7921568751335,2000.3411764800549,2000.6313725709915,3000.1450980454683,3001.0,181.2370361328125,188.921875,193.78500366210938,197.642578125,201.01760864257812,204.23150634765625,207.58680725097656,211.5787353515625,217.71954345703125,346.68817138671875,234.60535,2.0,test_data/Useful/Validation/Stone Dust at 1 ft/WhatsApp Image 2024-09-05 at 17.31.48.jpeg,2494.0,387.0,29.225553246883443
101,7.720000000000001,15.0,20.72,25.0,28.200000000000003,32.44,39.0,40.0,43.0,45.400000000000006,47.0,50.0,52.0,53.0,56.599999999999994,58.0,59.0,61.0,62.0,62.80000000000001,63.0,64.0,65.0,65.75999999999999,66.0,67.0,68.0,69.72000000000003,71.0,72.0,73.0,74.0,74.0,75.16000000000003,76.0,77.0,79.0,80.0,80.36000000000001,81.0,82.0,83.0,84.0,85.0,85.80000000000001,86.04000000000002,87.0,88.0,89.0,90.0,90.0,91.0,92.0,93.0,93.0,94.0,94.0,95.0,95.0,96.0,97.63999999999999,99.0,100.0,101.0,102.0,103.0,104.0,105.0,105.0,106.0,106.03999999999996,107.0,107.0,108.0,109.0,110.0,111.0,112.0,112.0,114.0,115.0,116.0,117.0,118.0,119.0,120.0,122.0,122.12,124.0,125.0,126.0,127.0,128.32000000000005,131.55999999999995,133.0,135.0,136.0,139.51999999999998,142.0,154.0,95.0,1000.2901960909367,1000.4235294163227,1000.5254902243614,1000.6078431606293,1000.6862745285034,1000.8078431487083,2000.3882353007793,2000.6274510025978,3000.113725490868,3000.9921568632126,180.79705200195312,188.54466552734374,193.45810089111328,197.3301544189453,200.7197723388672,203.91172790527344,207.2982177734375,211.36392822265626,217.6145782470703,346.7550048828125,233.50471,2.0,test_data/Useful/Validation/Stone Dust at 1 ft/WhatsApp Image 2024-09-05 at 17.31.49 (1).jpeg,2496.0,392.0,30.141468474068592
102,15.0,21.0,26.0,29.96,35.2,38.0,41.0,43.92,46.0,47.0,49.0,51.0,53.0,54.360000000000014,55.599999999999994,59.0,59.08000000000001,60.0,62.0,62.0,64.0,65.0,66.0,66.0,67.0,68.0,69.0,70.0,71.0,72.0,72.44,74.0,74.0,75.0,76.0,77.0,78.0,79.0,80.0,81.0,81.83999999999997,82.0,83.0,83.0,84.0,84.0,85.0,86.0,86.75999999999999,87.0,88.0,89.0,90.0,91.0,92.0,92.44000000000005,94.0,95.0,95.15999999999997,96.0,97.0,98.0,98.12,99.0,100.0,101.0,102.0,103.0,103.0,104.0,105.0,106.0,106.0,107.0,108.0,109.0,109.0,110.0,111.0,113.0,114.0,115.0,115.0,117.0,117.0,118.0,118.0,119.0,120.0,121.0,122.0,123.08000000000004,124.0,125.0,127.79999999999995,129.0,131.27999999999997,133.51999999999998,138.0,161.0,83.0,1000.65098041296,2000.1215686276555,2000.313725501299,2000.4235294163227,2000.5058823823929,2000.5647059082985,2000.6196078658104,2000.6666666865349,2000.7294117808342,3000.921568632126,178.59329376220703,186.413623046875,191.33949279785156,195.1720397949219,198.6225128173828,201.9410858154297,205.41897583007812,209.63706970214844,216.50999450683594,346.2469787597656,238.49094,2.0,test_data/Useful/Validation/Stone Dust at 1 ft/WhatsApp Image 2024-09-05 at 17.32.20 (1).jpeg,1715.0,326.0,28.718804556052184
103,17.48,25.96,31.0,34.96,37.0,39.0,41.68000000000001,44.0,46.16,49.0,50.0,53.0,55.0,57.0,57.599999999999994,60.0,62.0,63.0,64.0,65.0,66.0,68.0,68.0,69.0,70.0,72.0,73.0,73.0,74.95999999999998,75.19999999999999,76.0,77.0,78.0,78.0,80.0,80.63999999999999,81.0,82.0,82.0,83.0,83.0,84.0,85.0,86.0,86.0,87.0,88.0,88.0,89.0,89.0,90.24000000000001,91.0,92.0,92.0,93.0,93.0,94.0,94.0,95.0,96.0,96.0,97.0,97.0,98.0,99.0,99.0,100.0,101.0,102.0,102.0,103.0,104.0,105.0,105.0,106.0,107.0,107.0,108.0,109.0,110.0,110.44000000000005,111.0,112.0,113.0,114.0,115.0,117.0,119.0,120.0,121.0,121.0,122.0,124.32000000000005,125.0,126.0,128.0,131.0,133.0,138.51999999999998,143.0,96.0,1000.7215686440468,2000.1921568661928,2000.3450980484486,2000.4431372582912,2000.517647087574,2000.5764706134796,2000.623529434204,2000.678431391716,2000.745098054409,3000.972549021244,178.65401458740234,186.23953552246095,191.22232055664062,195.06292724609375,198.45237731933594,201.77145385742188,205.22305297851562,209.5039520263672,216.4575439453125,346.2248229980469,237.68953,2.0,test_data/Useful/Validation/Stone Dust at 1 ft/WhatsApp Image 2024-09-05 at 17.32.20.jpeg,1681.0,312.0,29.636301102627808
104,1.0,3.960000000000001,7.439999999999998,10.0,15.200000000000003,19.439999999999998,21.680000000000007,23.92,27.159999999999997,29.0,31.0,33.0,35.120000000000005,37.0,38.0,39.0,41.0,42.0,43.0,44.0,45.0,45.0,46.0,47.0,48.0,49.0,50.0,51.0,52.0,53.0,54.44,55.68000000000001,56.0,57.0,58.0,59.0,60.879999999999995,61.120000000000005,62.0,63.60000000000002,64.0,66.0,68.0,68.0,69.0,70.0,70.0,71.0,72.0,73.0,74.0,74.0,75.0,76.0,77.0,78.0,79.0,80.0,80.0,81.0,82.0,83.0,83.12,84.0,85.0,86.0,87.0,87.0,88.0,89.0,90.0,91.27999999999997,92.0,93.0,94.0,95.0,95.0,97.0,98.0,99.0,100.0,100.67999999999995,102.91999999999996,104.0,105.0,106.0,107.88,108.0,109.36000000000001,111.0,112.0,115.0,116.0,117.0,118.0,120.0,123.0,127.0,131.76,141.0,70.0,1000.5490196347237,1000.6745098233223,1000.7294117808342,1000.7647058963776,1000.8078431487083,2000.4823529422283,3000.054901961237,3000.364705890417,3000.560784339905,3001.0,183.49959259033204,191.15655517578125,195.94564819335938,199.82086181640625,203.26820373535156,206.45382385253907,209.76519775390625,213.69171142578125,219.49093627929688,344.9237365722656,240.18451,2.0,test_data/Useful/Validation/Stone Dust at 1 ft/WhatsApp Image 2024-09-05 at 17.32.21 (1).jpeg,2666.0,347.0,29.494276361807728
0,28.68,43.0,46.44,54.0,57.0,60.0,63.0,66.0,67.0,69.4,71.64,73.0,75.0,77.0,79.0,80.84,82.0,82.0,85.0,86.80000000000001,87.03999999999999,88.0,89.52000000000001,90.0,91.0,92.0,93.0,94.0,95.0,97.0,98.0,99.0,100.0,100.0,101.0,102.0,103.0,103.0,104.0,105.0,106.83999999999997,107.0,108.0,108.56,109.0,109.0,111.0,112.0,113.0,113.0,114.0,114.0,114.72000000000003,115.0,116.0,116.0,117.0,118.0,118.0,119.0,119.0,119.0,120.0,121.0,121.0,121.84000000000003,122.0,122.32000000000005,123.0,124.0,125.0,126.0,126.0,127.0,128.0,128.0,129.0,129.72000000000003,130.0,131.0,131.0,132.0,133.0,133.15999999999997,134.39999999999998,135.0,136.0,137.0,137.36,138.0,138.84000000000003,139.0,140.0,141.55999999999995,142.79999999999995,145.0,146.27999999999997,149.0,152.76,158.0,119.0,1000.4117647111416,1000.6666666865349,1000.8862745165825,2000.2941176593304,2000.4431372582912,2000.5529412031174,2000.6470588445663,2000.7215686440468,2000.8039215803146,3001.0,182.9954833984375,190.73123474121093,195.45724334716797,199.23099365234376,202.47930908203125,205.51964416503907,208.6125228881836,212.21218872070312,217.37692260742188,346.80694580078125,229.56659,0.0,test_data/Useful/Validation/Three eight at 1ft/IMG-20240918-WA0055.jpg,1932.0,289.0,25.318943673949043
1,42.0,47.96,53.0,58.96,64.0,67.0,68.0,68.0,70.16,72.4,73.0,75.0,77.0,78.36000000000001,80.0,82.84,83.08000000000001,84.0,86.0,87.0,88.0,88.0,89.0,91.0,92.0,93.0,94.48000000000002,96.0,96.95999999999998,97.0,98.0,99.0,99.0,100.16000000000003,102.0,102.63999999999999,103.0,104.0,104.0,105.0,106.0,106.0,107.0,108.0,108.0,109.0,110.0,110.0,111.0,112.0,112.0,113.48000000000002,114.0,115.0,115.0,116.0,117.0,117.0,118.0,119.0,120.0,121.0,122.0,123.0,123.0,124.0,124.0,124.0,125.0,125.0,126.0,126.0,127.0,128.0,128.0,129.0,129.0,130.0,130.0,131.0,132.0,132.0,133.0,133.0,133.0,134.0,135.0,136.0,136.0,137.0,138.0,139.08000000000004,140.0,141.0,142.0,143.0,145.0,147.51999999999998,149.0,157.0,133.0,1000.4117647111416,1000.6745098233223,1000.933333337307,2000.3058823645115,2000.447058826685,2000.556862771511,2000.6470588445663,2000.7215686440468,2000.800000011921,3001.0,183.14825286865235,190.75997924804688,195.49896240234375,199.19924926757812,202.46966552734375,205.505615234375,208.64511108398438,212.21871948242188,217.40028381347656,346.77777099609375,228.62576,0.0,test_data/Useful/Validation/Three eight at 1ft/IMG-20240918-WA0056.jpg,1942.0,274.0,29.90706718957888
2,40.24,49.0,54.72,58.0,63.0,66.0,68.0,70.92,72.16,74.0,77.0,79.0,81.0,82.0,83.0,83.0,84.0,86.0,87.56,89.0,90.03999999999999,92.0,93.0,94.0,95.0,96.0,97.48000000000002,99.0,99.0,99.19999999999999,100.44,101.0,102.0,102.16000000000003,103.0,104.0,104.0,105.12,106.0,107.0,107.0,107.0,108.0,109.0,110.0,111.0,112.0,113.0,114.0,114.0,115.0,115.0,116.0,116.0,117.0,117.0,118.0,118.91999999999996,119.15999999999997,120.0,120.63999999999999,121.0,122.0,122.0,123.0,124.0,124.0,125.0,125.0,126.0,126.0,127.0,127.0,128.0,129.0,130.0,131.0,131.0,131.0,132.0,133.0,133.0,134.0,136.0,136.0,138.0,138.0,139.0,140.0,141.0,142.0,143.0,144.0,144.0,145.79999999999995,146.0,148.27999999999997,152.0,153.0,163.0,107.0,1000.4431372582912,1000.7333333492279,2000.1647058874369,2000.3568627536297,2000.474509805441,2000.5764706134796,2000.6588235497475,2000.7294117808342,2000.8078431487083,3001.0,182.9686279296875,190.6477508544922,195.41001892089844,199.13995361328125,202.3562469482422,205.36630249023438,208.5204315185547,212.09408569335938,217.3628387451172,346.7154235839844,228.95386,0.0,test_data/Useful/Validation/Three eight at 1ft/IMG-20240918-WA0057.jpg,1805.0,277.0,28.137214728358597
3,36.72,47.480000000000004,52.0,55.96,60.2,64.0,68.0,70.0,73.0,74.4,77.64,78.88,81.0,82.0,83.0,84.0,84.0,86.0,88.56,89.0,90.0,91.0,92.0,93.0,94.0,95.0,96.0,98.0,99.0,100.0,100.0,101.68,102.0,103.0,104.0,104.63999999999999,105.88,106.0,106.36000000000001,107.0,108.0,108.0,109.0,110.0,110.0,111.0,112.0,112.0,112.75999999999999,113.0,114.0,115.0,115.0,115.96000000000004,117.0,118.0,118.67999999999995,119.0,119.15999999999997,120.0,121.0,121.0,122.0,123.0,123.0,123.0,124.0,125.0,126.0,127.0,127.0,128.0,129.0,129.0,129.0,130.0,130.48000000000002,131.0,132.0,132.0,133.44000000000005,134.0,134.0,135.0,136.0,137.0,138.0,139.0,140.0,141.0,142.0,143.0,143.32000000000005,144.55999999999995,145.0,147.0,149.27999999999997,153.0,154.76,163.0,129.0,1000.5372549295425,1000.8627451062202,2000.258823543787,2000.4039215743542,2000.5098039507866,2000.6000000238419,2000.6745098233223,2000.7411764860153,2000.8156862854958,3001.0,183.34486236572266,190.8846221923828,195.65542602539062,199.33126831054688,202.55992889404297,205.58745422363282,208.69281005859375,212.2442626953125,217.3078155517578,346.7315673828125,228.90631,0.0,test_data/Useful/Validation/Three eight at 1ft/IMG-20240918-WA0058.jpg,1762.0,241.0,25.606258544395175
4,37.480000000000004,44.44,51.0,53.96,57.2,61.44,65.68,68.0,71.0,72.0,74.0,77.0,79.0,81.0,82.0,83.0,85.0,86.0,88.0,89.80000000000001,90.0,91.0,92.0,93.0,94.0,94.0,95.0,96.0,96.0,97.0,98.0,98.0,98.0,99.0,100.0,100.63999999999999,101.0,102.0,102.0,103.0,104.0,105.0,106.0,106.0,107.0,108.04000000000002,110.0,110.0,111.0,112.0,113.0,114.0,115.0,116.0,116.20000000000005,117.0,118.0,119.0,120.0,121.0,121.0,122.0,122.0,122.0,123.0,123.84000000000003,125.0,125.32000000000005,126.0,127.0,127.0,127.27999999999997,128.0,129.76,130.0,130.24,131.0,132.0,133.0,135.0,135.0,136.0,137.0,137.15999999999997,138.0,139.0,140.0,141.0,142.0,143.0,143.0,144.0,144.32000000000005,146.0,147.0,147.0,149.0,150.0,153.51999999999998,164.0,98.0,1000.4431372582912,1000.7294117808342,2000.1568627506495,2000.352941185236,2000.474509805441,2000.572549045086,2000.6549019813538,2000.7294117808342,2000.8039215803146,3001.0,183.2025909423828,190.72731018066406,195.49630737304688,199.2554473876953,202.48617553710938,205.54108276367188,208.62395172119142,212.22829589843752,217.3990020751953,346.7471008300781,228.67958,0.0,test_data/Useful/Validation/Three eight at 1ft/IMG-20240918-WA0059.jpg,1889.0,269.0,34.235838365360614
5,32.68,47.480000000000004,51.72,58.0,63.0,65.0,68.0,69.0,73.0,75.0,76.64,78.0,80.0,81.36000000000001,84.0,85.0,86.08000000000001,88.0,90.0,90.0,91.03999999999999,92.0,93.0,94.0,94.0,95.24000000000001,97.0,98.0,98.0,99.0,100.0,101.0,101.92000000000002,103.0,103.0,105.0,105.0,106.0,106.0,107.0,108.0,109.0,110.0,111.0,112.0,112.0,112.0,113.0,114.0,114.0,115.0,116.0,116.0,117.0,117.0,118.0,119.0,120.0,120.0,121.0,121.0,122.0,122.0,123.0,123.0,124.0,124.0,125.0,125.0,126.0,126.0,127.0,128.0,128.0,129.0,130.0,130.0,131.0,131.0,132.0,133.0,133.0,134.0,135.0,135.0,136.64,137.88,140.0,141.0,141.0,142.0,143.0,144.0,145.0,147.0,148.03999999999996,150.0,152.51999999999998,155.0,163.0,112.0,1000.4745098054409,1000.7647058963776,2000.1960784345865,2000.3764705955982,2000.4941176474094,2000.5882353186607,2000.6666666865349,2000.7372549176216,2000.8156862854958,3001.0,183.15555267333986,190.64596862792968,195.4609375,199.1793975830078,202.44207763671875,205.47760009765625,208.6300048828125,212.19137573242188,217.40647888183594,346.7234802246094,229.29602,0.0,test_data/Useful/Validation/Three eight at 1ft/IMG-20240918-WA0060.jpg,1801.0,270.0,28.569803569566147
6,27.92,40.480000000000004,47.16,54.0,60.0,62.44,65.68,67.0,69.16,71.0,73.0,74.0,76.0,77.36000000000001,79.6,80.0,81.08000000000001,83.0,84.56,85.0,87.0,89.0,90.0,91.0,93.0,94.0,95.0,95.72000000000003,96.95999999999998,98.0,99.0,100.0,101.0,102.0,102.0,103.0,104.0,105.0,106.0,107.0,107.0,108.0,108.32,109.0,110.0,110.0,111.0,112.0,113.0,113.0,114.0,115.0,115.0,116.0,117.0,117.0,118.0,119.0,119.0,120.0,121.0,122.0,122.0,123.0,123.0,123.84000000000003,124.0,124.0,125.0,125.79999999999995,126.0,127.0,127.51999999999998,128.0,128.0,129.0,130.0,131.0,131.0,132.0,132.0,133.0,134.0,134.15999999999997,135.0,136.0,136.0,137.0,138.0,139.0,140.0,141.0,142.0,144.0,144.79999999999995,146.03999999999996,148.0,150.51999999999998,154.0,162.0,123.0,1000.5764706134796,1000.9411764740944,2000.2901960909367,2000.4235294163227,2000.5254902243614,2000.611764729023,2000.6823529601097,2000.7490196228027,2000.8235294222832,3001.0,183.23511657714843,190.8194580078125,195.65420532226562,199.3516387939453,202.5574493408203,205.63941955566406,208.76152954101562,212.25938110351564,217.39356994628906,346.7501220703125,230.48799,0.0,test_data/Useful/Validation/Three eight at 1ft/IMG-20240918-WA0061.jpg,1886.0,259.0,27.658592358310052
7,37.72,47.0,52.0,54.96,61.0,63.0,65.68,67.92,70.0,72.0,73.64,76.0,77.0,78.0,79.0,80.84,83.0,84.0,84.56,85.0,86.0,87.0,88.0,89.0,90.0,90.24000000000001,92.0,93.0,94.0,95.0,96.0,97.0,98.92000000000002,99.0,100.0,100.63999999999999,101.0,102.0,102.36000000000001,103.0,104.0,104.07999999999998,105.0,106.0,107.0,108.04000000000002,109.0,110.0,110.0,112.0,112.0,113.0,113.0,114.0,115.0,115.0,116.0,117.0,117.0,118.0,118.0,119.0,120.0,120.36000000000001,121.60000000000002,122.0,123.0,123.32000000000005,124.55999999999995,125.0,126.0,127.0,128.0,128.0,129.0,129.0,130.0,131.0,132.0,133.0,133.0,134.0,135.0,135.0,136.0,137.0,137.0,138.0,139.0,139.0,140.0,142.0,143.32000000000005,144.0,146.0,148.0,150.0,152.0,155.0,166.0,137.0,1000.5725490450859,1000.9019607901573,2000.2784313857555,2000.419607847929,2000.5215686559677,2000.6078431606293,2000.6823529601097,2000.7490196228027,2000.8235294222832,3001.0,183.01654052734375,190.74310302734375,195.4659881591797,199.20025634765625,202.45697021484375,205.51947021484375,208.65158081054688,212.30245971679688,217.4736785888672,346.75848388671875,230.0625,0.0,test_data/Useful/Validation/Three eight at 1ft/IMG-20240918-WA0062.jpg,1884.0,297.0,33.21080320543906
8,40.24,45.480000000000004,52.72,56.0,61.0,63.0,64.68,67.0,70.16,72.0,74.0,76.0,77.0,78.0,79.0,80.0,81.0,83.0,84.56,85.0,86.0,88.0,88.0,89.75999999999999,92.0,93.0,94.48000000000002,96.0,97.0,98.0,98.0,100.0,101.0,101.16000000000003,102.0,103.0,104.0,104.12,106.0,107.0,107.0,108.0,109.0,109.0,110.0,110.04000000000002,111.0,111.0,112.0,113.0,114.0,114.0,115.0,115.0,116.0,116.0,116.0,117.0,118.0,119.0,119.0,120.0,120.0,121.0,122.0,122.0,123.0,124.0,124.0,124.79999999999995,125.0,126.0,127.0,127.0,128.0,129.0,129.0,130.0,130.96000000000004,131.0,132.0,133.0,133.0,134.0,135.0,136.0,136.0,137.0,137.36,138.0,139.0,140.0,141.0,142.0,144.0,145.0,146.0,149.0,150.76,160.0,116.0,1000.4235294163227,1000.6823529601097,1000.933333337307,2000.3058823645115,2000.447058826685,2000.556862771511,2000.6470588445663,2000.7215686440468,2000.8039215803146,3001.0,183.11119079589844,190.70419311523438,195.45584106445312,199.22157287597656,202.49685668945312,205.5469970703125,208.68345642089844,212.23681640625,217.3817596435547,346.7763977050781,228.36133,0.0,test_data/Useful/Validation/Three eight at 1ft/IMG-20240918-WA0063.jpg,1902.0,279.0,26.15312221233145
9,29.96,44.480000000000004,49.0,53.0,60.2,62.44,64.68,68.84,71.0,73.4,75.0,77.0,80.0,81.0,83.6,85.0,87.0,88.0,89.0,90.0,91.0,93.0,94.0,95.0,96.0,97.0,97.0,98.0,99.0,100.0,100.0,101.68,102.0,103.0,103.39999999999998,104.0,105.0,106.0,106.0,107.0,108.0,109.0,110.0,111.0,111.0,111.0,113.0,113.0,114.0,115.0,115.0,116.0,116.0,117.0,118.0,119.0,119.67999999999995,120.0,121.0,121.0,121.0,122.0,122.12,124.0,124.0,125.0,126.0,126.0,126.0,127.0,127.0,128.0,129.0,129.0,130.0,131.0,131.0,132.0,132.0,133.0,133.0,134.0,134.0,135.0,135.0,136.0,137.0,138.0,139.0,139.0,140.0,140.08000000000004,141.0,142.0,143.0,144.0,146.0,147.0,151.0,159.0,126.0,1000.3764705955982,1000.611764729023,1000.7882353067398,2000.1960784345865,2000.392156869173,2000.517647087574,2000.623529434204,2000.705882370472,2000.7921568751335,3001.0,182.9334503173828,190.5393310546875,195.39547882080078,199.1706085205078,202.42160034179688,205.51593017578125,208.65634155273438,212.19998168945312,217.42469787597656,346.7692565917969,228.32344,0.0,test_data/Useful/Validation/Three eight at 1ft/IMG-20240918-WA0064.jpg,1818.0,274.0,26.017563296915416
10,37.480000000000004,44.0,48.72,51.92,59.400000000000006,64.0,65.68,69.0,71.0,72.4,74.64,78.0,79.0,80.0,81.6,83.0,84.0,84.32,86.0,88.0,90.0,91.0,92.0,94.0,94.0,95.0,96.0,97.0,97.0,99.0,100.0,101.0,102.0,102.0,102.0,103.0,104.0,105.0,106.0,107.0,107.0,108.0,109.0,109.0,110.0,111.0,112.0,113.0,113.0,114.0,115.0,115.0,116.0,116.0,117.0,117.0,117.67999999999995,118.0,119.0,119.0,119.0,120.0,120.0,121.0,122.0,122.0,123.0,123.32000000000005,124.0,125.0,125.0,126.0,126.0,127.0,127.0,128.0,128.0,129.0,130.0,130.20000000000005,131.0,132.0,133.0,134.0,134.0,135.0,135.0,136.12,137.0,138.0,139.0,140.0,142.0,143.0,144.0,145.0,148.27999999999997,150.51999999999998,154.76,169.0,102.0,1000.5921568870544,1001.0,2000.2941176593304,2000.4274509847164,2000.5333333611488,2000.6196078658104,2000.6901960968971,2000.7568627595901,2000.8313725590706,3001.0,183.1636962890625,190.776123046875,195.54136657714844,199.25028076171876,202.43782806396484,205.4894256591797,208.58497619628906,212.16458129882812,217.32199096679688,346.5469970703125,230.98549,0.0,test_data/Useful/Validation/Three eight at 1ft/IMG-20240918-WA0065.jpg,1838.0,317.0,30.379012918762356
11,29.48,39.480000000000004,45.72,51.96,57.0,59.0,64.68,67.92,70.0,72.0,73.0,75.88,77.12,78.0,79.0,80.84,83.0,83.32,85.0,86.0,87.03999999999999,89.0,91.0,92.0,93.0,94.0,95.0,95.0,96.95999999999998,98.0,99.0,100.0,101.0,101.16000000000003,103.0,103.0,104.0,105.0,106.0,107.0,108.0,108.0,109.0,109.0,110.0,111.0,112.0,112.0,113.0,114.0,114.0,115.0,115.0,115.0,116.0,117.0,117.0,118.0,118.0,119.0,119.0,120.0,121.0,121.0,122.0,123.0,124.0,125.0,125.0,126.0,126.0,127.0,127.0,128.0,129.0,129.0,130.0,131.0,132.0,133.0,133.0,134.0,134.0,135.0,136.0,137.0,138.0,138.12,140.0,140.0,141.0,142.0,143.0,144.0,146.0,147.0,150.0,152.0,153.76,164.0,115.0,1000.5098039507866,1000.8235294222832,2000.2470588237047,2000.4000000059605,2000.5098039507866,2000.6000000238419,2000.6745098233223,2000.7411764860153,2000.8156862854958,3001.0,183.00997924804688,190.7377471923828,195.52488708496094,199.2316436767578,202.4439239501953,205.483203125,208.61788940429688,212.18017578125,217.41319274902344,346.7672119140625,228.49556,0.0,test_data/Useful/Validation/Three eight at 1ft/IMG-20240918-WA0066.jpg,1839.0,271.0,32.58658114636261
12,39.0,47.96,51.72,55.0,57.0,58.44,62.68000000000001,65.0,66.0,67.4,71.0,72.88,75.0,77.36000000000001,79.6,80.84,82.0,83.0,85.0,87.0,88.0,89.0,89.0,90.0,92.0,92.0,93.0,94.0,95.0,96.0,97.0,98.0,98.92000000000002,100.0,101.0,102.0,103.0,104.0,105.0,106.0,107.0,108.0,108.32,109.0,110.0,110.0,111.0,112.0,112.0,113.0,113.0,114.0,115.0,115.0,116.0,116.44000000000005,117.0,118.0,118.0,119.0,119.0,120.0,120.0,121.0,121.0,122.0,122.0,123.0,124.0,124.0,125.0,125.27999999999997,126.0,126.0,127.0,127.0,128.0,129.0,130.0,131.0,132.0,132.0,133.0,134.0,134.39999999999998,135.0,136.0,137.0,138.0,138.60000000000002,139.0,140.0,142.0,143.0,145.0,146.0,148.0,149.51999999999998,154.0,160.0,112.0,1000.5686274766922,1000.9607843160629,2000.2823529541492,2000.4156862795353,2000.5215686559677,2000.6078431606293,2000.678431391716,2000.745098054409,2000.8196078538895,3001.0,183.16957092285156,190.76002502441406,195.53031005859376,199.27994384765626,202.52377319335938,205.60504150390625,208.6727752685547,212.21188354492188,217.3992156982422,346.734130859375,228.51733,0.0,test_data/Useful/Validation/Three eight at 1ft/IMG-20240918-WA0067.jpg,1880.0,257.0,32.09021089172924
13,31.48,42.0,46.72,50.0,55.2,56.44,60.68000000000001,66.84,69.0,71.0,73.64,75.0,77.0,78.36000000000001,82.0,86.0,87.0,89.0,90.0,91.80000000000001,92.03999999999999,93.0,95.0,96.0,97.0,98.0,99.0,100.0,100.0,101.0,102.0,103.0,104.0,104.0,105.0,105.0,106.0,107.0,107.0,108.0,108.0,109.0,110.32,111.0,112.0,112.0,113.0,113.0,114.0,115.0,115.0,116.0,116.0,117.0,117.0,118.0,119.0,119.0,120.0,121.0,121.0,121.0,122.12,123.0,124.0,124.0,124.0,125.0,126.0,126.0,128.0,129.0,129.0,129.0,130.0,131.0,132.0,132.0,132.0,133.0,133.0,134.0,134.0,135.0,136.0,137.0,137.0,138.0,138.0,139.0,140.0,141.0,141.32000000000005,143.0,144.0,148.0,150.0,154.51999999999998,156.0,166.0,124.0,1000.5137255191803,1000.8313725590706,2000.2470588237047,2000.4000000059605,2000.5058823823929,2000.6000000238419,2000.6745098233223,2000.7411764860153,2000.8156862854958,3001.0,182.93602142333984,190.55892944335938,195.4007110595703,199.16885375976562,202.42959594726562,205.49635314941406,208.59571838378906,212.12173461914062,217.29026794433594,346.7081298828125,229.38828,0.0,test_data/Useful/Validation/Three eight at 1ft/IMG-20240918-WA0068.jpg,1738.0,226.0,28.996304445313893
14,33.0,39.0,45.72,55.0,58.60000000000001,62.0,63.68000000000001,65.0,67.0,68.0,69.64,73.0,75.0,76.0,77.0,80.0,82.0,84.32,86.0,87.0,88.0,88.28,90.52000000000001,91.75999999999999,94.0,94.24000000000001,96.0,97.0,98.0,100.0,101.0,101.0,102.0,104.0,104.39999999999998,105.0,105.88,106.0,107.0,107.0,108.0,109.0,109.0,110.0,111.0,111.0,112.0,112.0,113.0,114.0,115.0,115.0,116.0,116.0,116.0,117.0,118.0,118.0,119.0,119.0,120.0,120.0,121.0,121.0,121.60000000000002,122.0,123.0,124.0,124.0,125.0,125.0,126.0,126.51999999999998,127.0,128.0,129.0,129.48000000000002,130.0,131.0,131.0,132.0,133.0,134.0,134.0,135.0,135.0,136.0,137.0,138.0,139.0,140.0,141.0,142.0,143.55999999999995,145.0,147.0,148.0,151.0,154.0,158.0,116.0,1000.5568627715111,1000.8823529481888,2000.2745098173618,2000.4156862795353,2000.5215686559677,2000.6078431606293,2000.678431391716,2000.745098054409,2000.8235294222832,3001.0,183.4231201171875,190.87689208984375,195.68829345703125,199.40494689941406,202.58819580078125,205.60414123535156,208.72293243408203,212.2870849609375,217.39798736572266,346.8074035644531,229.4733,0.0,test_data/Useful/Validation/Three eight at 1ft/IMG-20240918-WA0069.jpg,1866.0,258.0,27.0074218071434
15,40.0,46.400000000000006,53.0,55.96,58.0,60.879999999999995,64.0,66.92,69.0,72.0,74.0,75.0,78.12,81.36000000000001,82.6,85.0,86.0,88.0,89.0,90.80000000000001,92.0,93.28,94.0,95.0,96.0,97.0,98.0,98.72000000000003,99.0,100.0,100.44,101.68,102.0,103.0,103.0,104.0,105.88,106.0,107.0,107.0,108.0,109.0,109.0,110.0,111.0,112.0,112.0,113.0,114.0,114.0,115.0,115.0,116.0,116.96000000000004,117.0,118.0,118.0,118.91999999999996,119.0,120.0,120.63999999999999,122.0,122.0,123.0,123.60000000000002,124.0,125.0,125.0,126.0,126.0,127.0,127.27999999999997,128.0,129.0,130.0,130.0,131.0,131.0,131.0,132.0,133.0,133.67999999999995,135.0,135.0,136.39999999999998,137.0,137.88,139.0,139.0,140.0,141.0,142.0,142.32000000000005,144.0,145.0,146.0,148.0,150.0,151.76,157.0,131.0,1000.5333333611488,1000.839215695858,2000.2549019753933,2000.4039215743542,2000.5098039507866,2000.6000000238419,2000.6745098233223,2000.7411764860153,2000.8196078538895,3001.0,182.98724365234375,190.67803955078125,195.53005981445312,199.3299530029297,202.5706024169922,205.62075500488282,208.73208618164062,212.26007080078125,217.45352172851562,346.80389404296875,228.2941,0.0,test_data/Useful/Validation/Three eight at 1ft/IMG-20240918-WA0070.jpg,1805.0,260.0,34.79672488168404
16,21.44,34.0,40.44,42.96,55.0,60.44,65.0,67.0,69.0,71.0,73.64,76.0,78.12,79.0,80.0,82.0,84.0,84.32,86.56,88.0,89.0,90.0,90.0,92.0,93.0,95.0,96.0,97.0,99.0,100.0,100.0,101.0,102.0,103.0,104.0,105.0,106.0,107.0,107.0,108.0,108.0,109.0,110.0,111.0,111.0,111.0,112.0,113.0,113.0,114.0,115.0,115.48000000000002,116.0,117.0,117.0,118.0,118.0,119.0,119.15999999999997,120.0,120.0,121.0,122.0,122.0,123.0,123.0,124.0,125.0,125.0,126.0,126.03999999999996,127.0,128.0,128.0,129.0,130.0,131.0,132.0,133.0,133.0,134.0,134.67999999999995,135.91999999999996,136.15999999999997,137.0,138.0,139.0,139.0,140.0,140.0,141.0,142.0,143.0,143.0,144.0,145.0,146.0,147.51999999999998,148.76,164.0,111.0,1000.4745098054409,1000.7647058963776,2000.1960784345865,2000.3686274588108,2000.4823529422283,2000.5803921818733,2000.6588235497475,2000.7294117808342,2000.8078431487083,3001.0,183.06036376953125,190.62298583984375,195.42379760742188,199.15054321289062,202.42138671875,205.4725799560547,208.5949462890625,212.2007263183594,217.36488342285156,346.7773742675781,229.8062,0.0,test_data/Useful/Validation/Three eight at 1ft/IMG-20240918-WA0071.jpg,1836.0,252.0,39.94222603653624
17,38.0,47.480000000000004,53.44,59.92,61.2,64.44,67.0,69.0,71.0,73.0,75.0,77.0,78.0,79.36000000000001,81.0,83.0,84.0,85.0,86.0,87.0,88.0,90.0,91.52000000000001,93.0,94.0,95.0,96.0,96.72000000000003,98.0,100.0,100.0,101.0,102.0,103.0,104.0,105.0,106.0,107.0,108.0,109.0,109.0,110.0,110.0,110.0,111.0,112.0,112.0,113.0,113.75999999999999,114.0,115.0,115.0,116.0,116.0,117.0,118.0,118.0,119.0,119.0,120.0,120.0,121.0,121.0,122.0,123.0,124.0,124.08000000000004,125.0,125.0,126.0,127.0,128.0,129.0,129.0,130.0,131.0,131.0,132.0,132.0,133.0,134.0,135.0,135.0,136.0,137.0,137.0,139.0,139.0,140.0,141.0,141.0,143.0,144.0,145.0,146.0,148.0,149.0,151.51999999999998,153.76,169.0,110.0,1000.5764706134796,1000.9882352948189,2000.2901960909367,2000.4235294163227,2000.5254902243614,2000.611764729023,2000.6823529601097,2000.7490196228027,2000.8235294222832,3001.0,183.26123046875,190.7255096435547,195.56585388183595,199.29772338867187,202.54379272460938,205.5897674560547,208.67987060546875,212.24595642089844,217.39468383789062,346.7514343261719,230.579,0.0,test_data/Useful/Validation/Three eight at 1ft/IMG-20240918-WA0072.jpg,1789.0,269.0,32.963311383106124
18,36.0,44.400000000000006,49.0,51.96,56.2,62.44,64.0,66.0,68.16,69.4,70.64,72.88,74.0,76.0,77.0,77.84,80.08000000000001,82.32,83.0,85.0,86.0,87.0,88.0,88.0,91.0,91.24000000000001,93.0,94.72000000000003,96.0,97.0,98.0,100.0,101.0,102.0,102.39999999999998,103.0,104.0,104.12,105.36000000000001,107.0,107.0,108.0,108.0,109.0,109.0,109.04000000000002,111.0,112.0,112.0,113.0,114.0,115.0,115.0,116.0,117.0,117.0,118.0,118.0,118.0,119.0,120.0,120.88,121.0,121.36000000000001,122.0,123.0,124.0,124.0,125.0,126.0,127.0,127.0,128.0,128.76,129.0,130.0,130.0,131.0,131.0,132.0,132.0,133.0,134.0,134.0,135.0,136.0,137.0,137.0,138.0,139.0,139.0,140.08000000000004,141.0,142.0,143.0,144.03999999999996,146.0,148.0,150.76,158.0,109.0,1000.6156862974167,2000.058823529631,2000.3019607961178,2000.4313725531101,2000.5294117927551,2000.6156862974167,2000.6823529601097,2000.7490196228027,2000.8235294222832,3001.0,182.9397430419922,190.61620483398437,195.4129440307617,199.17230224609375,202.39706420898438,205.48377990722656,208.59510803222656,212.20425415039062,217.4573974609375,346.7054443359375,230.32668,0.0,test_data/Useful/Validation/Three eight at 1ft/IMG-20240918-WA0073.jpg,1874.0,296.0,30.371598772481658
19,39.0,42.480000000000004,49.44,55.0,61.2,65.44,67.0,69.92,72.0,74.0,75.64,78.0,79.0,80.0,81.6,82.0,84.0,85.0,86.0,87.0,88.0,89.0,91.0,91.75999999999999,93.0,94.24000000000001,95.0,96.0,97.0,98.0,98.44,100.0,100.0,101.16000000000003,102.0,103.0,103.0,104.0,105.0,105.60000000000002,106.0,106.0,107.0,108.0,110.0,111.0,111.27999999999997,112.51999999999998,113.0,114.0,115.0,115.48000000000002,116.0,116.96000000000004,117.0,117.0,118.0,119.0,119.0,120.0,120.0,120.88,121.0,122.0,122.0,123.0,124.0,124.32000000000005,125.0,125.79999999999995,126.0,126.27999999999997,127.0,128.0,128.0,129.0,129.0,129.72000000000003,130.0,131.0,131.44000000000005,132.0,133.0,134.0,134.0,135.0,136.0,137.0,137.0,138.0,139.0,139.08000000000004,141.0,143.0,144.79999999999995,147.0,148.0,149.0,153.51999999999998,161.0,117.0,1000.419607847929,1000.678431391716,1000.9450980424881,2000.298039227724,2000.4392156898975,2000.5490196347237,2000.639215707779,2000.717647075653,2000.7960784435272,3001.0,183.0700668334961,190.6634307861328,195.435986328125,199.15550842285157,202.43157958984375,205.4864990234375,208.6164138793945,212.19485473632812,217.34962463378906,346.75408935546875,226.70984,0.0,test_data/Useful/Validation/Three eight at 1ft/IMG-20240918-WA0074.jpg,1820.0,264.0,32.228356178867685
20,34.24,42.88,50.72,58.84,63.0,66.44,69.68,71.0,73.0,77.0,78.0,80.0,82.0,84.0,85.0,87.0,89.0,89.0,90.0,92.0,93.0,94.0,95.0,96.0,98.0,99.0,100.0,101.0,101.95999999999998,103.0,103.0,104.0,105.0,106.0,107.0,107.63999999999999,109.0,109.12,110.0,111.0,111.0,112.0,113.0,113.0,113.80000000000001,114.0,114.0,115.0,116.0,116.0,117.0,117.48000000000002,118.0,119.0,120.0,120.0,121.0,121.0,122.0,123.0,123.0,123.0,124.0,124.0,125.0,125.0,126.0,126.0,127.0,127.79999999999995,129.0,130.0,130.0,131.0,131.0,132.0,133.0,133.72000000000003,134.0,134.20000000000005,136.0,136.0,137.0,138.0,138.0,139.0,140.0,140.12,141.0,142.60000000000002,143.84000000000003,144.0,145.0,147.0,149.0,149.03999999999996,150.27999999999997,153.0,154.0,159.0,113.0,1000.2941176593304,1000.4745098054409,1000.5960784554482,1000.6941176652908,2000.0117647061124,2000.32549020648,2000.4941176474094,2000.6039215922356,2000.6901960968971,3000.945098042488,181.96523895263672,189.5829864501953,194.46734619140625,198.22042846679688,201.46233367919922,204.5283203125,207.69452209472655,211.2596435546875,216.65945434570312,347.34771728515625,230.24489,0.0,test_data/Useful/Validation/Three eight at 1ft/WhatsApp Image 2024-08-23 at 10.35.39.jpeg,1705.0,252.0,28.818132447836234
21,42.0,50.96,59.16,62.0,66.2,68.44,72.0,73.0,74.16,77.0,79.0,81.0,83.0,84.0,87.19999999999999,88.0,89.0,90.32,92.0,94.0,95.0,96.0,97.0,98.0,98.0,100.0,101.0,102.0,102.95999999999998,103.19999999999999,104.0,105.68,106.0,107.0,108.0,109.0,110.0,110.0,111.0,112.0,112.0,113.0,113.32,114.0,115.0,115.04000000000002,116.0,116.51999999999998,117.0,117.0,118.0,118.0,119.0,119.96000000000004,120.0,121.0,121.0,121.91999999999996,122.15999999999997,123.0,123.0,124.0,125.0,126.0,126.0,126.84000000000003,127.0,128.0,128.0,129.0,130.0,130.0,130.51999999999998,131.76,132.0,133.0,133.0,133.0,134.0,135.0,135.0,136.67999999999995,137.0,137.0,138.0,138.0,139.0,139.12,142.0,142.0,143.84000000000003,145.0,145.0,147.0,148.0,149.0,150.0,153.0,156.51999999999998,169.0,117.0,1000.2705882489681,1000.4352941215038,1000.5529412031174,1000.6392157077789,1000.7254902124405,2000.0823529437184,2000.3882353007793,2000.556862771511,2000.6705882549286,3000.9686274528503,181.97669982910156,189.64447021484375,194.44125366210938,198.205078125,201.43695068359375,204.50582885742188,207.67193603515625,211.30982971191406,216.66543579101562,347.2815246582031,229.6161,0.0,test_data/Useful/Validation/Three eight at 1ft/WhatsApp Image 2024-08-23 at 10.36.26.jpeg,1648.0,217.0,30.444347453307287
22,36.2,44.0,50.0,59.96,65.0,67.88,71.68,75.92,77.0,78.0,80.64,83.0,83.12,84.36000000000001,87.0,88.84,90.0,92.0,92.0,94.80000000000001,96.0,98.0,99.0,100.0,101.0,102.0,102.0,103.0,104.0,105.0,105.0,106.0,108.0,108.0,109.0,110.0,110.0,111.0,111.0,112.0,112.0,112.0,113.0,114.0,114.0,114.04000000000002,115.0,115.0,116.0,116.0,116.0,117.0,118.0,118.0,119.0,120.0,120.0,121.0,122.0,122.0,123.0,123.0,123.0,124.0,125.0,125.0,126.0,126.0,127.0,127.0,128.0,129.0,130.0,130.0,130.0,131.0,132.0,132.0,133.0,134.0,134.0,135.0,136.0,136.15999999999997,137.0,137.0,138.0,139.0,140.0,140.0,141.0,143.0,144.0,145.0,146.0,148.0,149.27999999999997,153.51999999999998,154.0,159.0,116.0,1000.2666666805744,1000.4431372582912,1000.5647059082985,1000.65098041296,1000.7372549176216,2000.0549019612372,2000.3960784375668,2000.572549045086,2000.6862745285034,3000.984313726425,182.45643463134766,189.98390197753906,194.82077026367188,198.48165893554688,201.80357360839844,204.86463928222656,208.0194854736328,211.5802001953125,216.9087371826172,347.2774963378906,230.0833,0.0,test_data/Useful/Validation/Three eight at 1ft/WhatsApp Image 2024-08-23 at 10.37.26.jpeg,1736.0,210.0,28.763296641607973
23,43.72,52.480000000000004,55.72,60.0,62.2,68.0,70.68,73.0,74.0,76.0,77.64,80.0,80.12,83.0,84.0,85.0,87.0,89.0,90.0,91.0,93.0,94.0,95.52000000000001,96.75999999999999,97.0,98.0,99.0,100.0,101.0,102.0,103.0,104.0,104.0,104.16000000000003,105.39999999999998,106.63999999999999,107.0,108.0,109.0,110.0,110.0,111.07999999999998,112.0,113.0,113.0,114.0,114.27999999999997,115.0,115.75999999999999,116.0,117.0,117.0,117.72000000000003,118.0,119.0,119.0,120.0,120.0,121.0,122.0,122.0,123.0,123.12,124.0,124.0,125.0,126.0,126.0,127.0,128.0,129.0,129.0,130.0,130.0,130.0,131.0,131.0,131.72000000000003,132.0,132.20000000000005,134.0,134.0,135.0,136.0,137.0,138.0,139.0,140.0,141.0,142.0,142.84000000000003,143.08000000000004,145.0,145.0,146.0,147.03999999999996,148.27999999999997,150.0,152.0,164.0,130.0,1000.286274522543,1000.4588235318661,1000.5803921818733,1000.6666666865349,1000.7803921699524,2000.2392156869173,2000.4549019634724,2000.5882353186607,2000.6862745285034,3001.0,181.96359252929688,189.65255737304688,194.46514892578125,198.2157745361328,201.45095825195312,204.5059051513672,207.69750366210937,211.37713623046875,216.75218200683594,347.2895812988281,229.18399,0.0,test_data/Useful/Validation/Three eight at 1ft/WhatsApp Image 2024-08-23 at 10.37.48.jpeg,1782.0,235.0,29.517854816967358
24,52.24,59.96,64.0,67.0,70.0,74.0,75.0,77.0,80.0,81.4,82.64,83.88,84.12,86.0,88.0,89.0,90.0,91.0,93.0,95.0,96.0,96.0,98.0,99.0,100.0,100.0,101.48000000000002,103.0,103.0,104.0,104.0,105.0,105.92000000000002,106.0,108.0,108.63999999999999,109.0,110.0,110.36000000000001,111.0,111.0,112.0,112.32,113.0,114.0,115.0,115.0,116.0,116.0,117.0,118.0,118.48000000000002,119.0,120.0,121.0,121.0,122.0,123.0,123.0,123.0,124.0,124.0,125.0,125.0,126.0,126.0,127.0,128.0,128.0,129.79999999999995,130.0,131.0,131.0,131.0,132.0,133.0,134.0,134.0,134.96000000000004,136.0,136.0,137.0,138.0,139.0,139.0,140.0,140.0,141.0,142.0,143.0,143.0,144.0,145.32000000000005,146.55999999999995,147.79999999999995,149.0,150.0,152.0,153.0,159.0,131.0,1000.2705882489681,1000.4431372582912,1000.5607843399048,1000.6470588445663,1000.7411764860153,2000.1529411822557,2000.4235294163227,2000.5764706134796,2000.6823529601097,3001.0,181.97844543457032,189.72214965820314,194.56937408447266,198.27110290527344,201.57411193847656,204.63064575195312,207.74520874023438,211.34519958496094,216.65545654296875,347.32427978515625,229.64697,0.0,test_data/Useful/Validation/Three eight at 1ft/WhatsApp Image 2024-08-23 at 10.37.57.jpeg,1652.0,242.0,30.418594424296558
25,42.96,51.96,58.0,62.92,65.0,67.0,71.0,73.0,76.0,78.0,81.0,82.0,83.12,85.0,85.0,86.0,88.0,89.32,91.0,93.0,95.03999999999999,96.0,97.0,98.0,99.0,100.0,101.0,102.0,103.0,104.0,104.0,105.0,105.0,106.0,106.0,107.0,108.0,108.12,109.36000000000001,110.0,111.0,111.0,111.0,112.0,113.0,114.0,114.0,115.0,115.0,116.0,117.0,118.0,118.0,119.0,119.0,120.0,120.67999999999995,121.0,122.0,122.0,122.0,123.0,123.0,124.36000000000001,125.0,125.0,126.0,127.0,128.0,128.0,129.0,129.27999999999997,130.0,131.0,132.0,132.24,133.0,134.0,135.0,135.0,136.0,136.0,137.0,137.15999999999997,138.0,139.0,140.0,141.0,142.0,142.0,143.0,143.0,144.0,145.0,146.0,149.03999999999996,150.27999999999997,151.0,153.0,168.0,111.0,1000.2627451121807,1000.4352941215038,1000.5568627715111,1000.6470588445663,1000.7411764860153,2000.1333333402872,2000.4156862795353,2000.5764706134796,2000.6823529601097,3001.0,182.12692260742188,189.83528747558594,194.62530364990235,198.33746948242188,201.58855438232422,204.6560089111328,207.83143920898436,211.4580535888672,216.749267578125,347.3208923339844,229.74603,0.0,test_data/Useful/Validation/Three eight at 1ft/WhatsApp Image 2024-08-23 at 10.38.22.jpeg,1723.0,231.0,30.85640810599372
26,42.0,50.480000000000004,57.44,63.96,66.0,70.44,74.0,76.0,78.16,80.0,80.64,81.0,83.0,83.36000000000001,86.0,87.84,89.08000000000001,90.0,91.0,93.0,93.03999999999999,94.0,95.52000000000001,97.0,98.0,100.0,100.48000000000002,102.0,102.0,103.0,104.0,104.0,105.0,106.0,107.0,108.0,108.88,109.0,110.0,110.0,111.0,111.0,112.0,113.0,114.0,114.04000000000002,115.0,115.0,116.0,116.0,117.0,118.0,118.0,119.0,119.20000000000005,120.0,121.0,122.0,122.15999999999997,123.0,123.0,124.0,124.12,125.0,125.0,126.0,126.0,127.0,128.0,128.0,128.0,129.0,130.0,130.0,131.0,131.0,132.0,132.72000000000003,133.0,134.0,134.0,135.0,135.0,136.0,136.0,137.0,138.0,139.0,140.0,140.0,141.84000000000003,142.0,143.32000000000005,144.0,145.0,146.0,148.27999999999997,152.03999999999996,155.51999999999998,164.0,128.0,1000.2901960909367,1000.4666666686535,1000.5803921818733,1000.6705882549286,1000.8000000119209,2000.2549019753933,2000.458823531866,2000.5882353186607,2000.6823529601097,3001.0,181.7949996948242,189.38990478515626,194.25091552734375,198.01583862304688,201.3385772705078,204.44744873046875,207.61514282226562,211.25234985351562,216.6077423095703,347.2710876464844,229.75343,0.0,test_data/Useful/Validation/Three eight at 1ft/WhatsApp Image 2024-08-23 at 10.42.05.jpeg,1648.0,233.0,29.156214022177352
27,48.0,50.96,55.0,57.0,61.2,66.44,70.68,74.92,78.16,81.0,82.0,84.0,85.12,87.0,88.0,89.0,90.0,91.32,93.0,94.0,95.03999999999999,96.28,99.0,100.0,100.0,101.24000000000001,102.48000000000002,104.0,104.0,105.0,105.0,106.0,107.0,108.0,108.39999999999998,109.0,109.0,110.0,111.0,111.0,112.0,113.07999999999998,114.0,115.0,115.0,116.0,116.0,117.0,117.0,118.0,118.0,118.48000000000002,119.0,120.0,120.0,121.0,121.0,122.0,123.0,124.0,124.0,125.0,125.0,126.0,126.0,126.84000000000003,127.0,128.0,128.0,129.0,129.0,129.0,130.0,130.0,131.0,131.0,132.0,132.0,133.0,134.0,135.0,135.0,136.0,137.0,137.0,139.0,139.88,140.0,141.0,142.0,143.0,144.0,145.0,146.0,147.79999999999995,149.0,151.0,152.0,154.0,160.0,118.0,1000.2705882489681,1000.447058826685,1000.5647059082985,1000.6549019813538,1000.7411764860153,2000.0470588244498,2000.4039215743542,2000.5803921818733,2000.6941176652908,3000.984313726425,182.59909057617188,190.13522338867188,194.90185546875,198.63992309570312,201.92138671875,204.97616577148438,208.09121704101562,211.6801300048828,216.88726806640625,347.29071044921875,228.84834,0.0,test_data/Useful/Validation/Three eight at 1ft/WhatsApp Image 2024-08-23 at 10.42.50.jpeg,1714.0,207.0,35.132721948231314
28,44.24,55.96,62.72,67.96000000000001,69.4,72.0,74.0,75.92,78.0,80.0,83.0,84.0,85.12,87.0,90.0,91.0,92.0,93.0,94.0,94.0,95.0,95.28,96.0,97.0,98.0,99.0,99.0,100.0,101.0,101.19999999999999,102.0,103.0,104.0,104.0,105.0,106.0,107.0,107.0,108.0,108.60000000000002,109.0,110.0,111.0,111.0,112.0,114.0,114.27999999999997,115.0,115.75999999999999,116.0,117.0,117.0,117.0,118.0,119.0,119.0,120.0,121.0,122.0,123.0,124.0,125.0,125.0,126.0,126.0,127.0,127.0,128.0,128.0,129.0,130.0,130.0,131.0,131.0,132.0,132.0,133.0,134.0,134.0,135.0,135.0,136.0,137.0,137.0,138.0,138.64,140.0,140.0,141.0,142.0,143.0,144.0,145.0,146.0,148.0,149.0,150.27999999999997,153.0,156.0,160.0,117.0,1000.2941176593304,1000.4745098054409,1000.5921568870544,1000.6862745285034,1000.8313725590706,2000.2901960909367,2000.4823529422283,2000.6039215922356,2000.6980392336845,3001.0,182.16702423095703,189.82445678710937,194.6516342163086,198.39427795410157,201.62391662597656,204.69805908203125,207.85690307617188,211.5279541015625,216.76795959472656,347.3600769042969,229.9721,0.0,test_data/Useful/Validation/Three eight at 1ft/WhatsApp Image 2024-08-23 at 10.42.58.jpeg,1703.0,244.0,29.550700083069643
29,34.24,39.480000000000004,50.0,54.92,59.2,62.0,64.0,67.0,69.16,71.0,75.0,76.0,79.12,82.0,84.0,86.84,88.0,89.32,91.0,92.0,93.03999999999999,94.28,96.0,97.0,98.0,99.0,100.0,101.0,101.95999999999998,102.19999999999999,104.0,104.0,105.92000000000002,106.0,106.39999999999998,107.0,107.88,108.12,109.0,109.0,110.0,111.0,111.0,112.0,112.80000000000001,113.04000000000002,114.0,115.0,115.75999999999999,117.0,117.0,118.0,119.0,120.96000000000004,121.20000000000005,122.0,122.0,123.0,123.0,124.0,124.63999999999999,125.0,126.0,127.0,127.60000000000002,128.0,129.0,129.0,130.0,130.0,130.03999999999996,131.0,132.0,132.0,133.0,133.24,134.0,135.0,135.96000000000004,136.0,137.0,137.0,138.0,138.0,139.0,139.64,140.88,141.0,142.0,143.0,143.0,144.08000000000004,145.0,147.0,148.0,149.03999999999996,151.0,153.0,156.76,163.0,123.0,1000.286274522543,1000.4627451002598,1000.584313750267,1000.6745098233223,1000.7843137383461,2000.215686276555,2000.458823531866,2000.6000000238419,2000.6980392336845,3000.984313726425,182.1826141357422,189.93201293945313,194.72537231445312,198.5049591064453,201.7259521484375,204.8058319091797,207.9573211669922,211.5994873046875,216.93450927734375,347.2967834472656,227.91017,0.0,test_data/Useful/Validation/Three eight at 1ft/WhatsApp Image 2024-08-23 at 10.43.04.jpeg,1676.0,245.0,32.070920154353146
30,35.24,45.480000000000004,49.72,55.96,62.2,65.88,69.68,72.92,74.0,76.0,78.0,79.0,80.12,82.0,83.0,84.0,86.0,88.0,90.0,91.0,94.0,95.0,96.0,97.0,99.0,100.0,101.0,102.0,103.0,104.0,104.44,106.0,107.0,108.0,109.0,109.63999999999999,110.0,111.0,111.36000000000001,112.0,113.0,114.0,115.0,115.0,115.0,116.0,117.0,117.0,118.0,119.0,119.0,120.0,120.0,121.0,121.0,122.0,122.0,122.0,123.0,123.0,124.0,124.0,124.0,125.0,126.0,126.0,126.0,127.0,128.0,128.0,129.0,130.0,130.0,131.0,131.0,132.0,133.0,134.0,135.0,135.0,136.0,136.0,137.0,137.0,138.0,138.64,140.0,141.0,141.0,142.0,143.0,143.0,144.0,146.0,147.79999999999995,148.03999999999996,149.27999999999997,152.0,153.76,165.0,126.0,1000.2705882489681,1000.4431372582912,1000.5647059082985,1000.65098041296,1000.7568627595901,2000.1843137294054,2000.4352941215038,2000.5803921818733,2000.6823529601097,3000.9803921580315,181.80398559570312,189.52294921875,194.36773529052735,198.15140380859376,201.43775939941406,204.5209197998047,207.6322021484375,211.27099609375,216.68321228027344,347.280517578125,229.00877,0.0,test_data/Useful/Validation/Three eight at 1ft/WhatsApp Image 2024-08-23 at 10.43.10.jpeg,1666.0,217.0,33.28562853707929
31,37.96,47.480000000000004,57.44,63.92,67.0,70.44,71.68,73.0,77.0,80.0,81.0,83.0,85.0,86.0,87.0,89.0,91.0,92.0,93.0,93.0,94.0,95.0,96.0,97.0,98.0,98.24000000000001,99.0,100.0,101.0,102.0,102.0,102.0,103.0,104.0,105.0,107.0,107.0,108.12,109.0,110.0,111.0,112.0,112.0,113.0,114.0,114.04000000000002,115.0,116.0,117.0,118.0,118.0,119.0,120.0,120.0,121.0,121.44000000000005,122.0,122.91999999999996,123.0,124.0,125.0,125.0,126.0,126.0,126.0,126.84000000000003,127.0,128.0,128.0,129.0,129.0,130.0,130.0,131.0,131.0,132.0,133.0,133.0,134.0,134.0,135.0,135.67999999999995,136.0,137.0,138.0,139.0,140.0,141.0,141.0,142.0,143.0,144.0,145.0,146.0,147.0,148.0,149.55999999999995,152.0,154.76,159.0,126.0,1000.2666666805744,1000.4392156898975,1000.5607843399048,1000.6470588445663,1000.7411764860153,2000.1176470592618,2000.4235294163227,2000.5803921818733,2000.6862745285034,3001.0,182.13839721679688,189.80921630859376,194.54019165039062,198.29742431640625,201.57086181640625,204.6731414794922,207.82241821289062,211.4190673828125,216.78512573242188,347.3202819824219,229.78894,0.0,test_data/Useful/Validation/Three eight at 1ft/WhatsApp Image 2024-08-23 at 10.43.13.jpeg,1698.0,245.0,34.01522610965132
32,45.96,51.480000000000004,56.72,63.0,68.0,70.0,71.0,74.0,77.0,79.4,82.0,84.0,85.0,86.36000000000001,88.0,89.0,90.0,91.0,93.0,94.0,95.03999999999999,96.0,97.0,98.0,99.0,100.0,101.0,101.72000000000003,103.0,104.0,105.0,106.0,107.0,107.0,107.39999999999998,108.63999999999999,109.0,110.0,110.0,111.0,112.0,113.0,114.0,114.56,115.0,116.0,116.0,117.0,117.0,118.0,119.0,119.0,120.0,120.0,121.0,122.0,122.0,123.0,123.0,124.0,124.63999999999999,125.0,126.0,127.0,127.0,127.0,128.0,128.32000000000005,129.0,130.0,131.0,131.0,132.0,132.76,133.0,134.0,135.0,135.72000000000003,136.0,137.0,137.0,138.0,138.0,139.0,140.0,140.0,141.0,142.0,143.0,144.0,145.0,146.0,147.0,147.55999999999995,150.0,152.0,153.0,155.51999999999998,158.76,165.0,107.0,1000.2705882489681,1000.4431372582912,1000.5607843399048,1000.6431372761726,1000.7333333492279,2000.0509803928435,2000.4039215743542,2000.5764706134796,2000.6862745285034,3000.972549021244,182.1698028564453,189.72803344726563,194.58291625976562,198.34829711914062,201.58775329589844,204.72443847656248,207.8990020751953,211.51544189453125,216.82388305664062,347.346923828125,229.06645,0.0,test_data/Useful/Validation/Three eight at 1ft/WhatsApp Image 2024-08-23 at 10.43.15.jpeg,1679.0,259.0,25.893054995132506
33,37.72,48.0,54.0,61.0,66.0,68.44,72.0,74.92,77.16,79.0,81.0,82.0,84.0,84.36000000000001,85.6,87.0,88.08000000000001,90.0,91.0,92.0,94.0,95.0,96.0,97.0,98.0,99.0,99.48000000000002,101.0,102.0,103.0,105.0,105.0,107.0,108.0,109.0,109.0,110.0,111.0,111.0,112.0,112.0,113.0,113.0,114.0,115.0,115.0,117.0,117.0,118.0,119.0,120.0,121.0,121.0,122.0,123.0,123.0,124.0,124.0,125.0,126.0,126.63999999999999,127.0,128.0,128.0,128.0,128.84000000000003,129.0,129.0,130.0,131.0,131.0,132.0,132.0,132.0,133.0,133.0,134.0,135.0,135.0,136.20000000000005,137.0,138.0,138.0,139.0,140.0,141.0,141.88,142.0,142.36,143.60000000000002,144.0,145.0,146.0,147.0,148.79999999999995,150.0,152.0,155.0,156.76,167.0,128.0,1000.2823529541492,1000.4588235318661,1000.5764706134796,1000.6666666865349,1000.7686274647713,2000.188235297799,2000.4509803950787,2000.5960784554482,2000.7019608020782,3001.0,182.29612426757814,189.86557312011718,194.7216827392578,198.45079345703124,201.71465301513672,204.80137634277344,207.9234375,211.51132202148438,216.82003784179688,347.27655029296875,229.55307,0.0,test_data/Useful/Validation/Three eight at 1ft/WhatsApp Image 2024-08-23 at 10.43.17.jpeg,1669.0,249.0,31.45928288255949
34,43.2,57.480000000000004,61.0,62.0,65.2,68.0,70.0,72.0,74.0,75.4,77.0,78.0,80.0,82.0,84.0,85.0,86.0,87.0,88.56,91.0,92.03999999999999,94.0,95.0,96.0,97.0,98.0,99.0,101.0,101.0,102.0,102.44,103.68,105.0,105.0,105.0,106.0,107.0,107.12,108.0,109.0,109.0,110.0,111.0,111.0,112.80000000000001,113.0,114.0,114.0,115.0,115.0,116.0,116.0,117.0,117.0,118.0,119.0,119.0,120.0,120.0,121.0,122.0,122.0,123.0,123.0,124.0,125.0,125.0,126.0,127.0,127.0,128.0,128.0,129.0,129.0,130.0,130.24,131.0,131.0,132.0,133.0,133.0,134.0,134.0,135.0,136.39999999999998,137.0,138.0,139.12,140.0,141.0,142.0,143.0,144.0,144.0,145.0,147.0,148.0,150.51999999999998,154.76,167.0,115.0,1000.2823529541492,1000.4588235318661,1000.5725490450859,1000.6549019813538,1000.7411764860153,2000.043137256056,2000.4000000059605,2000.5764706134796,2000.6862745285034,3000.9921568632126,182.1392822265625,189.85696411132812,194.69850158691406,198.51849365234375,201.81491088867188,204.8825225830078,208.017822265625,211.64715576171875,216.93060302734375,347.38507080078125,228.38606,0.0,test_data/Useful/Validation/Three eight at 1ft/WhatsApp Image 2024-08-23 at 10.43.18.jpeg,1796.0,250.0,32.26056503873656
35,31.240000000000002,43.0,49.72,54.0,57.2,59.879999999999995,64.0,67.0,70.32,73.80000000000001,77.64,80.0,82.12,83.0,84.0,86.0,87.0,88.0,89.0,90.0,91.0,92.0,93.0,94.0,95.0,96.0,98.0,98.72000000000003,99.95999999999998,101.0,102.0,103.0,103.0,104.0,105.0,106.0,106.88,107.0,108.0,108.60000000000002,109.83999999999997,111.0,111.0,112.0,113.0,113.0,115.0,115.0,116.0,116.0,117.0,117.0,118.0,118.0,119.0,119.44000000000005,121.0,121.0,122.0,123.0,123.63999999999999,124.0,125.0,125.0,125.0,126.0,127.0,127.0,128.0,129.0,129.0,129.27999999999997,130.0,130.0,131.0,132.0,133.0,134.0,135.0,135.0,136.0,136.0,137.0,137.0,138.0,139.0,139.0,140.0,140.0,141.0,141.84000000000003,144.0,145.0,145.0,147.0,148.0,149.27999999999997,151.51999999999998,155.76,160.0,129.0,1000.2901960909367,1000.4745098054409,1000.5921568870544,1000.6901960968971,1000.8745098114014,2000.3098039329052,2000.4901960790157,2000.6039215922356,2000.6941176652908,3000.988235294819,181.92218017578125,189.61282348632812,194.4285110473633,198.205078125,201.44189453125,204.5306823730469,207.70079498291017,211.33428955078125,216.6600799560547,347.2781677246094,229.22131,0.0,test_data/Useful/Validation/Three eight at 1ft/WhatsApp Image 2024-08-23 at 10.43.19 (1).jpeg,1704.0,231.0,31.09039378070167
36,35.480000000000004,44.480000000000004,51.72,57.0,61.0,62.879999999999995,66.0,69.92,72.32,77.0,78.0,79.0,81.12,83.36000000000001,84.6,85.0,86.0,89.0,90.0,91.0,92.0,93.0,94.0,94.75999999999999,96.0,97.0,98.0,98.72000000000003,99.0,101.0,102.0,103.0,104.0,105.0,105.39999999999998,106.0,107.0,109.0,109.0,110.0,111.0,111.07999999999998,112.32,113.0,113.0,114.0,114.0,115.0,115.0,116.0,117.0,117.0,117.72000000000003,119.0,120.0,120.0,120.67999999999995,121.91999999999996,122.0,123.0,123.0,124.0,124.0,124.0,125.0,125.84000000000003,126.0,127.0,128.0,128.0,129.0,129.0,130.0,130.0,131.0,131.0,132.0,132.72000000000003,133.0,133.20000000000005,134.0,135.0,135.91999999999996,137.0,139.0,139.0,140.0,141.0,141.0,142.60000000000002,144.0,145.0,145.0,146.0,148.79999999999995,150.0,151.0,153.51999999999998,156.76,161.0,124.0,1000.2784313857555,1000.4549019634724,1000.5764706134796,1000.6666666865349,1000.8000000119209,2000.2627451121807,2000.4705882370472,2000.5921568870544,2000.6862745285034,3000.9647058844566,181.89416046142577,189.58139038085938,194.44375762939453,198.18910217285156,201.42313385009766,204.5355682373047,207.6535873413086,211.25409240722655,216.70081329345703,347.31903076171875,229.37985,0.0,test_data/Useful/Validation/Three eight at 1ft/WhatsApp Image 2024-08-23 at 10.43.19 (2).jpeg,1692.0,220.0,29.055868557174257
37,43.480000000000004,53.480000000000004,59.879999999999995,66.0,71.2,73.0,74.0,78.0,80.16,83.0,85.0,86.0,88.0,90.0,91.0,91.84,94.0,95.0,96.12,97.80000000000001,98.0,99.0,100.0,100.0,101.0,102.0,103.0,103.0,104.0,105.0,105.0,106.0,107.0,108.0,109.0,109.0,110.0,110.12,111.0,112.60000000000002,114.0,114.0,115.0,115.0,115.80000000000001,116.0,117.0,117.0,117.75999999999999,118.0,119.0,119.0,120.0,120.0,121.0,121.0,121.67999999999995,122.0,122.15999999999997,123.0,123.0,124.0,125.0,125.0,126.0,127.0,127.0,128.0,129.0,129.0,130.0,130.27999999999997,131.0,131.76,132.0,132.0,132.0,133.0,133.0,134.0,134.0,134.67999999999995,135.0,135.15999999999997,136.0,137.0,138.0,138.12,140.0,140.0,141.0,143.0,144.0,145.55999999999995,146.79999999999995,147.03999999999996,149.0,151.0,155.0,159.0,132.0,1000.2823529541492,1000.4588235318661,1000.5764706134796,1000.6627451181412,1000.7647058963776,2000.1921568661928,2000.4549019634724,2000.5921568870544,2000.6941176652908,3000.9764705896378,182.30147399902344,189.89452514648437,194.71520385742187,198.51465759277343,201.77919006347656,204.8464599609375,207.9475555419922,211.58201599121094,216.84518432617188,347.3598937988281,229.20193,0.0,test_data/Useful/Validation/Three eight at 1ft/WhatsApp Image 2024-08-23 at 10.43.19.jpeg,1728.0,263.0,34.11984350689984
38,41.480000000000004,47.480000000000004,52.72,57.0,65.2,69.0,73.0,74.0,76.16,77.4,80.64,83.0,84.0,86.36000000000001,88.0,88.84,90.0,91.0,91.0,92.0,94.0,95.0,96.0,96.75999999999999,97.0,98.0,99.0,100.0,101.0,101.0,102.44,103.0,103.0,104.0,104.0,105.63999999999999,106.0,107.0,108.0,108.0,109.0,110.0,110.0,111.0,112.0,113.0,114.0,114.0,115.0,116.0,116.24000000000001,117.0,118.0,118.96000000000004,119.0,120.0,120.0,121.0,122.0,122.39999999999998,123.0,124.0,125.0,125.0,125.0,126.0,126.0,127.0,127.0,128.0,128.0,128.0,129.0,130.0,130.0,131.0,132.0,132.0,133.96000000000004,134.0,135.0,135.0,136.0,137.0,138.0,139.0,140.0,140.0,141.0,142.0,143.0,145.0,146.0,147.0,148.0,150.0,151.27999999999997,153.51999999999998,155.76,165.0,125.0,1000.3333333432674,1000.5058823823929,1000.6549019813538,1000.7921568751335,2000.203921571374,2000.3882353007793,2000.517647087574,2000.6274510025978,2000.7294117808342,3001.0,182.27127075195312,189.7567901611328,194.59555053710938,198.31380920410157,201.60377502441406,204.66712951660156,207.84011840820312,211.39303588867188,216.67111206054688,347.14385986328125,229.70694,0.0,test_data/Useful/Validation/Three eight at 1ft/WhatsApp Image 2024-08-23 at 10.43.20 (1).jpeg,1560.0,217.0,28.126748508430243
39,44.24,51.96,58.0,60.0,63.2,66.0,71.0,74.0,75.0,76.0,78.0,80.0,83.12,85.36000000000001,86.6,88.0,89.0,90.32,92.0,92.0,93.0,94.0,95.0,97.0,98.0,99.0,100.0,100.72000000000003,101.0,102.0,103.0,103.68,104.0,105.0,106.0,107.0,107.0,108.0,108.36000000000001,109.0,110.0,111.0,111.0,111.56,112.0,113.0,114.0,114.0,115.0,115.0,116.0,117.0,118.0,119.0,119.20000000000005,120.0,120.67999999999995,121.0,122.0,122.39999999999998,123.0,124.0,124.0,125.0,125.0,126.0,126.0,127.0,127.0,128.0,129.0,130.0,130.51999999999998,131.0,131.0,132.0,132.48000000000002,133.0,133.0,134.0,134.0,134.0,135.0,136.0,136.39999999999998,137.0,138.0,139.0,140.0,141.0,142.0,143.0,144.32000000000005,146.0,147.0,149.0,151.0,153.51999999999998,156.51999999999998,163.0,134.0,1000.3176470696926,1000.4745098054409,1000.611764729023,1000.7294117808342,1000.8784313797951,2000.3019607961178,2000.4666666686535,2000.5960784554482,2000.7098039388657,3001.0,181.97463684082032,189.69674377441407,194.46403961181642,198.23818359375,201.52079010009766,204.61083984375,207.7448928833008,211.3902801513672,216.68409423828126,347.15838623046875,229.68005,0.0,test_data/Useful/Validation/Three eight at 1ft/WhatsApp Image 2024-08-23 at 10.43.20 (2).jpeg,1635.0,252.0,31.127261992356367
40,38.24,47.0,52.72,58.92,61.2,66.0,70.0,71.0,74.0,75.0,77.0,78.0,80.0,81.0,82.0,83.84,84.0,85.32,87.0,87.80000000000001,90.0,91.0,92.0,93.0,93.0,95.0,96.0,97.0,97.95999999999998,99.0,101.0,101.0,102.0,103.0,104.0,104.63999999999999,106.0,107.0,107.0,108.0,109.83999999999997,111.0,111.0,111.56,112.0,113.0,113.0,114.0,115.0,116.0,116.0,117.0,118.0,118.96000000000004,119.20000000000005,120.44000000000005,121.0,122.0,122.15999999999997,123.0,123.0,124.0,124.0,125.0,125.0,125.84000000000003,126.0,128.0,128.0,129.0,129.0,130.0,130.51999999999998,131.0,132.0,132.0,132.48000000000002,133.0,135.0,136.0,136.0,137.0,137.0,138.0,138.0,139.0,139.0,141.0,141.36,143.0,144.0,145.0,145.32000000000005,146.55999999999995,148.0,149.03999999999996,150.0,151.0,157.0,166.0,125.0,1000.2509804069996,1000.3960784375668,1000.5137255191803,1000.6156862974167,1000.7137255072594,2000.0039215688594,2000.380392163992,2000.5529412031174,2000.6705882549286,3000.984313726425,181.90664672851562,189.5649169921875,194.38726806640625,198.10122680664062,201.38134765625,204.44357299804688,207.61029052734375,211.26649475097656,216.58384704589844,347.381103515625,229.86464,0.0,test_data/Useful/Validation/Three eight at 1ft/WhatsApp Image 2024-08-23 at 10.43.38 (1).jpeg,1697.0,237.0,29.398751054392047
41,36.44,52.480000000000004,56.72,60.96,66.2,67.44,70.0,73.92,77.16,79.0,81.64,83.0,85.0,86.0,87.0,88.0,89.0,90.0,91.0,93.80000000000001,94.0,95.0,97.0,98.0,99.0,99.24000000000001,101.0,102.0,103.0,103.0,104.0,105.0,105.0,106.0,106.0,107.0,108.0,109.0,110.0,111.0,111.0,112.0,113.0,113.0,114.0,115.0,115.27999999999997,116.0,117.0,117.0,118.0,118.0,119.0,119.0,120.0,120.0,120.67999999999995,121.0,122.0,122.39999999999998,123.0,124.0,125.0,125.0,126.0,126.84000000000003,127.0,128.0,128.0,129.0,129.03999999999996,130.0,131.0,131.0,132.0,133.0,133.0,135.0,135.0,136.0,136.0,137.0,137.0,138.0,139.0,140.0,140.0,141.0,142.0,143.0,143.0,144.08000000000004,145.0,146.0,147.0,149.0,150.27999999999997,153.03999999999996,156.76,160.0,120.0,1000.258823543787,1000.4039215743542,1000.5254902243614,1000.6274510025978,1000.7254902124405,2000.0980392172933,2000.3960784375668,2000.556862771511,2000.6745098233223,3000.9960784316063,182.0372772216797,189.73531494140624,194.55234375,198.2847106933594,201.51502990722656,204.57904052734375,207.7355194091797,211.35780334472656,216.6216278076172,347.478759765625,230.95451,0.0,test_data/Useful/Validation/Three eight at 1ft/WhatsApp Image 2024-08-23 at 10.43.38 (2).jpeg,1650.0,228.0,32.22911418077669
42,36.480000000000004,45.480000000000004,52.0,59.0,62.0,65.0,67.0,70.0,73.16,75.4,78.0,80.0,83.12,85.0,87.0,88.84,89.08000000000001,91.0,93.0,94.80000000000001,96.0,97.0,97.52000000000001,98.0,100.0,100.0,101.0,101.0,102.0,103.0,103.44,104.68,105.0,105.0,106.0,107.0,108.0,109.0,110.0,110.0,111.0,111.0,112.0,112.0,113.0,113.0,113.27999999999997,114.51999999999998,115.0,116.0,116.0,117.0,117.0,118.0,119.0,119.44000000000005,121.0,121.0,121.0,122.0,122.63999999999999,123.0,124.0,125.0,126.0,126.0,127.0,127.0,127.55999999999995,129.0,130.0,131.0,131.0,131.0,132.0,132.24,133.0,134.0,135.0,136.0,137.0,137.67999999999995,138.0,139.0,140.0,140.0,141.0,142.0,142.0,143.0,144.0,144.0,146.0,147.0,148.0,150.0,151.0,153.0,154.76,161.0,121.0,1000.2274509817362,1000.3607843220234,1000.4666666686535,1000.5607843399048,1000.6431372761726,1000.7215686440468,1000.905882358551,2000.4431372582912,2000.6352941393852,3000.9960784316063,182.0828399658203,189.6737823486328,194.47537231445312,198.22470092773438,201.48336791992188,204.56182861328125,207.73587036132812,211.37521057128907,216.62405395507812,347.39996337890625,230.28943,0.0,test_data/Useful/Validation/Three eight at 1ft/WhatsApp Image 2024-08-23 at 10.43.38.jpeg,1608.0,222.0,32.572085871704445
43,25.48,35.480000000000004,44.72,58.96,64.0,71.0,74.0,76.0,78.16,81.0,82.0,84.0,86.0,87.36000000000001,88.0,89.0,90.08000000000001,92.0,93.0,94.0,95.0,95.28,96.52000000000001,97.0,98.0,98.24000000000001,99.48000000000002,100.72000000000003,101.0,103.0,103.44,105.0,105.0,106.0,107.0,108.0,108.0,109.0,110.0,111.0,112.0,112.0,113.0,114.0,114.0,115.0,116.0,116.0,117.0,118.0,118.0,119.0,119.0,119.96000000000004,121.0,121.0,121.67999999999995,122.0,123.0,123.0,124.0,124.0,125.0,126.0,126.0,127.0,128.0,129.0,129.55999999999995,130.0,130.03999999999996,131.0,132.0,132.0,133.0,133.0,133.0,133.72000000000003,135.0,135.20000000000005,136.44000000000005,137.0,137.0,138.0,138.39999999999998,139.0,139.0,140.0,141.0,142.60000000000002,143.0,145.0,146.0,147.0,148.0,150.0,151.0,152.0,155.0,163.0,133.0,1000.2509804069996,1000.392156869173,1000.5137255191803,1000.611764729023,1000.705882370472,1000.8862745165825,2000.364705890417,2000.54509806633,2000.6666666865349,3001.0,181.69708251953125,189.4535705566406,194.31147308349608,198.07783203125,201.31537628173828,204.41244506835938,207.58246307373048,211.2144775390625,216.5312042236328,347.3622131347656,229.7097,0.0,test_data/Useful/Validation/Three eight at 1ft/WhatsApp Image 2024-08-23 at 10.43.39 (1).jpeg,1664.0,235.0,25.481432141401026
44,41.0,47.480000000000004,52.0,57.96,62.0,64.44,67.0,70.0,73.0,75.4,78.0,80.0,82.0,82.0,84.0,85.84,87.0,90.0,91.0,92.0,93.03999999999999,94.0,96.0,97.0,98.0,99.0,100.0,100.0,102.0,103.0,104.0,105.0,106.92000000000002,107.16000000000003,108.0,109.0,109.88,110.0,111.0,111.0,112.0,113.0,114.0,114.0,115.0,115.0,116.0,116.0,117.0,117.0,117.24000000000001,119.0,119.0,120.0,121.0,121.0,121.0,122.0,123.0,123.0,124.0,124.0,125.0,125.0,126.0,126.0,127.0,127.0,128.0,128.0,129.0,130.0,130.51999999999998,131.0,132.0,133.0,133.0,134.0,134.0,135.0,136.0,136.0,136.91999999999996,137.0,138.0,139.0,139.0,140.0,140.36,141.0,142.0,143.0,144.0,145.0,146.79999999999995,148.0,150.0,152.0,155.0,165.0,121.0,1000.2627451121807,1000.4078431427479,1000.5333333611488,1000.6352941393852,1000.7372549176216,2000.1686274558306,2000.4156862795353,2000.5686274766922,2000.678431391716,3001.0,182.00503540039062,189.585693359375,194.4166259765625,198.26077880859376,201.4456558227539,204.51875,207.6636489868164,211.28428344726564,216.6063232421875,347.4210205078125,231.228,0.0,test_data/Useful/Validation/Three eight at 1ft/WhatsApp Image 2024-08-23 at 10.43.39.jpeg,1613.0,237.0,25.000943487621445
45,35.96,41.480000000000004,52.0,60.96,64.2,67.44,69.0,73.0,75.16,77.4,81.0,83.0,85.0,86.0,87.0,88.0,90.0,90.32,92.0,92.0,94.07999999999998,96.0,97.0,98.75999999999999,100.0,100.0,101.0,102.0,103.0,104.0,105.0,106.0,106.0,107.0,107.0,108.0,109.0,109.12,110.0,111.0,111.0,112.0,112.0,113.0,113.0,114.0,115.0,116.0,117.0,117.0,118.0,119.0,119.0,119.96000000000004,120.0,121.0,121.0,122.0,122.15999999999997,123.0,124.0,125.0,125.0,126.0,127.0,127.0,127.08000000000004,128.0,129.0,129.0,130.0,131.0,131.0,132.0,132.0,133.0,133.48000000000002,134.0,134.0,135.0,136.0,137.0,138.0,139.0,140.0,140.0,141.0,142.0,143.0,144.0,144.0,146.0,146.0,147.0,149.0,150.0,152.0,153.51999999999998,155.76,162.0,112.0,1000.2549019753933,1000.4039215743542,1000.5294117927551,1000.6313725709915,1000.7372549176216,2000.1568627506495,2000.4117647111416,2000.5647059082985,2000.6745098233223,3001.0,181.777734375,189.4988250732422,194.36917266845703,198.1367950439453,201.44458770751953,204.51158142089844,207.66455078125,211.29544677734376,216.55845642089844,347.4337158203125,228.85588,0.0,test_data/Useful/Validation/Three eight at 1ft/WhatsApp Image 2024-08-23 at 10.43.40 (1).jpeg,1680.0,261.0,29.34301559245506
46,44.72,54.0,57.44,64.0,69.2,72.0,76.36000000000001,78.92,80.0,82.0,83.64,85.0,87.0,88.0,90.0,90.84,92.0,92.32,93.0,94.80000000000001,96.0,97.0,98.0,98.75999999999999,99.0,100.0,101.0,102.0,102.0,103.0,104.0,105.0,106.0,106.0,107.0,108.0,108.0,109.0,110.0,110.0,111.0,112.0,112.0,113.0,113.0,114.0,115.0,115.51999999999998,116.0,117.0,117.0,118.0,118.0,119.0,120.0,120.0,121.0,122.0,122.0,123.0,124.0,124.0,125.0,125.0,126.0,127.0,127.0,128.32000000000005,129.0,130.0,130.0,130.27999999999997,131.0,132.0,132.0,133.0,133.0,133.72000000000003,134.0,135.0,135.0,137.0,137.91999999999996,138.15999999999997,139.0,140.0,140.0,141.0,142.0,143.0,143.0,144.0,145.0,146.55999999999995,148.0,150.0,151.0,152.51999999999998,155.51999999999998,168.0,130.0,1000.3294117748737,1000.4901960790157,1000.6156862974167,1000.7294117808342,2000.1450980454683,2000.3490196168423,2000.4823529422283,2000.5882353186607,2000.678431391716,3000.956862747669,180.98846435546875,188.68850708007812,193.5769805908203,197.3822265625,200.64109802246094,203.7584686279297,206.98269653320312,210.8000946044922,216.5915069580078,347.2279052734375,230.1729,0.0,test_data/Useful/Validation/Three eight at 1ft/WhatsApp Image 2024-08-23 at 10.43.40 (2).jpeg,1515.0,215.0,28.923424712523676
47,26.44,46.0,49.72,52.92,56.2,59.44,69.68,71.0,74.0,75.4,79.0,80.88,81.12,83.36000000000001,86.6,89.0,90.0,91.0,92.56,95.0,96.0,96.0,98.0,98.0,99.0,99.0,100.0,100.0,101.0,102.0,102.0,102.0,103.0,104.0,104.0,105.0,106.0,107.0,107.0,108.0,108.0,109.0,110.0,110.0,111.0,112.0,112.27999999999997,113.0,114.0,114.0,115.0,115.0,116.0,116.0,117.0,118.0,118.67999999999995,119.0,119.0,120.0,121.0,122.0,123.0,123.0,124.0,124.0,125.0,125.0,126.0,126.0,127.0,128.0,128.0,129.0,129.0,130.0,130.0,131.0,132.0,132.0,133.0,134.0,134.0,135.0,136.0,137.0,137.0,138.0,138.0,140.0,140.84000000000003,142.08000000000004,144.0,145.55999999999995,148.0,150.0,151.0,152.51999999999998,155.76,162.0,102.0,1000.2313725501299,1000.3607843220234,1000.4705882370472,1000.5647059082985,1000.6431372761726,1000.7294117808342,2000.0352941192687,2000.4509803950787,2000.6352941393852,3000.9803921580315,181.90045471191405,189.42742309570312,194.302001953125,198.07879028320312,201.33318328857422,204.44403076171875,207.6052703857422,211.23281860351562,216.61288452148438,347.3009033203125,228.8632,0.0,test_data/Useful/Validation/Three eight at 1ft/WhatsApp Image 2024-08-23 at 10.43.40.jpeg,1685.0,237.0,31.135583080926438
48,15.920000000000002,33.480000000000004,44.44,48.0,53.400000000000006,57.0,60.68000000000001,63.92,65.32,69.0,71.0,73.88,75.0,76.0,78.0,79.0,80.08000000000001,82.0,83.0,84.0,85.0,86.28,88.0,89.0,90.0,91.0,91.0,92.0,92.0,93.19999999999999,95.0,95.0,97.0,99.0,100.0,101.0,101.88,102.0,103.0,104.0,104.83999999999997,105.0,106.0,107.0,107.0,108.0,109.0,109.0,110.0,111.0,112.0,112.0,112.72000000000003,113.0,114.0,115.0,115.67999999999995,117.0,118.0,118.0,119.0,119.0,119.12,120.0,121.0,121.0,122.0,122.0,123.0,124.79999999999995,125.0,126.0,126.0,127.0,127.0,128.0,128.0,129.0,130.0,131.0,131.0,132.0,133.0,134.0,135.0,136.0,137.0,138.0,139.0,140.0,140.84000000000003,142.0,143.0,144.55999999999995,146.0,148.0,150.0,151.51999999999998,154.51999999999998,165.0,112.0,1000.4000000059605,1000.5764706134796,1000.7098039388657,1000.8352941274643,2000.2509804069996,2000.4627451002598,2000.6000000238419,2000.6980392336845,2000.7960784435272,3001.0,182.90399169921875,190.46347045898438,195.31719970703125,199.07766723632812,202.35069274902344,205.38656616210938,208.50299072265625,212.03231811523438,217.16580200195312,347.21820068359375,228.8492,0.0,test_data/Useful/Validation/Three eight at 1ft/WhatsApp Image 2024-08-23 at 10.43.41 (1).jpeg,1804.0,260.0,32.05264609747849
49,31.240000000000002,37.96,44.16,50.0,56.60000000000001,62.44,65.0,67.0,69.0,70.0,73.0,75.88,77.0,78.36000000000001,80.0,81.0,83.0,84.0,85.56,87.0,88.0,90.0,90.52000000000001,92.0,93.0,94.0,96.0,97.0,97.0,99.0,99.0,100.0,101.0,102.0,103.0,104.0,104.0,105.0,106.0,107.0,107.83999999999997,108.0,109.0,109.0,110.0,111.0,111.0,112.0,113.0,113.0,113.0,114.0,114.0,115.0,115.0,116.0,116.0,117.0,118.0,118.39999999999998,119.0,119.0,120.0,120.0,121.0,122.0,123.0,123.0,124.0,125.0,126.0,126.0,127.0,127.0,128.0,128.0,129.0,129.0,130.0,131.0,131.0,132.0,133.0,133.0,134.0,135.0,136.0,138.0,138.0,139.0,139.0,141.0,142.0,143.0,143.0,145.0,147.0,149.51999999999998,153.51999999999998,157.0,113.0,1000.4274509847164,1000.6156862974167,1000.7529411911964,1000.9137254953384,2000.3450980484486,2000.5019608139992,2000.6196078658104,2000.705882370472,2000.800000011921,3001.0,182.98907470703125,190.4362335205078,195.24000549316406,198.94146728515625,202.22474670410156,205.2755889892578,208.3873748779297,211.9823455810547,217.0655975341797,347.1842956542969,229.4144,0.0,test_data/Useful/Validation/Three eight at 1ft/WhatsApp Image 2024-08-23 at 10.43.41 (2).jpeg,1834.0,308.0,26.496431797989736
50,23.200000000000003,42.96,47.0,49.96,56.2,60.44,63.0,66.0,68.16,71.4,73.28,77.0,79.0,81.0,82.0,84.0,85.0,86.0,87.0,87.0,88.03999999999999,89.0,91.0,92.0,93.0,95.0,96.0,97.0,98.0,98.19999999999999,100.0,101.0,101.92000000000002,102.0,103.0,103.63999999999999,104.0,104.0,105.0,105.60000000000002,106.0,107.0,108.0,109.0,109.0,110.0,111.0,112.0,112.75999999999999,113.0,114.0,114.0,115.0,116.0,116.0,116.0,117.0,118.0,118.0,118.39999999999998,119.0,120.0,121.0,121.0,121.0,122.0,123.0,123.0,124.0,124.79999999999995,126.0,126.0,126.51999999999998,128.0,128.0,129.0,129.0,130.0,131.0,131.0,132.0,132.0,133.0,134.0,135.0,135.0,135.88,137.0,138.0,139.0,140.0,141.0,142.0,144.0,146.0,146.03999999999996,148.27999999999997,150.51999999999998,153.76,162.0,116.0,1000.3960784375668,1000.5686274766922,1000.7019608020782,1000.8196078538895,2000.2078431397676,2000.4509803950787,2000.5882353186607,2000.6941176652908,2000.7921568751335,3001.0,182.97132415771483,190.57435607910156,195.47738647460938,199.13375854492188,202.34239196777344,205.34780883789062,208.4683074951172,212.0513702392578,217.14601135253906,347.1956787109375,229.12149,0.0,test_data/Useful/Validation/Three eight at 1ft/WhatsApp Image 2024-08-23 at 10.43.41.jpeg,1824.0,266.0,27.620350144029533
51,14.0,31.48,39.16,46.0,52.400000000000006,61.0,63.68000000000001,67.0,72.0,74.0,76.0,77.0,78.0,79.0,80.0,82.68,86.0,87.0,88.0,89.0,92.0,93.0,94.0,95.0,96.0,97.0,98.0,98.72000000000003,99.95999999999998,100.0,101.0,102.0,102.0,103.0,103.0,103.63999999999999,104.0,105.0,106.0,107.0,107.0,108.0,108.0,109.0,109.80000000000001,110.0,111.0,111.51999999999998,112.0,113.0,114.0,115.0,115.72000000000003,116.0,117.0,117.0,117.67999999999995,118.91999999999996,119.0,120.0,121.0,121.0,122.0,122.0,123.0,123.0,123.0,124.0,124.0,125.0,126.0,127.0,127.0,128.0,129.0,129.0,130.0,130.0,130.0,131.20000000000005,132.44000000000005,133.0,133.0,135.0,135.0,136.0,137.0,138.0,138.0,139.0,140.0,141.0,142.32000000000005,143.0,145.0,146.0,147.0,149.0,152.76,163.0,123.0,1000.4352941215038,1000.6196078658104,1000.7568627595901,1000.9176470637321,2000.3490196168423,2000.5058823823929,2000.6196078658104,2000.7098039388657,2000.800000011921,3001.0,182.8860641479492,190.5280029296875,195.24186248779296,199.0086883544922,202.2821807861328,205.35482788085938,208.4145309448242,211.98532104492188,217.0721435546875,347.1808166503906,229.31631,0.0,test_data/Useful/Validation/Three eight at 1ft/WhatsApp Image 2024-08-23 at 10.43.42 (1).jpeg,1763.0,252.0,29.8834938111791
52,31.68,42.44,50.72,53.0,55.2,57.0,59.0,61.92,64.16,67.0,71.0,72.0,74.12,76.0,78.0,78.84,80.0,81.0,82.0,85.0,86.0,89.0,90.0,91.0,92.0,93.0,94.0,95.0,96.0,96.0,97.0,98.0,98.0,99.0,100.0,101.0,102.88,103.0,104.0,105.0,106.0,107.0,108.0,108.0,109.0,109.04000000000002,110.0,110.0,111.0,111.0,112.0,112.0,113.0,113.96000000000004,114.0,115.0,115.0,116.0,116.0,117.0,117.0,118.0,119.0,119.36000000000001,120.0,120.0,121.08000000000004,122.0,123.0,123.0,124.03999999999996,125.0,126.0,127.0,128.0,128.0,129.0,130.0,131.0,132.0,132.0,133.0,133.0,134.0,134.39999999999998,135.0,136.0,137.0,138.0,138.60000000000002,139.84000000000003,140.0,142.0,143.55999999999995,145.0,146.0,147.27999999999997,149.0,151.0,160.0,110.0,1000.3843137323856,1000.54509806633,1000.6745098233223,1000.7764706015587,1000.9215686321259,2000.3843137323856,2000.556862771511,2000.6745098233223,2000.784313738346,3001.0,183.0064239501953,190.6004180908203,195.36146545410156,199.10128784179688,202.3575439453125,205.40077209472656,208.5124053955078,212.02108764648438,217.06243896484375,347.2274169921875,229.61203,0.0,test_data/Useful/Validation/Three eight at 1ft/WhatsApp Image 2024-08-23 at 10.43.42.jpeg,1850.0,267.0,38.11576497873719
53,31.0,39.480000000000004,47.0,51.96,57.2,61.44,64.68,68.92,71.16,73.4,76.64,78.0,80.0,82.0,84.0,84.0,86.0,86.32,88.0,89.0,90.0,91.0,91.0,92.0,93.0,95.0,95.0,96.0,96.95999999999998,97.19999999999999,98.0,99.0,100.0,101.0,102.0,103.0,103.0,104.0,105.0,106.0,107.0,107.0,108.0,108.56,110.0,110.0,111.0,112.0,112.0,113.0,114.0,115.0,115.0,116.0,116.0,117.0,117.67999999999995,118.0,119.0,119.0,120.0,121.0,122.0,123.0,123.0,124.0,125.0,126.0,126.0,127.0,128.0,129.0,129.0,130.0,131.0,131.0,131.0,132.0,133.0,133.20000000000005,134.0,135.0,135.0,136.0,136.0,137.0,138.0,139.0,140.0,141.0,142.0,144.0,144.0,145.0,146.79999999999995,148.0,150.0,152.0,156.0,164.0,131.0,1000.392156869173,1000.5607843399048,1000.6862745285034,1000.7960784435272,1000.9960784316063,2000.419607847929,2000.572549045086,2000.6862745285034,2000.7921568751335,3001.0,182.99982604980468,190.63529052734376,195.3910400390625,199.13849487304688,202.3705825805664,205.3786407470703,208.48263549804688,212.00930786132812,217.09027099609375,347.2103576660156,230.24736,0.0,test_data/Useful/Validation/Three eight at 1ft/WhatsApp Image 2024-08-23 at 10.43.43 (1).jpeg,1791.0,259.0,25.525834478232724
54,35.0,43.480000000000004,50.0,55.96,58.0,61.0,64.68,67.0,69.0,71.0,72.0,73.88,75.12,77.36000000000001,79.0,80.0,81.0,82.0,83.56,85.0,86.0,87.0,89.0,90.0,90.0,92.24000000000001,93.0,94.0,95.0,96.0,96.0,97.0,98.92000000000002,99.0,99.39999999999998,100.0,101.0,102.0,102.0,104.0,105.0,105.07999999999998,106.0,107.0,108.0,109.0,109.0,110.0,110.0,111.0,111.0,112.0,113.0,113.0,114.0,115.0,115.0,116.0,117.0,117.0,118.0,119.0,120.0,120.0,121.0,122.0,122.0,123.0,123.0,124.0,124.0,125.0,125.51999999999998,127.0,127.0,128.0,129.0,130.0,131.0,131.0,132.0,132.67999999999995,134.0,134.0,135.0,135.64,136.0,137.0,137.0,138.0,138.0,139.0,140.0,141.0,142.79999999999995,145.03999999999996,148.0,150.03999999999996,153.0,165.0,122.0,1000.4352941215038,1000.6235294342041,1000.7607843279839,1000.9254902005196,2000.3568627536297,2000.5098039507866,2000.623529434204,2000.7137255072594,2000.8039215803146,3001.0,182.8941650390625,190.47504577636718,195.23123474121093,198.93125915527344,202.19598388671875,205.3152618408203,208.4184112548828,211.97425842285156,217.09750366210938,347.1914978027344,230.67543,0.0,test_data/Useful/Validation/Three eight at 1ft/WhatsApp Image 2024-08-23 at 10.43.43 (2).jpeg,1866.0,284.0,30.287933796170506
55,25.200000000000003,37.0,43.44,53.0,55.0,58.0,62.360000000000014,65.92,68.16,70.0,73.0,76.0,78.0,79.36000000000001,81.0,83.0,84.0,86.0,87.0,88.80000000000001,89.0,91.0,92.0,92.0,94.0,95.24000000000001,96.0,97.0,97.0,98.0,99.0,99.68,100.0,101.0,102.0,102.0,103.0,104.0,105.0,105.0,106.0,107.0,107.0,108.0,109.0,109.0,109.0,110.0,111.0,112.0,112.0,112.0,113.0,113.0,114.0,115.0,116.0,117.0,118.0,118.0,118.0,119.0,119.0,120.0,121.0,121.0,122.0,123.0,123.0,124.0,124.0,125.0,125.0,126.0,127.0,128.0,128.48000000000002,129.0,129.0,130.0,131.0,131.0,132.0,133.0,134.0,134.0,135.0,135.12,136.36,138.0,139.0,139.0,140.0,140.0,142.0,144.03999999999996,149.0,150.0,153.0,162.0,124.0,1000.4941176474094,1000.6980392336845,1000.866666674614,2000.3019607961178,2000.4549019634724,2000.5686274766922,2000.6549019813538,2000.7294117808342,2000.8156862854958,3001.0,182.61519775390624,190.26007080078125,195.01426696777344,198.79390563964844,202.07626342773438,205.16679992675782,208.28802490234375,211.90975952148438,217.051513671875,347.1593017578125,229.73747,0.0,test_data/Useful/Validation/Three eight at 1ft/WhatsApp Image 2024-08-23 at 10.43.43.jpeg,1772.0,261.0,31.574060123698462
56,25.48,39.44,47.0,49.96,53.2,56.44,60.0,64.92,69.0,71.0,72.64,74.0,76.0,78.0,81.6,82.84,83.0,84.0,85.56,87.0,89.0,89.28,91.0,92.0,93.0,94.0,96.0,96.0,97.0,98.0,98.0,99.0,99.0,101.0,101.0,103.0,104.0,105.0,105.0,106.0,106.0,107.0,108.0,108.56,109.0,110.0,111.0,111.0,112.0,113.0,113.0,114.0,114.0,115.0,116.0,117.0,117.67999999999995,118.0,119.0,119.0,120.0,120.88,121.0,122.0,122.0,123.0,123.0,124.0,125.0,125.0,126.0,126.0,127.0,128.0,128.0,129.0,129.0,129.0,130.0,130.20000000000005,131.0,132.0,133.0,134.0,134.0,135.0,137.0,138.0,139.0,140.0,140.0,142.0,143.0,145.0,146.0,147.0,149.0,149.51999999999998,153.76,159.0,129.0,1000.4588235318661,1000.6549019813538,1000.8039215803146,2000.188235297799,2000.4156862795353,2000.54509806633,2000.6431372761726,2000.7254902124405,2000.811764717102,3001.0,182.718212890625,190.36813354492188,195.123046875,198.8937225341797,202.14404296875,205.1770782470703,208.31692504882812,211.88621520996094,217.02761840820312,347.1304626464844,228.96988,0.0,test_data/Useful/Validation/Three eight at 1ft/WhatsApp Image 2024-08-23 at 10.43.44 (1).jpeg,1731.0,300.0,32.446996504212606
57,25.72,36.480000000000004,42.0,47.0,50.0,54.0,58.68000000000001,62.0,66.0,69.0,69.64,73.0,74.0,76.0,77.0,78.84,79.08000000000001,81.63999999999999,84.0,85.0,86.03999999999999,87.28,88.0,89.0,90.0,92.0,92.0,93.0,94.0,96.0,96.44,98.0,99.0,101.0,102.0,103.0,104.0,105.0,106.0,107.0,107.0,108.0,108.32,109.0,110.0,112.0,112.27999999999997,114.0,114.0,115.0,115.0,115.0,116.0,116.0,117.0,118.0,119.0,119.0,120.0,120.0,121.0,121.0,122.0,122.36000000000001,123.0,123.0,124.0,124.0,125.0,126.0,126.0,127.0,127.0,128.0,129.0,130.0,131.0,132.0,132.0,132.0,133.0,133.67999999999995,134.0,135.0,135.0,136.0,137.0,137.0,137.0,139.0,140.0,141.0,141.32000000000005,143.0,144.0,145.0,146.27999999999997,148.0,152.76,159.0,115.0,1000.4392156898975,1000.6156862974167,1000.745098054409,1000.8784313797951,2000.3176470696926,2000.486274510622,2000.6078431606293,2000.7019608020782,2000.800000011921,3001.0,182.59410705566407,190.2564697265625,195.19305419921875,198.9038299560547,202.15359497070312,205.23207092285156,208.33383178710938,211.918701171875,217.05523681640625,347.16668701171875,229.04372,0.0,test_data/Useful/Validation/Three eight at 1ft/WhatsApp Image 2024-08-23 at 10.43.44 (2).jpeg,1768.0,274.0,30.154517411546113
58,26.96,37.96,43.72,47.96,52.0,57.0,60.360000000000014,63.92,65.0,66.0,68.64,72.0,73.12,76.0,77.0,77.0,79.08000000000001,80.32,81.56,83.0,85.0,86.0,87.0,88.0,90.0,91.0,92.0,93.0,94.0,95.0,97.0,98.0,98.0,99.0,100.0,101.0,103.0,103.0,104.0,105.0,106.0,106.0,107.0,108.0,109.0,110.0,111.0,111.51999999999998,112.0,114.0,114.24000000000001,115.0,116.0,117.0,117.20000000000005,118.44000000000005,119.0,120.0,120.0,120.39999999999998,121.0,121.88,122.0,122.36000000000001,123.0,124.0,124.0,125.0,125.0,126.0,126.0,127.0,128.0,129.0,130.0,130.0,131.0,132.0,132.0,133.0,133.0,134.0,135.0,136.0,136.0,137.0,138.0,138.0,139.0,139.60000000000002,141.0,142.0,143.0,144.0,146.0,149.0,151.27999999999997,153.0,157.0,162.0,120.0,1000.4156862795353,1000.5960784554482,1000.7333333492279,1000.8745098114014,2000.3176470696926,2000.4941176474094,2000.6156862974167,2000.7098039388657,2000.8039215803146,3001.0,182.78753662109375,190.49254455566407,195.3263198852539,199.04175415039063,202.29174041748047,205.30596008300782,208.38075256347656,211.93704223632812,217.03851318359375,347.17486572265625,228.61041,0.0,test_data/Useful/Validation/Three eight at 1ft/WhatsApp Image 2024-08-23 at 10.43.44.jpeg,1806.0,265.0,29.506333921255212
59,35.24,42.480000000000004,47.44,52.92,58.2,60.0,63.360000000000014,66.0,68.32,72.0,74.0,75.0,76.0,77.0,78.0,79.0,81.0,82.0,83.56,85.0,86.0,87.0,88.0,88.75999999999999,89.0,90.24000000000001,91.0,92.72000000000003,93.0,95.0,97.0,99.0,100.92000000000002,102.0,103.0,104.0,105.0,106.0,106.0,107.0,107.83999999999997,108.0,109.0,110.0,110.0,111.0,111.0,112.0,113.0,114.0,114.0,115.0,115.0,115.96000000000004,116.0,116.44000000000005,117.0,118.0,118.0,119.0,119.0,120.0,121.0,121.0,122.0,122.0,123.0,123.32000000000005,124.0,124.79999999999995,125.0,126.0,126.0,127.0,127.0,128.0,128.48000000000002,129.0,130.0,131.20000000000005,132.0,133.0,134.0,135.0,136.0,137.0,137.0,138.12,139.36,140.0,141.0,142.0,144.0,145.0,146.0,147.0,148.0,150.0,152.76,165.0,115.0,1000.4156862795353,1000.5960784554482,1000.7333333492279,1000.8705882430077,2000.3098039329052,2000.4941176474094,2000.6156862974167,2000.7098039388657,2000.8039215803146,3001.0,183.0822494506836,190.62928161621093,195.42913665771485,199.14083862304688,202.36314392089844,205.38311767578125,208.4786834716797,211.9849395751953,217.078857421875,347.1759338378906,229.8128,0.0,test_data/Useful/Validation/Three eight at 1ft/WhatsApp Image 2024-08-23 at 10.43.45 (1).jpeg,1794.0,264.0,30.834598249224456
60,33.96,41.0,49.0,54.96,57.2,60.44,64.0,65.92,69.16,72.0,72.0,73.88,75.0,76.0,77.0,79.0,81.0,81.32,83.0,85.80000000000001,86.03999999999999,87.0,89.0,89.75999999999999,90.0,91.0,92.0,93.0,93.95999999999998,95.0,96.0,97.0,97.0,99.0,100.0,100.0,101.0,102.0,102.0,103.0,104.0,105.0,105.0,105.56,106.0,106.0,107.0,108.0,108.75999999999999,109.0,109.0,110.0,111.0,111.96000000000004,113.0,113.44000000000005,114.0,115.0,116.0,116.0,117.0,117.0,118.0,118.0,119.0,119.0,120.0,120.0,120.0,121.0,122.0,122.27999999999997,123.0,123.0,124.0,125.0,126.0,127.0,127.0,127.20000000000005,128.44000000000005,129.0,130.0,130.0,131.0,132.0,132.88,134.0,134.0,135.0,136.0,137.0,138.0,139.0,140.0,144.0,146.0,148.0,150.76,169.0,120.0,1000.4549019634724,1000.6745098233223,1000.8235294222832,2000.1960784345865,2000.4431372582912,2000.5764706134796,2000.6745098233223,2000.7490196228027,2000.8313725590706,3001.0,183.1229248046875,190.58433532714844,195.4139862060547,199.21942138671875,202.4784698486328,205.5444549560547,208.64407806396486,212.20333251953127,217.4168243408203,346.6630859375,231.22711,0.0,test_data/Useful/Validation/Three eight at 1ft/WhatsApp Image 2024-08-23 at 11.02.00.jpeg,1768.0,274.0,30.261344105579425
61,26.72,40.480000000000004,52.0,55.96,59.2,61.44,64.0,65.0,67.16,69.0,70.64,72.0,74.0,76.0,77.6,79.0,81.0,82.0,83.56,84.80000000000001,86.0,87.0,88.0,88.0,90.0,90.24000000000001,91.0,92.0,93.95999999999998,95.0,96.0,96.68,97.92000000000002,98.0,99.0,100.0,100.0,101.0,102.0,102.0,103.0,103.0,105.0,105.0,106.0,107.0,108.0,109.0,109.0,110.0,111.0,111.0,112.0,113.0,113.0,114.0,114.0,115.0,116.0,116.0,117.0,118.0,118.0,119.0,119.0,120.0,120.0,120.0,121.0,121.0,122.0,122.27999999999997,123.0,124.0,125.0,125.0,126.0,126.72000000000003,127.0,128.0,129.0,130.0,130.0,131.0,132.0,134.0,134.0,135.0,137.0,138.0,139.0,139.0,140.0,142.0,143.0,143.03999999999996,144.27999999999997,147.0,149.0,158.0,120.0,1000.4392156898975,1000.6549019813538,1000.8039215803146,2000.1215686276555,2000.4235294163227,2000.5647059082985,2000.6666666865349,2000.745098054409,2000.8274509906769,3001.0,182.96444702148438,190.6204406738281,195.52403259277344,199.2589599609375,202.51976013183594,205.60760498046875,208.71200561523438,212.24880981445312,217.41232299804688,346.6889953613281,232.0653,0.0,test_data/Useful/Validation/Three eight at 1ft/WhatsApp Image 2024-08-23 at 11.02.06.jpeg,1799.0,274.0,30.102805107531694
62,38.480000000000004,47.480000000000004,50.0,54.96,60.0,62.0,65.0,66.0,68.0,70.4,72.64,75.0,76.12,79.0,80.6,82.84,84.0,85.32,87.0,88.0,89.0,90.28,91.0,92.0,93.0,94.24000000000001,96.0,96.72000000000003,97.95999999999998,99.0,99.0,100.0,101.0,102.0,103.0,103.0,104.0,105.0,106.0,106.0,108.0,108.0,109.0,110.0,110.0,111.04000000000002,112.0,113.0,113.0,114.0,114.0,115.0,116.0,116.0,117.0,117.0,117.0,118.0,119.15999999999997,120.0,120.0,121.0,122.0,122.0,122.0,123.0,123.0,123.32000000000005,124.0,124.79999999999995,125.0,126.0,126.0,127.0,128.0,129.0,129.0,129.0,130.0,130.0,131.0,131.0,132.0,132.15999999999997,133.0,133.64,134.0,135.0,136.0,137.0,137.0,138.0,140.0,142.0,144.0,145.0,147.0,149.03999999999996,152.76,160.0,129.0,1000.4352941215038,1000.6470588445663,1000.7921568751335,1001.0,2000.4117647111416,2000.5607843399048,2000.6627451181412,2000.7411764860153,2000.8274509906769,3001.0,183.24419555664062,190.86521606445314,195.62147521972656,199.35263061523438,202.58573150634766,205.66131591796875,208.73314819335937,212.2542694091797,217.40987396240234,346.7516784667969,231.54489,0.0,test_data/Useful/Validation/Three eight at 1ft/WhatsApp Image 2024-08-23 at 11.02.10 (1).jpeg,1725.0,255.0,32.23970674883423
63,38.0,44.96,51.44,54.0,58.0,61.0,63.0,68.0,72.0,73.0,75.64,77.88,79.0,80.0,81.0,82.0,83.0,84.0,86.0,87.0,89.0,90.0,92.0,93.0,94.0,95.24000000000001,97.0,97.0,97.95999999999998,98.0,100.0,100.0,101.0,102.0,103.0,104.0,104.88,105.0,106.0,106.0,107.83999999999997,108.0,109.0,110.0,110.0,110.0,111.0,111.0,112.0,113.0,113.0,113.0,114.0,115.0,115.0,115.0,116.0,117.0,117.0,117.0,118.0,119.0,119.0,121.0,121.0,121.84000000000003,122.0,123.0,123.0,123.79999999999995,124.0,125.0,125.0,125.0,126.0,126.0,127.0,127.0,128.0,129.0,129.44000000000005,131.0,131.0,132.0,132.0,133.0,134.0,137.0,138.0,138.0,139.0,140.0,141.0,143.0,144.79999999999995,146.0,147.27999999999997,149.0,153.51999999999998,156.0,117.0,1000.4392156898975,1000.6666666865349,1000.8235294222832,2000.2078431397676,2000.4509803950787,2000.584313750267,2000.6745098233223,2000.7529411911964,2000.8352941274643,3001.0,183.00819396972656,190.6791229248047,195.46803436279296,199.2720153808594,202.5267791748047,205.5822967529297,208.65283660888673,212.2181396484375,217.4540557861328,346.7094421386719,231.97258,0.0,test_data/Useful/Validation/Three eight at 1ft/WhatsApp Image 2024-08-23 at 11.02.10.jpeg,1723.0,255.0,27.16908724862747
64,24.44,33.480000000000004,47.0,51.0,52.2,57.44,64.68,68.92,71.0,73.0,76.0,77.0,79.0,81.0,82.6,84.0,84.0,85.0,87.0,88.0,90.0,91.0,92.0,93.0,94.0,94.0,95.0,96.0,99.0,99.0,100.0,100.0,101.0,102.0,102.0,103.0,104.0,105.0,105.0,105.0,106.83999999999997,107.0,108.0,109.0,110.0,110.0,111.0,111.0,112.0,112.0,113.0,113.0,114.0,114.0,115.0,115.0,116.0,116.0,117.0,117.39999999999998,118.0,119.0,119.0,120.0,120.0,121.0,121.0,122.0,122.0,123.0,123.0,124.0,124.51999999999998,125.0,126.0,127.0,127.0,128.0,128.96000000000004,129.0,129.44000000000005,131.0,131.0,132.0,133.0,134.0,134.0,135.0,135.36,136.0,137.0,138.0,139.0,140.0,140.0,142.0,143.27999999999997,145.0,148.0,163.0,113.0,1000.4392156898975,1000.6588235497475,1000.8156862854958,2000.188235297799,2000.4431372582912,2000.5803921818733,2000.6745098233223,2000.7490196228027,2000.8352941274643,3001.0,183.13291931152344,190.764404296875,195.52073669433594,199.273681640625,202.54014587402344,205.5816864013672,208.725146484375,212.3029357910156,217.45738220214844,346.7287902832031,231.05283,0.0,test_data/Useful/Validation/Three eight at 1ft/WhatsApp Image 2024-08-23 at 11.02.11 (1).jpeg,1740.0,262.0,29.262670000516867
65,35.480000000000004,45.96,50.0,54.0,57.2,61.0,62.68000000000001,65.0,68.0,70.0,71.0,74.0,76.0,78.0,79.0,80.0,81.0,83.0,84.0,85.0,86.03999999999999,88.0,89.52000000000001,90.0,91.0,93.0,93.0,94.0,94.95999999999998,96.0,97.0,99.0,100.0,101.0,102.0,102.0,102.88,103.0,104.0,105.0,105.0,106.0,107.0,107.0,108.0,109.0,110.0,110.0,111.0,111.0,112.0,113.0,113.72000000000003,114.0,115.0,115.0,116.0,117.0,117.0,118.0,118.0,118.0,119.0,119.0,120.0,121.0,121.0,122.0,122.0,122.0,123.0,124.0,124.0,125.0,126.0,127.0,128.0,128.0,129.0,130.0,130.0,131.0,131.0,132.0,132.0,133.0,134.0,135.0,136.0,137.0,138.0,138.08000000000004,140.0,141.55999999999995,143.0,145.0,148.0,150.0,154.0,159.0,122.0,1000.4627451002598,1000.6823529601097,1000.8431372642517,2000.2470588237047,2000.458823531866,2000.584313750267,2000.6745098233223,2000.7490196228027,2000.8313725590706,3001.0,183.2158950805664,190.8497772216797,195.57220458984375,199.335009765625,202.54666137695312,205.5821075439453,208.66204833984375,212.1562957763672,217.35028076171875,346.67572021484375,232.43466,0.0,test_data/Useful/Validation/Three eight at 1ft/WhatsApp Image 2024-08-23 at 11.02.11 (2).jpeg,1714.0,259.0,33.324362875604784
66,23.48,36.480000000000004,47.0,53.0,58.2,60.44,61.0,63.92,67.0,71.0,73.64,75.0,76.0,78.0,78.6,80.0,81.0,82.0,84.0,84.80000000000001,85.0,86.28,87.52000000000001,89.0,90.0,91.0,92.0,94.0,94.0,95.0,95.44,97.68,99.0,99.16000000000003,100.0,101.0,102.0,102.0,103.0,103.0,104.0,104.07999999999998,105.0,106.0,106.0,107.04000000000002,108.0,109.0,109.0,110.0,111.0,111.0,112.0,113.0,114.0,114.0,114.0,115.0,115.15999999999997,117.0,117.0,118.0,118.0,119.0,119.0,120.0,121.0,121.0,122.0,123.0,124.0,124.0,125.0,125.75999999999999,126.0,127.0,127.0,128.0,128.0,129.0,129.0,130.0,131.0,132.0,132.39999999999998,133.0,134.0,135.0,135.36,136.0,137.0,138.08000000000004,139.0,140.0,142.0,143.03999999999996,146.0,148.0,151.0,155.0,114.0,1000.4313725531101,1000.6431372761726,1000.7882353067398,1000.9921568632126,2000.4000000059605,2000.556862771511,2000.6588235497475,2000.7411764860153,2000.8235294222832,3001.0,182.9513366699219,190.56471252441406,195.43637084960938,199.1895751953125,202.4166717529297,205.48092651367188,208.6021270751953,212.19125366210938,217.391845703125,346.67449951171875,231.39243,0.0,test_data/Useful/Validation/Three eight at 1ft/WhatsApp Image 2024-08-23 at 11.02.11.jpeg,1802.0,265.0,30.11702367153855
67,23.0,36.0,39.0,45.0,54.2,56.44,58.68000000000001,62.0,66.32,69.4,71.0,73.0,75.12,77.0,78.0,79.84,81.0,81.32,83.0,84.0,87.0,88.0,89.0,90.0,90.0,92.0,93.0,93.72000000000003,95.0,96.0,96.44,97.0,98.0,98.16000000000003,99.0,101.0,101.0,102.0,103.0,103.60000000000002,104.0,104.07999999999998,105.32,106.0,107.0,107.0,108.0,108.51999999999998,109.0,110.0,111.0,111.0,112.0,113.0,113.0,114.0,114.0,115.0,115.0,116.0,116.0,117.0,118.0,119.0,119.0,120.0,120.0,120.32000000000005,121.0,122.0,123.0,124.0,125.0,125.0,126.0,127.0,128.0,129.0,129.0,130.0,131.0,131.67999999999995,133.0,134.0,134.39999999999998,136.0,136.0,137.0,137.36,138.0,138.84000000000003,140.0,141.0,142.55999999999995,144.0,145.03999999999996,146.27999999999997,148.51999999999998,150.76,159.0,120.0,1000.4980392158031,1000.7215686440468,1000.9019607901573,2000.3215686380863,2000.4901960790157,2000.6039215922356,2000.6862745285034,2000.7529411911964,2000.8352941274643,3001.0,183.1060821533203,190.729345703125,195.4689193725586,199.141357421875,202.43585205078125,205.50973510742188,208.62368774414062,212.14378356933594,217.3289337158203,346.6856689453125,231.58649,0.0,test_data/Useful/Validation/Three eight at 1ft/WhatsApp Image 2024-08-23 at 11.02.12 (1).jpeg,1833.0,258.0,29.360199940242147
68,37.0,45.0,51.72,59.0,62.0,65.44,69.0,71.84,75.0,77.0,78.0,79.88,81.0,82.36000000000001,84.0,85.0,86.0,87.0,88.0,89.0,90.0,91.0,92.0,93.0,94.0,95.24000000000001,96.0,97.0,98.0,99.0,99.0,100.0,101.0,102.0,103.0,103.0,104.0,105.0,106.0,107.0,107.0,108.0,108.0,109.0,110.0,111.0,111.0,112.0,112.0,113.0,113.24000000000001,114.0,115.0,115.0,115.0,116.0,116.0,117.0,117.0,117.0,118.0,119.0,119.0,119.0,120.0,121.0,121.0,122.0,123.0,124.0,124.0,125.0,125.0,125.0,126.0,127.0,128.0,128.0,129.0,130.0,130.0,130.67999999999995,131.0,132.0,132.0,133.0,133.88,134.0,135.0,136.0,136.0,137.0,139.0,140.0,141.0,143.0,144.0,145.51999999999998,147.76,163.0,119.0,1000.4431372582912,1000.6627451181412,1000.8156862854958,2000.2000000029802,2000.4509803950787,2000.584313750267,2000.6745098233223,2000.7490196228027,2000.8352941274643,3001.0,182.9429916381836,190.57786560058594,195.4584503173828,199.232421875,202.45887756347656,205.52024841308594,208.62808227539062,212.21971130371094,217.42059326171875,346.7398681640625,233.33405,0.0,test_data/Useful/Validation/Three eight at 1ft/WhatsApp Image 2024-08-23 at 11.02.12 (2).jpeg,1718.0,269.0,27.32713615875132
69,42.24,47.96,52.72,56.0,58.60000000000001,63.0,66.68,67.0,70.0,72.80000000000001,77.64,79.0,80.12,82.0,83.0,84.84,85.08000000000001,86.32,88.0,89.0,90.0,91.0,91.0,92.0,93.0,94.0,94.0,96.0,97.0,97.0,98.44,100.0,100.0,101.0,101.0,102.0,103.0,104.0,105.0,105.0,106.0,106.0,107.0,107.0,108.0,109.0,109.27999999999997,110.0,111.0,111.0,111.24000000000001,112.0,113.0,113.96000000000004,114.0,116.0,116.0,117.0,118.0,118.0,119.0,119.0,120.0,121.0,121.0,121.0,122.0,122.0,123.0,123.0,124.0,124.0,125.0,126.0,126.0,127.0,128.0,128.0,129.0,129.0,130.0,131.0,131.0,132.0,133.0,133.0,134.0,135.0,135.0,136.0,137.0,138.0,139.0,140.55999999999995,141.79999999999995,143.0,144.27999999999997,147.51999999999998,152.76,162.0,121.0,1000.4901960790157,1000.7137255072594,1000.8941176533699,2000.3098039329052,2000.486274510622,2000.6000000238419,2000.6823529601097,2000.7529411911964,2000.8352941274643,3001.0,183.21571197509766,190.677294921875,195.44139709472657,199.197119140625,202.4697036743164,205.49765014648438,208.5802001953125,212.10340881347656,217.31503295898438,346.6737365722656,232.79405,0.0,test_data/Useful/Validation/Three eight at 1ft/WhatsApp Image 2024-08-23 at 11.02.12.jpeg,1739.0,260.0,29.188060986187626
70,28.240000000000002,39.480000000000004,47.0,53.0,54.2,61.0,64.0,67.92,69.16,71.4,74.0,75.0,77.0,78.0,79.0,81.0,82.0,83.0,83.56,85.80000000000001,88.0,89.0,90.0,91.0,92.0,94.0,94.48000000000002,96.0,96.0,97.0,97.0,98.0,99.0,99.16000000000003,100.0,101.0,101.0,102.0,103.0,103.60000000000002,105.0,106.0,106.0,107.0,108.0,109.0,110.0,110.0,111.0,112.0,112.24000000000001,113.0,114.0,114.0,114.0,115.0,115.0,116.0,117.0,118.0,119.0,119.0,120.0,120.36000000000001,122.0,122.0,123.0,123.0,124.0,124.79999999999995,125.0,126.0,126.0,127.0,128.0,128.0,129.0,130.0,131.0,131.0,132.0,133.0,134.0,134.0,134.0,135.0,135.0,136.0,137.0,137.60000000000002,138.84000000000003,140.08000000000004,141.32000000000005,142.55999999999995,143.0,145.0,146.0,149.51999999999998,153.51999999999998,158.0,134.0,1000.4588235318661,1000.678431391716,1000.8352941274643,2000.2235294133425,2000.4509803950787,2000.5803921818733,2000.6745098233223,2000.7490196228027,2000.8313725590706,3001.0,183.2215576171875,190.67147827148438,195.45993041992188,199.20028686523438,202.43240356445312,205.50223388671876,208.6189392089844,212.18624877929688,217.3262176513672,346.6529541015625,232.47383,0.0,test_data/Useful/Validation/Three eight at 1ft/WhatsApp Image 2024-08-23 at 11.02.13 (1).jpeg,1678.0,228.0,30.66673115492249
71,31.48,40.96,52.0,55.0,60.0,62.0,65.68,67.0,70.0,72.0,74.64,76.0,77.12,79.0,81.0,82.84,84.0,85.32,88.0,89.0,89.03999999999999,90.28,92.0,93.0,94.0,95.0,95.0,96.0,97.95999999999998,98.0,99.0,99.0,100.0,100.16000000000003,101.0,102.0,103.0,105.0,106.0,106.0,107.0,107.0,107.32,108.0,109.0,109.0,110.0,110.0,111.0,112.0,113.0,113.0,114.0,115.0,115.0,116.0,117.0,117.0,118.0,118.0,119.0,119.0,120.0,120.0,120.0,121.0,121.0,122.0,122.0,123.0,124.0,124.27999999999997,125.0,126.0,126.0,127.0,128.0,128.0,129.0,130.0,130.0,131.0,132.0,133.0,133.39999999999998,134.0,135.0,136.0,136.0,136.0,137.0,138.0,138.32000000000005,139.55999999999995,141.0,144.0,146.27999999999997,148.0,153.0,156.0,136.0,1000.4784313738346,1000.7019608020782,1000.866666674614,2000.2745098173618,2000.4666666686535,2000.5882353186607,2000.678431391716,2000.7490196228027,2000.8313725590706,3001.0,183.03342895507814,190.60301208496094,195.52476501464844,199.21331787109375,202.40379333496094,205.46685791015625,208.58023071289062,212.1510223388672,217.29444885253906,346.6484375,231.6048,0.0,test_data/Useful/Validation/Three eight at 1ft/WhatsApp Image 2024-08-23 at 11.02.13 (2).jpeg,1749.0,273.0,30.75544079132995
72,32.0,44.480000000000004,51.0,55.0,60.0,64.0,65.0,68.0,70.16,73.0,74.0,75.0,77.0,78.0,79.6,81.0,82.08000000000001,84.0,86.0,87.0,89.0,90.0,90.52000000000001,92.0,93.0,93.0,94.0,95.0,95.0,96.19999999999999,98.0,99.0,100.0,101.0,101.0,102.63999999999999,104.0,104.0,105.0,105.0,105.0,107.0,108.0,108.0,109.0,110.0,111.0,111.0,112.0,113.0,113.0,113.0,114.0,114.0,115.20000000000005,116.0,116.0,117.0,117.0,118.0,118.0,119.0,120.0,120.0,120.60000000000002,121.0,121.0,122.0,122.55999999999995,123.0,124.0,124.0,124.0,125.0,126.0,127.0,127.0,128.72000000000003,129.0,130.0,130.0,130.0,131.0,132.0,132.0,133.0,134.0,134.0,136.0,137.60000000000002,138.0,139.0,141.0,142.0,144.0,145.03999999999996,146.0,148.0,151.76,163.0,105.0,1000.4745098054409,1000.6941176652908,1000.8627451062202,2000.2784313857555,2000.4705882370472,2000.5921568870544,2000.678431391716,2000.7490196228027,2000.8313725590706,3001.0,182.84192810058593,190.53296813964843,195.32696533203125,199.11489562988282,202.33932495117188,205.39443969726562,208.48651580810548,212.04759216308594,217.34017944335938,346.6308898925781,232.97617,0.0,test_data/Useful/Validation/Three eight at 1ft/WhatsApp Image 2024-08-23 at 11.02.13.jpeg,1711.0,258.0,32.123778261917884
73,39.0,45.480000000000004,50.72,54.0,58.400000000000006,63.0,64.68,66.0,69.0,71.4,73.0,74.88,76.12,79.0,80.0,81.0,82.0,84.0,84.0,85.0,86.0,87.0,88.0,89.0,90.0,91.0,92.0,93.0,93.0,94.0,95.0,96.0,98.0,98.0,99.0,99.0,100.0,101.0,102.0,103.0,104.0,104.0,105.0,105.0,106.0,107.0,107.0,108.0,108.0,109.0,110.0,110.0,111.0,112.0,112.0,113.0,114.0,114.0,115.0,116.0,116.63999999999999,117.0,118.0,118.0,119.0,119.84000000000003,120.0,121.0,122.0,122.79999999999995,123.03999999999996,124.0,125.0,126.0,126.0,127.0,127.0,128.0,129.0,129.0,130.0,130.0,131.0,131.0,132.39999999999998,134.0,134.0,135.0,136.0,136.60000000000002,137.84000000000003,139.0,140.32000000000005,141.55999999999995,144.0,145.0,146.0,147.51999999999998,151.0,159.0,108.0,1000.4627451002598,1000.6823529601097,1000.8431372642517,2000.2470588237047,2000.4549019634724,2000.5803921818733,2000.6745098233223,2000.745098054409,2000.8274509906769,3001.0,182.8691864013672,190.43997192382812,195.30979766845704,199.02777709960938,202.2703399658203,205.30596923828125,208.4325408935547,212.05416870117188,217.23699951171875,346.625732421875,232.40288,0.0,test_data/Useful/Validation/Three eight at 1ft/WhatsApp Image 2024-08-23 at 11.02.14 (1).jpeg,1700.0,235.0,31.48196949452077
74,31.48,38.44,49.0,51.0,54.0,57.0,60.360000000000014,64.84,68.16,71.0,74.0,77.0,79.0,81.0,82.0,83.0,84.0,86.0,86.0,87.0,88.0,89.0,90.0,91.75999999999999,93.0,95.0,96.0,97.0,98.95999999999998,100.0,100.0,101.0,102.0,102.0,103.0,103.0,104.0,106.0,106.0,107.0,107.0,109.0,110.0,110.0,111.0,112.0,112.27999999999997,113.0,114.0,115.0,115.0,115.0,116.0,116.0,117.0,117.0,118.0,119.0,119.0,119.39999999999998,120.0,121.0,121.0,122.0,122.0,123.0,123.0,124.0,124.0,125.0,126.0,126.0,126.51999999999998,127.0,128.0,128.0,129.0,130.0,130.0,131.0,131.0,132.0,132.0,133.0,133.0,134.0,135.0,135.0,136.0,136.0,137.0,139.0,139.32000000000005,141.0,142.0,143.03999999999996,145.0,149.51999999999998,153.0,171.0,115.0,1000.4745098054409,1000.7019608020782,1000.8784313797951,2000.298039227724,2000.4784313738346,2000.5960784554482,2000.6823529601097,2000.7529411911964,2000.8352941274643,3001.0,182.85206604003906,190.47201538085938,195.30438995361328,199.0628448486328,202.31094360351562,205.4041748046875,208.50759582519532,212.09160461425782,217.29244537353514,346.624267578125,233.89331,0.0,test_data/Useful/Validation/Three eight at 1ft/WhatsApp Image 2024-08-23 at 11.02.14 (2).jpeg,1660.0,270.0,34.413005006914574
75,41.72,52.480000000000004,56.0,58.96,63.2,66.44,70.0,72.0,74.0,77.0,79.0,81.0,82.0,84.36000000000001,86.0,87.0,88.0,89.32,91.0,92.0,93.0,94.0,95.0,95.0,96.0,97.0,98.48000000000002,100.0,101.0,102.0,103.0,103.0,104.0,105.0,106.0,106.0,107.0,107.0,108.0,108.0,110.0,110.0,111.0,112.0,112.0,113.0,114.0,114.0,114.0,115.0,116.0,116.0,117.0,117.0,118.0,118.0,119.0,119.0,119.15999999999997,120.0,121.0,121.0,121.12,122.0,123.0,123.0,123.0,124.0,125.0,125.0,126.0,127.0,127.0,128.0,128.0,129.0,130.0,130.0,131.0,132.0,133.0,134.0,135.0,135.15999999999997,136.0,137.0,138.0,138.0,139.0,139.0,140.0,141.0,142.0,143.0,144.0,146.0,148.0,149.0,152.51999999999998,159.0,119.0,1000.3490196168423,1000.5568627715111,1000.6941176652908,1000.7803921699524,1000.8588235378265,1000.9450980424881,2000.2666666805744,2000.5921568870544,2000.7607843279839,3001.0,183.69681396484376,191.32951965332032,196.15911712646485,199.87888793945314,203.11337280273438,206.15216064453125,209.2667999267578,212.75729370117188,217.74288940429688,346.499267578125,231.43935,0.0,test_data/Useful/Validation/Three eight at 1ft/WhatsApp Image 2024-08-23 at 11.02.14.jpeg,1815.0,246.0,28.25214159277029
76,38.480000000000004,45.480000000000004,54.72,58.0,61.2,66.44,68.0,70.92,74.0,76.0,79.0,80.0,82.12,84.36000000000001,87.0,88.0,88.08000000000001,90.0,92.0,93.0,94.0,94.0,95.0,95.0,97.0,98.0,99.0,99.0,99.0,100.0,100.44,101.0,102.0,103.0,104.0,105.0,105.0,106.0,106.36000000000001,107.0,108.0,109.0,109.32,110.0,111.0,111.0,112.0,113.0,114.0,115.0,115.0,116.0,117.0,118.0,118.0,119.0,119.0,120.0,120.15999999999997,121.0,122.0,122.88,123.0,124.0,125.0,125.0,126.0,127.0,127.0,128.0,128.0,129.0,129.0,130.0,130.0,131.0,132.0,132.0,133.0,133.0,134.0,134.0,135.0,136.0,137.0,137.0,138.0,139.0,140.0,140.0,141.0,142.08000000000004,143.32000000000005,144.55999999999995,145.0,146.03999999999996,148.0,150.0,153.76,157.0,99.0,1000.2980392277241,1000.4941176474094,1000.6196078658104,1000.7372549176216,2000.1294117718935,2000.392156869173,2000.5372549295425,2000.6313725709915,2000.717647075653,3000.9764705896378,182.68804931640625,190.2383270263672,195.13833618164062,198.8306427001953,202.08377075195312,205.15526123046874,208.23604583740234,211.81728515625,217.009765625,346.9740295410156,230.07103,0.0,test_data/Useful/Validation/Three eight at 1ft/WhatsApp Image 2024-08-23 at 11.02.15 (1).jpeg,1687.0,256.0,36.197458477590516
77,43.24,50.96,58.44,62.0,65.2,67.44,69.0,73.92,78.0,79.4,81.0,82.0,83.0,84.0,85.0,86.0,87.0,88.0,89.0,90.0,92.0,92.28,93.0,93.75999999999999,95.0,95.24000000000001,97.0,97.0,98.0,99.0,100.0,100.0,101.0,102.0,103.0,103.0,104.0,105.0,106.0,106.0,107.0,108.0,108.32,109.56,110.0,111.0,112.0,112.0,113.0,113.0,114.0,115.0,115.0,116.0,117.0,117.0,118.0,118.91999999999996,119.0,120.0,120.63999999999999,121.0,122.0,122.36000000000001,124.0,124.0,125.0,126.0,126.0,127.0,128.0,128.0,129.0,129.0,130.0,130.0,131.0,132.0,132.0,132.0,133.44000000000005,134.0,135.0,135.0,136.0,136.0,137.0,138.0,139.0,140.0,141.0,142.0,143.0,144.0,145.0,146.03999999999996,147.27999999999997,149.51999999999998,151.76,158.0,132.0,1000.3098039329052,1000.5019608139992,1000.6274510025978,1000.7529411911964,2000.188235297799,2000.4156862795353,2000.5490196347237,2000.6352941393852,2000.7215686440468,3001.0,182.59828186035156,190.21246337890625,195.0725555419922,198.79857482910157,202.05862426757812,205.14039611816406,208.22149658203125,211.79098510742188,216.98910522460938,347.0206298828125,231.72844,0.0,test_data/Useful/Validation/Three eight at 1ft/WhatsApp Image 2024-08-23 at 11.02.15 (2).jpeg,1670.0,234.0,33.26350166087137
78,32.480000000000004,47.96,52.72,56.0,58.400000000000006,64.44,68.0,70.92,73.0,75.0,76.0,77.0,79.12,83.0,84.0,86.0,87.08000000000001,88.32,90.0,92.0,92.03999999999999,93.0,94.0,94.75999999999999,96.0,97.0,97.0,98.0,99.0,100.0,100.0,101.0,101.92000000000002,102.0,103.0,103.0,104.0,105.0,105.0,106.0,107.0,108.0,108.0,109.0,109.0,109.04000000000002,110.0,111.51999999999998,112.0,113.0,113.0,114.0,115.0,115.0,116.0,117.0,118.0,118.0,119.0,120.0,120.0,121.0,121.0,122.0,123.0,123.0,124.0,125.0,125.0,126.0,126.0,127.0,128.0,128.0,129.0,129.0,130.0,130.0,131.0,131.0,132.0,133.0,134.0,135.0,136.0,136.0,138.0,139.0,139.0,140.0,141.0,143.08000000000004,144.0,145.0,146.0,148.0,150.0,153.0,155.0,161.0,123.0,1000.3490196168423,1000.5607843399048,1000.6941176652908,1000.7843137383461,1000.8627451062202,1000.9647058844566,2000.3764705955982,2000.6313725709915,2000.7803921699524,3001.0,183.68577575683594,191.2288055419922,196.07906188964844,199.90560913085938,203.14134216308594,206.2178192138672,209.26861572265625,212.78277587890625,217.7420654296875,346.565185546875,232.61792,0.0,test_data/Useful/Validation/Three eight at 1ft/WhatsApp Image 2024-08-23 at 11.02.15.jpeg,1831.0,250.0,32.4155671199334
79,40.24,53.44,58.72,63.0,65.60000000000001,70.0,73.68,75.0,77.0,79.0,81.0,81.88,83.0,84.0,84.0,85.84,87.0,89.0,89.0,89.80000000000001,91.0,92.0,93.0,94.0,95.0,95.0,96.0,97.0,97.95999999999998,98.0,99.0,100.0,100.0,102.0,102.39999999999998,103.0,104.88,105.0,106.36000000000001,107.0,107.0,108.0,108.32,109.0,110.0,111.0,111.0,112.0,113.0,113.0,114.0,115.0,116.0,116.0,116.0,117.0,118.0,118.0,119.0,120.0,120.63999999999999,121.0,122.0,122.0,123.0,123.0,123.0,124.0,124.0,125.0,126.0,126.0,127.0,127.0,128.0,129.0,130.0,130.0,131.0,132.0,132.0,132.67999999999995,133.0,134.0,134.0,135.0,135.0,136.0,138.0,139.0,139.0,139.0,140.0,140.0,142.0,143.0,147.0,151.0,156.0,168.0,116.0,1000.2980392277241,1000.4823529422283,1000.6078431606293,1000.7137255072594,2000.023529412225,2000.352941185236,2000.517647087574,2000.6196078658104,2000.7137255072594,3001.0,182.45172119140625,190.16085815429688,194.89242248535157,198.59294738769532,201.82879638671875,204.9076934814453,208.0694320678711,211.6431640625,216.96292114257812,346.8655090332031,229.71611,0.0,test_data/Useful/Validation/Three eight at 1ft/WhatsApp Image 2024-08-23 at 11.02.16 (1).jpeg,1667.0,242.0,25.236345482025683
80,42.0,51.44,56.0,59.96,63.2,66.0,69.68,71.92,75.0,77.0,79.64,81.0,83.0,84.0,85.0,86.0,88.0,89.0,90.56,92.0,93.0,94.0,96.0,98.0,99.0,100.0,101.0,102.0,102.0,103.19999999999999,104.44,105.0,105.0,106.0,107.0,108.0,108.0,108.0,109.36000000000001,110.60000000000002,111.0,112.0,113.0,113.0,114.0,115.0,116.0,116.0,117.0,117.0,118.0,119.0,119.0,120.96000000000004,121.20000000000005,122.0,122.0,123.0,124.0,124.0,125.0,125.0,126.0,126.36000000000001,127.0,127.0,128.0,129.0,129.0,130.0,130.0,131.0,131.51999999999998,132.0,132.0,133.0,133.0,134.0,135.0,135.20000000000005,136.0,137.0,137.0,138.0,139.0,139.64,140.0,141.0,142.0,142.60000000000002,143.0,145.0,146.0,147.55999999999995,149.0,150.0,152.0,153.0,155.0,162.0,108.0,1000.2117647081614,1000.3960784375668,1000.5333333611488,1000.6352941393852,1000.7294117808342,1000.9529411792755,2000.4235294163227,2000.6078431606293,2000.717647075653,3001.0,183.30206298828125,190.98013305664062,195.74832916259766,199.50580444335938,202.70355224609375,205.72868957519532,208.80062866210938,212.27792358398438,217.16896057128906,346.94232177734375,231.02203,0.0,test_data/Useful/Validation/Three eight at 1ft/WhatsApp Image 2024-08-23 at 11.02.44 (1).jpeg,1754.0,229.0,33.69265649898431
81,39.0,46.44,56.0,58.96,64.0,66.44,68.68,72.92,75.0,76.4,78.64,80.88,83.12,85.0,86.0,87.84,88.08000000000001,89.0,91.0,92.0,94.0,94.0,95.0,96.0,97.0,99.0,100.0,100.0,101.0,102.19999999999999,104.0,104.0,105.0,106.0,106.39999999999998,108.0,108.0,108.0,109.0,110.0,110.0,111.0,112.0,113.0,114.0,115.0,116.0,117.0,117.0,118.0,118.0,119.0,119.0,120.0,120.0,120.0,121.0,121.0,122.0,122.0,123.0,124.0,124.12,125.0,126.0,126.0,127.0,127.0,128.0,128.0,129.0,129.0,129.0,130.0,131.0,131.0,132.0,133.0,133.0,133.20000000000005,134.0,135.0,135.91999999999996,136.0,137.0,138.0,138.0,139.0,139.36,140.0,141.0,142.0,143.0,144.0,145.0,146.0,147.27999999999997,149.0,153.51999999999998,162.0,129.0,1000.2000000029802,1000.3725490272045,1000.5058823823929,1000.6078431606293,1000.6941176652908,1000.811764717102,2000.3333333432674,2000.584313750267,2000.705882370472,3000.988235294819,183.14181213378907,190.7378662109375,195.53359375,199.24799194335938,202.4882354736328,205.55188598632813,208.64947814941405,212.16610717773438,217.305419921875,346.8661804199219,229.85416,0.0,test_data/Useful/Validation/Three eight at 1ft/WhatsApp Image 2024-08-23 at 11.02.44.jpeg,1761.0,271.0,22.879639864129672
82,49.0,54.0,61.72,64.92,68.0,71.44,73.0,74.92,77.16,78.4,79.0,81.0,83.0,84.0,85.0,86.0,87.0,88.32,89.56,91.0,93.0,93.28,95.52000000000001,96.75999999999999,97.0,98.0,99.0,99.0,100.0,101.0,101.44,102.0,103.0,104.16000000000003,105.0,105.63999999999999,106.0,107.0,108.0,108.0,109.0,110.0,111.0,112.0,112.0,112.04000000000002,113.0,114.0,115.0,115.0,116.0,116.0,117.0,118.0,118.0,119.0,119.0,120.0,121.0,121.0,122.0,122.0,123.0,124.0,125.0,125.0,126.0,126.0,127.0,127.0,128.0,128.0,129.0,129.76,130.0,131.0,131.48000000000002,132.0,133.0,133.20000000000005,134.0,134.0,135.0,135.0,137.0,138.0,139.0,139.0,140.0,141.0,141.0,142.0,143.0,144.0,144.79999999999995,146.0,148.0,149.51999999999998,154.27999999999997,161.0,119.0,1000.2078431397676,1000.3882353007793,1000.5254902243614,1000.6274510025978,1000.7215686440468,1000.8980392217636,2000.4000000059605,2000.5960784554482,2000.705882370472,3001.0,183.23159942626953,190.81409912109376,195.58679656982423,199.3425506591797,202.55768585205078,205.54857177734374,208.63296203613282,212.13116455078125,217.17459106445312,346.892333984375,230.81831,0.0,test_data/Useful/Validation/Three eight at 1ft/WhatsApp Image 2024-08-23 at 11.02.45 (1).jpeg,1794.0,250.0,29.906667089639548
83,43.0,49.96,55.0,58.92,61.2,64.0,67.0,69.0,72.0,73.4,77.0,79.0,80.0,81.36000000000001,83.0,85.0,87.08000000000001,89.0,90.0,91.0,92.03999999999999,94.0,95.0,96.0,96.0,97.0,98.0,99.0,100.0,100.19999999999999,101.44,102.0,103.0,105.0,105.39999999999998,106.0,107.0,108.0,109.0,109.0,110.0,110.07999999999998,111.0,112.0,113.0,114.0,115.0,115.51999999999998,116.0,117.0,117.24000000000001,118.0,119.0,119.0,119.0,120.0,120.0,121.0,121.0,122.0,122.0,123.0,123.0,124.0,124.0,124.84000000000003,125.0,126.0,127.0,127.0,128.0,128.0,129.0,129.0,130.0,130.0,131.0,132.0,132.96000000000004,133.0,133.0,134.0,134.0,135.0,135.39999999999998,136.0,137.0,138.0,139.0,140.0,141.0,142.0,143.0,144.55999999999995,146.0,148.0,150.0,153.0,155.0,162.0,119.0,1000.1960784345865,1000.3686274588108,1000.5019608139992,1000.6039215922356,1000.6901960968971,1000.7921568751335,2000.2666666805744,2000.572549045086,2000.705882370472,3001.0,183.2151885986328,190.91473693847655,195.7314453125,199.487060546875,202.69833374023438,205.70965576171875,208.7979736328125,212.30911254882812,217.30838012695312,346.874267578125,232.14317,0.0,test_data/Useful/Validation/Three eight at 1ft/WhatsApp Image 2024-08-23 at 11.02.45 (2).jpeg,1842.0,248.0,20.0
84,38.24,48.480000000000004,56.0,62.0,66.2,69.0,70.0,74.0,76.0,79.0,81.64,83.0,85.0,86.0,87.6,88.0,89.08000000000001,91.32,92.56,94.80000000000001,96.0,97.0,97.52000000000001,98.0,99.0,100.0,101.0,102.0,103.0,103.19999999999999,104.0,105.0,106.0,107.0,107.0,108.0,109.0,109.0,110.0,111.0,111.83999999999997,112.0,113.32,114.0,114.0,115.0,116.0,116.0,117.0,117.0,118.0,119.0,119.0,119.0,120.0,120.0,121.0,122.0,123.0,123.0,123.0,124.0,124.0,125.0,126.0,127.0,127.0,128.0,128.0,129.0,129.0,130.0,131.0,132.0,132.0,133.0,133.0,134.0,134.0,135.20000000000005,136.0,136.0,137.0,138.0,138.0,139.0,140.0,141.0,142.0,142.0,143.0,145.0,145.32000000000005,147.0,148.0,149.0,150.27999999999997,153.51999999999998,156.76,161.0,119.0,1000.2117647081614,1000.3960784375668,1000.5333333611488,1000.6352941393852,1000.7333333492279,1000.9254902005196,2000.4235294163227,2000.611764729023,2000.7215686440468,3001.0,183.3304672241211,190.91808166503907,195.6928253173828,199.43896484375,202.71856689453125,205.79037170410157,208.83937225341796,212.2846221923828,217.27760314941406,346.86962890625,231.83987,0.0,test_data/Useful/Validation/Three eight at 1ft/WhatsApp Image 2024-08-23 at 11.02.45 (3).jpeg,1786.0,240.0,29.402850925080607
85,40.480000000000004,49.0,54.72,58.96,64.0,66.44,69.0,70.92,72.16,75.0,76.0,76.88,78.0,79.0,81.0,83.0,84.0,85.0,87.0,88.0,89.0,90.0,91.0,91.75999999999999,93.0,94.0,95.0,97.0,97.0,98.0,100.0,102.0,103.0,104.0,105.0,105.0,106.0,107.0,108.0,109.0,109.0,110.0,110.32,111.0,112.0,113.0,113.0,114.0,115.0,115.0,116.0,116.48000000000002,117.0,117.96000000000004,118.0,118.0,120.0,120.0,121.0,121.0,122.0,122.88,123.0,124.0,125.0,125.0,126.0,127.0,127.0,128.0,129.0,130.0,130.0,130.0,131.0,131.0,132.0,133.0,134.0,134.20000000000005,135.0,136.0,137.0,138.0,138.0,139.0,140.0,140.0,141.0,142.0,142.0,143.0,144.0,146.0,147.0,148.03999999999996,150.0,151.51999999999998,154.0,169.0,130.0,1000.2000000029802,1000.3764705955982,1000.5098039507866,1000.611764729023,1000.6901960968971,1000.7882353067398,2000.243137255311,2000.5686274766922,2000.705882370472,3000.9960784316063,183.4540817260742,191.05780334472655,195.86407470703125,199.55242919921875,202.78489685058594,205.74165954589844,208.800830078125,212.29689941406252,217.3246063232422,346.9387512207031,231.8696,0.0,test_data/Useful/Validation/Three eight at 1ft/WhatsApp Image 2024-08-23 at 11.02.45.jpeg,1872.0,257.0,31.05129222669809
86,36.480000000000004,46.400000000000006,53.0,56.0,60.0,64.0,67.36000000000001,70.92,73.0,74.4,77.64,79.0,80.0,82.0,84.0,85.0,86.0,87.0,88.0,89.0,90.0,92.0,92.0,94.0,95.0,95.24000000000001,97.0,98.0,100.0,101.0,101.0,102.0,103.0,104.0,105.0,106.0,107.0,108.0,109.0,110.0,110.0,111.0,112.0,112.0,113.0,113.0,114.0,115.0,115.75999999999999,116.0,117.0,117.0,118.0,118.0,119.0,120.0,121.0,121.0,122.0,123.0,123.0,124.0,125.0,125.0,126.0,127.0,127.0,128.0,128.0,129.0,129.0,130.0,131.0,131.0,132.0,132.0,133.0,133.72000000000003,134.0,135.0,136.0,137.0,137.91999999999996,138.0,139.0,139.0,140.88,141.0,143.0,143.0,144.0,146.0,147.0,148.0,148.79999999999995,150.03999999999996,152.27999999999997,154.51999999999998,157.0,165.0,127.0,1000.1960784345865,1000.3686274588108,1000.5019608139992,1000.6000000238419,1000.6823529601097,1000.7803921699524,2000.2078431397676,2000.5529412031174,2000.6980392336845,3001.0,183.2134246826172,190.8153839111328,195.61566162109375,199.4198760986328,202.61846923828125,205.67807006835938,208.7926513671875,212.28317260742188,217.31575469970704,346.8637390136719,231.45622,0.0,test_data/Useful/Validation/Three eight at 1ft/WhatsApp Image 2024-08-23 at 11.02.46 (1).jpeg,1860.0,251.0,29.842347645632987
87,42.0,49.0,55.0,58.0,64.4,69.0,70.68,75.84,78.0,79.4,82.0,83.88,85.0,87.36000000000001,88.6,90.0,90.0,91.0,92.0,92.0,93.0,94.0,95.0,96.0,97.0,98.24000000000001,99.48000000000002,100.72000000000003,102.0,102.19999999999999,103.0,104.0,105.0,106.0,106.39999999999998,108.0,108.0,109.0,109.0,110.0,112.0,112.0,113.0,114.0,114.0,115.0,116.0,116.0,117.0,118.0,118.0,119.0,119.72000000000003,120.0,121.0,122.0,122.0,123.0,123.0,124.0,124.0,125.0,125.0,125.0,126.0,126.0,126.0,127.0,128.0,128.0,129.0,129.27999999999997,130.0,131.0,131.0,132.0,133.0,134.0,134.0,135.0,135.0,136.0,136.0,137.0,138.0,138.64,139.0,140.0,141.0,142.0,143.0,144.0,146.0,147.55999999999995,149.79999999999995,151.0,152.0,153.0,156.76,162.0,126.0,1000.2078431397676,1000.3803921639919,1000.5137255191803,1000.611764729023,1000.6941176652908,1000.8039215803146,2000.3176470696926,2000.5764706134796,2000.6980392336845,3000.9960784316063,183.01357727050782,190.6237030029297,195.42859954833983,199.1801544189453,202.4194793701172,205.4634246826172,208.5626220703125,212.1319580078125,217.2602081298828,346.8721923828125,231.8557,0.0,test_data/Useful/Validation/Three eight at 1ft/WhatsApp Image 2024-08-23 at 11.02.46.jpeg,1705.0,231.0,28.097156750248093
88,40.72,53.0,60.0,63.0,66.0,68.44,71.0,73.0,75.0,76.0,78.0,81.0,82.0,83.36000000000001,85.0,86.68,88.0,89.0,90.0,91.0,93.0,93.0,94.52000000000001,96.0,96.0,97.0,98.0,99.0,99.0,100.0,101.0,102.0,102.0,103.0,103.39999999999998,104.63999999999999,105.0,106.0,106.0,107.0,107.83999999999997,108.0,108.32,109.0,110.0,111.0,112.0,112.51999999999998,113.0,114.0,114.0,115.0,115.0,115.0,116.0,117.0,117.0,118.0,119.0,120.0,120.0,121.0,121.0,122.0,123.0,123.0,124.0,125.0,125.0,126.0,127.0,127.27999999999997,128.0,129.0,130.0,131.0,131.0,132.0,133.96000000000004,134.20000000000005,135.0,136.0,136.0,137.0,138.0,139.0,139.0,140.0,141.0,141.0,142.0,143.0,144.0,144.55999999999995,145.79999999999995,146.03999999999996,147.27999999999997,150.51999999999998,153.0,157.0,115.0,1000.2156862765551,1000.3960784375668,1000.5333333611488,1000.6352941393852,1000.7333333492279,1000.9647058844566,2000.4313725531101,2000.6078431606293,2000.717647075653,3000.988235294819,183.35848693847657,190.96920471191407,195.7718048095703,199.46015319824218,202.7326202392578,205.76568603515625,208.8806915283203,212.33091735839844,217.28152465820312,346.95281982421875,231.87654,0.0,test_data/Useful/Validation/Three eight at 1ft/WhatsApp Image 2024-08-23 at 11.02.47 (1).jpeg,1854.0,221.0,28.911206682846398
89,32.72,46.96,52.0,56.96,60.0,63.0,66.68,69.92,72.0,73.4,76.0,77.0,79.0,81.0,82.6,84.0,85.08000000000001,87.0,89.0,90.0,91.0,91.0,92.0,94.0,95.0,97.0,97.48000000000002,98.0,99.0,101.0,102.0,102.0,103.0,104.0,105.0,105.0,107.0,108.0,108.0,109.0,109.0,110.0,111.0,111.0,112.0,113.0,113.27999999999997,114.0,115.0,116.0,116.0,117.0,118.0,119.0,119.20000000000005,120.0,121.0,121.0,122.0,123.0,123.0,124.0,124.12,125.0,125.0,126.0,127.0,127.0,128.0,128.0,128.0,129.0,129.0,130.0,130.0,131.0,132.0,132.0,133.0,134.0,134.0,134.0,135.0,136.0,136.0,137.0,138.0,138.0,139.0,139.60000000000002,140.84000000000003,141.0,143.0,144.0,145.0,146.0,147.0,149.0,152.76,165.0,128.0,1000.1960784345865,1000.3686274588108,1000.5019608139992,1000.6000000238419,1000.6823529601097,1000.7803921699524,2000.2235294133425,2000.5490196347237,2000.6941176652908,3000.9960784316063,183.1510772705078,190.84327697753906,195.61341857910156,199.35340881347656,202.5559844970703,205.5813751220703,208.7355194091797,212.22760009765625,217.26458740234375,346.8763427734375,231.60707,0.0,test_data/Useful/Validation/Three eight at 1ft/WhatsApp Image 2024-08-23 at 11.02.47 (2).jpeg,1841.0,253.0,22.287240717210974
90,41.96,55.0,60.0,65.96000000000001,67.2,70.0,73.0,74.0,77.0,78.4,81.64,83.0,85.0,87.0,88.0,88.84,90.0,91.0,92.0,93.0,94.03999999999999,95.0,96.0,97.0,97.0,98.0,99.0,100.0,101.0,102.0,103.0,103.68,105.0,106.0,107.0,107.63999999999999,108.0,109.0,110.0,111.0,111.0,112.0,113.0,114.0,114.0,115.0,116.0,116.0,116.75999999999999,117.0,118.0,118.48000000000002,119.0,119.96000000000004,120.0,121.0,121.0,122.0,122.0,123.0,124.0,124.88,125.0,125.36000000000001,126.0,126.0,127.0,127.0,129.0,129.0,129.03999999999996,130.0,131.0,131.0,132.0,133.0,133.0,134.0,134.0,135.0,136.0,136.0,137.0,137.0,137.39999999999998,138.0,139.0,139.0,140.0,140.0,141.0,142.0,143.0,144.0,146.0,148.0,150.0,153.0,157.0,163.0,121.0,1000.2196078449488,1000.4000000059605,1000.5333333611488,1000.6352941393852,1000.7333333492279,2000.06274510175,2000.4352941215038,2000.6039215922356,2000.705882370472,3001.0,182.98621215820313,190.57879028320312,195.40326995849608,199.15664672851562,202.35456085205078,205.41236877441406,208.51846618652343,212.01966857910156,217.1222686767578,346.8873596191406,232.11057,0.0,test_data/Useful/Validation/Three eight at 1ft/WhatsApp Image 2024-08-23 at 11.02.47.jpeg,1778.0,236.0,30.412544219269826
91,39.480000000000004,47.0,54.0,61.96,69.0,71.0,73.68,76.0,78.16,80.0,81.0,83.0,86.0,86.0,87.0,88.0,89.0,90.0,91.0,92.0,93.0,94.0,95.0,96.0,97.0,98.0,99.0,99.0,100.0,101.0,101.0,101.0,103.0,104.0,104.0,104.0,105.0,106.0,107.0,107.0,108.0,109.0,110.0,110.0,111.0,111.0,112.0,112.0,113.0,114.0,115.0,115.0,115.72000000000003,116.0,117.20000000000005,118.0,119.0,119.0,120.0,120.0,121.0,122.0,122.0,123.0,124.0,124.84000000000003,125.0,125.0,126.0,126.0,127.0,127.0,128.0,128.0,129.0,129.0,130.48000000000002,131.0,131.96000000000004,132.0,133.0,134.0,134.0,135.0,136.0,136.64,138.0,139.0,139.0,140.0,142.0,143.0,144.0,146.0,146.79999999999995,148.03999999999996,149.0,151.0,153.76,161.0,119.0,1000.2823529541492,1000.4666666686535,1000.5921568870544,1000.6862745285034,1000.8313725590706,2000.2509804069996,2000.4705882370472,2000.611764729023,2000.705882370472,3000.9960784316063,182.46034240722656,190.02655029296875,194.89907836914062,198.64199829101562,201.86912536621094,204.95321655273438,208.09259033203125,211.74790954589844,217.0303955078125,346.7713623046875,232.91429,0.0,test_data/Useful/Validation/Three eight at 1ft/WhatsApp Image 2024-08-23 at 11.02.48 (1).jpeg,1775.0,236.0,27.842111437719012
92,32.24,40.0,47.72,51.0,59.0,64.0,67.0,69.0,72.16,75.0,76.0,78.0,79.12,81.36000000000001,84.6,86.0,87.0,88.0,90.0,90.0,92.0,93.0,94.0,95.0,96.0,97.0,98.0,99.0,99.95999999999998,100.0,101.0,101.0,102.0,103.0,104.0,105.63999999999999,106.0,107.0,108.0,109.0,110.0,110.0,110.0,111.56,112.0,113.0,114.0,114.0,115.0,117.0,117.0,118.0,118.72000000000003,119.0,119.20000000000005,120.0,120.67999999999995,121.0,121.0,122.0,122.0,123.0,124.0,125.0,125.0,125.0,126.0,126.0,127.0,127.0,128.0,128.0,129.0,130.0,130.0,130.0,131.0,132.0,132.0,133.0,133.0,134.0,134.0,135.15999999999997,136.0,137.0,137.88,138.0,139.0,140.0,141.84000000000003,142.0,144.32000000000005,145.0,147.0,148.0,149.0,151.0,154.0,165.0,130.0,1000.2470588237047,1000.4235294163227,1000.54509806633,1000.6313725709915,1000.7137255072594,1000.8588235378265,2000.32549020648,2000.5607843399048,2000.6901960968971,3000.9921568632126,182.416015625,190.0404052734375,194.87266845703124,198.60155029296874,201.874755859375,204.98077392578125,208.09568786621094,211.76968383789062,217.08963012695312,346.7500305175781,232.56104,0.0,test_data/Useful/Validation/Three eight at 1ft/WhatsApp Image 2024-08-23 at 11.02.48 (2).jpeg,1737.0,227.0,32.1855686562683
93,40.480000000000004,47.92,55.0,61.96,66.0,69.0,71.0,72.0,76.0,78.0,79.64,81.0,82.12,83.36000000000001,84.6,86.0,88.0,89.0,89.0,91.0,92.0,93.0,94.0,95.0,97.0,98.0,99.0,100.0,101.0,102.0,102.0,103.0,104.0,105.0,106.0,107.0,107.0,108.0,109.0,110.0,110.0,111.0,112.0,112.56,113.0,113.0,114.0,114.0,115.0,115.0,116.0,117.0,117.0,118.0,119.0,120.0,120.0,121.0,121.0,122.0,123.0,124.0,125.0,125.0,125.0,125.84000000000003,126.0,127.0,127.55999999999995,128.0,128.03999999999996,129.0,130.0,131.0,131.0,132.0,133.0,133.0,134.0,134.20000000000005,135.0,136.0,136.0,137.0,137.0,138.0,138.88,139.12,140.0,141.0,142.0,143.0,144.0,145.0,147.0,150.03999999999996,152.0,154.0,156.0,162.0,125.0,1000.2039215713739,1000.3843137323856,1000.5215686559677,1000.6235294342041,1000.7176470756531,1000.8901960849762,2000.392156869173,2000.5960784554482,2000.7098039388657,3001.0,183.38573455810547,190.8690643310547,195.69125366210938,199.4014129638672,202.6373291015625,205.62604675292968,208.65306396484374,212.18569946289062,217.17222595214844,346.8866271972656,231.53624,0.0,test_data/Useful/Validation/Three eight at 1ft/WhatsApp Image 2024-08-23 at 11.02.48.jpeg,1784.0,243.0,34.86523645573482
94,40.96,49.480000000000004,54.44,57.0,62.2,67.44,68.68,70.0,72.16,75.0,78.64,80.0,82.0,83.36000000000001,84.0,86.0,86.08000000000001,87.0,88.0,89.0,92.0,93.0,93.0,94.0,95.0,96.24000000000001,98.0,98.0,99.0,100.0,100.0,101.0,101.0,102.0,104.0,105.0,105.88,106.0,107.0,107.0,108.0,109.0,109.32,110.0,111.0,112.0,112.27999999999997,113.0,113.75999999999999,115.0,115.24000000000001,116.0,117.0,118.0,118.0,119.0,120.0,120.91999999999996,121.0,122.0,122.0,123.0,123.0,124.0,124.0,124.84000000000003,125.0,126.0,127.0,127.0,127.0,128.0,128.0,129.0,129.0,130.0,130.0,131.0,131.0,132.0,132.0,134.0,134.0,135.15999999999997,136.0,136.64,137.88,139.0,139.36,140.0,141.0,142.08000000000004,143.32000000000005,145.0,146.0,148.0,150.0,151.0,154.0,172.0,127.0,1000.258823543787,1000.4313725531101,1000.5568627715111,1000.6431372761726,1000.7333333492279,2000.0078431377187,2000.3764705955982,2000.5764706134796,2000.6941176652908,3001.0,182.29144897460938,190.0002899169922,194.82400512695312,198.6225555419922,201.85873413085938,204.94777221679686,208.11378479003906,211.74566650390625,217.12445068359375,346.73724365234375,232.39423,0.0,test_data/Useful/Validation/Three eight at 1ft/WhatsApp Image 2024-08-23 at 11.02.49 (1).jpeg,1733.0,260.0,34.56498674931409
95,41.480000000000004,50.480000000000004,57.0,63.96,67.2,71.0,74.36000000000001,76.0,77.16,79.0,81.64,83.88,85.12,88.0,89.0,90.0,90.0,91.0,93.0,93.0,95.0,95.28,96.0,97.0,99.0,99.24000000000001,101.0,102.0,102.0,103.0,104.44,105.0,106.0,107.0,108.0,108.63999999999999,109.0,110.0,110.0,110.60000000000002,111.0,112.0,112.0,112.56,113.0,114.0,114.0,115.0,115.0,116.0,117.0,117.0,118.0,118.0,119.0,119.44000000000005,120.0,121.0,122.0,122.0,123.0,123.88,124.0,125.0,125.0,126.0,126.0,127.0,128.0,129.0,130.0,130.0,131.0,132.0,132.0,132.24,133.0,134.0,134.0,134.20000000000005,135.0,136.0,136.0,137.0,137.0,138.0,138.88,140.0,140.0,141.0,142.0,142.08000000000004,143.0,145.0,146.79999999999995,148.0,149.0,151.0,154.0,165.0,112.0,1000.2705882489681,1000.4549019634724,1000.5803921818733,1000.678431391716,1000.8039215803146,2000.2235294133425,2000.458823531866,2000.6078431606293,2000.705882370472,3000.9960784316063,182.71451568603516,190.28309631347656,195.04705810546875,198.82244873046875,202.05382537841797,205.11509704589844,208.2349853515625,211.85397338867188,217.1700897216797,346.76953125,231.5216,0.0,test_data/Useful/Validation/Three eight at 1ft/WhatsApp Image 2024-08-23 at 11.02.49 (2).jpeg,1697.0,216.0,26.079679711003383
96,42.24,51.480000000000004,54.72,57.0,61.2,65.44,68.0,70.0,71.16,74.4,77.0,78.0,80.0,82.0,83.0,85.0,86.0,88.0,88.0,90.0,91.03999999999999,93.0,94.0,95.0,97.0,98.0,99.0,99.72000000000003,100.95999999999998,101.19999999999999,102.0,103.0,103.0,104.0,105.0,105.0,106.0,108.0,108.0,109.0,110.0,111.0,111.0,112.0,112.0,113.0,113.0,114.0,114.0,115.0,115.24000000000001,116.0,117.0,118.0,119.0,119.0,120.0,120.0,121.0,121.0,122.0,122.0,123.0,123.0,123.0,124.0,125.0,126.0,126.0,126.0,127.0,128.0,128.0,129.0,130.0,131.0,131.0,132.0,132.0,133.0,133.0,134.0,134.0,135.0,135.0,136.0,137.0,137.0,138.0,139.0,140.0,140.0,141.32000000000005,142.55999999999995,144.0,145.0,146.0,148.0,151.51999999999998,175.0,122.0,1000.2627451121807,1000.4392156898975,1000.5647059082985,1000.6549019813538,1000.7490196228027,2000.0901960805058,2000.4039215743542,2000.5882353186607,2000.6980392336845,3000.9921568632126,182.28817749023438,189.9897003173828,194.82418823242188,198.65780639648438,201.91104125976562,204.9686279296875,208.13536071777344,211.7559051513672,217.13571166992188,346.6814880371094,232.25555,0.0,test_data/Useful/Validation/Three eight at 1ft/WhatsApp Image 2024-08-23 at 11.02.49.jpeg,1753.0,242.0,27.330695093193267
97,48.24,56.0,58.0,61.92,65.0,68.88,72.0,74.92,77.0,78.0,79.0,80.0,83.0,84.0,85.0,85.84,87.08000000000001,88.32,90.0,91.0,92.0,93.0,94.0,95.0,96.0,98.0,99.0,100.0,101.0,102.0,102.0,103.0,103.0,104.0,105.0,105.0,106.0,107.0,107.36000000000001,109.0,109.0,109.07999999999998,110.0,111.0,112.0,112.0,113.0,114.0,114.75999999999999,115.0,116.0,116.0,117.0,117.0,118.0,118.0,119.0,119.0,120.0,121.0,121.0,122.0,123.0,123.0,124.0,125.0,126.0,126.0,127.0,127.0,127.0,128.0,129.0,129.0,131.0,132.0,132.0,133.0,134.0,135.0,135.0,136.0,136.91999999999996,137.0,138.0,139.0,139.88,140.12,141.0,142.0,142.0,142.08000000000004,144.0,145.55999999999995,146.0,148.0,149.0,150.51999999999998,157.0,162.0,127.0,1000.2705882489681,1000.4549019634724,1000.5803921818733,1000.6705882549286,1000.7803921699524,2000.1725490242243,2000.4392156898975,2000.6039215922356,2000.7098039388657,3001.0,182.54652404785156,190.12640380859375,194.97682189941406,198.7152282714844,202.00504302978516,205.0789031982422,208.2576904296875,211.8777618408203,217.14715576171875,346.7095642089844,232.78604,0.0,test_data/Useful/Validation/Three eight at 1ft/WhatsApp Image 2024-08-23 at 11.02.50 (1).jpeg,1715.0,231.0,30.01580322287114
98,34.0,44.96,50.72,54.0,59.2,63.879999999999995,66.68,68.0,70.16,74.4,78.0,79.88,81.12,83.0,85.0,87.0,88.0,89.0,90.0,91.0,91.0,92.28,93.0,94.0,95.0,96.0,97.0,98.0,98.95999999999998,100.0,100.0,101.68,102.0,103.0,103.0,104.0,105.0,107.0,107.36000000000001,108.0,109.0,110.0,110.0,111.0,112.0,112.0,113.0,113.0,114.0,115.0,115.0,116.0,117.0,118.0,118.0,119.0,120.0,120.0,121.0,121.0,122.0,123.0,123.0,124.0,125.0,125.0,126.0,126.0,127.0,127.0,128.0,128.0,129.0,129.0,130.0,131.0,131.0,132.0,132.0,133.0,133.0,134.0,134.0,135.0,136.0,136.64,137.0,138.0,139.0,139.0,140.0,141.0,142.0,142.55999999999995,144.0,146.0,146.27999999999997,150.0,152.0,167.0,126.0,1000.2000000029802,1000.3764705955982,1000.5137255191803,1000.6156862974167,1000.705882370472,1000.8431372642517,2000.3725490272045,2000.6000000238419,2000.7137255072594,3001.0,183.01022338867188,190.71424865722656,195.51490783691406,199.2229461669922,202.47348022460938,205.50254821777344,208.55946350097653,212.08905029296875,217.11447143554688,346.71881103515625,233.55156,0.0,test_data/Useful/Validation/Three eight at 1ft/WhatsApp Image 2024-08-23 at 11.02.50 (2).jpeg,1787.0,219.0,32.59927461050529
99,30.48,45.36,54.0,61.96,65.0,68.0,70.0,71.0,73.0,76.0,77.0,79.0,81.0,82.36000000000001,84.0,86.0,87.0,89.0,90.0,90.80000000000001,92.03999999999999,94.28,96.0,97.0,97.0,98.0,99.0,99.0,100.0,100.0,102.0,102.0,103.0,103.16000000000003,104.0,105.0,106.0,107.0,107.0,108.0,109.0,109.0,110.0,111.0,111.0,112.0,112.0,113.0,113.75999999999999,115.0,115.0,116.0,116.0,117.0,118.0,118.0,119.0,119.0,120.0,120.0,120.63999999999999,121.0,121.12,122.0,123.0,123.0,124.0,124.32000000000005,125.55999999999995,126.0,127.0,128.0,128.0,128.76,129.0,131.0,131.0,131.0,132.0,132.0,133.0,134.0,135.0,136.0,136.0,137.0,138.0,138.0,139.0,140.0,141.84000000000003,144.0,144.0,145.0,146.0,148.0,150.0,153.51999999999998,156.76,167.0,119.0,1000.2901960909367,1000.4784313738346,1000.6039215922356,1000.6980392336845,1000.8705882430077,2000.2784313857555,2000.4901960790157,2000.6274510025978,2000.717647075653,3001.0,182.46407623291014,190.11425170898437,194.91787719726562,198.70118713378906,201.98379516601562,205.07562255859375,208.17051544189454,211.7893829345703,217.1234130859375,346.71905517578125,233.7883,0.0,test_data/Useful/Validation/Three eight at 1ft/WhatsApp Image 2024-08-23 at 11.02.50.jpeg,1731.0,229.0,28.39339325902142
100,39.24,50.44,57.0,60.0,66.0,67.44,71.68,75.0,77.0,78.0,79.0,80.88,82.0,84.36000000000001,85.0,87.0,89.0,90.0,92.0,93.0,93.0,94.0,95.0,96.0,97.0,98.0,98.0,99.72000000000003,100.0,102.0,102.44,104.0,105.0,106.0,106.39999999999998,107.0,108.0,109.0,109.0,110.0,111.0,111.0,112.0,113.0,113.80000000000001,114.0,114.0,115.0,115.75999999999999,117.0,117.0,118.0,119.0,119.0,120.0,120.0,121.0,121.0,122.0,122.0,123.0,124.0,124.0,125.0,125.0,125.0,126.0,126.0,127.0,128.0,128.03999999999996,129.0,130.0,130.0,130.0,131.0,132.0,132.0,132.0,133.0,134.0,134.0,135.0,136.0,136.39999999999998,137.0,138.0,138.12,139.36,140.0,141.0,142.0,143.0,144.0,145.0,147.0,148.27999999999997,150.0,151.76,158.0,130.0,1000.2000000029802,1000.3764705955982,1000.5137255191803,1000.6156862974167,1000.7098039388657,1000.866666674614,2000.3843137323856,2000.5921568870544,2000.7098039388657,3000.988235294819,183.29052734375,191.0270538330078,195.80490112304688,199.53741455078125,202.74151611328125,205.73214721679688,208.84437561035156,212.2861328125,217.28424072265625,346.94476318359375,228.80319,0.0,test_data/Useful/Validation/Three eight at 1ft/WhatsApp Image 2024-08-23 at 11.03.02 (2).jpeg,1828.0,254.0,29.225553246883443
101,39.0,49.0,55.0,59.0,63.0,66.44,72.68,75.0,77.0,79.0,81.64,83.0,86.0,87.0,88.0,90.0,92.0,93.32,95.0,96.0,97.0,98.0,99.0,99.75999999999999,100.0,102.0,102.48000000000002,103.0,104.0,105.0,105.0,106.0,106.0,107.0,108.0,109.0,110.0,111.0,112.0,112.0,113.0,114.0,114.0,114.0,115.0,115.0,115.27999999999997,116.0,118.0,118.0,118.24000000000001,119.0,119.0,120.0,120.0,121.0,121.0,122.0,122.0,123.0,124.0,124.0,125.0,125.0,125.0,126.0,126.0,127.0,127.0,128.0,129.0,129.0,130.0,131.0,131.0,132.0,132.0,133.0,133.0,134.0,134.0,135.0,135.0,136.0,137.0,138.0,138.0,140.12,141.0,142.0,144.0,144.0,144.32000000000005,145.55999999999995,146.0,147.0,149.27999999999997,152.0,155.0,162.0,125.0,1000.2000000029802,1000.3764705955982,1000.5137255191803,1000.6156862974167,1000.7098039388657,1000.8862745165825,2000.3882353007793,2000.5960784554482,2000.7137255072594,3001.0,183.16756286621094,190.8371307373047,195.5966796875,199.2906951904297,202.52427673339844,205.61557006835938,208.70301818847656,212.22866821289062,217.2115936279297,346.8453674316406,229.20866,0.0,test_data/Useful/Validation/Three eight at 1ft/WhatsApp Image 2024-08-23 at 11.03.02.jpeg,1769.0,259.0,30.141468474068592
102,40.0,50.0,55.0,59.0,66.2,69.44,72.0,74.0,75.0,77.0,78.0,80.0,82.0,83.0,84.0,87.0,88.08000000000001,90.0,91.0,92.0,93.0,94.0,95.0,96.0,97.0,97.0,98.0,99.0,99.0,100.0,101.0,102.0,103.0,104.0,105.0,106.0,107.0,108.0,108.0,109.0,110.0,110.07999999999998,111.32,112.0,112.0,113.04000000000002,114.0,114.51999999999998,115.0,115.0,116.0,117.0,118.0,118.0,119.0,120.0,121.0,121.0,121.0,122.0,123.0,123.0,124.0,124.0,124.60000000000002,125.0,126.0,126.0,127.0,127.0,128.0,129.0,129.0,130.0,131.0,132.0,132.0,132.72000000000003,133.0,134.0,135.0,136.0,137.0,138.0,139.0,139.64,140.0,141.0,141.0,142.0,143.0,143.0,144.32000000000005,145.55999999999995,146.0,147.0,149.27999999999997,152.0,154.76,164.0,121.0,1000.2039215713739,1000.3803921639919,1000.517647087574,1000.6156862974167,1000.7098039388657,1000.8549019694328,2000.3686274588108,2000.5882353186607,2000.705882370472,3001.0,183.21461334228516,190.8173828125,195.584521484375,199.31282958984374,202.59849548339844,205.67440795898438,208.7474365234375,212.20318603515625,217.1890106201172,346.872802734375,229.4273,0.0,test_data/Useful/Validation/Three eight at 1ft/WhatsApp Image 2024-08-23 at 11.03.03 (1).jpeg,1837.0,251.0,28.718804556052184
103,42.480000000000004,46.480000000000004,54.72,59.96,62.2,66.0,67.0,70.0,74.0,75.4,77.64,79.0,82.0,83.0,84.0,86.0,87.0,88.0,90.56,92.0,92.03999999999999,93.0,94.0,95.0,96.0,96.24000000000001,97.0,99.0,100.0,101.0,102.0,102.68,103.92000000000002,105.0,105.0,106.0,107.0,107.0,108.0,109.0,110.0,110.07999999999998,111.0,112.0,113.0,113.0,114.0,114.51999999999998,115.0,116.0,116.0,117.0,117.0,118.0,118.0,119.44000000000005,120.0,121.0,121.0,122.0,123.0,123.0,123.0,124.0,125.0,125.0,126.0,126.0,127.0,127.0,128.0,129.0,129.0,130.0,131.0,131.24,132.0,133.0,133.0,134.0,134.0,135.0,136.0,137.0,137.0,138.0,138.0,139.0,140.36,141.0,142.0,143.0,144.0,146.0,147.0,148.0,148.27999999999997,150.51999999999998,154.27999999999997,165.0,133.0,1000.2117647081614,1000.392156869173,1000.5333333611488,1000.6392157077789,1000.745098054409,2000.1176470592618,2000.4549019634724,2000.6156862974167,2000.717647075653,3001.0,183.24578857421875,190.7581329345703,195.5441436767578,199.28683471679688,202.52450561523438,205.5326690673828,208.58396911621094,212.12576293945312,217.22958374023438,346.83453369140625,230.30832,0.0,test_data/Useful/Validation/Three eight at 1ft/WhatsApp Image 2024-08-23 at 11.03.03.jpeg,1809.0,240.0,29.636301102627808
104,35.480000000000004,42.96,51.72,60.92,63.2,67.0,69.68,73.0,76.0,77.0,80.64,82.88,84.0,87.36000000000001,88.0,90.0,91.0,92.0,93.0,94.0,95.03999999999999,96.0,97.0,98.0,99.0,101.0,102.0,103.0,104.0,104.0,106.0,107.0,107.0,109.0,110.0,110.0,111.0,111.12,112.0,112.0,113.0,114.0,115.0,115.0,116.0,117.0,117.27999999999997,118.0,119.0,119.0,120.0,121.0,122.0,123.0,123.0,123.0,124.0,125.0,125.0,126.0,126.0,127.0,128.0,128.0,128.60000000000002,129.0,130.0,130.0,131.0,131.0,131.0,132.0,132.0,133.0,134.0,134.24,135.0,135.0,136.0,137.0,137.0,137.0,138.0,139.0,139.39999999999998,140.0,141.0,141.12,142.0,143.0,143.0,145.0,146.0,147.0,148.0,149.03999999999996,151.0,153.0,155.76,159.0,131.0,1000.1960784345865,1000.3647058904171,1000.4980392158031,1000.6000000238419,1000.6901960968971,1000.811764717102,2000.3450980484486,2000.5882353186607,2000.7098039388657,3000.9960784316063,182.9362335205078,190.51631774902344,195.2867630004883,199.04319763183594,202.2237548828125,205.2606201171875,208.36557006835938,211.9129180908203,217.0860137939453,346.7193603515625,231.40091,0.0,test_data/Useful/Validation/Three eight at 1ft/WhatsApp Image 2024-08-23 at 11.06.26.jpeg,1638.0,226.0,29.494276361807728
0,27.48,40.44,49.0,58.0,63.0,66.0,68.0,71.84,73.0,75.0,76.0,78.0,81.0,83.0,84.0,85.0,87.0,88.0,89.56,91.0,92.03999999999999,93.0,93.52000000000001,94.0,95.0,96.0,96.0,97.0,97.95999999999998,99.0,99.44,100.0,101.0,101.16000000000003,103.0,103.0,104.0,105.0,106.0,106.0,107.0,108.0,108.0,109.0,110.0,110.0,111.0,112.51999999999998,113.0,114.0,114.0,115.0,115.72000000000003,116.0,117.0,118.0,119.67999999999995,120.0,120.0,120.0,121.0,122.0,122.0,123.0,123.0,124.0,125.0,126.0,127.0,127.0,128.0,128.27999999999997,129.0,130.0,131.0,131.0,132.0,132.0,133.0,133.0,134.0,134.0,135.0,135.15999999999997,136.0,137.0,138.0,138.0,139.0,140.60000000000002,141.0,142.0,143.0,144.0,145.0,148.0,149.0,151.0,153.0,164.0,120.0,1000.4117647111416,1000.6745098233223,1000.811764717102,1000.9921568632126,2000.5764706134796,2000.7764706015587,3000.06274510175,3000.447058826685,3000.662745118141,3001.0,184.51617431640625,192.01934814453125,196.7974090576172,200.46603393554688,203.6445770263672,206.64883422851562,209.62188720703125,212.9417724609375,217.60476684570312,346.1397705078125,238.38808,1.0,test_data/Useful/Validation/Three Quarter at 1 ft/IMG-20240821-WA0097.jpg,1658.0,203.0,31.558427521842486
1,37.480000000000004,48.480000000000004,51.72,55.88,58.2,61.44,68.0,69.92,72.0,74.0,75.0,77.0,79.0,81.0,82.0,84.0,85.0,87.32,88.0,89.0,90.03999999999999,91.0,92.0,93.0,94.0,96.0,97.0,97.0,98.0,98.0,99.0,100.0,100.0,101.0,102.0,102.0,103.0,104.0,104.0,105.0,106.0,107.0,107.32,108.56,109.80000000000001,110.04000000000002,111.0,112.0,112.0,113.0,114.0,115.0,115.0,116.0,116.20000000000005,117.0,118.0,118.0,119.0,119.0,120.0,120.88,121.0,122.0,122.0,123.0,123.0,124.0,125.0,125.0,126.0,126.27999999999997,127.0,127.75999999999999,128.0,129.0,130.0,130.0,131.0,132.0,133.0,133.67999999999995,134.0,134.0,135.0,136.0,137.0,137.12,138.0,139.0,140.0,141.0,141.0,142.0,143.0,145.0,146.27999999999997,147.51999999999998,153.0,162.0,134.0,1000.4156862795353,1000.6745098233223,1000.8000000119209,1000.9450980424881,2000.5960784554482,2000.8078431487083,3000.164705887437,3000.501960813999,3000.6823529601097,3001.0,184.45010375976562,192.02687377929686,196.83685302734375,200.48394470214845,203.65272521972656,206.62474975585937,209.60120086669923,212.9232177734375,217.55162963867187,346.17645263671875,239.72397,1.0,test_data/Useful/Validation/Three Quarter at 1 ft/IMG-20240821-WA0098.jpg,1704.0,217.0,26.193748857735294
2,30.240000000000002,45.480000000000004,50.72,54.92,56.2,57.44,59.0,64.0,65.0,66.0,68.0,69.88,71.0,73.0,73.6,75.84,76.0,77.0,78.0,80.0,81.03999999999999,82.0,83.0,83.0,85.0,85.24000000000001,86.0,86.72000000000003,88.0,89.0,90.0,91.0,92.0,92.0,93.0,93.0,94.0,95.0,95.0,95.60000000000002,96.0,97.0,98.0,98.0,99.0,99.0,100.27999999999997,101.0,102.0,102.0,102.0,103.0,104.0,104.0,105.0,106.0,106.0,106.0,107.0,108.0,108.0,108.0,109.0,109.0,110.0,110.84000000000003,111.0,112.0,113.0,114.0,114.03999999999996,115.0,116.0,117.0,117.0,117.24000000000001,118.0,119.0,119.96000000000004,120.0,121.0,122.0,122.0,123.0,123.39999999999998,124.0,125.0,126.0,126.0,127.0,128.84000000000003,129.0,130.0,132.0,134.79999999999995,136.0,139.27999999999997,141.0,144.76,154.0,102.0,1000.5372549295425,1000.811764717102,1000.972549021244,2000.243137255311,2000.4627451002598,2000.611764729023,2000.7254902124405,2000.8627451062202,3000.2941176593304,3001.0,181.2061538696289,188.81483154296876,193.5865478515625,197.40196228027344,200.656494140625,203.74093627929688,206.90599060058594,210.54885864257812,216.1630096435547,344.9230651855469,238.14536,1.0,test_data/Useful/Validation/Three Quarter at 1 ft/IMG-20240821-WA0099.jpg,1317.0,233.0,30.72126007858863
3,35.96,45.480000000000004,57.0,60.96,63.0,65.44,67.0,68.92,72.0,73.4,75.64,77.0,78.0,80.0,82.6,84.0,85.0,87.0,88.0,89.0,89.03999999999999,91.0,91.0,92.75999999999999,94.0,94.0,95.0,96.0,97.0,97.0,98.0,98.0,100.0,100.0,101.0,102.0,103.0,103.0,104.0,105.0,106.0,106.0,107.0,108.0,109.0,109.0,110.0,111.0,111.0,112.0,113.0,113.0,113.0,114.0,115.0,116.0,116.0,117.0,118.0,118.0,119.0,119.0,120.0,120.0,121.0,122.84000000000003,124.0,124.0,124.0,124.0,125.0,126.0,127.0,128.0,128.0,128.0,129.0,129.72000000000003,130.0,131.0,131.0,132.0,132.0,133.0,135.0,136.0,136.0,137.0,138.0,138.60000000000002,139.84000000000003,141.0,142.0,143.55999999999995,145.0,146.0,147.27999999999997,150.51999999999998,153.0,163.0,124.0,1000.392156869173,1000.65098041296,1000.7843137383461,1000.9019607901573,2000.5372549295425,2000.7960784435272,3000.149019613862,3000.4941176474094,3000.6823529601097,3001.0,184.20292205810546,191.81993408203124,196.57059783935546,200.2848663330078,203.4926528930664,206.47494201660157,209.47201538085938,212.833740234375,217.58602905273438,346.12835693359375,237.46782,1.0,test_data/Useful/Validation/Three Quarter at 1 ft/IMG-20240821-WA0100.jpg,1778.0,263.0,27.588127704606045
4,34.24,43.0,49.72,54.0,58.2,62.0,65.68,67.0,69.0,70.0,72.0,73.0,75.0,77.0,79.0,81.0,82.0,83.0,85.0,86.0,87.0,88.0,89.0,90.0,91.0,91.0,92.0,92.0,93.0,94.0,95.0,96.0,97.0,98.0,99.0,99.0,100.0,100.12,102.0,103.0,103.0,104.0,104.0,105.0,105.80000000000001,106.0,107.0,108.0,109.0,110.0,110.0,110.48000000000002,111.0,111.0,112.0,113.0,113.0,114.0,115.15999999999997,116.0,117.0,117.0,117.12,118.0,119.0,119.0,120.0,120.0,120.55999999999995,121.0,121.0,122.0,123.0,123.0,124.0,125.0,126.0,126.0,126.0,127.0,127.44000000000005,128.0,129.0,129.0,130.39999999999998,131.0,132.0,133.12,134.0,135.0,136.0,137.0,138.0,141.0,142.0,144.0,145.0,147.51999999999998,151.0,162.0,126.0,1000.3176470696926,1000.584313750267,1000.7215686440468,1000.8588235378265,2000.4313725531101,2000.678431391716,3000.019607843831,3000.380392163992,3000.584313750267,3001.0,182.7783203125,190.2890167236328,195.0432586669922,198.77239990234375,202.00439453125,205.08294677734375,208.13800048828125,211.68653869628906,216.82546997070312,345.77581787109375,239.31299,1.0,test_data/Useful/Validation/Three Quarter at 1 ft/IMG-20240821-WA0101.jpg,1570.0,232.0,30.052032298880754
5,43.0,49.480000000000004,53.44,61.0,66.2,70.44,75.0,77.0,79.0,80.0,81.0,83.0,83.0,84.0,86.0,87.0,87.08000000000001,89.0,91.0,91.0,93.0,93.28,94.52000000000001,96.0,97.0,97.24000000000001,99.0,100.0,101.0,101.0,102.0,103.0,104.0,104.0,105.0,106.0,106.0,107.0,108.0,108.0,108.0,109.0,110.0,110.0,111.0,111.0,112.0,112.0,113.0,114.0,115.0,115.0,116.0,117.0,117.0,117.0,118.0,118.0,118.0,119.0,120.0,120.0,121.12,122.0,123.0,123.0,124.0,124.0,125.0,126.0,127.0,127.0,128.0,128.0,129.0,129.24,130.0,130.0,131.0,132.0,132.0,133.0,133.91999999999996,135.0,135.39999999999998,136.0,137.0,138.0,138.0,139.0,140.0,141.0,142.0,143.0,143.79999999999995,145.0,147.0,149.0,156.0,160.0,117.0,1000.392156869173,1000.6588235497475,1000.7882353067398,1000.9176470637321,2000.5490196347237,2000.7882353067398,3000.113725490868,3000.474509805441,3000.6745098233223,3001.0,184.58436584472656,192.06948852539062,196.88861083984375,200.60975646972656,203.77899169921875,206.6981658935547,209.6842041015625,213.00360107421875,217.63526916503906,346.2041931152344,238.99666,1.0,test_data/Useful/Validation/Three Quarter at 1 ft/IMG-20240821-WA0102.jpg,1619.0,217.0,31.1831814929415
6,41.96,49.92,56.72,59.96,64.0,66.88,68.0,69.92,71.16,74.0,75.64,77.88,79.0,79.72000000000003,82.0,83.0,85.0,87.0,88.0,89.0,90.0,92.0,92.0,93.0,94.0,96.0,97.0,98.0,98.0,99.0,100.44,101.68,102.0,103.0,104.0,105.0,106.0,106.0,107.0,107.0,107.0,108.0,108.0,109.0,109.0,110.0,110.27999999999997,111.0,112.0,112.0,113.0,113.0,114.0,115.0,115.0,115.0,116.0,116.0,117.0,118.0,118.0,119.0,120.0,120.0,121.0,122.0,122.0,123.0,124.0,124.0,125.0,125.27999999999997,126.0,127.0,127.0,127.0,128.0,129.0,130.0,130.0,131.0,131.0,132.0,133.0,133.0,133.64,134.0,136.0,137.0,138.0,139.0,140.0,141.0,142.0,143.79999999999995,146.0,147.0,149.0,151.76,159.0,115.0,1000.4431372582912,1000.6980392336845,1000.8156862854958,1000.9803921580315,2000.6352941393852,2000.8627451062202,3000.2470588237047,3000.5372549295425,3000.705882370472,3001.0,184.91151428222656,192.34422302246094,196.99057006835938,200.66917724609374,203.85355377197266,206.81158447265625,209.77483062744142,213.0712097167969,217.6012954711914,346.0728759765625,239.64722,1.0,test_data/Useful/Validation/Three Quarter at 1 ft/IMG-20240821-WA0103.jpg,1640.0,218.0,33.83739679215837
7,27.48,39.480000000000004,51.0,55.0,59.2,61.0,62.0,65.0,69.16,71.0,73.0,74.0,76.0,77.0,79.0,80.0,83.0,84.0,85.56,87.0,88.0,89.0,90.0,91.0,93.0,93.0,94.0,94.72000000000003,96.0,97.0,97.0,98.0,99.0,100.0,100.0,101.0,101.0,102.0,103.0,103.0,104.0,104.0,106.0,106.0,107.0,107.04000000000002,108.0,108.0,109.0,109.0,110.0,111.0,111.0,112.0,112.20000000000005,114.0,114.0,115.0,115.0,116.0,116.0,116.88,117.0,118.0,118.0,118.0,119.0,119.0,120.0,120.0,121.0,122.0,122.0,123.75999999999999,124.0,125.0,125.0,126.0,127.0,127.0,128.0,129.0,130.0,131.0,131.0,133.0,134.0,134.0,135.0,136.0,137.0,139.0,140.0,141.0,142.79999999999995,145.0,146.27999999999997,148.0,150.76,157.0,118.0,1000.4901960790157,1000.7176470756531,1000.8274509906769,2000.0470588244498,2000.6000000238419,2000.800000011921,3000.1686274558306,3000.517647087574,3000.694117665291,3001.0,184.10448608398437,191.771728515625,196.58468627929688,200.29428100585938,203.47625732421875,206.43792114257812,209.48321838378905,212.8798034667969,217.63592529296875,346.0540466308594,237.93791,1.0,test_data/Useful/Validation/Three Quarter at 1 ft/IMG-20240821-WA0104.jpg,1712.0,240.0,31.979209123144617
8,27.48,44.480000000000004,51.0,57.96,60.2,62.0,64.0,67.0,70.0,71.4,75.0,75.88,79.0,80.0,81.6,83.0,85.0,86.0,86.0,87.0,88.0,89.0,90.0,90.75999999999999,92.0,93.0,94.0,95.0,96.0,97.0,97.44,98.0,99.0,99.0,100.0,100.0,101.0,102.0,103.0,103.0,105.0,106.0,106.0,106.56,107.0,108.0,108.0,109.0,109.75999999999999,110.0,111.0,111.0,112.0,112.0,113.0,114.0,115.0,115.91999999999996,116.0,117.0,117.0,118.0,118.0,118.36000000000001,119.0,120.0,120.0,121.0,122.0,122.79999999999995,123.0,124.0,125.0,125.0,126.0,126.24000000000001,127.0,128.0,128.96000000000004,129.0,130.0,130.0,131.0,132.0,132.0,133.0,133.88,135.0,136.0,137.0,137.0,138.0,139.0,141.0,143.0,144.0,145.0,147.0,149.0,161.0,118.0,1000.4901960790157,1000.7254902124405,1000.8431372642517,2000.101960785687,2000.6000000238419,2000.7960784435272,3000.117647059262,3000.501960813999,3000.690196096897,3001.0,184.7134521484375,192.2847869873047,197.10223388671875,200.7797088623047,203.95872497558594,206.86434936523438,209.83074951171875,213.11248779296875,217.72381591796875,346.044189453125,239.30855,1.0,test_data/Useful/Validation/Three Quarter at 1 ft/IMG-20240821-WA0105.jpg,1776.0,239.0,28.633857371579303
9,44.72,51.0,58.44,61.96,64.0,66.0,67.68,70.0,72.16,74.0,75.0,77.0,79.0,81.0,81.0,82.0,84.0,84.32,86.0,88.0,88.03999999999999,90.0,90.0,91.0,92.0,93.0,93.48000000000002,94.0,95.0,95.0,96.44,97.0,98.0,99.0,99.0,100.0,100.0,101.0,102.0,102.0,102.0,103.0,103.32,104.0,105.0,105.0,106.0,107.0,107.0,108.0,109.0,109.0,110.0,111.0,111.0,112.0,113.0,113.0,114.0,114.0,115.0,116.0,116.0,116.36000000000001,117.0,118.0,118.0,119.0,120.0,120.0,121.03999999999996,122.0,122.0,123.0,124.0,125.0,126.0,126.0,127.0,128.0,129.0,130.0,131.0,133.0,134.0,134.0,135.0,136.0,137.0,137.60000000000002,139.0,140.0,141.32000000000005,144.0,144.0,145.0,146.0,148.0,151.76,162.0,102.0,1000.447058826685,1000.7019608020782,1000.8196078538895,1001.0,2000.6196078658104,2000.8274509906769,3000.188235297799,3000.5137255191803,3000.694117665291,3001.0,184.6934051513672,192.23798828125,197.01236114501953,200.66099853515624,203.80091857910156,206.7354278564453,209.72650299072265,213.01335449218752,217.63153076171875,345.9772033691406,239.95462,1.0,test_data/Useful/Validation/Three Quarter at 1 ft/IMG-20240821-WA0106.jpg,1735.0,258.0,34.39736707937371
10,35.96,43.96,52.0,58.96,63.2,66.0,67.0,70.92,72.0,73.4,76.64,80.0,82.0,83.0,85.0,86.0,87.0,87.0,88.0,89.80000000000001,90.0,91.28,92.0,93.0,94.0,95.0,95.0,96.0,97.0,99.0,99.0,100.0,101.0,101.0,102.0,103.0,103.0,104.0,104.0,105.0,105.0,106.0,106.32,107.0,108.0,108.04000000000002,109.0,109.0,110.0,110.0,110.0,111.0,111.72000000000003,112.0,113.0,114.0,114.67999999999995,115.0,116.0,116.39999999999998,117.0,117.0,118.0,119.0,119.60000000000002,120.0,121.0,121.0,122.0,123.0,123.03999999999996,124.0,125.0,126.0,126.0,127.0,127.0,128.0,129.0,129.0,130.0,130.0,131.0,132.0,133.0,134.0,134.88,135.0,136.0,137.0,138.84000000000003,139.0,140.0,141.0,143.0,144.0,147.0,148.0,151.0,175.0,109.0,1000.4666666686535,1000.7137255072594,1000.8352941274643,2000.0470588244498,2000.5921568870544,2000.7921568751335,3000.090196080506,3000.4901960790157,3000.6823529601097,3001.0,184.58346557617188,192.18093872070312,196.94998168945312,200.6424102783203,203.80284118652344,206.7262451171875,209.6493927001953,213.0116729736328,217.61770935058593,346.0649108886719,239.07729,1.0,test_data/Useful/Validation/Three Quarter at 1 ft/IMG-20240821-WA0107.jpg,1729.0,218.0,28.743219823386678
11,38.480000000000004,49.480000000000004,56.72,60.0,64.2,66.0,68.0,71.0,74.16,77.0,78.0,79.0,81.0,82.0,82.0,83.0,85.0,86.0,87.0,87.80000000000001,89.0,90.0,91.52000000000001,92.0,93.0,93.24000000000001,94.0,95.0,96.0,96.19999999999999,98.0,99.0,101.0,101.0,102.0,102.0,103.0,103.0,104.0,105.0,105.0,106.0,107.0,107.0,108.0,109.0,109.0,109.51999999999998,110.0,111.0,112.0,112.0,113.0,113.0,114.0,114.0,114.67999999999995,115.0,116.0,117.0,117.63999999999999,118.0,119.0,119.36000000000001,120.0,121.0,122.0,122.0,123.0,123.0,124.0,125.0,125.0,125.0,126.0,126.0,127.0,127.0,127.0,128.0,129.0,129.0,130.0,131.0,133.0,133.0,134.0,135.0,136.0,136.60000000000002,137.84000000000003,139.0,141.0,143.0,144.0,145.0,146.0,148.0,151.27999999999997,156.0,125.0,1000.4274509847164,1000.6901960968971,1000.8156862854958,1000.9647058844566,2000.5333333611488,2000.7647058963776,3000.043137256056,3000.4549019634724,3000.6745098233223,3001.0,184.65715942382812,192.275,197.08150329589844,200.67303771972655,203.8355255126953,206.77962646484374,209.7190948486328,213.0600769042969,217.6146011352539,346.05194091796875,240.43924,1.0,test_data/Useful/Validation/Three Quarter at 1 ft/IMG-20240821-WA0109.jpg,1710.0,213.0,34.398917711909384
12,46.0,49.480000000000004,57.72,62.96,66.2,69.0,71.68,74.0,75.16,77.4,79.0,81.88,83.0,84.0,85.0,86.0,88.0,88.0,89.56,91.80000000000001,93.03999999999999,95.0,95.0,96.0,97.0,98.0,98.48000000000002,99.0,101.0,101.0,102.0,103.0,103.0,104.0,104.0,105.0,106.0,106.0,107.0,108.0,108.0,109.0,109.32,110.0,111.0,112.0,112.0,113.0,113.0,113.0,114.0,114.0,115.0,115.0,116.0,117.0,117.0,118.0,118.0,119.0,119.0,120.0,121.0,122.0,122.0,123.0,123.0,124.0,125.0,125.0,126.0,126.0,127.0,127.0,127.0,128.0,128.0,129.0,130.0,130.20000000000005,132.0,132.0,133.0,134.0,135.0,135.0,136.0,137.0,137.0,138.0,139.0,140.0,141.0,143.0,144.79999999999995,148.0,150.0,152.51999999999998,154.76,168.0,127.0,1000.4313725531101,1000.6941176652908,1000.8156862854958,1000.9647058844566,2000.5607843399048,2000.784313738346,3000.086274512112,3000.486274510622,3000.6862745285034,3001.0,184.80426025390625,192.32028198242188,197.04774475097656,200.72309265136718,203.88478088378906,206.8937744140625,209.886962890625,213.2123565673828,217.7717742919922,346.0981750488281,240.03671,1.0,test_data/Useful/Validation/Three Quarter at 1 ft/IMG-20240821-WA0110.jpg,1672.0,230.0,30.65034756776453
13,46.0,49.480000000000004,57.72,62.96,66.2,69.0,71.68,74.0,75.16,77.4,79.0,81.88,83.0,84.0,85.0,86.0,88.0,88.0,89.56,91.80000000000001,93.03999999999999,95.0,95.0,96.0,97.0,98.0,98.48000000000002,99.0,101.0,101.0,102.0,103.0,103.0,104.0,104.0,105.0,106.0,106.0,107.0,108.0,108.0,109.0,109.32,110.0,111.0,112.0,112.0,113.0,113.0,113.0,114.0,114.0,115.0,115.0,116.0,117.0,117.0,118.0,118.0,119.0,119.0,120.0,121.0,122.0,122.0,123.0,123.0,124.0,125.0,125.0,126.0,126.0,127.0,127.0,127.0,128.0,128.0,129.0,130.0,130.20000000000005,132.0,132.0,133.0,134.0,135.0,135.0,136.0,137.0,137.0,138.0,139.0,140.0,141.0,143.0,144.79999999999995,148.0,150.0,152.51999999999998,154.76,168.0,127.0,1000.4313725531101,1000.6941176652908,1000.8156862854958,1000.9647058844566,2000.5607843399048,2000.784313738346,3000.086274512112,3000.486274510622,3000.6862745285034,3001.0,184.80426025390625,192.32028198242188,197.04774475097656,200.72309265136718,203.88478088378906,206.8937744140625,209.886962890625,213.2123565673828,217.7717742919922,346.0981750488281,240.03671,1.0,test_data/Useful/Validation/Three Quarter at 1 ft/IMG-20240821-WA0112.jpg,1672.0,230.0,31.523227481433615
14,36.24,45.0,50.44,54.0,58.2,60.0,63.0,68.0,72.0,73.4,75.0,78.0,80.0,81.0,81.6,82.84,84.0,85.0,86.0,87.0,88.0,89.0,90.0,91.0,91.0,92.0,93.0,94.0,95.0,96.0,97.0,98.0,99.0,100.0,101.0,102.0,103.0,104.0,105.0,105.0,106.0,106.07999999999998,107.0,107.0,108.0,108.0,109.0,109.51999999999998,110.0,111.0,112.0,112.0,112.0,113.0,114.0,114.0,115.0,115.0,116.0,116.0,117.0,118.0,118.0,119.0,120.0,120.0,121.0,121.0,122.0,122.0,123.0,123.27999999999997,125.0,126.0,126.0,127.0,127.0,128.72000000000003,129.0,130.0,130.44000000000005,131.0,132.0,133.0,134.0,134.0,135.0,135.0,136.0,138.0,139.0,139.08000000000004,141.0,142.0,143.0,145.0,146.0,147.51999999999998,150.51999999999998,161.0,112.0,1000.4823529422283,1000.7215686440468,1000.8352941274643,2000.0274509806186,2000.5803921818733,2000.7960784435272,3000.117647059262,3000.501960813999,3000.690196096897,3001.0,184.59776153564454,192.2130310058594,196.97035217285156,200.6285400390625,203.78253173828125,206.7540740966797,209.73147583007812,213.05722045898438,217.62159729003906,346.09417724609375,239.4555,1.0,test_data/Useful/Validation/Three Quarter at 1 ft/IMG-20240821-WA0113.jpg,1725.0,241.0,32.91921618965744
15,42.24,50.480000000000004,55.72,57.0,60.0,63.44,66.0,67.92,71.0,73.0,74.28,75.0,76.12,79.0,80.0,81.0,83.0,84.0,85.0,87.0,88.0,89.0,90.52000000000001,91.0,93.0,94.0,94.0,95.0,96.95999999999998,98.0,98.0,99.0,99.92000000000002,100.16000000000003,101.39999999999998,103.0,103.0,104.0,105.0,106.0,106.0,107.0,107.32,108.0,109.0,109.0,110.0,110.0,111.75999999999999,112.0,113.0,113.0,114.0,114.0,115.0,115.0,116.0,116.91999999999996,118.0,118.0,119.0,119.0,119.0,120.0,120.60000000000002,121.0,122.0,122.0,123.0,123.0,124.0,124.0,125.0,125.0,126.0,126.0,127.0,127.72000000000003,128.0,129.0,130.0,130.0,131.0,132.0,133.0,134.0,134.0,135.0,135.0,136.60000000000002,138.0,140.0,140.32000000000005,142.0,143.0,144.0,146.0,148.0,153.27999999999997,162.0,119.0,1000.4980392158031,1000.7294117808342,1000.8509804010391,2000.1921568661928,2000.6274510025978,2000.8156862854958,3000.1529411822557,3000.5098039507866,3000.690196096897,3001.0,184.38796997070312,192.01062622070313,196.77543182373046,200.47710571289062,203.6887969970703,206.65394287109373,209.61280364990233,212.97874450683594,217.62161254882812,346.05560302734375,239.54431,1.0,test_data/Useful/Validation/Three Quarter at 1 ft/IMG-20240821-WA0114.jpg,1771.0,243.0,28.930075165848
16,38.24,43.0,53.44,56.0,58.0,60.44,63.68000000000001,65.0,68.16,71.0,74.0,76.88,77.12,79.0,81.0,83.0,84.08000000000001,85.32,87.0,88.0,89.0,89.0,91.0,91.0,92.0,93.24000000000001,94.48000000000002,96.0,97.0,98.0,99.44,100.0,101.0,102.0,102.0,104.0,104.0,104.0,105.0,106.0,106.0,107.0,108.0,108.0,108.0,109.0,109.0,110.0,110.75999999999999,111.0,112.0,113.0,113.0,114.96000000000004,115.0,115.0,116.0,116.0,117.0,117.0,118.0,118.88,119.0,119.36000000000001,120.0,120.84000000000003,122.0,122.0,123.0,124.0,124.0,125.0,125.0,126.0,126.0,127.0,127.48000000000002,128.0,129.0,130.0,130.44000000000005,131.0,132.0,133.0,133.0,134.0,135.0,136.0,136.36,137.60000000000002,138.0,139.0,140.0,141.0,142.0,143.03999999999996,145.27999999999997,149.0,151.76,159.0,108.0,1000.4705882370472,1000.7176470756531,1000.839215695858,2000.0941176488996,2000.6156862974167,2000.811764717102,3000.137254908681,3000.501960813999,3000.690196096897,3001.0,184.39315795898438,192.07303771972656,196.89765319824218,200.57756958007812,203.76337432861328,206.6953857421875,209.6521423339844,213.0266845703125,217.63644714355468,346.0624694824219,238.96797,1.0,test_data/Useful/Validation/Three Quarter at 1 ft/IMG-20240821-WA0115.jpg,1743.0,222.0,27.63511614273767
17,42.480000000000004,50.480000000000004,55.72,60.0,61.0,63.44,66.0,68.84,72.0,73.4,76.0,77.0,78.12,80.0,81.0,82.0,84.0,85.0,86.56,87.80000000000001,88.0,89.0,90.0,91.0,92.0,93.0,94.0,95.0,96.0,97.0,97.44,98.0,99.0,99.16000000000003,100.0,101.0,101.0,102.0,103.0,104.0,104.83999999999997,105.0,106.0,107.0,107.0,108.0,108.0,109.0,109.75999999999999,110.0,111.0,111.0,112.0,112.0,113.0,113.0,114.0,115.0,116.0,117.0,117.0,118.0,119.0,119.0,120.0,121.0,121.0,122.0,123.0,123.0,124.0,124.0,125.0,126.0,126.0,127.0,128.0,128.0,129.0,130.0,130.0,131.0,132.0,132.0,133.0,134.0,134.0,135.0,137.0,137.0,139.0,140.0,141.0,142.0,144.0,144.03999999999996,146.0,149.0,151.76,161.0,124.0,1000.4745098054409,1000.7176470756531,1000.839215695858,2000.0823529437184,2000.6000000238419,2000.7960784435272,3000.1058823540807,3000.4941176474094,3000.6862745285034,3001.0,184.65286254882812,192.1144592285156,196.845556640625,200.50564575195312,203.72269439697266,206.68980102539064,209.65985717773438,212.98663330078125,217.60000610351562,346.04766845703125,240.21034,1.0,test_data/Useful/Validation/Three Quarter at 1 ft/IMG-20240821-WA0117.jpg,1699.0,224.0,29.302266850183106
18,35.72,43.0,52.44,56.0,62.0,65.0,70.0,72.92,76.0,76.0,78.0,79.0,80.0,82.0,83.0,83.84,84.08000000000001,86.0,87.0,88.0,89.0,90.0,91.0,92.0,93.0,93.0,94.0,96.0,96.0,98.0,98.0,99.0,100.0,101.0,101.0,102.0,103.0,103.0,104.0,104.0,105.0,106.0,106.0,108.0,108.80000000000001,109.0,109.0,110.0,111.0,111.0,112.0,112.48000000000002,113.72000000000003,114.0,115.0,115.44000000000005,116.0,116.0,117.0,117.0,118.0,118.0,119.0,120.0,120.0,121.0,122.0,122.0,123.0,124.0,124.0,125.0,125.0,126.0,127.0,128.0,129.0,129.0,130.0,131.0,132.0,132.0,133.0,134.15999999999997,135.0,136.0,136.0,137.0,138.0,139.60000000000002,140.0,141.0,142.0,143.0,146.0,147.0,148.0,150.51999999999998,153.0,162.0,109.0,1000.4901960790157,1000.7294117808342,1000.8470588326454,2000.1686274558306,2000.6196078658104,2000.811764717102,3000.1529411822557,3000.5098039507866,3000.694117665291,3001.0,184.63381958007812,192.2091827392578,196.92535400390625,200.61434936523438,203.80675506591797,206.80413818359375,209.76302490234374,213.09896850585938,217.7108612060547,346.0356140136719,240.448,1.0,test_data/Useful/Validation/Three Quarter at 1 ft/IMG-20240821-WA0121.jpg,1694.0,211.0,27.45749624782404
19,21.72,27.48,34.0,37.96,43.2,47.44,49.0,50.0,52.0,54.0,56.0,58.0,59.120000000000005,61.360000000000014,62.0,63.0,63.08000000000001,65.0,66.0,67.0,67.0,68.0,69.0,70.0,71.0,72.0,73.0,75.0,75.95999999999998,76.0,77.0,78.0,78.0,80.0,81.0,81.63999999999999,82.88,83.0,83.0,84.0,85.0,86.0,86.32,87.0,88.0,89.0,89.0,90.0,91.0,91.0,92.0,93.0,93.72000000000003,94.0,95.0,96.0,96.0,97.0,97.15999999999997,98.0,98.0,99.0,100.0,101.0,101.0,102.0,102.0,103.32000000000005,104.0,104.79999999999995,106.0,106.27999999999997,107.0,108.0,108.0,109.0,110.0,110.0,110.96000000000004,112.0,113.0,114.0,114.0,115.0,115.39999999999998,116.0,117.0,118.12,120.0,120.0,121.0,122.08000000000004,124.0,125.55999999999995,126.0,127.0,128.0,130.0,132.0,147.0,83.0,1000.5411764979362,1000.8156862854958,1000.9803921580315,2000.3568627536297,2000.556862771511,2000.6980392336845,2000.8431372642517,3000.1529411822557,3000.5490196347237,3001.0,180.18437957763672,187.72947998046877,192.47856750488282,196.27780151367188,199.61378479003906,202.72101440429688,205.9714141845703,209.72228088378907,215.56455993652344,344.72149658203125,243.3632,1.0,test_data/Useful/Validation/Three Quarter at 1 ft/IMG-20240821-WA0124.jpg,1259.0,228.0,24.755242273448538
20,30.0,39.0,49.31999999999999,52.0,55.0,57.0,63.0,66.0,67.0,69.0,72.0,73.0,75.0,77.0,78.0,79.0,80.0,81.0,82.0,83.80000000000001,86.0,87.0,88.0,89.0,90.0,90.0,91.0,91.72000000000003,93.0,94.0,95.0,95.0,96.0,98.0,98.0,98.0,99.0,100.0,100.0,101.0,101.0,102.0,102.32,104.0,105.0,105.0,106.0,107.0,107.75999999999999,109.0,109.0,110.0,111.0,111.0,112.0,112.0,113.0,113.0,114.0,115.0,115.0,115.0,116.0,117.0,118.0,119.0,119.0,120.0,120.0,120.0,121.0,122.0,122.0,123.0,124.0,124.0,125.0,126.0,126.0,127.0,127.0,127.67999999999995,128.0,129.0,130.0,130.64,132.0,133.0,133.0,134.60000000000002,135.0,136.0,138.0,139.0,140.0,142.0,144.27999999999997,146.0,148.0,154.0,120.0,1000.5137255191803,1000.7254902124405,1000.8352941274643,2000.32549020648,2000.8627451062202,3000.188235297799,3000.4509803950787,3000.6156862974167,3000.745098054409,3001.0,184.52459716796875,192.0187530517578,196.88580322265625,200.57508850097656,203.74411010742188,206.67031860351562,209.5614013671875,212.8427734375,217.3387908935547,345.98309326171875,241.66357,1.0,test_data/Useful/Validation/Three Quarter at 1 ft/IMG-20240821-WA0237.jpg,1732.0,245.0,32.424214711523064
21,23.240000000000002,32.96,40.16,50.96,55.0,59.0,62.0,64.92,67.0,68.0,70.0,72.88,75.0,77.36000000000001,78.6,80.0,81.0,83.32,85.0,86.0,87.03999999999999,88.0,90.0,90.75999999999999,92.0,93.0,95.0,95.0,96.0,97.0,98.0,99.0,100.0,102.0,102.0,103.0,103.0,104.0,105.0,106.0,106.83999999999997,107.0,108.0,108.0,109.0,110.0,110.0,111.0,112.0,112.0,113.0,114.0,115.0,115.0,116.0,117.0,117.0,117.91999999999996,118.0,119.0,119.0,120.0,121.0,121.0,121.0,122.0,122.08000000000004,123.0,124.0,124.79999999999995,125.0,126.0,126.0,127.0,128.0,129.0,129.0,129.0,130.0,130.20000000000005,131.0,132.0,133.0,134.0,135.0,136.0,136.88,137.12,138.0,139.0,140.0,140.0,141.0,141.55999999999995,143.0,144.0,148.0,149.0,154.0,165.0,129.0,1000.486274510622,1000.7098039388657,1000.8235294222832,2000.2274509817362,2000.7803921699524,3000.101960785687,3000.403921574354,3000.584313750267,3000.7254902124405,3001.0,184.95539245605468,192.48741455078124,197.19520263671876,200.88665161132812,204.0665512084961,206.99843139648436,209.86084747314453,213.10594177246094,217.494384765625,346.0264892578125,241.7648,1.0,test_data/Useful/Validation/Three Quarter at 1 ft/IMG-20240821-WA0238.jpg,1709.0,237.0,33.71938625105828
22,31.240000000000002,46.480000000000004,52.0,53.96,59.0,60.44,62.0,63.0,66.16,68.0,71.64,73.88,77.0,78.0,79.0,81.84,84.0,85.0,86.56,88.0,89.0,90.0,91.0,92.0,92.0,93.0,93.48000000000002,94.72000000000003,95.0,96.0,97.0,98.0,98.92000000000002,99.16000000000003,100.0,101.0,102.0,103.0,104.0,104.60000000000002,105.0,106.0,106.0,107.0,108.0,108.0,109.0,109.0,110.0,111.0,111.0,112.0,112.0,113.0,113.0,114.0,114.0,114.0,115.0,115.39999999999998,116.0,117.0,117.0,117.0,118.0,119.0,119.0,120.0,120.55999999999995,121.0,122.0,122.0,123.0,123.0,124.0,124.24000000000001,125.0,126.0,127.0,128.0,128.0,129.0,129.91999999999996,130.0,131.0,132.0,133.0,133.12,135.0,136.0,137.0,139.0,140.0,141.0,142.0,143.0,144.0,146.0,150.0,156.0,117.0,1000.5019608139992,1000.7254902124405,1000.839215695858,2000.4078431427479,2000.7921568751335,3000.101960785687,3000.407843142748,3000.5882353186607,3000.729411780834,3001.0,184.56456451416017,192.14801025390625,196.95631408691406,200.67848205566406,203.8614501953125,206.76307678222656,209.7752685546875,213.05921936035156,217.46966552734375,345.90740966796875,242.12985,1.0,test_data/Useful/Validation/Three Quarter at 1 ft/IMG-20240821-WA0239.jpg,1694.0,242.0,31.681907565390194
23,32.2,41.480000000000004,50.0,53.0,57.2,59.0,60.68000000000001,61.0,64.0,67.0,70.0,72.0,75.0,76.0,78.0,79.0,81.0,82.0,83.0,84.0,85.0,86.0,87.0,88.0,89.0,91.0,91.0,92.0,92.0,94.0,94.0,95.0,95.0,96.0,97.39999999999998,98.0,98.0,99.0,100.0,101.0,101.0,102.0,102.0,103.0,103.0,103.0,104.0,105.0,106.0,106.0,107.0,107.0,108.0,108.0,109.0,110.0,111.0,111.0,112.0,113.0,113.0,113.88,114.0,115.0,115.0,116.0,117.08000000000004,118.0,118.0,119.0,120.0,120.27999999999997,121.0,121.75999999999999,123.0,124.0,124.0,125.0,125.0,126.0,126.0,127.0,128.0,129.0,130.0,130.0,131.0,131.0,133.0,134.0,135.0,136.0,137.0,138.55999999999995,139.0,141.0,142.0,145.0,148.76,159.0,118.0,1000.5137255191803,1000.7294117808342,1000.839215695858,2000.4941176474094,2000.8235294222832,3000.149019613862,3000.43137255311,3000.600000023842,3000.733333349228,3001.0,184.8668212890625,192.32383728027344,197.11451416015626,200.83332214355468,203.9795684814453,206.89028930664062,209.8027801513672,213.0519256591797,217.4457550048828,346.05010986328125,243.3211,1.0,test_data/Useful/Validation/Three Quarter at 1 ft/IMG-20240821-WA0240.jpg,1837.0,253.0,28.37154890206999
24,33.68,43.480000000000004,47.72,53.92,57.2,60.44,62.0,65.92,68.16,69.0,71.0,72.0,74.0,76.0,77.6,78.0,80.0,80.0,81.0,82.0,84.0,85.0,87.0,87.0,88.0,89.0,90.0,90.72000000000003,91.0,92.0,93.0,93.0,94.0,95.0,96.0,96.0,97.0,97.12,98.0,99.0,100.0,100.0,101.0,101.0,102.0,103.0,103.0,104.51999999999998,105.0,106.0,106.24000000000001,107.0,107.72000000000003,108.0,109.20000000000005,110.0,111.0,112.0,112.0,113.0,114.0,114.0,115.0,116.0,117.0,118.0,118.0,119.0,120.0,120.0,121.0,122.0,122.0,123.0,124.0,125.0,126.0,126.0,127.0,129.0,129.44000000000005,130.67999999999995,131.0,132.0,133.0,133.0,134.0,134.0,135.0,136.0,137.0,138.0,139.0,141.0,142.0,143.03999999999996,146.0,148.0,152.76,164.0,112.0,1000.5019608139992,1000.7137255072594,1000.8156862854958,2000.2549019753933,2000.784313738346,3000.1215686276555,3000.4235294163227,3000.5921568870544,3000.7254902124405,3001.0,184.5847915649414,192.13319396972656,196.89476776123047,200.57797546386718,203.69210052490234,206.6428649902344,209.61382446289062,212.87330627441406,217.3783721923828,346.07342529296875,242.04517,1.0,test_data/Useful/Validation/Three Quarter at 1 ft/IMG-20240821-WA0241.jpg,1699.0,213.0,28.54755158624679
25,26.240000000000002,31.0,36.0,40.0,43.400000000000006,52.0,54.0,58.92,62.0,64.4,67.0,69.0,70.0,71.36000000000001,73.0,75.0,76.08000000000001,78.0,79.0,80.0,82.0,83.0,83.52000000000001,85.0,86.0,87.24000000000001,89.0,90.0,91.0,91.19999999999999,93.0,93.0,94.0,95.0,95.0,96.0,97.0,98.0,99.0,99.0,101.0,102.0,103.0,103.0,104.0,104.04000000000002,105.27999999999997,106.0,107.0,108.0,109.0,109.0,110.0,110.0,111.20000000000005,112.0,113.0,113.91999999999996,115.0,116.0,116.0,117.0,117.0,118.0,118.0,118.0,119.0,120.0,120.0,121.0,122.0,122.0,123.0,123.0,124.0,125.0,125.48000000000002,126.0,127.0,128.0,128.0,129.0,130.0,131.0,131.0,132.0,133.0,133.12,134.0,135.0,137.0,138.0,139.0,140.0,141.0,143.0,145.27999999999997,148.0,152.51999999999998,164.0,118.0,1000.4823529422283,1000.7098039388657,1000.8196078538895,2000.058823529631,2000.7529411911964,3000.06274510175,3000.3843137323856,3000.5764706134796,3000.721568644047,3001.0,184.59988403320312,192.1305908203125,196.94407348632814,200.6318817138672,203.7921905517578,206.77000427246094,209.7303009033203,213.00515747070312,217.55235290527344,345.8929748535156,242.19598,1.0,test_data/Useful/Validation/Three Quarter at 1 ft/IMG-20240821-WA0242.jpg,1775.0,228.0,33.95948347278353
26,39.480000000000004,45.44,49.72,53.0,59.0,61.0,63.68000000000001,64.0,69.0,72.4,75.0,75.88,77.0,78.0,80.0,81.84,84.08000000000001,85.0,86.0,87.0,88.0,89.28,90.52000000000001,92.0,93.0,93.0,94.0,95.0,96.0,96.0,97.0,97.0,98.0,98.0,99.0,99.63999999999999,100.0,101.0,102.0,103.0,103.0,104.0,104.32,105.0,105.0,106.0,107.0,107.0,108.0,109.0,110.0,110.0,111.0,111.96000000000004,112.0,112.0,113.0,113.91999999999996,114.0,114.0,115.0,116.0,116.0,117.0,117.60000000000002,118.0,118.08000000000004,119.32000000000005,120.0,121.0,122.0,123.0,123.0,124.0,125.0,126.0,126.0,127.0,128.0,128.20000000000005,129.0,130.0,131.0,131.0,132.0,132.0,133.0,134.0,135.0,136.0,137.0,138.0,139.0,140.0,142.0,143.03999999999996,145.27999999999997,147.51999999999998,149.0,157.0,131.0,1000.4941176474094,1000.7215686440468,1000.8274509906769,2000.2549019753933,2000.7803921699524,3000.0941176488996,3000.407843142748,3000.5882353186607,3000.729411780834,3001.0,184.90953063964844,192.45028686523438,197.14615173339843,200.82054443359374,203.97406005859375,206.9036407470703,209.86798095703125,213.1243133544922,217.56710815429688,345.91888427734375,240.46869,1.0,test_data/Useful/Validation/Three Quarter at 1 ft/IMG-20240821-WA0243.jpg,1781.0,241.0,34.33661999485515
27,37.480000000000004,45.480000000000004,49.72,54.0,56.0,59.44,62.0,64.0,66.0,68.0,69.0,71.88,73.0,73.0,75.0,76.84,78.0,79.0,81.56,82.0,84.0,84.0,85.52000000000001,87.75999999999999,88.0,89.0,90.0,91.0,92.0,93.0,94.0,94.68,95.0,96.0,97.0,97.0,98.0,99.0,99.36000000000001,100.60000000000002,101.0,102.0,102.0,103.0,103.0,104.0,104.0,105.0,106.0,107.0,108.0,108.0,109.0,110.0,110.0,111.0,111.0,112.0,112.15999999999997,113.0,114.0,115.0,116.0,116.0,117.0,118.0,118.0,119.0,119.55999999999995,120.0,121.0,121.0,122.0,122.0,123.0,125.0,125.48000000000002,126.72000000000003,127.0,128.0,129.0,130.0,130.0,131.0,132.0,132.0,133.88,134.0,134.0,135.0,136.0,138.0,139.0,140.0,142.0,143.03999999999996,145.27999999999997,147.51999999999998,151.0,158.0,104.0,1000.4745098054409,1000.7019608020782,1000.811764717102,2000.0039215688594,2000.7411764860153,3000.054901961237,3000.3725490272045,3000.568627476692,3000.717647075653,3001.0,184.82713317871094,192.461962890625,197.27828674316407,200.9454833984375,204.0615997314453,207.0357666015625,209.9488067626953,213.20213317871094,217.67050170898438,345.99560546875,240.32362,1.0,test_data/Useful/Validation/Three Quarter at 1 ft/IMG-20240821-WA0244.jpg,1857.0,274.0,30.155451945563325
28,25.0,44.480000000000004,48.44,54.92,58.400000000000006,62.0,63.0,65.0,67.0,69.0,72.0,74.0,75.0,77.0,78.0,78.0,80.0,81.32,82.0,84.0,86.0,87.0,87.52000000000001,88.75999999999999,90.0,90.24000000000001,91.48000000000002,92.0,93.95999999999998,94.19999999999999,95.0,96.0,96.0,98.0,98.0,99.0,100.0,101.0,101.0,102.0,103.0,103.07999999999998,104.0,104.0,105.0,106.0,107.0,107.0,107.0,108.0,108.24000000000001,109.0,109.72000000000003,110.0,111.0,112.0,112.0,113.0,114.0,115.0,115.63999999999999,116.0,117.0,117.0,118.0,119.0,120.0,120.0,120.0,121.0,121.03999999999996,122.0,123.0,124.0,124.0,125.0,126.0,127.0,128.0,129.0,129.0,130.67999999999995,131.0,132.0,132.0,133.0,134.0,135.0,136.0,137.0,139.0,139.0,140.0,142.0,143.0,145.0,145.27999999999997,148.51999999999998,151.0,163.0,120.0,1000.4901960790157,1000.7176470756531,1000.8274509906769,2000.2196078449488,2000.7686274647713,3000.0784313753247,3000.3960784375668,3000.584313750267,3000.729411780834,3001.0,184.8707275390625,192.47755432128906,197.25833587646486,200.925244140625,204.08645629882812,207.01295776367186,209.96432342529297,213.2343292236328,217.68414306640625,345.9720458984375,241.76476,1.0,test_data/Useful/Validation/Three Quarter at 1 ft/IMG-20240821-WA0245.jpg,1849.0,233.0,34.88603827498739
29,32.68,44.480000000000004,51.16,56.0,60.0,63.44,65.68,68.0,70.16,74.0,75.64,77.0,78.0,80.0,82.0,83.0,84.0,85.0,87.0,88.0,88.03999999999999,89.28,90.0,90.75999999999999,92.0,93.0,93.48000000000002,94.72000000000003,95.0,95.19999999999999,97.0,97.0,98.0,99.0,99.0,100.0,100.0,101.0,101.0,101.60000000000002,102.0,103.0,104.0,105.0,105.0,106.0,107.0,108.0,109.0,110.0,111.0,111.0,111.72000000000003,112.0,113.0,113.0,113.0,114.0,115.0,116.0,116.0,117.0,118.0,118.0,118.60000000000002,119.0,120.0,121.0,121.55999999999995,122.0,123.0,123.27999999999997,124.0,125.0,125.0,126.0,127.0,127.0,127.96000000000004,128.0,129.0,130.0,131.0,132.0,132.0,132.64,134.0,134.12,135.0,136.0,136.84000000000003,138.0,138.0,140.55999999999995,142.79999999999995,144.0,145.27999999999997,148.0,149.0,155.0,99.0,1000.4745098054409,1000.705882370472,1000.811764717102,1000.9803921580315,2000.7372549176216,3000.054901961237,3000.376470595598,3000.572549045086,3000.721568644047,3001.0,185.03212890625,192.63302612304688,197.39624633789063,201.04273681640626,204.17372131347656,207.1221923828125,210.03741455078125,213.236572265625,217.64987182617188,345.983154296875,241.64508,1.0,test_data/Useful/Validation/Three Quarter at 1 ft/IMG-20240821-WA0246.jpg,1791.0,223.0,28.90199926764248
30,34.24,39.44,45.0,51.0,54.2,57.44,59.68000000000001,65.0,66.0,69.4,72.0,73.88,76.0,77.0,79.0,80.0,81.0,82.0,83.0,84.0,87.0,88.0,89.0,90.0,90.0,91.0,92.0,93.72000000000003,94.0,95.0,96.0,97.0,97.0,98.0,98.39999999999998,99.63999999999999,100.0,101.0,102.0,102.0,103.0,104.0,105.0,105.0,105.80000000000001,106.0,107.0,107.0,107.75999999999999,109.0,110.0,110.0,111.0,112.0,113.0,113.0,113.0,114.0,115.0,115.0,116.0,117.0,117.0,117.36000000000001,118.0,119.0,120.0,121.0,122.0,123.0,123.03999999999996,124.0,125.0,126.0,126.0,127.0,127.48000000000002,128.72000000000003,129.0,130.0,130.0,131.0,132.0,132.15999999999997,133.0,134.0,135.0,135.0,136.0,137.0,138.0,139.0,140.0,142.0,143.0,144.0,144.27999999999997,149.0,152.0,160.0,113.0,1000.4901960790157,1000.7137255072594,1000.8196078538895,2000.0078431377187,2000.7607843279839,3000.0784313753247,3000.3960784375668,3000.5803921818733,3000.7254902124405,3001.0,184.86400909423827,192.45542602539064,197.19910278320313,200.85506896972657,204.00389099121094,206.91665649414062,209.84971618652344,213.1375732421875,217.5458984375,345.9213562011719,240.88774,1.0,test_data/Useful/Validation/Three Quarter at 1 ft/IMG-20240821-WA0247.jpg,1787.0,247.0,29.927273733269708
31,30.240000000000002,43.0,49.72,55.0,58.0,61.0,62.68000000000001,65.0,67.16,69.0,70.64,72.0,74.0,75.0,76.0,77.0,79.0,80.0,82.0,83.0,84.0,85.0,86.52000000000001,88.0,89.0,90.0,91.0,92.0,92.0,93.0,93.0,94.0,95.0,95.0,96.0,96.0,97.0,97.0,98.0,99.0,99.0,100.0,101.0,101.56,102.0,103.0,103.0,104.0,104.0,104.0,105.0,105.0,106.0,106.0,107.0,108.0,109.0,109.0,110.0,110.39999999999998,111.0,111.0,112.0,113.0,113.0,114.0,115.0,115.0,115.0,116.0,116.0,117.0,117.0,118.0,119.0,119.0,120.0,120.0,121.0,123.0,123.0,124.0,124.0,125.0,126.0,127.0,128.0,129.0,130.36,132.0,133.0,134.0,135.0,137.55999999999995,139.0,141.0,143.0,145.51999999999998,149.76,159.0,116.0,1000.6000000238419,1000.7568627595901,1000.8549019694328,2000.2941176593304,2000.717647075653,3000.0784313753247,3000.435294121504,3000.6039215922356,3000.7254902124405,3001.0,183.58235778808594,191.18380737304688,195.96628112792968,199.70843200683595,202.9228515625,205.91799926757812,208.94140625,212.35385131835938,217.1173858642578,345.8181457519531,242.1068,1.0,test_data/Useful/Validation/Three Quarter at 1 ft/IMG-20240821-WA0248.jpg,1640.0,231.0,27.52030375904704
32,30.72,38.480000000000004,40.72,45.0,51.400000000000006,55.0,57.0,60.0,63.0,65.4,67.64,68.0,69.0,70.0,70.0,72.0,73.08000000000001,74.32,76.0,77.80000000000001,80.0,81.0,81.52000000000001,82.0,83.0,84.0,85.0,87.0,88.0,89.0,89.44,90.68,91.0,92.0,93.39999999999998,95.0,95.0,97.0,97.0,98.0,99.0,100.0,100.0,101.0,101.0,102.0,103.0,104.0,105.0,106.0,106.0,107.0,107.0,108.0,109.0,110.0,111.0,111.0,112.0,112.0,113.0,114.0,114.0,115.0,115.0,116.0,116.0,117.0,118.0,118.0,118.0,119.0,119.0,120.0,121.0,122.0,122.0,123.0,124.0,125.0,126.0,127.0,128.0,128.0,129.0,129.0,130.0,130.12,131.0,132.0,133.84000000000003,134.0,135.0,136.0,138.79999999999995,141.0,143.0,146.0,150.76,157.0,118.0,1000.611764729023,1000.7647058963776,1000.8823529481888,2000.4039215743542,2000.7137255072594,3000.019607843831,3000.392156869173,3000.5803921818733,3000.7098039388657,3001.0,183.57025146484375,191.16921997070312,195.88919067382812,199.58497619628906,202.75099182128906,205.73059997558593,208.7954559326172,212.21332092285155,217.15386505126952,345.81109619140625,242.1146,1.0,test_data/Useful/Validation/Three Quarter at 1 ft/IMG-20240821-WA0249.jpg,1669.0,226.0,25.333804923080955
33,25.44,32.0,39.16,42.96,50.0,56.44,59.68000000000001,60.92,64.16,65.0,67.0,68.88,71.0,73.0,74.0,76.0,77.0,78.0,79.56,81.0,82.0,83.0,84.0,84.0,85.0,87.0,87.48000000000002,88.0,89.0,90.0,91.0,91.0,92.0,92.16000000000003,93.0,94.0,95.0,96.0,96.0,97.0,97.0,98.0,99.0,100.0,101.0,102.0,103.0,103.0,104.0,104.0,105.0,106.0,106.72000000000003,107.0,108.0,109.0,109.0,110.0,111.0,111.39999999999998,112.0,112.0,113.0,114.0,114.60000000000002,115.0,115.0,116.0,117.0,118.0,118.0,118.27999999999997,119.0,120.0,120.0,121.0,121.48000000000002,122.0,123.0,124.0,125.0,125.0,125.91999999999996,127.0,127.0,128.0,129.0,130.0,130.0,132.0,133.0,134.0,135.0,137.0,139.79999999999995,141.0,143.0,146.0,153.03999999999996,157.0,125.0,1000.6078431606293,1000.7607843279839,1000.8627451062202,2000.3882353007793,2000.7254902124405,3000.0509803928435,3000.4156862795353,3000.5882353186607,3000.7098039388657,3001.0,183.2083770751953,190.80223083496094,195.57843017578125,199.31375122070312,202.5453338623047,205.57257080078125,208.6467742919922,212.12994384765625,217.14254760742188,345.75311279296875,243.08136,1.0,test_data/Useful/Validation/Three Quarter at 1 ft/IMG-20240821-WA0250.jpg,1610.0,224.0,28.794388810096997
34,32.68,44.480000000000004,51.16,56.0,60.0,63.44,65.68,68.0,70.16,74.0,75.64,77.0,78.0,80.0,82.0,83.0,84.0,85.0,87.0,88.0,88.03999999999999,89.28,90.0,90.75999999999999,92.0,93.0,93.48000000000002,94.72000000000003,95.0,95.19999999999999,97.0,97.0,98.0,99.0,99.0,100.0,100.0,101.0,101.0,101.60000000000002,102.0,103.0,104.0,105.0,105.0,106.0,107.0,108.0,109.0,110.0,111.0,111.0,111.72000000000003,112.0,113.0,113.0,113.0,114.0,115.0,116.0,116.0,117.0,118.0,118.0,118.60000000000002,119.0,120.0,121.0,121.55999999999995,122.0,123.0,123.27999999999997,124.0,125.0,125.0,126.0,127.0,127.0,127.96000000000004,128.0,129.0,130.0,131.0,132.0,132.0,132.64,134.0,134.12,135.0,136.0,136.84000000000003,138.0,138.0,140.55999999999995,142.79999999999995,144.0,145.27999999999997,148.0,149.0,155.0,99.0,1000.4745098054409,1000.705882370472,1000.811764717102,1000.9803921580315,2000.7372549176216,3000.054901961237,3000.376470595598,3000.572549045086,3000.721568644047,3001.0,185.03212890625,192.63302612304688,197.39624633789063,201.04273681640626,204.17372131347656,207.1221923828125,210.03741455078125,213.236572265625,217.64987182617188,345.983154296875,241.64508,1.0,test_data/Useful/Validation/Three Quarter at 1 ft/IMG-20240821-WA0251.jpg,1791.0,223.0,28.173320925842972
35,25.0,44.480000000000004,48.44,54.92,58.400000000000006,62.0,63.0,65.0,67.0,69.0,72.0,74.0,75.0,77.0,78.0,78.0,80.0,81.32,82.0,84.0,86.0,87.0,87.52000000000001,88.75999999999999,90.0,90.24000000000001,91.48000000000002,92.0,93.95999999999998,94.19999999999999,95.0,96.0,96.0,98.0,98.0,99.0,100.0,101.0,101.0,102.0,103.0,103.07999999999998,104.0,104.0,105.0,106.0,107.0,107.0,107.0,108.0,108.24000000000001,109.0,109.72000000000003,110.0,111.0,112.0,112.0,113.0,114.0,115.0,115.63999999999999,116.0,117.0,117.0,118.0,119.0,120.0,120.0,120.0,121.0,121.03999999999996,122.0,123.0,124.0,124.0,125.0,126.0,127.0,128.0,129.0,129.0,130.67999999999995,131.0,132.0,132.0,133.0,134.0,135.0,136.0,137.0,139.0,139.0,140.0,142.0,143.0,145.0,145.27999999999997,148.51999999999998,151.0,163.0,120.0,1000.4901960790157,1000.7176470756531,1000.8274509906769,2000.2196078449488,2000.7686274647713,3000.0784313753247,3000.3960784375668,3000.584313750267,3000.729411780834,3001.0,184.8707275390625,192.47755432128906,197.25833587646486,200.925244140625,204.08645629882812,207.01295776367186,209.96432342529297,213.2343292236328,217.68414306640625,345.9720458984375,241.76476,1.0,test_data/Useful/Validation/Three Quarter at 1 ft/IMG-20240821-WA0252.jpg,1849.0,233.0,29.801528148316393
36,41.24,47.96,52.0,54.0,59.2,62.0,65.68,68.0,70.0,71.0,72.64,74.0,75.0,76.0,78.0,78.84,80.0,81.0,82.0,83.0,84.0,84.28,86.0,87.0,88.0,89.0,90.0,91.0,92.0,93.0,94.0,95.0,96.0,98.0,99.0,99.0,100.0,100.12,101.0,102.0,103.0,103.07999999999998,104.0,105.0,105.0,106.0,107.0,108.0,108.0,109.0,110.0,111.0,111.0,113.0,113.0,113.0,114.0,114.0,114.15999999999997,115.0,115.0,116.0,116.12,117.0,118.0,119.0,120.0,120.32000000000005,121.0,122.0,123.0,123.0,124.0,125.0,125.0,126.0,126.0,126.0,127.0,128.0,129.0,130.0,130.0,131.0,131.0,132.0,133.0,133.12,134.0,135.60000000000002,136.0,137.08000000000004,139.0,141.0,142.0,143.03999999999996,144.27999999999997,146.0,151.76,156.0,126.0,1000.4901960790157,1000.7098039388657,1000.811764717102,1000.9607843160629,2000.6705882549286,3000.023529412225,3000.3568627536297,3000.5647059082985,3000.717647075653,3001.0,184.5961654663086,192.26019287109375,197.07288818359376,200.76280212402344,203.88182067871094,206.8885040283203,209.8510498046875,213.11124267578126,217.52227783203125,345.7839660644531,241.14377,1.0,test_data/Useful/Validation/Three Quarter at 1 ft/IMG-20240821-WA0253.jpg,1724.0,229.0,33.456552288836036
37,25.44,32.0,39.16,42.96,50.0,56.44,59.68000000000001,60.92,64.16,65.0,67.0,68.88,71.0,73.0,74.0,76.0,77.0,78.0,79.56,81.0,82.0,83.0,84.0,84.0,85.0,87.0,87.48000000000002,88.0,89.0,90.0,91.0,91.0,92.0,92.16000000000003,93.0,94.0,95.0,96.0,96.0,97.0,97.0,98.0,99.0,100.0,101.0,102.0,103.0,103.0,104.0,104.0,105.0,106.0,106.72000000000003,107.0,108.0,109.0,109.0,110.0,111.0,111.39999999999998,112.0,112.0,113.0,114.0,114.60000000000002,115.0,115.0,116.0,117.0,118.0,118.0,118.27999999999997,119.0,120.0,120.0,121.0,121.48000000000002,122.0,123.0,124.0,125.0,125.0,125.91999999999996,127.0,127.0,128.0,129.0,130.0,130.0,132.0,133.0,134.0,135.0,137.0,139.79999999999995,141.0,143.0,146.0,153.03999999999996,157.0,125.0,1000.6078431606293,1000.7607843279839,1000.8627451062202,2000.3882353007793,2000.7254902124405,3000.0509803928435,3000.4156862795353,3000.5882353186607,3000.7098039388657,3001.0,183.2083770751953,190.80223083496094,195.57843017578125,199.31375122070312,202.5453338623047,205.57257080078125,208.6467742919922,212.12994384765625,217.14254760742188,345.75311279296875,243.08136,1.0,test_data/Useful/Validation/Three Quarter at 1 ft/IMG-20240821-WA0254.jpg,1610.0,224.0,29.978105915708873
38,34.24,37.96,43.0,50.96,55.2,60.0,62.0,62.92,65.0,65.4,66.64,68.88,71.0,72.0,73.6,75.0,76.0,77.0,79.0,80.0,81.0,82.0,83.0,85.0,86.0,87.0,88.0,88.0,89.0,90.0,91.0,93.0,94.0,94.0,95.0,96.0,96.88,97.0,98.0,99.0,99.0,100.0,100.0,101.0,102.0,102.04000000000002,103.0,103.51999999999998,104.0,104.0,105.0,106.0,107.0,107.0,108.0,108.0,110.0,110.0,111.0,112.0,112.0,113.0,113.0,114.0,114.0,115.0,116.0,116.0,117.0,117.0,118.0,118.0,120.0,121.0,121.0,122.0,123.0,124.0,125.0,126.0,127.0,127.0,128.0,129.0,130.0,131.0,132.0,133.0,134.0,135.0,136.0,137.0,138.0,139.0,140.0,142.03999999999996,145.0,146.51999999999998,149.76,159.0,100.0,1000.4039215743542,1000.6549019813538,1000.7882353067398,2000.4039215743542,2000.7137255072594,3000.054901961237,3000.3176470696926,3000.4941176474094,3000.635294139385,3001.0,183.13140869140625,190.73541259765625,195.51608276367188,199.23068237304688,202.35281372070312,205.30760803222657,208.2725570678711,211.67191162109376,216.3673110961914,345.4948425292969,245.6836,1.0,test_data/Useful/Validation/Three Quarter at 1 ft/IMG-20240821-WA0255.jpg,1546.0,235.0,32.083776473810055
39,30.48,37.96,47.0,56.0,57.0,60.879999999999995,64.0,66.0,67.0,70.0,72.0,74.88,76.0,77.0,79.0,79.0,80.0,81.0,82.0,83.0,84.0,85.0,85.0,86.0,87.0,88.0,89.48000000000002,90.0,91.95999999999998,92.0,94.0,94.0,96.0,96.16000000000003,98.0,98.63999999999999,100.0,101.0,102.0,103.0,104.0,104.0,105.0,105.56,106.80000000000001,107.0,107.27999999999997,108.0,109.0,110.0,111.0,111.0,112.0,112.0,113.0,113.0,114.0,115.0,116.0,116.0,117.0,118.0,119.0,119.0,120.0,121.0,122.0,122.0,123.0,123.79999999999995,124.0,125.0,125.0,126.0,126.0,127.0,127.0,128.0,128.96000000000004,129.0,130.0,130.0,131.0,131.15999999999997,132.0,134.0,134.88,136.0,136.0,137.0,138.0,139.0,140.0,142.0,144.0,146.0,148.27999999999997,150.0,155.0,162.0,111.0,1000.5294117927551,1000.7372549176216,1000.8470588326454,2000.3490196168423,2000.745098054409,3000.0509803928435,3000.380392163992,3000.572549045086,3000.717647075653,3001.0,184.87791442871094,192.37655029296874,197.09156799316406,200.740966796875,203.86536407470703,206.78860473632812,209.71078491210938,212.9742431640625,217.536376953125,345.9350891113281,242.71341,1.0,test_data/Useful/Validation/Three Quarter at 1 ft/IMG-20240821-WA0256.jpg,1741.0,244.0,29.142888960620503
40,30.240000000000002,39.480000000000004,45.44,50.96,58.2,60.0,62.0,65.92,66.16,71.4,74.0,75.0,78.0,78.36000000000001,79.6,80.84,82.0,83.32,85.0,86.80000000000001,87.03999999999999,88.0,89.0,90.0,91.0,92.0,94.0,95.0,95.95999999999998,96.0,97.0,98.0,99.0,99.0,100.0,100.0,101.0,101.0,102.0,102.0,103.0,104.0,104.0,105.0,105.0,106.0,106.27999999999997,108.0,108.0,109.0,109.0,110.0,110.72000000000003,111.0,112.0,113.0,113.0,114.0,115.0,116.0,117.0,117.0,118.0,119.0,119.0,120.0,120.0,121.0,121.0,122.0,123.0,124.0,124.0,125.0,126.0,126.0,126.48000000000002,127.0,128.0,129.0,130.0,131.0,131.0,132.0,132.0,133.0,134.0,135.0,136.0,137.0,138.0,139.0,141.0,141.0,143.0,144.0,146.55999999999995,149.51999999999998,154.76,162.0,109.0,1000.3019607961178,1000.5490196347237,1000.705882370472,1000.811764717102,1000.9529411792755,2000.2705882489681,2000.4941176474094,2000.6588235497475,2000.7921568751335,3001.0,184.11241149902344,191.7549285888672,196.51522827148438,200.22073364257812,203.34759521484375,206.31043395996093,209.262353515625,212.57284545898438,217.14236450195312,345.40545654296875,240.75758,1.0,test_data/Useful/Validation/Three Quarter at 1 ft/WhatsApp Image 2024-08-21 at 14.16.45.jpeg,1642.0,243.0,31.915697233504478
41,44.480000000000004,52.480000000000004,55.0,57.96,61.2,65.44,69.0,70.0,72.0,75.0,76.0,77.0,80.0,82.0,83.0,83.0,84.0,85.0,86.56,87.80000000000001,89.0,89.0,90.0,91.0,92.0,93.24000000000001,94.0,95.0,95.0,96.0,97.0,98.0,99.0,100.0,101.0,101.0,102.0,103.0,104.0,104.0,105.0,106.0,107.0,107.0,108.0,108.0,109.0,110.0,110.0,110.0,111.0,112.0,112.0,112.96000000000004,113.20000000000005,114.0,115.0,116.0,116.0,117.0,118.0,118.0,119.0,120.0,120.0,121.0,122.0,122.0,122.0,123.0,124.0,124.0,124.0,125.0,125.0,126.0,127.0,127.0,128.0,129.0,130.0,131.67999999999995,132.91999999999996,134.0,135.0,135.64,136.0,137.0,138.0,138.0,139.0,140.0,141.0,142.0,143.79999999999995,145.0,147.0,150.0,152.76,162.0,124.0,1000.2901960909367,1000.5294117927551,1000.6862745285034,1000.7921568751335,1000.9098039269447,2000.2274509817362,2000.4784313738346,2000.65098041296,2000.7886274635796,3001.0,183.95134887695312,191.51217651367188,196.31003112792968,200.0133056640625,203.1932830810547,206.14044799804688,209.11053466796875,212.37997436523438,216.986572265625,345.4700012207031,240.37508,1.0,test_data/Useful/Validation/Three Quarter at 1 ft/WhatsApp Image 2024-08-21 at 14.16.46 (1).jpeg,1542.0,221.0,33.33785833012906
42,34.0,44.44,52.72,55.0,57.0,61.0,63.0,64.0,66.16,69.0,71.64,73.0,76.0,77.36000000000001,78.0,80.0,81.0,82.32,84.0,85.0,86.03999999999999,87.0,88.52000000000001,89.0,90.0,91.0,91.48000000000002,93.0,94.0,95.0,96.0,98.0,98.92000000000002,99.16000000000003,100.0,101.0,102.0,103.0,103.0,104.0,104.83999999999997,105.0,106.0,107.0,107.80000000000001,108.0,109.0,110.0,110.0,111.0,111.24000000000001,113.0,113.0,115.0,115.0,116.0,116.0,116.91999999999996,117.0,118.0,119.0,119.88,120.0,120.36000000000001,121.0,121.84000000000003,122.0,123.0,123.0,124.0,125.0,125.0,126.0,126.75999999999999,127.0,127.24000000000001,128.48000000000002,129.0,130.0,131.0,131.0,132.0,133.0,133.0,134.0,134.0,135.0,136.0,136.36,137.0,138.0,139.0,141.0,142.0,143.0,144.0,146.27999999999997,149.51999999999998,153.76,161.0,125.0,1000.2784313857555,1000.5137255191803,1000.6705882549286,1000.7764706015587,1000.8823529481888,2000.1411764770746,2000.447058826685,2000.6352941393852,2000.784313738346,3001.0,184.08637084960938,191.59597778320312,196.33126831054688,200.00650024414062,203.18673706054688,206.14834594726562,209.09481811523438,212.4180908203125,216.9534149169922,345.435791015625,238.90846,1.0,test_data/Useful/Validation/Three Quarter at 1 ft/WhatsApp Image 2024-08-21 at 14.16.46 (2).jpeg,1573.0,249.0,30.94442982221164
43,33.0,39.0,48.0,54.88,59.0,60.0,61.0,63.0,65.0,67.4,71.0,72.0,74.12,76.0,79.0,81.0,82.0,83.32,84.0,85.0,85.03999999999999,87.0,88.0,90.0,91.0,92.0,93.0,93.72000000000003,94.0,94.0,95.0,96.0,97.0,98.0,99.0,100.0,100.0,101.0,101.0,102.0,102.0,104.0,105.0,105.0,106.0,106.04000000000002,107.0,108.0,108.0,109.0,110.0,110.0,111.0,111.0,112.0,113.0,113.0,114.0,114.0,115.0,115.0,116.0,117.0,117.0,118.0,119.0,119.0,120.0,121.0,121.0,121.0,122.0,123.0,123.0,125.0,125.24000000000001,126.0,127.0,127.0,128.0,128.0,129.0,129.91999999999996,131.0,132.0,133.0,134.0,135.0,136.36,137.0,138.0,138.0,139.32000000000005,140.0,142.0,144.0,145.0,147.0,149.0,158.0,121.0,1000.2941176593304,1000.5333333611488,1000.6823529601097,1000.7843137383461,1000.8901960849762,2000.1725490242243,2000.4627451002598,2000.6431372761726,2000.784313738346,3001.0,184.22010803222656,191.6864776611328,196.43821716308594,200.16099548339844,203.348876953125,206.27093505859375,209.21688842773438,212.5662841796875,217.14144897460938,345.50201416015625,239.9411,1.0,test_data/Useful/Validation/Three Quarter at 1 ft/WhatsApp Image 2024-08-21 at 14.16.46 (3).jpeg,1665.0,238.0,35.29781363369958
44,35.24,45.0,49.44,56.0,59.0,62.0,64.0,66.0,68.0,69.4,71.0,72.0,74.0,75.0,77.0,77.0,79.0,80.0,81.0,83.0,84.0,85.0,87.0,88.0,89.0,89.0,90.0,91.0,92.95999999999998,94.0,95.0,96.0,97.0,98.0,98.0,99.63999999999999,101.0,101.0,102.0,103.0,103.0,104.0,104.0,105.0,106.80000000000001,107.0,108.0,108.0,109.0,109.0,109.24000000000001,110.0,111.0,111.0,112.0,112.0,113.0,113.0,114.0,114.0,115.0,116.0,117.0,117.0,118.0,119.0,119.0,119.0,120.0,121.0,121.0,122.27999999999997,123.0,124.0,125.0,126.0,126.0,127.0,127.96000000000004,129.0,129.0,130.0,130.91999999999996,131.15999999999997,132.0,134.0,135.0,136.0,137.0,137.60000000000002,138.0,139.0,141.0,142.0,143.0,146.0,147.0,149.0,153.0,159.0,119.0,1000.2784313857555,1000.5137255191803,1000.6705882549286,1000.7764706015587,1000.8784313797951,2000.1294117718935,2000.4509803950787,2000.6431372761726,2000.7960784435272,3001.0,184.32864379882812,191.7843475341797,196.5475616455078,200.23484802246094,203.39804077148438,206.36566772460938,209.3296859741211,212.62923889160157,217.16061401367188,345.3976135253906,240.58606,1.0,test_data/Useful/Validation/Three Quarter at 1 ft/WhatsApp Image 2024-08-21 at 14.16.46.jpeg,1623.0,252.0,32.8008715265199
45,44.480000000000004,52.480000000000004,55.0,57.96,61.2,65.44,69.0,70.0,72.0,75.0,76.0,77.0,80.0,82.0,83.0,83.0,84.0,85.0,86.56,87.80000000000001,89.0,89.0,90.0,91.0,92.0,93.24000000000001,94.0,95.0,95.0,96.0,97.0,98.0,99.0,100.0,101.0,101.0,102.0,103.0,104.0,104.0,105.0,106.0,107.0,107.0,108.0,108.0,109.0,110.0,110.0,110.0,111.0,112.0,112.0,112.96000000000004,113.20000000000005,114.0,115.0,116.0,116.0,117.0,118.0,118.0,119.0,120.0,120.0,121.0,122.0,122.0,122.0,123.0,124.0,124.0,124.0,125.0,125.0,126.0,127.0,127.0,128.0,129.0,130.0,131.67999999999995,132.91999999999996,134.0,135.0,135.64,136.0,137.0,138.0,138.0,139.0,140.0,141.0,142.0,143.79999999999995,145.0,147.0,150.0,152.76,162.0,124.0,1000.2901960909367,1000.5294117927551,1000.6862745285034,1000.7921568751335,1000.9098039269447,2000.2274509817362,2000.4784313738346,2000.65098041296,2000.7886274635796,3001.0,183.95134887695312,191.51217651367188,196.31003112792968,200.0133056640625,203.1932830810547,206.14044799804688,209.11053466796875,212.37997436523438,216.986572265625,345.4700012207031,240.37508,1.0,test_data/Useful/Validation/Three Quarter at 1 ft/WhatsApp Image 2024-08-21 at 14.16.47 (1).jpeg,1542.0,221.0,29.80390809323359
46,33.0,39.0,48.0,54.88,59.0,60.0,61.0,63.0,65.0,67.4,71.0,72.0,74.12,76.0,79.0,81.0,82.0,83.32,84.0,85.0,85.03999999999999,87.0,88.0,90.0,91.0,92.0,93.0,93.72000000000003,94.0,94.0,95.0,96.0,97.0,98.0,99.0,100.0,100.0,101.0,101.0,102.0,102.0,104.0,105.0,105.0,106.0,106.04000000000002,107.0,108.0,108.0,109.0,110.0,110.0,111.0,111.0,112.0,113.0,113.0,114.0,114.0,115.0,115.0,116.0,117.0,117.0,118.0,119.0,119.0,120.0,121.0,121.0,121.0,122.0,123.0,123.0,125.0,125.24000000000001,126.0,127.0,127.0,128.0,128.0,129.0,129.91999999999996,131.0,132.0,133.0,134.0,135.0,136.36,137.0,138.0,138.0,139.32000000000005,140.0,142.0,144.0,145.0,147.0,149.0,158.0,121.0,1000.2941176593304,1000.5333333611488,1000.6823529601097,1000.7843137383461,1000.8901960849762,2000.1725490242243,2000.4627451002598,2000.6431372761726,2000.784313738346,3001.0,184.22010803222656,191.6864776611328,196.43821716308594,200.16099548339844,203.348876953125,206.27093505859375,209.21688842773438,212.5662841796875,217.14144897460938,345.50201416015625,239.9411,1.0,test_data/Useful/Validation/Three Quarter at 1 ft/WhatsApp Image 2024-08-21 at 14.16.47 (2).jpeg,1665.0,238.0,31.51187061388296
47,39.0,45.0,50.0,56.0,60.2,63.44,66.68,69.0,71.0,73.0,73.0,75.0,77.0,78.36000000000001,80.0,82.0,83.0,84.0,85.0,85.80000000000001,87.0,88.0,89.0,90.0,91.0,92.0,93.0,93.0,94.0,95.0,96.0,97.0,98.0,99.0,99.39999999999998,100.0,100.0,101.0,102.0,102.0,103.0,104.0,105.0,105.0,106.0,107.0,107.0,108.0,109.0,110.0,110.0,111.0,111.0,112.0,112.0,113.0,113.0,114.0,114.15999999999997,115.0,115.0,116.0,116.0,117.0,117.0,118.0,119.0,119.0,120.0,121.0,121.0,122.0,122.0,123.0,123.0,124.0,125.48000000000002,126.0,127.0,127.0,128.0,128.0,129.0,130.0,130.0,131.0,132.0,133.0,134.0,135.0,136.0,137.0,140.0,140.55999999999995,142.79999999999995,144.0,145.0,147.0,149.0,157.0,115.0,1000.2784313857555,1000.5058823823929,1000.6627451181412,1000.772549033165,1000.8784313797951,2000.1294117718935,2000.4392156898975,2000.6274510025978,2000.7764706015587,3001.0,183.8957977294922,191.468017578125,196.21263580322267,199.86671447753906,203.03732299804688,205.9718475341797,208.9633331298828,212.29188537597656,216.8771209716797,345.42291259765625,239.73923,1.0,test_data/Useful/Validation/Three Quarter at 1 ft/WhatsApp Image 2024-08-21 at 14.16.47 (3).jpeg,1675.0,257.0,23.172179888463127
48,34.0,44.44,52.72,55.0,57.0,61.0,63.0,64.0,66.16,69.0,71.64,73.0,76.0,77.36000000000001,78.0,80.0,81.0,82.32,84.0,85.0,86.03999999999999,87.0,88.52000000000001,89.0,90.0,91.0,91.48000000000002,93.0,94.0,95.0,96.0,98.0,98.92000000000002,99.16000000000003,100.0,101.0,102.0,103.0,103.0,104.0,104.83999999999997,105.0,106.0,107.0,107.80000000000001,108.0,109.0,110.0,110.0,111.0,111.24000000000001,113.0,113.0,115.0,115.0,116.0,116.0,116.91999999999996,117.0,118.0,119.0,119.88,120.0,120.36000000000001,121.0,121.84000000000003,122.0,123.0,123.0,124.0,125.0,125.0,126.0,126.75999999999999,127.0,127.24000000000001,128.48000000000002,129.0,130.0,131.0,131.0,132.0,133.0,133.0,134.0,134.0,135.0,136.0,136.36,137.0,138.0,139.0,141.0,142.0,143.0,144.0,146.27999999999997,149.51999999999998,153.76,161.0,125.0,1000.2784313857555,1000.5137255191803,1000.6705882549286,1000.7764706015587,1000.8823529481888,2000.1411764770746,2000.447058826685,2000.6352941393852,2000.784313738346,3001.0,184.08637084960938,191.59597778320312,196.33126831054688,200.00650024414062,203.18673706054688,206.14834594726562,209.09481811523438,212.4180908203125,216.9534149169922,345.435791015625,238.90846,1.0,test_data/Useful/Validation/Three Quarter at 1 ft/WhatsApp Image 2024-08-21 at 14.16.47.jpeg,1573.0,249.0,27.99300549087056
49,39.0,45.0,50.0,56.0,60.2,63.44,66.68,69.0,71.0,73.0,73.0,75.0,77.0,78.36000000000001,80.0,82.0,83.0,84.0,85.0,85.80000000000001,87.0,88.0,89.0,90.0,91.0,92.0,93.0,93.0,94.0,95.0,96.0,97.0,98.0,99.0,99.39999999999998,100.0,100.0,101.0,102.0,102.0,103.0,104.0,105.0,105.0,106.0,107.0,107.0,108.0,109.0,110.0,110.0,111.0,111.0,112.0,112.0,113.0,113.0,114.0,114.15999999999997,115.0,115.0,116.0,116.0,117.0,117.0,118.0,119.0,119.0,120.0,121.0,121.0,122.0,122.0,123.0,123.0,124.0,125.48000000000002,126.0,127.0,127.0,128.0,128.0,129.0,130.0,130.0,131.0,132.0,133.0,134.0,135.0,136.0,137.0,140.0,140.55999999999995,142.79999999999995,144.0,145.0,147.0,149.0,157.0,115.0,1000.2784313857555,1000.5058823823929,1000.6627451181412,1000.772549033165,1000.8784313797951,2000.1294117718935,2000.4392156898975,2000.6274510025978,2000.7764706015587,3001.0,183.8957977294922,191.468017578125,196.21263580322267,199.86671447753906,203.03732299804688,205.9718475341797,208.9633331298828,212.29188537597656,216.8771209716797,345.42291259765625,239.73923,1.0,test_data/Useful/Validation/Three Quarter at 1 ft/WhatsApp Image 2024-08-21 at 14.16.48 (1).jpeg,1675.0,257.0,35.24436550183511
50,38.72,49.480000000000004,52.0,56.92,59.2,63.0,65.0,66.92,68.0,70.0,73.0,76.0,77.0,78.0,78.0,80.0,82.0,83.0,84.0,84.0,86.0,87.0,88.0,89.0,90.0,91.0,92.0,93.0,93.95999999999998,95.0,96.0,97.0,98.0,99.0,100.0,101.0,102.0,103.0,104.0,105.0,105.0,106.0,106.0,107.0,108.0,108.0,109.0,109.0,110.0,111.0,112.0,112.0,113.0,113.0,115.0,116.0,116.0,116.91999999999996,117.0,118.0,118.63999999999999,119.0,120.0,120.0,121.0,121.0,122.0,123.0,123.0,124.0,125.0,125.0,126.0,127.0,127.0,128.0,128.48000000000002,130.0,131.0,132.0,133.0,134.0,134.0,135.0,135.0,136.0,136.0,137.0,137.0,138.0,139.0,140.0,141.0,142.0,143.79999999999995,145.03999999999996,147.0,148.0,150.51999999999998,161.0,105.0,1000.3490196168423,1000.5882353186607,1000.7254902124405,1000.8274509906769,2000.0039215688594,2000.3098039329052,2000.5098039507866,2000.6627451181412,2000.7882353067398,3001.0,184.0149703979492,191.55512084960938,196.2812301635742,199.95669555664062,203.13705444335938,206.08993530273438,209.07562255859375,212.36831665039062,217.04795837402344,345.45977783203125,239.75798,1.0,test_data/Useful/Validation/Three Quarter at 1 ft/WhatsApp Image 2024-08-21 at 14.16.48 (2).jpeg,1587.0,242.0,33.529357380395936
51,35.0,47.0,52.72,56.96,59.0,62.0,65.0,68.0,70.16,72.4,75.64,77.0,79.0,80.0,81.6,82.84,84.0,85.0,86.0,88.0,89.0,90.0,91.0,92.0,93.0,93.24000000000001,95.0,96.0,96.0,97.0,97.0,97.0,98.0,98.16000000000003,99.0,99.63999999999999,100.0,101.0,102.0,102.60000000000002,103.0,104.07999999999998,106.0,106.0,106.0,107.0,108.0,108.51999999999998,109.0,110.0,110.0,111.0,112.0,112.0,113.0,113.0,114.0,115.0,115.15999999999997,116.0,117.0,117.0,118.0,118.0,119.0,119.0,120.0,120.0,121.0,121.0,122.0,122.0,123.0,123.0,124.0,124.0,125.0,125.72000000000003,126.0,127.0,128.0,128.0,129.0,130.0,131.0,131.0,132.0,133.0,134.0,135.0,135.84000000000003,137.0,137.32000000000005,139.0,140.0,143.0,144.0,146.0,150.0,162.0,97.0,1000.3215686380863,1000.5607843399048,1000.7098039388657,1000.811764717102,1000.9647058844566,2000.2627451121807,2000.4784313738346,2000.6352941393852,2000.7686274647713,3001.0,183.76267852783204,191.3563232421875,196.1145782470703,199.82017517089844,202.9483184814453,205.94790649414062,208.9588165283203,212.2806396484375,216.95213317871094,345.428955078125,240.47478,1.0,test_data/Useful/Validation/Three Quarter at 1 ft/WhatsApp Image 2024-08-21 at 14.16.48 (3).jpeg,1530.0,216.0,35.18513927036257
52,38.72,49.480000000000004,52.0,56.92,59.2,63.0,65.0,66.92,68.0,70.0,73.0,76.0,77.0,78.0,78.0,80.0,82.0,83.0,84.0,84.0,86.0,87.0,88.0,89.0,90.0,91.0,92.0,93.0,93.95999999999998,95.0,96.0,97.0,98.0,99.0,100.0,101.0,102.0,103.0,104.0,105.0,105.0,106.0,106.0,107.0,108.0,108.0,109.0,109.0,110.0,111.0,112.0,112.0,113.0,113.0,115.0,116.0,116.0,116.91999999999996,117.0,118.0,118.63999999999999,119.0,120.0,120.0,121.0,121.0,122.0,123.0,123.0,124.0,125.0,125.0,126.0,127.0,127.0,128.0,128.48000000000002,130.0,131.0,132.0,133.0,134.0,134.0,135.0,135.0,136.0,136.0,137.0,137.0,138.0,139.0,140.0,141.0,142.0,143.79999999999995,145.03999999999996,147.0,148.0,150.51999999999998,161.0,105.0,1000.3490196168423,1000.5882353186607,1000.7254902124405,1000.8274509906769,2000.0039215688594,2000.3098039329052,2000.5098039507866,2000.6627451181412,2000.7882353067398,3001.0,184.0149703979492,191.55512084960938,196.2812301635742,199.95669555664062,203.13705444335938,206.08993530273438,209.07562255859375,212.36831665039062,217.04795837402344,345.45977783203125,239.75798,1.0,test_data/Useful/Validation/Three Quarter at 1 ft/WhatsApp Image 2024-08-21 at 14.16.48.jpeg,1587.0,242.0,32.519422090337486
53,26.0,40.44,48.0,51.0,56.0,59.0,62.0,63.92,66.16,69.0,70.64,71.0,74.0,76.36000000000001,78.0,79.84,81.0,82.0,82.0,83.0,84.0,86.0,86.0,87.0,88.0,89.24000000000001,90.48000000000002,91.0,92.95999999999998,94.0,95.0,96.68,98.0,98.0,99.0,100.0,101.0,102.0,103.0,104.0,104.0,105.0,105.0,106.0,107.0,108.0,108.0,109.0,110.0,110.0,111.0,111.0,112.0,112.0,113.0,113.0,113.0,114.91999999999996,115.0,116.0,117.0,117.0,118.0,119.0,119.0,120.84000000000003,121.0,122.0,122.55999999999995,123.0,124.0,124.0,125.0,125.0,126.0,126.0,127.0,127.0,128.0,129.0,129.44000000000005,130.0,130.0,131.0,132.0,133.0,134.0,134.0,136.0,136.0,138.0,140.0,141.0,142.0,143.0,144.0,147.0,150.0,152.76,168.0,112.0,1000.352941185236,1000.5921568870544,1000.7294117808342,1000.839215695858,2000.0196078438312,2000.3294117748737,2000.517647087574,2000.6588235497475,2000.7803921699524,3001.0,183.63522338867188,191.27455444335936,196.02798767089843,199.7741485595703,202.95818328857422,205.92120666503905,208.88790588378907,212.27120971679688,216.97149658203125,345.4946594238281,239.65503,1.0,test_data/Useful/Validation/Three Quarter at 1 ft/WhatsApp Image 2024-08-21 at 14.16.49 (1).jpeg,1538.0,207.0,29.72296285509969
54,23.68,37.0,44.72,51.0,57.2,61.0,64.36000000000001,67.92,71.0,72.4,73.0,75.0,77.0,79.0,80.0,82.0,83.0,84.0,85.0,86.0,87.0,88.0,89.0,90.0,91.0,93.0,94.0,94.0,96.95999999999998,97.0,98.0,99.0,100.0,101.0,102.0,102.0,103.0,104.0,104.0,105.0,105.83999999999997,106.0,107.0,107.0,108.0,108.0,109.0,110.0,110.0,111.0,112.0,112.0,112.72000000000003,113.0,114.0,115.0,115.0,115.91999999999996,116.0,116.0,117.0,117.0,118.0,118.0,119.0,119.84000000000003,120.0,120.32000000000005,121.0,122.0,123.0,123.0,124.0,124.0,125.0,125.0,126.0,126.0,128.0,129.0,130.0,130.0,131.0,132.0,132.0,133.64,134.0,135.0,136.0,137.0,137.0,138.0,139.0,139.55999999999995,141.0,143.0,145.27999999999997,147.0,151.0,156.0,125.0,1000.3294117748737,1000.5725490450859,1000.7176470756531,1000.8235294222832,1001.0,2000.2901960909367,2000.5019608139992,2000.6549019813538,2000.7882353067398,3001.0,184.0713348388672,191.66522216796875,196.40142822265625,200.04615783691406,203.20802307128906,206.1453399658203,209.14125061035156,212.4760284423828,217.06793212890625,345.4624938964844,240.05318,1.0,test_data/Useful/Validation/Three Quarter at 1 ft/WhatsApp Image 2024-08-21 at 14.16.49 (2).jpeg,1638.0,240.0,30.573607020655896
55,26.0,40.44,48.0,51.0,56.0,59.0,62.0,63.92,66.16,69.0,70.64,71.0,74.0,76.36000000000001,78.0,79.84,81.0,82.0,82.0,83.0,84.0,86.0,86.0,87.0,88.0,89.24000000000001,90.48000000000002,91.0,92.95999999999998,94.0,95.0,96.68,98.0,98.0,99.0,100.0,101.0,102.0,103.0,104.0,104.0,105.0,105.0,106.0,107.0,108.0,108.0,109.0,110.0,110.0,111.0,111.0,112.0,112.0,113.0,113.0,113.0,114.91999999999996,115.0,116.0,117.0,117.0,118.0,119.0,119.0,120.84000000000003,121.0,122.0,122.55999999999995,123.0,124.0,124.0,125.0,125.0,126.0,126.0,127.0,127.0,128.0,129.0,129.44000000000005,130.0,130.0,131.0,132.0,133.0,134.0,134.0,136.0,136.0,138.0,140.0,141.0,142.0,143.0,144.0,147.0,150.0,152.76,168.0,112.0,1000.352941185236,1000.5921568870544,1000.7294117808342,1000.839215695858,2000.0196078438312,2000.3294117748737,2000.517647087574,2000.6588235497475,2000.7803921699524,3001.0,183.63522338867188,191.27455444335936,196.02798767089843,199.7741485595703,202.95818328857422,205.92120666503905,208.88790588378907,212.27120971679688,216.97149658203125,345.4946594238281,239.65503,1.0,test_data/Useful/Validation/Three Quarter at 1 ft/WhatsApp Image 2024-08-21 at 14.16.49 (3).jpeg,1538.0,207.0,30.325968344560806
56,23.68,37.0,44.72,51.0,57.2,61.0,64.36000000000001,67.92,71.0,72.4,73.0,75.0,77.0,79.0,80.0,82.0,83.0,84.0,85.0,86.0,87.0,88.0,89.0,90.0,91.0,93.0,94.0,94.0,96.95999999999998,97.0,98.0,99.0,100.0,101.0,102.0,102.0,103.0,104.0,104.0,105.0,105.83999999999997,106.0,107.0,107.0,108.0,108.0,109.0,110.0,110.0,111.0,112.0,112.0,112.72000000000003,113.0,114.0,115.0,115.0,115.91999999999996,116.0,116.0,117.0,117.0,118.0,118.0,119.0,119.84000000000003,120.0,120.32000000000005,121.0,122.0,123.0,123.0,124.0,124.0,125.0,125.0,126.0,126.0,128.0,129.0,130.0,130.0,131.0,132.0,132.0,133.64,134.0,135.0,136.0,137.0,137.0,138.0,139.0,139.55999999999995,141.0,143.0,145.27999999999997,147.0,151.0,156.0,125.0,1000.3294117748737,1000.5725490450859,1000.7176470756531,1000.8235294222832,1001.0,2000.2901960909367,2000.5019608139992,2000.6549019813538,2000.7882353067398,3001.0,184.0713348388672,191.66522216796875,196.40142822265625,200.04615783691406,203.20802307128906,206.1453399658203,209.14125061035156,212.4760284423828,217.06793212890625,345.4624938964844,240.05318,1.0,test_data/Useful/Validation/Three Quarter at 1 ft/WhatsApp Image 2024-08-21 at 14.16.49.jpeg,1638.0,240.0,29.030937406522636
57,35.0,47.0,52.72,56.96,59.0,62.0,65.0,68.0,70.16,72.4,75.64,77.0,79.0,80.0,81.6,82.84,84.0,85.0,86.0,88.0,89.0,90.0,91.0,92.0,93.0,93.24000000000001,95.0,96.0,96.0,97.0,97.0,97.0,98.0,98.16000000000003,99.0,99.63999999999999,100.0,101.0,102.0,102.60000000000002,103.0,104.07999999999998,106.0,106.0,106.0,107.0,108.0,108.51999999999998,109.0,110.0,110.0,111.0,112.0,112.0,113.0,113.0,114.0,115.0,115.15999999999997,116.0,117.0,117.0,118.0,118.0,119.0,119.0,120.0,120.0,121.0,121.0,122.0,122.0,123.0,123.0,124.0,124.0,125.0,125.72000000000003,126.0,127.0,128.0,128.0,129.0,130.0,131.0,131.0,132.0,133.0,134.0,135.0,135.84000000000003,137.0,137.32000000000005,139.0,140.0,143.0,144.0,146.0,150.0,162.0,97.0,1000.3215686380863,1000.5607843399048,1000.7098039388657,1000.811764717102,1000.9647058844566,2000.2627451121807,2000.4784313738346,2000.6352941393852,2000.7686274647713,3001.0,183.76267852783204,191.3563232421875,196.1145782470703,199.82017517089844,202.9483184814453,205.94790649414062,208.9588165283203,212.2806396484375,216.95213317871094,345.428955078125,240.47478,1.0,test_data/Useful/Validation/Three Quarter at 1 ft/WhatsApp Image 2024-08-21 at 14.16.50 (1).jpeg,1530.0,216.0,32.10988323853703
58,32.480000000000004,37.480000000000004,46.16,50.96,54.2,56.0,60.0,64.0,68.0,71.0,73.64,75.0,77.0,77.36000000000001,79.0,79.84,81.0,82.0,82.56,84.0,85.0,85.28,86.0,87.0,88.0,89.0,90.0,91.0,92.0,93.19999999999999,94.0,95.0,97.0,97.16000000000003,98.0,99.0,100.0,101.0,102.0,102.60000000000002,103.0,104.0,105.0,105.0,106.0,107.0,107.0,108.51999999999998,109.0,109.0,110.0,111.0,111.0,112.0,112.0,113.0,113.0,114.0,114.0,115.0,115.63999999999999,116.0,117.0,117.36000000000001,118.0,118.0,119.08000000000004,120.0,121.0,121.0,122.0,123.0,124.0,124.0,125.0,126.0,127.0,127.0,128.0,128.20000000000005,129.0,130.0,131.0,131.0,132.0,132.64,134.0,135.0,136.0,137.0,137.0,139.0,140.0,141.0,142.0,144.0,145.0,147.51999999999998,151.0,161.0,113.0,1000.3137255012989,1000.5568627715111,1000.6980392336845,1000.8039215803146,1000.9568627476692,2000.2470588237047,2000.4627451002598,2000.623529434204,2000.7647058963776,3001.0,183.79000854492188,191.36801147460938,196.13555908203125,199.82546997070312,203.02386474609375,206.02418518066406,208.9833221435547,212.28662109375,216.84747314453125,345.40106201171875,240.60168,1.0,test_data/Useful/Validation/Three Quarter at 1 ft/WhatsApp Image 2024-08-21 at 14.16.50 (2).jpeg,1609.0,225.0,28.895766792803983
59,20.72,33.0,38.0,40.0,43.0,48.44,51.68000000000001,53.0,55.16,57.0,59.0,60.879999999999995,63.0,65.0,65.6,68.0,70.0,71.0,72.0,73.0,75.0,75.0,77.0,78.0,79.0,80.0,81.0,82.0,82.0,82.0,83.0,84.0,85.0,86.16000000000003,87.0,88.0,89.0,89.0,90.0,91.0,91.0,92.0,93.0,94.0,94.80000000000001,95.0,96.0,96.0,97.0,97.0,98.0,99.0,99.0,99.96000000000004,100.0,101.0,101.0,102.0,103.0,104.0,104.0,105.0,106.0,106.0,107.0,107.0,108.0,109.0,109.0,110.0,111.0,111.0,111.51999999999998,112.0,114.0,114.24000000000001,115.0,116.0,117.0,118.0,119.0,120.0,121.0,122.0,123.0,123.0,123.0,124.0,125.0,125.60000000000002,126.84000000000003,129.0,131.0,133.0,133.79999999999995,136.0,137.55999999999995,141.0,143.76,152.0,82.0,1000.3490196168423,1000.5686274766922,1000.6980392336845,1000.7803921699524,1000.905882358551,2000.298039227724,2000.5058823823929,2000.65098041296,2000.7607843279839,3001.0,181.70665435791017,189.29920043945313,194.17853851318358,197.98529052734375,201.25827026367188,204.4124755859375,207.6238250732422,211.3526611328125,216.848388671875,345.2434997558594,241.44809,1.0,test_data/Useful/Validation/Three Quarter at 1 ft/WhatsApp Image 2024-08-21 at 14.16.50 (3).jpeg,1524.0,258.0,30.475670415242593
60,46.0,49.480000000000004,57.72,62.96,66.2,69.0,71.68,74.0,75.16,77.4,79.0,81.88,83.0,84.0,85.0,86.0,88.0,88.0,89.56,91.80000000000001,93.03999999999999,95.0,95.0,96.0,97.0,98.0,98.48000000000002,99.0,101.0,101.0,102.0,103.0,103.0,104.0,104.0,105.0,106.0,106.0,107.0,108.0,108.0,109.0,109.32,110.0,111.0,112.0,112.0,113.0,113.0,113.0,114.0,114.0,115.0,115.0,116.0,117.0,117.0,118.0,118.0,119.0,119.0,120.0,121.0,122.0,122.0,123.0,123.0,124.0,125.0,125.0,126.0,126.0,127.0,127.0,127.0,128.0,128.0,129.0,130.0,130.20000000000005,132.0,132.0,133.0,134.0,135.0,135.0,136.0,137.0,137.0,138.0,139.0,140.0,141.0,143.0,144.79999999999995,148.0,150.0,152.51999999999998,154.76,168.0,127.0,1000.4313725531101,1000.6941176652908,1000.8156862854958,1000.9647058844566,2000.5607843399048,2000.784313738346,3000.086274512112,3000.486274510622,3000.6862745285034,3001.0,184.80426025390625,192.32028198242188,197.04774475097656,200.72309265136718,203.88478088378906,206.8937744140625,209.886962890625,213.2123565673828,217.7717742919922,346.0981750488281,240.03671,1.0,test_data/Useful/Validation/Three Quarter at 1 ft/WhatsApp Image 2024-08-21 at 14.17.07.jpeg,1672.0,230.0,31.950652500919645
61,38.480000000000004,49.480000000000004,56.72,60.0,64.2,66.0,68.0,71.0,74.16,77.0,78.0,79.0,81.0,82.0,82.0,83.0,85.0,86.0,87.0,87.80000000000001,89.0,90.0,91.52000000000001,92.0,93.0,93.24000000000001,94.0,95.0,96.0,96.19999999999999,98.0,99.0,101.0,101.0,102.0,102.0,103.0,103.0,104.0,105.0,105.0,106.0,107.0,107.0,108.0,109.0,109.0,109.51999999999998,110.0,111.0,112.0,112.0,113.0,113.0,114.0,114.0,114.67999999999995,115.0,116.0,117.0,117.63999999999999,118.0,119.0,119.36000000000001,120.0,121.0,122.0,122.0,123.0,123.0,124.0,125.0,125.0,125.0,126.0,126.0,127.0,127.0,127.0,128.0,129.0,129.0,130.0,131.0,133.0,133.0,134.0,135.0,136.0,136.60000000000002,137.84000000000003,139.0,141.0,143.0,144.0,145.0,146.0,148.0,151.27999999999997,156.0,125.0,1000.4274509847164,1000.6901960968971,1000.8156862854958,1000.9647058844566,2000.5333333611488,2000.7647058963776,3000.043137256056,3000.4549019634724,3000.6745098233223,3001.0,184.65715942382812,192.275,197.08150329589844,200.67303771972655,203.8355255126953,206.77962646484374,209.7190948486328,213.0600769042969,217.6146011352539,346.05194091796875,240.43924,1.0,test_data/Useful/Validation/Three Quarter at 1 ft/WhatsApp Image 2024-08-21 at 14.17.08 (1).jpeg,1710.0,213.0,27.392130164963614
62,27.48,39.480000000000004,51.0,55.0,59.2,61.0,62.0,65.0,69.16,71.0,73.0,74.0,76.0,77.0,79.0,80.0,83.0,84.0,85.56,87.0,88.0,89.0,90.0,91.0,93.0,93.0,94.0,94.72000000000003,96.0,97.0,97.0,98.0,99.0,100.0,100.0,101.0,101.0,102.0,103.0,103.0,104.0,104.0,106.0,106.0,107.0,107.04000000000002,108.0,108.0,109.0,109.0,110.0,111.0,111.0,112.0,112.20000000000005,114.0,114.0,115.0,115.0,116.0,116.0,116.88,117.0,118.0,118.0,118.0,119.0,119.0,120.0,120.0,121.0,122.0,122.0,123.75999999999999,124.0,125.0,125.0,126.0,127.0,127.0,128.0,129.0,130.0,131.0,131.0,133.0,134.0,134.0,135.0,136.0,137.0,139.0,140.0,141.0,142.79999999999995,145.0,146.27999999999997,148.0,150.76,157.0,118.0,1000.4901960790157,1000.7176470756531,1000.8274509906769,2000.0470588244498,2000.6000000238419,2000.800000011921,3000.1686274558306,3000.517647087574,3000.694117665291,3001.0,184.10448608398437,191.771728515625,196.58468627929688,200.29428100585938,203.47625732421875,206.43792114257812,209.48321838378905,212.8798034667969,217.63592529296875,346.0540466308594,237.93791,1.0,test_data/Useful/Validation/Three Quarter at 1 ft/WhatsApp Image 2024-08-21 at 14.17.08 (2).jpeg,1712.0,240.0,27.51434424682129
63,46.0,49.480000000000004,57.72,62.96,66.2,69.0,71.68,74.0,75.16,77.4,79.0,81.88,83.0,84.0,85.0,86.0,88.0,88.0,89.56,91.80000000000001,93.03999999999999,95.0,95.0,96.0,97.0,98.0,98.48000000000002,99.0,101.0,101.0,102.0,103.0,103.0,104.0,104.0,105.0,106.0,106.0,107.0,108.0,108.0,109.0,109.32,110.0,111.0,112.0,112.0,113.0,113.0,113.0,114.0,114.0,115.0,115.0,116.0,117.0,117.0,118.0,118.0,119.0,119.0,120.0,121.0,122.0,122.0,123.0,123.0,124.0,125.0,125.0,126.0,126.0,127.0,127.0,127.0,128.0,128.0,129.0,130.0,130.20000000000005,132.0,132.0,133.0,134.0,135.0,135.0,136.0,137.0,137.0,138.0,139.0,140.0,141.0,143.0,144.79999999999995,148.0,150.0,152.51999999999998,154.76,168.0,127.0,1000.4313725531101,1000.6941176652908,1000.8156862854958,1000.9647058844566,2000.5607843399048,2000.784313738346,3000.086274512112,3000.486274510622,3000.6862745285034,3001.0,184.80426025390625,192.32028198242188,197.04774475097656,200.72309265136718,203.88478088378906,206.8937744140625,209.886962890625,213.2123565673828,217.7717742919922,346.0981750488281,240.03671,1.0,test_data/Useful/Validation/Three Quarter at 1 ft/WhatsApp Image 2024-08-21 at 14.17.08.jpeg,1672.0,230.0,33.061349663422035
64,36.24,45.0,50.44,54.0,58.2,60.0,63.0,68.0,72.0,73.4,75.0,78.0,80.0,81.0,81.6,82.84,84.0,85.0,86.0,87.0,88.0,89.0,90.0,91.0,91.0,92.0,93.0,94.0,95.0,96.0,97.0,98.0,99.0,100.0,101.0,102.0,103.0,104.0,105.0,105.0,106.0,106.07999999999998,107.0,107.0,108.0,108.0,109.0,109.51999999999998,110.0,111.0,112.0,112.0,112.0,113.0,114.0,114.0,115.0,115.0,116.0,116.0,117.0,118.0,118.0,119.0,120.0,120.0,121.0,121.0,122.0,122.0,123.0,123.27999999999997,125.0,126.0,126.0,127.0,127.0,128.72000000000003,129.0,130.0,130.44000000000005,131.0,132.0,133.0,134.0,134.0,135.0,135.0,136.0,138.0,139.0,139.08000000000004,141.0,142.0,143.0,145.0,146.0,147.51999999999998,150.51999999999998,161.0,112.0,1000.4823529422283,1000.7215686440468,1000.8352941274643,2000.0274509806186,2000.5803921818733,2000.7960784435272,3000.117647059262,3000.501960813999,3000.690196096897,3001.0,184.59776153564454,192.2130310058594,196.97035217285156,200.6285400390625,203.78253173828125,206.7540740966797,209.73147583007812,213.05722045898438,217.62159729003906,346.09417724609375,239.4555,1.0,test_data/Useful/Validation/Three Quarter at 1 ft/WhatsApp Image 2024-08-21 at 14.17.09 (1).jpeg,1725.0,241.0,26.634625161159633
65,35.96,43.96,52.0,58.96,63.2,66.0,67.0,70.92,72.0,73.4,76.64,80.0,82.0,83.0,85.0,86.0,87.0,87.0,88.0,89.80000000000001,90.0,91.28,92.0,93.0,94.0,95.0,95.0,96.0,97.0,99.0,99.0,100.0,101.0,101.0,102.0,103.0,103.0,104.0,104.0,105.0,105.0,106.0,106.32,107.0,108.0,108.04000000000002,109.0,109.0,110.0,110.0,110.0,111.0,111.72000000000003,112.0,113.0,114.0,114.67999999999995,115.0,116.0,116.39999999999998,117.0,117.0,118.0,119.0,119.60000000000002,120.0,121.0,121.0,122.0,123.0,123.03999999999996,124.0,125.0,126.0,126.0,127.0,127.0,128.0,129.0,129.0,130.0,130.0,131.0,132.0,133.0,134.0,134.88,135.0,136.0,137.0,138.84000000000003,139.0,140.0,141.0,143.0,144.0,147.0,148.0,151.0,175.0,109.0,1000.4666666686535,1000.7137255072594,1000.8352941274643,2000.0470588244498,2000.5921568870544,2000.7921568751335,3000.090196080506,3000.4901960790157,3000.6823529601097,3001.0,184.58346557617188,192.18093872070312,196.94998168945312,200.6424102783203,203.80284118652344,206.7262451171875,209.6493927001953,213.0116729736328,217.61770935058593,346.0649108886719,239.07729,1.0,test_data/Useful/Validation/Three Quarter at 1 ft/WhatsApp Image 2024-08-21 at 14.17.09.jpeg,1729.0,218.0,28.32844776494572
66,42.24,50.480000000000004,55.72,57.0,60.0,63.44,66.0,67.92,71.0,73.0,74.28,75.0,76.12,79.0,80.0,81.0,83.0,84.0,85.0,87.0,88.0,89.0,90.52000000000001,91.0,93.0,94.0,94.0,95.0,96.95999999999998,98.0,98.0,99.0,99.92000000000002,100.16000000000003,101.39999999999998,103.0,103.0,104.0,105.0,106.0,106.0,107.0,107.32,108.0,109.0,109.0,110.0,110.0,111.75999999999999,112.0,113.0,113.0,114.0,114.0,115.0,115.0,116.0,116.91999999999996,118.0,118.0,119.0,119.0,119.0,120.0,120.60000000000002,121.0,122.0,122.0,123.0,123.0,124.0,124.0,125.0,125.0,126.0,126.0,127.0,127.72000000000003,128.0,129.0,130.0,130.0,131.0,132.0,133.0,134.0,134.0,135.0,135.0,136.60000000000002,138.0,140.0,140.32000000000005,142.0,143.0,144.0,146.0,148.0,153.27999999999997,162.0,119.0,1000.4980392158031,1000.7294117808342,1000.8509804010391,2000.1921568661928,2000.6274510025978,2000.8156862854958,3000.1529411822557,3000.5098039507866,3000.690196096897,3001.0,184.38796997070312,192.01062622070313,196.77543182373046,200.47710571289062,203.6887969970703,206.65394287109373,209.61280364990233,212.97874450683594,217.62161254882812,346.05560302734375,239.54431,1.0,test_data/Useful/Validation/Three Quarter at 1 ft/WhatsApp Image 2024-08-21 at 14.17.10 (1).jpeg,1771.0,243.0,32.231765480916714
67,38.24,43.0,53.44,56.0,58.0,60.44,63.68000000000001,65.0,68.16,71.0,74.0,76.88,77.12,79.0,81.0,83.0,84.08000000000001,85.32,87.0,88.0,89.0,89.0,91.0,91.0,92.0,93.24000000000001,94.48000000000002,96.0,97.0,98.0,99.44,100.0,101.0,102.0,102.0,104.0,104.0,104.0,105.0,106.0,106.0,107.0,108.0,108.0,108.0,109.0,109.0,110.0,110.75999999999999,111.0,112.0,113.0,113.0,114.96000000000004,115.0,115.0,116.0,116.0,117.0,117.0,118.0,118.88,119.0,119.36000000000001,120.0,120.84000000000003,122.0,122.0,123.0,124.0,124.0,125.0,125.0,126.0,126.0,127.0,127.48000000000002,128.0,129.0,130.0,130.44000000000005,131.0,132.0,133.0,133.0,134.0,135.0,136.0,136.36,137.60000000000002,138.0,139.0,140.0,141.0,142.0,143.03999999999996,145.27999999999997,149.0,151.76,159.0,108.0,1000.4705882370472,1000.7176470756531,1000.839215695858,2000.0941176488996,2000.6156862974167,2000.811764717102,3000.137254908681,3000.501960813999,3000.690196096897,3001.0,184.39315795898438,192.07303771972656,196.89765319824218,200.57756958007812,203.76337432861328,206.6953857421875,209.6521423339844,213.0266845703125,217.63644714355468,346.0624694824219,238.96797,1.0,test_data/Useful/Validation/Three Quarter at 1 ft/WhatsApp Image 2024-08-21 at 14.17.10 (2).jpeg,1743.0,222.0,29.67578508711592
68,42.24,50.480000000000004,55.72,57.0,60.0,63.44,66.0,67.92,71.0,73.0,74.28,75.0,76.12,79.0,80.0,81.0,83.0,84.0,85.0,87.0,88.0,89.0,90.52000000000001,91.0,93.0,94.0,94.0,95.0,96.95999999999998,98.0,98.0,99.0,99.92000000000002,100.16000000000003,101.39999999999998,103.0,103.0,104.0,105.0,106.0,106.0,107.0,107.32,108.0,109.0,109.0,110.0,110.0,111.75999999999999,112.0,113.0,113.0,114.0,114.0,115.0,115.0,116.0,116.91999999999996,118.0,118.0,119.0,119.0,119.0,120.0,120.60000000000002,121.0,122.0,122.0,123.0,123.0,124.0,124.0,125.0,125.0,126.0,126.0,127.0,127.72000000000003,128.0,129.0,130.0,130.0,131.0,132.0,133.0,134.0,134.0,135.0,135.0,136.60000000000002,138.0,140.0,140.32000000000005,142.0,143.0,144.0,146.0,148.0,153.27999999999997,162.0,119.0,1000.4980392158031,1000.7294117808342,1000.8509804010391,2000.1921568661928,2000.6274510025978,2000.8156862854958,3000.1529411822557,3000.5098039507866,3000.690196096897,3001.0,184.38796997070312,192.01062622070313,196.77543182373046,200.47710571289062,203.6887969970703,206.65394287109373,209.61280364990233,212.97874450683594,217.62161254882812,346.05560302734375,239.54431,1.0,test_data/Useful/Validation/Three Quarter at 1 ft/WhatsApp Image 2024-08-21 at 14.17.10 (3).jpeg,1771.0,243.0,28.35732741448312
69,36.24,45.0,50.44,54.0,58.2,60.0,63.0,68.0,72.0,73.4,75.0,78.0,80.0,81.0,81.6,82.84,84.0,85.0,86.0,87.0,88.0,89.0,90.0,91.0,91.0,92.0,93.0,94.0,95.0,96.0,97.0,98.0,99.0,100.0,101.0,102.0,103.0,104.0,105.0,105.0,106.0,106.07999999999998,107.0,107.0,108.0,108.0,109.0,109.51999999999998,110.0,111.0,112.0,112.0,112.0,113.0,114.0,114.0,115.0,115.0,116.0,116.0,117.0,118.0,118.0,119.0,120.0,120.0,121.0,121.0,122.0,122.0,123.0,123.27999999999997,125.0,126.0,126.0,127.0,127.0,128.72000000000003,129.0,130.0,130.44000000000005,131.0,132.0,133.0,134.0,134.0,135.0,135.0,136.0,138.0,139.0,139.08000000000004,141.0,142.0,143.0,145.0,146.0,147.51999999999998,150.51999999999998,161.0,112.0,1000.4823529422283,1000.7215686440468,1000.8352941274643,2000.0274509806186,2000.5803921818733,2000.7960784435272,3000.117647059262,3000.501960813999,3000.690196096897,3001.0,184.59776153564454,192.2130310058594,196.97035217285156,200.6285400390625,203.78253173828125,206.7540740966797,209.73147583007812,213.05722045898438,217.62159729003906,346.09417724609375,239.4555,1.0,test_data/Useful/Validation/Three Quarter at 1 ft/WhatsApp Image 2024-08-21 at 14.17.10.jpeg,1725.0,241.0,24.994394875009558
70,42.480000000000004,50.480000000000004,55.72,60.0,61.0,63.44,66.0,68.84,72.0,73.4,76.0,77.0,78.12,80.0,81.0,82.0,84.0,85.0,86.56,87.80000000000001,88.0,89.0,90.0,91.0,92.0,93.0,94.0,95.0,96.0,97.0,97.44,98.0,99.0,99.16000000000003,100.0,101.0,101.0,102.0,103.0,104.0,104.83999999999997,105.0,106.0,107.0,107.0,108.0,108.0,109.0,109.75999999999999,110.0,111.0,111.0,112.0,112.0,113.0,113.0,114.0,115.0,116.0,117.0,117.0,118.0,119.0,119.0,120.0,121.0,121.0,122.0,123.0,123.0,124.0,124.0,125.0,126.0,126.0,127.0,128.0,128.0,129.0,130.0,130.0,131.0,132.0,132.0,133.0,134.0,134.0,135.0,137.0,137.0,139.0,140.0,141.0,142.0,144.0,144.03999999999996,146.0,149.0,151.76,161.0,124.0,1000.4745098054409,1000.7176470756531,1000.839215695858,2000.0823529437184,2000.6000000238419,2000.7960784435272,3000.1058823540807,3000.4941176474094,3000.6862745285034,3001.0,184.65286254882812,192.1144592285156,196.845556640625,200.50564575195312,203.72269439697266,206.68980102539064,209.65985717773438,212.98663330078125,217.60000610351562,346.04766845703125,240.21034,1.0,test_data/Useful/Validation/Three Quarter at 1 ft/WhatsApp Image 2024-08-21 at 14.17.11.jpeg,1699.0,224.0,33.468282210500774
71,42.480000000000004,50.480000000000004,55.72,60.0,61.0,63.44,66.0,68.84,72.0,73.4,76.0,77.0,78.12,80.0,81.0,82.0,84.0,85.0,86.56,87.80000000000001,88.0,89.0,90.0,91.0,92.0,93.0,94.0,95.0,96.0,97.0,97.44,98.0,99.0,99.16000000000003,100.0,101.0,101.0,102.0,103.0,104.0,104.83999999999997,105.0,106.0,107.0,107.0,108.0,108.0,109.0,109.75999999999999,110.0,111.0,111.0,112.0,112.0,113.0,113.0,114.0,115.0,116.0,117.0,117.0,118.0,119.0,119.0,120.0,121.0,121.0,122.0,123.0,123.0,124.0,124.0,125.0,126.0,126.0,127.0,128.0,128.0,129.0,130.0,130.0,131.0,132.0,132.0,133.0,134.0,134.0,135.0,137.0,137.0,139.0,140.0,141.0,142.0,144.0,144.03999999999996,146.0,149.0,151.76,161.0,124.0,1000.4745098054409,1000.7176470756531,1000.839215695858,2000.0823529437184,2000.6000000238419,2000.7960784435272,3000.1058823540807,3000.4941176474094,3000.6862745285034,3001.0,184.65286254882812,192.1144592285156,196.845556640625,200.50564575195312,203.72269439697266,206.68980102539064,209.65985717773438,212.98663330078125,217.60000610351562,346.04766845703125,240.21034,1.0,test_data/Useful/Validation/Three Quarter at 1 ft/WhatsApp Image 2024-08-21 at 14.17.14 (1).jpeg,1699.0,224.0,29.659786985699146
72,35.72,43.0,52.44,56.0,62.0,65.0,70.0,72.92,76.0,76.0,78.0,79.0,80.0,82.0,83.0,83.84,84.08000000000001,86.0,87.0,88.0,89.0,90.0,91.0,92.0,93.0,93.0,94.0,96.0,96.0,98.0,98.0,99.0,100.0,101.0,101.0,102.0,103.0,103.0,104.0,104.0,105.0,106.0,106.0,108.0,108.80000000000001,109.0,109.0,110.0,111.0,111.0,112.0,112.48000000000002,113.72000000000003,114.0,115.0,115.44000000000005,116.0,116.0,117.0,117.0,118.0,118.0,119.0,120.0,120.0,121.0,122.0,122.0,123.0,124.0,124.0,125.0,125.0,126.0,127.0,128.0,129.0,129.0,130.0,131.0,132.0,132.0,133.0,134.15999999999997,135.0,136.0,136.0,137.0,138.0,139.60000000000002,140.0,141.0,142.0,143.0,146.0,147.0,148.0,150.51999999999998,153.0,162.0,109.0,1000.4901960790157,1000.7294117808342,1000.8470588326454,2000.1686274558306,2000.6196078658104,2000.811764717102,3000.1529411822557,3000.5098039507866,3000.694117665291,3001.0,184.63381958007812,192.2091827392578,196.92535400390625,200.61434936523438,203.80675506591797,206.80413818359375,209.76302490234374,213.09896850585938,217.7108612060547,346.0356140136719,240.448,1.0,test_data/Useful/Validation/Three Quarter at 1 ft/WhatsApp Image 2024-08-21 at 14.17.14 (2).jpeg,1694.0,211.0,29.95173719759992
73,38.24,43.0,53.44,56.0,58.0,60.44,63.68000000000001,65.0,68.16,71.0,74.0,76.88,77.12,79.0,81.0,83.0,84.08000000000001,85.32,87.0,88.0,89.0,89.0,91.0,91.0,92.0,93.24000000000001,94.48000000000002,96.0,97.0,98.0,99.44,100.0,101.0,102.0,102.0,104.0,104.0,104.0,105.0,106.0,106.0,107.0,108.0,108.0,108.0,109.0,109.0,110.0,110.75999999999999,111.0,112.0,113.0,113.0,114.96000000000004,115.0,115.0,116.0,116.0,117.0,117.0,118.0,118.88,119.0,119.36000000000001,120.0,120.84000000000003,122.0,122.0,123.0,124.0,124.0,125.0,125.0,126.0,126.0,127.0,127.48000000000002,128.0,129.0,130.0,130.44000000000005,131.0,132.0,133.0,133.0,134.0,135.0,136.0,136.36,137.60000000000002,138.0,139.0,140.0,141.0,142.0,143.03999999999996,145.27999999999997,149.0,151.76,159.0,108.0,1000.4705882370472,1000.7176470756531,1000.839215695858,2000.0941176488996,2000.6156862974167,2000.811764717102,3000.137254908681,3000.501960813999,3000.690196096897,3001.0,184.39315795898438,192.07303771972656,196.89765319824218,200.57756958007812,203.76337432861328,206.6953857421875,209.6521423339844,213.0266845703125,217.63644714355468,346.0624694824219,238.96797,1.0,test_data/Useful/Validation/Three Quarter at 1 ft/WhatsApp Image 2024-08-21 at 14.17.14.jpeg,1743.0,222.0,31.04963226558649
74,35.72,43.0,52.44,56.0,62.0,65.0,70.0,72.92,76.0,76.0,78.0,79.0,80.0,82.0,83.0,83.84,84.08000000000001,86.0,87.0,88.0,89.0,90.0,91.0,92.0,93.0,93.0,94.0,96.0,96.0,98.0,98.0,99.0,100.0,101.0,101.0,102.0,103.0,103.0,104.0,104.0,105.0,106.0,106.0,108.0,108.80000000000001,109.0,109.0,110.0,111.0,111.0,112.0,112.48000000000002,113.72000000000003,114.0,115.0,115.44000000000005,116.0,116.0,117.0,117.0,118.0,118.0,119.0,120.0,120.0,121.0,122.0,122.0,123.0,124.0,124.0,125.0,125.0,126.0,127.0,128.0,129.0,129.0,130.0,131.0,132.0,132.0,133.0,134.15999999999997,135.0,136.0,136.0,137.0,138.0,139.60000000000002,140.0,141.0,142.0,143.0,146.0,147.0,148.0,150.51999999999998,153.0,162.0,109.0,1000.4901960790157,1000.7294117808342,1000.8470588326454,2000.1686274558306,2000.6196078658104,2000.811764717102,3000.1529411822557,3000.5098039507866,3000.694117665291,3001.0,184.63381958007812,192.2091827392578,196.92535400390625,200.61434936523438,203.80675506591797,206.80413818359375,209.76302490234374,213.09896850585938,217.7108612060547,346.0356140136719,240.448,1.0,test_data/Useful/Validation/Three Quarter at 1 ft/WhatsApp Image 2024-08-21 at 14.17.15 (1).jpeg,1694.0,211.0,34.466729418208175
75,40.24,43.480000000000004,46.72,53.96,59.0,61.0,65.04000000000002,67.92,70.0,72.4,74.0,75.0,77.12,79.0,81.0,82.84,85.0,87.0,87.0,88.0,89.0,90.28,91.0,92.0,93.0,94.24000000000001,95.48000000000002,96.72000000000003,97.0,97.0,98.0,99.0,99.92000000000002,100.0,101.0,101.0,102.0,102.12,103.36000000000001,104.0,104.0,105.0,106.0,106.56,108.0,109.0,109.0,110.0,110.0,110.0,111.0,112.0,112.0,113.0,114.0,115.0,115.0,115.91999999999996,117.0,117.0,118.0,118.0,119.0,119.0,120.0,120.0,121.0,121.0,122.0,122.0,123.0,124.0,124.0,125.0,125.0,126.0,127.0,127.0,128.0,129.0,130.0,131.0,131.0,132.0,132.0,133.0,133.0,135.0,136.0,137.0,138.0,139.0,140.32000000000005,141.55999999999995,142.0,144.0,145.27999999999997,148.0,151.76,158.0,97.0,1000.4980392158031,1000.7215686440468,1000.8313725590706,2000.1215686276555,2000.639215707779,2000.8235294222832,3000.215686276555,3000.533333361149,3000.6980392336845,3001.0,184.18610534667968,191.7596405029297,196.62369537353516,200.3579315185547,203.54467010498047,206.50086975097656,209.45731658935546,212.83252868652343,217.5073486328125,346.118408203125,240.32137,1.0,test_data/Useful/Validation/Three Quarter at 1 ft/WhatsApp Image 2024-08-21 at 14.17.15 (2).jpeg,1648.0,207.0,30.580956050637965
76,35.96,43.96,52.0,58.96,63.2,66.0,67.0,70.92,72.0,73.4,76.64,80.0,82.0,83.0,85.0,86.0,87.0,87.0,88.0,89.80000000000001,90.0,91.28,92.0,93.0,94.0,95.0,95.0,96.0,97.0,99.0,99.0,100.0,101.0,101.0,102.0,103.0,103.0,104.0,104.0,105.0,105.0,106.0,106.32,107.0,108.0,108.04000000000002,109.0,109.0,110.0,110.0,110.0,111.0,111.72000000000003,112.0,113.0,114.0,114.67999999999995,115.0,116.0,116.39999999999998,117.0,117.0,118.0,119.0,119.60000000000002,120.0,121.0,121.0,122.0,123.0,123.03999999999996,124.0,125.0,126.0,126.0,127.0,127.0,128.0,129.0,129.0,130.0,130.0,131.0,132.0,133.0,134.0,134.88,135.0,136.0,137.0,138.84000000000003,139.0,140.0,141.0,143.0,144.0,147.0,148.0,151.0,175.0,109.0,1000.4666666686535,1000.7137255072594,1000.8352941274643,2000.0470588244498,2000.5921568870544,2000.7921568751335,3000.090196080506,3000.4901960790157,3000.6823529601097,3001.0,184.58346557617188,192.18093872070312,196.94998168945312,200.6424102783203,203.80284118652344,206.7262451171875,209.6493927001953,213.0116729736328,217.61770935058593,346.0649108886719,239.07729,1.0,test_data/Useful/Validation/Three Quarter at 1 ft/WhatsApp Image 2024-08-21 at 14.17.15.jpeg,1729.0,218.0,28.96347321112078
77,35.480000000000004,43.0,50.879999999999995,53.0,58.0,61.44,62.68000000000001,65.0,67.16,69.4,71.64,73.88,75.12,77.0,78.0,80.0,82.0,83.0,84.0,85.0,85.0,86.28,87.0,88.0,90.0,90.0,91.0,93.0,93.0,94.0,94.44,95.0,95.92000000000002,96.0,97.0,98.0,98.0,100.0,100.0,101.0,101.83999999999997,102.0,103.0,104.0,104.80000000000001,105.0,105.27999999999997,106.0,106.0,107.0,108.0,108.0,109.0,109.96000000000004,110.0,110.0,111.0,112.0,112.15999999999997,113.0,113.63999999999999,115.0,115.0,116.0,116.60000000000002,117.0,118.0,119.0,120.0,121.0,122.0,122.0,123.0,124.0,125.0,125.0,126.0,127.0,127.0,128.0,128.44000000000005,129.0,130.0,131.0,131.0,132.0,132.0,133.0,134.0,135.0,135.84000000000003,137.08000000000004,138.0,139.55999999999995,140.79999999999995,143.03999999999996,145.27999999999997,147.51999999999998,151.0,171.0,106.0,1000.54509806633,1000.745098054409,1000.8549019694328,2000.2196078449488,2000.6313725709915,2000.8078431487083,3000.176470592618,3000.529411792755,3000.6980392336845,3001.0,184.25003051757812,191.88201904296875,196.6786346435547,200.3478271484375,203.54138946533203,206.43623046875,209.38521270751954,212.7666015625,217.41685485839844,346.0455627441406,240.44931,1.0,test_data/Useful/Validation/Three Quarter at 1 ft/WhatsApp Image 2024-08-21 at 14.17.17.jpeg,1701.0,256.0,30.920924373347713
78,35.480000000000004,43.0,50.879999999999995,53.0,58.0,61.44,62.68000000000001,65.0,67.16,69.4,71.64,73.88,75.12,77.0,78.0,80.0,82.0,83.0,84.0,85.0,85.0,86.28,87.0,88.0,90.0,90.0,91.0,93.0,93.0,94.0,94.44,95.0,95.92000000000002,96.0,97.0,98.0,98.0,100.0,100.0,101.0,101.83999999999997,102.0,103.0,104.0,104.80000000000001,105.0,105.27999999999997,106.0,106.0,107.0,108.0,108.0,109.0,109.96000000000004,110.0,110.0,111.0,112.0,112.15999999999997,113.0,113.63999999999999,115.0,115.0,116.0,116.60000000000002,117.0,118.0,119.0,120.0,121.0,122.0,122.0,123.0,124.0,125.0,125.0,126.0,127.0,127.0,128.0,128.44000000000005,129.0,130.0,131.0,131.0,132.0,132.0,133.0,134.0,135.0,135.84000000000003,137.08000000000004,138.0,139.55999999999995,140.79999999999995,143.03999999999996,145.27999999999997,147.51999999999998,151.0,171.0,106.0,1000.54509806633,1000.745098054409,1000.8549019694328,2000.2196078449488,2000.6313725709915,2000.8078431487083,3000.176470592618,3000.529411792755,3000.6980392336845,3001.0,184.25003051757812,191.88201904296875,196.6786346435547,200.3478271484375,203.54138946533203,206.43623046875,209.38521270751954,212.7666015625,217.41685485839844,346.0455627441406,240.44931,1.0,test_data/Useful/Validation/Three Quarter at 1 ft/WhatsApp Image 2024-08-21 at 14.17.18 (1).jpeg,1701.0,256.0,33.89030024988938
79,40.24,43.480000000000004,46.72,53.96,59.0,61.0,65.04000000000002,67.92,70.0,72.4,74.0,75.0,77.12,79.0,81.0,82.84,85.0,87.0,87.0,88.0,89.0,90.28,91.0,92.0,93.0,94.24000000000001,95.48000000000002,96.72000000000003,97.0,97.0,98.0,99.0,99.92000000000002,100.0,101.0,101.0,102.0,102.12,103.36000000000001,104.0,104.0,105.0,106.0,106.56,108.0,109.0,109.0,110.0,110.0,110.0,111.0,112.0,112.0,113.0,114.0,115.0,115.0,115.91999999999996,117.0,117.0,118.0,118.0,119.0,119.0,120.0,120.0,121.0,121.0,122.0,122.0,123.0,124.0,124.0,125.0,125.0,126.0,127.0,127.0,128.0,129.0,130.0,131.0,131.0,132.0,132.0,133.0,133.0,135.0,136.0,137.0,138.0,139.0,140.32000000000005,141.55999999999995,142.0,144.0,145.27999999999997,148.0,151.76,158.0,97.0,1000.4980392158031,1000.7215686440468,1000.8313725590706,2000.1215686276555,2000.639215707779,2000.8235294222832,3000.215686276555,3000.533333361149,3000.6980392336845,3001.0,184.18610534667968,191.7596405029297,196.62369537353516,200.3579315185547,203.54467010498047,206.50086975097656,209.45731658935546,212.83252868652343,217.5073486328125,346.118408203125,240.32137,1.0,test_data/Useful/Validation/Three Quarter at 1 ft/WhatsApp Image 2024-08-21 at 14.17.18.jpeg,1648.0,207.0,26.882302497874097
80,30.240000000000002,40.0,44.0,47.0,53.0,56.0,59.0,61.0,63.31999999999999,66.0,68.0,70.88,73.0,75.0,77.0,78.0,80.0,81.0,83.0,84.0,85.0,86.0,87.0,88.0,88.0,89.0,90.0,90.0,90.0,91.0,92.44,94.0,94.92000000000002,95.0,96.0,97.63999999999999,98.0,99.0,100.0,101.60000000000002,102.0,103.0,104.0,104.0,104.80000000000001,105.0,106.0,107.0,107.0,108.0,108.0,109.0,109.0,110.0,110.0,111.0,112.0,112.0,114.0,115.0,115.0,116.0,117.0,117.0,118.0,118.0,119.0,119.0,120.0,121.0,121.0,122.0,123.0,123.0,124.0,124.24000000000001,125.0,126.0,126.0,127.0,127.44000000000005,128.0,129.0,130.0,130.0,131.64,133.0,134.0,135.0,135.60000000000002,137.84000000000003,139.0,140.0,141.55999999999995,143.0,146.0,149.0,151.0,153.76,163.0,90.0,1000.5019608139992,1000.7098039388657,1000.8196078538895,2000.1647058874369,2000.8274509906769,3000.1686274558306,3000.4431372582912,3000.6078431606293,3000.7411764860153,3001.0,184.7057891845703,192.25656127929688,197.10040283203125,200.7398681640625,203.89834594726562,206.81048583984375,209.71878814697266,213.00851440429688,217.38046264648438,346.0386657714844,242.86096,1.0,test_data/Useful/Validation/Three Quarter at 1 ft/WhatsApp Image 2024-08-21 at 14.19.02 (1).jpeg,1776.0,249.0,29.422684183677003
81,30.240000000000002,40.0,44.0,47.0,53.0,56.0,59.0,61.0,63.31999999999999,66.0,68.0,70.88,73.0,75.0,77.0,78.0,80.0,81.0,83.0,84.0,85.0,86.0,87.0,88.0,88.0,89.0,90.0,90.0,90.0,91.0,92.44,94.0,94.92000000000002,95.0,96.0,97.63999999999999,98.0,99.0,100.0,101.60000000000002,102.0,103.0,104.0,104.0,104.80000000000001,105.0,106.0,107.0,107.0,108.0,108.0,109.0,109.0,110.0,110.0,111.0,112.0,112.0,114.0,115.0,115.0,116.0,117.0,117.0,118.0,118.0,119.0,119.0,120.0,121.0,121.0,122.0,123.0,123.0,124.0,124.24000000000001,125.0,126.0,126.0,127.0,127.44000000000005,128.0,129.0,130.0,130.0,131.64,133.0,134.0,135.0,135.60000000000002,137.84000000000003,139.0,140.0,141.55999999999995,143.0,146.0,149.0,151.0,153.76,163.0,90.0,1000.5019608139992,1000.7098039388657,1000.8196078538895,2000.1647058874369,2000.8274509906769,3000.1686274558306,3000.4431372582912,3000.6078431606293,3000.7411764860153,3001.0,184.7057891845703,192.25656127929688,197.10040283203125,200.7398681640625,203.89834594726562,206.81048583984375,209.71878814697266,213.00851440429688,217.38046264648438,346.0386657714844,242.86096,1.0,test_data/Useful/Validation/Three Quarter at 1 ft/WhatsApp Image 2024-08-21 at 14.19.02.jpeg,1776.0,249.0,25.961982316116007
82,38.24,45.480000000000004,48.72,53.0,58.2,62.44,66.0,67.0,70.0,71.0,71.64,73.0,75.0,76.0,77.0,78.84,81.0,82.0,83.0,85.0,86.0,87.0,88.0,89.0,90.0,91.0,92.0,93.0,94.0,95.0,96.0,96.0,97.0,97.16000000000003,98.0,98.63999999999999,99.0,100.0,100.0,101.0,102.0,102.07999999999998,103.32,104.0,105.0,106.0,106.27999999999997,107.51999999999998,108.75999999999999,109.0,110.0,110.0,111.0,112.0,112.0,113.0,113.0,114.0,114.0,115.0,116.0,116.0,117.0,118.0,118.60000000000002,119.0,120.0,120.0,121.0,121.0,121.03999999999996,122.0,122.0,123.0,124.0,124.0,125.0,125.0,125.0,126.0,127.0,128.0,129.0,130.0,131.0,132.0,133.0,134.0,134.36,135.0,136.0,137.0,139.0,140.0,141.0,143.0,145.0,146.0,149.76,161.0,125.0,1000.5019608139992,1000.7098039388657,1000.8196078538895,2000.031372550875,2000.7882353067398,3000.113725490868,3000.419607847929,3000.596078455448,3000.733333349228,3001.0,184.90235900878906,192.42330322265624,197.12646484375,200.8184051513672,203.9676513671875,206.9287536621094,209.87152099609375,213.05641174316406,217.54586791992188,346.03546142578125,242.3189,1.0,test_data/Useful/Validation/Three Quarter at 1 ft/WhatsApp Image 2024-08-21 at 14.19.03 (1).jpeg,1805.0,263.0,30.2441840618708
83,38.24,45.480000000000004,48.72,53.0,58.2,62.44,66.0,67.0,70.0,71.0,71.64,73.0,75.0,76.0,77.0,78.84,81.0,82.0,83.0,85.0,86.0,87.0,88.0,89.0,90.0,91.0,92.0,93.0,94.0,95.0,96.0,96.0,97.0,97.16000000000003,98.0,98.63999999999999,99.0,100.0,100.0,101.0,102.0,102.07999999999998,103.32,104.0,105.0,106.0,106.27999999999997,107.51999999999998,108.75999999999999,109.0,110.0,110.0,111.0,112.0,112.0,113.0,113.0,114.0,114.0,115.0,116.0,116.0,117.0,118.0,118.60000000000002,119.0,120.0,120.0,121.0,121.0,121.03999999999996,122.0,122.0,123.0,124.0,124.0,125.0,125.0,125.0,126.0,127.0,128.0,129.0,130.0,131.0,132.0,133.0,134.0,134.36,135.0,136.0,137.0,139.0,140.0,141.0,143.0,145.0,146.0,149.76,161.0,125.0,1000.5019608139992,1000.7098039388657,1000.8196078538895,2000.031372550875,2000.7882353067398,3000.113725490868,3000.419607847929,3000.596078455448,3000.733333349228,3001.0,184.90235900878906,192.42330322265624,197.12646484375,200.8184051513672,203.9676513671875,206.9287536621094,209.87152099609375,213.05641174316406,217.54586791992188,346.03546142578125,242.3189,1.0,test_data/Useful/Validation/Three Quarter at 1 ft/WhatsApp Image 2024-08-21 at 14.19.03 (2).jpeg,1805.0,263.0,34.97767776863902
84,36.480000000000004,45.0,49.0,53.0,56.2,58.44,60.0,62.92,65.0,65.4,67.0,68.88,70.12,72.0,73.6,75.0,77.0,79.0,80.0,80.0,82.0,82.28,84.0,85.0,86.0,86.24000000000001,87.0,89.0,89.0,91.0,91.0,92.0,92.92000000000002,93.16000000000003,94.0,95.0,95.0,96.12,98.0,99.0,100.0,100.0,102.0,103.0,104.0,104.0,105.0,105.0,106.0,107.0,107.0,108.0,108.72000000000003,109.0,110.0,110.0,111.0,111.0,112.0,113.0,113.63999999999999,115.0,115.0,116.0,117.0,117.0,118.0,119.0,120.0,120.79999999999995,121.0,122.0,122.0,123.0,124.0,124.0,125.0,125.0,126.0,127.0,128.0,129.0,129.0,130.0,130.39999999999998,132.0,132.0,133.0,134.0,135.60000000000002,137.0,138.0,140.32000000000005,141.55999999999995,143.0,145.0,146.0,147.0,151.76,156.0,105.0,1000.4823529422283,1000.7019608020782,1000.811764717102,1001.0,2000.7803921699524,3000.117647059262,3000.4156862795353,3000.5921568870544,3000.729411780834,3001.0,184.622314453125,192.30421142578126,197.05335845947266,200.79375,203.89359283447266,206.87835998535155,209.81409454345703,213.02996826171875,217.4739990234375,346.02685546875,242.00204,1.0,test_data/Useful/Validation/Three Quarter at 1 ft/WhatsApp Image 2024-08-21 at 14.19.03 (3).jpeg,1835.0,230.0,27.690679524277193
85,36.480000000000004,45.0,49.0,53.0,56.2,58.44,60.0,62.92,65.0,65.4,67.0,68.88,70.12,72.0,73.6,75.0,77.0,79.0,80.0,80.0,82.0,82.28,84.0,85.0,86.0,86.24000000000001,87.0,89.0,89.0,91.0,91.0,92.0,92.92000000000002,93.16000000000003,94.0,95.0,95.0,96.12,98.0,99.0,100.0,100.0,102.0,103.0,104.0,104.0,105.0,105.0,106.0,107.0,107.0,108.0,108.72000000000003,109.0,110.0,110.0,111.0,111.0,112.0,113.0,113.63999999999999,115.0,115.0,116.0,117.0,117.0,118.0,119.0,120.0,120.79999999999995,121.0,122.0,122.0,123.0,124.0,124.0,125.0,125.0,126.0,127.0,128.0,129.0,129.0,130.0,130.39999999999998,132.0,132.0,133.0,134.0,135.60000000000002,137.0,138.0,140.32000000000005,141.55999999999995,143.0,145.0,146.0,147.0,151.76,156.0,105.0,1000.4823529422283,1000.7019608020782,1000.811764717102,1001.0,2000.7803921699524,3000.117647059262,3000.4156862795353,3000.5921568870544,3000.729411780834,3001.0,184.622314453125,192.30421142578126,197.05335845947266,200.79375,203.89359283447266,206.87835998535155,209.81409454345703,213.02996826171875,217.4739990234375,346.02685546875,242.00204,1.0,test_data/Useful/Validation/Three Quarter at 1 ft/WhatsApp Image 2024-08-21 at 14.19.03.jpeg,1835.0,230.0,30.079182583083103
86,36.480000000000004,41.480000000000004,46.72,50.0,52.2,57.0,59.0,63.0,64.0,64.4,67.0,68.0,69.12,71.0,72.6,74.0,76.0,78.0,79.0,80.0,81.0,82.28,84.0,85.75999999999999,87.0,87.24000000000001,89.0,90.0,91.0,91.0,93.0,93.0,93.0,94.0,95.0,96.0,96.0,97.0,98.0,99.60000000000002,100.0,101.0,102.0,102.56,104.0,105.0,106.0,106.51999999999998,107.0,108.0,108.24000000000001,109.0,110.0,111.0,111.0,112.0,112.0,114.0,114.0,114.39999999999998,116.0,116.0,117.0,117.36000000000001,118.0,119.0,119.08000000000004,120.0,121.0,122.0,122.03999999999996,123.0,124.0,125.0,125.0,126.0,127.0,128.0,129.0,130.0,131.0,131.0,132.0,133.0,133.39999999999998,134.64,136.0,137.0,138.0,138.0,140.0,141.0,142.32000000000005,143.0,144.0,145.0,146.27999999999997,148.0,151.0,168.0,114.0,1000.5137255191803,1000.7215686440468,1000.8313725590706,2000.3882353007793,2000.811764717102,3000.137254908681,3000.4274509847164,3000.596078455448,3000.729411780834,3001.0,184.6771499633789,192.24888610839844,196.99593505859374,200.65961608886718,203.7621612548828,206.741943359375,209.68685913085938,212.94419860839844,217.37403869628906,346.0036926269531,243.18108,1.0,test_data/Useful/Validation/Three Quarter at 1 ft/WhatsApp Image 2024-08-21 at 14.19.04 (1).jpeg,1726.0,213.0,31.56478958227175
87,36.480000000000004,41.480000000000004,46.72,50.0,52.2,57.0,59.0,63.0,64.0,64.4,67.0,68.0,69.12,71.0,72.6,74.0,76.0,78.0,79.0,80.0,81.0,82.28,84.0,85.75999999999999,87.0,87.24000000000001,89.0,90.0,91.0,91.0,93.0,93.0,93.0,94.0,95.0,96.0,96.0,97.0,98.0,99.60000000000002,100.0,101.0,102.0,102.56,104.0,105.0,106.0,106.51999999999998,107.0,108.0,108.24000000000001,109.0,110.0,111.0,111.0,112.0,112.0,114.0,114.0,114.39999999999998,116.0,116.0,117.0,117.36000000000001,118.0,119.0,119.08000000000004,120.0,121.0,122.0,122.03999999999996,123.0,124.0,125.0,125.0,126.0,127.0,128.0,129.0,130.0,131.0,131.0,132.0,133.0,133.39999999999998,134.64,136.0,137.0,138.0,138.0,140.0,141.0,142.32000000000005,143.0,144.0,145.0,146.27999999999997,148.0,151.0,168.0,114.0,1000.5137255191803,1000.7215686440468,1000.8313725590706,2000.3882353007793,2000.811764717102,3000.137254908681,3000.4274509847164,3000.596078455448,3000.729411780834,3001.0,184.6771499633789,192.24888610839844,196.99593505859374,200.65961608886718,203.7621612548828,206.741943359375,209.68685913085938,212.94419860839844,217.37403869628906,346.0036926269531,243.18108,1.0,test_data/Useful/Validation/Three Quarter at 1 ft/WhatsApp Image 2024-08-21 at 14.19.04.jpeg,1726.0,213.0,31.257312322799557
88,20.0,38.480000000000004,43.72,49.0,53.400000000000006,58.44,61.68000000000001,63.0,65.0,67.0,69.0,70.0,72.12,74.0,75.6,78.0,79.0,80.0,81.56,82.80000000000001,83.0,84.0,85.0,86.0,87.0,88.0,89.0,90.0,91.0,91.0,92.0,93.0,93.92000000000002,94.16000000000003,96.0,98.0,98.0,99.0,99.0,100.0,100.0,101.0,102.0,103.0,103.0,104.0,105.0,105.0,105.75999999999999,106.0,107.0,107.0,108.0,109.0,109.20000000000005,111.0,111.67999999999995,112.0,113.0,113.0,114.0,114.0,115.0,115.0,116.0,117.0,118.0,119.0,119.0,119.79999999999995,120.0,121.0,121.0,122.0,122.0,123.0,124.0,125.0,125.0,127.0,128.0,128.0,129.0,129.0,130.0,131.0,132.0,133.0,134.0,134.60000000000002,136.0,137.0,138.0,139.0,140.79999999999995,143.0,146.0,148.0,149.0,160.0,119.0,1000.5098039507866,1000.7215686440468,1000.8352941274643,2000.474509805441,2000.8156862854958,3000.1411764770746,3000.43137255311,3000.596078455448,3000.729411780834,3001.0,184.59213256835938,192.2201385498047,197.01800079345702,200.6788757324219,203.82608032226562,206.76099243164063,209.72371520996094,212.97460327148437,217.43496551513672,346.0341796875,241.97278,1.0,test_data/Useful/Validation/Three Quarter at 1 ft/WhatsApp Image 2024-08-21 at 14.19.05.jpeg,1854.0,244.0,33.882290890260386
89,27.240000000000002,42.96,45.72,53.88,56.2,61.44,65.0,66.0,68.16,71.4,73.64,75.0,77.0,78.0,78.6,79.84,81.0,82.0,82.0,83.80000000000001,85.0,85.0,87.0,88.0,89.0,90.0,90.48000000000002,91.0,93.0,94.0,95.0,96.0,96.0,97.0,98.0,99.0,100.0,100.12,101.0,102.0,103.0,103.0,104.0,105.0,106.0,106.0,106.27999999999997,107.51999999999998,109.0,109.0,110.0,110.0,111.0,112.0,113.0,113.0,114.0,114.0,115.0,115.39999999999998,116.63999999999999,117.0,117.0,118.0,119.0,120.0,121.0,121.0,122.0,122.0,123.0,123.0,123.0,124.0,124.0,125.0,126.0,126.0,127.0,128.0,128.0,129.0,129.91999999999996,130.0,130.0,131.0,132.0,134.0,135.36,137.0,138.0,139.0,140.0,141.0,142.0,144.0,146.0,149.51999999999998,153.0,156.0,123.0,1000.5058823823929,1000.7176470756531,1000.8313725590706,2000.3960784375668,2000.866666674614,3000.2000000029802,3000.458823531866,3000.6156862974167,3000.7411764860153,3001.0,184.9289123535156,192.52385864257812,197.26651000976562,200.87644958496094,203.97662353515625,206.93524169921875,209.8804931640625,213.1493377685547,217.5103759765625,345.97808837890625,242.39066,1.0,test_data/Useful/Validation/Three Quarter at 1 ft/WhatsApp Image 2024-08-21 at 14.19.06 (1).jpeg,1746.0,227.0,28.68420269557533
90,27.240000000000002,42.96,45.72,53.88,56.2,61.44,65.0,66.0,68.16,71.4,73.64,75.0,77.0,78.0,78.6,79.84,81.0,82.0,82.0,83.80000000000001,85.0,85.0,87.0,88.0,89.0,90.0,90.48000000000002,91.0,93.0,94.0,95.0,96.0,96.0,97.0,98.0,99.0,100.0,100.12,101.0,102.0,103.0,103.0,104.0,105.0,106.0,106.0,106.27999999999997,107.51999999999998,109.0,109.0,110.0,110.0,111.0,112.0,113.0,113.0,114.0,114.0,115.0,115.39999999999998,116.63999999999999,117.0,117.0,118.0,119.0,120.0,121.0,121.0,122.0,122.0,123.0,123.0,123.0,124.0,124.0,125.0,126.0,126.0,127.0,128.0,128.0,129.0,129.91999999999996,130.0,130.0,131.0,132.0,134.0,135.36,137.0,138.0,139.0,140.0,141.0,142.0,144.0,146.0,149.51999999999998,153.0,156.0,123.0,1000.5058823823929,1000.7176470756531,1000.8313725590706,2000.3960784375668,2000.866666674614,3000.2000000029802,3000.458823531866,3000.6156862974167,3000.7411764860153,3001.0,184.9289123535156,192.52385864257812,197.26651000976562,200.87644958496094,203.97662353515625,206.93524169921875,209.8804931640625,213.1493377685547,217.5103759765625,345.97808837890625,242.39066,1.0,test_data/Useful/Validation/Three Quarter at 1 ft/WhatsApp Image 2024-08-21 at 14.19.06 (2).jpeg,1746.0,227.0,28.104103298911106
91,35.0,39.96,46.44,51.96,56.0,59.0,62.68000000000001,66.84,70.0,71.4,72.64,73.0,75.12,77.0,77.0,78.84,80.0,81.32,82.0,83.0,84.03999999999999,85.28,86.0,87.0,88.0,89.0,89.0,90.0,91.0,92.0,93.0,94.0,94.0,95.0,96.0,97.0,98.0,99.0,99.0,100.0,100.0,101.0,102.0,103.0,103.80000000000001,104.04000000000002,105.0,105.0,106.0,107.0,107.24000000000001,108.0,109.0,110.0,110.0,111.0,112.0,112.91999999999996,113.0,114.0,114.0,115.0,115.0,116.36000000000001,118.0,118.0,119.0,119.0,120.0,120.0,121.0,122.0,123.0,123.0,124.0,124.0,125.0,125.0,126.0,126.20000000000005,127.0,128.0,129.0,130.0,131.0,132.64,134.0,134.12,135.36,136.0,137.0,139.0,140.0,141.0,142.0,143.0,144.0,146.0,150.0,158.0,105.0,1000.4941176474094,1000.7098039388657,1000.8235294222832,2000.2784313857555,2000.8039215803146,3000.133333340287,3000.4235294163227,3000.596078455448,3000.729411780834,3001.0,184.81360626220703,192.3145751953125,197.04867553710938,200.8017120361328,203.9541473388672,206.8772186279297,209.83492889404297,213.07431030273438,217.54312133789062,346.00616455078125,240.47075,1.0,test_data/Useful/Validation/Three Quarter at 1 ft/WhatsApp Image 2024-08-21 at 14.19.06.jpeg,1805.0,272.0,27.810213603172528
92,29.240000000000002,40.0,46.0,51.0,53.0,54.44,58.0,63.92,65.0,66.4,67.0,70.88,72.0,74.0,75.6,76.84,78.08000000000001,80.0,81.56,83.0,85.0,86.0,87.0,89.0,91.0,92.0,92.48000000000002,95.0,95.0,96.0,97.0,98.0,99.0,99.0,100.0,101.0,101.88,103.0,103.36000000000001,104.0,104.0,105.0,106.0,107.0,107.0,108.0,108.27999999999997,109.0,110.0,110.0,111.0,112.0,112.72000000000003,113.0,115.0,115.0,115.67999999999995,116.0,117.0,118.0,118.0,118.0,119.0,120.0,121.0,121.84000000000003,122.0,122.0,123.0,124.0,125.0,126.0,126.51999999999998,127.0,127.0,128.0,129.0,129.0,130.0,131.0,131.0,132.0,132.91999999999996,133.0,134.0,134.0,135.0,136.0,136.36,137.0,138.0,139.0,141.0,141.55999999999995,143.0,145.0,149.0,152.51999999999998,154.51999999999998,164.0,122.0,1000.4901960790157,1000.7098039388657,1000.8196078538895,2000.2352941185236,2000.8039215803146,3000.1411764770746,3000.4274509847164,3000.596078455448,3000.733333349228,3001.0,184.55253143310546,192.18869018554688,196.98062591552736,200.687255859375,203.84722900390625,206.79562377929688,209.73379516601562,213.03353881835938,217.45745849609375,346.0230712890625,242.3641,1.0,test_data/Useful/Validation/Three Quarter at 1 ft/WhatsApp Image 2024-08-21 at 14.19.07 (1).jpeg,1724.0,217.0,30.547475732512392
93,29.240000000000002,40.0,46.0,51.0,53.0,54.44,58.0,63.92,65.0,66.4,67.0,70.88,72.0,74.0,75.6,76.84,78.08000000000001,80.0,81.56,83.0,85.0,86.0,87.0,89.0,91.0,92.0,92.48000000000002,95.0,95.0,96.0,97.0,98.0,99.0,99.0,100.0,101.0,101.88,103.0,103.36000000000001,104.0,104.0,105.0,106.0,107.0,107.0,108.0,108.27999999999997,109.0,110.0,110.0,111.0,112.0,112.72000000000003,113.0,115.0,115.0,115.67999999999995,116.0,117.0,118.0,118.0,118.0,119.0,120.0,121.0,121.84000000000003,122.0,122.0,123.0,124.0,125.0,126.0,126.51999999999998,127.0,127.0,128.0,129.0,129.0,130.0,131.0,131.0,132.0,132.91999999999996,133.0,134.0,134.0,135.0,136.0,136.36,137.0,138.0,139.0,141.0,141.55999999999995,143.0,145.0,149.0,152.51999999999998,154.51999999999998,164.0,122.0,1000.4901960790157,1000.7098039388657,1000.8196078538895,2000.2352941185236,2000.8039215803146,3000.1411764770746,3000.4274509847164,3000.596078455448,3000.733333349228,3001.0,184.55253143310546,192.18869018554688,196.98062591552736,200.687255859375,203.84722900390625,206.79562377929688,209.73379516601562,213.03353881835938,217.45745849609375,346.0230712890625,242.3641,1.0,test_data/Useful/Validation/Three Quarter at 1 ft/WhatsApp Image 2024-08-21 at 14.19.07 (2).jpeg,1724.0,217.0,29.00125176356906
94,32.24,39.480000000000004,45.0,49.0,52.0,55.44,59.0,60.0,64.0,65.0,67.0,68.88,71.0,72.0,75.0,75.84,77.0,78.0,80.0,80.80000000000001,82.0,83.28,84.0,86.0,86.0,87.0,88.0,88.0,89.0,91.0,92.0,93.0,94.0,94.16000000000003,95.0,96.0,97.88,99.0,99.0,100.0,101.0,102.0,103.0,103.0,104.0,105.0,105.27999999999997,106.0,106.75999999999999,107.0,108.0,109.0,110.0,110.0,110.0,111.0,112.0,112.0,113.0,114.0,114.63999999999999,115.0,116.0,116.0,117.0,117.0,117.08000000000004,118.0,119.0,120.0,120.0,121.0,122.0,122.75999999999999,124.0,124.0,125.0,125.72000000000003,126.0,127.0,128.0,128.0,129.0,130.0,131.39999999999998,133.0,134.0,134.12,135.36,136.0,137.0,138.0,139.0,140.55999999999995,141.0,142.0,144.27999999999997,146.0,148.0,164.0,110.0,1000.5019608139992,1000.7137255072594,1000.8196078538895,1001.0,2000.8156862854958,3000.164705887437,3000.4509803950787,3000.6156862974167,3000.7411764860153,3001.0,184.7080078125,192.23318481445312,196.9167938232422,200.63649291992186,203.83478546142578,206.7353515625,209.65719604492188,212.95106506347656,217.40145874023438,345.9512939453125,243.7246,1.0,test_data/Useful/Validation/Three Quarter at 1 ft/WhatsApp Image 2024-08-21 at 14.19.07.jpeg,1760.0,259.0,29.424092784836102
95,34.480000000000004,43.480000000000004,50.0,56.0,59.2,64.0,67.0,68.92,70.0,71.4,72.64,76.88,79.12,81.0,82.6,84.0,85.0,86.0,87.0,87.80000000000001,89.0,89.0,90.0,91.0,92.0,93.0,95.0,95.0,96.0,97.0,98.0,99.0,99.0,100.0,101.0,101.0,102.0,103.0,104.0,104.0,105.0,106.0,106.0,106.56,107.0,108.0,108.0,109.0,109.0,110.0,110.24000000000001,111.0,112.0,113.0,113.0,114.0,114.0,115.0,115.0,116.0,116.0,117.0,117.0,118.0,119.0,119.0,119.08000000000004,120.0,120.0,121.0,122.0,122.0,123.0,124.0,125.0,126.0,126.0,127.0,127.0,129.0,130.0,130.0,131.0,132.0,132.39999999999998,133.0,134.0,136.0,137.0,138.0,138.0,140.0,141.0,142.0,144.0,146.0,148.0,149.51999999999998,153.0,162.0,116.0,1000.4901960790157,1000.705882370472,1000.8196078538895,2000.1960784345865,2000.784313738346,3000.117647059262,3000.4156862795353,3000.5921568870544,3000.729411780834,3001.0,184.76315307617188,192.16253662109375,196.9949188232422,200.73733520507812,203.90805053710938,206.81219482421875,209.755859375,213.04946899414062,217.50360107421875,346.0376281738281,242.14456,1.0,test_data/Useful/Validation/Three Quarter at 1 ft/WhatsApp Image 2024-08-21 at 14.19.08 (1).jpeg,1728.0,224.0,27.32174707316023
96,32.24,39.480000000000004,45.0,49.0,52.0,55.44,59.0,60.0,64.0,65.0,67.0,68.88,71.0,72.0,75.0,75.84,77.0,78.0,80.0,80.80000000000001,82.0,83.28,84.0,86.0,86.0,87.0,88.0,88.0,89.0,91.0,92.0,93.0,94.0,94.16000000000003,95.0,96.0,97.88,99.0,99.0,100.0,101.0,102.0,103.0,103.0,104.0,105.0,105.27999999999997,106.0,106.75999999999999,107.0,108.0,109.0,110.0,110.0,110.0,111.0,112.0,112.0,113.0,114.0,114.63999999999999,115.0,116.0,116.0,117.0,117.0,117.08000000000004,118.0,119.0,120.0,120.0,121.0,122.0,122.75999999999999,124.0,124.0,125.0,125.72000000000003,126.0,127.0,128.0,128.0,129.0,130.0,131.39999999999998,133.0,134.0,134.12,135.36,136.0,137.0,138.0,139.0,140.55999999999995,141.0,142.0,144.27999999999997,146.0,148.0,164.0,110.0,1000.5019608139992,1000.7137255072594,1000.8196078538895,1001.0,2000.8156862854958,3000.164705887437,3000.4509803950787,3000.6156862974167,3000.7411764860153,3001.0,184.7080078125,192.23318481445312,196.9167938232422,200.63649291992186,203.83478546142578,206.7353515625,209.65719604492188,212.95106506347656,217.40145874023438,345.9512939453125,243.7246,1.0,test_data/Useful/Validation/Three Quarter at 1 ft/WhatsApp Image 2024-08-21 at 14.19.08.jpeg,1760.0,259.0,37.39532663830888
97,20.0,38.480000000000004,43.72,49.0,53.400000000000006,58.44,61.68000000000001,63.0,65.0,67.0,69.0,70.0,72.12,74.0,75.6,78.0,79.0,80.0,81.56,82.80000000000001,83.0,84.0,85.0,86.0,87.0,88.0,89.0,90.0,91.0,91.0,92.0,93.0,93.92000000000002,94.16000000000003,96.0,98.0,98.0,99.0,99.0,100.0,100.0,101.0,102.0,103.0,103.0,104.0,105.0,105.0,105.75999999999999,106.0,107.0,107.0,108.0,109.0,109.20000000000005,111.0,111.67999999999995,112.0,113.0,113.0,114.0,114.0,115.0,115.0,116.0,117.0,118.0,119.0,119.0,119.79999999999995,120.0,121.0,121.0,122.0,122.0,123.0,124.0,125.0,125.0,127.0,128.0,128.0,129.0,129.0,130.0,131.0,132.0,133.0,134.0,134.60000000000002,136.0,137.0,138.0,139.0,140.79999999999995,143.0,146.0,148.0,149.0,160.0,119.0,1000.5098039507866,1000.7215686440468,1000.8352941274643,2000.474509805441,2000.8156862854958,3000.1411764770746,3000.43137255311,3000.596078455448,3000.729411780834,3001.0,184.59213256835938,192.2201385498047,197.01800079345702,200.6788757324219,203.82608032226562,206.76099243164063,209.72371520996094,212.97460327148437,217.43496551513672,346.0341796875,241.97278,1.0,test_data/Useful/Validation/Three Quarter at 1 ft/WhatsApp Image 2024-08-21 at 14.19.27 (1).jpeg,1854.0,244.0,30.398324848101822
98,34.480000000000004,43.480000000000004,50.0,56.0,59.2,64.0,67.0,68.92,70.0,71.4,72.64,76.88,79.12,81.0,82.6,84.0,85.0,86.0,87.0,87.80000000000001,89.0,89.0,90.0,91.0,92.0,93.0,95.0,95.0,96.0,97.0,98.0,99.0,99.0,100.0,101.0,101.0,102.0,103.0,104.0,104.0,105.0,106.0,106.0,106.56,107.0,108.0,108.0,109.0,109.0,110.0,110.24000000000001,111.0,112.0,113.0,113.0,114.0,114.0,115.0,115.0,116.0,116.0,117.0,117.0,118.0,119.0,119.0,119.08000000000004,120.0,120.0,121.0,122.0,122.0,123.0,124.0,125.0,126.0,126.0,127.0,127.0,129.0,130.0,130.0,131.0,132.0,132.39999999999998,133.0,134.0,136.0,137.0,138.0,138.0,140.0,141.0,142.0,144.0,146.0,148.0,149.51999999999998,153.0,162.0,116.0,1000.4901960790157,1000.705882370472,1000.8196078538895,2000.1960784345865,2000.784313738346,3000.117647059262,3000.4156862795353,3000.5921568870544,3000.729411780834,3001.0,184.76315307617188,192.16253662109375,196.9949188232422,200.73733520507812,203.90805053710938,206.81219482421875,209.755859375,213.04946899414062,217.50360107421875,346.0376281738281,242.14456,1.0,test_data/Useful/Validation/Three Quarter at 1 ft/WhatsApp Image 2024-08-21 at 14.19.27.jpeg,1728.0,224.0,29.408021925396135
99,32.72,42.480000000000004,49.44,52.96,59.400000000000006,63.0,64.0,66.92,68.0,69.0,71.0,72.88,74.0,76.0,77.0,78.0,80.0,82.32,85.0,85.80000000000001,87.0,88.0,88.0,89.75999999999999,90.0,91.24000000000001,92.0,94.0,94.0,95.0,96.0,96.68,97.0,98.0,99.0,100.0,101.0,102.0,102.36000000000001,103.0,103.83999999999997,105.0,105.0,105.56,106.0,107.0,108.0,109.0,110.0,111.0,112.0,112.0,113.0,114.0,114.0,115.0,115.67999999999995,116.0,117.0,117.0,118.0,118.0,119.0,120.0,121.0,122.0,122.0,123.0,123.0,124.0,125.0,125.0,126.0,126.0,127.0,128.0,129.0,129.0,130.0,131.0,131.0,132.0,133.0,133.0,134.0,135.0,136.0,138.0,138.0,139.60000000000002,140.0,142.0,143.0,144.0,145.0,146.03999999999996,148.27999999999997,152.0,155.76,163.0,105.0,1000.517647087574,1000.7254902124405,1000.839215695858,2000.4549019634724,2000.8235294222832,3000.1450980454683,3000.43137255311,3000.600000023842,3000.7372549176216,3001.0,184.66476287841797,192.24420776367188,196.97998809814453,200.7210235595703,203.86080169677734,206.82282104492188,209.7711944580078,213.01248168945312,217.42735290527344,345.9961242675781,242.5314,1.0,test_data/Useful/Validation/Three Quarter at 1 ft/WhatsApp Image 2024-08-21 at 14.19.28.jpeg,1625.0,214.0,37.99543260018004
100,25.44,34.0,44.44,50.0,56.0,59.0,61.0,63.92,65.0,66.0,67.0,69.0,71.12,72.36000000000001,74.0,75.0,76.08000000000001,78.0,79.0,80.80000000000001,83.03999999999999,84.28,85.0,86.75999999999999,88.0,89.0,90.0,91.0,92.0,93.0,94.0,95.0,96.0,96.0,97.0,97.0,98.0,98.0,99.0,99.0,100.0,101.0,102.0,102.0,103.0,104.04000000000002,105.0,106.51999999999998,107.0,108.0,108.0,109.0,110.0,110.0,111.0,111.0,111.67999999999995,112.0,113.0,113.39999999999998,114.0,115.0,116.0,116.0,117.0,118.0,118.0,119.0,119.0,120.0,121.0,122.0,123.0,123.0,124.0,124.24000000000001,125.48000000000002,127.0,128.0,128.0,130.0,130.0,131.0,131.0,132.0,133.0,133.88,135.0,135.0,136.0,137.84000000000003,139.08000000000004,141.0,142.0,143.0,144.0,146.55999999999995,149.0,154.0,159.0,111.0,1000.4549019634724,1000.6941176652908,1000.8039215803146,1000.9411764740944,2000.6705882549286,3000.0352941192687,3000.3490196168423,3000.556862771511,3000.7137255072594,3001.0,184.64492797851562,192.1397705078125,196.95730590820312,200.59573364257812,203.75807189941406,206.69187927246094,209.65872192382812,212.93914794921875,217.49935913085938,345.8111877441406,241.58844,1.0,test_data/Useful/Validation/Three Quarter at 1 ft/WhatsApp Image 2024-08-21 at 14.19.49 (1).jpeg,1782.0,237.0,31.333504270397484
101,39.480000000000004,47.0,52.44,54.0,59.2,62.0,64.0,67.92,70.16,73.0,75.0,76.0,77.0,78.0,79.0,80.0,81.0,82.0,83.0,84.0,86.0,87.0,88.0,89.0,90.0,91.0,92.0,93.0,94.0,95.0,95.44,96.0,96.92000000000002,97.0,98.0,99.0,100.0,101.0,102.0,102.0,103.0,104.0,104.0,105.0,106.0,107.0,107.0,108.0,109.0,110.0,111.0,112.0,112.0,113.0,113.0,114.0,114.0,115.0,115.0,115.0,116.0,116.0,117.0,117.36000000000001,118.0,119.0,120.0,120.0,121.0,121.0,121.0,122.0,123.0,123.75999999999999,124.0,125.0,125.0,126.0,126.0,127.0,128.0,128.0,129.0,130.0,131.0,131.0,133.0,134.0,134.36,135.60000000000002,136.84000000000003,137.08000000000004,139.0,140.0,142.0,143.0,145.27999999999997,147.0,149.0,161.0,121.0,1000.4745098054409,1000.7098039388657,1000.8235294222832,2000.1098039224744,2000.7254902124405,3000.0352941192687,3000.3450980484486,3000.5529412031174,3000.7098039388657,3001.0,184.80463562011718,192.33505249023438,197.08340454101562,200.77011108398438,203.9423370361328,206.9236602783203,209.83902282714843,213.1125915527344,217.51785430908203,345.85614013671875,241.34796,1.0,test_data/Useful/Validation/Three Quarter at 1 ft/WhatsApp Image 2024-08-21 at 14.19.49 (2).jpeg,1735.0,235.0,28.513137541413183
102,35.0,41.0,47.44,50.96,56.0,57.44,60.360000000000014,62.0,65.0,66.4,69.0,70.0,71.0,73.0,75.0,77.0,78.0,79.0,80.0,82.0,83.0,84.0,86.0,87.0,88.0,89.0,90.0,92.0,93.0,94.0,94.0,96.0,96.0,97.0,98.0,98.0,99.0,101.0,101.0,102.0,102.83999999999997,103.0,104.0,105.0,105.0,106.0,107.0,107.0,108.0,109.0,109.0,110.0,111.0,111.0,112.0,113.0,114.0,115.0,115.0,116.0,116.0,117.0,117.0,118.0,118.0,119.0,119.0,120.0,120.55999999999995,121.0,121.0,122.0,122.0,123.0,124.0,125.0,126.0,127.0,127.0,128.0,128.0,129.0,130.0,130.0,131.0,132.0,133.0,134.0,135.36,136.0,137.0,138.08000000000004,139.32000000000005,141.0,142.0,143.0,146.0,147.51999999999998,151.0,159.0,121.0,1000.4784313738346,1000.705882370472,1000.811764717102,1000.9568627476692,2000.6980392336845,3000.043137256056,3000.368627458811,3000.568627476692,3000.721568644047,3001.0,184.82098388671875,192.29454040527344,197.08311462402344,200.77728271484375,203.9518585205078,206.88883361816406,209.8277587890625,213.11463928222656,217.5749969482422,345.8583068847656,241.3515,1.0,test_data/Useful/Validation/Three Quarter at 1 ft/WhatsApp Image 2024-08-21 at 14.19.49.jpeg,1781.0,222.0,31.653519347737156
103,34.72,48.0,50.0,56.0,58.0,60.0,62.0,64.0,66.16,69.0,70.0,71.0,73.0,76.0,76.6,78.84,80.0,82.0,83.0,84.80000000000001,86.0,87.0,88.0,88.75999999999999,90.0,90.0,91.0,92.0,93.0,94.0,95.0,96.0,96.0,96.16000000000003,98.0,98.63999999999999,100.0,100.12,101.0,102.0,102.0,103.0,104.0,105.0,105.80000000000001,106.0,106.0,107.0,107.0,109.0,109.24000000000001,110.0,110.0,111.0,111.0,112.0,112.67999999999995,113.0,113.15999999999997,114.0,115.0,115.0,116.12,117.0,118.0,118.0,118.08000000000004,119.0,120.0,121.0,121.0,122.0,122.51999999999998,123.0,123.0,124.0,125.0,126.0,127.0,128.0,129.0,129.0,130.0,131.0,132.0,133.0,134.0,135.0,135.36,136.0,137.0,138.0,139.0,140.0,142.0,143.0,144.0,147.51999999999998,150.0,158.0,118.0,1000.4941176474094,1000.7215686440468,1000.8352941274643,2000.2392156869173,2000.7137255072594,3000.0156862754375,3000.3176470696926,3000.5411764979362,3000.7019608020782,3001.0,184.67648315429688,192.21910095214844,196.97309112548828,200.626708984375,203.78466796875,206.70700073242188,209.68414306640625,213.0120849609375,217.46177673339844,345.80316162109375,243.59552,1.0,test_data/Useful/Validation/Three Quarter at 1 ft/WhatsApp Image 2024-08-21 at 14.19.50 (1).jpeg,1687.0,241.0,33.26479731922532
104,34.72,48.0,50.0,56.0,58.0,60.0,62.0,64.0,66.16,69.0,70.0,71.0,73.0,76.0,76.6,78.84,80.0,82.0,83.0,84.80000000000001,86.0,87.0,88.0,88.75999999999999,90.0,90.0,91.0,92.0,93.0,94.0,95.0,96.0,96.0,96.16000000000003,98.0,98.63999999999999,100.0,100.12,101.0,102.0,102.0,103.0,104.0,105.0,105.80000000000001,106.0,106.0,107.0,107.0,109.0,109.24000000000001,110.0,110.0,111.0,111.0,112.0,112.67999999999995,113.0,113.15999999999997,114.0,115.0,115.0,116.12,117.0,118.0,118.0,118.08000000000004,119.0,120.0,121.0,121.0,122.0,122.51999999999998,123.0,123.0,124.0,125.0,126.0,127.0,128.0,129.0,129.0,130.0,131.0,132.0,133.0,134.0,135.0,135.36,136.0,137.0,138.0,139.0,140.0,142.0,143.0,144.0,147.51999999999998,150.0,158.0,118.0,1000.4941176474094,1000.7215686440468,1000.8352941274643,2000.2392156869173,2000.7137255072594,3000.0156862754375,3000.3176470696926,3000.5411764979362,3000.7019608020782,3001.0,184.67648315429688,192.21910095214844,196.97309112548828,200.626708984375,203.78466796875,206.70700073242188,209.68414306640625,213.0120849609375,217.46177673339844,345.80316162109375,243.59552,1.0,test_data/Useful/Validation/Three Quarter at 1 ft/WhatsApp Image 2024-08-21 at 14.19.50.jpeg,1687.0,241.0,30.628121660564773
